2026-07-03 19:18:24,619 [INFO]   ingested 200/4917 files
2026-07-03 19:18:40,566 [INFO]   ingested 400/4917 files
2026-07-03 19:18:56,340 [INFO]   ingested 600/4917 files
2026-07-03 19:19:16,193 [INFO]   ingested 800/4917 files
2026-07-03 19:19:33,027 [INFO]   ingested 1000/4917 files
2026-07-03 19:19:51,970 [INFO]   ingested 1200/4917 files
2026-07-03 19:20:10,250 [INFO]   ingested 1400/4917 files
2026-07-03 19:20:30,814 [INFO]   ingested 1600/4917 files
2026-07-03 19:20:50,773 [INFO]   ingested 1800/4917 files
2026-07-03 19:21:07,045 [INFO]   ingested 2000/4917 files
2026-07-03 19:21:24,206 [INFO]   ingested 2200/4917 files
2026-07-03 19:21:40,116 [INFO]   ingested 2400/4917 files
2026-07-03 19:21:54,120 [INFO]   ingested 2600/4917 files
2026-07-03 19:22:07,964 [INFO]   ingested 2800/4917 files
2026-07-03 19:22:20,323 [INFO]   ingested 3000/4917 files
2026-07-03 19:22:32,112 [INFO]   ingested 3200/4917 files
2026-07-03 19:22:37,875 [INFO]   ingested 3400/4917 files
2026-07-03 19:22:42,895 [INFO]   ingested 3600/4917 files
2026-07-03 19:22:58,993 [INFO]   ingested 3800/4917 files
2026-07-03 19:23:16,451 [INFO]   ingested 4000/4917 files
2026-07-03 19:23:30,314 [INFO]   ingested 4200/4917 files
2026-07-03 19:23:50,585 [INFO]   ingested 4400/4917 files
2026-07-03 19:24:15,599 [INFO]   ingested 4600/4917 files
2026-07-03 19:24:34,572 [INFO]   ingested 4800/4917 files
2026-07-03 19:24:41,757 [INFO] Saved processed data → C:\scada\data\processed\Ferrara_E1_features.parquet
2026-07-03 19:24:46,655 [INFO] Invariant features: 982 windows × 49 features (channel-count-invariant)
2026-07-03 19:24:46,660 [INFO] Split: train=491, cal=98, test=393 (total=982)
2026-07-03 19:24:46,757 [INFO] Degradation onset detected at 2024-01-01 06:44:40
2026-07-03 19:24:46,759 [INFO] [E1] onset=2024-01-01 06:44:40  t_fail=2024-01-01 06:49:40  max_lead=0.1h
2026-07-03 19:24:46,994 [INFO] Loaded processed data ← C:\scada\data\processed\Ferrara_E1_features.parquet ((4917, 12))
2026-07-03 19:24:51,840 [INFO] Invariant features: 982 windows × 49 features (channel-count-invariant)
2026-07-03 19:24:51,841 [INFO] Split: train=491, cal=98, test=393 (total=982)
2026-07-03 19:24:54,777 [INFO] Threshold [percentile]: 0.451966
2026-07-03 19:24:54,782 [INFO] [RMS-Trend (kσ)] FAT=2024-01-01 06:47:30 | lead=0.04h | delay=0.05h | FAR_preonset=0.0% | valid=True
2026-07-03 19:24:54,784 [INFO] Threshold [percentile]: 2.485511
2026-07-03 19:24:54,786 [INFO] [3σ Rule (σ=3.0)] FAT=2024-01-01 06:44:35 | lead=0.08h | delay=n/a | FAR_preonset=0.3% | valid=True
2026-07-03 19:24:54,789 [INFO] Threshold [percentile]: 2.225106
2026-07-03 19:24:54,792 [INFO] [EWMA (λ=0.2, k=3.0)] FAT=2024-01-01 06:44:35 | lead=0.08h | delay=n/a | FAR_preonset=0.3% | valid=True
2026-07-03 19:24:54,795 [INFO] Threshold [percentile]: 79.288058
2026-07-03 19:24:54,799 [INFO] [CUSUM (k=0.5, h=5.0)] FAT=2024-01-01 06:45:25 | lead=0.07h | delay=0.01h | FAR_preonset=0.0% | valid=True
2026-07-03 19:24:54,837 [INFO] Threshold [percentile]: 37.821991
2026-07-03 19:24:54,841 [INFO] [Hotelling T²] FAT=2024-01-01 06:44:35 | lead=0.08h | delay=n/a | FAR_preonset=0.3% | valid=True
2026-07-03 19:24:56,104 [INFO] IsolationForest fitted on X=(491, 49)
2026-07-03 19:24:56,273 [INFO] Threshold [percentile]: 0.072100
2026-07-03 19:24:56,275 [INFO] [Isolation Forest] FAT=2024-01-01 06:44:35 | lead=0.08h | delay=n/a | FAR_preonset=0.3% | valid=True
2026-07-03 19:25:00,769 [INFO] Training Deep SVDD on cpu for 40 epochs ...
2026-07-03 19:25:01,255 [INFO]   Epoch [10/40] loss: 0.012947
2026-07-03 19:25:01,685 [INFO]   Epoch [20/40] loss: 0.007176
2026-07-03 19:25:02,353 [INFO]   Epoch [30/40] loss: 0.005028
2026-07-03 19:25:02,775 [INFO]   Epoch [40/40] loss: 0.004031
2026-07-03 19:25:02,786 [INFO] Threshold [percentile]: 0.650452
2026-07-03 19:25:02,790 [INFO] [Deep SVDD] FAT=None | lead=0.00h | delay=n/a | FAR_preonset=0.0% | valid=False
C:\scada\venv\Lib\site-packages\torch\nn\modules\rnn.py:1009: UserWarning: dropout option adds dropout after all but last recurrent layer, so non-zero dropout expects num_layers greater than 1, but got dropout=0.1 and num_layers=1
  super().__init__("LSTM", *args, **kwargs)
2026-07-03 19:25:02,807 [INFO] Training LSTM-AE on cpu for 50 epochs ...
2026-07-03 19:25:16,839 [INFO]   Epoch [10/50] loss: 0.017041
2026-07-03 19:25:28,040 [INFO]   Epoch [20/50] loss: 0.009979
2026-07-03 19:25:35,720 [INFO]   Epoch [30/50] loss: 0.007104
2026-07-03 19:25:43,185 [INFO]   Epoch [40/50] loss: 0.005368
2026-07-03 19:25:50,820 [INFO]   Epoch [50/50] loss: 0.004446
2026-07-03 19:25:51,099 [INFO] Threshold [percentile]: 0.010901
2026-07-03 19:25:51,101 [INFO] [LSTM-Autoencoder] FAT=2024-01-01 04:32:30 | lead=2.29h | delay=n/a | FAR_preonset=8.1% | valid=True
2026-07-03 19:25:51,130 [INFO] Training TCN-AE on cpu for 40 epochs ...
2026-07-03 19:26:03,630 [INFO]   Epoch [10/40] loss: 0.011860
2026-07-03 19:26:15,895 [INFO]   Epoch [20/40] loss: 0.005878
2026-07-03 19:26:28,400 [INFO]   Epoch [30/40] loss: 0.003766
2026-07-03 19:26:40,120 [INFO]   Epoch [40/40] loss: 0.002559
2026-07-03 19:26:40,374 [INFO] Threshold [percentile]: 0.004347
2026-07-03 19:26:40,380 [INFO] [TCN-Autoencoder] FAT=2024-01-01 04:32:05 | lead=2.29h | delay=n/a | FAR_preonset=30.4% | valid=False
2026-07-03 19:26:40,426 [INFO] Training Transformer-AD on cpu for 40 epochs ...
2026-07-03 19:26:51,642 [INFO]   Epoch [10/40] loss: 0.027619
2026-07-03 19:27:02,800 [INFO]   Epoch [20/40] loss: 0.015287
2026-07-03 19:27:13,802 [INFO]   Epoch [30/40] loss: 0.010242
2026-07-03 19:27:25,149 [INFO]   Epoch [40/40] loss: 0.007810
2026-07-03 19:27:25,323 [INFO] Threshold [percentile]: 0.017745
2026-07-03 19:27:25,330 [INFO] [Transformer-AD] FAT=2024-01-01 04:32:30 | lead=2.29h | delay=n/a | FAR_preonset=4.2% | valid=True
2026-07-03 19:27:25,345 [INFO] [E1] mode=aggregate factor=1 (~0 min) done
2026-07-03 19:27:25,408 [INFO] Loaded processed data ← C:\scada\data\processed\Ferrara_E1_features.parquet ((4917, 12))
2026-07-03 19:27:26,467 [INFO] Invariant features: 203 windows × 49 features (channel-count-invariant)
2026-07-03 19:27:26,471 [INFO] Split: train=101, cal=20, test=82 (total=203)
2026-07-03 19:27:26,522 [INFO] Threshold [percentile]: 0.719347
2026-07-03 19:27:26,524 [INFO] [RMS-Trend (kσ)] FAT=None | lead=0.00h | delay=n/a | FAR_preonset=0.0% | valid=False
2026-07-03 19:27:26,526 [INFO] Threshold [percentile]: 2.781110
2026-07-03 19:27:26,528 [INFO] [3σ Rule (σ=3.0)] FAT=None | lead=0.00h | delay=n/a | FAR_preonset=0.0% | valid=False
2026-07-03 19:27:26,530 [INFO] Threshold [percentile]: 1.914426
2026-07-03 19:27:26,531 [INFO] [EWMA (λ=0.2, k=3.0)] FAT=None | lead=0.00h | delay=n/a | FAR_preonset=0.0% | valid=False
2026-07-03 19:27:26,534 [INFO] Threshold [percentile]: 19.536760
2026-07-03 19:27:26,536 [INFO] [CUSUM (k=0.5, h=5.0)] FAT=None | lead=0.00h | delay=n/a | FAR_preonset=0.0% | valid=False
2026-07-03 19:27:26,548 [INFO] Threshold [percentile]: 43.219946
2026-07-03 19:27:26,549 [INFO] [Hotelling T²] FAT=None | lead=0.00h | delay=n/a | FAR_preonset=0.0% | valid=False
2026-07-03 19:27:27,359 [INFO] IsolationForest fitted on X=(101, 49)
2026-07-03 19:27:27,459 [INFO] Threshold [percentile]: 0.133773
2026-07-03 19:27:27,461 [INFO] [Isolation Forest] FAT=None | lead=0.00h | delay=n/a | FAR_preonset=0.0% | valid=False
2026-07-03 19:27:27,468 [INFO] Training Deep SVDD on cpu for 40 epochs ...
2026-07-03 19:27:27,561 [INFO]   Epoch [10/40] loss: 0.048065
2026-07-03 19:27:27,646 [INFO]   Epoch [20/40] loss: 0.026618
2026-07-03 19:27:27,773 [INFO]   Epoch [30/40] loss: 0.014130
2026-07-03 19:27:27,883 [INFO]   Epoch [40/40] loss: 0.010892
2026-07-03 19:27:27,887 [INFO] Threshold [percentile]: 0.659923
2026-07-03 19:27:27,890 [INFO] [Deep SVDD] FAT=None | lead=0.00h | delay=n/a | FAR_preonset=0.0% | valid=False
C:\scada\venv\Lib\site-packages\torch\nn\modules\rnn.py:1009: UserWarning: dropout option adds dropout after all but last recurrent layer, so non-zero dropout expects num_layers greater than 1, but got dropout=0.1 and num_layers=1
  super().__init__("LSTM", *args, **kwargs)
2026-07-03 19:27:27,905 [INFO] Training LSTM-AE on cpu for 50 epochs ...
2026-07-03 19:27:29,535 [INFO]   Epoch [10/50] loss: 0.049774
2026-07-03 19:27:31,116 [INFO]   Epoch [20/50] loss: 0.044929
2026-07-03 19:27:32,803 [INFO]   Epoch [30/50] loss: 0.033807
2026-07-03 19:27:34,139 [INFO]   Epoch [40/50] loss: 0.023544
2026-07-03 19:27:35,345 [INFO]   Epoch [50/50] loss: 0.018547
2026-07-03 19:27:35,452 [INFO] Threshold [percentile]: 0.042189
2026-07-03 19:27:35,454 [INFO] [LSTM-Autoencoder] FAT=None | lead=0.00h | delay=n/a | FAR_preonset=0.0% | valid=False
2026-07-03 19:27:35,465 [INFO] Training TCN-AE on cpu for 40 epochs ...
2026-07-03 19:27:37,439 [INFO]   Epoch [10/40] loss: 0.069653
2026-07-03 19:27:39,760 [INFO]   Epoch [20/40] loss: 0.034545
2026-07-03 19:27:42,051 [INFO]   Epoch [30/40] loss: 0.019819
2026-07-03 19:27:44,164 [INFO]   Epoch [40/40] loss: 0.015735
2026-07-03 19:27:44,264 [INFO] Threshold [percentile]: 0.032563
2026-07-03 19:27:44,266 [INFO] [TCN-Autoencoder] FAT=None | lead=0.00h | delay=n/a | FAR_preonset=0.0% | valid=False
2026-07-03 19:27:44,289 [INFO] Training Transformer-AD on cpu for 40 epochs ...
2026-07-03 19:27:46,138 [INFO]   Epoch [10/40] loss: 0.052424
2026-07-03 19:27:48,029 [INFO]   Epoch [20/40] loss: 0.050200
2026-07-03 19:27:49,978 [INFO]   Epoch [30/40] loss: 0.044777
2026-07-03 19:27:51,822 [INFO]   Epoch [40/40] loss: 0.035000
2026-07-03 19:27:51,853 [INFO] Threshold [percentile]: 0.084000
2026-07-03 19:27:51,855 [INFO] [Transformer-AD] FAT=None | lead=0.00h | delay=n/a | FAR_preonset=0.0% | valid=False
2026-07-03 19:27:51,866 [INFO] [E1] mode=aggregate factor=2 (~0 min) done
2026-07-03 19:27:51,866 [WARNING] [E1] mode=aggregate factor=5: window floored to 3 rows
2026-07-03 19:27:51,931 [INFO] Loaded processed data ← C:\scada\data\processed\Ferrara_E1_features.parquet ((4917, 12))
2026-07-03 19:27:54,065 [INFO] Invariant features: 408 windows × 49 features (channel-count-invariant)
2026-07-03 19:27:54,069 [INFO] Split: train=204, cal=40, test=164 (total=408)
2026-07-03 19:27:54,134 [INFO] Threshold [percentile]: 0.535234
2026-07-03 19:27:54,138 [INFO] [RMS-Trend (kσ)] FAT=2024-01-01 06:47:00 | lead=0.04h | delay=0.04h | FAR_preonset=0.0% | valid=True
2026-07-03 19:27:54,140 [INFO] Threshold [percentile]: 3.026742
2026-07-03 19:27:54,143 [INFO] [3σ Rule (σ=3.0)] FAT=2024-01-01 06:06:00 | lead=0.73h | delay=n/a | FAR_preonset=2.5% | valid=True
2026-07-03 19:27:54,145 [INFO] Threshold [percentile]: 2.000853
2026-07-03 19:27:54,146 [INFO] [EWMA (λ=0.2, k=3.0)] FAT=2024-01-01 06:44:00 | lead=0.09h | delay=n/a | FAR_preonset=0.6% | valid=True
2026-07-03 19:27:54,149 [INFO] Threshold [percentile]: 35.078652
2026-07-03 19:27:54,152 [INFO] [CUSUM (k=0.5, h=5.0)] FAT=2024-01-01 06:44:00 | lead=0.09h | delay=n/a | FAR_preonset=0.6% | valid=True
2026-07-03 19:27:54,165 [INFO] Threshold [percentile]: 48.991500
2026-07-03 19:27:54,168 [INFO] [Hotelling T²] FAT=2024-01-01 06:06:00 | lead=0.73h | delay=n/a | FAR_preonset=2.5% | valid=True
2026-07-03 19:27:55,023 [INFO] IsolationForest fitted on X=(204, 49)
2026-07-03 19:27:55,140 [INFO] Threshold [percentile]: 0.122004
2026-07-03 19:27:55,141 [INFO] [Isolation Forest] FAT=2024-01-01 06:43:00 | lead=0.11h | delay=n/a | FAR_preonset=1.2% | valid=True
2026-07-03 19:27:55,153 [INFO] Training Deep SVDD on cpu for 40 epochs ...
2026-07-03 19:27:55,324 [INFO]   Epoch [10/40] loss: 0.024918
2026-07-03 19:27:55,540 [INFO]   Epoch [20/40] loss: 0.014044
2026-07-03 19:27:55,724 [INFO]   Epoch [30/40] loss: 0.010237
2026-07-03 19:27:55,931 [INFO]   Epoch [40/40] loss: 0.007714
2026-07-03 19:27:55,935 [INFO] Threshold [percentile]: 0.685824
2026-07-03 19:27:55,938 [INFO] [Deep SVDD] FAT=None | lead=0.00h | delay=n/a | FAR_preonset=0.0% | valid=False
C:\scada\venv\Lib\site-packages\torch\nn\modules\rnn.py:1009: UserWarning: dropout option adds dropout after all but last recurrent layer, so non-zero dropout expects num_layers greater than 1, but got dropout=0.1 and num_layers=1
  super().__init__("LSTM", *args, **kwargs)
2026-07-03 19:27:55,953 [INFO] Training LSTM-AE on cpu for 50 epochs ...
2026-07-03 19:27:59,354 [INFO]   Epoch [10/50] loss: 0.039993
2026-07-03 19:28:03,270 [INFO]   Epoch [20/50] loss: 0.021742
2026-07-03 19:28:06,102 [INFO]   Epoch [30/50] loss: 0.013516
2026-07-03 19:28:10,047 [INFO]   Epoch [40/50] loss: 0.009586
2026-07-03 19:28:13,946 [INFO]   Epoch [50/50] loss: 0.007847
2026-07-03 19:28:13,995 [INFO] Threshold [percentile]: 0.018125
2026-07-03 19:28:13,996 [INFO] [LSTM-Autoencoder] FAT=2024-01-01 06:43:00 | lead=0.11h | delay=n/a | FAR_preonset=1.2% | valid=True
2026-07-03 19:28:14,011 [INFO] Training TCN-AE on cpu for 40 epochs ...
2026-07-03 19:28:19,014 [INFO]   Epoch [10/40] loss: 0.030669
2026-07-03 19:28:23,787 [INFO]   Epoch [20/40] loss: 0.016406
2026-07-03 19:28:28,587 [INFO]   Epoch [30/40] loss: 0.008841
2026-07-03 19:28:33,380 [INFO]   Epoch [40/40] loss: 0.005030
2026-07-03 19:28:33,519 [INFO] Threshold [percentile]: 0.008200
2026-07-03 19:28:33,525 [INFO] [TCN-Autoencoder] FAT=2024-01-01 04:51:00 | lead=1.98h | delay=n/a | FAR_preonset=28.1% | valid=False
2026-07-03 19:28:33,550 [INFO] Training Transformer-AD on cpu for 40 epochs ...
2026-07-03 19:28:36,945 [INFO]   Epoch [10/40] loss: 0.044379
2026-07-03 19:28:41,286 [INFO]   Epoch [20/40] loss: 0.033803
2026-07-03 19:28:45,748 [INFO]   Epoch [30/40] loss: 0.022866
2026-07-03 19:28:50,233 [INFO]   Epoch [40/40] loss: 0.017904
2026-07-03 19:28:50,284 [INFO] Threshold [percentile]: 0.036724
2026-07-03 19:28:50,286 [INFO] [Transformer-AD] FAT=2024-01-01 06:44:00 | lead=0.09h | delay=n/a | FAR_preonset=0.6% | valid=True
2026-07-03 19:28:50,290 [INFO] [E1] mode=aggregate factor=5 (~0 min) done
2026-07-03 19:28:50,290 [WARNING] [E1] mode=aggregate factor=10: window floored to 3 rows
2026-07-03 19:28:50,348 [INFO] Loaded processed data ← C:\scada\data\processed\Ferrara_E1_features.parquet ((4917, 12))
2026-07-03 19:28:52,524 [INFO] Invariant features: 408 windows × 49 features (channel-count-invariant)
2026-07-03 19:28:52,527 [INFO] Split: train=204, cal=40, test=164 (total=408)
2026-07-03 19:28:52,593 [INFO] Threshold [percentile]: 0.535234
2026-07-03 19:28:52,594 [INFO] [RMS-Trend (kσ)] FAT=2024-01-01 06:44:00 | lead=0.09h | delay=n/a | FAR_preonset=0.6% | valid=True
2026-07-03 19:28:52,595 [INFO] Threshold [percentile]: 3.026742
2026-07-03 19:28:52,595 [INFO] [3σ Rule (σ=3.0)] FAT=2024-01-01 06:06:00 | lead=0.73h | delay=n/a | FAR_preonset=2.5% | valid=True
2026-07-03 19:28:52,597 [INFO] Threshold [percentile]: 2.000853
2026-07-03 19:28:52,598 [INFO] [EWMA (λ=0.2, k=3.0)] FAT=2024-01-01 06:44:00 | lead=0.09h | delay=n/a | FAR_preonset=0.6% | valid=True
2026-07-03 19:28:52,600 [INFO] Threshold [percentile]: 35.078652
2026-07-03 19:28:52,601 [INFO] [CUSUM (k=0.5, h=5.0)] FAT=2024-01-01 06:44:00 | lead=0.09h | delay=n/a | FAR_preonset=0.6% | valid=True
2026-07-03 19:28:52,612 [INFO] Threshold [percentile]: 48.991500
2026-07-03 19:28:52,615 [INFO] [Hotelling T²] FAT=2024-01-01 06:06:00 | lead=0.73h | delay=n/a | FAR_preonset=2.5% | valid=True
2026-07-03 19:28:53,437 [INFO] IsolationForest fitted on X=(204, 49)
2026-07-03 19:28:53,542 [INFO] Threshold [percentile]: 0.122004
2026-07-03 19:28:53,543 [INFO] [Isolation Forest] FAT=2024-01-01 06:06:00 | lead=0.73h | delay=n/a | FAR_preonset=1.9% | valid=True
2026-07-03 19:28:53,549 [INFO] Training Deep SVDD on cpu for 40 epochs ...
2026-07-03 19:28:53,742 [INFO]   Epoch [10/40] loss: 0.024918
2026-07-03 19:28:53,931 [INFO]   Epoch [20/40] loss: 0.014044
2026-07-03 19:28:54,123 [INFO]   Epoch [30/40] loss: 0.010237
2026-07-03 19:28:54,301 [INFO]   Epoch [40/40] loss: 0.007714
2026-07-03 19:28:54,305 [INFO] Threshold [percentile]: 0.685824
2026-07-03 19:28:54,306 [INFO] [Deep SVDD] FAT=2024-01-01 06:48:00 | lead=0.03h | delay=0.06h | FAR_preonset=0.0% | valid=True
C:\scada\venv\Lib\site-packages\torch\nn\modules\rnn.py:1009: UserWarning: dropout option adds dropout after all but last recurrent layer, so non-zero dropout expects num_layers greater than 1, but got dropout=0.1 and num_layers=1
  super().__init__("LSTM", *args, **kwargs)
2026-07-03 19:28:54,324 [INFO] Training LSTM-AE on cpu for 50 epochs ...
2026-07-03 19:28:57,784 [INFO]   Epoch [10/50] loss: 0.039993
2026-07-03 19:29:01,226 [INFO]   Epoch [20/50] loss: 0.021742
2026-07-03 19:29:04,609 [INFO]   Epoch [30/50] loss: 0.013516
2026-07-03 19:29:07,225 [INFO]   Epoch [40/50] loss: 0.009586
2026-07-03 19:29:10,520 [INFO]   Epoch [50/50] loss: 0.007847
2026-07-03 19:29:10,672 [INFO] Threshold [percentile]: 0.018125
2026-07-03 19:29:10,674 [INFO] [LSTM-Autoencoder] FAT=2024-01-01 06:43:00 | lead=0.11h | delay=n/a | FAR_preonset=1.2% | valid=True
2026-07-03 19:29:10,693 [INFO] Training TCN-AE on cpu for 40 epochs ...
2026-07-03 19:29:15,551 [INFO]   Epoch [10/40] loss: 0.030669
2026-07-03 19:29:20,386 [INFO]   Epoch [20/40] loss: 0.016406
2026-07-03 19:29:25,390 [INFO]   Epoch [30/40] loss: 0.008841
2026-07-03 19:29:30,440 [INFO]   Epoch [40/40] loss: 0.005030
2026-07-03 19:29:30,525 [INFO] Threshold [percentile]: 0.008200
2026-07-03 19:29:30,527 [INFO] [TCN-Autoencoder] FAT=2024-01-01 04:51:00 | lead=1.98h | delay=n/a | FAR_preonset=28.1% | valid=False
2026-07-03 19:29:30,554 [INFO] Training Transformer-AD on cpu for 40 epochs ...
2026-07-03 19:29:35,193 [INFO]   Epoch [10/40] loss: 0.044379
2026-07-03 19:29:39,016 [INFO]   Epoch [20/40] loss: 0.033803
2026-07-03 19:29:43,691 [INFO]   Epoch [30/40] loss: 0.022866
2026-07-03 19:29:48,291 [INFO]   Epoch [40/40] loss: 0.017904
2026-07-03 19:29:48,391 [INFO] Threshold [percentile]: 0.036724
2026-07-03 19:29:48,393 [INFO] [Transformer-AD] FAT=2024-01-01 06:44:00 | lead=0.09h | delay=n/a | FAR_preonset=0.6% | valid=True
2026-07-03 19:29:48,398 [INFO] [E1] mode=aggregate factor=10 (~1 min) done
2026-07-03 19:29:48,398 [WARNING] [E1] mode=aggregate factor=20: window floored to 3 rows
2026-07-03 19:29:48,453 [INFO] Loaded processed data ← C:\scada\data\processed\Ferrara_E1_features.parquet ((4917, 12))
2026-07-03 19:29:49,739 [INFO] Invariant features: 203 windows × 49 features (channel-count-invariant)
2026-07-03 19:29:49,741 [INFO] Split: train=101, cal=20, test=82 (total=203)
2026-07-03 19:29:49,822 [INFO] Threshold [percentile]: 0.528046
2026-07-03 19:29:49,823 [INFO] [RMS-Trend (kσ)] FAT=2024-01-01 06:44:00 | lead=0.09h | delay=n/a | FAR_preonset=1.2% | valid=True
2026-07-03 19:29:49,824 [INFO] Threshold [percentile]: 2.776666
2026-07-03 19:29:49,825 [INFO] [3σ Rule (σ=3.0)] FAT=2024-01-01 06:42:00 | lead=0.13h | delay=n/a | FAR_preonset=2.5% | valid=True
2026-07-03 19:29:49,826 [INFO] Threshold [percentile]: 1.715818
2026-07-03 19:29:49,826 [INFO] [EWMA (λ=0.2, k=3.0)] FAT=2024-01-01 06:42:00 | lead=0.13h | delay=n/a | FAR_preonset=2.5% | valid=True
2026-07-03 19:29:49,827 [INFO] Threshold [percentile]: 21.756990
2026-07-03 19:29:49,828 [INFO] [CUSUM (k=0.5, h=5.0)] FAT=2024-01-01 06:42:00 | lead=0.13h | delay=n/a | FAR_preonset=2.5% | valid=True
2026-07-03 19:29:49,838 [INFO] Threshold [percentile]: 44.116982
2026-07-03 19:29:49,839 [INFO] [Hotelling T²] FAT=2024-01-01 06:06:00 | lead=0.73h | delay=n/a | FAR_preonset=3.7% | valid=True
2026-07-03 19:29:50,623 [INFO] IsolationForest fitted on X=(101, 49)
2026-07-03 19:29:50,718 [INFO] Threshold [percentile]: 0.118435
2026-07-03 19:29:50,719 [INFO] [Isolation Forest] FAT=2024-01-01 06:42:00 | lead=0.13h | delay=n/a | FAR_preonset=2.5% | valid=True
2026-07-03 19:29:50,725 [INFO] Training Deep SVDD on cpu for 40 epochs ...
2026-07-03 19:29:50,820 [INFO]   Epoch [10/40] loss: 0.045679
2026-07-03 19:29:50,957 [INFO]   Epoch [20/40] loss: 0.021150
2026-07-03 19:29:51,072 [INFO]   Epoch [30/40] loss: 0.011553
2026-07-03 19:29:51,169 [INFO]   Epoch [40/40] loss: 0.009191
2026-07-03 19:29:51,172 [INFO] Threshold [percentile]: 0.696002
2026-07-03 19:29:51,173 [INFO] [Deep SVDD] FAT=2024-01-01 06:46:00 | lead=0.06h | delay=0.02h | FAR_preonset=0.0% | valid=True
C:\scada\venv\Lib\site-packages\torch\nn\modules\rnn.py:1009: UserWarning: dropout option adds dropout after all but last recurrent layer, so non-zero dropout expects num_layers greater than 1, but got dropout=0.1 and num_layers=1
  super().__init__("LSTM", *args, **kwargs)
2026-07-03 19:29:51,184 [INFO] Training LSTM-AE on cpu for 50 epochs ...
2026-07-03 19:29:52,810 [INFO]   Epoch [10/50] loss: 0.052995
2026-07-03 19:29:54,442 [INFO]   Epoch [20/50] loss: 0.047556
2026-07-03 19:29:55,996 [INFO]   Epoch [30/50] loss: 0.031324
2026-07-03 19:29:57,400 [INFO]   Epoch [40/50] loss: 0.024054
2026-07-03 19:29:57,705 [INFO]   Epoch [50/50] loss: 0.018762
2026-07-03 19:29:57,715 [INFO] Threshold [percentile]: 0.042206
2026-07-03 19:29:57,715 [INFO] [LSTM-Autoencoder] FAT=2024-01-01 05:14:00 | lead=1.59h | delay=n/a | FAR_preonset=27.2% | valid=False
2026-07-03 19:29:57,720 [INFO] Training TCN-AE on cpu for 40 epochs ...
2026-07-03 19:29:58,085 [INFO]   Epoch [10/40] loss: 0.070655
2026-07-03 19:29:58,474 [INFO]   Epoch [20/40] loss: 0.036280
2026-07-03 19:29:58,958 [INFO]   Epoch [30/40] loss: 0.020684
2026-07-03 19:29:59,494 [INFO]   Epoch [40/40] loss: 0.015723
2026-07-03 19:29:59,507 [INFO] Threshold [percentile]: 0.030376
2026-07-03 19:29:59,507 [INFO] [TCN-Autoencoder] FAT=2024-01-01 06:42:00 | lead=0.13h | delay=n/a | FAR_preonset=2.5% | valid=True
2026-07-03 19:29:59,514 [INFO] Training Transformer-AD on cpu for 40 epochs ...
2026-07-03 19:29:59,964 [INFO]   Epoch [10/40] loss: 0.055964
2026-07-03 19:30:02,406 [INFO]   Epoch [20/40] loss: 0.053596
2026-07-03 19:30:05,679 [INFO]   Epoch [30/40] loss: 0.047175
2026-07-03 19:30:08,901 [INFO]   Epoch [40/40] loss: 0.035807
2026-07-03 19:30:08,948 [INFO] Threshold [percentile]: 0.081086
2026-07-03 19:30:08,949 [INFO] [Transformer-AD] FAT=2024-01-01 06:42:00 | lead=0.13h | delay=n/a | FAR_preonset=2.5% | valid=True
2026-07-03 19:30:08,953 [INFO] [E1] mode=aggregate factor=20 (~2 min) done
2026-07-03 19:30:08,995 [INFO] Loaded processed data ← C:\scada\data\processed\Ferrara_E1_features.parquet ((4917, 12))
2026-07-03 19:30:14,871 [INFO] Invariant features: 982 windows × 49 features (channel-count-invariant)
2026-07-03 19:30:14,874 [INFO] Split: train=491, cal=98, test=393 (total=982)
2026-07-03 19:30:14,944 [INFO] Threshold [percentile]: 0.451966
2026-07-03 19:30:14,946 [INFO] [RMS-Trend (kσ)] FAT=2024-01-01 06:47:30 | lead=0.04h | delay=0.05h | FAR_preonset=0.0% | valid=True
2026-07-03 19:30:14,946 [INFO] Threshold [percentile]: 2.485511
2026-07-03 19:30:14,950 [INFO] [3σ Rule (σ=3.0)] FAT=2024-01-01 06:44:35 | lead=0.08h | delay=n/a | FAR_preonset=0.3% | valid=True
2026-07-03 19:30:14,953 [INFO] Threshold [percentile]: 2.225106
2026-07-03 19:30:14,957 [INFO] [EWMA (λ=0.2, k=3.0)] FAT=2024-01-01 06:44:35 | lead=0.08h | delay=n/a | FAR_preonset=0.3% | valid=True
2026-07-03 19:30:14,960 [INFO] Threshold [percentile]: 79.288058
2026-07-03 19:30:14,963 [INFO] [CUSUM (k=0.5, h=5.0)] FAT=2024-01-01 06:45:25 | lead=0.07h | delay=0.01h | FAR_preonset=0.0% | valid=True
2026-07-03 19:30:14,989 [INFO] Threshold [percentile]: 37.821991
2026-07-03 19:30:14,992 [INFO] [Hotelling T²] FAT=2024-01-01 06:44:35 | lead=0.08h | delay=n/a | FAR_preonset=0.3% | valid=True
2026-07-03 19:30:15,670 [INFO] IsolationForest fitted on X=(491, 49)
2026-07-03 19:30:15,774 [INFO] Threshold [percentile]: 0.072100
2026-07-03 19:30:15,777 [INFO] [Isolation Forest] FAT=2024-01-01 06:44:35 | lead=0.08h | delay=n/a | FAR_preonset=0.3% | valid=True
2026-07-03 19:30:15,781 [INFO] Training Deep SVDD on cpu for 40 epochs ...
2026-07-03 19:30:16,225 [INFO]   Epoch [10/40] loss: 0.012947
2026-07-03 19:30:16,601 [INFO]   Epoch [20/40] loss: 0.007176
2026-07-03 19:30:17,005 [INFO]   Epoch [30/40] loss: 0.005028
2026-07-03 19:30:17,388 [INFO]   Epoch [40/40] loss: 0.004031
2026-07-03 19:30:17,390 [INFO] Threshold [percentile]: 0.650452
2026-07-03 19:30:17,392 [INFO] [Deep SVDD] FAT=None | lead=0.00h | delay=n/a | FAR_preonset=0.0% | valid=False
C:\scada\venv\Lib\site-packages\torch\nn\modules\rnn.py:1009: UserWarning: dropout option adds dropout after all but last recurrent layer, so non-zero dropout expects num_layers greater than 1, but got dropout=0.1 and num_layers=1
  super().__init__("LSTM", *args, **kwargs)
2026-07-03 19:30:17,401 [INFO] Training LSTM-AE on cpu for 50 epochs ...
2026-07-03 19:30:26,021 [INFO]   Epoch [10/50] loss: 0.017041
2026-07-03 19:30:34,732 [INFO]   Epoch [20/50] loss: 0.009979
2026-07-03 19:30:42,610 [INFO]   Epoch [30/50] loss: 0.007104
2026-07-03 19:30:50,319 [INFO]   Epoch [40/50] loss: 0.005368
2026-07-03 19:30:58,298 [INFO]   Epoch [50/50] loss: 0.004446
2026-07-03 19:30:58,477 [INFO] Threshold [percentile]: 0.010901
2026-07-03 19:30:58,485 [INFO] [LSTM-Autoencoder] FAT=2024-01-01 04:32:30 | lead=2.29h | delay=n/a | FAR_preonset=8.1% | valid=True
2026-07-03 19:30:58,510 [INFO] Training TCN-AE on cpu for 40 epochs ...
2026-07-03 19:31:11,230 [INFO]   Epoch [10/40] loss: 0.011860
2026-07-03 19:31:23,873 [INFO]   Epoch [20/40] loss: 0.005878
2026-07-03 19:31:35,752 [INFO]   Epoch [30/40] loss: 0.003766
2026-07-03 19:31:47,574 [INFO]   Epoch [40/40] loss: 0.002559
2026-07-03 19:31:47,796 [INFO] Threshold [percentile]: 0.004347
2026-07-03 19:31:47,801 [INFO] [TCN-Autoencoder] FAT=2024-01-01 04:32:05 | lead=2.29h | delay=n/a | FAR_preonset=30.4% | valid=False
2026-07-03 19:31:47,827 [INFO] Training Transformer-AD on cpu for 40 epochs ...
2026-07-03 19:31:59,099 [INFO]   Epoch [10/40] loss: 0.027619
2026-07-03 19:32:10,518 [INFO]   Epoch [20/40] loss: 0.015287
2026-07-03 19:32:24,128 [INFO]   Epoch [30/40] loss: 0.010242
2026-07-03 19:32:35,795 [INFO]   Epoch [40/40] loss: 0.007810
2026-07-03 19:32:35,964 [INFO] Threshold [percentile]: 0.017745
2026-07-03 19:32:35,967 [INFO] [Transformer-AD] FAT=2024-01-01 04:32:30 | lead=2.29h | delay=n/a | FAR_preonset=4.2% | valid=True
2026-07-03 19:32:35,973 [INFO] [E1] mode=decimate factor=1 (~0 min) done
2026-07-03 19:32:36,029 [INFO] Loaded processed data ← C:\scada\data\processed\Ferrara_E1_features.parquet ((4917, 12))
2026-07-03 19:32:42,030 [INFO] Invariant features: 1228 windows × 49 features (channel-count-invariant)
2026-07-03 19:32:42,035 [INFO] Split: train=614, cal=122, test=492 (total=1228)
2026-07-03 19:32:42,099 [INFO] Threshold [percentile]: 0.499558
2026-07-03 19:32:42,105 [INFO] [RMS-Trend (kσ)] FAT=2024-01-01 06:48:20 | lead=0.02h | delay=0.06h | FAR_preonset=0.0% | valid=True
2026-07-03 19:32:42,106 [INFO] Threshold [percentile]: 2.539265
2026-07-03 19:32:42,110 [INFO] [3σ Rule (σ=3.0)] FAT=2024-01-01 06:44:20 | lead=0.09h | delay=n/a | FAR_preonset=0.2% | valid=True
2026-07-03 19:32:42,113 [INFO] Threshold [percentile]: 2.097351
2026-07-03 19:32:42,116 [INFO] [EWMA (λ=0.2, k=3.0)] FAT=2024-01-01 06:44:40 | lead=0.08h | delay=0.00h | FAR_preonset=0.0% | valid=True
2026-07-03 19:32:42,120 [INFO] Threshold [percentile]: 88.481181
2026-07-03 19:32:42,140 [INFO] [CUSUM (k=0.5, h=5.0)] FAT=2024-01-01 06:45:20 | lead=0.07h | delay=0.01h | FAR_preonset=0.0% | valid=True
2026-07-03 19:32:42,168 [INFO] Threshold [percentile]: 36.190798
2026-07-03 19:32:42,173 [INFO] [Hotelling T²] FAT=2024-01-01 06:44:20 | lead=0.09h | delay=n/a | FAR_preonset=0.2% | valid=True
2026-07-03 19:32:42,844 [INFO] IsolationForest fitted on X=(614, 49)
2026-07-03 19:32:42,986 [INFO] Threshold [percentile]: 0.065212
2026-07-03 19:32:42,991 [INFO] [Isolation Forest] FAT=2024-01-01 06:44:20 | lead=0.09h | delay=n/a | FAR_preonset=0.2% | valid=True
2026-07-03 19:32:42,998 [INFO] Training Deep SVDD on cpu for 40 epochs ...
2026-07-03 19:32:43,577 [INFO]   Epoch [10/40] loss: 0.012083
2026-07-03 19:32:44,078 [INFO]   Epoch [20/40] loss: 0.007409
2026-07-03 19:32:44,616 [INFO]   Epoch [30/40] loss: 0.005832
2026-07-03 19:32:45,142 [INFO]   Epoch [40/40] loss: 0.004596
2026-07-03 19:32:45,146 [INFO] Threshold [percentile]: 0.505726
2026-07-03 19:32:45,151 [INFO] [Deep SVDD] FAT=None | lead=0.00h | delay=n/a | FAR_preonset=0.0% | valid=False
C:\scada\venv\Lib\site-packages\torch\nn\modules\rnn.py:1009: UserWarning: dropout option adds dropout after all but last recurrent layer, so non-zero dropout expects num_layers greater than 1, but got dropout=0.1 and num_layers=1
  super().__init__("LSTM", *args, **kwargs)
2026-07-03 19:32:45,170 [INFO] Training LSTM-AE on cpu for 50 epochs ...
2026-07-03 19:32:55,871 [INFO]   Epoch [10/50] loss: 0.013592
2026-07-03 19:33:07,658 [INFO]   Epoch [20/50] loss: 0.008908
2026-07-03 19:33:17,769 [INFO]   Epoch [30/50] loss: 0.006175
2026-07-03 19:33:27,947 [INFO]   Epoch [40/50] loss: 0.004901
2026-07-03 19:33:37,100 [INFO]   Epoch [50/50] loss: 0.003171
2026-07-03 19:33:37,331 [INFO] Threshold [percentile]: 0.006739
2026-07-03 19:33:37,337 [INFO] [LSTM-Autoencoder] FAT=2024-01-01 04:47:20 | lead=2.04h | delay=n/a | FAR_preonset=14.0% | valid=False
2026-07-03 19:33:37,355 [INFO] Training TCN-AE on cpu for 40 epochs ...
2026-07-03 19:33:52,291 [INFO]   Epoch [10/40] loss: 0.010935
2026-07-03 19:34:09,274 [INFO]   Epoch [20/40] loss: 0.004675
2026-07-03 19:34:21,027 [INFO]   Epoch [30/40] loss: 0.002802
2026-07-03 19:34:25,827 [INFO]   Epoch [40/40] loss: 0.001972
2026-07-03 19:34:26,718 [INFO] Threshold [percentile]: 0.003245
2026-07-03 19:34:26,723 [INFO] [TCN-Autoencoder] FAT=2024-01-01 04:33:20 | lead=2.27h | delay=n/a | FAR_preonset=33.8% | valid=False
2026-07-03 19:34:26,745 [INFO] Training Transformer-AD on cpu for 40 epochs ...
2026-07-03 19:34:51,327 [INFO]   Epoch [10/40] loss: 0.024597
2026-07-03 19:35:18,177 [INFO]   Epoch [20/40] loss: 0.012768
2026-07-03 19:35:33,515 [INFO]   Epoch [30/40] loss: 0.008498
2026-07-03 19:35:49,245 [INFO]   Epoch [40/40] loss: 0.006215
2026-07-03 19:35:49,446 [INFO] Threshold [percentile]: 0.012444
2026-07-03 19:35:49,452 [INFO] [Transformer-AD] FAT=2024-01-01 04:58:20 | lead=1.86h | delay=n/a | FAR_preonset=6.3% | valid=True
2026-07-03 19:35:49,458 [INFO] [E1] mode=decimate factor=2 (~0 min) done
2026-07-03 19:35:49,458 [WARNING] [E1] mode=decimate factor=5: window floored to 3 rows
2026-07-03 19:35:49,522 [INFO] Loaded processed data ← C:\scada\data\processed\Ferrara_E1_features.parquet ((4917, 12))
2026-07-03 19:35:55,485 [INFO] Invariant features: 982 windows × 49 features (channel-count-invariant)
2026-07-03 19:35:55,490 [INFO] Split: train=491, cal=98, test=393 (total=982)
2026-07-03 19:35:55,557 [INFO] Threshold [percentile]: 0.313027
2026-07-03 19:35:55,562 [INFO] [RMS-Trend (kσ)] FAT=2024-01-01 06:44:35 | lead=0.08h | delay=n/a | FAR_preonset=0.3% | valid=True
2026-07-03 19:35:55,563 [INFO] Threshold [percentile]: 2.198761
2026-07-03 19:35:55,571 [INFO] [3σ Rule (σ=3.0)] FAT=2024-01-01 04:31:40 | lead=2.30h | delay=n/a | FAR_preonset=2.1% | valid=True
2026-07-03 19:35:55,573 [INFO] Threshold [percentile]: 2.072812
2026-07-03 19:35:55,577 [INFO] [EWMA (λ=0.2, k=3.0)] FAT=2024-01-01 04:32:30 | lead=2.29h | delay=n/a | FAR_preonset=1.6% | valid=True
2026-07-03 19:35:55,581 [INFO] Threshold [percentile]: 53.891387
2026-07-03 19:35:55,583 [INFO] [CUSUM (k=0.5, h=5.0)] FAT=2024-01-01 06:45:00 | lead=0.08h | delay=0.01h | FAR_preonset=0.0% | valid=True
2026-07-03 19:35:55,601 [INFO] Threshold [percentile]: 35.164046
2026-07-03 19:35:55,605 [INFO] [Hotelling T²] FAT=2024-01-01 04:11:40 | lead=2.63h | delay=n/a | FAR_preonset=3.7% | valid=True
2026-07-03 19:35:56,412 [INFO] IsolationForest fitted on X=(491, 49)
2026-07-03 19:35:56,538 [INFO] Threshold [percentile]: 0.084483
2026-07-03 19:35:56,542 [INFO] [Isolation Forest] FAT=2024-01-01 04:31:40 | lead=2.30h | delay=n/a | FAR_preonset=2.6% | valid=True
2026-07-03 19:35:56,550 [INFO] Training Deep SVDD on cpu for 40 epochs ...
2026-07-03 19:35:57,050 [INFO]   Epoch [10/40] loss: 0.013236
2026-07-03 19:35:57,497 [INFO]   Epoch [20/40] loss: 0.008056
2026-07-03 19:35:57,887 [INFO]   Epoch [30/40] loss: 0.005559
2026-07-03 19:35:58,273 [INFO]   Epoch [40/40] loss: 0.004640
2026-07-03 19:35:58,276 [INFO] Threshold [percentile]: 0.378934
2026-07-03 19:35:58,280 [INFO] [Deep SVDD] FAT=2024-01-01 06:48:45 | lead=0.02h | delay=0.07h | FAR_preonset=0.0% | valid=True
C:\scada\venv\Lib\site-packages\torch\nn\modules\rnn.py:1009: UserWarning: dropout option adds dropout after all but last recurrent layer, so non-zero dropout expects num_layers greater than 1, but got dropout=0.1 and num_layers=1
  super().__init__("LSTM", *args, **kwargs)
2026-07-03 19:35:58,295 [INFO] Training LSTM-AE on cpu for 50 epochs ...
2026-07-03 19:36:08,205 [INFO]   Epoch [10/50] loss: 0.016063
2026-07-03 19:36:14,724 [INFO]   Epoch [20/50] loss: 0.009234
2026-07-03 19:36:17,019 [INFO]   Epoch [30/50] loss: 0.006492
2026-07-03 19:36:29,886 [INFO]   Epoch [40/50] loss: 0.004560
2026-07-03 19:36:41,487 [INFO]   Epoch [50/50] loss: 0.003463
2026-07-03 19:36:41,719 [INFO] Threshold [percentile]: 0.009303
2026-07-03 19:36:41,736 [INFO] [LSTM-Autoencoder] FAT=2024-01-01 04:31:40 | lead=2.30h | delay=n/a | FAR_preonset=15.4% | valid=False
2026-07-03 19:36:41,815 [INFO] Training TCN-AE on cpu for 40 epochs ...
2026-07-03 19:36:56,012 [INFO]   Epoch [10/40] loss: 0.014036
2026-07-03 19:37:16,813 [INFO]   Epoch [20/40] loss: 0.005842
2026-07-03 19:37:33,792 [INFO]   Epoch [30/40] loss: 0.003407
2026-07-03 19:37:46,214 [INFO]   Epoch [40/40] loss: 0.002465
2026-07-03 19:37:46,398 [INFO] Threshold [percentile]: 0.004070
2026-07-03 19:37:46,401 [INFO] [TCN-Autoencoder] FAT=2024-01-01 04:22:30 | lead=2.45h | delay=n/a | FAR_preonset=26.7% | valid=False
2026-07-03 19:37:46,425 [INFO] Training Transformer-AD on cpu for 40 epochs ...
2026-07-03 19:37:56,850 [INFO]   Epoch [10/40] loss: 0.028244
2026-07-03 19:38:08,289 [INFO]   Epoch [20/40] loss: 0.014484
2026-07-03 19:38:18,733 [INFO]   Epoch [30/40] loss: 0.009604
2026-07-03 19:38:29,650 [INFO]   Epoch [40/40] loss: 0.006915
2026-07-03 19:38:29,825 [INFO] Threshold [percentile]: 0.016799
2026-07-03 19:38:29,831 [INFO] [Transformer-AD] FAT=2024-01-01 04:31:40 | lead=2.30h | delay=n/a | FAR_preonset=15.7% | valid=False
2026-07-03 19:38:29,836 [INFO] [E1] mode=decimate factor=5 (~0 min) done
2026-07-03 19:38:29,836 [WARNING] [E1] mode=decimate factor=10: window floored to 3 rows
2026-07-03 19:38:29,890 [INFO] Loaded processed data ← C:\scada\data\processed\Ferrara_E1_features.parquet ((4917, 12))
2026-07-03 19:38:32,281 [INFO] Invariant features: 490 windows × 49 features (channel-count-invariant)
2026-07-03 19:38:32,284 [INFO] Split: train=245, cal=49, test=196 (total=490)
2026-07-03 19:38:32,357 [INFO] Threshold [percentile]: 0.767540
2026-07-03 19:38:32,359 [INFO] [RMS-Trend (kσ)] FAT=2024-01-01 06:48:20 | lead=0.02h | delay=0.06h | FAR_preonset=0.0% | valid=True
2026-07-03 19:38:32,361 [INFO] Threshold [percentile]: 2.731480
2026-07-03 19:38:32,362 [INFO] [3σ Rule (σ=3.0)] FAT=2024-01-01 04:34:10 | lead=2.26h | delay=n/a | FAR_preonset=3.1% | valid=True
2026-07-03 19:38:32,363 [INFO] Threshold [percentile]: 2.018927
2026-07-03 19:38:32,364 [INFO] [EWMA (λ=0.2, k=3.0)] FAT=2024-01-01 04:59:10 | lead=1.84h | delay=n/a | FAR_preonset=2.1% | valid=True
2026-07-03 19:38:32,367 [INFO] Threshold [percentile]: 35.013536
2026-07-03 19:38:32,368 [INFO] [CUSUM (k=0.5, h=5.0)] FAT=2024-01-01 06:45:00 | lead=0.08h | delay=0.01h | FAR_preonset=0.0% | valid=True
2026-07-03 19:38:32,383 [INFO] Threshold [percentile]: 31.714523
2026-07-03 19:38:32,385 [INFO] [Hotelling T²] FAT=2024-01-01 04:32:30 | lead=2.29h | delay=n/a | FAR_preonset=5.8% | valid=True
2026-07-03 19:38:33,220 [INFO] IsolationForest fitted on X=(245, 49)
2026-07-03 19:38:33,334 [INFO] Threshold [percentile]: 0.069435
2026-07-03 19:38:33,335 [INFO] [Isolation Forest] FAT=2024-01-01 04:32:30 | lead=2.29h | delay=n/a | FAR_preonset=4.7% | valid=True
2026-07-03 19:38:33,342 [INFO] Training Deep SVDD on cpu for 40 epochs ...
2026-07-03 19:38:33,571 [INFO]   Epoch [10/40] loss: 0.016464
2026-07-03 19:38:33,774 [INFO]   Epoch [20/40] loss: 0.009958
2026-07-03 19:38:33,992 [INFO]   Epoch [30/40] loss: 0.007355
2026-07-03 19:38:34,207 [INFO]   Epoch [40/40] loss: 0.005792
2026-07-03 19:38:34,211 [INFO] Threshold [percentile]: 0.531815
2026-07-03 19:38:34,212 [INFO] [Deep SVDD] FAT=2024-01-01 06:48:20 | lead=0.02h | delay=0.06h | FAR_preonset=0.0% | valid=True
C:\scada\venv\Lib\site-packages\torch\nn\modules\rnn.py:1009: UserWarning: dropout option adds dropout after all but last recurrent layer, so non-zero dropout expects num_layers greater than 1, but got dropout=0.1 and num_layers=1
  super().__init__("LSTM", *args, **kwargs)
2026-07-03 19:38:34,233 [INFO] Training LSTM-AE on cpu for 50 epochs ...
2026-07-03 19:38:37,885 [INFO]   Epoch [10/50] loss: 0.038154
2026-07-03 19:38:41,627 [INFO]   Epoch [20/50] loss: 0.023613
2026-07-03 19:38:44,913 [INFO]   Epoch [30/50] loss: 0.018299
2026-07-03 19:38:48,239 [INFO]   Epoch [40/50] loss: 0.014162
2026-07-03 19:38:51,642 [INFO]   Epoch [50/50] loss: 0.011015
2026-07-03 19:38:51,698 [INFO] Threshold [percentile]: 0.020663
2026-07-03 19:38:51,698 [INFO] [LSTM-Autoencoder] FAT=2024-01-01 04:45:50 | lead=2.06h | delay=n/a | FAR_preonset=26.2% | valid=False
2026-07-03 19:38:51,716 [INFO] Training TCN-AE on cpu for 40 epochs ...
2026-07-03 19:38:57,398 [INFO]   Epoch [10/40] loss: 0.028127
2026-07-03 19:39:03,159 [INFO]   Epoch [20/40] loss: 0.016894
2026-07-03 19:39:08,779 [INFO]   Epoch [30/40] loss: 0.010005
2026-07-03 19:39:14,141 [INFO]   Epoch [40/40] loss: 0.007060
2026-07-03 19:39:14,278 [INFO] Threshold [percentile]: 0.008964
2026-07-03 19:39:14,279 [INFO] [TCN-Autoencoder] FAT=2024-01-01 04:40:50 | lead=2.15h | delay=n/a | FAR_preonset=43.5% | valid=False
2026-07-03 19:39:14,298 [INFO] Training Transformer-AD on cpu for 40 epochs ...
2026-07-03 19:39:19,371 [INFO]   Epoch [10/40] loss: 0.043058
2026-07-03 19:39:24,228 [INFO]   Epoch [20/40] loss: 0.037673
2026-07-03 19:39:29,201 [INFO]   Epoch [30/40] loss: 0.026129
2026-07-03 19:39:34,232 [INFO]   Epoch [40/40] loss: 0.019220
2026-07-03 19:39:34,344 [INFO] Threshold [percentile]: 0.030381
2026-07-03 19:39:34,346 [INFO] [Transformer-AD] FAT=2024-01-01 04:53:20 | lead=1.94h | delay=n/a | FAR_preonset=23.6% | valid=False
2026-07-03 19:39:34,350 [INFO] [E1] mode=decimate factor=10 (~1 min) done
2026-07-03 19:39:34,350 [WARNING] [E1] mode=decimate factor=20: window floored to 3 rows
2026-07-03 19:39:34,408 [INFO] Loaded processed data ← C:\scada\data\processed\Ferrara_E1_features.parquet ((4917, 12))
2026-07-03 19:39:35,862 [INFO] Invariant features: 244 windows × 49 features (channel-count-invariant)
2026-07-03 19:39:35,864 [INFO] Split: train=122, cal=24, test=98 (total=244)
2026-07-03 19:39:35,955 [INFO] Threshold [percentile]: 0.662022
2026-07-03 19:39:35,957 [INFO] [RMS-Trend (kσ)] FAT=2024-01-01 06:46:40 | lead=0.05h | delay=0.03h | FAR_preonset=0.0% | valid=True
2026-07-03 19:39:35,958 [INFO] Threshold [percentile]: 3.016066
2026-07-03 19:39:35,958 [INFO] [3σ Rule (σ=3.0)] FAT=2024-01-01 04:56:40 | lead=1.88h | delay=n/a | FAR_preonset=4.2% | valid=True
2026-07-03 19:39:35,960 [INFO] Threshold [percentile]: 1.862290
2026-07-03 19:39:35,961 [INFO] [EWMA (λ=0.2, k=3.0)] FAT=2024-01-01 05:00:00 | lead=1.83h | delay=n/a | FAR_preonset=3.1% | valid=True
2026-07-03 19:39:35,962 [INFO] Threshold [percentile]: 21.522388
2026-07-03 19:39:35,963 [INFO] [CUSUM (k=0.5, h=5.0)] FAT=2024-01-01 06:45:00 | lead=0.08h | delay=0.01h | FAR_preonset=0.0% | valid=True
2026-07-03 19:39:35,969 [INFO] Threshold [percentile]: 31.244306
2026-07-03 19:39:35,971 [INFO] [Hotelling T²] FAT=2024-01-01 04:31:40 | lead=2.30h | delay=n/a | FAR_preonset=7.3% | valid=True
2026-07-03 19:39:36,948 [INFO] IsolationForest fitted on X=(122, 49)
2026-07-03 19:39:37,108 [INFO] Threshold [percentile]: 0.092939
2026-07-03 19:39:37,109 [INFO] [Isolation Forest] FAT=2024-01-01 05:00:00 | lead=1.83h | delay=n/a | FAR_preonset=2.1% | valid=True
2026-07-03 19:39:37,120 [INFO] Training Deep SVDD on cpu for 40 epochs ...
2026-07-03 19:39:37,257 [INFO]   Epoch [10/40] loss: 0.021960
2026-07-03 19:39:37,397 [INFO]   Epoch [20/40] loss: 0.010090
2026-07-03 19:39:37,546 [INFO]   Epoch [30/40] loss: 0.006766
2026-07-03 19:39:37,711 [INFO]   Epoch [40/40] loss: 0.004964
2026-07-03 19:39:37,715 [INFO] Threshold [percentile]: 0.900207
2026-07-03 19:39:37,716 [INFO] [Deep SVDD] FAT=2024-01-01 06:46:40 | lead=0.05h | delay=0.03h | FAR_preonset=0.0% | valid=True
C:\scada\venv\Lib\site-packages\torch\nn\modules\rnn.py:1009: UserWarning: dropout option adds dropout after all but last recurrent layer, so non-zero dropout expects num_layers greater than 1, but got dropout=0.1 and num_layers=1
  super().__init__("LSTM", *args, **kwargs)
2026-07-03 19:39:37,730 [INFO] Training LSTM-AE on cpu for 50 epochs ...
2026-07-03 19:39:39,321 [INFO]   Epoch [10/50] loss: 0.052935
2026-07-03 19:39:40,752 [INFO]   Epoch [20/50] loss: 0.046149
2026-07-03 19:39:42,207 [INFO]   Epoch [30/50] loss: 0.041669
2026-07-03 19:39:43,696 [INFO]   Epoch [40/50] loss: 0.030006
2026-07-03 19:39:45,025 [INFO]   Epoch [50/50] loss: 0.026049
2026-07-03 19:39:45,060 [INFO] Threshold [percentile]: 0.043703
2026-07-03 19:39:45,061 [INFO] [LSTM-Autoencoder] FAT=2024-01-01 04:56:40 | lead=1.88h | delay=n/a | FAR_preonset=34.4% | valid=False
2026-07-03 19:39:45,070 [INFO] Training TCN-AE on cpu for 40 epochs ...
2026-07-03 19:39:47,490 [INFO]   Epoch [10/40] loss: 0.070207
2026-07-03 19:39:49,887 [INFO]   Epoch [20/40] loss: 0.037140
2026-07-03 19:39:52,215 [INFO]   Epoch [30/40] loss: 0.030158
2026-07-03 19:39:54,342 [INFO]   Epoch [40/40] loss: 0.022140
2026-07-03 19:39:54,421 [INFO] Threshold [percentile]: 0.036879
2026-07-03 19:39:54,422 [INFO] [TCN-Autoencoder] FAT=2024-01-01 04:58:20 | lead=1.86h | delay=n/a | FAR_preonset=32.3% | valid=False
2026-07-03 19:39:54,443 [INFO] Training Transformer-AD on cpu for 40 epochs ...
2026-07-03 19:39:56,475 [INFO]   Epoch [10/40] loss: 0.057817
2026-07-03 19:39:58,744 [INFO]   Epoch [20/40] loss: 0.051124
2026-07-03 19:40:00,825 [INFO]   Epoch [30/40] loss: 0.048395
2026-07-03 19:40:03,080 [INFO]   Epoch [40/40] loss: 0.045011
2026-07-03 19:40:03,108 [INFO] Threshold [percentile]: 0.083547
2026-07-03 19:40:03,109 [INFO] [Transformer-AD] FAT=2024-01-01 05:00:00 | lead=1.83h | delay=n/a | FAR_preonset=22.9% | valid=False
2026-07-03 19:40:03,113 [INFO] [E1] mode=decimate factor=20 (~2 min) done
2026-07-03 19:40:15,371 [INFO]   ingested 200/1985 files
2026-07-03 19:40:25,365 [INFO]   ingested 400/1985 files
2026-07-03 19:40:37,165 [INFO]   ingested 600/1985 files
2026-07-03 19:40:47,850 [INFO]   ingested 800/1985 files
2026-07-03 19:40:58,738 [INFO]   ingested 1000/1985 files
2026-07-03 19:41:11,355 [INFO]   ingested 1200/1985 files
2026-07-03 19:41:24,645 [INFO]   ingested 1400/1985 files
2026-07-03 19:41:37,049 [INFO]   ingested 1600/1985 files
2026-07-03 19:41:50,107 [INFO]   ingested 1800/1985 files
2026-07-03 19:42:02,107 [INFO] Saved processed data → C:\scada\data\processed\Ferrara_E2_features.parquet
2026-07-03 19:42:03,998 [INFO] Invariant features: 396 windows × 49 features (channel-count-invariant)
2026-07-03 19:42:04,001 [INFO] Split: train=198, cal=39, test=159 (total=396)
2026-07-03 19:42:04,083 [INFO] Degradation onset detected at 2024-01-01 02:39:20
2026-07-03 19:42:04,083 [INFO] [E2] onset=2024-01-01 02:39:20  t_fail=2024-01-01 02:45:20  max_lead=0.1h
2026-07-03 19:42:04,133 [INFO] Loaded processed data ← C:\scada\data\processed\Ferrara_E2_features.parquet ((1985, 12))
2026-07-03 19:42:06,154 [INFO] Invariant features: 396 windows × 49 features (channel-count-invariant)
2026-07-03 19:42:06,156 [INFO] Split: train=198, cal=39, test=159 (total=396)
2026-07-03 19:42:06,227 [INFO] Threshold [percentile]: 0.354907
2026-07-03 19:42:06,229 [INFO] [RMS-Trend (kσ)] FAT=2024-01-01 02:39:10 | lead=0.10h | delay=n/a | FAR_preonset=0.7% | valid=True
2026-07-03 19:42:06,230 [INFO] Threshold [percentile]: 2.013007
2026-07-03 19:42:06,233 [INFO] [3σ Rule (σ=3.0)] FAT=2024-01-01 02:38:45 | lead=0.11h | delay=n/a | FAR_preonset=1.4% | valid=True
2026-07-03 19:42:06,234 [INFO] Threshold [percentile]: 1.504984
2026-07-03 19:42:06,236 [INFO] [EWMA (λ=0.2, k=3.0)] FAT=2024-01-01 02:38:45 | lead=0.11h | delay=n/a | FAR_preonset=1.4% | valid=True
2026-07-03 19:42:06,238 [INFO] Threshold [percentile]: 29.292036
2026-07-03 19:42:06,240 [INFO] [CUSUM (k=0.5, h=5.0)] FAT=2024-01-01 02:39:10 | lead=0.10h | delay=n/a | FAR_preonset=0.7% | valid=True
2026-07-03 19:42:06,252 [INFO] Threshold [percentile]: 28.403992
2026-07-03 19:42:06,255 [INFO] [Hotelling T²] FAT=2024-01-01 02:38:45 | lead=0.11h | delay=n/a | FAR_preonset=1.4% | valid=True
2026-07-03 19:42:07,044 [INFO] IsolationForest fitted on X=(198, 49)
2026-07-03 19:42:07,149 [INFO] Threshold [percentile]: 0.035786
2026-07-03 19:42:07,150 [INFO] [Isolation Forest] FAT=2024-01-01 01:56:15 | lead=0.82h | delay=n/a | FAR_preonset=4.1% | valid=True
2026-07-03 19:42:07,153 [INFO] Training Deep SVDD on cpu for 40 epochs ...
2026-07-03 19:42:07,355 [INFO]   Epoch [10/40] loss: 0.019123
2026-07-03 19:42:07,552 [INFO]   Epoch [20/40] loss: 0.010654
2026-07-03 19:42:07,725 [INFO]   Epoch [30/40] loss: 0.008162
2026-07-03 19:42:07,893 [INFO]   Epoch [40/40] loss: 0.006286
2026-07-03 19:42:07,897 [INFO] Threshold [percentile]: 0.440370
2026-07-03 19:42:07,900 [INFO] [Deep SVDD] FAT=None | lead=0.00h | delay=n/a | FAR_preonset=0.0% | valid=False
C:\scada\venv\Lib\site-packages\torch\nn\modules\rnn.py:1009: UserWarning: dropout option adds dropout after all but last recurrent layer, so non-zero dropout expects num_layers greater than 1, but got dropout=0.1 and num_layers=1
  super().__init__("LSTM", *args, **kwargs)
2026-07-03 19:42:07,919 [INFO] Training LSTM-AE on cpu for 50 epochs ...
2026-07-03 19:42:11,302 [INFO]   Epoch [10/50] loss: 0.037237
2026-07-03 19:42:14,675 [INFO]   Epoch [20/50] loss: 0.017504
2026-07-03 19:42:18,104 [INFO]   Epoch [30/50] loss: 0.013323
2026-07-03 19:42:21,410 [INFO]   Epoch [40/50] loss: 0.011505
2026-07-03 19:42:24,993 [INFO]   Epoch [50/50] loss: 0.009513
2026-07-03 19:42:25,102 [INFO] Threshold [percentile]: 0.022403
2026-07-03 19:42:25,104 [INFO] [LSTM-Autoencoder] FAT=2024-01-01 01:54:10 | lead=0.85h | delay=n/a | FAR_preonset=75.2% | valid=False
2026-07-03 19:42:25,116 [INFO] Training TCN-AE on cpu for 40 epochs ...
2026-07-03 19:42:26,991 [INFO]   Epoch [10/40] loss: 0.026047
2026-07-03 19:42:27,870 [INFO]   Epoch [20/40] loss: 0.012829
2026-07-03 19:42:28,662 [INFO]   Epoch [30/40] loss: 0.009800
2026-07-03 19:42:29,361 [INFO]   Epoch [40/40] loss: 0.007950
2026-07-03 19:42:29,382 [INFO] Threshold [percentile]: 0.013761
2026-07-03 19:42:29,383 [INFO] [TCN-Autoencoder] FAT=2024-01-01 01:51:40 | lead=0.89h | delay=n/a | FAR_preonset=79.3% | valid=False
2026-07-03 19:42:29,389 [INFO] Training Transformer-AD on cpu for 40 epochs ...
2026-07-03 19:42:30,081 [INFO]   Epoch [10/40] loss: 0.043658
2026-07-03 19:42:30,813 [INFO]   Epoch [20/40] loss: 0.034864
2026-07-03 19:42:31,515 [INFO]   Epoch [30/40] loss: 0.021005
2026-07-03 19:42:32,201 [INFO]   Epoch [40/40] loss: 0.017093
2026-07-03 19:42:32,215 [INFO] Threshold [percentile]: 0.037737
2026-07-03 19:42:32,216 [INFO] [Transformer-AD] FAT=2024-01-01 01:58:45 | lead=0.78h | delay=n/a | FAR_preonset=64.1% | valid=False
2026-07-03 19:42:32,225 [INFO] [E2] mode=aggregate factor=1 (~0 min) done
2026-07-03 19:42:32,242 [INFO] Loaded processed data ← C:\scada\data\processed\Ferrara_E2_features.parquet ((1985, 12))
2026-07-03 19:42:32,359 [INFO] Invariant features: 81 windows × 49 features (channel-count-invariant)
2026-07-03 19:42:32,359 [INFO] Split: train=40, cal=8, test=33 (total=81)
2026-07-03 19:42:32,378 [INFO] Threshold [percentile]: 0.683623
2026-07-03 19:42:32,378 [INFO] [RMS-Trend (kσ)] FAT=None | lead=0.00h | delay=n/a | FAR_preonset=0.0% | valid=False
2026-07-03 19:42:32,378 [INFO] Threshold [percentile]: 2.722377
2026-07-03 19:42:32,379 [INFO] [3σ Rule (σ=3.0)] FAT=None | lead=0.00h | delay=n/a | FAR_preonset=0.0% | valid=False
2026-07-03 19:42:32,379 [INFO] Threshold [percentile]: 1.239302
2026-07-03 19:42:32,379 [INFO] [EWMA (λ=0.2, k=3.0)] FAT=None | lead=0.00h | delay=n/a | FAR_preonset=0.0% | valid=False
2026-07-03 19:42:32,380 [INFO] Threshold [percentile]: 7.136834
2026-07-03 19:42:32,380 [INFO] [CUSUM (k=0.5, h=5.0)] FAT=None | lead=0.00h | delay=n/a | FAR_preonset=0.0% | valid=False
2026-07-03 19:42:32,389 [INFO] Threshold [percentile]: 28.753859
2026-07-03 19:42:32,389 [INFO] [Hotelling T²] FAT=2024-01-01 01:46:00 | lead=0.99h | delay=n/a | FAR_preonset=19.4% | valid=False
2026-07-03 19:42:32,600 [INFO] IsolationForest fitted on X=(40, 49)
2026-07-03 19:42:32,628 [INFO] Threshold [percentile]: 0.141030
2026-07-03 19:42:32,628 [INFO] [Isolation Forest] FAT=None | lead=0.00h | delay=n/a | FAR_preonset=0.0% | valid=False
2026-07-03 19:42:32,630 [INFO] Training Deep SVDD on cpu for 40 epochs ...
2026-07-03 19:42:32,643 [INFO]   Epoch [10/40] loss: 0.046830
2026-07-03 19:42:32,653 [INFO]   Epoch [20/40] loss: 0.021916
2026-07-03 19:42:32,664 [INFO]   Epoch [30/40] loss: 0.011579
2026-07-03 19:42:32,676 [INFO]   Epoch [40/40] loss: 0.008731
2026-07-03 19:42:32,677 [INFO] Threshold [percentile]: 0.952881
2026-07-03 19:42:32,677 [INFO] [Deep SVDD] FAT=None | lead=0.00h | delay=n/a | FAR_preonset=0.0% | valid=False
C:\scada\venv\Lib\site-packages\torch\nn\modules\rnn.py:1009: UserWarning: dropout option adds dropout after all but last recurrent layer, so non-zero dropout expects num_layers greater than 1, but got dropout=0.1 and num_layers=1
  super().__init__("LSTM", *args, **kwargs)
2026-07-03 19:42:32,680 [INFO] Training LSTM-AE on cpu for 50 epochs ...
2026-07-03 19:42:32,790 [INFO]   Epoch [10/50] loss: 0.209648
2026-07-03 19:42:32,868 [INFO]   Epoch [20/50] loss: 0.087167
2026-07-03 19:42:32,920 [INFO]   Epoch [30/50] loss: 0.051714
2026-07-03 19:42:32,972 [INFO]   Epoch [40/50] loss: 0.049923
2026-07-03 19:42:33,027 [INFO]   Epoch [50/50] loss: 0.046597
2026-07-03 19:42:33,034 [INFO] Threshold [percentile]: 0.059186
2026-07-03 19:42:33,034 [INFO] [LSTM-Autoencoder] FAT=2024-01-01 01:38:00 | lead=1.12h | delay=n/a | FAR_preonset=100.0% | valid=False
2026-07-03 19:42:33,038 [INFO] Training TCN-AE on cpu for 40 epochs ...
2026-07-03 19:42:33,122 [INFO]   Epoch [10/40] loss: 0.177567
2026-07-03 19:42:33,206 [INFO]   Epoch [20/40] loss: 0.107529
2026-07-03 19:42:33,289 [INFO]   Epoch [30/40] loss: 0.065050
2026-07-03 19:42:33,369 [INFO]   Epoch [40/40] loss: 0.042454
2026-07-03 19:42:33,384 [INFO] Threshold [percentile]: 0.046301
2026-07-03 19:42:33,384 [INFO] [TCN-Autoencoder] FAT=2024-01-01 01:38:00 | lead=1.12h | delay=n/a | FAR_preonset=100.0% | valid=False
2026-07-03 19:42:33,389 [INFO] Training Transformer-AD on cpu for 40 epochs ...
2026-07-03 19:42:33,461 [INFO]   Epoch [10/40] loss: 0.159142
2026-07-03 19:42:33,534 [INFO]   Epoch [20/40] loss: 0.074639
2026-07-03 19:42:33,607 [INFO]   Epoch [30/40] loss: 0.060377
2026-07-03 19:42:33,735 [INFO]   Epoch [40/40] loss: 0.057605
2026-07-03 19:42:33,740 [INFO] Threshold [percentile]: 0.060035
2026-07-03 19:42:33,740 [INFO] [Transformer-AD] FAT=2024-01-01 01:38:00 | lead=1.12h | delay=n/a | FAR_preonset=100.0% | valid=False
2026-07-03 19:42:33,743 [INFO] [E2] mode=aggregate factor=2 (~0 min) done
2026-07-03 19:42:33,743 [WARNING] [E2] mode=aggregate factor=5: window floored to 3 rows
2026-07-03 19:42:33,768 [INFO] Loaded processed data ← C:\scada\data\processed\Ferrara_E2_features.parquet ((1985, 12))
2026-07-03 19:42:34,000 [INFO] Invariant features: 164 windows × 49 features (channel-count-invariant)
2026-07-03 19:42:34,001 [INFO] Split: train=82, cal=16, test=66 (total=164)
2026-07-03 19:42:34,018 [INFO] Threshold [percentile]: 0.458868
2026-07-03 19:42:34,018 [INFO] [RMS-Trend (kσ)] FAT=2024-01-01 02:39:00 | lead=0.11h | delay=n/a | FAR_preonset=1.6% | valid=True
2026-07-03 19:42:34,019 [INFO] Threshold [percentile]: 2.635478
2026-07-03 19:42:34,019 [INFO] [3σ Rule (σ=3.0)] FAT=2024-01-01 02:38:00 | lead=0.12h | delay=n/a | FAR_preonset=3.3% | valid=True
2026-07-03 19:42:34,020 [INFO] Threshold [percentile]: 1.804794
2026-07-03 19:42:34,020 [INFO] [EWMA (λ=0.2, k=3.0)] FAT=2024-01-01 02:38:00 | lead=0.12h | delay=n/a | FAR_preonset=3.3% | valid=True
2026-07-03 19:42:34,022 [INFO] Threshold [percentile]: 13.458077
2026-07-03 19:42:34,022 [INFO] [CUSUM (k=0.5, h=5.0)] FAT=2024-01-01 02:38:00 | lead=0.12h | delay=n/a | FAR_preonset=3.3% | valid=True
2026-07-03 19:42:34,025 [INFO] Threshold [percentile]: 30.302909
2026-07-03 19:42:34,025 [INFO] [Hotelling T²] FAT=2024-01-01 01:55:00 | lead=0.84h | delay=n/a | FAR_preonset=6.6% | valid=True
2026-07-03 19:42:34,259 [INFO] IsolationForest fitted on X=(82, 49)
2026-07-03 19:42:34,284 [INFO] Threshold [percentile]: 0.107895
2026-07-03 19:42:34,285 [INFO] [Isolation Forest] FAT=2024-01-01 02:38:00 | lead=0.12h | delay=n/a | FAR_preonset=3.3% | valid=True
2026-07-03 19:42:34,286 [INFO] Training Deep SVDD on cpu for 40 epochs ...
2026-07-03 19:42:34,309 [INFO]   Epoch [10/40] loss: 0.033205
2026-07-03 19:42:34,330 [INFO]   Epoch [20/40] loss: 0.014446
2026-07-03 19:42:34,350 [INFO]   Epoch [30/40] loss: 0.008781
2026-07-03 19:42:34,371 [INFO]   Epoch [40/40] loss: 0.006140
2026-07-03 19:42:34,372 [INFO] Threshold [percentile]: 0.681027
2026-07-03 19:42:34,373 [INFO] [Deep SVDD] FAT=None | lead=0.00h | delay=n/a | FAR_preonset=0.0% | valid=False
C:\scada\venv\Lib\site-packages\torch\nn\modules\rnn.py:1009: UserWarning: dropout option adds dropout after all but last recurrent layer, so non-zero dropout expects num_layers greater than 1, but got dropout=0.1 and num_layers=1
  super().__init__("LSTM", *args, **kwargs)
2026-07-03 19:42:34,376 [INFO] Training LSTM-AE on cpu for 50 epochs ...
2026-07-03 19:42:34,532 [INFO]   Epoch [10/50] loss: 0.087145
2026-07-03 19:42:34,657 [INFO]   Epoch [20/50] loss: 0.049390
2026-07-03 19:42:34,828 [INFO]   Epoch [30/50] loss: 0.044162
2026-07-03 19:42:34,971 [INFO]   Epoch [40/50] loss: 0.037258
2026-07-03 19:42:35,148 [INFO]   Epoch [50/50] loss: 0.023379
2026-07-03 19:42:35,159 [INFO] Threshold [percentile]: 0.040048
2026-07-03 19:42:35,159 [INFO] [LSTM-Autoencoder] FAT=2024-01-01 01:39:00 | lead=1.11h | delay=n/a | FAR_preonset=100.0% | valid=False
2026-07-03 19:42:35,164 [INFO] Training TCN-AE on cpu for 40 epochs ...
2026-07-03 19:42:35,402 [INFO]   Epoch [10/40] loss: 0.109067
2026-07-03 19:42:35,650 [INFO]   Epoch [20/40] loss: 0.043413
2026-07-03 19:42:35,907 [INFO]   Epoch [30/40] loss: 0.029343
2026-07-03 19:42:36,143 [INFO]   Epoch [40/40] loss: 0.022742
2026-07-03 19:42:36,155 [INFO] Threshold [percentile]: 0.036988
2026-07-03 19:42:36,155 [INFO] [TCN-Autoencoder] FAT=2024-01-01 01:39:00 | lead=1.11h | delay=n/a | FAR_preonset=100.0% | valid=False
2026-07-03 19:42:36,161 [INFO] Training Transformer-AD on cpu for 40 epochs ...
2026-07-03 19:42:36,392 [INFO]   Epoch [10/40] loss: 0.072990
2026-07-03 19:42:36,666 [INFO]   Epoch [20/40] loss: 0.053604
2026-07-03 19:42:36,889 [INFO]   Epoch [30/40] loss: 0.049986
2026-07-03 19:42:37,116 [INFO]   Epoch [40/40] loss: 0.046248
2026-07-03 19:42:37,122 [INFO] Threshold [percentile]: 0.078629
2026-07-03 19:42:37,122 [INFO] [Transformer-AD] FAT=2024-01-01 02:17:00 | lead=0.47h | delay=n/a | FAR_preonset=37.7% | valid=False
2026-07-03 19:42:37,124 [INFO] [E2] mode=aggregate factor=5 (~0 min) done
2026-07-03 19:42:37,124 [WARNING] [E2] mode=aggregate factor=10: window floored to 3 rows
2026-07-03 19:42:37,142 [INFO] Loaded processed data ← C:\scada\data\processed\Ferrara_E2_features.parquet ((1985, 12))
2026-07-03 19:42:37,362 [INFO] Invariant features: 164 windows × 49 features (channel-count-invariant)
2026-07-03 19:42:37,363 [INFO] Split: train=82, cal=16, test=66 (total=164)
2026-07-03 19:42:37,380 [INFO] Threshold [percentile]: 0.458868
2026-07-03 19:42:37,380 [INFO] [RMS-Trend (kσ)] FAT=2024-01-01 02:39:00 | lead=0.11h | delay=n/a | FAR_preonset=1.6% | valid=True
2026-07-03 19:42:37,381 [INFO] Threshold [percentile]: 2.635478
2026-07-03 19:42:37,381 [INFO] [3σ Rule (σ=3.0)] FAT=2024-01-01 02:38:00 | lead=0.12h | delay=n/a | FAR_preonset=3.3% | valid=True
2026-07-03 19:42:37,382 [INFO] Threshold [percentile]: 1.804794
2026-07-03 19:42:37,382 [INFO] [EWMA (λ=0.2, k=3.0)] FAT=2024-01-01 02:38:00 | lead=0.12h | delay=n/a | FAR_preonset=3.3% | valid=True
2026-07-03 19:42:37,383 [INFO] Threshold [percentile]: 13.458077
2026-07-03 19:42:37,383 [INFO] [CUSUM (k=0.5, h=5.0)] FAT=2024-01-01 02:38:00 | lead=0.12h | delay=n/a | FAR_preonset=3.3% | valid=True
2026-07-03 19:42:37,387 [INFO] Threshold [percentile]: 30.302909
2026-07-03 19:42:37,388 [INFO] [Hotelling T²] FAT=2024-01-01 01:41:00 | lead=1.07h | delay=n/a | FAR_preonset=13.1% | valid=False
2026-07-03 19:42:37,623 [INFO] IsolationForest fitted on X=(82, 49)
2026-07-03 19:42:37,647 [INFO] Threshold [percentile]: 0.107895
2026-07-03 19:42:37,647 [INFO] [Isolation Forest] FAT=2024-01-01 02:38:00 | lead=0.12h | delay=n/a | FAR_preonset=3.3% | valid=True
2026-07-03 19:42:37,649 [INFO] Training Deep SVDD on cpu for 40 epochs ...
2026-07-03 19:42:37,675 [INFO]   Epoch [10/40] loss: 0.033205
2026-07-03 19:42:37,700 [INFO]   Epoch [20/40] loss: 0.014446
2026-07-03 19:42:37,723 [INFO]   Epoch [30/40] loss: 0.008781
2026-07-03 19:42:37,745 [INFO]   Epoch [40/40] loss: 0.006140
2026-07-03 19:42:37,747 [INFO] Threshold [percentile]: 0.681027
2026-07-03 19:42:37,747 [INFO] [Deep SVDD] FAT=2024-01-01 02:44:00 | lead=0.02h | delay=0.08h | FAR_preonset=0.0% | valid=True
C:\scada\venv\Lib\site-packages\torch\nn\modules\rnn.py:1009: UserWarning: dropout option adds dropout after all but last recurrent layer, so non-zero dropout expects num_layers greater than 1, but got dropout=0.1 and num_layers=1
  super().__init__("LSTM", *args, **kwargs)
2026-07-03 19:42:37,751 [INFO] Training LSTM-AE on cpu for 50 epochs ...
2026-07-03 19:42:37,899 [INFO]   Epoch [10/50] loss: 0.087145
2026-07-03 19:42:38,021 [INFO]   Epoch [20/50] loss: 0.049390
2026-07-03 19:42:38,158 [INFO]   Epoch [30/50] loss: 0.044162
2026-07-03 19:42:38,286 [INFO]   Epoch [40/50] loss: 0.037258
2026-07-03 19:42:38,417 [INFO]   Epoch [50/50] loss: 0.023379
2026-07-03 19:42:38,423 [INFO] Threshold [percentile]: 0.040048
2026-07-03 19:42:38,423 [INFO] [LSTM-Autoencoder] FAT=2024-01-01 01:39:00 | lead=1.11h | delay=n/a | FAR_preonset=100.0% | valid=False
2026-07-03 19:42:38,428 [INFO] Training TCN-AE on cpu for 40 epochs ...
2026-07-03 19:42:38,659 [INFO]   Epoch [10/40] loss: 0.109067
2026-07-03 19:42:38,889 [INFO]   Epoch [20/40] loss: 0.043413
2026-07-03 19:42:39,115 [INFO]   Epoch [30/40] loss: 0.029343
2026-07-03 19:42:39,345 [INFO]   Epoch [40/40] loss: 0.022742
2026-07-03 19:42:39,353 [INFO] Threshold [percentile]: 0.036988
2026-07-03 19:42:39,353 [INFO] [TCN-Autoencoder] FAT=2024-01-01 01:39:00 | lead=1.11h | delay=n/a | FAR_preonset=100.0% | valid=False
2026-07-03 19:42:39,358 [INFO] Training Transformer-AD on cpu for 40 epochs ...
2026-07-03 19:42:39,576 [INFO]   Epoch [10/40] loss: 0.072990
2026-07-03 19:42:39,799 [INFO]   Epoch [20/40] loss: 0.053604
2026-07-03 19:42:40,024 [INFO]   Epoch [30/40] loss: 0.049986
2026-07-03 19:42:40,266 [INFO]   Epoch [40/40] loss: 0.046248
2026-07-03 19:42:40,271 [INFO] Threshold [percentile]: 0.078629
2026-07-03 19:42:40,272 [INFO] [Transformer-AD] FAT=2024-01-01 02:17:00 | lead=0.47h | delay=n/a | FAR_preonset=37.7% | valid=False
2026-07-03 19:42:40,273 [INFO] [E2] mode=aggregate factor=10 (~1 min) done
2026-07-03 19:42:40,273 [WARNING] [E2] mode=aggregate factor=20: window floored to 3 rows
2026-07-03 19:42:40,291 [INFO] Loaded processed data ← C:\scada\data\processed\Ferrara_E2_features.parquet ((1985, 12))
2026-07-03 19:42:40,411 [INFO] Invariant features: 81 windows × 49 features (channel-count-invariant)
2026-07-03 19:42:40,411 [INFO] Split: train=40, cal=8, test=33 (total=81)
2026-07-03 19:42:40,431 [INFO] Threshold [percentile]: 0.561397
2026-07-03 19:42:40,431 [INFO] [RMS-Trend (kσ)] FAT=2024-01-01 02:38:00 | lead=0.12h | delay=n/a | FAR_preonset=3.2% | valid=True
2026-07-03 19:42:40,431 [INFO] Threshold [percentile]: 2.255130
2026-07-03 19:42:40,432 [INFO] [3σ Rule (σ=3.0)] FAT=2024-01-01 02:36:00 | lead=0.16h | delay=n/a | FAR_preonset=6.5% | valid=True
2026-07-03 19:42:40,432 [INFO] Threshold [percentile]: 1.318850
2026-07-03 19:42:40,432 [INFO] [EWMA (λ=0.2, k=3.0)] FAT=2024-01-01 02:36:00 | lead=0.16h | delay=n/a | FAR_preonset=6.5% | valid=True
2026-07-03 19:42:40,433 [INFO] Threshold [percentile]: 7.353949
2026-07-03 19:42:40,433 [INFO] [CUSUM (k=0.5, h=5.0)] FAT=2024-01-01 02:36:00 | lead=0.16h | delay=n/a | FAR_preonset=6.5% | valid=True
2026-07-03 19:42:40,434 [INFO] Threshold [percentile]: 28.117803
2026-07-03 19:42:40,435 [INFO] [Hotelling T²] FAT=2024-01-01 01:46:00 | lead=0.99h | delay=n/a | FAR_preonset=22.6% | valid=False
2026-07-03 19:42:40,676 [INFO] IsolationForest fitted on X=(40, 49)
2026-07-03 19:42:40,704 [INFO] Threshold [percentile]: 0.128715
2026-07-03 19:42:40,704 [INFO] [Isolation Forest] FAT=2024-01-01 02:38:00 | lead=0.12h | delay=n/a | FAR_preonset=3.2% | valid=True
2026-07-03 19:42:40,706 [INFO] Training Deep SVDD on cpu for 40 epochs ...
2026-07-03 19:42:40,718 [INFO]   Epoch [10/40] loss: 0.035222
2026-07-03 19:42:40,729 [INFO]   Epoch [20/40] loss: 0.016482
2026-07-03 19:42:40,740 [INFO]   Epoch [30/40] loss: 0.009185
2026-07-03 19:42:40,752 [INFO]   Epoch [40/40] loss: 0.005488
2026-07-03 19:42:40,753 [INFO] Threshold [percentile]: 0.889020
2026-07-03 19:42:40,753 [INFO] [Deep SVDD] FAT=2024-01-01 02:38:00 | lead=0.12h | delay=n/a | FAR_preonset=3.2% | valid=True
C:\scada\venv\Lib\site-packages\torch\nn\modules\rnn.py:1009: UserWarning: dropout option adds dropout after all but last recurrent layer, so non-zero dropout expects num_layers greater than 1, but got dropout=0.1 and num_layers=1
  super().__init__("LSTM", *args, **kwargs)
2026-07-03 19:42:40,756 [INFO] Training LSTM-AE on cpu for 50 epochs ...
2026-07-03 19:42:40,857 [INFO]   Epoch [10/50] loss: 0.217378
2026-07-03 19:42:40,936 [INFO]   Epoch [20/50] loss: 0.091724
2026-07-03 19:42:40,983 [INFO]   Epoch [30/50] loss: 0.054157
2026-07-03 19:42:41,034 [INFO]   Epoch [40/50] loss: 0.052537
2026-07-03 19:42:41,087 [INFO]   Epoch [50/50] loss: 0.048786
2026-07-03 19:42:41,091 [INFO] Threshold [percentile]: 0.062416
2026-07-03 19:42:41,092 [INFO] [LSTM-Autoencoder] FAT=2024-01-01 01:38:00 | lead=1.12h | delay=n/a | FAR_preonset=100.0% | valid=False
2026-07-03 19:42:41,096 [INFO] Training TCN-AE on cpu for 40 epochs ...
2026-07-03 19:42:41,192 [INFO]   Epoch [10/40] loss: 0.180706
2026-07-03 19:42:41,286 [INFO]   Epoch [20/40] loss: 0.109764
2026-07-03 19:42:41,388 [INFO]   Epoch [30/40] loss: 0.067119
2026-07-03 19:42:41,497 [INFO]   Epoch [40/40] loss: 0.044321
2026-07-03 19:42:41,505 [INFO] Threshold [percentile]: 0.048409
2026-07-03 19:42:41,505 [INFO] [TCN-Autoencoder] FAT=2024-01-01 01:38:00 | lead=1.12h | delay=n/a | FAR_preonset=100.0% | valid=False
2026-07-03 19:42:41,512 [INFO] Training Transformer-AD on cpu for 40 epochs ...
2026-07-03 19:42:41,617 [INFO]   Epoch [10/40] loss: 0.165027
2026-07-03 19:42:41,723 [INFO]   Epoch [20/40] loss: 0.077772
2026-07-03 19:42:41,832 [INFO]   Epoch [30/40] loss: 0.062672
2026-07-03 19:42:41,945 [INFO]   Epoch [40/40] loss: 0.059915
2026-07-03 19:42:41,949 [INFO] Threshold [percentile]: 0.062696
2026-07-03 19:42:41,949 [INFO] [Transformer-AD] FAT=2024-01-01 01:38:00 | lead=1.12h | delay=n/a | FAR_preonset=100.0% | valid=False
2026-07-03 19:42:41,951 [INFO] [E2] mode=aggregate factor=20 (~2 min) done
2026-07-03 19:42:41,970 [INFO] Loaded processed data ← C:\scada\data\processed\Ferrara_E2_features.parquet ((1985, 12))
2026-07-03 19:42:42,473 [INFO] Invariant features: 396 windows × 49 features (channel-count-invariant)
2026-07-03 19:42:42,474 [INFO] Split: train=198, cal=39, test=159 (total=396)
2026-07-03 19:42:42,496 [INFO] Threshold [percentile]: 0.354907
2026-07-03 19:42:42,498 [INFO] [RMS-Trend (kσ)] FAT=2024-01-01 02:39:10 | lead=0.10h | delay=n/a | FAR_preonset=0.7% | valid=True
2026-07-03 19:42:42,498 [INFO] Threshold [percentile]: 2.013007
2026-07-03 19:42:42,498 [INFO] [3σ Rule (σ=3.0)] FAT=2024-01-01 02:38:45 | lead=0.11h | delay=n/a | FAR_preonset=1.4% | valid=True
2026-07-03 19:42:42,499 [INFO] Threshold [percentile]: 1.504984
2026-07-03 19:42:42,500 [INFO] [EWMA (λ=0.2, k=3.0)] FAT=2024-01-01 02:38:45 | lead=0.11h | delay=n/a | FAR_preonset=1.4% | valid=True
2026-07-03 19:42:42,500 [INFO] Threshold [percentile]: 29.292036
2026-07-03 19:42:42,501 [INFO] [CUSUM (k=0.5, h=5.0)] FAT=2024-01-01 02:39:10 | lead=0.10h | delay=n/a | FAR_preonset=0.7% | valid=True
2026-07-03 19:42:42,506 [INFO] Threshold [percentile]: 28.403992
2026-07-03 19:42:42,507 [INFO] [Hotelling T²] FAT=2024-01-01 02:38:45 | lead=0.11h | delay=n/a | FAR_preonset=1.4% | valid=True
2026-07-03 19:42:42,773 [INFO] IsolationForest fitted on X=(198, 49)
2026-07-03 19:42:42,809 [INFO] Threshold [percentile]: 0.035786
2026-07-03 19:42:42,810 [INFO] [Isolation Forest] FAT=2024-01-01 01:56:15 | lead=0.82h | delay=n/a | FAR_preonset=4.1% | valid=True
2026-07-03 19:42:42,812 [INFO] Training Deep SVDD on cpu for 40 epochs ...
2026-07-03 19:42:42,856 [INFO]   Epoch [10/40] loss: 0.019123
2026-07-03 19:42:42,898 [INFO]   Epoch [20/40] loss: 0.010654
2026-07-03 19:42:42,948 [INFO]   Epoch [30/40] loss: 0.008162
2026-07-03 19:42:42,998 [INFO]   Epoch [40/40] loss: 0.006286
2026-07-03 19:42:43,000 [INFO] Threshold [percentile]: 0.440370
2026-07-03 19:42:43,001 [INFO] [Deep SVDD] FAT=None | lead=0.00h | delay=n/a | FAR_preonset=0.0% | valid=False
C:\scada\venv\Lib\site-packages\torch\nn\modules\rnn.py:1009: UserWarning: dropout option adds dropout after all but last recurrent layer, so non-zero dropout expects num_layers greater than 1, but got dropout=0.1 and num_layers=1
  super().__init__("LSTM", *args, **kwargs)
2026-07-03 19:42:43,005 [INFO] Training LSTM-AE on cpu for 50 epochs ...
2026-07-03 19:42:43,458 [INFO]   Epoch [10/50] loss: 0.037237
2026-07-03 19:42:43,865 [INFO]   Epoch [20/50] loss: 0.017504
2026-07-03 19:42:44,266 [INFO]   Epoch [30/50] loss: 0.013323
2026-07-03 19:42:44,666 [INFO]   Epoch [40/50] loss: 0.011505
2026-07-03 19:42:45,080 [INFO]   Epoch [50/50] loss: 0.009513
2026-07-03 19:42:45,095 [INFO] Threshold [percentile]: 0.022403
2026-07-03 19:42:45,096 [INFO] [LSTM-Autoencoder] FAT=2024-01-01 01:54:10 | lead=0.85h | delay=n/a | FAR_preonset=75.2% | valid=False
2026-07-03 19:42:45,101 [INFO] Training TCN-AE on cpu for 40 epochs ...
2026-07-03 19:42:45,805 [INFO]   Epoch [10/40] loss: 0.026047
2026-07-03 19:42:46,491 [INFO]   Epoch [20/40] loss: 0.012829
2026-07-03 19:42:47,185 [INFO]   Epoch [30/40] loss: 0.009800
2026-07-03 19:42:47,877 [INFO]   Epoch [40/40] loss: 0.007950
2026-07-03 19:42:47,894 [INFO] Threshold [percentile]: 0.013761
2026-07-03 19:42:47,895 [INFO] [TCN-Autoencoder] FAT=2024-01-01 01:51:40 | lead=0.89h | delay=n/a | FAR_preonset=79.3% | valid=False
2026-07-03 19:42:47,900 [INFO] Training Transformer-AD on cpu for 40 epochs ...
2026-07-03 19:42:48,594 [INFO]   Epoch [10/40] loss: 0.043658
2026-07-03 19:42:49,297 [INFO]   Epoch [20/40] loss: 0.034864
2026-07-03 19:42:49,983 [INFO]   Epoch [30/40] loss: 0.021005
2026-07-03 19:42:50,757 [INFO]   Epoch [40/40] loss: 0.017093
2026-07-03 19:42:50,771 [INFO] Threshold [percentile]: 0.037737
2026-07-03 19:42:50,772 [INFO] [Transformer-AD] FAT=2024-01-01 01:58:45 | lead=0.78h | delay=n/a | FAR_preonset=64.1% | valid=False
2026-07-03 19:42:50,774 [INFO] [E2] mode=decimate factor=1 (~0 min) done
2026-07-03 19:42:50,793 [INFO] Loaded processed data ← C:\scada\data\processed\Ferrara_E2_features.parquet ((1985, 12))
2026-07-03 19:42:51,381 [INFO] Invariant features: 495 windows × 49 features (channel-count-invariant)
2026-07-03 19:42:51,381 [INFO] Split: train=247, cal=50, test=198 (total=495)
2026-07-03 19:42:51,399 [INFO] Threshold [percentile]: 0.390715
2026-07-03 19:42:51,400 [INFO] [RMS-Trend (kσ)] FAT=None | lead=0.00h | delay=n/a | FAR_preonset=0.0% | valid=False
2026-07-03 19:42:51,400 [INFO] Threshold [percentile]: 2.501322
2026-07-03 19:42:51,401 [INFO] [3σ Rule (σ=3.0)] FAT=2024-01-01 02:38:40 | lead=0.11h | delay=n/a | FAR_preonset=1.1% | valid=True
2026-07-03 19:42:51,401 [INFO] Threshold [percentile]: 1.506744
2026-07-03 19:42:51,402 [INFO] [EWMA (λ=0.2, k=3.0)] FAT=2024-01-01 02:39:00 | lead=0.11h | delay=n/a | FAR_preonset=0.6% | valid=True
2026-07-03 19:42:51,402 [INFO] Threshold [percentile]: 30.291413
2026-07-03 19:42:51,403 [INFO] [CUSUM (k=0.5, h=5.0)] FAT=2024-01-01 02:39:20 | lead=0.10h | delay=0.00h | FAR_preonset=0.0% | valid=True
2026-07-03 19:42:51,409 [INFO] Threshold [percentile]: 29.453183
2026-07-03 19:42:51,410 [INFO] [Hotelling T²] FAT=2024-01-01 02:38:40 | lead=0.11h | delay=n/a | FAR_preonset=1.1% | valid=True
2026-07-03 19:42:51,661 [INFO] IsolationForest fitted on X=(247, 49)
2026-07-03 19:42:51,690 [INFO] Threshold [percentile]: 0.070850
2026-07-03 19:42:51,690 [INFO] [Isolation Forest] FAT=2024-01-01 02:38:40 | lead=0.11h | delay=n/a | FAR_preonset=1.1% | valid=True
2026-07-03 19:42:51,692 [INFO] Training Deep SVDD on cpu for 40 epochs ...
2026-07-03 19:42:51,755 [INFO]   Epoch [10/40] loss: 0.015910
2026-07-03 19:42:51,812 [INFO]   Epoch [20/40] loss: 0.008100
2026-07-03 19:42:51,865 [INFO]   Epoch [30/40] loss: 0.006000
2026-07-03 19:42:51,911 [INFO]   Epoch [40/40] loss: 0.004851
2026-07-03 19:42:51,912 [INFO] Threshold [percentile]: 0.639353
2026-07-03 19:42:51,913 [INFO] [Deep SVDD] FAT=None | lead=0.00h | delay=n/a | FAR_preonset=0.0% | valid=False
C:\scada\venv\Lib\site-packages\torch\nn\modules\rnn.py:1009: UserWarning: dropout option adds dropout after all but last recurrent layer, so non-zero dropout expects num_layers greater than 1, but got dropout=0.1 and num_layers=1
  super().__init__("LSTM", *args, **kwargs)
2026-07-03 19:42:51,917 [INFO] Training LSTM-AE on cpu for 50 epochs ...
2026-07-03 19:42:52,422 [INFO]   Epoch [10/50] loss: 0.036639
2026-07-03 19:42:52,917 [INFO]   Epoch [20/50] loss: 0.015939
2026-07-03 19:42:53,428 [INFO]   Epoch [30/50] loss: 0.013355
2026-07-03 19:42:53,927 [INFO]   Epoch [40/50] loss: 0.011196
2026-07-03 19:42:54,488 [INFO]   Epoch [50/50] loss: 0.009391
2026-07-03 19:42:54,514 [INFO] Threshold [percentile]: 0.019476
2026-07-03 19:42:54,515 [INFO] [LSTM-Autoencoder] FAT=2024-01-01 01:39:20 | lead=1.10h | delay=n/a | FAR_preonset=100.0% | valid=False
2026-07-03 19:42:54,521 [INFO] Training TCN-AE on cpu for 40 epochs ...
2026-07-03 19:42:55,503 [INFO]   Epoch [10/40] loss: 0.025121
2026-07-03 19:42:56,606 [INFO]   Epoch [20/40] loss: 0.013226
2026-07-03 19:42:57,740 [INFO]   Epoch [30/40] loss: 0.010163
2026-07-03 19:42:58,611 [INFO]   Epoch [40/40] loss: 0.007743
2026-07-03 19:42:58,637 [INFO] Threshold [percentile]: 0.011963
2026-07-03 19:42:58,638 [INFO] [TCN-Autoencoder] FAT=2024-01-01 01:39:20 | lead=1.10h | delay=n/a | FAR_preonset=100.0% | valid=False
2026-07-03 19:42:58,646 [INFO] Training Transformer-AD on cpu for 40 epochs ...
2026-07-03 19:42:59,626 [INFO]   Epoch [10/40] loss: 0.043147
2026-07-03 19:43:00,559 [INFO]   Epoch [20/40] loss: 0.029135
2026-07-03 19:43:01,687 [INFO]   Epoch [30/40] loss: 0.019298
2026-07-03 19:43:02,645 [INFO]   Epoch [40/40] loss: 0.016269
2026-07-03 19:43:02,662 [INFO] Threshold [percentile]: 0.036965
2026-07-03 19:43:02,663 [INFO] [Transformer-AD] FAT=2024-01-01 02:02:00 | lead=0.72h | delay=n/a | FAR_preonset=62.2% | valid=False
2026-07-03 19:43:02,665 [INFO] [E2] mode=decimate factor=2 (~0 min) done
2026-07-03 19:43:02,665 [WARNING] [E2] mode=decimate factor=5: window floored to 3 rows
2026-07-03 19:43:02,683 [INFO] Loaded processed data ← C:\scada\data\processed\Ferrara_E2_features.parquet ((1985, 12))
2026-07-03 19:43:03,229 [INFO] Invariant features: 395 windows × 49 features (channel-count-invariant)
2026-07-03 19:43:03,229 [INFO] Split: train=197, cal=40, test=158 (total=395)
2026-07-03 19:43:03,248 [INFO] Threshold [percentile]: 0.479009
2026-07-03 19:43:03,249 [INFO] [RMS-Trend (kσ)] FAT=2024-01-01 02:39:35 | lead=0.10h | delay=0.00h | FAR_preonset=0.0% | valid=True
2026-07-03 19:43:03,249 [INFO] Threshold [percentile]: 2.952223
2026-07-03 19:43:03,250 [INFO] [3σ Rule (σ=3.0)] FAT=2024-01-01 02:38:45 | lead=0.11h | delay=n/a | FAR_preonset=1.4% | valid=True
2026-07-03 19:43:03,250 [INFO] Threshold [percentile]: 1.256264
2026-07-03 19:43:03,251 [INFO] [EWMA (λ=0.2, k=3.0)] FAT=2024-01-01 02:38:45 | lead=0.11h | delay=n/a | FAR_preonset=1.4% | valid=True
2026-07-03 19:43:03,253 [INFO] Threshold [percentile]: 19.469570
2026-07-03 19:43:03,253 [INFO] [CUSUM (k=0.5, h=5.0)] FAT=2024-01-01 02:39:10 | lead=0.10h | delay=n/a | FAR_preonset=0.7% | valid=True
2026-07-03 19:43:03,256 [INFO] Threshold [percentile]: 39.091369
2026-07-03 19:43:03,257 [INFO] [Hotelling T²] FAT=2024-01-01 02:38:45 | lead=0.11h | delay=n/a | FAR_preonset=1.4% | valid=True
2026-07-03 19:43:03,507 [INFO] IsolationForest fitted on X=(197, 49)
2026-07-03 19:43:03,548 [INFO] Threshold [percentile]: 0.079408
2026-07-03 19:43:03,549 [INFO] [Isolation Forest] FAT=2024-01-01 02:09:10 | lead=0.60h | delay=n/a | FAR_preonset=3.4% | valid=True
2026-07-03 19:43:03,550 [INFO] Training Deep SVDD on cpu for 40 epochs ...
2026-07-03 19:43:03,609 [INFO]   Epoch [10/40] loss: 0.021203
2026-07-03 19:43:03,652 [INFO]   Epoch [20/40] loss: 0.011524
2026-07-03 19:43:03,698 [INFO]   Epoch [30/40] loss: 0.008174
2026-07-03 19:43:03,740 [INFO]   Epoch [40/40] loss: 0.006152
2026-07-03 19:43:03,741 [INFO] Threshold [percentile]: 0.601064
2026-07-03 19:43:03,741 [INFO] [Deep SVDD] FAT=None | lead=0.00h | delay=n/a | FAR_preonset=0.0% | valid=False
C:\scada\venv\Lib\site-packages\torch\nn\modules\rnn.py:1009: UserWarning: dropout option adds dropout after all but last recurrent layer, so non-zero dropout expects num_layers greater than 1, but got dropout=0.1 and num_layers=1
  super().__init__("LSTM", *args, **kwargs)
2026-07-03 19:43:03,746 [INFO] Training LSTM-AE on cpu for 50 epochs ...
2026-07-03 19:43:04,151 [INFO]   Epoch [10/50] loss: 0.037009
2026-07-03 19:43:04,564 [INFO]   Epoch [20/50] loss: 0.019099
2026-07-03 19:43:05,000 [INFO]   Epoch [30/50] loss: 0.014686
2026-07-03 19:43:05,487 [INFO]   Epoch [40/50] loss: 0.011776
2026-07-03 19:43:05,898 [INFO]   Epoch [50/50] loss: 0.010586
2026-07-03 19:43:05,925 [INFO] Threshold [percentile]: 0.021663
2026-07-03 19:43:05,926 [INFO] [LSTM-Autoencoder] FAT=2024-01-01 01:55:25 | lead=0.83h | delay=n/a | FAR_preonset=73.1% | valid=False
2026-07-03 19:43:05,932 [INFO] Training TCN-AE on cpu for 40 epochs ...
2026-07-03 19:43:06,694 [INFO]   Epoch [10/40] loss: 0.028079
2026-07-03 19:43:07,440 [INFO]   Epoch [20/40] loss: 0.014019
2026-07-03 19:43:08,148 [INFO]   Epoch [30/40] loss: 0.010592
2026-07-03 19:43:08,929 [INFO]   Epoch [40/40] loss: 0.008591
2026-07-03 19:43:08,949 [INFO] Threshold [percentile]: 0.014778
2026-07-03 19:43:08,950 [INFO] [TCN-Autoencoder] FAT=2024-01-01 01:52:30 | lead=0.88h | delay=n/a | FAR_preonset=77.9% | valid=False
2026-07-03 19:43:08,956 [INFO] Training Transformer-AD on cpu for 40 epochs ...
2026-07-03 19:43:09,729 [INFO]   Epoch [10/40] loss: 0.041583
2026-07-03 19:43:10,507 [INFO]   Epoch [20/40] loss: 0.036397
2026-07-03 19:43:11,266 [INFO]   Epoch [30/40] loss: 0.022606
2026-07-03 19:43:12,005 [INFO]   Epoch [40/40] loss: 0.018181
2026-07-03 19:43:12,018 [INFO] Threshold [percentile]: 0.036364
2026-07-03 19:43:12,019 [INFO] [Transformer-AD] FAT=2024-01-01 01:57:55 | lead=0.79h | delay=n/a | FAR_preonset=61.4% | valid=False
2026-07-03 19:43:12,021 [INFO] [E2] mode=decimate factor=5 (~0 min) done
2026-07-03 19:43:12,021 [WARNING] [E2] mode=decimate factor=10: window floored to 3 rows
2026-07-03 19:43:12,038 [INFO] Loaded processed data ← C:\scada\data\processed\Ferrara_E2_features.parquet ((1985, 12))
2026-07-03 19:43:12,292 [INFO] Invariant features: 197 windows × 49 features (channel-count-invariant)
2026-07-03 19:43:12,292 [INFO] Split: train=98, cal=20, test=79 (total=197)
2026-07-03 19:43:12,308 [INFO] Threshold [percentile]: 0.832451
2026-07-03 19:43:12,308 [INFO] [RMS-Trend (kσ)] FAT=2024-01-01 02:39:10 | lead=0.10h | delay=n/a | FAR_preonset=1.4% | valid=True
2026-07-03 19:43:12,308 [INFO] Threshold [percentile]: 2.368766
2026-07-03 19:43:12,309 [INFO] [3σ Rule (σ=3.0)] FAT=2024-01-01 01:49:10 | lead=0.94h | delay=n/a | FAR_preonset=4.1% | valid=True
2026-07-03 19:43:12,309 [INFO] Threshold [percentile]: 1.189354
2026-07-03 19:43:12,309 [INFO] [EWMA (λ=0.2, k=3.0)] FAT=2024-01-01 02:38:20 | lead=0.12h | delay=n/a | FAR_preonset=2.7% | valid=True
2026-07-03 19:43:12,310 [INFO] Threshold [percentile]: 11.096418
2026-07-03 19:43:12,310 [INFO] [CUSUM (k=0.5, h=5.0)] FAT=2024-01-01 02:38:20 | lead=0.12h | delay=n/a | FAR_preonset=2.7% | valid=True
2026-07-03 19:43:12,312 [INFO] Threshold [percentile]: 32.586419
2026-07-03 19:43:12,312 [INFO] [Hotelling T²] FAT=2024-01-01 01:49:10 | lead=0.94h | delay=n/a | FAR_preonset=6.8% | valid=True
2026-07-03 19:43:12,558 [INFO] IsolationForest fitted on X=(98, 49)
2026-07-03 19:43:12,585 [INFO] Threshold [percentile]: 0.093244
2026-07-03 19:43:12,585 [INFO] [Isolation Forest] FAT=2024-01-01 02:38:20 | lead=0.12h | delay=n/a | FAR_preonset=2.7% | valid=True
2026-07-03 19:43:12,587 [INFO] Training Deep SVDD on cpu for 40 epochs ...
2026-07-03 19:43:12,624 [INFO]   Epoch [10/40] loss: 0.029551
2026-07-03 19:43:12,653 [INFO]   Epoch [20/40] loss: 0.016115
2026-07-03 19:43:12,683 [INFO]   Epoch [30/40] loss: 0.010839
2026-07-03 19:43:12,710 [INFO]   Epoch [40/40] loss: 0.008658
2026-07-03 19:43:12,711 [INFO] Threshold [percentile]: 0.614584
2026-07-03 19:43:12,712 [INFO] [Deep SVDD] FAT=2024-01-01 02:39:10 | lead=0.10h | delay=n/a | FAR_preonset=1.4% | valid=True
C:\scada\venv\Lib\site-packages\torch\nn\modules\rnn.py:1009: UserWarning: dropout option adds dropout after all but last recurrent layer, so non-zero dropout expects num_layers greater than 1, but got dropout=0.1 and num_layers=1
  super().__init__("LSTM", *args, **kwargs)
2026-07-03 19:43:12,715 [INFO] Training LSTM-AE on cpu for 50 epochs ...
2026-07-03 19:43:12,947 [INFO]   Epoch [10/50] loss: 0.045583
2026-07-03 19:43:13,189 [INFO]   Epoch [20/50] loss: 0.037974
2026-07-03 19:43:13,450 [INFO]   Epoch [30/50] loss: 0.035806
2026-07-03 19:43:13,694 [INFO]   Epoch [40/50] loss: 0.023251
2026-07-03 19:43:13,962 [INFO]   Epoch [50/50] loss: 0.019487
2026-07-03 19:43:13,977 [INFO] Threshold [percentile]: 0.027296
2026-07-03 19:43:13,977 [INFO] [LSTM-Autoencoder] FAT=2024-01-01 01:39:10 | lead=1.10h | delay=n/a | FAR_preonset=100.0% | valid=False
2026-07-03 19:43:13,983 [INFO] Training TCN-AE on cpu for 40 epochs ...
2026-07-03 19:43:14,372 [INFO]   Epoch [10/40] loss: 0.061873
2026-07-03 19:43:14,850 [INFO]   Epoch [20/40] loss: 0.030321
2026-07-03 19:43:15,354 [INFO]   Epoch [30/40] loss: 0.024106
2026-07-03 19:43:18,603 [INFO]   Epoch [40/40] loss: 0.016484
2026-07-03 19:43:18,763 [INFO] Threshold [percentile]: 0.022686
2026-07-03 19:43:18,766 [INFO] [TCN-Autoencoder] FAT=2024-01-01 01:39:10 | lead=1.10h | delay=n/a | FAR_preonset=100.0% | valid=False
2026-07-03 19:43:18,788 [INFO] Training Transformer-AD on cpu for 40 epochs ...
2026-07-03 19:43:21,963 [INFO]   Epoch [10/40] loss: 0.053440
2026-07-03 19:43:25,917 [INFO]   Epoch [20/40] loss: 0.047350
2026-07-03 19:43:27,967 [INFO]   Epoch [30/40] loss: 0.045376
2026-07-03 19:43:29,951 [INFO]   Epoch [40/40] loss: 0.040012
2026-07-03 19:43:29,978 [INFO] Threshold [percentile]: 0.061404
2026-07-03 19:43:29,979 [INFO] [Transformer-AD] FAT=2024-01-01 02:32:30 | lead=0.21h | delay=n/a | FAR_preonset=12.3% | valid=False
2026-07-03 19:43:29,983 [INFO] [E2] mode=decimate factor=10 (~1 min) done
2026-07-03 19:43:29,984 [WARNING] [E2] mode=decimate factor=20: window floored to 3 rows
2026-07-03 19:43:30,099 [INFO] Loaded processed data ← C:\scada\data\processed\Ferrara_E2_features.parquet ((1985, 12))
2026-07-03 19:43:30,688 [INFO] Invariant features: 98 windows × 49 features (channel-count-invariant)
2026-07-03 19:43:30,689 [INFO] Split: train=49, cal=9, test=40 (total=98)
2026-07-03 19:43:30,751 [INFO] Threshold [percentile]: 0.843322
2026-07-03 19:43:30,752 [INFO] [RMS-Trend (kσ)] FAT=2024-01-01 02:40:00 | lead=0.09h | delay=0.01h | FAR_preonset=0.0% | valid=True
2026-07-03 19:43:30,753 [INFO] Threshold [percentile]: 2.432627
2026-07-03 19:43:30,754 [INFO] [3σ Rule (σ=3.0)] FAT=2024-01-01 01:50:00 | lead=0.92h | delay=n/a | FAR_preonset=5.4% | valid=True
2026-07-03 19:43:30,755 [INFO] Threshold [percentile]: 1.000769
2026-07-03 19:43:30,756 [INFO] [EWMA (λ=0.2, k=3.0)] FAT=2024-01-01 02:38:20 | lead=0.12h | delay=n/a | FAR_preonset=2.7% | valid=True
2026-07-03 19:43:30,757 [INFO] Threshold [percentile]: 7.065560
2026-07-03 19:43:30,758 [INFO] [CUSUM (k=0.5, h=5.0)] FAT=2024-01-01 02:38:20 | lead=0.12h | delay=n/a | FAR_preonset=2.7% | valid=True
2026-07-03 19:43:30,769 [INFO] Threshold [percentile]: 24.070205
2026-07-03 19:43:30,769 [INFO] [Hotelling T²] FAT=2024-01-01 01:38:20 | lead=1.12h | delay=n/a | FAR_preonset=18.9% | valid=False
2026-07-03 19:43:31,498 [INFO] IsolationForest fitted on X=(49, 49)
2026-07-03 19:43:31,589 [INFO] Threshold [percentile]: 0.091185
2026-07-03 19:43:31,590 [INFO] [Isolation Forest] FAT=2024-01-01 02:38:20 | lead=0.12h | delay=n/a | FAR_preonset=2.7% | valid=True
2026-07-03 19:43:31,593 [INFO] Training Deep SVDD on cpu for 40 epochs ...
2026-07-03 19:43:31,663 [INFO]   Epoch [10/40] loss: 0.042972
2026-07-03 19:43:31,712 [INFO]   Epoch [20/40] loss: 0.020618
2026-07-03 19:43:31,765 [INFO]   Epoch [30/40] loss: 0.010611
2026-07-03 19:43:31,821 [INFO]   Epoch [40/40] loss: 0.007758
2026-07-03 19:43:31,824 [INFO] Threshold [percentile]: 0.929547
2026-07-03 19:43:31,826 [INFO] [Deep SVDD] FAT=2024-01-01 02:40:00 | lead=0.09h | delay=0.01h | FAR_preonset=0.0% | valid=True
C:\scada\venv\Lib\site-packages\torch\nn\modules\rnn.py:1009: UserWarning: dropout option adds dropout after all but last recurrent layer, so non-zero dropout expects num_layers greater than 1, but got dropout=0.1 and num_layers=1
  super().__init__("LSTM", *args, **kwargs)
2026-07-03 19:43:31,836 [INFO] Training LSTM-AE on cpu for 50 epochs ...
2026-07-03 19:43:32,278 [INFO]   Epoch [10/50] loss: 0.195009
2026-07-03 19:43:32,688 [INFO]   Epoch [20/50] loss: 0.081810
2026-07-03 19:43:33,089 [INFO]   Epoch [30/50] loss: 0.048565
2026-07-03 19:43:33,576 [INFO]   Epoch [40/50] loss: 0.046471
2026-07-03 19:43:34,083 [INFO]   Epoch [50/50] loss: 0.042838
2026-07-03 19:43:34,117 [INFO] Threshold [percentile]: 0.055254
2026-07-03 19:43:34,118 [INFO] [LSTM-Autoencoder] FAT=2024-01-01 01:38:20 | lead=1.12h | delay=n/a | FAR_preonset=100.0% | valid=False
2026-07-03 19:43:34,131 [INFO] Training TCN-AE on cpu for 40 epochs ...
2026-07-03 19:43:34,892 [INFO]   Epoch [10/40] loss: 0.160308
2026-07-03 19:43:35,502 [INFO]   Epoch [20/40] loss: 0.096854
2026-07-03 19:43:36,219 [INFO]   Epoch [30/40] loss: 0.061089
2026-07-03 19:43:36,849 [INFO]   Epoch [40/40] loss: 0.043474
2026-07-03 19:43:36,965 [INFO] Threshold [percentile]: 0.047910
2026-07-03 19:43:36,966 [INFO] [TCN-Autoencoder] FAT=2024-01-01 01:38:20 | lead=1.12h | delay=n/a | FAR_preonset=100.0% | valid=False
2026-07-03 19:43:36,980 [INFO] Training Transformer-AD on cpu for 40 epochs ...
2026-07-03 19:43:37,506 [INFO]   Epoch [10/40] loss: 0.153410
2026-07-03 19:43:37,995 [INFO]   Epoch [20/40] loss: 0.071443
2026-07-03 19:43:38,447 [INFO]   Epoch [30/40] loss: 0.056324
2026-07-03 19:43:38,956 [INFO]   Epoch [40/40] loss: 0.053379
2026-07-03 19:43:39,008 [INFO] Threshold [percentile]: 0.055991
2026-07-03 19:43:39,010 [INFO] [Transformer-AD] FAT=2024-01-01 01:38:20 | lead=1.12h | delay=n/a | FAR_preonset=100.0% | valid=False
2026-07-03 19:43:39,015 [INFO] [E2] mode=decimate factor=20 (~2 min) done
2026-07-03 19:43:53,109 [INFO]   ingested 200/2386 files
2026-07-03 19:44:07,295 [INFO]   ingested 400/2386 files
2026-07-03 19:44:20,140 [INFO]   ingested 600/2386 files
2026-07-03 19:44:32,609 [INFO]   ingested 800/2386 files
2026-07-03 19:44:46,651 [INFO]   ingested 1000/2386 files
2026-07-03 19:44:59,885 [INFO]   ingested 1200/2386 files
2026-07-03 19:45:13,335 [INFO]   ingested 1400/2386 files
2026-07-03 19:45:26,599 [INFO]   ingested 1600/2386 files
2026-07-03 19:45:38,783 [INFO]   ingested 1800/2386 files
2026-07-03 19:45:52,003 [INFO]   ingested 2000/2386 files
2026-07-03 19:46:05,480 [INFO]   ingested 2200/2386 files
2026-07-03 19:46:17,999 [INFO] Saved processed data → C:\scada\data\processed\Ferrara_E3_features.parquet
2026-07-03 19:46:20,561 [INFO] Invariant features: 476 windows × 49 features (channel-count-invariant)
2026-07-03 19:46:20,564 [INFO] Split: train=238, cal=47, test=191 (total=476)
2026-07-03 19:46:20,673 [INFO] Degradation onset detected at 2024-01-01 01:49:45
2026-07-03 19:46:20,673 [INFO] [E3] onset=2024-01-01 01:49:45  t_fail=2024-01-01 03:18:45  max_lead=1.5h
2026-07-03 19:46:20,745 [INFO] Loaded processed data ← C:\scada\data\processed\Ferrara_E3_features.parquet ((2386, 12))
2026-07-03 19:46:23,151 [INFO] Invariant features: 476 windows × 49 features (channel-count-invariant)
2026-07-03 19:46:23,152 [INFO] Split: train=238, cal=47, test=191 (total=476)
2026-07-03 19:46:23,238 [INFO] Threshold [percentile]: 0.821337
2026-07-03 19:46:23,241 [INFO] [RMS-Trend (kσ)] FAT=None | lead=0.00h | delay=n/a | FAR_preonset=nan% | valid=False
2026-07-03 19:46:23,242 [INFO] Threshold [percentile]: 2.391110
2026-07-03 19:46:23,245 [INFO] [3σ Rule (σ=3.0)] FAT=2024-01-01 01:59:10 | lead=1.33h | delay=0.16h | FAR_preonset=nan% | valid=True
2026-07-03 19:46:23,246 [INFO] Threshold [percentile]: 1.606343
2026-07-03 19:46:23,249 [INFO] [EWMA (λ=0.2, k=3.0)] FAT=2024-01-01 01:59:35 | lead=1.32h | delay=0.16h | FAR_preonset=nan% | valid=True
2026-07-03 19:46:23,252 [INFO] Threshold [percentile]: 19.740731
2026-07-03 19:46:23,254 [INFO] [CUSUM (k=0.5, h=5.0)] FAT=2024-01-01 02:00:00 | lead=1.31h | delay=0.17h | FAR_preonset=nan% | valid=True
2026-07-03 19:46:23,266 [INFO] Threshold [percentile]: 24.714253
2026-07-03 19:46:23,269 [INFO] [Hotelling T²] FAT=2024-01-01 01:59:10 | lead=1.33h | delay=0.16h | FAR_preonset=nan% | valid=True
2026-07-03 19:46:24,182 [INFO] IsolationForest fitted on X=(238, 49)
2026-07-03 19:46:24,286 [INFO] Threshold [percentile]: 0.048990
2026-07-03 19:46:24,289 [INFO] [Isolation Forest] FAT=2024-01-01 01:59:10 | lead=1.33h | delay=0.16h | FAR_preonset=nan% | valid=True
2026-07-03 19:46:24,324 [INFO] Training Deep SVDD on cpu for 40 epochs ...
2026-07-03 19:46:24,613 [INFO]   Epoch [10/40] loss: 0.012140
2026-07-03 19:46:24,894 [INFO]   Epoch [20/40] loss: 0.007005
2026-07-03 19:46:25,171 [INFO]   Epoch [30/40] loss: 0.004986
2026-07-03 19:46:25,487 [INFO]   Epoch [40/40] loss: 0.003980
2026-07-03 19:46:25,494 [INFO] Threshold [percentile]: 0.490540
2026-07-03 19:46:25,499 [INFO] [Deep SVDD] FAT=2024-01-01 03:16:15 | lead=0.04h | delay=1.44h | FAR_preonset=nan% | valid=True
C:\scada\venv\Lib\site-packages\torch\nn\modules\rnn.py:1009: UserWarning: dropout option adds dropout after all but last recurrent layer, so non-zero dropout expects num_layers greater than 1, but got dropout=0.1 and num_layers=1
  super().__init__("LSTM", *args, **kwargs)
2026-07-03 19:46:25,520 [INFO] Training LSTM-AE on cpu for 50 epochs ...
2026-07-03 19:46:30,043 [INFO]   Epoch [10/50] loss: 0.034752
2026-07-03 19:46:34,594 [INFO]   Epoch [20/50] loss: 0.019629
2026-07-03 19:46:39,451 [INFO]   Epoch [30/50] loss: 0.015681
2026-07-03 19:46:44,345 [INFO]   Epoch [40/50] loss: 0.013268
2026-07-03 19:46:48,885 [INFO]   Epoch [50/50] loss: 0.011958
2026-07-03 19:46:48,980 [INFO] Threshold [percentile]: 0.015645
2026-07-03 19:46:48,985 [INFO] [LSTM-Autoencoder] FAT=2024-01-01 01:59:10 | lead=1.33h | delay=0.16h | FAR_preonset=nan% | valid=True
2026-07-03 19:46:49,004 [INFO] Training TCN-AE on cpu for 40 epochs ...
2026-07-03 19:46:55,553 [INFO]   Epoch [10/40] loss: 0.027272
2026-07-03 19:47:02,851 [INFO]   Epoch [20/40] loss: 0.014246
2026-07-03 19:47:09,383 [INFO]   Epoch [30/40] loss: 0.009346
2026-07-03 19:47:15,582 [INFO]   Epoch [40/40] loss: 0.006252
2026-07-03 19:47:15,753 [INFO] Threshold [percentile]: 0.006801
2026-07-03 19:47:15,757 [INFO] [TCN-Autoencoder] FAT=2024-01-01 01:59:10 | lead=1.33h | delay=0.16h | FAR_preonset=nan% | valid=True
2026-07-03 19:47:15,793 [INFO] Training Transformer-AD on cpu for 40 epochs ...
2026-07-03 19:47:21,593 [INFO]   Epoch [10/40] loss: 0.042159
2026-07-03 19:47:27,277 [INFO]   Epoch [20/40] loss: 0.029643
2026-07-03 19:47:32,394 [INFO]   Epoch [30/40] loss: 0.021453
2026-07-03 19:47:38,171 [INFO]   Epoch [40/40] loss: 0.017515
2026-07-03 19:47:38,250 [INFO] Threshold [percentile]: 0.018887
2026-07-03 19:47:38,254 [INFO] [Transformer-AD] FAT=2024-01-01 01:59:10 | lead=1.33h | delay=0.16h | FAR_preonset=nan% | valid=True
2026-07-03 19:47:38,260 [INFO] [E3] mode=aggregate factor=1 (~0 min) done
2026-07-03 19:47:38,331 [INFO] Loaded processed data ← C:\scada\data\processed\Ferrara_E3_features.parquet ((2386, 12))
2026-07-03 19:47:38,932 [INFO] Invariant features: 98 windows × 49 features (channel-count-invariant)
2026-07-03 19:47:38,934 [INFO] Split: train=49, cal=9, test=40 (total=98)
2026-07-03 19:47:39,026 [INFO] Threshold [percentile]: 0.974293
2026-07-03 19:47:39,028 [INFO] [RMS-Trend (kσ)] FAT=None | lead=0.00h | delay=n/a | FAR_preonset=nan% | valid=False
2026-07-03 19:47:39,030 [INFO] Threshold [percentile]: 2.209800
2026-07-03 19:47:39,030 [INFO] [3σ Rule (σ=3.0)] FAT=2024-01-01 01:58:00 | lead=1.35h | delay=0.14h | FAR_preonset=nan% | valid=True
2026-07-03 19:47:39,030 [INFO] Threshold [percentile]: 1.056188
2026-07-03 19:47:39,031 [INFO] [EWMA (λ=0.2, k=3.0)] FAT=2024-01-01 01:58:00 | lead=1.35h | delay=0.14h | FAR_preonset=nan% | valid=True
2026-07-03 19:47:39,031 [INFO] Threshold [percentile]: 6.038763
2026-07-03 19:47:39,034 [INFO] [CUSUM (k=0.5, h=5.0)] FAT=2024-01-01 01:58:00 | lead=1.35h | delay=0.14h | FAR_preonset=nan% | valid=True
2026-07-03 19:47:39,042 [INFO] Threshold [percentile]: 22.783433
2026-07-03 19:47:39,042 [INFO] [Hotelling T²] FAT=2024-01-01 01:58:00 | lead=1.35h | delay=0.14h | FAR_preonset=nan% | valid=True
2026-07-03 19:47:39,883 [INFO] IsolationForest fitted on X=(49, 49)
2026-07-03 19:47:39,972 [INFO] Threshold [percentile]: 0.052546
2026-07-03 19:47:39,976 [INFO] [Isolation Forest] FAT=2024-01-01 01:58:00 | lead=1.35h | delay=0.14h | FAR_preonset=nan% | valid=True
2026-07-03 19:47:39,984 [INFO] Training Deep SVDD on cpu for 40 epochs ...
2026-07-03 19:47:40,019 [INFO]   Epoch [10/40] loss: 0.031620
2026-07-03 19:47:40,082 [INFO]   Epoch [20/40] loss: 0.012302
2026-07-03 19:47:40,143 [INFO]   Epoch [30/40] loss: 0.007098
2026-07-03 19:47:40,204 [INFO]   Epoch [40/40] loss: 0.005017
2026-07-03 19:47:40,207 [INFO] Threshold [percentile]: 0.714019
2026-07-03 19:47:40,208 [INFO] [Deep SVDD] FAT=None | lead=0.00h | delay=n/a | FAR_preonset=nan% | valid=False
C:\scada\venv\Lib\site-packages\torch\nn\modules\rnn.py:1009: UserWarning: dropout option adds dropout after all but last recurrent layer, so non-zero dropout expects num_layers greater than 1, but got dropout=0.1 and num_layers=1
  super().__init__("LSTM", *args, **kwargs)
2026-07-03 19:47:40,219 [INFO] Training LSTM-AE on cpu for 50 epochs ...
2026-07-03 19:47:40,800 [INFO]   Epoch [10/50] loss: 0.181871
2026-07-03 19:47:41,362 [INFO]   Epoch [20/50] loss: 0.079018
2026-07-03 19:47:41,876 [INFO]   Epoch [30/50] loss: 0.049978
2026-07-03 19:47:42,430 [INFO]   Epoch [40/50] loss: 0.047252
2026-07-03 19:47:42,956 [INFO]   Epoch [50/50] loss: 0.044700
2026-07-03 19:47:42,979 [INFO] Threshold [percentile]: 0.054354
2026-07-03 19:47:42,980 [INFO] [LSTM-Autoencoder] FAT=2024-01-01 01:58:00 | lead=1.35h | delay=0.14h | FAR_preonset=nan% | valid=True
2026-07-03 19:47:42,993 [INFO] Training TCN-AE on cpu for 40 epochs ...
2026-07-03 19:47:43,892 [INFO]   Epoch [10/40] loss: 0.160667
2026-07-03 19:47:44,772 [INFO]   Epoch [20/40] loss: 0.099509
2026-07-03 19:47:45,556 [INFO]   Epoch [30/40] loss: 0.062708
2026-07-03 19:47:46,402 [INFO]   Epoch [40/40] loss: 0.044587
2026-07-03 19:47:46,442 [INFO] Threshold [percentile]: 0.048155
2026-07-03 19:47:46,443 [INFO] [TCN-Autoencoder] FAT=2024-01-01 01:58:00 | lead=1.35h | delay=0.14h | FAR_preonset=nan% | valid=True
2026-07-03 19:47:46,471 [INFO] Training Transformer-AD on cpu for 40 epochs ...
2026-07-03 19:47:47,128 [INFO]   Epoch [10/40] loss: 0.174397
2026-07-03 19:47:47,738 [INFO]   Epoch [20/40] loss: 0.077347
2026-07-03 19:47:48,400 [INFO]   Epoch [30/40] loss: 0.055866
2026-07-03 19:47:48,973 [INFO]   Epoch [40/40] loss: 0.053812
2026-07-03 19:47:48,993 [INFO] Threshold [percentile]: 0.054692
2026-07-03 19:47:48,995 [INFO] [Transformer-AD] FAT=2024-01-01 01:58:00 | lead=1.35h | delay=0.14h | FAR_preonset=nan% | valid=True
2026-07-03 19:47:49,003 [INFO] [E3] mode=aggregate factor=2 (~0 min) done
2026-07-03 19:47:49,003 [WARNING] [E3] mode=aggregate factor=5: window floored to 3 rows
2026-07-03 19:47:49,072 [INFO] Loaded processed data ← C:\scada\data\processed\Ferrara_E3_features.parquet ((2386, 12))
2026-07-03 19:47:50,192 [INFO] Invariant features: 197 windows × 49 features (channel-count-invariant)
2026-07-03 19:47:50,194 [INFO] Split: train=98, cal=20, test=79 (total=197)
2026-07-03 19:47:50,238 [INFO] Threshold [percentile]: 0.792863
2026-07-03 19:47:50,241 [INFO] [RMS-Trend (kσ)] FAT=2024-01-01 03:12:00 | lead=0.11h | delay=1.37h | FAR_preonset=nan% | valid=True
2026-07-03 19:47:50,242 [INFO] Threshold [percentile]: 2.518620
2026-07-03 19:47:50,244 [INFO] [3σ Rule (σ=3.0)] FAT=2024-01-01 01:59:00 | lead=1.33h | delay=0.15h | FAR_preonset=nan% | valid=True
2026-07-03 19:47:50,246 [INFO] Threshold [percentile]: 1.175026
2026-07-03 19:47:50,248 [INFO] [EWMA (λ=0.2, k=3.0)] FAT=2024-01-01 01:59:00 | lead=1.33h | delay=0.15h | FAR_preonset=nan% | valid=True
2026-07-03 19:47:50,250 [INFO] Threshold [percentile]: 9.597856
2026-07-03 19:47:50,251 [INFO] [CUSUM (k=0.5, h=5.0)] FAT=2024-01-01 01:59:00 | lead=1.33h | delay=0.15h | FAR_preonset=nan% | valid=True
2026-07-03 19:47:50,263 [INFO] Threshold [percentile]: 23.945381
2026-07-03 19:47:50,265 [INFO] [Hotelling T²] FAT=2024-01-01 01:59:00 | lead=1.33h | delay=0.15h | FAR_preonset=nan% | valid=True
2026-07-03 19:47:51,139 [INFO] IsolationForest fitted on X=(98, 49)
2026-07-03 19:47:51,247 [INFO] Threshold [percentile]: 0.059768
2026-07-03 19:47:51,251 [INFO] [Isolation Forest] FAT=2024-01-01 01:59:00 | lead=1.33h | delay=0.15h | FAR_preonset=nan% | valid=True
2026-07-03 19:47:51,258 [INFO] Training Deep SVDD on cpu for 40 epochs ...
2026-07-03 19:47:51,394 [INFO]   Epoch [10/40] loss: 0.021952
2026-07-03 19:47:51,533 [INFO]   Epoch [20/40] loss: 0.010289
2026-07-03 19:47:51,641 [INFO]   Epoch [30/40] loss: 0.007114
2026-07-03 19:47:51,745 [INFO]   Epoch [40/40] loss: 0.006463
2026-07-03 19:47:51,749 [INFO] Threshold [percentile]: 0.767009
2026-07-03 19:47:51,751 [INFO] [Deep SVDD] FAT=2024-01-01 03:12:00 | lead=0.11h | delay=1.37h | FAR_preonset=nan% | valid=True
C:\scada\venv\Lib\site-packages\torch\nn\modules\rnn.py:1009: UserWarning: dropout option adds dropout after all but last recurrent layer, so non-zero dropout expects num_layers greater than 1, but got dropout=0.1 and num_layers=1
  super().__init__("LSTM", *args, **kwargs)
2026-07-03 19:47:51,768 [INFO] Training LSTM-AE on cpu for 50 epochs ...
2026-07-03 19:47:53,490 [INFO]   Epoch [10/50] loss: 0.049868
2026-07-03 19:47:55,227 [INFO]   Epoch [20/50] loss: 0.039444
2026-07-03 19:47:57,159 [INFO]   Epoch [30/50] loss: 0.029693
2026-07-03 19:47:59,156 [INFO]   Epoch [40/50] loss: 0.023533
2026-07-03 19:48:01,039 [INFO]   Epoch [50/50] loss: 0.020644
2026-07-03 19:48:01,072 [INFO] Threshold [percentile]: 0.024780
2026-07-03 19:48:01,074 [INFO] [LSTM-Autoencoder] FAT=2024-01-01 01:59:00 | lead=1.33h | delay=0.15h | FAR_preonset=nan% | valid=True
2026-07-03 19:48:01,086 [INFO] Training TCN-AE on cpu for 40 epochs ...
2026-07-03 19:48:03,571 [INFO]   Epoch [10/40] loss: 0.062611
2026-07-03 19:48:04,020 [INFO]   Epoch [20/40] loss: 0.031848
2026-07-03 19:48:04,454 [INFO]   Epoch [30/40] loss: 0.023320
2026-07-03 19:48:04,852 [INFO]   Epoch [40/40] loss: 0.015977
2026-07-03 19:48:04,863 [INFO] Threshold [percentile]: 0.018419
2026-07-03 19:48:04,864 [INFO] [TCN-Autoencoder] FAT=2024-01-01 01:59:00 | lead=1.33h | delay=0.15h | FAR_preonset=nan% | valid=True
2026-07-03 19:48:04,869 [INFO] Training Transformer-AD on cpu for 40 epochs ...
2026-07-03 19:48:05,528 [INFO]   Epoch [10/40] loss: 0.056241
2026-07-03 19:48:06,341 [INFO]   Epoch [20/40] loss: 0.047080
2026-07-03 19:48:06,875 [INFO]   Epoch [30/40] loss: 0.041091
2026-07-03 19:48:07,440 [INFO]   Epoch [40/40] loss: 0.032168
2026-07-03 19:48:07,452 [INFO] Threshold [percentile]: 0.039683
2026-07-03 19:48:07,453 [INFO] [Transformer-AD] FAT=2024-01-01 01:59:00 | lead=1.33h | delay=0.15h | FAR_preonset=nan% | valid=True
2026-07-03 19:48:07,455 [INFO] [E3] mode=aggregate factor=5 (~0 min) done
2026-07-03 19:48:07,456 [WARNING] [E3] mode=aggregate factor=10: window floored to 3 rows
2026-07-03 19:48:07,482 [INFO] Loaded processed data ← C:\scada\data\processed\Ferrara_E3_features.parquet ((2386, 12))
2026-07-03 19:48:07,877 [INFO] Invariant features: 197 windows × 49 features (channel-count-invariant)
2026-07-03 19:48:07,878 [INFO] Split: train=98, cal=20, test=79 (total=197)
2026-07-03 19:48:07,910 [INFO] Threshold [percentile]: 0.792863
2026-07-03 19:48:07,910 [INFO] [RMS-Trend (kσ)] FAT=2024-01-01 03:12:00 | lead=0.11h | delay=1.37h | FAR_preonset=nan% | valid=True
2026-07-03 19:48:07,910 [INFO] Threshold [percentile]: 2.518620
2026-07-03 19:48:07,910 [INFO] [3σ Rule (σ=3.0)] FAT=2024-01-01 01:59:00 | lead=1.33h | delay=0.15h | FAR_preonset=nan% | valid=True
2026-07-03 19:48:07,910 [INFO] Threshold [percentile]: 1.175026
2026-07-03 19:48:07,911 [INFO] [EWMA (λ=0.2, k=3.0)] FAT=2024-01-01 01:59:00 | lead=1.33h | delay=0.15h | FAR_preonset=nan% | valid=True
2026-07-03 19:48:07,911 [INFO] Threshold [percentile]: 9.597856
2026-07-03 19:48:07,911 [INFO] [CUSUM (k=0.5, h=5.0)] FAT=2024-01-01 01:59:00 | lead=1.33h | delay=0.15h | FAR_preonset=nan% | valid=True
2026-07-03 19:48:07,915 [INFO] Threshold [percentile]: 23.945381
2026-07-03 19:48:07,915 [INFO] [Hotelling T²] FAT=2024-01-01 01:59:00 | lead=1.33h | delay=0.15h | FAR_preonset=nan% | valid=True
2026-07-03 19:48:08,233 [INFO] IsolationForest fitted on X=(98, 49)
2026-07-03 19:48:08,266 [INFO] Threshold [percentile]: 0.059768
2026-07-03 19:48:08,266 [INFO] [Isolation Forest] FAT=2024-01-01 01:59:00 | lead=1.33h | delay=0.15h | FAR_preonset=nan% | valid=True
2026-07-03 19:48:08,268 [INFO] Training Deep SVDD on cpu for 40 epochs ...
2026-07-03 19:48:08,297 [INFO]   Epoch [10/40] loss: 0.021952
2026-07-03 19:48:08,326 [INFO]   Epoch [20/40] loss: 0.010289
2026-07-03 19:48:08,361 [INFO]   Epoch [30/40] loss: 0.007114
2026-07-03 19:48:08,394 [INFO]   Epoch [40/40] loss: 0.006463
2026-07-03 19:48:08,396 [INFO] Threshold [percentile]: 0.767009
2026-07-03 19:48:08,396 [INFO] [Deep SVDD] FAT=2024-01-01 03:12:00 | lead=0.11h | delay=1.37h | FAR_preonset=nan% | valid=True
C:\scada\venv\Lib\site-packages\torch\nn\modules\rnn.py:1009: UserWarning: dropout option adds dropout after all but last recurrent layer, so non-zero dropout expects num_layers greater than 1, but got dropout=0.1 and num_layers=1
  super().__init__("LSTM", *args, **kwargs)
2026-07-03 19:48:08,401 [INFO] Training LSTM-AE on cpu for 50 epochs ...
2026-07-03 19:48:08,866 [INFO]   Epoch [10/50] loss: 0.049868
2026-07-03 19:48:09,168 [INFO]   Epoch [20/50] loss: 0.039444
2026-07-03 19:48:09,455 [INFO]   Epoch [30/50] loss: 0.029693
2026-07-03 19:48:09,770 [INFO]   Epoch [40/50] loss: 0.023533
2026-07-03 19:48:10,084 [INFO]   Epoch [50/50] loss: 0.020644
2026-07-03 19:48:10,094 [INFO] Threshold [percentile]: 0.024780
2026-07-03 19:48:10,094 [INFO] [LSTM-Autoencoder] FAT=2024-01-01 01:59:00 | lead=1.33h | delay=0.15h | FAR_preonset=nan% | valid=True
2026-07-03 19:48:10,100 [INFO] Training TCN-AE on cpu for 40 epochs ...
2026-07-03 19:48:10,633 [INFO]   Epoch [10/40] loss: 0.062611
2026-07-03 19:48:11,150 [INFO]   Epoch [20/40] loss: 0.031848
2026-07-03 19:48:11,612 [INFO]   Epoch [30/40] loss: 0.023320
2026-07-03 19:48:12,112 [INFO]   Epoch [40/40] loss: 0.015977
2026-07-03 19:48:12,128 [INFO] Threshold [percentile]: 0.018419
2026-07-03 19:48:12,129 [INFO] [TCN-Autoencoder] FAT=2024-01-01 01:59:00 | lead=1.33h | delay=0.15h | FAR_preonset=nan% | valid=True
2026-07-03 19:48:12,135 [INFO] Training Transformer-AD on cpu for 40 epochs ...
2026-07-03 19:48:12,644 [INFO]   Epoch [10/40] loss: 0.056241
2026-07-03 19:48:13,105 [INFO]   Epoch [20/40] loss: 0.047080
2026-07-03 19:48:13,523 [INFO]   Epoch [30/40] loss: 0.041091
2026-07-03 19:48:13,976 [INFO]   Epoch [40/40] loss: 0.032168
2026-07-03 19:48:13,986 [INFO] Threshold [percentile]: 0.039683
2026-07-03 19:48:13,986 [INFO] [Transformer-AD] FAT=2024-01-01 01:59:00 | lead=1.33h | delay=0.15h | FAR_preonset=nan% | valid=True
2026-07-03 19:48:13,988 [INFO] [E3] mode=aggregate factor=10 (~1 min) done
2026-07-03 19:48:13,989 [WARNING] [E3] mode=aggregate factor=20: window floored to 3 rows
2026-07-03 19:48:14,013 [INFO] Loaded processed data ← C:\scada\data\processed\Ferrara_E3_features.parquet ((2386, 12))
2026-07-03 19:48:14,199 [INFO] Invariant features: 98 windows × 49 features (channel-count-invariant)
2026-07-03 19:48:14,200 [INFO] Split: train=49, cal=9, test=40 (total=98)
2026-07-03 19:48:14,219 [INFO] Threshold [percentile]: 0.908856
2026-07-03 19:48:14,219 [INFO] [RMS-Trend (kσ)] FAT=2024-01-01 03:12:00 | lead=0.11h | delay=1.37h | FAR_preonset=nan% | valid=True
2026-07-03 19:48:14,220 [INFO] Threshold [percentile]: 2.477341
2026-07-03 19:48:14,220 [INFO] [3σ Rule (σ=3.0)] FAT=2024-01-01 01:58:00 | lead=1.35h | delay=0.14h | FAR_preonset=nan% | valid=True
2026-07-03 19:48:14,220 [INFO] Threshold [percentile]: 1.233618
2026-07-03 19:48:14,220 [INFO] [EWMA (λ=0.2, k=3.0)] FAT=2024-01-01 01:58:00 | lead=1.35h | delay=0.14h | FAR_preonset=nan% | valid=True
2026-07-03 19:48:14,221 [INFO] Threshold [percentile]: 7.067022
2026-07-03 19:48:14,221 [INFO] [CUSUM (k=0.5, h=5.0)] FAT=2024-01-01 01:58:00 | lead=1.35h | delay=0.14h | FAR_preonset=nan% | valid=True
2026-07-03 19:48:14,225 [INFO] Threshold [percentile]: 20.389480
2026-07-03 19:48:14,225 [INFO] [Hotelling T²] FAT=2024-01-01 01:58:00 | lead=1.35h | delay=0.14h | FAR_preonset=nan% | valid=True
2026-07-03 19:48:14,507 [INFO] IsolationForest fitted on X=(49, 49)
2026-07-03 19:48:14,538 [INFO] Threshold [percentile]: 0.048955
2026-07-03 19:48:14,539 [INFO] [Isolation Forest] FAT=2024-01-01 01:58:00 | lead=1.35h | delay=0.14h | FAR_preonset=nan% | valid=True
2026-07-03 19:48:14,541 [INFO] Training Deep SVDD on cpu for 40 epochs ...
2026-07-03 19:48:14,557 [INFO]   Epoch [10/40] loss: 0.025513
2026-07-03 19:48:14,573 [INFO]   Epoch [20/40] loss: 0.010995
2026-07-03 19:48:14,592 [INFO]   Epoch [30/40] loss: 0.006498
2026-07-03 19:48:14,608 [INFO]   Epoch [40/40] loss: 0.004494
2026-07-03 19:48:14,609 [INFO] Threshold [percentile]: 0.373083
2026-07-03 19:48:14,609 [INFO] [Deep SVDD] FAT=2024-01-01 03:08:00 | lead=0.18h | delay=1.30h | FAR_preonset=nan% | valid=True
C:\scada\venv\Lib\site-packages\torch\nn\modules\rnn.py:1009: UserWarning: dropout option adds dropout after all but last recurrent layer, so non-zero dropout expects num_layers greater than 1, but got dropout=0.1 and num_layers=1
  super().__init__("LSTM", *args, **kwargs)
2026-07-03 19:48:14,613 [INFO] Training LSTM-AE on cpu for 50 epochs ...
2026-07-03 19:48:14,732 [INFO]   Epoch [10/50] loss: 0.194230
2026-07-03 19:48:14,836 [INFO]   Epoch [20/50] loss: 0.088121
2026-07-03 19:48:14,969 [INFO]   Epoch [30/50] loss: 0.057452
2026-07-03 19:48:15,087 [INFO]   Epoch [40/50] loss: 0.054712
2026-07-03 19:48:15,267 [INFO]   Epoch [50/50] loss: 0.051586
2026-07-03 19:48:15,276 [INFO] Threshold [percentile]: 0.061778
2026-07-03 19:48:15,277 [INFO] [LSTM-Autoencoder] FAT=2024-01-01 01:58:00 | lead=1.35h | delay=0.14h | FAR_preonset=nan% | valid=True
2026-07-03 19:48:15,283 [INFO] Training TCN-AE on cpu for 40 epochs ...
2026-07-03 19:48:15,434 [INFO]   Epoch [10/40] loss: 0.179272
2026-07-03 19:48:15,629 [INFO]   Epoch [20/40] loss: 0.111787
2026-07-03 19:48:15,769 [INFO]   Epoch [30/40] loss: 0.071708
2026-07-03 19:48:15,894 [INFO]   Epoch [40/40] loss: 0.051739
2026-07-03 19:48:15,902 [INFO] Threshold [percentile]: 0.055539
2026-07-03 19:48:15,903 [INFO] [TCN-Autoencoder] FAT=2024-01-01 01:58:00 | lead=1.35h | delay=0.14h | FAR_preonset=nan% | valid=True
2026-07-03 19:48:15,916 [INFO] Training Transformer-AD on cpu for 40 epochs ...
2026-07-03 19:48:16,073 [INFO]   Epoch [10/40] loss: 0.191658
2026-07-03 19:48:16,256 [INFO]   Epoch [20/40] loss: 0.088491
2026-07-03 19:48:16,459 [INFO]   Epoch [30/40] loss: 0.065825
2026-07-03 19:48:16,683 [INFO]   Epoch [40/40] loss: 0.063175
2026-07-03 19:48:16,694 [INFO] Threshold [percentile]: 0.062570
2026-07-03 19:48:16,694 [INFO] [Transformer-AD] FAT=2024-01-01 01:58:00 | lead=1.35h | delay=0.14h | FAR_preonset=nan% | valid=True
2026-07-03 19:48:16,698 [INFO] [E3] mode=aggregate factor=20 (~2 min) done
2026-07-03 19:48:16,734 [INFO] Loaded processed data ← C:\scada\data\processed\Ferrara_E3_features.parquet ((2386, 12))
2026-07-03 19:48:17,742 [INFO] Invariant features: 476 windows × 49 features (channel-count-invariant)
2026-07-03 19:48:17,743 [INFO] Split: train=238, cal=47, test=191 (total=476)
2026-07-03 19:48:17,772 [INFO] Threshold [percentile]: 0.821337
2026-07-03 19:48:17,773 [INFO] [RMS-Trend (kσ)] FAT=None | lead=0.00h | delay=n/a | FAR_preonset=nan% | valid=False
2026-07-03 19:48:17,774 [INFO] Threshold [percentile]: 2.391110
2026-07-03 19:48:17,776 [INFO] [3σ Rule (σ=3.0)] FAT=2024-01-01 01:59:10 | lead=1.33h | delay=0.16h | FAR_preonset=nan% | valid=True
2026-07-03 19:48:17,776 [INFO] Threshold [percentile]: 1.606343
2026-07-03 19:48:17,778 [INFO] [EWMA (λ=0.2, k=3.0)] FAT=2024-01-01 01:59:35 | lead=1.32h | delay=0.16h | FAR_preonset=nan% | valid=True
2026-07-03 19:48:17,779 [INFO] Threshold [percentile]: 19.740731
2026-07-03 19:48:17,781 [INFO] [CUSUM (k=0.5, h=5.0)] FAT=2024-01-01 02:00:00 | lead=1.31h | delay=0.17h | FAR_preonset=nan% | valid=True
2026-07-03 19:48:17,792 [INFO] Threshold [percentile]: 24.714253
2026-07-03 19:48:17,793 [INFO] [Hotelling T²] FAT=2024-01-01 01:59:10 | lead=1.33h | delay=0.16h | FAR_preonset=nan% | valid=True
2026-07-03 19:48:18,274 [INFO] IsolationForest fitted on X=(238, 49)
2026-07-03 19:48:18,310 [INFO] Threshold [percentile]: 0.048990
2026-07-03 19:48:18,311 [INFO] [Isolation Forest] FAT=2024-01-01 01:59:10 | lead=1.33h | delay=0.16h | FAR_preonset=nan% | valid=True
2026-07-03 19:48:18,314 [INFO] Training Deep SVDD on cpu for 40 epochs ...
2026-07-03 19:48:18,414 [INFO]   Epoch [10/40] loss: 0.012140
2026-07-03 19:48:18,522 [INFO]   Epoch [20/40] loss: 0.007005
2026-07-03 19:48:18,677 [INFO]   Epoch [30/40] loss: 0.004986
2026-07-03 19:48:18,778 [INFO]   Epoch [40/40] loss: 0.003980
2026-07-03 19:48:18,779 [INFO] Threshold [percentile]: 0.490540
2026-07-03 19:48:18,780 [INFO] [Deep SVDD] FAT=2024-01-01 03:16:15 | lead=0.04h | delay=1.44h | FAR_preonset=nan% | valid=True
C:\scada\venv\Lib\site-packages\torch\nn\modules\rnn.py:1009: UserWarning: dropout option adds dropout after all but last recurrent layer, so non-zero dropout expects num_layers greater than 1, but got dropout=0.1 and num_layers=1
  super().__init__("LSTM", *args, **kwargs)
2026-07-03 19:48:18,786 [INFO] Training LSTM-AE on cpu for 50 epochs ...
2026-07-03 19:48:20,627 [INFO]   Epoch [10/50] loss: 0.034752
2026-07-03 19:48:23,066 [INFO]   Epoch [20/50] loss: 0.019629
2026-07-03 19:48:25,176 [INFO]   Epoch [30/50] loss: 0.015681
2026-07-03 19:48:27,157 [INFO]   Epoch [40/50] loss: 0.013268
2026-07-03 19:48:29,448 [INFO]   Epoch [50/50] loss: 0.011958
2026-07-03 19:48:29,489 [INFO] Threshold [percentile]: 0.015645
2026-07-03 19:48:29,491 [INFO] [LSTM-Autoencoder] FAT=2024-01-01 01:59:10 | lead=1.33h | delay=0.16h | FAR_preonset=nan% | valid=True
2026-07-03 19:48:29,500 [INFO] Training TCN-AE on cpu for 40 epochs ...
2026-07-03 19:48:32,605 [INFO]   Epoch [10/40] loss: 0.027272
2026-07-03 19:48:35,175 [INFO]   Epoch [20/40] loss: 0.014246
2026-07-03 19:48:37,273 [INFO]   Epoch [30/40] loss: 0.009346
2026-07-03 19:48:39,445 [INFO]   Epoch [40/40] loss: 0.006252
2026-07-03 19:48:39,487 [INFO] Threshold [percentile]: 0.006801
2026-07-03 19:48:39,489 [INFO] [TCN-Autoencoder] FAT=2024-01-01 01:59:10 | lead=1.33h | delay=0.16h | FAR_preonset=nan% | valid=True
2026-07-03 19:48:39,498 [INFO] Training Transformer-AD on cpu for 40 epochs ...
2026-07-03 19:48:42,629 [INFO]   Epoch [10/40] loss: 0.042159
2026-07-03 19:48:45,275 [INFO]   Epoch [20/40] loss: 0.029643
2026-07-03 19:48:47,196 [INFO]   Epoch [30/40] loss: 0.021453
2026-07-03 19:48:49,225 [INFO]   Epoch [40/40] loss: 0.017515
2026-07-03 19:48:49,249 [INFO] Threshold [percentile]: 0.018887
2026-07-03 19:48:49,250 [INFO] [Transformer-AD] FAT=2024-01-01 01:59:10 | lead=1.33h | delay=0.16h | FAR_preonset=nan% | valid=True
2026-07-03 19:48:49,252 [INFO] [E3] mode=decimate factor=1 (~0 min) done
2026-07-03 19:48:49,280 [INFO] Loaded processed data ← C:\scada\data\processed\Ferrara_E3_features.parquet ((2386, 12))
2026-07-03 19:48:50,417 [INFO] Invariant features: 595 windows × 49 features (channel-count-invariant)
2026-07-03 19:48:50,419 [INFO] Split: train=297, cal=60, test=238 (total=595)
2026-07-03 19:48:50,451 [INFO] Threshold [percentile]: 0.456606
2026-07-03 19:48:50,452 [INFO] [RMS-Trend (kσ)] FAT=2024-01-01 03:17:20 | lead=0.02h | delay=1.46h | FAR_preonset=nan% | valid=True
2026-07-03 19:48:50,453 [INFO] Threshold [percentile]: 2.133129
2026-07-03 19:48:50,455 [INFO] [3σ Rule (σ=3.0)] FAT=2024-01-01 01:59:20 | lead=1.32h | delay=0.16h | FAR_preonset=nan% | valid=True
2026-07-03 19:48:50,457 [INFO] Threshold [percentile]: 2.006748
2026-07-03 19:48:50,459 [INFO] [EWMA (λ=0.2, k=3.0)] FAT=2024-01-01 01:59:40 | lead=1.32h | delay=0.17h | FAR_preonset=nan% | valid=True
2026-07-03 19:48:50,460 [INFO] Threshold [percentile]: 23.043146
2026-07-03 19:48:50,461 [INFO] [CUSUM (k=0.5, h=5.0)] FAT=2024-01-01 02:00:00 | lead=1.31h | delay=0.17h | FAR_preonset=nan% | valid=True
2026-07-03 19:48:50,468 [INFO] Threshold [percentile]: 24.294577
2026-07-03 19:48:50,469 [INFO] [Hotelling T²] FAT=2024-01-01 01:59:20 | lead=1.32h | delay=0.16h | FAR_preonset=nan% | valid=True
2026-07-03 19:48:50,835 [INFO] IsolationForest fitted on X=(297, 49)
2026-07-03 19:48:50,883 [INFO] Threshold [percentile]: 0.052239
2026-07-03 19:48:50,885 [INFO] [Isolation Forest] FAT=2024-01-01 01:59:20 | lead=1.32h | delay=0.16h | FAR_preonset=nan% | valid=True
2026-07-03 19:48:50,889 [INFO] Training Deep SVDD on cpu for 40 epochs ...
2026-07-03 19:48:51,010 [INFO]   Epoch [10/40] loss: 0.010862
2026-07-03 19:48:51,131 [INFO]   Epoch [20/40] loss: 0.005886
2026-07-03 19:48:51,258 [INFO]   Epoch [30/40] loss: 0.003825
2026-07-03 19:48:51,336 [INFO]   Epoch [40/40] loss: 0.003240
2026-07-03 19:48:51,338 [INFO] Threshold [percentile]: 0.385581
2026-07-03 19:48:51,339 [INFO] [Deep SVDD] FAT=2024-01-01 03:14:00 | lead=0.08h | delay=1.40h | FAR_preonset=nan% | valid=True
C:\scada\venv\Lib\site-packages\torch\nn\modules\rnn.py:1009: UserWarning: dropout option adds dropout after all but last recurrent layer, so non-zero dropout expects num_layers greater than 1, but got dropout=0.1 and num_layers=1
  super().__init__("LSTM", *args, **kwargs)
2026-07-03 19:48:51,346 [INFO] Training LSTM-AE on cpu for 50 epochs ...
2026-07-03 19:48:52,636 [INFO]   Epoch [10/50] loss: 0.026051
2026-07-03 19:48:53,695 [INFO]   Epoch [20/50] loss: 0.017276
2026-07-03 19:48:54,754 [INFO]   Epoch [30/50] loss: 0.014371
2026-07-03 19:48:55,718 [INFO]   Epoch [40/50] loss: 0.012259
2026-07-03 19:48:56,670 [INFO]   Epoch [50/50] loss: 0.009723
2026-07-03 19:48:56,731 [INFO] Threshold [percentile]: 0.013859
2026-07-03 19:48:56,733 [INFO] [LSTM-Autoencoder] FAT=2024-01-01 01:59:20 | lead=1.32h | delay=0.16h | FAR_preonset=nan% | valid=True
2026-07-03 19:48:56,742 [INFO] Training TCN-AE on cpu for 40 epochs ...
2026-07-03 19:48:59,460 [INFO]   Epoch [10/40] loss: 0.022511
2026-07-03 19:49:04,225 [INFO]   Epoch [20/40] loss: 0.010802
2026-07-03 19:49:07,384 [INFO]   Epoch [30/40] loss: 0.006231
2026-07-03 19:49:09,413 [INFO]   Epoch [40/40] loss: 0.003808
2026-07-03 19:49:09,458 [INFO] Threshold [percentile]: 0.004128
2026-07-03 19:49:09,459 [INFO] [TCN-Autoencoder] FAT=2024-01-01 01:59:20 | lead=1.32h | delay=0.16h | FAR_preonset=nan% | valid=True
2026-07-03 19:49:09,469 [INFO] Training Transformer-AD on cpu for 40 epochs ...
2026-07-03 19:49:11,110 [INFO]   Epoch [10/40] loss: 0.038794
2026-07-03 19:49:12,505 [INFO]   Epoch [20/40] loss: 0.023743
2026-07-03 19:49:13,877 [INFO]   Epoch [30/40] loss: 0.018593
2026-07-03 19:49:15,249 [INFO]   Epoch [40/40] loss: 0.014926
2026-07-03 19:49:15,272 [INFO] Threshold [percentile]: 0.016283
2026-07-03 19:49:15,332 [INFO] [Transformer-AD] FAT=2024-01-01 01:59:20 | lead=1.32h | delay=0.16h | FAR_preonset=nan% | valid=True
2026-07-03 19:49:15,334 [INFO] [E3] mode=decimate factor=2 (~0 min) done
2026-07-03 19:49:15,334 [WARNING] [E3] mode=decimate factor=5: window floored to 3 rows
2026-07-03 19:49:15,353 [INFO] Loaded processed data ← C:\scada\data\processed\Ferrara_E3_features.parquet ((2386, 12))
2026-07-03 19:49:15,877 [INFO] Invariant features: 476 windows × 49 features (channel-count-invariant)
2026-07-03 19:49:15,878 [INFO] Split: train=238, cal=47, test=191 (total=476)
2026-07-03 19:49:15,893 [INFO] Threshold [percentile]: 0.449392
2026-07-03 19:49:15,893 [INFO] [RMS-Trend (kσ)] FAT=2024-01-01 03:12:05 | lead=0.11h | delay=1.37h | FAR_preonset=nan% | valid=True
2026-07-03 19:49:15,894 [INFO] Threshold [percentile]: 1.970201
2026-07-03 19:49:15,894 [INFO] [3σ Rule (σ=3.0)] FAT=2024-01-01 01:59:10 | lead=1.33h | delay=0.16h | FAR_preonset=nan% | valid=True
2026-07-03 19:49:15,895 [INFO] Threshold [percentile]: 1.615413
2026-07-03 19:49:15,895 [INFO] [EWMA (λ=0.2, k=3.0)] FAT=2024-01-01 01:59:35 | lead=1.32h | delay=0.16h | FAR_preonset=nan% | valid=True
2026-07-03 19:49:15,896 [INFO] Threshold [percentile]: 14.570673
2026-07-03 19:49:15,896 [INFO] [CUSUM (k=0.5, h=5.0)] FAT=2024-01-01 02:00:00 | lead=1.31h | delay=0.17h | FAR_preonset=nan% | valid=True
2026-07-03 19:49:15,900 [INFO] Threshold [percentile]: 24.963648
2026-07-03 19:49:15,901 [INFO] [Hotelling T²] FAT=2024-01-01 01:59:10 | lead=1.33h | delay=0.16h | FAR_preonset=nan% | valid=True
2026-07-03 19:49:16,114 [INFO] IsolationForest fitted on X=(238, 49)
2026-07-03 19:49:16,138 [INFO] Threshold [percentile]: 0.035351
2026-07-03 19:49:16,139 [INFO] [Isolation Forest] FAT=2024-01-01 01:59:10 | lead=1.33h | delay=0.16h | FAR_preonset=nan% | valid=True
2026-07-03 19:49:16,141 [INFO] Training Deep SVDD on cpu for 40 epochs ...
2026-07-03 19:49:16,193 [INFO]   Epoch [10/40] loss: 0.012474
2026-07-03 19:49:16,246 [INFO]   Epoch [20/40] loss: 0.006834
2026-07-03 19:49:16,300 [INFO]   Epoch [30/40] loss: 0.004847
2026-07-03 19:49:16,356 [INFO]   Epoch [40/40] loss: 0.003507
2026-07-03 19:49:16,358 [INFO] Threshold [percentile]: 0.461889
2026-07-03 19:49:16,358 [INFO] [Deep SVDD] FAT=2024-01-01 03:16:15 | lead=0.04h | delay=1.44h | FAR_preonset=nan% | valid=True
C:\scada\venv\Lib\site-packages\torch\nn\modules\rnn.py:1009: UserWarning: dropout option adds dropout after all but last recurrent layer, so non-zero dropout expects num_layers greater than 1, but got dropout=0.1 and num_layers=1
  super().__init__("LSTM", *args, **kwargs)
2026-07-03 19:49:16,362 [INFO] Training LSTM-AE on cpu for 50 epochs ...
2026-07-03 19:49:17,096 [INFO]   Epoch [10/50] loss: 0.031808
2026-07-03 19:49:17,799 [INFO]   Epoch [20/50] loss: 0.020007
2026-07-03 19:49:18,488 [INFO]   Epoch [30/50] loss: 0.017292
2026-07-03 19:49:19,250 [INFO]   Epoch [40/50] loss: 0.015209
2026-07-03 19:49:19,950 [INFO]   Epoch [50/50] loss: 0.013315
2026-07-03 19:49:19,971 [INFO] Threshold [percentile]: 0.017577
2026-07-03 19:49:19,972 [INFO] [LSTM-Autoencoder] FAT=2024-01-01 01:59:10 | lead=1.33h | delay=0.16h | FAR_preonset=nan% | valid=True
2026-07-03 19:49:19,979 [INFO] Training TCN-AE on cpu for 40 epochs ...
2026-07-03 19:49:21,112 [INFO]   Epoch [10/40] loss: 0.027969
2026-07-03 19:49:22,329 [INFO]   Epoch [20/40] loss: 0.014720
2026-07-03 19:49:23,435 [INFO]   Epoch [30/40] loss: 0.009915
2026-07-03 19:49:24,525 [INFO]   Epoch [40/40] loss: 0.006474
2026-07-03 19:49:24,554 [INFO] Threshold [percentile]: 0.007229
2026-07-03 19:49:24,555 [INFO] [TCN-Autoencoder] FAT=2024-01-01 01:59:10 | lead=1.33h | delay=0.16h | FAR_preonset=nan% | valid=True
2026-07-03 19:49:24,561 [INFO] Training Transformer-AD on cpu for 40 epochs ...
2026-07-03 19:49:25,631 [INFO]   Epoch [10/40] loss: 0.040753
2026-07-03 19:49:26,692 [INFO]   Epoch [20/40] loss: 0.031358
2026-07-03 19:49:27,723 [INFO]   Epoch [30/40] loss: 0.023184
2026-07-03 19:49:28,764 [INFO]   Epoch [40/40] loss: 0.019864
2026-07-03 19:49:28,783 [INFO] Threshold [percentile]: 0.022348
2026-07-03 19:49:28,785 [INFO] [Transformer-AD] FAT=2024-01-01 01:59:10 | lead=1.33h | delay=0.16h | FAR_preonset=nan% | valid=True
2026-07-03 19:49:28,787 [INFO] [E3] mode=decimate factor=5 (~0 min) done
2026-07-03 19:49:28,787 [WARNING] [E3] mode=decimate factor=10: window floored to 3 rows
2026-07-03 19:49:28,809 [INFO] Loaded processed data ← C:\scada\data\processed\Ferrara_E3_features.parquet ((2386, 12))
2026-07-03 19:49:29,143 [INFO] Invariant features: 237 windows × 49 features (channel-count-invariant)
2026-07-03 19:49:29,143 [INFO] Split: train=118, cal=24, test=95 (total=237)
2026-07-03 19:49:29,159 [INFO] Threshold [percentile]: 0.564080
2026-07-03 19:49:29,159 [INFO] [RMS-Trend (kσ)] FAT=2024-01-01 03:09:10 | lead=0.16h | delay=1.32h | FAR_preonset=nan% | valid=True
2026-07-03 19:49:29,160 [INFO] Threshold [percentile]: 2.123325
2026-07-03 19:49:29,160 [INFO] [3σ Rule (σ=3.0)] FAT=2024-01-01 01:59:10 | lead=1.33h | delay=0.16h | FAR_preonset=nan% | valid=True
2026-07-03 19:49:29,160 [INFO] Threshold [percentile]: 1.240474
2026-07-03 19:49:29,160 [INFO] [EWMA (λ=0.2, k=3.0)] FAT=2024-01-01 02:00:00 | lead=1.31h | delay=0.17h | FAR_preonset=nan% | valid=True
2026-07-03 19:49:29,160 [INFO] Threshold [percentile]: 10.615660
2026-07-03 19:49:29,160 [INFO] [CUSUM (k=0.5, h=5.0)] FAT=2024-01-01 02:00:00 | lead=1.31h | delay=0.17h | FAR_preonset=nan% | valid=True
2026-07-03 19:49:29,164 [INFO] Threshold [percentile]: 25.315282
2026-07-03 19:49:29,164 [INFO] [Hotelling T²] FAT=2024-01-01 01:59:10 | lead=1.33h | delay=0.16h | FAR_preonset=nan% | valid=True
2026-07-03 19:49:29,428 [INFO] IsolationForest fitted on X=(118, 49)
2026-07-03 19:49:29,473 [INFO] Threshold [percentile]: 0.061684
2026-07-03 19:49:29,473 [INFO] [Isolation Forest] FAT=2024-01-01 01:59:10 | lead=1.33h | delay=0.16h | FAR_preonset=nan% | valid=True
2026-07-03 19:49:29,478 [INFO] Training Deep SVDD on cpu for 40 epochs ...
2026-07-03 19:49:29,521 [INFO]   Epoch [10/40] loss: 0.017809
2026-07-03 19:49:29,550 [INFO]   Epoch [20/40] loss: 0.008432
2026-07-03 19:49:29,583 [INFO]   Epoch [30/40] loss: 0.005362
2026-07-03 19:49:29,618 [INFO]   Epoch [40/40] loss: 0.003990
2026-07-03 19:49:29,619 [INFO] Threshold [percentile]: 0.564069
2026-07-03 19:49:29,619 [INFO] [Deep SVDD] FAT=2024-01-01 03:11:40 | lead=0.12h | delay=1.37h | FAR_preonset=nan% | valid=True
C:\scada\venv\Lib\site-packages\torch\nn\modules\rnn.py:1009: UserWarning: dropout option adds dropout after all but last recurrent layer, so non-zero dropout expects num_layers greater than 1, but got dropout=0.1 and num_layers=1
  super().__init__("LSTM", *args, **kwargs)
2026-07-03 19:49:29,624 [INFO] Training LSTM-AE on cpu for 50 epochs ...
2026-07-03 19:49:29,965 [INFO]   Epoch [10/50] loss: 0.041621
2026-07-03 19:49:30,264 [INFO]   Epoch [20/50] loss: 0.034657
2026-07-03 19:49:30,622 [INFO]   Epoch [30/50] loss: 0.024149
2026-07-03 19:49:30,981 [INFO]   Epoch [40/50] loss: 0.021392
2026-07-03 19:49:31,370 [INFO]   Epoch [50/50] loss: 0.020142
2026-07-03 19:49:31,391 [INFO] Threshold [percentile]: 0.024527
2026-07-03 19:49:31,392 [INFO] [LSTM-Autoencoder] FAT=2024-01-01 01:59:10 | lead=1.33h | delay=0.16h | FAR_preonset=nan% | valid=True
2026-07-03 19:49:31,398 [INFO] Training TCN-AE on cpu for 40 epochs ...
2026-07-03 19:49:33,179 [INFO]   Epoch [10/40] loss: 0.055024
2026-07-03 19:49:33,617 [INFO]   Epoch [20/40] loss: 0.030247
2026-07-03 19:49:34,034 [INFO]   Epoch [30/40] loss: 0.021307
2026-07-03 19:49:34,463 [INFO]   Epoch [40/40] loss: 0.015419
2026-07-03 19:49:34,482 [INFO] Threshold [percentile]: 0.017684
2026-07-03 19:49:34,482 [INFO] [TCN-Autoencoder] FAT=2024-01-01 01:59:10 | lead=1.33h | delay=0.16h | FAR_preonset=nan% | valid=True
2026-07-03 19:49:34,489 [INFO] Training Transformer-AD on cpu for 40 epochs ...
2026-07-03 19:49:34,919 [INFO]   Epoch [10/40] loss: 0.049240
2026-07-03 19:49:35,459 [INFO]   Epoch [20/40] loss: 0.041986
2026-07-03 19:49:36,089 [INFO]   Epoch [30/40] loss: 0.038128
2026-07-03 19:49:36,627 [INFO]   Epoch [40/40] loss: 0.032121
2026-07-03 19:49:36,640 [INFO] Threshold [percentile]: 0.041768
2026-07-03 19:49:36,641 [INFO] [Transformer-AD] FAT=2024-01-01 01:59:10 | lead=1.33h | delay=0.16h | FAR_preonset=nan% | valid=True
2026-07-03 19:49:36,643 [INFO] [E3] mode=decimate factor=10 (~1 min) done
2026-07-03 19:49:36,643 [WARNING] [E3] mode=decimate factor=20: window floored to 3 rows
2026-07-03 19:49:36,665 [INFO] Loaded processed data ← C:\scada\data\processed\Ferrara_E3_features.parquet ((2386, 12))
2026-07-03 19:49:36,883 [INFO] Invariant features: 118 windows × 49 features (channel-count-invariant)
2026-07-03 19:49:36,884 [INFO] Split: train=59, cal=11, test=48 (total=118)
2026-07-03 19:49:36,900 [INFO] Threshold [percentile]: 0.801281
2026-07-03 19:49:36,901 [INFO] [RMS-Trend (kσ)] FAT=2024-01-01 03:11:40 | lead=0.12h | delay=1.37h | FAR_preonset=nan% | valid=True
2026-07-03 19:49:36,901 [INFO] Threshold [percentile]: 2.148950
2026-07-03 19:49:36,901 [INFO] [3σ Rule (σ=3.0)] FAT=2024-01-01 01:58:20 | lead=1.34h | delay=0.14h | FAR_preonset=nan% | valid=True
2026-07-03 19:49:36,902 [INFO] Threshold [percentile]: 1.381394
2026-07-03 19:49:36,902 [INFO] [EWMA (λ=0.2, k=3.0)] FAT=2024-01-01 02:00:00 | lead=1.31h | delay=0.17h | FAR_preonset=nan% | valid=True
2026-07-03 19:49:36,902 [INFO] Threshold [percentile]: 8.718780
2026-07-03 19:49:36,902 [INFO] [CUSUM (k=0.5, h=5.0)] FAT=2024-01-01 02:00:00 | lead=1.31h | delay=0.17h | FAR_preonset=nan% | valid=True
2026-07-03 19:49:36,905 [INFO] Threshold [percentile]: 19.371978
2026-07-03 19:49:36,905 [INFO] [Hotelling T²] FAT=2024-01-01 01:58:20 | lead=1.34h | delay=0.14h | FAR_preonset=nan% | valid=True
2026-07-03 19:49:37,197 [INFO] IsolationForest fitted on X=(59, 49)
2026-07-03 19:49:37,220 [INFO] Threshold [percentile]: 0.048478
2026-07-03 19:49:37,220 [INFO] [Isolation Forest] FAT=2024-01-01 01:58:20 | lead=1.34h | delay=0.14h | FAR_preonset=nan% | valid=True
2026-07-03 19:49:37,222 [INFO] Training Deep SVDD on cpu for 40 epochs ...
2026-07-03 19:49:37,234 [INFO]   Epoch [10/40] loss: 0.026937
2026-07-03 19:49:37,246 [INFO]   Epoch [20/40] loss: 0.010809
2026-07-03 19:49:37,258 [INFO]   Epoch [30/40] loss: 0.006114
2026-07-03 19:49:37,272 [INFO]   Epoch [40/40] loss: 0.004062
2026-07-03 19:49:37,272 [INFO] Threshold [percentile]: 0.927311
2026-07-03 19:49:37,272 [INFO] [Deep SVDD] FAT=2024-01-01 03:11:40 | lead=0.12h | delay=1.37h | FAR_preonset=nan% | valid=True
C:\scada\venv\Lib\site-packages\torch\nn\modules\rnn.py:1009: UserWarning: dropout option adds dropout after all but last recurrent layer, so non-zero dropout expects num_layers greater than 1, but got dropout=0.1 and num_layers=1
  super().__init__("LSTM", *args, **kwargs)
2026-07-03 19:49:37,275 [INFO] Training LSTM-AE on cpu for 50 epochs ...
2026-07-03 19:49:37,385 [INFO]   Epoch [10/50] loss: 0.165211
2026-07-03 19:49:37,506 [INFO]   Epoch [20/50] loss: 0.080211
2026-07-03 19:49:37,622 [INFO]   Epoch [30/50] loss: 0.056302
2026-07-03 19:49:37,735 [INFO]   Epoch [40/50] loss: 0.053066
2026-07-03 19:49:37,845 [INFO]   Epoch [50/50] loss: 0.050839
2026-07-03 19:49:37,853 [INFO] Threshold [percentile]: 0.065284
2026-07-03 19:49:37,854 [INFO] [LSTM-Autoencoder] FAT=2024-01-01 01:58:20 | lead=1.34h | delay=0.14h | FAR_preonset=nan% | valid=True
2026-07-03 19:49:37,859 [INFO] Training TCN-AE on cpu for 40 epochs ...
2026-07-03 19:49:38,024 [INFO]   Epoch [10/40] loss: 0.165594
2026-07-03 19:49:38,175 [INFO]   Epoch [20/40] loss: 0.107650
2026-07-03 19:49:38,334 [INFO]   Epoch [30/40] loss: 0.071701
2026-07-03 19:49:38,468 [INFO]   Epoch [40/40] loss: 0.051604
2026-07-03 19:49:38,480 [INFO] Threshold [percentile]: 0.057809
2026-07-03 19:49:38,481 [INFO] [TCN-Autoencoder] FAT=2024-01-01 01:58:20 | lead=1.34h | delay=0.14h | FAR_preonset=nan% | valid=True
2026-07-03 19:49:38,485 [INFO] Training Transformer-AD on cpu for 40 epochs ...
2026-07-03 19:49:38,609 [INFO]   Epoch [10/40] loss: 0.172044
2026-07-03 19:49:38,734 [INFO]   Epoch [20/40] loss: 0.081351
2026-07-03 19:49:38,863 [INFO]   Epoch [30/40] loss: 0.062836
2026-07-03 19:49:39,004 [INFO]   Epoch [40/40] loss: 0.060492
2026-07-03 19:49:39,009 [INFO] Threshold [percentile]: 0.065791
2026-07-03 19:49:39,010 [INFO] [Transformer-AD] FAT=2024-01-01 01:58:20 | lead=1.34h | delay=0.14h | FAR_preonset=nan% | valid=True
2026-07-03 19:49:39,013 [INFO] [E3] mode=decimate factor=20 (~2 min) done
2026-07-03 19:49:42,545 [INFO]   ingested 200/669 files
2026-07-03 19:49:46,084 [INFO]   ingested 400/669 files
2026-07-03 19:49:49,508 [INFO]   ingested 600/669 files
2026-07-03 19:49:50,696 [INFO] Saved processed data → C:\scada\data\processed\Ferrara_E4_features.parquet
2026-07-03 19:49:50,822 [INFO] Invariant features: 132 windows × 49 features (channel-count-invariant)
2026-07-03 19:49:50,823 [INFO] Split: train=66, cal=13, test=53 (total=132)
2026-07-03 19:49:50,838 [INFO] Degradation onset detected at 2024-01-01 00:48:40
2026-07-03 19:49:50,838 [INFO] [E4] onset=2024-01-01 00:48:40  t_fail=2024-01-01 00:55:40  max_lead=0.1h
2026-07-03 19:49:50,850 [INFO] Loaded processed data ← C:\scada\data\processed\Ferrara_E4_features.parquet ((669, 12))
2026-07-03 19:49:50,982 [INFO] Invariant features: 132 windows × 49 features (channel-count-invariant)
2026-07-03 19:49:50,982 [INFO] Split: train=66, cal=13, test=53 (total=132)
2026-07-03 19:49:50,997 [INFO] Threshold [percentile]: 0.618425
2026-07-03 19:49:50,997 [INFO] [RMS-Trend (kσ)] FAT=None | lead=0.00h | delay=n/a | FAR_preonset=0.0% | valid=False
2026-07-03 19:49:50,997 [INFO] Threshold [percentile]: 3.472554
2026-07-03 19:49:50,998 [INFO] [3σ Rule (σ=3.0)] FAT=2024-01-01 00:48:20 | lead=0.12h | delay=n/a | FAR_preonset=2.7% | valid=True
2026-07-03 19:49:50,998 [INFO] Threshold [percentile]: 1.713566
2026-07-03 19:49:50,998 [INFO] [EWMA (λ=0.2, k=3.0)] FAT=2024-01-01 00:48:20 | lead=0.12h | delay=n/a | FAR_preonset=2.7% | valid=True
2026-07-03 19:49:50,998 [INFO] Threshold [percentile]: 12.275508
2026-07-03 19:49:50,999 [INFO] [CUSUM (k=0.5, h=5.0)] FAT=2024-01-01 00:48:20 | lead=0.12h | delay=n/a | FAR_preonset=2.7% | valid=True
2026-07-03 19:49:51,002 [INFO] Threshold [percentile]: 26.688002
2026-07-03 19:49:51,002 [INFO] [Hotelling T²] FAT=2024-01-01 00:48:20 | lead=0.12h | delay=n/a | FAR_preonset=2.7% | valid=True
2026-07-03 19:49:51,201 [INFO] IsolationForest fitted on X=(66, 49)
2026-07-03 19:49:51,234 [INFO] Threshold [percentile]: 0.120305
2026-07-03 19:49:51,235 [INFO] [Isolation Forest] FAT=2024-01-01 00:48:20 | lead=0.12h | delay=n/a | FAR_preonset=2.7% | valid=True
2026-07-03 19:49:51,237 [INFO] Training Deep SVDD on cpu for 40 epochs ...
2026-07-03 19:49:51,250 [INFO]   Epoch [10/40] loss: 0.047613
2026-07-03 19:49:51,263 [INFO]   Epoch [20/40] loss: 0.025948
2026-07-03 19:49:51,276 [INFO]   Epoch [30/40] loss: 0.014838
2026-07-03 19:49:51,296 [INFO]   Epoch [40/40] loss: 0.012176
2026-07-03 19:49:51,299 [INFO] Threshold [percentile]: 0.799850
2026-07-03 19:49:51,300 [INFO] [Deep SVDD] FAT=None | lead=0.00h | delay=n/a | FAR_preonset=0.0% | valid=False
C:\scada\venv\Lib\site-packages\torch\nn\modules\rnn.py:1009: UserWarning: dropout option adds dropout after all but last recurrent layer, so non-zero dropout expects num_layers greater than 1, but got dropout=0.1 and num_layers=1
  super().__init__("LSTM", *args, **kwargs)
2026-07-03 19:49:51,306 [INFO] Training LSTM-AE on cpu for 50 epochs ...
2026-07-03 19:49:51,481 [INFO]   Epoch [10/50] loss: 0.086476
2026-07-03 19:49:51,623 [INFO]   Epoch [20/50] loss: 0.042250
2026-07-03 19:49:51,771 [INFO]   Epoch [30/50] loss: 0.034082
2026-07-03 19:49:52,059 [INFO]   Epoch [40/50] loss: 0.031846
2026-07-03 19:49:52,217 [INFO]   Epoch [50/50] loss: 0.030519
2026-07-03 19:49:52,227 [INFO] Threshold [percentile]: 0.049938
2026-07-03 19:49:52,227 [INFO] [LSTM-Autoencoder] FAT=2024-01-01 00:48:20 | lead=0.12h | delay=n/a | FAR_preonset=2.7% | valid=True
2026-07-03 19:49:52,231 [INFO] Training TCN-AE on cpu for 40 epochs ...
2026-07-03 19:49:52,469 [INFO]   Epoch [10/40] loss: 0.128927
2026-07-03 19:49:52,697 [INFO]   Epoch [20/40] loss: 0.043912
2026-07-03 19:49:52,913 [INFO]   Epoch [30/40] loss: 0.031954
2026-07-03 19:49:53,133 [INFO]   Epoch [40/40] loss: 0.028124
2026-07-03 19:49:53,145 [INFO] Threshold [percentile]: 0.040958
2026-07-03 19:49:53,146 [INFO] [TCN-Autoencoder] FAT=2024-01-01 00:48:20 | lead=0.12h | delay=n/a | FAR_preonset=2.7% | valid=True
2026-07-03 19:49:53,152 [INFO] Training Transformer-AD on cpu for 40 epochs ...
2026-07-03 19:49:53,360 [INFO]   Epoch [10/40] loss: 0.064480
2026-07-03 19:49:53,571 [INFO]   Epoch [20/40] loss: 0.043165
2026-07-03 19:49:53,786 [INFO]   Epoch [30/40] loss: 0.041569
2026-07-03 19:49:53,997 [INFO]   Epoch [40/40] loss: 0.036961
2026-07-03 19:49:54,003 [INFO] Threshold [percentile]: 0.052875
2026-07-03 19:49:54,003 [INFO] [Transformer-AD] FAT=2024-01-01 00:48:20 | lead=0.12h | delay=n/a | FAR_preonset=2.7% | valid=True
2026-07-03 19:49:54,005 [INFO] [E4] mode=aggregate factor=1 (~0 min) done
2026-07-03 19:49:54,021 [INFO] Loaded processed data ← C:\scada\data\processed\Ferrara_E4_features.parquet ((669, 12))
2026-07-03 19:49:54,077 [INFO] Invariant features: 26 windows × 49 features (channel-count-invariant)
2026-07-03 19:49:54,078 [INFO] Split: train=13, cal=2, test=11 (total=26)
2026-07-03 19:49:54,099 [INFO] Threshold [percentile]: 0.910732
2026-07-03 19:49:54,099 [INFO] [RMS-Trend (kσ)] FAT=None | lead=0.00h | delay=n/a | FAR_preonset=0.0% | valid=False
2026-07-03 19:49:54,100 [INFO] Threshold [percentile]: 2.398666
2026-07-03 19:49:54,100 [INFO] [3σ Rule (σ=3.0)] FAT=2024-01-01 00:46:00 | lead=0.16h | delay=n/a | FAR_preonset=22.2% | valid=False
2026-07-03 19:49:54,100 [INFO] Threshold [percentile]: 0.609759
2026-07-03 19:49:54,101 [INFO] [EWMA (λ=0.2, k=3.0)] FAT=2024-01-01 00:46:00 | lead=0.16h | delay=n/a | FAR_preonset=22.2% | valid=False
2026-07-03 19:49:54,101 [INFO] Threshold [percentile]: 2.589137
2026-07-03 19:49:54,101 [INFO] [CUSUM (k=0.5, h=5.0)] FAT=2024-01-01 00:46:00 | lead=0.16h | delay=n/a | FAR_preonset=22.2% | valid=False
2026-07-03 19:49:54,104 [INFO] Threshold [percentile]: 11.910843
2026-07-03 19:49:54,104 [INFO] [Hotelling T²] FAT=2024-01-01 00:32:00 | lead=0.39h | delay=n/a | FAR_preonset=100.0% | valid=False
2026-07-03 19:49:54,351 [INFO] IsolationForest fitted on X=(13, 49)
2026-07-03 19:49:54,373 [INFO] Threshold [percentile]: 0.105970
2026-07-03 19:49:54,373 [INFO] [Isolation Forest] FAT=None | lead=0.00h | delay=n/a | FAR_preonset=0.0% | valid=False
2026-07-03 19:49:54,375 [INFO] Training Deep SVDD on cpu for 40 epochs ...
2026-07-03 19:49:54,380 [INFO]   Epoch [10/40] loss: 0.083933
2026-07-03 19:49:54,385 [INFO]   Epoch [20/40] loss: 0.022716
2026-07-03 19:49:54,390 [INFO]   Epoch [30/40] loss: 0.013000
2026-07-03 19:49:54,394 [INFO]   Epoch [40/40] loss: 0.006106
2026-07-03 19:49:54,395 [INFO] Threshold [percentile]: 0.961447
2026-07-03 19:49:54,395 [INFO] [Deep SVDD] FAT=None | lead=0.00h | delay=n/a | FAR_preonset=0.0% | valid=False
2026-07-03 19:49:54,395 [ERROR] Method LSTM-Autoencoder failed: LSTM-AE needs >= 30 windows; run has 13.
2026-07-03 19:49:54,395 [ERROR] Method TCN-Autoencoder failed: TCN needs >= 30 windows; run has 13.
2026-07-03 19:49:54,395 [ERROR] Method Transformer-AD failed: Transformer-AD needs >= 30 windows; run has 13.
2026-07-03 19:49:54,398 [INFO] [E4] mode=aggregate factor=2 (~0 min) done
2026-07-03 19:49:54,398 [WARNING] [E4] mode=aggregate factor=5: window floored to 3 rows
2026-07-03 19:49:54,410 [INFO] Loaded processed data ← C:\scada\data\processed\Ferrara_E4_features.parquet ((669, 12))
2026-07-03 19:49:54,468 [INFO] Invariant features: 54 windows × 49 features (channel-count-invariant)
2026-07-03 19:49:54,468 [INFO] Split: train=27, cal=5, test=22 (total=54)
2026-07-03 19:49:54,480 [INFO] Threshold [percentile]: 0.977627
2026-07-03 19:49:54,481 [INFO] [RMS-Trend (kσ)] FAT=None | lead=0.00h | delay=n/a | FAR_preonset=0.0% | valid=False
2026-07-03 19:49:54,481 [INFO] Threshold [percentile]: 2.918980
2026-07-03 19:49:54,481 [INFO] [3σ Rule (σ=3.0)] FAT=2024-01-01 00:47:00 | lead=0.14h | delay=n/a | FAR_preonset=12.5% | valid=False
2026-07-03 19:49:54,481 [INFO] Threshold [percentile]: 1.012453
2026-07-03 19:49:54,481 [INFO] [EWMA (λ=0.2, k=3.0)] FAT=2024-01-01 00:47:00 | lead=0.14h | delay=n/a | FAR_preonset=12.5% | valid=False
2026-07-03 19:49:54,482 [INFO] Threshold [percentile]: 5.141826
2026-07-03 19:49:54,482 [INFO] [CUSUM (k=0.5, h=5.0)] FAT=2024-01-01 00:47:00 | lead=0.14h | delay=n/a | FAR_preonset=12.5% | valid=False
2026-07-03 19:49:54,483 [INFO] Threshold [percentile]: 18.150178
2026-07-03 19:49:54,483 [INFO] [Hotelling T²] FAT=2024-01-01 00:33:00 | lead=0.38h | delay=n/a | FAR_preonset=62.5% | valid=False
2026-07-03 19:49:54,679 [INFO] IsolationForest fitted on X=(27, 49)
2026-07-03 19:49:54,696 [INFO] Threshold [percentile]: 0.115023
2026-07-03 19:49:54,696 [INFO] [Isolation Forest] FAT=2024-01-01 00:47:00 | lead=0.14h | delay=n/a | FAR_preonset=12.5% | valid=False
2026-07-03 19:49:54,698 [INFO] Training Deep SVDD on cpu for 40 epochs ...
2026-07-03 19:49:54,704 [INFO]   Epoch [10/40] loss: 0.090186
2026-07-03 19:49:54,710 [INFO]   Epoch [20/40] loss: 0.034743
2026-07-03 19:49:54,715 [INFO]   Epoch [30/40] loss: 0.018924
2026-07-03 19:49:54,720 [INFO]   Epoch [40/40] loss: 0.010389
2026-07-03 19:49:54,720 [INFO] Threshold [percentile]: 0.872490
2026-07-03 19:49:54,720 [INFO] [Deep SVDD] FAT=None | lead=0.00h | delay=n/a | FAR_preonset=0.0% | valid=False
2026-07-03 19:49:54,721 [ERROR] Method LSTM-Autoencoder failed: LSTM-AE needs >= 30 windows; run has 27.
2026-07-03 19:49:54,721 [ERROR] Method TCN-Autoencoder failed: TCN needs >= 30 windows; run has 27.
2026-07-03 19:49:54,721 [ERROR] Method Transformer-AD failed: Transformer-AD needs >= 30 windows; run has 27.
2026-07-03 19:49:54,722 [INFO] [E4] mode=aggregate factor=5 (~0 min) done
2026-07-03 19:49:54,722 [WARNING] [E4] mode=aggregate factor=10: window floored to 3 rows
2026-07-03 19:49:54,733 [INFO] Loaded processed data ← C:\scada\data\processed\Ferrara_E4_features.parquet ((669, 12))
2026-07-03 19:49:54,788 [INFO] Invariant features: 54 windows × 49 features (channel-count-invariant)
2026-07-03 19:49:54,789 [INFO] Split: train=27, cal=5, test=22 (total=54)
2026-07-03 19:49:54,802 [INFO] Threshold [percentile]: 0.977627
2026-07-03 19:49:54,802 [INFO] [RMS-Trend (kσ)] FAT=2024-01-01 00:52:00 | lead=0.06h | delay=0.06h | FAR_preonset=0.0% | valid=True
2026-07-03 19:49:54,803 [INFO] Threshold [percentile]: 2.918980
2026-07-03 19:49:54,803 [INFO] [3σ Rule (σ=3.0)] FAT=2024-01-01 00:47:00 | lead=0.14h | delay=n/a | FAR_preonset=12.5% | valid=False
2026-07-03 19:49:54,803 [INFO] Threshold [percentile]: 1.012453
2026-07-03 19:49:54,803 [INFO] [EWMA (λ=0.2, k=3.0)] FAT=2024-01-01 00:47:00 | lead=0.14h | delay=n/a | FAR_preonset=12.5% | valid=False
2026-07-03 19:49:54,803 [INFO] Threshold [percentile]: 5.141826
2026-07-03 19:49:54,803 [INFO] [CUSUM (k=0.5, h=5.0)] FAT=2024-01-01 00:47:00 | lead=0.14h | delay=n/a | FAR_preonset=12.5% | valid=False
2026-07-03 19:49:54,804 [INFO] Threshold [percentile]: 18.150178
2026-07-03 19:49:54,805 [INFO] [Hotelling T²] FAT=2024-01-01 00:33:00 | lead=0.38h | delay=n/a | FAR_preonset=62.5% | valid=False
2026-07-03 19:49:54,999 [INFO] IsolationForest fitted on X=(27, 49)
2026-07-03 19:49:55,019 [INFO] Threshold [percentile]: 0.115023
2026-07-03 19:49:55,019 [INFO] [Isolation Forest] FAT=2024-01-01 00:47:00 | lead=0.14h | delay=n/a | FAR_preonset=12.5% | valid=False
2026-07-03 19:49:55,021 [INFO] Training Deep SVDD on cpu for 40 epochs ...
2026-07-03 19:49:55,027 [INFO]   Epoch [10/40] loss: 0.090186
2026-07-03 19:49:55,032 [INFO]   Epoch [20/40] loss: 0.034743
2026-07-03 19:49:55,039 [INFO]   Epoch [30/40] loss: 0.018924
2026-07-03 19:49:55,043 [INFO]   Epoch [40/40] loss: 0.010389
2026-07-03 19:49:55,044 [INFO] Threshold [percentile]: 0.872490
2026-07-03 19:49:55,044 [INFO] [Deep SVDD] FAT=2024-01-01 00:54:00 | lead=0.03h | delay=0.09h | FAR_preonset=0.0% | valid=True
2026-07-03 19:49:55,044 [ERROR] Method LSTM-Autoencoder failed: LSTM-AE needs >= 30 windows; run has 27.
2026-07-03 19:49:55,044 [ERROR] Method TCN-Autoencoder failed: TCN needs >= 30 windows; run has 27.
2026-07-03 19:49:55,044 [ERROR] Method Transformer-AD failed: Transformer-AD needs >= 30 windows; run has 27.
2026-07-03 19:49:55,045 [INFO] [E4] mode=aggregate factor=10 (~1 min) done
2026-07-03 19:49:55,045 [WARNING] [E4] mode=aggregate factor=20: window floored to 3 rows
2026-07-03 19:49:55,056 [INFO] Loaded processed data ← C:\scada\data\processed\Ferrara_E4_features.parquet ((669, 12))
2026-07-03 19:49:55,086 [INFO] Invariant features: 26 windows × 49 features (channel-count-invariant)
2026-07-03 19:49:55,087 [INFO] Split: train=13, cal=2, test=11 (total=26)
2026-07-03 19:49:55,098 [INFO] Threshold [percentile]: 0.798896
2026-07-03 19:49:55,098 [INFO] [RMS-Trend (kσ)] FAT=2024-01-01 00:50:00 | lead=0.09h | delay=0.02h | FAR_preonset=0.0% | valid=True
2026-07-03 19:49:55,099 [INFO] Threshold [percentile]: 2.527875
2026-07-03 19:49:55,099 [INFO] [3σ Rule (σ=3.0)] FAT=2024-01-01 00:46:00 | lead=0.16h | delay=n/a | FAR_preonset=22.2% | valid=False
2026-07-03 19:49:55,099 [INFO] Threshold [percentile]: 0.617605
2026-07-03 19:49:55,099 [INFO] [EWMA (λ=0.2, k=3.0)] FAT=2024-01-01 00:46:00 | lead=0.16h | delay=n/a | FAR_preonset=22.2% | valid=False
2026-07-03 19:49:55,099 [INFO] Threshold [percentile]: 2.631713
2026-07-03 19:49:55,099 [INFO] [CUSUM (k=0.5, h=5.0)] FAT=2024-01-01 00:46:00 | lead=0.16h | delay=n/a | FAR_preonset=22.2% | valid=False
2026-07-03 19:49:55,100 [INFO] Threshold [percentile]: 11.920813
2026-07-03 19:49:55,100 [INFO] [Hotelling T²] FAT=2024-01-01 00:32:00 | lead=0.39h | delay=n/a | FAR_preonset=100.0% | valid=False
2026-07-03 19:49:55,299 [INFO] IsolationForest fitted on X=(13, 49)
2026-07-03 19:49:55,321 [INFO] Threshold [percentile]: 0.115368
2026-07-03 19:49:55,322 [INFO] [Isolation Forest] FAT=None | lead=0.00h | delay=n/a | FAR_preonset=0.0% | valid=False
2026-07-03 19:49:55,323 [INFO] Training Deep SVDD on cpu for 40 epochs ...
2026-07-03 19:49:55,328 [INFO]   Epoch [10/40] loss: 0.061703
2026-07-03 19:49:55,333 [INFO]   Epoch [20/40] loss: 0.026611
2026-07-03 19:49:55,337 [INFO]   Epoch [30/40] loss: 0.016553
2026-07-03 19:49:55,342 [INFO]   Epoch [40/40] loss: 0.009284
2026-07-03 19:49:55,343 [INFO] Threshold [percentile]: 0.765781
2026-07-03 19:49:55,343 [INFO] [Deep SVDD] FAT=2024-01-01 00:52:00 | lead=0.06h | delay=0.06h | FAR_preonset=0.0% | valid=True
2026-07-03 19:49:55,343 [ERROR] Method LSTM-Autoencoder failed: LSTM-AE needs >= 30 windows; run has 13.
2026-07-03 19:49:55,343 [ERROR] Method TCN-Autoencoder failed: TCN needs >= 30 windows; run has 13.
2026-07-03 19:49:55,343 [ERROR] Method Transformer-AD failed: Transformer-AD needs >= 30 windows; run has 13.
2026-07-03 19:49:55,344 [INFO] [E4] mode=aggregate factor=20 (~2 min) done
2026-07-03 19:49:55,357 [INFO] Loaded processed data ← C:\scada\data\processed\Ferrara_E4_features.parquet ((669, 12))
2026-07-03 19:49:55,483 [INFO] Invariant features: 132 windows × 49 features (channel-count-invariant)
2026-07-03 19:49:55,483 [INFO] Split: train=66, cal=13, test=53 (total=132)
2026-07-03 19:49:55,495 [INFO] Threshold [percentile]: 0.618425
2026-07-03 19:49:55,495 [INFO] [RMS-Trend (kσ)] FAT=None | lead=0.00h | delay=n/a | FAR_preonset=0.0% | valid=False
2026-07-03 19:49:55,495 [INFO] Threshold [percentile]: 3.472554
2026-07-03 19:49:55,496 [INFO] [3σ Rule (σ=3.0)] FAT=2024-01-01 00:48:20 | lead=0.12h | delay=n/a | FAR_preonset=2.7% | valid=True
2026-07-03 19:49:55,496 [INFO] Threshold [percentile]: 1.713566
2026-07-03 19:49:55,496 [INFO] [EWMA (λ=0.2, k=3.0)] FAT=2024-01-01 00:48:20 | lead=0.12h | delay=n/a | FAR_preonset=2.7% | valid=True
2026-07-03 19:49:55,496 [INFO] Threshold [percentile]: 12.275508
2026-07-03 19:49:55,497 [INFO] [CUSUM (k=0.5, h=5.0)] FAT=2024-01-01 00:48:20 | lead=0.12h | delay=n/a | FAR_preonset=2.7% | valid=True
2026-07-03 19:49:55,499 [INFO] Threshold [percentile]: 26.688002
2026-07-03 19:49:55,499 [INFO] [Hotelling T²] FAT=2024-01-01 00:48:20 | lead=0.12h | delay=n/a | FAR_preonset=2.7% | valid=True
2026-07-03 19:49:55,676 [INFO] IsolationForest fitted on X=(66, 49)
2026-07-03 19:49:55,695 [INFO] Threshold [percentile]: 0.120305
2026-07-03 19:49:55,695 [INFO] [Isolation Forest] FAT=2024-01-01 00:48:20 | lead=0.12h | delay=n/a | FAR_preonset=2.7% | valid=True
2026-07-03 19:49:55,697 [INFO] Training Deep SVDD on cpu for 40 epochs ...
2026-07-03 19:49:55,712 [INFO]   Epoch [10/40] loss: 0.047613
2026-07-03 19:49:55,725 [INFO]   Epoch [20/40] loss: 0.025948
2026-07-03 19:49:55,739 [INFO]   Epoch [30/40] loss: 0.014838
2026-07-03 19:49:55,752 [INFO]   Epoch [40/40] loss: 0.012176
2026-07-03 19:49:55,752 [INFO] Threshold [percentile]: 0.799850
2026-07-03 19:49:55,753 [INFO] [Deep SVDD] FAT=None | lead=0.00h | delay=n/a | FAR_preonset=0.0% | valid=False
C:\scada\venv\Lib\site-packages\torch\nn\modules\rnn.py:1009: UserWarning: dropout option adds dropout after all but last recurrent layer, so non-zero dropout expects num_layers greater than 1, but got dropout=0.1 and num_layers=1
  super().__init__("LSTM", *args, **kwargs)
2026-07-03 19:49:55,755 [INFO] Training LSTM-AE on cpu for 50 epochs ...
2026-07-03 19:49:55,890 [INFO]   Epoch [10/50] loss: 0.086476
2026-07-03 19:49:56,032 [INFO]   Epoch [20/50] loss: 0.042250
2026-07-03 19:49:56,181 [INFO]   Epoch [30/50] loss: 0.034082
2026-07-03 19:49:56,325 [INFO]   Epoch [40/50] loss: 0.031846
2026-07-03 19:49:56,462 [INFO]   Epoch [50/50] loss: 0.030519
2026-07-03 19:49:56,468 [INFO] Threshold [percentile]: 0.049938
2026-07-03 19:49:56,469 [INFO] [LSTM-Autoencoder] FAT=2024-01-01 00:48:20 | lead=0.12h | delay=n/a | FAR_preonset=2.7% | valid=True
2026-07-03 19:49:56,473 [INFO] Training TCN-AE on cpu for 40 epochs ...
2026-07-03 19:49:56,719 [INFO]   Epoch [10/40] loss: 0.128927
2026-07-03 19:49:56,967 [INFO]   Epoch [20/40] loss: 0.043912
2026-07-03 19:49:57,224 [INFO]   Epoch [30/40] loss: 0.031954
2026-07-03 19:49:57,466 [INFO]   Epoch [40/40] loss: 0.028124
2026-07-03 19:49:57,473 [INFO] Threshold [percentile]: 0.040958
2026-07-03 19:49:57,473 [INFO] [TCN-Autoencoder] FAT=2024-01-01 00:48:20 | lead=0.12h | delay=n/a | FAR_preonset=2.7% | valid=True
2026-07-03 19:49:57,480 [INFO] Training Transformer-AD on cpu for 40 epochs ...
2026-07-03 19:49:57,694 [INFO]   Epoch [10/40] loss: 0.064480
2026-07-03 19:49:57,888 [INFO]   Epoch [20/40] loss: 0.043165
2026-07-03 19:49:58,101 [INFO]   Epoch [30/40] loss: 0.041569
2026-07-03 19:49:58,308 [INFO]   Epoch [40/40] loss: 0.036961
2026-07-03 19:49:58,312 [INFO] Threshold [percentile]: 0.052875
2026-07-03 19:49:58,313 [INFO] [Transformer-AD] FAT=2024-01-01 00:48:20 | lead=0.12h | delay=n/a | FAR_preonset=2.7% | valid=True
2026-07-03 19:49:58,315 [INFO] [E4] mode=decimate factor=1 (~0 min) done
2026-07-03 19:49:58,334 [INFO] Loaded processed data ← C:\scada\data\processed\Ferrara_E4_features.parquet ((669, 12))
2026-07-03 19:49:58,564 [INFO] Invariant features: 166 windows × 49 features (channel-count-invariant)
2026-07-03 19:49:58,565 [INFO] Split: train=83, cal=16, test=67 (total=166)
2026-07-03 19:49:58,579 [INFO] Threshold [percentile]: 0.585186
2026-07-03 19:49:58,579 [INFO] [RMS-Trend (kσ)] FAT=None | lead=0.00h | delay=n/a | FAR_preonset=0.0% | valid=False
2026-07-03 19:49:58,579 [INFO] Threshold [percentile]: 3.589193
2026-07-03 19:49:58,580 [INFO] [3σ Rule (σ=3.0)] FAT=2024-01-01 00:48:20 | lead=0.12h | delay=n/a | FAR_preonset=2.2% | valid=True
2026-07-03 19:49:58,580 [INFO] Threshold [percentile]: 1.903328
2026-07-03 19:49:58,580 [INFO] [EWMA (λ=0.2, k=3.0)] FAT=2024-01-01 00:48:20 | lead=0.12h | delay=n/a | FAR_preonset=2.2% | valid=True
2026-07-03 19:49:58,580 [INFO] Threshold [percentile]: 15.136276
2026-07-03 19:49:58,581 [INFO] [CUSUM (k=0.5, h=5.0)] FAT=2024-01-01 00:48:20 | lead=0.12h | delay=n/a | FAR_preonset=2.2% | valid=True
2026-07-03 19:49:58,584 [INFO] Threshold [percentile]: 27.886749
2026-07-03 19:49:58,584 [INFO] [Hotelling T²] FAT=2024-01-01 00:48:20 | lead=0.12h | delay=n/a | FAR_preonset=2.2% | valid=True
2026-07-03 19:49:58,790 [INFO] IsolationForest fitted on X=(83, 49)
2026-07-03 19:49:58,811 [INFO] Threshold [percentile]: 0.102729
2026-07-03 19:49:58,811 [INFO] [Isolation Forest] FAT=2024-01-01 00:48:20 | lead=0.12h | delay=n/a | FAR_preonset=2.2% | valid=True
2026-07-03 19:49:58,813 [INFO] Training Deep SVDD on cpu for 40 epochs ...
2026-07-03 19:49:58,831 [INFO]   Epoch [10/40] loss: 0.031224
2026-07-03 19:49:58,850 [INFO]   Epoch [20/40] loss: 0.013541
2026-07-03 19:49:58,869 [INFO]   Epoch [30/40] loss: 0.008721
2026-07-03 19:49:58,888 [INFO]   Epoch [40/40] loss: 0.006535
2026-07-03 19:49:58,889 [INFO] Threshold [percentile]: 0.382532
2026-07-03 19:49:58,890 [INFO] [Deep SVDD] FAT=None | lead=0.00h | delay=n/a | FAR_preonset=0.0% | valid=False
C:\scada\venv\Lib\site-packages\torch\nn\modules\rnn.py:1009: UserWarning: dropout option adds dropout after all but last recurrent layer, so non-zero dropout expects num_layers greater than 1, but got dropout=0.1 and num_layers=1
  super().__init__("LSTM", *args, **kwargs)
2026-07-03 19:49:58,893 [INFO] Training LSTM-AE on cpu for 50 epochs ...
2026-07-03 19:49:59,090 [INFO]   Epoch [10/50] loss: 0.080994
2026-07-03 19:49:59,289 [INFO]   Epoch [20/50] loss: 0.037345
2026-07-03 19:49:59,471 [INFO]   Epoch [30/50] loss: 0.032264
2026-07-03 19:49:59,641 [INFO]   Epoch [40/50] loss: 0.029943
2026-07-03 19:49:59,821 [INFO]   Epoch [50/50] loss: 0.029172
2026-07-03 19:49:59,831 [INFO] Threshold [percentile]: 0.047133
2026-07-03 19:49:59,832 [INFO] [LSTM-Autoencoder] FAT=2024-01-01 00:48:20 | lead=0.12h | delay=n/a | FAR_preonset=2.2% | valid=True
2026-07-03 19:49:59,837 [INFO] Training TCN-AE on cpu for 40 epochs ...
2026-07-03 19:50:00,129 [INFO]   Epoch [10/40] loss: 0.112918
2026-07-03 19:50:00,419 [INFO]   Epoch [20/40] loss: 0.040237
2026-07-03 19:50:00,700 [INFO]   Epoch [30/40] loss: 0.027632
2026-07-03 19:50:01,150 [INFO]   Epoch [40/40] loss: 0.024670
2026-07-03 19:50:01,171 [INFO] Threshold [percentile]: 0.041320
2026-07-03 19:50:01,172 [INFO] [TCN-Autoencoder] FAT=2024-01-01 00:48:20 | lead=0.12h | delay=n/a | FAR_preonset=2.2% | valid=True
2026-07-03 19:50:01,177 [INFO] Training Transformer-AD on cpu for 40 epochs ...
2026-07-03 19:50:01,450 [INFO]   Epoch [10/40] loss: 0.062331
2026-07-03 19:50:01,715 [INFO]   Epoch [20/40] loss: 0.040583
2026-07-03 19:50:01,996 [INFO]   Epoch [30/40] loss: 0.036339
2026-07-03 19:50:02,275 [INFO]   Epoch [40/40] loss: 0.034430
2026-07-03 19:50:02,282 [INFO] Threshold [percentile]: 0.050092
2026-07-03 19:50:02,282 [INFO] [Transformer-AD] FAT=2024-01-01 00:48:20 | lead=0.12h | delay=n/a | FAR_preonset=2.2% | valid=True
2026-07-03 19:50:02,285 [INFO] [E4] mode=decimate factor=2 (~0 min) done
2026-07-03 19:50:02,285 [WARNING] [E4] mode=decimate factor=5: window floored to 3 rows
2026-07-03 19:50:02,304 [INFO] Loaded processed data ← C:\scada\data\processed\Ferrara_E4_features.parquet ((669, 12))
2026-07-03 19:50:02,498 [INFO] Invariant features: 132 windows × 49 features (channel-count-invariant)
2026-07-03 19:50:02,499 [INFO] Split: train=66, cal=13, test=53 (total=132)
2026-07-03 19:50:02,516 [INFO] Threshold [percentile]: 0.922496
2026-07-03 19:50:02,516 [INFO] [RMS-Trend (kσ)] FAT=None | lead=0.00h | delay=n/a | FAR_preonset=0.0% | valid=False
2026-07-03 19:50:02,516 [INFO] Threshold [percentile]: 3.279936
2026-07-03 19:50:02,517 [INFO] [3σ Rule (σ=3.0)] FAT=2024-01-01 00:48:20 | lead=0.12h | delay=n/a | FAR_preonset=2.7% | valid=True
2026-07-03 19:50:02,517 [INFO] Threshold [percentile]: 1.650634
2026-07-03 19:50:02,517 [INFO] [EWMA (λ=0.2, k=3.0)] FAT=2024-01-01 00:48:20 | lead=0.12h | delay=n/a | FAR_preonset=2.7% | valid=True
2026-07-03 19:50:02,518 [INFO] Threshold [percentile]: 11.387690
2026-07-03 19:50:02,518 [INFO] [CUSUM (k=0.5, h=5.0)] FAT=2024-01-01 00:48:20 | lead=0.12h | delay=n/a | FAR_preonset=2.7% | valid=True
2026-07-03 19:50:02,521 [INFO] Threshold [percentile]: 24.252356
2026-07-03 19:50:02,522 [INFO] [Hotelling T²] FAT=2024-01-01 00:33:20 | lead=0.37h | delay=n/a | FAR_preonset=10.8% | valid=False
2026-07-03 19:50:02,724 [INFO] IsolationForest fitted on X=(66, 49)
2026-07-03 19:50:02,747 [INFO] Threshold [percentile]: 0.121269
2026-07-03 19:50:02,747 [INFO] [Isolation Forest] FAT=2024-01-01 00:48:20 | lead=0.12h | delay=n/a | FAR_preonset=2.7% | valid=True
2026-07-03 19:50:02,749 [INFO] Training Deep SVDD on cpu for 40 epochs ...
2026-07-03 19:50:02,763 [INFO]   Epoch [10/40] loss: 0.034054
2026-07-03 19:50:02,776 [INFO]   Epoch [20/40] loss: 0.015886
2026-07-03 19:50:02,789 [INFO]   Epoch [30/40] loss: 0.012123
2026-07-03 19:50:02,802 [INFO]   Epoch [40/40] loss: 0.008481
2026-07-03 19:50:02,803 [INFO] Threshold [percentile]: 0.842079
2026-07-03 19:50:02,803 [INFO] [Deep SVDD] FAT=None | lead=0.00h | delay=n/a | FAR_preonset=0.0% | valid=False
C:\scada\venv\Lib\site-packages\torch\nn\modules\rnn.py:1009: UserWarning: dropout option adds dropout after all but last recurrent layer, so non-zero dropout expects num_layers greater than 1, but got dropout=0.1 and num_layers=1
  super().__init__("LSTM", *args, **kwargs)
2026-07-03 19:50:02,805 [INFO] Training LSTM-AE on cpu for 50 epochs ...
2026-07-03 19:50:02,939 [INFO]   Epoch [10/50] loss: 0.098513
2026-07-03 19:50:03,090 [INFO]   Epoch [20/50] loss: 0.047042
2026-07-03 19:50:03,240 [INFO]   Epoch [30/50] loss: 0.041129
2026-07-03 19:50:03,412 [INFO]   Epoch [40/50] loss: 0.036527
2026-07-03 19:50:03,574 [INFO]   Epoch [50/50] loss: 0.036519
2026-07-03 19:50:03,580 [INFO] Threshold [percentile]: 0.051365
2026-07-03 19:50:03,581 [INFO] [LSTM-Autoencoder] FAT=2024-01-01 00:48:20 | lead=0.12h | delay=n/a | FAR_preonset=2.7% | valid=True
2026-07-03 19:50:03,586 [INFO] Training TCN-AE on cpu for 40 epochs ...
2026-07-03 19:50:03,847 [INFO]   Epoch [10/40] loss: 0.133722
2026-07-03 19:50:04,106 [INFO]   Epoch [20/40] loss: 0.048158
2026-07-03 19:50:04,367 [INFO]   Epoch [30/40] loss: 0.035490
2026-07-03 19:50:04,611 [INFO]   Epoch [40/40] loss: 0.031245
2026-07-03 19:50:04,619 [INFO] Threshold [percentile]: 0.042465
2026-07-03 19:50:04,620 [INFO] [TCN-Autoencoder] FAT=2024-01-01 00:48:20 | lead=0.12h | delay=n/a | FAR_preonset=2.7% | valid=True
2026-07-03 19:50:04,626 [INFO] Training Transformer-AD on cpu for 40 epochs ...
2026-07-03 19:50:04,854 [INFO]   Epoch [10/40] loss: 0.069519
2026-07-03 19:50:05,078 [INFO]   Epoch [20/40] loss: 0.047511
2026-07-03 19:50:05,357 [INFO]   Epoch [30/40] loss: 0.046771
2026-07-03 19:50:05,595 [INFO]   Epoch [40/40] loss: 0.042070
2026-07-03 19:50:05,600 [INFO] Threshold [percentile]: 0.053046
2026-07-03 19:50:05,601 [INFO] [Transformer-AD] FAT=2024-01-01 00:48:20 | lead=0.12h | delay=n/a | FAR_preonset=2.7% | valid=True
2026-07-03 19:50:05,603 [INFO] [E4] mode=decimate factor=5 (~0 min) done
2026-07-03 19:50:05,603 [WARNING] [E4] mode=decimate factor=10: window floored to 3 rows
2026-07-03 19:50:05,623 [INFO] Loaded processed data ← C:\scada\data\processed\Ferrara_E4_features.parquet ((669, 12))
2026-07-03 19:50:05,733 [INFO] Invariant features: 65 windows × 49 features (channel-count-invariant)
2026-07-03 19:50:05,734 [INFO] Split: train=32, cal=7, test=26 (total=65)
2026-07-03 19:50:05,759 [INFO] Threshold [percentile]: 0.714170
2026-07-03 19:50:05,759 [INFO] [RMS-Trend (kσ)] FAT=2024-01-01 00:52:30 | lead=0.05h | delay=0.06h | FAR_preonset=0.0% | valid=True
2026-07-03 19:50:05,759 [INFO] Threshold [percentile]: 2.891046
2026-07-03 19:50:05,760 [INFO] [3σ Rule (σ=3.0)] FAT=2024-01-01 00:48:20 | lead=0.12h | delay=n/a | FAR_preonset=5.3% | valid=True
2026-07-03 19:50:05,760 [INFO] Threshold [percentile]: 1.055631
2026-07-03 19:50:05,760 [INFO] [EWMA (λ=0.2, k=3.0)] FAT=2024-01-01 00:48:20 | lead=0.12h | delay=n/a | FAR_preonset=5.3% | valid=True
2026-07-03 19:50:05,761 [INFO] Threshold [percentile]: 6.059857
2026-07-03 19:50:05,761 [INFO] [CUSUM (k=0.5, h=5.0)] FAT=2024-01-01 00:48:20 | lead=0.12h | delay=n/a | FAR_preonset=5.3% | valid=True
2026-07-03 19:50:05,763 [INFO] Threshold [percentile]: 18.228445
2026-07-03 19:50:05,763 [INFO] [Hotelling T²] FAT=2024-01-01 00:38:20 | lead=0.29h | delay=n/a | FAR_preonset=21.1% | valid=False
2026-07-03 19:50:06,026 [INFO] IsolationForest fitted on X=(32, 49)
2026-07-03 19:50:06,051 [INFO] Threshold [percentile]: 0.090876
2026-07-03 19:50:06,052 [INFO] [Isolation Forest] FAT=2024-01-01 00:48:20 | lead=0.12h | delay=n/a | FAR_preonset=5.3% | valid=True
2026-07-03 19:50:06,054 [INFO] Training Deep SVDD on cpu for 40 epochs ...
2026-07-03 19:50:06,061 [INFO]   Epoch [10/40] loss: 0.062383
2026-07-03 19:50:06,068 [INFO]   Epoch [20/40] loss: 0.026404
2026-07-03 19:50:06,078 [INFO]   Epoch [30/40] loss: 0.012373
2026-07-03 19:50:06,092 [INFO]   Epoch [40/40] loss: 0.007579
2026-07-03 19:50:06,092 [INFO] Threshold [percentile]: 0.832561
2026-07-03 19:50:06,093 [INFO] [Deep SVDD] FAT=2024-01-01 00:52:30 | lead=0.05h | delay=0.06h | FAR_preonset=0.0% | valid=True
C:\scada\venv\Lib\site-packages\torch\nn\modules\rnn.py:1009: UserWarning: dropout option adds dropout after all but last recurrent layer, so non-zero dropout expects num_layers greater than 1, but got dropout=0.1 and num_layers=1
  super().__init__("LSTM", *args, **kwargs)
2026-07-03 19:50:06,096 [INFO] Training LSTM-AE on cpu for 50 epochs ...
2026-07-03 19:50:06,164 [INFO]   Epoch [10/50] loss: 0.231598
2026-07-03 19:50:06,224 [INFO]   Epoch [20/50] loss: 0.101966
2026-07-03 19:50:06,275 [INFO]   Epoch [30/50] loss: 0.064439
2026-07-03 19:50:06,320 [INFO]   Epoch [40/50] loss: 0.061393
2026-07-03 19:50:06,368 [INFO]   Epoch [50/50] loss: 0.057835
2026-07-03 19:50:06,373 [ERROR] Method LSTM-Autoencoder failed: need at least one array to stack
2026-07-03 19:50:06,380 [INFO] Training TCN-AE on cpu for 40 epochs ...
2026-07-03 19:50:06,472 [INFO]   Epoch [10/40] loss: 0.201081
2026-07-03 19:50:06,562 [INFO]   Epoch [20/40] loss: 0.125126
2026-07-03 19:50:06,649 [INFO]   Epoch [30/40] loss: 0.080589
2026-07-03 19:50:06,731 [INFO]   Epoch [40/40] loss: 0.056723
2026-07-03 19:50:06,735 [ERROR] Method TCN-Autoencoder failed: need at least one array to stack
2026-07-03 19:50:06,741 [INFO] Training Transformer-AD on cpu for 40 epochs ...
2026-07-03 19:50:06,810 [INFO]   Epoch [10/40] loss: 0.180295
2026-07-03 19:50:06,875 [INFO]   Epoch [20/40] loss: 0.087086
2026-07-03 19:50:06,940 [INFO]   Epoch [30/40] loss: 0.068524
2026-07-03 19:50:07,006 [INFO]   Epoch [40/40] loss: 0.067253
2026-07-03 19:50:07,008 [ERROR] Method Transformer-AD failed: need at least one array to stack
2026-07-03 19:50:07,012 [INFO] [E4] mode=decimate factor=10 (~1 min) done
2026-07-03 19:50:07,013 [WARNING] [E4] mode=decimate factor=20: window floored to 3 rows
2026-07-03 19:50:07,040 [INFO] Loaded processed data ← C:\scada\data\processed\Ferrara_E4_features.parquet ((669, 12))
2026-07-03 19:50:07,107 [INFO] Invariant features: 32 windows × 49 features (channel-count-invariant)
2026-07-03 19:50:07,108 [INFO] Split: train=16, cal=3, test=13 (total=32)
2026-07-03 19:50:07,131 [INFO] Threshold [percentile]: 0.859060
2026-07-03 19:50:07,131 [INFO] [RMS-Trend (kσ)] FAT=2024-01-01 00:51:40 | lead=0.07h | delay=0.05h | FAR_preonset=0.0% | valid=True
2026-07-03 19:50:07,132 [INFO] Threshold [percentile]: 2.177462
2026-07-03 19:50:07,132 [INFO] [3σ Rule (σ=3.0)] FAT=2024-01-01 00:48:20 | lead=0.12h | delay=n/a | FAR_preonset=10.0% | valid=True
2026-07-03 19:50:07,132 [INFO] Threshold [percentile]: 0.521439
2026-07-03 19:50:07,132 [INFO] [EWMA (λ=0.2, k=3.0)] FAT=2024-01-01 00:40:00 | lead=0.26h | delay=n/a | FAR_preonset=60.0% | valid=False
2026-07-03 19:50:07,133 [INFO] Threshold [percentile]: 2.119006
2026-07-03 19:50:07,133 [INFO] [CUSUM (k=0.5, h=5.0)] FAT=2024-01-01 00:40:00 | lead=0.26h | delay=n/a | FAR_preonset=60.0% | valid=False
2026-07-03 19:50:07,135 [INFO] Threshold [percentile]: 13.595327
2026-07-03 19:50:07,135 [INFO] [Hotelling T²] FAT=2024-01-01 00:33:20 | lead=0.37h | delay=n/a | FAR_preonset=80.0% | valid=False
2026-07-03 19:50:07,438 [INFO] IsolationForest fitted on X=(16, 49)
2026-07-03 19:50:07,470 [INFO] Threshold [percentile]: 0.089276
2026-07-03 19:50:07,471 [INFO] [Isolation Forest] FAT=2024-01-01 00:50:00 | lead=0.09h | delay=0.02h | FAR_preonset=0.0% | valid=True
2026-07-03 19:50:07,473 [INFO] Training Deep SVDD on cpu for 40 epochs ...
2026-07-03 19:50:07,481 [INFO]   Epoch [10/40] loss: 0.044284
2026-07-03 19:50:07,488 [INFO]   Epoch [20/40] loss: 0.018501
2026-07-03 19:50:07,495 [INFO]   Epoch [30/40] loss: 0.008533
2026-07-03 19:50:07,501 [INFO]   Epoch [40/40] loss: 0.004035
2026-07-03 19:50:07,502 [INFO] Threshold [percentile]: 0.797094
2026-07-03 19:50:07,502 [INFO] [Deep SVDD] FAT=2024-01-01 00:51:40 | lead=0.07h | delay=0.05h | FAR_preonset=0.0% | valid=True
2026-07-03 19:50:07,502 [ERROR] Method LSTM-Autoencoder failed: LSTM-AE needs >= 30 windows; run has 16.
2026-07-03 19:50:07,502 [ERROR] Method TCN-Autoencoder failed: TCN needs >= 30 windows; run has 16.
2026-07-03 19:50:07,502 [ERROR] Method Transformer-AD failed: Transformer-AD needs >= 30 windows; run has 16.
2026-07-03 19:50:07,503 [INFO] [E4] mode=decimate factor=20 (~2 min) done
2026-07-03 19:50:11,186 [INFO]   ingested 200/1721 files
2026-07-03 19:50:14,667 [INFO]   ingested 400/1721 files
2026-07-03 19:50:17,990 [INFO]   ingested 600/1721 files
2026-07-03 19:50:21,308 [INFO]   ingested 800/1721 files
2026-07-03 19:50:24,651 [INFO]   ingested 1000/1721 files
2026-07-03 19:50:27,994 [INFO]   ingested 1200/1721 files
2026-07-03 19:50:31,394 [INFO]   ingested 1400/1721 files
2026-07-03 19:50:34,792 [INFO]   ingested 1600/1721 files
2026-07-03 19:50:36,861 [INFO] Saved processed data → C:\scada\data\processed\Ferrara_E5_features.parquet
2026-07-03 19:50:37,269 [INFO] Invariant features: 343 windows × 49 features (channel-count-invariant)
2026-07-03 19:50:37,270 [INFO] Split: train=171, cal=34, test=138 (total=343)
2026-07-03 19:50:37,287 [INFO] Degradation onset detected at 2024-01-01 02:17:30
2026-07-03 19:50:37,287 [INFO] [E5] onset=2024-01-01 02:17:30  t_fail=2024-01-01 02:23:20  max_lead=0.1h
2026-07-03 19:50:37,301 [INFO] Loaded processed data ← C:\scada\data\processed\Ferrara_E5_features.parquet ((1721, 12))
2026-07-03 19:50:37,679 [INFO] Invariant features: 343 windows × 49 features (channel-count-invariant)
2026-07-03 19:50:37,680 [INFO] Split: train=171, cal=34, test=138 (total=343)
2026-07-03 19:50:37,694 [INFO] Threshold [percentile]: 0.177411
2026-07-03 19:50:37,695 [INFO] [RMS-Trend (kσ)] FAT=2024-01-01 02:17:55 | lead=0.09h | delay=0.01h | FAR_preonset=0.0% | valid=True
2026-07-03 19:50:37,695 [INFO] Threshold [percentile]: 2.246071
2026-07-03 19:50:37,696 [INFO] [3σ Rule (σ=3.0)] FAT=2024-01-01 02:17:30 | lead=0.10h | delay=0.00h | FAR_preonset=0.0% | valid=True
2026-07-03 19:50:37,696 [INFO] Threshold [percentile]: 1.599486
2026-07-03 19:50:37,696 [INFO] [EWMA (λ=0.2, k=3.0)] FAT=2024-01-01 02:17:30 | lead=0.10h | delay=0.00h | FAR_preonset=0.0% | valid=True
2026-07-03 19:50:37,697 [INFO] Threshold [percentile]: 14.104303
2026-07-03 19:50:37,698 [INFO] [CUSUM (k=0.5, h=5.0)] FAT=2024-01-01 02:17:30 | lead=0.10h | delay=0.00h | FAR_preonset=0.0% | valid=True
2026-07-03 19:50:37,701 [INFO] Threshold [percentile]: 46.193275
2026-07-03 19:50:37,702 [INFO] [Hotelling T²] FAT=2024-01-01 02:17:30 | lead=0.10h | delay=0.00h | FAR_preonset=0.0% | valid=True
2026-07-03 19:50:37,945 [INFO] IsolationForest fitted on X=(171, 49)
2026-07-03 19:50:37,984 [INFO] Threshold [percentile]: 0.082651
2026-07-03 19:50:37,985 [INFO] [Isolation Forest] FAT=2024-01-01 02:17:30 | lead=0.10h | delay=0.00h | FAR_preonset=0.0% | valid=True
2026-07-03 19:50:37,988 [INFO] Training Deep SVDD on cpu for 40 epochs ...
2026-07-03 19:50:38,068 [INFO]   Epoch [10/40] loss: 0.118770
2026-07-03 19:50:38,142 [INFO]   Epoch [20/40] loss: 0.044904
2026-07-03 19:50:38,205 [INFO]   Epoch [30/40] loss: 0.030690
2026-07-03 19:50:38,243 [INFO]   Epoch [40/40] loss: 0.025891
2026-07-03 19:50:38,244 [INFO] Threshold [percentile]: 0.316059
2026-07-03 19:50:38,245 [INFO] [Deep SVDD] FAT=None | lead=0.00h | delay=n/a | FAR_preonset=0.0% | valid=False
C:\scada\venv\Lib\site-packages\torch\nn\modules\rnn.py:1009: UserWarning: dropout option adds dropout after all but last recurrent layer, so non-zero dropout expects num_layers greater than 1, but got dropout=0.1 and num_layers=1
  super().__init__("LSTM", *args, **kwargs)
2026-07-03 19:50:38,249 [INFO] Training LSTM-AE on cpu for 50 epochs ...
2026-07-03 19:50:38,760 [INFO]   Epoch [10/50] loss: 0.021570
2026-07-03 19:50:39,247 [INFO]   Epoch [20/50] loss: 0.017186
2026-07-03 19:50:39,665 [INFO]   Epoch [30/50] loss: 0.014552
2026-07-03 19:50:40,082 [INFO]   Epoch [40/50] loss: 0.012260
2026-07-03 19:50:40,512 [INFO]   Epoch [50/50] loss: 0.010975
2026-07-03 19:50:40,533 [INFO] Threshold [percentile]: 0.017544
2026-07-03 19:50:40,534 [INFO] [LSTM-Autoencoder] FAT=2024-01-01 01:37:55 | lead=0.76h | delay=n/a | FAR_preonset=53.2% | valid=False
2026-07-03 19:50:40,540 [INFO] Training TCN-AE on cpu for 40 epochs ...
2026-07-03 19:50:41,180 [INFO]   Epoch [10/40] loss: 0.021627
2026-07-03 19:50:41,835 [INFO]   Epoch [20/40] loss: 0.013961
2026-07-03 19:50:42,470 [INFO]   Epoch [30/40] loss: 0.011786
2026-07-03 19:50:43,115 [INFO]   Epoch [40/40] loss: 0.009811
2026-07-03 19:50:43,143 [INFO] Threshold [percentile]: 0.014712
2026-07-03 19:50:43,143 [INFO] [TCN-Autoencoder] FAT=2024-01-01 01:37:55 | lead=0.76h | delay=n/a | FAR_preonset=60.5% | valid=False
2026-07-03 19:50:43,150 [INFO] Training Transformer-AD on cpu for 40 epochs ...
2026-07-03 19:50:43,765 [INFO]   Epoch [10/40] loss: 0.027042
2026-07-03 19:50:44,377 [INFO]   Epoch [20/40] loss: 0.022661
2026-07-03 19:50:44,971 [INFO]   Epoch [30/40] loss: 0.020741
2026-07-03 19:50:45,604 [INFO]   Epoch [40/40] loss: 0.018934
2026-07-03 19:50:45,617 [INFO] Threshold [percentile]: 0.028104
2026-07-03 19:50:45,618 [INFO] [Transformer-AD] FAT=2024-01-01 01:38:45 | lead=0.74h | delay=n/a | FAR_preonset=30.6% | valid=False
2026-07-03 19:50:45,620 [INFO] [E5] mode=aggregate factor=1 (~0 min) done
2026-07-03 19:50:45,639 [INFO] Loaded processed data ← C:\scada\data\processed\Ferrara_E5_features.parquet ((1721, 12))
2026-07-03 19:50:45,755 [INFO] Invariant features: 70 windows × 49 features (channel-count-invariant)
2026-07-03 19:50:45,755 [INFO] Split: train=35, cal=7, test=28 (total=70)
2026-07-03 19:50:45,775 [INFO] Threshold [percentile]: 0.347984
2026-07-03 19:50:45,776 [INFO] [RMS-Trend (kσ)] FAT=None | lead=0.00h | delay=n/a | FAR_preonset=0.0% | valid=False
2026-07-03 19:50:45,776 [INFO] Threshold [percentile]: 1.898898
2026-07-03 19:50:45,776 [INFO] [3σ Rule (σ=3.0)] FAT=None | lead=0.00h | delay=n/a | FAR_preonset=0.0% | valid=False
2026-07-03 19:50:45,776 [INFO] Threshold [percentile]: 0.916681
2026-07-03 19:50:45,777 [INFO] [EWMA (λ=0.2, k=3.0)] FAT=2024-01-01 01:54:00 | lead=0.49h | delay=n/a | FAR_preonset=15.4% | valid=False
2026-07-03 19:50:45,777 [INFO] Threshold [percentile]: 5.294692
2026-07-03 19:50:45,777 [INFO] [CUSUM (k=0.5, h=5.0)] FAT=2024-01-01 01:54:00 | lead=0.49h | delay=n/a | FAR_preonset=46.2% | valid=False
2026-07-03 19:50:45,779 [INFO] Threshold [percentile]: 22.499807
2026-07-03 19:50:45,779 [INFO] [Hotelling T²] FAT=2024-01-01 01:48:00 | lead=0.59h | delay=n/a | FAR_preonset=38.5% | valid=False
2026-07-03 19:50:45,995 [INFO] IsolationForest fitted on X=(35, 49)
2026-07-03 19:50:46,017 [INFO] Threshold [percentile]: 0.103774
2026-07-03 19:50:46,017 [INFO] [Isolation Forest] FAT=None | lead=0.00h | delay=n/a | FAR_preonset=0.0% | valid=False
2026-07-03 19:50:46,019 [INFO] Training Deep SVDD on cpu for 40 epochs ...
2026-07-03 19:50:46,028 [INFO]   Epoch [10/40] loss: 0.051758
2026-07-03 19:50:46,037 [INFO]   Epoch [20/40] loss: 0.030172
2026-07-03 19:50:46,048 [INFO]   Epoch [30/40] loss: 0.029648
2026-07-03 19:50:46,060 [INFO]   Epoch [40/40] loss: 0.009077
2026-07-03 19:50:46,061 [INFO] Threshold [percentile]: 0.812945
2026-07-03 19:50:46,061 [INFO] [Deep SVDD] FAT=None | lead=0.00h | delay=n/a | FAR_preonset=0.0% | valid=False
C:\scada\venv\Lib\site-packages\torch\nn\modules\rnn.py:1009: UserWarning: dropout option adds dropout after all but last recurrent layer, so non-zero dropout expects num_layers greater than 1, but got dropout=0.1 and num_layers=1
  super().__init__("LSTM", *args, **kwargs)
2026-07-03 19:50:46,064 [INFO] Training LSTM-AE on cpu for 50 epochs ...
2026-07-03 19:50:46,112 [INFO]   Epoch [10/50] loss: 0.214080
2026-07-03 19:50:46,154 [INFO]   Epoch [20/50] loss: 0.079656
2026-07-03 19:50:46,195 [INFO]   Epoch [30/50] loss: 0.042928
2026-07-03 19:50:46,240 [INFO]   Epoch [40/50] loss: 0.042514
2026-07-03 19:50:46,287 [INFO]   Epoch [50/50] loss: 0.039303
2026-07-03 19:50:46,291 [ERROR] Method LSTM-Autoencoder failed: need at least one array to stack
2026-07-03 19:50:46,295 [INFO] Training TCN-AE on cpu for 40 epochs ...
2026-07-03 19:50:46,382 [INFO]   Epoch [10/40] loss: 0.176081
2026-07-03 19:50:46,457 [INFO]   Epoch [20/40] loss: 0.108985
2026-07-03 19:50:46,545 [INFO]   Epoch [30/40] loss: 0.065983
2026-07-03 19:50:46,626 [INFO]   Epoch [40/40] loss: 0.042416
2026-07-03 19:50:46,629 [ERROR] Method TCN-Autoencoder failed: need at least one array to stack
2026-07-03 19:50:46,635 [INFO] Training Transformer-AD on cpu for 40 epochs ...
2026-07-03 19:50:46,700 [INFO]   Epoch [10/40] loss: 0.164961
2026-07-03 19:50:46,764 [INFO]   Epoch [20/40] loss: 0.073524
2026-07-03 19:50:46,826 [INFO]   Epoch [30/40] loss: 0.053447
2026-07-03 19:50:46,890 [INFO]   Epoch [40/40] loss: 0.050261
2026-07-03 19:50:46,892 [ERROR] Method Transformer-AD failed: need at least one array to stack
2026-07-03 19:50:46,894 [INFO] [E5] mode=aggregate factor=2 (~0 min) done
2026-07-03 19:50:46,894 [WARNING] [E5] mode=aggregate factor=5: window floored to 3 rows
2026-07-03 19:50:46,909 [INFO] Loaded processed data ← C:\scada\data\processed\Ferrara_E5_features.parquet ((1721, 12))
2026-07-03 19:50:47,111 [INFO] Invariant features: 142 windows × 49 features (channel-count-invariant)
2026-07-03 19:50:47,112 [INFO] Split: train=71, cal=14, test=57 (total=142)
2026-07-03 19:50:47,126 [INFO] Threshold [percentile]: 0.174863
2026-07-03 19:50:47,126 [INFO] [RMS-Trend (kσ)] FAT=2024-01-01 02:17:00 | lead=0.11h | delay=n/a | FAR_preonset=1.9% | valid=True
2026-07-03 19:50:47,127 [INFO] Threshold [percentile]: 1.748207
2026-07-03 19:50:47,127 [INFO] [3σ Rule (σ=3.0)] FAT=2024-01-01 01:53:00 | lead=0.51h | delay=n/a | FAR_preonset=7.7% | valid=True
2026-07-03 19:50:47,127 [INFO] Threshold [percentile]: 1.306077
2026-07-03 19:50:47,128 [INFO] [EWMA (λ=0.2, k=3.0)] FAT=2024-01-01 02:16:00 | lead=0.12h | delay=n/a | FAR_preonset=3.8% | valid=True
2026-07-03 19:50:47,128 [INFO] Threshold [percentile]: 9.251209
2026-07-03 19:50:47,128 [INFO] [CUSUM (k=0.5, h=5.0)] FAT=2024-01-01 02:16:00 | lead=0.12h | delay=n/a | FAR_preonset=3.8% | valid=True
2026-07-03 19:50:47,131 [INFO] Threshold [percentile]: 27.353480
2026-07-03 19:50:47,131 [INFO] [Hotelling T²] FAT=2024-01-01 01:28:00 | lead=0.92h | delay=n/a | FAR_preonset=19.2% | valid=False
2026-07-03 19:50:47,341 [INFO] IsolationForest fitted on X=(71, 49)
2026-07-03 19:50:47,363 [INFO] Threshold [percentile]: 0.100479
2026-07-03 19:50:47,363 [INFO] [Isolation Forest] FAT=2024-01-01 02:16:00 | lead=0.12h | delay=n/a | FAR_preonset=3.8% | valid=True
2026-07-03 19:50:47,364 [INFO] Training Deep SVDD on cpu for 40 epochs ...
2026-07-03 19:50:47,378 [INFO]   Epoch [10/40] loss: 0.042458
2026-07-03 19:50:47,390 [INFO]   Epoch [20/40] loss: 0.021436
2026-07-03 19:50:47,404 [INFO]   Epoch [30/40] loss: 0.011617
2026-07-03 19:50:47,417 [INFO]   Epoch [40/40] loss: 0.008947
2026-07-03 19:50:47,418 [INFO] Threshold [percentile]: 0.891492
2026-07-03 19:50:47,418 [INFO] [Deep SVDD] FAT=None | lead=0.00h | delay=n/a | FAR_preonset=0.0% | valid=False
C:\scada\venv\Lib\site-packages\torch\nn\modules\rnn.py:1009: UserWarning: dropout option adds dropout after all but last recurrent layer, so non-zero dropout expects num_layers greater than 1, but got dropout=0.1 and num_layers=1
  super().__init__("LSTM", *args, **kwargs)
2026-07-03 19:50:47,420 [INFO] Training LSTM-AE on cpu for 50 epochs ...
2026-07-03 19:50:47,579 [INFO]   Epoch [10/50] loss: 0.077136
2026-07-03 19:50:47,742 [INFO]   Epoch [20/50] loss: 0.035103
2026-07-03 19:50:47,904 [INFO]   Epoch [30/50] loss: 0.028788
2026-07-03 19:50:48,071 [INFO]   Epoch [40/50] loss: 0.025908
2026-07-03 19:50:48,237 [INFO]   Epoch [50/50] loss: 0.020091
2026-07-03 19:50:48,247 [INFO] Threshold [percentile]: 0.034315
2026-07-03 19:50:48,248 [INFO] [LSTM-Autoencoder] FAT=2024-01-01 01:26:00 | lead=0.96h | delay=n/a | FAR_preonset=100.0% | valid=False
2026-07-03 19:50:48,253 [INFO] Training TCN-AE on cpu for 40 epochs ...
2026-07-03 19:50:48,517 [INFO]   Epoch [10/40] loss: 0.103551
2026-07-03 19:50:48,744 [INFO]   Epoch [20/40] loss: 0.031938
2026-07-03 19:50:48,968 [INFO]   Epoch [30/40] loss: 0.020212
2026-07-03 19:50:49,194 [INFO]   Epoch [40/40] loss: 0.018474
2026-07-03 19:50:49,209 [INFO] Threshold [percentile]: 0.026849
2026-07-03 19:50:49,210 [INFO] [TCN-Autoencoder] FAT=2024-01-01 01:26:00 | lead=0.96h | delay=n/a | FAR_preonset=100.0% | valid=False
2026-07-03 19:50:49,216 [INFO] Training Transformer-AD on cpu for 40 epochs ...
2026-07-03 19:50:49,432 [INFO]   Epoch [10/40] loss: 0.062670
2026-07-03 19:50:49,642 [INFO]   Epoch [20/40] loss: 0.035179
2026-07-03 19:50:49,858 [INFO]   Epoch [30/40] loss: 0.034000
2026-07-03 19:50:50,060 [INFO]   Epoch [40/40] loss: 0.031692
2026-07-03 19:50:50,065 [INFO] Threshold [percentile]: 0.043829
2026-07-03 19:50:50,066 [INFO] [Transformer-AD] FAT=2024-01-01 01:26:00 | lead=0.96h | delay=n/a | FAR_preonset=100.0% | valid=False
2026-07-03 19:50:50,068 [INFO] [E5] mode=aggregate factor=5 (~0 min) done
2026-07-03 19:50:50,068 [WARNING] [E5] mode=aggregate factor=10: window floored to 3 rows
2026-07-03 19:50:50,086 [INFO] Loaded processed data ← C:\scada\data\processed\Ferrara_E5_features.parquet ((1721, 12))
2026-07-03 19:50:50,286 [INFO] Invariant features: 142 windows × 49 features (channel-count-invariant)
2026-07-03 19:50:50,287 [INFO] Split: train=71, cal=14, test=57 (total=142)
2026-07-03 19:50:50,301 [INFO] Threshold [percentile]: 0.174863
2026-07-03 19:50:50,302 [INFO] [RMS-Trend (kσ)] FAT=2024-01-01 02:17:00 | lead=0.11h | delay=n/a | FAR_preonset=1.9% | valid=True
2026-07-03 19:50:50,302 [INFO] Threshold [percentile]: 1.748207
2026-07-03 19:50:50,302 [INFO] [3σ Rule (σ=3.0)] FAT=2024-01-01 01:53:00 | lead=0.51h | delay=n/a | FAR_preonset=7.7% | valid=True
2026-07-03 19:50:50,302 [INFO] Threshold [percentile]: 1.306077
2026-07-03 19:50:50,302 [INFO] [EWMA (λ=0.2, k=3.0)] FAT=2024-01-01 02:16:00 | lead=0.12h | delay=n/a | FAR_preonset=3.8% | valid=True
2026-07-03 19:50:50,303 [INFO] Threshold [percentile]: 9.251209
2026-07-03 19:50:50,303 [INFO] [CUSUM (k=0.5, h=5.0)] FAT=2024-01-01 02:16:00 | lead=0.12h | delay=n/a | FAR_preonset=3.8% | valid=True
2026-07-03 19:50:50,306 [INFO] Threshold [percentile]: 27.353480
2026-07-03 19:50:50,306 [INFO] [Hotelling T²] FAT=2024-01-01 01:28:00 | lead=0.92h | delay=n/a | FAR_preonset=23.1% | valid=False
2026-07-03 19:50:50,481 [INFO] IsolationForest fitted on X=(71, 49)
2026-07-03 19:50:50,500 [INFO] Threshold [percentile]: 0.100479
2026-07-03 19:50:50,501 [INFO] [Isolation Forest] FAT=2024-01-01 02:16:00 | lead=0.12h | delay=n/a | FAR_preonset=3.8% | valid=True
2026-07-03 19:50:50,502 [INFO] Training Deep SVDD on cpu for 40 epochs ...
2026-07-03 19:50:50,515 [INFO]   Epoch [10/40] loss: 0.042458
2026-07-03 19:50:50,528 [INFO]   Epoch [20/40] loss: 0.021436
2026-07-03 19:50:50,540 [INFO]   Epoch [30/40] loss: 0.011617
2026-07-03 19:50:50,555 [INFO]   Epoch [40/40] loss: 0.008947
2026-07-03 19:50:50,556 [INFO] Threshold [percentile]: 0.891492
2026-07-03 19:50:50,556 [INFO] [Deep SVDD] FAT=2024-01-01 02:17:00 | lead=0.11h | delay=n/a | FAR_preonset=1.9% | valid=True
C:\scada\venv\Lib\site-packages\torch\nn\modules\rnn.py:1009: UserWarning: dropout option adds dropout after all but last recurrent layer, so non-zero dropout expects num_layers greater than 1, but got dropout=0.1 and num_layers=1
  super().__init__("LSTM", *args, **kwargs)
2026-07-03 19:50:50,559 [INFO] Training LSTM-AE on cpu for 50 epochs ...
2026-07-03 19:50:50,707 [INFO]   Epoch [10/50] loss: 0.077136
2026-07-03 19:50:50,870 [INFO]   Epoch [20/50] loss: 0.035103
2026-07-03 19:50:51,034 [INFO]   Epoch [30/50] loss: 0.028788
2026-07-03 19:50:51,188 [INFO]   Epoch [40/50] loss: 0.025908
2026-07-03 19:50:51,361 [INFO]   Epoch [50/50] loss: 0.020091
2026-07-03 19:50:51,369 [INFO] Threshold [percentile]: 0.034315
2026-07-03 19:50:51,369 [INFO] [LSTM-Autoencoder] FAT=2024-01-01 01:26:00 | lead=0.96h | delay=n/a | FAR_preonset=100.0% | valid=False
2026-07-03 19:50:51,374 [INFO] Training TCN-AE on cpu for 40 epochs ...
2026-07-03 19:50:51,614 [INFO]   Epoch [10/40] loss: 0.103551
2026-07-03 19:50:51,857 [INFO]   Epoch [20/40] loss: 0.031938
2026-07-03 19:50:52,089 [INFO]   Epoch [30/40] loss: 0.020212
2026-07-03 19:50:52,318 [INFO]   Epoch [40/40] loss: 0.018474
2026-07-03 19:50:52,326 [INFO] Threshold [percentile]: 0.026849
2026-07-03 19:50:52,327 [INFO] [TCN-Autoencoder] FAT=2024-01-01 01:26:00 | lead=0.96h | delay=n/a | FAR_preonset=100.0% | valid=False
2026-07-03 19:50:52,331 [INFO] Training Transformer-AD on cpu for 40 epochs ...
2026-07-03 19:50:52,540 [INFO]   Epoch [10/40] loss: 0.062670
2026-07-03 19:50:52,742 [INFO]   Epoch [20/40] loss: 0.035179
2026-07-03 19:50:52,954 [INFO]   Epoch [30/40] loss: 0.034000
2026-07-03 19:50:53,168 [INFO]   Epoch [40/40] loss: 0.031692
2026-07-03 19:50:53,174 [INFO] Threshold [percentile]: 0.043829
2026-07-03 19:50:53,174 [INFO] [Transformer-AD] FAT=2024-01-01 01:26:00 | lead=0.96h | delay=n/a | FAR_preonset=100.0% | valid=False
2026-07-03 19:50:53,176 [INFO] [E5] mode=aggregate factor=10 (~1 min) done
2026-07-03 19:50:53,176 [WARNING] [E5] mode=aggregate factor=20: window floored to 3 rows
2026-07-03 19:50:53,192 [INFO] Loaded processed data ← C:\scada\data\processed\Ferrara_E5_features.parquet ((1721, 12))
2026-07-03 19:50:53,305 [INFO] Invariant features: 70 windows × 49 features (channel-count-invariant)
2026-07-03 19:50:53,306 [INFO] Split: train=35, cal=7, test=28 (total=70)
2026-07-03 19:50:53,326 [INFO] Threshold [percentile]: 0.578049
2026-07-03 19:50:53,326 [INFO] [RMS-Trend (kσ)] FAT=2024-01-01 02:16:00 | lead=0.12h | delay=n/a | FAR_preonset=3.8% | valid=True
2026-07-03 19:50:53,326 [INFO] Threshold [percentile]: 1.962231
2026-07-03 19:50:53,326 [INFO] [3σ Rule (σ=3.0)] FAT=2024-01-01 01:26:00 | lead=0.96h | delay=n/a | FAR_preonset=23.1% | valid=False
2026-07-03 19:50:53,327 [INFO] Threshold [percentile]: 0.940636
2026-07-03 19:50:53,327 [INFO] [EWMA (λ=0.2, k=3.0)] FAT=2024-01-01 01:52:00 | lead=0.52h | delay=n/a | FAR_preonset=50.0% | valid=False
2026-07-03 19:50:53,327 [INFO] Threshold [percentile]: 6.025848
2026-07-03 19:50:53,327 [INFO] [CUSUM (k=0.5, h=5.0)] FAT=2024-01-01 01:50:00 | lead=0.56h | delay=n/a | FAR_preonset=53.8% | valid=False
2026-07-03 19:50:53,329 [INFO] Threshold [percentile]: 24.342214
2026-07-03 19:50:53,329 [INFO] [Hotelling T²] FAT=2024-01-01 01:26:00 | lead=0.96h | delay=n/a | FAR_preonset=50.0% | valid=False
2026-07-03 19:50:53,550 [INFO] IsolationForest fitted on X=(35, 49)
2026-07-03 19:50:53,570 [INFO] Threshold [percentile]: 0.102794
2026-07-03 19:50:53,571 [INFO] [Isolation Forest] FAT=2024-01-01 02:14:00 | lead=0.16h | delay=n/a | FAR_preonset=7.7% | valid=True
2026-07-03 19:50:53,572 [INFO] Training Deep SVDD on cpu for 40 epochs ...
2026-07-03 19:50:53,581 [INFO]   Epoch [10/40] loss: 0.045146
2026-07-03 19:50:53,590 [INFO]   Epoch [20/40] loss: 0.017712
2026-07-03 19:50:53,599 [INFO]   Epoch [30/40] loss: 0.012544
2026-07-03 19:50:53,608 [INFO]   Epoch [40/40] loss: 0.007378
2026-07-03 19:50:53,609 [INFO] Threshold [percentile]: 0.862657
2026-07-03 19:50:53,609 [INFO] [Deep SVDD] FAT=2024-01-01 02:18:00 | lead=0.09h | delay=0.01h | FAR_preonset=0.0% | valid=True
C:\scada\venv\Lib\site-packages\torch\nn\modules\rnn.py:1009: UserWarning: dropout option adds dropout after all but last recurrent layer, so non-zero dropout expects num_layers greater than 1, but got dropout=0.1 and num_layers=1
  super().__init__("LSTM", *args, **kwargs)
2026-07-03 19:50:53,611 [INFO] Training LSTM-AE on cpu for 50 epochs ...
2026-07-03 19:50:53,654 [INFO]   Epoch [10/50] loss: 0.227494
2026-07-03 19:50:53,698 [INFO]   Epoch [20/50] loss: 0.081372
2026-07-03 19:50:53,740 [INFO]   Epoch [30/50] loss: 0.045061
2026-07-03 19:50:53,783 [INFO]   Epoch [40/50] loss: 0.044875
2026-07-03 19:50:53,825 [INFO]   Epoch [50/50] loss: 0.041106
2026-07-03 19:50:53,827 [ERROR] Method LSTM-Autoencoder failed: need at least one array to stack
2026-07-03 19:50:53,831 [INFO] Training TCN-AE on cpu for 40 epochs ...
2026-07-03 19:50:53,914 [INFO]   Epoch [10/40] loss: 0.193772
2026-07-03 19:50:53,993 [INFO]   Epoch [20/40] loss: 0.120679
2026-07-03 19:50:54,077 [INFO]   Epoch [30/40] loss: 0.072054
2026-07-03 19:50:54,166 [INFO]   Epoch [40/40] loss: 0.046672
2026-07-03 19:50:54,170 [ERROR] Method TCN-Autoencoder failed: need at least one array to stack
2026-07-03 19:50:54,175 [INFO] Training Transformer-AD on cpu for 40 epochs ...
2026-07-03 19:50:54,249 [INFO]   Epoch [10/40] loss: 0.175151
2026-07-03 19:50:54,311 [INFO]   Epoch [20/40] loss: 0.080955
2026-07-03 19:50:54,382 [INFO]   Epoch [30/40] loss: 0.057915
2026-07-03 19:50:54,450 [INFO]   Epoch [40/40] loss: 0.054945
2026-07-03 19:50:54,453 [ERROR] Method Transformer-AD failed: need at least one array to stack
2026-07-03 19:50:54,455 [INFO] [E5] mode=aggregate factor=20 (~2 min) done
2026-07-03 19:50:54,471 [INFO] Loaded processed data ← C:\scada\data\processed\Ferrara_E5_features.parquet ((1721, 12))
2026-07-03 19:50:54,851 [INFO] Invariant features: 343 windows × 49 features (channel-count-invariant)
2026-07-03 19:50:54,851 [INFO] Split: train=171, cal=34, test=138 (total=343)
2026-07-03 19:50:54,864 [INFO] Threshold [percentile]: 0.177411
2026-07-03 19:50:54,864 [INFO] [RMS-Trend (kσ)] FAT=2024-01-01 02:17:55 | lead=0.09h | delay=0.01h | FAR_preonset=0.0% | valid=True
2026-07-03 19:50:54,864 [INFO] Threshold [percentile]: 2.246071
2026-07-03 19:50:54,865 [INFO] [3σ Rule (σ=3.0)] FAT=2024-01-01 02:17:30 | lead=0.10h | delay=0.00h | FAR_preonset=0.0% | valid=True
2026-07-03 19:50:54,865 [INFO] Threshold [percentile]: 1.599486
2026-07-03 19:50:54,865 [INFO] [EWMA (λ=0.2, k=3.0)] FAT=2024-01-01 02:17:30 | lead=0.10h | delay=0.00h | FAR_preonset=0.0% | valid=True
2026-07-03 19:50:54,866 [INFO] Threshold [percentile]: 14.104303
2026-07-03 19:50:54,866 [INFO] [CUSUM (k=0.5, h=5.0)] FAT=2024-01-01 02:17:30 | lead=0.10h | delay=0.00h | FAR_preonset=0.0% | valid=True
2026-07-03 19:50:54,869 [INFO] Threshold [percentile]: 46.193275
2026-07-03 19:50:54,870 [INFO] [Hotelling T²] FAT=2024-01-01 02:17:30 | lead=0.10h | delay=0.00h | FAR_preonset=0.0% | valid=True
2026-07-03 19:50:55,068 [INFO] IsolationForest fitted on X=(171, 49)
2026-07-03 19:50:55,088 [INFO] Threshold [percentile]: 0.082651
2026-07-03 19:50:55,088 [INFO] [Isolation Forest] FAT=2024-01-01 02:17:30 | lead=0.10h | delay=0.00h | FAR_preonset=0.0% | valid=True
2026-07-03 19:50:55,090 [INFO] Training Deep SVDD on cpu for 40 epochs ...
2026-07-03 19:50:55,126 [INFO]   Epoch [10/40] loss: 0.118770
2026-07-03 19:50:55,160 [INFO]   Epoch [20/40] loss: 0.044904
2026-07-03 19:50:55,195 [INFO]   Epoch [30/40] loss: 0.030690
2026-07-03 19:50:55,230 [INFO]   Epoch [40/40] loss: 0.025891
2026-07-03 19:50:55,231 [INFO] Threshold [percentile]: 0.316059
2026-07-03 19:50:55,232 [INFO] [Deep SVDD] FAT=None | lead=0.00h | delay=n/a | FAR_preonset=0.0% | valid=False
C:\scada\venv\Lib\site-packages\torch\nn\modules\rnn.py:1009: UserWarning: dropout option adds dropout after all but last recurrent layer, so non-zero dropout expects num_layers greater than 1, but got dropout=0.1 and num_layers=1
  super().__init__("LSTM", *args, **kwargs)
2026-07-03 19:50:55,236 [INFO] Training LSTM-AE on cpu for 50 epochs ...
2026-07-03 19:50:55,671 [INFO]   Epoch [10/50] loss: 0.021570
2026-07-03 19:50:56,109 [INFO]   Epoch [20/50] loss: 0.017186
2026-07-03 19:50:56,550 [INFO]   Epoch [30/50] loss: 0.014552
2026-07-03 19:50:56,979 [INFO]   Epoch [40/50] loss: 0.012260
2026-07-03 19:50:57,409 [INFO]   Epoch [50/50] loss: 0.010975
2026-07-03 19:50:57,427 [INFO] Threshold [percentile]: 0.017544
2026-07-03 19:50:57,427 [INFO] [LSTM-Autoencoder] FAT=2024-01-01 01:37:55 | lead=0.76h | delay=n/a | FAR_preonset=53.2% | valid=False
2026-07-03 19:50:57,433 [INFO] Training TCN-AE on cpu for 40 epochs ...
2026-07-03 19:50:58,079 [INFO]   Epoch [10/40] loss: 0.021627
2026-07-03 19:50:58,723 [INFO]   Epoch [20/40] loss: 0.013961
2026-07-03 19:50:59,378 [INFO]   Epoch [30/40] loss: 0.011786
2026-07-03 19:50:59,996 [INFO]   Epoch [40/40] loss: 0.009811
2026-07-03 19:51:00,017 [INFO] Threshold [percentile]: 0.014712
2026-07-03 19:51:00,018 [INFO] [TCN-Autoencoder] FAT=2024-01-01 01:37:55 | lead=0.76h | delay=n/a | FAR_preonset=60.5% | valid=False
2026-07-03 19:51:00,025 [INFO] Training Transformer-AD on cpu for 40 epochs ...
2026-07-03 19:51:00,648 [INFO]   Epoch [10/40] loss: 0.027042
2026-07-03 19:51:01,298 [INFO]   Epoch [20/40] loss: 0.022661
2026-07-03 19:51:01,988 [INFO]   Epoch [30/40] loss: 0.020741
2026-07-03 19:51:02,619 [INFO]   Epoch [40/40] loss: 0.018934
2026-07-03 19:51:02,633 [INFO] Threshold [percentile]: 0.028104
2026-07-03 19:51:02,634 [INFO] [Transformer-AD] FAT=2024-01-01 01:38:45 | lead=0.74h | delay=n/a | FAR_preonset=30.6% | valid=False
2026-07-03 19:51:02,636 [INFO] [E5] mode=decimate factor=1 (~0 min) done
2026-07-03 19:51:02,652 [INFO] Loaded processed data ← C:\scada\data\processed\Ferrara_E5_features.parquet ((1721, 12))
2026-07-03 19:51:03,111 [INFO] Invariant features: 429 windows × 49 features (channel-count-invariant)
2026-07-03 19:51:03,112 [INFO] Split: train=214, cal=43, test=172 (total=429)
2026-07-03 19:51:03,126 [INFO] Threshold [percentile]: 0.198866
2026-07-03 19:51:03,127 [INFO] [RMS-Trend (kσ)] FAT=2024-01-01 02:17:40 | lead=0.09h | delay=0.00h | FAR_preonset=0.0% | valid=True
2026-07-03 19:51:03,127 [INFO] Threshold [percentile]: 1.987153
2026-07-03 19:51:03,128 [INFO] [3σ Rule (σ=3.0)] FAT=2024-01-01 02:17:20 | lead=0.10h | delay=n/a | FAR_preonset=0.6% | valid=True
2026-07-03 19:51:03,128 [INFO] Threshold [percentile]: 1.784715
2026-07-03 19:51:03,128 [INFO] [EWMA (λ=0.2, k=3.0)] FAT=2024-01-01 02:17:40 | lead=0.09h | delay=0.00h | FAR_preonset=0.0% | valid=True
2026-07-03 19:51:03,129 [INFO] Threshold [percentile]: 19.294932
2026-07-03 19:51:03,129 [INFO] [CUSUM (k=0.5, h=5.0)] FAT=2024-01-01 02:17:40 | lead=0.09h | delay=0.00h | FAR_preonset=0.0% | valid=True
2026-07-03 19:51:03,133 [INFO] Threshold [percentile]: 38.596098
2026-07-03 19:51:03,134 [INFO] [Hotelling T²] FAT=2024-01-01 02:17:20 | lead=0.10h | delay=n/a | FAR_preonset=0.6% | valid=True
2026-07-03 19:51:03,381 [INFO] IsolationForest fitted on X=(214, 49)
2026-07-03 19:51:03,402 [INFO] Threshold [percentile]: 0.073370
2026-07-03 19:51:03,402 [INFO] [Isolation Forest] FAT=2024-01-01 02:17:20 | lead=0.10h | delay=n/a | FAR_preonset=0.6% | valid=True
2026-07-03 19:51:03,404 [INFO] Training Deep SVDD on cpu for 40 epochs ...
2026-07-03 19:51:03,441 [INFO]   Epoch [10/40] loss: 0.064508
2026-07-03 19:51:03,488 [INFO]   Epoch [20/40] loss: 0.033542
2026-07-03 19:51:03,530 [INFO]   Epoch [30/40] loss: 0.023820
2026-07-03 19:51:03,578 [INFO]   Epoch [40/40] loss: 0.018382
2026-07-03 19:51:03,579 [INFO] Threshold [percentile]: 0.758635
2026-07-03 19:51:03,580 [INFO] [Deep SVDD] FAT=None | lead=0.00h | delay=n/a | FAR_preonset=0.0% | valid=False
C:\scada\venv\Lib\site-packages\torch\nn\modules\rnn.py:1009: UserWarning: dropout option adds dropout after all but last recurrent layer, so non-zero dropout expects num_layers greater than 1, but got dropout=0.1 and num_layers=1
  super().__init__("LSTM", *args, **kwargs)
2026-07-03 19:51:03,585 [INFO] Training LSTM-AE on cpu for 50 epochs ...
2026-07-03 19:51:04,202 [INFO]   Epoch [10/50] loss: 0.017951
2026-07-03 19:51:04,745 [INFO]   Epoch [20/50] loss: 0.014329
2026-07-03 19:51:05,307 [INFO]   Epoch [30/50] loss: 0.011397
2026-07-03 19:51:05,863 [INFO]   Epoch [40/50] loss: 0.009949
2026-07-03 19:51:06,424 [INFO]   Epoch [50/50] loss: 0.008583
2026-07-03 19:51:06,448 [INFO] Threshold [percentile]: 0.017759
2026-07-03 19:51:06,449 [INFO] [LSTM-Autoencoder] FAT=2024-01-01 01:52:40 | lead=0.51h | delay=n/a | FAR_preonset=11.6% | valid=False
2026-07-03 19:51:06,454 [INFO] Training TCN-AE on cpu for 40 epochs ...
2026-07-03 19:51:07,329 [INFO]   Epoch [10/40] loss: 0.016043
2026-07-03 19:51:08,323 [INFO]   Epoch [20/40] loss: 0.011435
2026-07-03 19:51:09,363 [INFO]   Epoch [30/40] loss: 0.009321
2026-07-03 19:51:10,269 [INFO]   Epoch [40/40] loss: 0.007200
2026-07-03 19:51:10,301 [INFO] Threshold [percentile]: 0.013331
2026-07-03 19:51:10,302 [INFO] [TCN-Autoencoder] FAT=2024-01-01 01:36:40 | lead=0.78h | delay=n/a | FAR_preonset=37.4% | valid=False
2026-07-03 19:51:10,309 [INFO] Training Transformer-AD on cpu for 40 epochs ...
2026-07-03 19:51:11,058 [INFO]   Epoch [10/40] loss: 0.023206
2026-07-03 19:51:11,821 [INFO]   Epoch [20/40] loss: 0.019731
2026-07-03 19:51:12,629 [INFO]   Epoch [30/40] loss: 0.017449
2026-07-03 19:51:13,382 [INFO]   Epoch [40/40] loss: 0.015675
2026-07-03 19:51:13,400 [INFO] Threshold [percentile]: 0.026751
2026-07-03 19:51:13,400 [INFO] [Transformer-AD] FAT=2024-01-01 02:17:40 | lead=0.09h | delay=0.00h | FAR_preonset=0.0% | valid=True
2026-07-03 19:51:13,402 [INFO] [E5] mode=decimate factor=2 (~0 min) done
2026-07-03 19:51:13,402 [WARNING] [E5] mode=decimate factor=5: window floored to 3 rows
2026-07-03 19:51:13,421 [INFO] Loaded processed data ← C:\scada\data\processed\Ferrara_E5_features.parquet ((1721, 12))
2026-07-03 19:51:13,802 [INFO] Invariant features: 343 windows × 49 features (channel-count-invariant)
2026-07-03 19:51:13,802 [INFO] Split: train=171, cal=34, test=138 (total=343)
2026-07-03 19:51:13,815 [INFO] Threshold [percentile]: 0.090070
2026-07-03 19:51:13,816 [INFO] [RMS-Trend (kσ)] FAT=2024-01-01 02:17:30 | lead=0.10h | delay=0.00h | FAR_preonset=0.0% | valid=True
2026-07-03 19:51:13,816 [INFO] Threshold [percentile]: 0.721571
2026-07-03 19:51:13,816 [INFO] [3σ Rule (σ=3.0)] FAT=2024-01-01 01:29:10 | lead=0.90h | delay=n/a | FAR_preonset=8.1% | valid=True
2026-07-03 19:51:13,816 [INFO] Threshold [percentile]: 0.984174
2026-07-03 19:51:13,817 [INFO] [EWMA (λ=0.2, k=3.0)] FAT=2024-01-01 01:52:30 | lead=0.51h | delay=n/a | FAR_preonset=5.6% | valid=True
2026-07-03 19:51:13,817 [INFO] Threshold [percentile]: 9.992025
2026-07-03 19:51:13,818 [INFO] [CUSUM (k=0.5, h=5.0)] FAT=2024-01-01 02:17:30 | lead=0.10h | delay=0.00h | FAR_preonset=0.0% | valid=True
2026-07-03 19:51:13,820 [INFO] Threshold [percentile]: 26.300589
2026-07-03 19:51:13,821 [INFO] [Hotelling T²] FAT=2024-01-01 01:29:10 | lead=0.90h | delay=n/a | FAR_preonset=9.7% | valid=True
2026-07-03 19:51:14,004 [INFO] IsolationForest fitted on X=(171, 49)
2026-07-03 19:51:14,031 [INFO] Threshold [percentile]: 0.052447
2026-07-03 19:51:14,031 [INFO] [Isolation Forest] FAT=2024-01-01 01:29:10 | lead=0.90h | delay=n/a | FAR_preonset=8.1% | valid=True
2026-07-03 19:51:14,033 [INFO] Training Deep SVDD on cpu for 40 epochs ...
2026-07-03 19:51:14,067 [INFO]   Epoch [10/40] loss: 0.056380
2026-07-03 19:51:14,102 [INFO]   Epoch [20/40] loss: 0.020724
2026-07-03 19:51:14,139 [INFO]   Epoch [30/40] loss: 0.014471
2026-07-03 19:51:14,179 [INFO]   Epoch [40/40] loss: 0.011660
2026-07-03 19:51:14,180 [INFO] Threshold [percentile]: 0.493166
2026-07-03 19:51:14,181 [INFO] [Deep SVDD] FAT=2024-01-01 02:17:55 | lead=0.09h | delay=0.01h | FAR_preonset=0.0% | valid=True
C:\scada\venv\Lib\site-packages\torch\nn\modules\rnn.py:1009: UserWarning: dropout option adds dropout after all but last recurrent layer, so non-zero dropout expects num_layers greater than 1, but got dropout=0.1 and num_layers=1
  super().__init__("LSTM", *args, **kwargs)
2026-07-03 19:51:14,185 [INFO] Training LSTM-AE on cpu for 50 epochs ...
2026-07-03 19:51:14,622 [INFO]   Epoch [10/50] loss: 0.027425
2026-07-03 19:51:15,064 [INFO]   Epoch [20/50] loss: 0.021409
2026-07-03 19:51:15,495 [INFO]   Epoch [30/50] loss: 0.016264
2026-07-03 19:51:15,935 [INFO]   Epoch [40/50] loss: 0.013625
2026-07-03 19:51:16,384 [INFO]   Epoch [50/50] loss: 0.012777
2026-07-03 19:51:16,399 [INFO] Threshold [percentile]: 0.019843
2026-07-03 19:51:16,400 [INFO] [LSTM-Autoencoder] FAT=2024-01-01 01:37:55 | lead=0.76h | delay=n/a | FAR_preonset=56.5% | valid=False
2026-07-03 19:51:16,406 [INFO] Training TCN-AE on cpu for 40 epochs ...
2026-07-03 19:51:17,117 [INFO]   Epoch [10/40] loss: 0.025485
2026-07-03 19:51:17,811 [INFO]   Epoch [20/40] loss: 0.017125
2026-07-03 19:51:18,473 [INFO]   Epoch [30/40] loss: 0.014384
2026-07-03 19:51:19,227 [INFO]   Epoch [40/40] loss: 0.011942
2026-07-03 19:51:19,246 [INFO] Threshold [percentile]: 0.018300
2026-07-03 19:51:19,247 [INFO] [TCN-Autoencoder] FAT=2024-01-01 01:37:55 | lead=0.76h | delay=n/a | FAR_preonset=55.6% | valid=False
2026-07-03 19:51:19,255 [INFO] Training Transformer-AD on cpu for 40 epochs ...
2026-07-03 19:51:19,935 [INFO]   Epoch [10/40] loss: 0.031768
2026-07-03 19:51:20,593 [INFO]   Epoch [20/40] loss: 0.026915
2026-07-03 19:51:21,209 [INFO]   Epoch [30/40] loss: 0.024547
2026-07-03 19:51:21,835 [INFO]   Epoch [40/40] loss: 0.021360
2026-07-03 19:51:21,846 [INFO] Threshold [percentile]: 0.030781
2026-07-03 19:51:21,847 [INFO] [Transformer-AD] FAT=2024-01-01 01:37:55 | lead=0.76h | delay=n/a | FAR_preonset=53.2% | valid=False
2026-07-03 19:51:21,849 [INFO] [E5] mode=decimate factor=5 (~0 min) done
2026-07-03 19:51:21,849 [WARNING] [E5] mode=decimate factor=10: window floored to 3 rows
2026-07-03 19:51:21,866 [INFO] Loaded processed data ← C:\scada\data\processed\Ferrara_E5_features.parquet ((1721, 12))
2026-07-03 19:51:22,103 [INFO] Invariant features: 171 windows × 49 features (channel-count-invariant)
2026-07-03 19:51:22,103 [INFO] Split: train=85, cal=17, test=69 (total=171)
2026-07-03 19:51:22,118 [INFO] Threshold [percentile]: 0.111496
2026-07-03 19:51:22,118 [INFO] [RMS-Trend (kσ)] FAT=2024-01-01 02:17:30 | lead=0.10h | delay=0.00h | FAR_preonset=0.0% | valid=True
2026-07-03 19:51:22,119 [INFO] Threshold [percentile]: 0.789343
2026-07-03 19:51:22,119 [INFO] [3σ Rule (σ=3.0)] FAT=2024-01-01 01:54:10 | lead=0.49h | delay=n/a | FAR_preonset=4.8% | valid=True
2026-07-03 19:51:22,119 [INFO] Threshold [percentile]: 1.164981
2026-07-03 19:51:22,119 [INFO] [EWMA (λ=0.2, k=3.0)] FAT=2024-01-01 02:17:30 | lead=0.10h | delay=0.00h | FAR_preonset=0.0% | valid=True
2026-07-03 19:51:22,119 [INFO] Threshold [percentile]: 7.508091
2026-07-03 19:51:22,120 [INFO] [CUSUM (k=0.5, h=5.0)] FAT=2024-01-01 02:17:30 | lead=0.10h | delay=0.00h | FAR_preonset=0.0% | valid=True
2026-07-03 19:51:22,122 [INFO] Threshold [percentile]: 34.003215
2026-07-03 19:51:22,122 [INFO] [Hotelling T²] FAT=2024-01-01 01:50:50 | lead=0.54h | delay=n/a | FAR_preonset=8.1% | valid=True
2026-07-03 19:51:22,320 [INFO] IsolationForest fitted on X=(85, 49)
2026-07-03 19:51:22,340 [INFO] Threshold [percentile]: 0.046179
2026-07-03 19:51:22,341 [INFO] [Isolation Forest] FAT=2024-01-01 01:54:10 | lead=0.49h | delay=n/a | FAR_preonset=4.8% | valid=True
2026-07-03 19:51:22,346 [INFO] Training Deep SVDD on cpu for 40 epochs ...
2026-07-03 19:51:22,362 [INFO]   Epoch [10/40] loss: 0.084359
2026-07-03 19:51:22,385 [INFO]   Epoch [20/40] loss: 0.027807
2026-07-03 19:51:22,404 [INFO]   Epoch [30/40] loss: 0.017506
2026-07-03 19:51:22,423 [INFO]   Epoch [40/40] loss: 0.012963
2026-07-03 19:51:22,424 [INFO] Threshold [percentile]: 0.943983
2026-07-03 19:51:22,424 [INFO] [Deep SVDD] FAT=2024-01-01 02:21:40 | lead=0.03h | delay=0.07h | FAR_preonset=0.0% | valid=True
C:\scada\venv\Lib\site-packages\torch\nn\modules\rnn.py:1009: UserWarning: dropout option adds dropout after all but last recurrent layer, so non-zero dropout expects num_layers greater than 1, but got dropout=0.1 and num_layers=1
  super().__init__("LSTM", *args, **kwargs)
2026-07-03 19:51:22,428 [INFO] Training LSTM-AE on cpu for 50 epochs ...
2026-07-03 19:51:22,612 [INFO]   Epoch [10/50] loss: 0.078107
2026-07-03 19:51:22,786 [INFO]   Epoch [20/50] loss: 0.032030
2026-07-03 19:51:22,955 [INFO]   Epoch [30/50] loss: 0.027587
2026-07-03 19:51:23,139 [INFO]   Epoch [40/50] loss: 0.025990
2026-07-03 19:51:23,312 [INFO]   Epoch [50/50] loss: 0.024799
2026-07-03 19:51:23,322 [INFO] Threshold [percentile]: 0.036546
2026-07-03 19:51:23,323 [INFO] [LSTM-Autoencoder] FAT=2024-01-01 01:25:50 | lead=0.96h | delay=n/a | FAR_preonset=100.0% | valid=False
2026-07-03 19:51:23,327 [INFO] Training TCN-AE on cpu for 40 epochs ...
2026-07-03 19:51:23,603 [INFO]   Epoch [10/40] loss: 0.098722
2026-07-03 19:51:23,852 [INFO]   Epoch [20/40] loss: 0.034736
2026-07-03 19:51:24,108 [INFO]   Epoch [30/40] loss: 0.023377
2026-07-03 19:51:24,358 [INFO]   Epoch [40/40] loss: 0.020592
2026-07-03 19:51:24,375 [INFO] Threshold [percentile]: 0.026155
2026-07-03 19:51:24,375 [INFO] [TCN-Autoencoder] FAT=2024-01-01 01:25:50 | lead=0.96h | delay=n/a | FAR_preonset=100.0% | valid=False
2026-07-03 19:51:24,381 [INFO] Training Transformer-AD on cpu for 40 epochs ...
2026-07-03 19:51:24,615 [INFO]   Epoch [10/40] loss: 0.058163
2026-07-03 19:51:24,863 [INFO]   Epoch [20/40] loss: 0.035484
2026-07-03 19:51:25,122 [INFO]   Epoch [30/40] loss: 0.031922
2026-07-03 19:51:25,392 [INFO]   Epoch [40/40] loss: 0.030332
2026-07-03 19:51:25,399 [INFO] Threshold [percentile]: 0.034886
2026-07-03 19:51:25,400 [INFO] [Transformer-AD] FAT=2024-01-01 01:25:50 | lead=0.96h | delay=n/a | FAR_preonset=100.0% | valid=False
2026-07-03 19:51:25,402 [INFO] [E5] mode=decimate factor=10 (~1 min) done
2026-07-03 19:51:25,402 [WARNING] [E5] mode=decimate factor=20: window floored to 3 rows
2026-07-03 19:51:25,418 [INFO] Loaded processed data ← C:\scada\data\processed\Ferrara_E5_features.parquet ((1721, 12))
2026-07-03 19:51:25,546 [INFO] Invariant features: 85 windows × 49 features (channel-count-invariant)
2026-07-03 19:51:25,546 [INFO] Split: train=42, cal=9, test=34 (total=85)
2026-07-03 19:51:25,566 [INFO] Threshold [percentile]: 0.119645
2026-07-03 19:51:25,566 [INFO] [RMS-Trend (kσ)] FAT=2024-01-01 02:16:40 | lead=0.11h | delay=n/a | FAR_preonset=3.2% | valid=True
2026-07-03 19:51:25,566 [INFO] Threshold [percentile]: 0.414213
2026-07-03 19:51:25,567 [INFO] [3σ Rule (σ=3.0)] FAT=2024-01-01 01:40:00 | lead=0.72h | delay=n/a | FAR_preonset=25.8% | valid=False
2026-07-03 19:51:25,567 [INFO] Threshold [percentile]: 0.962711
2026-07-03 19:51:25,567 [INFO] [EWMA (λ=0.2, k=3.0)] FAT=2024-01-01 02:16:40 | lead=0.11h | delay=n/a | FAR_preonset=3.2% | valid=True
2026-07-03 19:51:25,567 [INFO] Threshold [percentile]: 5.076107
2026-07-03 19:51:25,568 [INFO] [CUSUM (k=0.5, h=5.0)] FAT=2024-01-01 02:16:40 | lead=0.11h | delay=n/a | FAR_preonset=3.2% | valid=True
2026-07-03 19:51:25,570 [INFO] Threshold [percentile]: 22.089076
2026-07-03 19:51:25,570 [INFO] [Hotelling T²] FAT=2024-01-01 01:36:40 | lead=0.78h | delay=n/a | FAR_preonset=41.9% | valid=False
2026-07-03 19:51:25,779 [INFO] IsolationForest fitted on X=(42, 49)
2026-07-03 19:51:25,798 [INFO] Threshold [percentile]: 0.039827
2026-07-03 19:51:25,798 [INFO] [Isolation Forest] FAT=2024-01-01 01:50:00 | lead=0.56h | delay=n/a | FAR_preonset=22.6% | valid=False
2026-07-03 19:51:25,800 [INFO] Training Deep SVDD on cpu for 40 epochs ...
2026-07-03 19:51:25,809 [INFO]   Epoch [10/40] loss: 0.133294
2026-07-03 19:51:25,819 [INFO]   Epoch [20/40] loss: 0.037885
2026-07-03 19:51:25,828 [INFO]   Epoch [30/40] loss: 0.022709
2026-07-03 19:51:25,837 [INFO]   Epoch [40/40] loss: 0.014920
2026-07-03 19:51:25,837 [INFO] Threshold [percentile]: 0.891129
2026-07-03 19:51:25,838 [INFO] [Deep SVDD] FAT=2024-01-01 02:16:40 | lead=0.11h | delay=n/a | FAR_preonset=3.2% | valid=True
C:\scada\venv\Lib\site-packages\torch\nn\modules\rnn.py:1009: UserWarning: dropout option adds dropout after all but last recurrent layer, so non-zero dropout expects num_layers greater than 1, but got dropout=0.1 and num_layers=1
  super().__init__("LSTM", *args, **kwargs)
2026-07-03 19:51:25,840 [INFO] Training LSTM-AE on cpu for 50 epochs ...
2026-07-03 19:51:25,947 [INFO]   Epoch [10/50] loss: 0.228955
2026-07-03 19:51:26,013 [INFO]   Epoch [20/50] loss: 0.084340
2026-07-03 19:51:26,082 [INFO]   Epoch [30/50] loss: 0.038589
2026-07-03 19:51:26,149 [INFO]   Epoch [40/50] loss: 0.037621
2026-07-03 19:51:26,225 [INFO]   Epoch [50/50] loss: 0.034679
2026-07-03 19:51:26,231 [INFO] Threshold [percentile]: 0.039043
2026-07-03 19:51:26,232 [INFO] [LSTM-Autoencoder] FAT=2024-01-01 01:26:40 | lead=0.94h | delay=n/a | FAR_preonset=100.0% | valid=False
2026-07-03 19:51:26,236 [INFO] Training TCN-AE on cpu for 40 epochs ...
2026-07-03 19:51:26,340 [INFO]   Epoch [10/40] loss: 0.177743
2026-07-03 19:51:26,440 [INFO]   Epoch [20/40] loss: 0.106752
2026-07-03 19:51:26,536 [INFO]   Epoch [30/40] loss: 0.061638
2026-07-03 19:51:26,628 [INFO]   Epoch [40/40] loss: 0.041151
2026-07-03 19:51:26,635 [INFO] Threshold [percentile]: 0.034767
2026-07-03 19:51:26,635 [INFO] [TCN-Autoencoder] FAT=2024-01-01 01:26:40 | lead=0.94h | delay=n/a | FAR_preonset=100.0% | valid=False
2026-07-03 19:51:26,641 [INFO] Training Transformer-AD on cpu for 40 epochs ...
2026-07-03 19:51:26,729 [INFO]   Epoch [10/40] loss: 0.152371
2026-07-03 19:51:26,822 [INFO]   Epoch [20/40] loss: 0.064402
2026-07-03 19:51:26,913 [INFO]   Epoch [30/40] loss: 0.045313
2026-07-03 19:51:26,995 [INFO]   Epoch [40/40] loss: 0.044159
2026-07-03 19:51:26,999 [INFO] Threshold [percentile]: 0.037879
2026-07-03 19:51:26,999 [INFO] [Transformer-AD] FAT=2024-01-01 01:26:40 | lead=0.94h | delay=n/a | FAR_preonset=100.0% | valid=False
2026-07-03 19:51:27,001 [INFO] [E5] mode=decimate factor=20 (~2 min) done
2026-07-03 19:51:27,021 [INFO] Loaded processed data ← C:\scada\data\processed\Ferrara_E6_features.parquet ((509, 12))
2026-07-03 19:51:27,174 [INFO] Invariant features: 100 windows × 49 features (channel-count-invariant)
2026-07-03 19:51:27,175 [INFO] Split: train=50, cal=10, test=40 (total=100)
2026-07-03 19:51:27,197 [INFO] Degradation onset detected at 2024-01-01 00:28:35
2026-07-03 19:51:27,198 [INFO] [E6] onset=2024-01-01 00:28:35  t_fail=2024-01-01 00:42:20  max_lead=0.2h
2026-07-03 19:51:27,211 [INFO] Loaded processed data ← C:\scada\data\processed\Ferrara_E6_features.parquet ((509, 12))
2026-07-03 19:51:27,319 [INFO] Invariant features: 100 windows × 49 features (channel-count-invariant)
2026-07-03 19:51:27,319 [INFO] Split: train=50, cal=10, test=40 (total=100)
2026-07-03 19:51:27,333 [INFO] Threshold [percentile]: 0.327503
2026-07-03 19:51:27,333 [INFO] [RMS-Trend (kσ)] FAT=2024-01-01 00:34:35 | lead=0.13h | delay=0.10h | FAR_preonset=0.0% | valid=True
2026-07-03 19:51:27,333 [INFO] Threshold [percentile]: 1.405796
2026-07-03 19:51:27,334 [INFO] [3σ Rule (σ=3.0)] FAT=2024-01-01 00:34:10 | lead=0.14h | delay=0.09h | FAR_preonset=0.0% | valid=True
2026-07-03 19:51:27,334 [INFO] Threshold [percentile]: 1.088329
2026-07-03 19:51:27,334 [INFO] [EWMA (λ=0.2, k=3.0)] FAT=2024-01-01 00:31:15 | lead=0.18h | delay=0.04h | FAR_preonset=0.0% | valid=True
2026-07-03 19:51:27,334 [INFO] Threshold [percentile]: 5.888596
2026-07-03 19:51:27,334 [INFO] [CUSUM (k=0.5, h=5.0)] FAT=2024-01-01 00:31:15 | lead=0.18h | delay=0.04h | FAR_preonset=0.0% | valid=True
2026-07-03 19:51:27,337 [INFO] Threshold [percentile]: 47.482433
2026-07-03 19:51:27,337 [INFO] [Hotelling T²] FAT=2024-01-01 00:28:20 | lead=0.23h | delay=n/a | FAR_preonset=12.5% | valid=False
2026-07-03 19:51:27,507 [INFO] IsolationForest fitted on X=(50, 49)
2026-07-03 19:51:27,526 [INFO] Threshold [percentile]: 0.155496
2026-07-03 19:51:27,527 [INFO] [Isolation Forest] FAT=None | lead=0.00h | delay=n/a | FAR_preonset=0.0% | valid=False
2026-07-03 19:51:27,528 [INFO] Training Deep SVDD on cpu for 40 epochs ...
2026-07-03 19:51:27,538 [INFO]   Epoch [10/40] loss: 3.591351
2026-07-03 19:51:27,547 [INFO]   Epoch [20/40] loss: 0.761346
2026-07-03 19:51:27,556 [INFO]   Epoch [30/40] loss: 0.362720
2026-07-03 19:51:27,565 [INFO]   Epoch [40/40] loss: 0.231121
2026-07-03 19:51:27,566 [INFO] Threshold [percentile]: 0.837151
2026-07-03 19:51:27,566 [INFO] [Deep SVDD] FAT=None | lead=0.00h | delay=n/a | FAR_preonset=0.0% | valid=False
C:\scada\venv\Lib\site-packages\torch\nn\modules\rnn.py:1009: UserWarning: dropout option adds dropout after all but last recurrent layer, so non-zero dropout expects num_layers greater than 1, but got dropout=0.1 and num_layers=1
  super().__init__("LSTM", *args, **kwargs)
2026-07-03 19:51:27,568 [INFO] Training LSTM-AE on cpu for 50 epochs ...
2026-07-03 19:51:27,646 [INFO]   Epoch [10/50] loss: 0.159307
2026-07-03 19:51:27,726 [INFO]   Epoch [20/50] loss: 0.066247
2026-07-03 19:51:27,808 [INFO]   Epoch [30/50] loss: 0.038685
2026-07-03 19:51:27,884 [INFO]   Epoch [40/50] loss: 0.035422
2026-07-03 19:51:27,959 [INFO]   Epoch [50/50] loss: 0.032485
2026-07-03 19:51:27,968 [INFO] Threshold [percentile]: 0.039883
2026-07-03 19:51:27,968 [INFO] [LSTM-Autoencoder] FAT=2024-01-01 00:25:25 | lead=0.28h | delay=n/a | FAR_preonset=100.0% | valid=False
2026-07-03 19:51:27,973 [INFO] Training TCN-AE on cpu for 40 epochs ...
2026-07-03 19:51:28,091 [INFO]   Epoch [10/40] loss: 0.126364
2026-07-03 19:51:28,207 [INFO]   Epoch [20/40] loss: 0.070393
2026-07-03 19:51:28,320 [INFO]   Epoch [30/40] loss: 0.038919
2026-07-03 19:51:28,439 [INFO]   Epoch [40/40] loss: 0.027874
2026-07-03 19:51:28,445 [INFO] Threshold [percentile]: 0.029772
2026-07-03 19:51:28,445 [INFO] [TCN-Autoencoder] FAT=2024-01-01 00:25:25 | lead=0.28h | delay=n/a | FAR_preonset=100.0% | valid=False
2026-07-03 19:51:28,450 [INFO] Training Transformer-AD on cpu for 40 epochs ...
2026-07-03 19:51:28,554 [INFO]   Epoch [10/40] loss: 0.150426
2026-07-03 19:51:28,661 [INFO]   Epoch [20/40] loss: 0.060142
2026-07-03 19:51:28,771 [INFO]   Epoch [30/40] loss: 0.042372
2026-07-03 19:51:28,880 [INFO]   Epoch [40/40] loss: 0.039620
2026-07-03 19:51:28,884 [INFO] Threshold [percentile]: 0.037873
2026-07-03 19:51:28,885 [INFO] [Transformer-AD] FAT=2024-01-01 00:25:25 | lead=0.28h | delay=n/a | FAR_preonset=100.0% | valid=False
2026-07-03 19:51:28,887 [INFO] [E6] mode=aggregate factor=1 (~0 min) done
2026-07-03 19:51:28,906 [INFO] Loaded processed data ← C:\scada\data\processed\Ferrara_E6_features.parquet ((509, 12))
2026-07-03 19:51:28,948 [INFO] Invariant features: 20 windows × 49 features (channel-count-invariant)
2026-07-03 19:51:28,949 [INFO] Split: train=10, cal=2, test=8 (total=20)
2026-07-03 19:51:28,967 [INFO] Threshold [percentile]: 0.987176
2026-07-03 19:51:28,967 [INFO] [RMS-Trend (kσ)] FAT=None | lead=0.00h | delay=n/a | FAR_preonset=0.0% | valid=False
2026-07-03 19:51:28,968 [INFO] Threshold [percentile]: 2.414139
2026-07-03 19:51:28,968 [INFO] [3σ Rule (σ=3.0)] FAT=2024-01-01 00:28:00 | lead=0.24h | delay=n/a | FAR_preonset=50.0% | valid=False
2026-07-03 19:51:28,968 [INFO] Threshold [percentile]: 0.499540
2026-07-03 19:51:28,968 [INFO] [EWMA (λ=0.2, k=3.0)] FAT=2024-01-01 00:26:00 | lead=0.27h | delay=n/a | FAR_preonset=100.0% | valid=False
2026-07-03 19:51:28,968 [INFO] Threshold [percentile]: 2.010967
2026-07-03 19:51:28,969 [INFO] [CUSUM (k=0.5, h=5.0)] FAT=2024-01-01 00:26:00 | lead=0.27h | delay=n/a | FAR_preonset=100.0% | valid=False
2026-07-03 19:51:28,969 [INFO] HotellingT2: capping PCA rank 10 → 8 (n_train=10, p=49)
2026-07-03 19:51:28,970 [INFO] Threshold [percentile]: 8.999492
2026-07-03 19:51:28,970 [INFO] [Hotelling T²] FAT=2024-01-01 00:26:00 | lead=0.27h | delay=n/a | FAR_preonset=100.0% | valid=False
2026-07-03 19:51:29,204 [INFO] IsolationForest fitted on X=(10, 49)
2026-07-03 19:51:29,227 [INFO] Threshold [percentile]: 0.092027
2026-07-03 19:51:29,228 [INFO] [Isolation Forest] FAT=None | lead=0.00h | delay=n/a | FAR_preonset=0.0% | valid=False
2026-07-03 19:51:29,229 [INFO] Training Deep SVDD on cpu for 40 epochs ...
2026-07-03 19:51:29,235 [INFO]   Epoch [10/40] loss: 0.111868
2026-07-03 19:51:29,240 [INFO]   Epoch [20/40] loss: 0.051603
2026-07-03 19:51:29,244 [INFO]   Epoch [30/40] loss: 0.027302
2026-07-03 19:51:29,249 [INFO]   Epoch [40/40] loss: 0.012674
2026-07-03 19:51:29,249 [INFO] Threshold [percentile]: 0.853579
2026-07-03 19:51:29,250 [INFO] [Deep SVDD] FAT=None | lead=0.00h | delay=n/a | FAR_preonset=0.0% | valid=False
2026-07-03 19:51:29,250 [ERROR] Method LSTM-Autoencoder failed: LSTM-AE needs >= 30 windows; run has 10.
2026-07-03 19:51:29,250 [ERROR] Method TCN-Autoencoder failed: TCN needs >= 30 windows; run has 10.
2026-07-03 19:51:29,250 [ERROR] Method Transformer-AD failed: Transformer-AD needs >= 30 windows; run has 10.
2026-07-03 19:51:29,251 [INFO] [E6] mode=aggregate factor=2 (~0 min) done
2026-07-03 19:51:29,251 [WARNING] [E6] mode=aggregate factor=5: window floored to 3 rows
2026-07-03 19:51:29,263 [INFO] Loaded processed data ← C:\scada\data\processed\Ferrara_E6_features.parquet ((509, 12))
2026-07-03 19:51:29,305 [INFO] Invariant features: 41 windows × 49 features (channel-count-invariant)
2026-07-03 19:51:29,305 [INFO] Split: train=20, cal=4, test=17 (total=41)
2026-07-03 19:51:29,318 [INFO] Threshold [percentile]: 0.666290
2026-07-03 19:51:29,318 [INFO] [RMS-Trend (kσ)] FAT=None | lead=0.00h | delay=n/a | FAR_preonset=0.0% | valid=False
2026-07-03 19:51:29,318 [INFO] Threshold [percentile]: 2.422373
2026-07-03 19:51:29,318 [INFO] [3σ Rule (σ=3.0)] FAT=2024-01-01 00:29:00 | lead=0.22h | delay=0.01h | FAR_preonset=0.0% | valid=True
2026-07-03 19:51:29,318 [INFO] Threshold [percentile]: 0.706982
2026-07-03 19:51:29,319 [INFO] [EWMA (λ=0.2, k=3.0)] FAT=2024-01-01 00:28:00 | lead=0.24h | delay=n/a | FAR_preonset=25.0% | valid=False
2026-07-03 19:51:29,319 [INFO] Threshold [percentile]: 3.191141
2026-07-03 19:51:29,319 [INFO] [CUSUM (k=0.5, h=5.0)] FAT=2024-01-01 00:28:00 | lead=0.24h | delay=n/a | FAR_preonset=25.0% | valid=False
2026-07-03 19:51:29,320 [INFO] Threshold [percentile]: 18.215317
2026-07-03 19:51:29,320 [INFO] [Hotelling T²] FAT=2024-01-01 00:27:00 | lead=0.26h | delay=n/a | FAR_preonset=50.0% | valid=False
2026-07-03 19:51:29,502 [INFO] IsolationForest fitted on X=(20, 49)
2026-07-03 19:51:29,520 [INFO] Threshold [percentile]: 0.140805
2026-07-03 19:51:29,520 [INFO] [Isolation Forest] FAT=None | lead=0.00h | delay=n/a | FAR_preonset=0.0% | valid=False
2026-07-03 19:51:29,522 [INFO] Training Deep SVDD on cpu for 40 epochs ...
2026-07-03 19:51:29,527 [INFO]   Epoch [10/40] loss: 0.714451
2026-07-03 19:51:29,532 [INFO]   Epoch [20/40] loss: 0.242182
2026-07-03 19:51:29,539 [INFO]   Epoch [30/40] loss: 0.170951
2026-07-03 19:51:29,543 [INFO]   Epoch [40/40] loss: 0.078532
2026-07-03 19:51:29,544 [INFO] Threshold [percentile]: 0.870714
2026-07-03 19:51:29,544 [INFO] [Deep SVDD] FAT=None | lead=0.00h | delay=n/a | FAR_preonset=0.0% | valid=False
2026-07-03 19:51:29,544 [ERROR] Method LSTM-Autoencoder failed: LSTM-AE needs >= 30 windows; run has 20.
2026-07-03 19:51:29,544 [ERROR] Method TCN-Autoencoder failed: TCN needs >= 30 windows; run has 20.
2026-07-03 19:51:29,544 [ERROR] Method Transformer-AD failed: Transformer-AD needs >= 30 windows; run has 20.
2026-07-03 19:51:29,545 [INFO] [E6] mode=aggregate factor=5 (~0 min) done
2026-07-03 19:51:29,545 [WARNING] [E6] mode=aggregate factor=10: window floored to 3 rows
2026-07-03 19:51:29,556 [INFO] Loaded processed data ← C:\scada\data\processed\Ferrara_E6_features.parquet ((509, 12))
2026-07-03 19:51:29,599 [INFO] Invariant features: 41 windows × 49 features (channel-count-invariant)
2026-07-03 19:51:29,600 [INFO] Split: train=20, cal=4, test=17 (total=41)
2026-07-03 19:51:29,610 [INFO] Threshold [percentile]: 0.666290
2026-07-03 19:51:29,611 [INFO] [RMS-Trend (kσ)] FAT=2024-01-01 00:41:00 | lead=0.02h | delay=0.21h | FAR_preonset=0.0% | valid=True
2026-07-03 19:51:29,611 [INFO] Threshold [percentile]: 2.422373
2026-07-03 19:51:29,611 [INFO] [3σ Rule (σ=3.0)] FAT=2024-01-01 00:29:00 | lead=0.22h | delay=0.01h | FAR_preonset=0.0% | valid=True
2026-07-03 19:51:29,611 [INFO] Threshold [percentile]: 0.706982
2026-07-03 19:51:29,611 [INFO] [EWMA (λ=0.2, k=3.0)] FAT=2024-01-01 00:28:00 | lead=0.24h | delay=n/a | FAR_preonset=25.0% | valid=False
2026-07-03 19:51:29,611 [INFO] Threshold [percentile]: 3.191141
2026-07-03 19:51:29,611 [INFO] [CUSUM (k=0.5, h=5.0)] FAT=2024-01-01 00:28:00 | lead=0.24h | delay=n/a | FAR_preonset=25.0% | valid=False
2026-07-03 19:51:29,612 [INFO] Threshold [percentile]: 18.215317
2026-07-03 19:51:29,613 [INFO] [Hotelling T²] FAT=2024-01-01 00:27:00 | lead=0.26h | delay=n/a | FAR_preonset=50.0% | valid=False
2026-07-03 19:51:29,791 [INFO] IsolationForest fitted on X=(20, 49)
2026-07-03 19:51:29,814 [INFO] Threshold [percentile]: 0.140805
2026-07-03 19:51:29,815 [INFO] [Isolation Forest] FAT=2024-01-01 00:35:00 | lead=0.12h | delay=0.11h | FAR_preonset=0.0% | valid=True
2026-07-03 19:51:29,816 [INFO] Training Deep SVDD on cpu for 40 epochs ...
2026-07-03 19:51:29,822 [INFO]   Epoch [10/40] loss: 0.714451
2026-07-03 19:51:29,828 [INFO]   Epoch [20/40] loss: 0.242182
2026-07-03 19:51:29,834 [INFO]   Epoch [30/40] loss: 0.170951
2026-07-03 19:51:29,839 [INFO]   Epoch [40/40] loss: 0.078532
2026-07-03 19:51:29,840 [INFO] Threshold [percentile]: 0.870714
2026-07-03 19:51:29,840 [INFO] [Deep SVDD] FAT=2024-01-01 00:41:00 | lead=0.02h | delay=0.21h | FAR_preonset=0.0% | valid=True
2026-07-03 19:51:29,840 [ERROR] Method LSTM-Autoencoder failed: LSTM-AE needs >= 30 windows; run has 20.
2026-07-03 19:51:29,840 [ERROR] Method TCN-Autoencoder failed: TCN needs >= 30 windows; run has 20.
2026-07-03 19:51:29,840 [ERROR] Method Transformer-AD failed: Transformer-AD needs >= 30 windows; run has 20.
2026-07-03 19:51:29,841 [INFO] [E6] mode=aggregate factor=10 (~1 min) done
2026-07-03 19:51:29,841 [WARNING] [E6] mode=aggregate factor=20: window floored to 3 rows
2026-07-03 19:51:29,854 [INFO] Loaded processed data ← C:\scada\data\processed\Ferrara_E6_features.parquet ((509, 12))
2026-07-03 19:51:29,880 [INFO] Invariant features: 20 windows × 49 features (channel-count-invariant)
2026-07-03 19:51:29,881 [INFO] Split: train=10, cal=2, test=8 (total=20)
2026-07-03 19:51:29,892 [INFO] Threshold [percentile]: 0.886111
2026-07-03 19:51:29,892 [INFO] [RMS-Trend (kσ)] FAT=2024-01-01 00:40:00 | lead=0.04h | delay=0.19h | FAR_preonset=0.0% | valid=True
2026-07-03 19:51:29,892 [INFO] Threshold [percentile]: 2.411954
2026-07-03 19:51:29,894 [INFO] [3σ Rule (σ=3.0)] FAT=2024-01-01 00:26:00 | lead=0.27h | delay=n/a | FAR_preonset=100.0% | valid=False
2026-07-03 19:51:29,894 [INFO] Threshold [percentile]: 0.522569
2026-07-03 19:51:29,894 [INFO] [EWMA (λ=0.2, k=3.0)] FAT=2024-01-01 00:26:00 | lead=0.27h | delay=n/a | FAR_preonset=100.0% | valid=False
2026-07-03 19:51:29,894 [INFO] Threshold [percentile]: 2.130499
2026-07-03 19:51:29,894 [INFO] [CUSUM (k=0.5, h=5.0)] FAT=2024-01-01 00:26:00 | lead=0.27h | delay=n/a | FAR_preonset=100.0% | valid=False
2026-07-03 19:51:29,894 [INFO] HotellingT2: capping PCA rank 10 → 8 (n_train=10, p=49)
2026-07-03 19:51:29,894 [INFO] Threshold [percentile]: 8.995844
2026-07-03 19:51:29,894 [INFO] [Hotelling T²] FAT=2024-01-01 00:26:00 | lead=0.27h | delay=n/a | FAR_preonset=100.0% | valid=False
2026-07-03 19:51:30,097 [INFO] IsolationForest fitted on X=(10, 49)
2026-07-03 19:51:30,118 [INFO] Threshold [percentile]: 0.109671
2026-07-03 19:51:30,118 [INFO] [Isolation Forest] FAT=2024-01-01 00:38:00 | lead=0.07h | delay=0.16h | FAR_preonset=0.0% | valid=True
2026-07-03 19:51:30,120 [INFO] Training Deep SVDD on cpu for 40 epochs ...
2026-07-03 19:51:30,125 [INFO]   Epoch [10/40] loss: 0.069469
2026-07-03 19:51:30,129 [INFO]   Epoch [20/40] loss: 0.039107
2026-07-03 19:51:30,134 [INFO]   Epoch [30/40] loss: 0.014833
2026-07-03 19:51:30,139 [INFO]   Epoch [40/40] loss: 0.007779
2026-07-03 19:51:30,139 [INFO] Threshold [percentile]: 0.823396
2026-07-03 19:51:30,139 [INFO] [Deep SVDD] FAT=2024-01-01 00:40:00 | lead=0.04h | delay=0.19h | FAR_preonset=0.0% | valid=True
2026-07-03 19:51:30,139 [ERROR] Method LSTM-Autoencoder failed: LSTM-AE needs >= 30 windows; run has 10.
2026-07-03 19:51:30,139 [ERROR] Method TCN-Autoencoder failed: TCN needs >= 30 windows; run has 10.
2026-07-03 19:51:30,139 [ERROR] Method Transformer-AD failed: Transformer-AD needs >= 30 windows; run has 10.
2026-07-03 19:51:30,141 [INFO] [E6] mode=aggregate factor=20 (~2 min) done
2026-07-03 19:51:30,151 [INFO] Loaded processed data ← C:\scada\data\processed\Ferrara_E6_features.parquet ((509, 12))
2026-07-03 19:51:30,247 [INFO] Invariant features: 100 windows × 49 features (channel-count-invariant)
2026-07-03 19:51:30,247 [INFO] Split: train=50, cal=10, test=40 (total=100)
2026-07-03 19:51:30,259 [INFO] Threshold [percentile]: 0.327503
2026-07-03 19:51:30,259 [INFO] [RMS-Trend (kσ)] FAT=2024-01-01 00:34:35 | lead=0.13h | delay=0.10h | FAR_preonset=0.0% | valid=True
2026-07-03 19:51:30,259 [INFO] Threshold [percentile]: 1.405796
2026-07-03 19:51:30,260 [INFO] [3σ Rule (σ=3.0)] FAT=2024-01-01 00:34:10 | lead=0.14h | delay=0.09h | FAR_preonset=0.0% | valid=True
2026-07-03 19:51:30,260 [INFO] Threshold [percentile]: 1.088329
2026-07-03 19:51:30,260 [INFO] [EWMA (λ=0.2, k=3.0)] FAT=2024-01-01 00:31:15 | lead=0.18h | delay=0.04h | FAR_preonset=0.0% | valid=True
2026-07-03 19:51:30,260 [INFO] Threshold [percentile]: 5.888596
2026-07-03 19:51:30,260 [INFO] [CUSUM (k=0.5, h=5.0)] FAT=2024-01-01 00:31:15 | lead=0.18h | delay=0.04h | FAR_preonset=0.0% | valid=True
2026-07-03 19:51:30,262 [INFO] Threshold [percentile]: 47.482433
2026-07-03 19:51:30,263 [INFO] [Hotelling T²] FAT=2024-01-01 00:28:20 | lead=0.23h | delay=n/a | FAR_preonset=12.5% | valid=False
2026-07-03 19:51:30,440 [INFO] IsolationForest fitted on X=(50, 49)
2026-07-03 19:51:30,460 [INFO] Threshold [percentile]: 0.155496
2026-07-03 19:51:30,460 [INFO] [Isolation Forest] FAT=None | lead=0.00h | delay=n/a | FAR_preonset=0.0% | valid=False
2026-07-03 19:51:30,461 [INFO] Training Deep SVDD on cpu for 40 epochs ...
2026-07-03 19:51:30,471 [INFO]   Epoch [10/40] loss: 3.591351
2026-07-03 19:51:30,480 [INFO]   Epoch [20/40] loss: 0.761346
2026-07-03 19:51:30,489 [INFO]   Epoch [30/40] loss: 0.362720
2026-07-03 19:51:30,498 [INFO]   Epoch [40/40] loss: 0.231121
2026-07-03 19:51:30,499 [INFO] Threshold [percentile]: 0.837151
2026-07-03 19:51:30,499 [INFO] [Deep SVDD] FAT=None | lead=0.00h | delay=n/a | FAR_preonset=0.0% | valid=False
C:\scada\venv\Lib\site-packages\torch\nn\modules\rnn.py:1009: UserWarning: dropout option adds dropout after all but last recurrent layer, so non-zero dropout expects num_layers greater than 1, but got dropout=0.1 and num_layers=1
  super().__init__("LSTM", *args, **kwargs)
2026-07-03 19:51:30,501 [INFO] Training LSTM-AE on cpu for 50 epochs ...
2026-07-03 19:51:30,576 [INFO]   Epoch [10/50] loss: 0.159307
2026-07-03 19:51:30,660 [INFO]   Epoch [20/50] loss: 0.066247
2026-07-03 19:51:30,751 [INFO]   Epoch [30/50] loss: 0.038685
2026-07-03 19:51:30,834 [INFO]   Epoch [40/50] loss: 0.035422
2026-07-03 19:51:30,922 [INFO]   Epoch [50/50] loss: 0.032485
2026-07-03 19:51:30,927 [INFO] Threshold [percentile]: 0.039883
2026-07-03 19:51:30,928 [INFO] [LSTM-Autoencoder] FAT=2024-01-01 00:25:25 | lead=0.28h | delay=n/a | FAR_preonset=100.0% | valid=False
2026-07-03 19:51:30,932 [INFO] Training TCN-AE on cpu for 40 epochs ...
2026-07-03 19:51:31,048 [INFO]   Epoch [10/40] loss: 0.126364
2026-07-03 19:51:31,169 [INFO]   Epoch [20/40] loss: 0.070393
2026-07-03 19:51:31,280 [INFO]   Epoch [30/40] loss: 0.038919
2026-07-03 19:51:31,392 [INFO]   Epoch [40/40] loss: 0.027874
2026-07-03 19:51:31,399 [INFO] Threshold [percentile]: 0.029772
2026-07-03 19:51:31,399 [INFO] [TCN-Autoencoder] FAT=2024-01-01 00:25:25 | lead=0.28h | delay=n/a | FAR_preonset=100.0% | valid=False
2026-07-03 19:51:31,404 [INFO] Training Transformer-AD on cpu for 40 epochs ...
2026-07-03 19:51:31,517 [INFO]   Epoch [10/40] loss: 0.150426
2026-07-03 19:51:31,628 [INFO]   Epoch [20/40] loss: 0.060142
2026-07-03 19:51:31,738 [INFO]   Epoch [30/40] loss: 0.042372
2026-07-03 19:51:31,843 [INFO]   Epoch [40/40] loss: 0.039620
2026-07-03 19:51:31,847 [INFO] Threshold [percentile]: 0.037873
2026-07-03 19:51:31,847 [INFO] [Transformer-AD] FAT=2024-01-01 00:25:25 | lead=0.28h | delay=n/a | FAR_preonset=100.0% | valid=False
2026-07-03 19:51:31,849 [INFO] [E6] mode=decimate factor=1 (~0 min) done
2026-07-03 19:51:31,864 [INFO] Loaded processed data ← C:\scada\data\processed\Ferrara_E6_features.parquet ((509, 12))
2026-07-03 19:51:32,045 [INFO] Invariant features: 126 windows × 49 features (channel-count-invariant)
2026-07-03 19:51:32,045 [INFO] Split: train=63, cal=12, test=51 (total=126)
2026-07-03 19:51:32,061 [INFO] Threshold [percentile]: 0.350029
2026-07-03 19:51:32,062 [INFO] [RMS-Trend (kσ)] FAT=2024-01-01 00:35:00 | lead=0.12h | delay=0.11h | FAR_preonset=0.0% | valid=True
2026-07-03 19:51:32,062 [INFO] Threshold [percentile]: 1.683361
2026-07-03 19:51:32,062 [INFO] [3σ Rule (σ=3.0)] FAT=None | lead=0.00h | delay=n/a | FAR_preonset=0.0% | valid=False
2026-07-03 19:51:32,063 [INFO] Threshold [percentile]: 1.043555
2026-07-03 19:51:32,063 [INFO] [EWMA (λ=0.2, k=3.0)] FAT=2024-01-01 00:31:20 | lead=0.18h | delay=0.05h | FAR_preonset=0.0% | valid=True
2026-07-03 19:51:32,063 [INFO] Threshold [percentile]: 5.977858
2026-07-03 19:51:32,064 [INFO] [CUSUM (k=0.5, h=5.0)] FAT=2024-01-01 00:31:20 | lead=0.18h | delay=0.05h | FAR_preonset=0.0% | valid=True
2026-07-03 19:51:32,066 [INFO] Threshold [percentile]: 51.616465
2026-07-03 19:51:32,066 [INFO] [Hotelling T²] FAT=2024-01-01 00:28:20 | lead=0.23h | delay=n/a | FAR_preonset=10.0% | valid=True
2026-07-03 19:51:32,287 [INFO] IsolationForest fitted on X=(63, 49)
2026-07-03 19:51:32,307 [INFO] Threshold [percentile]: 0.172045
2026-07-03 19:51:32,307 [INFO] [Isolation Forest] FAT=None | lead=0.00h | delay=n/a | FAR_preonset=0.0% | valid=False
2026-07-03 19:51:32,308 [INFO] Training Deep SVDD on cpu for 40 epochs ...
2026-07-03 19:51:32,318 [INFO]   Epoch [10/40] loss: 3.048875
2026-07-03 19:51:32,326 [INFO]   Epoch [20/40] loss: 0.631862
2026-07-03 19:51:32,335 [INFO]   Epoch [30/40] loss: 0.292613
2026-07-03 19:51:32,344 [INFO]   Epoch [40/40] loss: 0.187919
2026-07-03 19:51:32,345 [INFO] Threshold [percentile]: 0.280495
2026-07-03 19:51:32,345 [INFO] [Deep SVDD] FAT=2024-01-01 00:41:00 | lead=0.02h | delay=0.21h | FAR_preonset=0.0% | valid=True
C:\scada\venv\Lib\site-packages\torch\nn\modules\rnn.py:1009: UserWarning: dropout option adds dropout after all but last recurrent layer, so non-zero dropout expects num_layers greater than 1, but got dropout=0.1 and num_layers=1
  super().__init__("LSTM", *args, **kwargs)
2026-07-03 19:51:32,349 [INFO] Training LSTM-AE on cpu for 50 epochs ...
2026-07-03 19:51:32,481 [INFO]   Epoch [10/50] loss: 0.059036
2026-07-03 19:51:32,626 [INFO]   Epoch [20/50] loss: 0.027152
2026-07-03 19:51:32,761 [INFO]   Epoch [30/50] loss: 0.026110
2026-07-03 19:51:32,897 [INFO]   Epoch [40/50] loss: 0.031057
2026-07-03 19:51:33,030 [INFO]   Epoch [50/50] loss: 0.025359
2026-07-03 19:51:33,038 [INFO] Threshold [percentile]: 0.032930
2026-07-03 19:51:33,039 [INFO] [LSTM-Autoencoder] FAT=2024-01-01 00:25:20 | lead=0.28h | delay=n/a | FAR_preonset=100.0% | valid=False
2026-07-03 19:51:33,043 [INFO] Training TCN-AE on cpu for 40 epochs ...
2026-07-03 19:51:33,254 [INFO]   Epoch [10/40] loss: 0.077129
2026-07-03 19:51:33,476 [INFO]   Epoch [20/40] loss: 0.025850
2026-07-03 19:51:33,690 [INFO]   Epoch [30/40] loss: 0.021432
2026-07-03 19:51:33,894 [INFO]   Epoch [40/40] loss: 0.014606
2026-07-03 19:51:33,906 [INFO] Threshold [percentile]: 0.025702
2026-07-03 19:51:33,906 [INFO] [TCN-Autoencoder] FAT=2024-01-01 00:25:20 | lead=0.28h | delay=n/a | FAR_preonset=100.0% | valid=False
2026-07-03 19:51:33,911 [INFO] Training Transformer-AD on cpu for 40 epochs ...
2026-07-03 19:51:34,102 [INFO]   Epoch [10/40] loss: 0.058928
2026-07-03 19:51:34,290 [INFO]   Epoch [20/40] loss: 0.037878
2026-07-03 19:51:34,468 [INFO]   Epoch [30/40] loss: 0.035461
2026-07-03 19:51:34,643 [INFO]   Epoch [40/40] loss: 0.029538
2026-07-03 19:51:34,648 [INFO] Threshold [percentile]: 0.038339
2026-07-03 19:51:34,649 [INFO] [Transformer-AD] FAT=2024-01-01 00:25:20 | lead=0.28h | delay=n/a | FAR_preonset=100.0% | valid=False
2026-07-03 19:51:34,651 [INFO] [E6] mode=decimate factor=2 (~0 min) done
2026-07-03 19:51:34,651 [WARNING] [E6] mode=decimate factor=5: window floored to 3 rows
2026-07-03 19:51:34,667 [INFO] Loaded processed data ← C:\scada\data\processed\Ferrara_E6_features.parquet ((509, 12))
2026-07-03 19:51:34,808 [INFO] Invariant features: 100 windows × 49 features (channel-count-invariant)
2026-07-03 19:51:34,809 [INFO] Split: train=50, cal=10, test=40 (total=100)
2026-07-03 19:51:34,829 [INFO] Threshold [percentile]: 0.342099
2026-07-03 19:51:34,830 [INFO] [RMS-Trend (kσ)] FAT=2024-01-01 00:34:35 | lead=0.13h | delay=0.10h | FAR_preonset=0.0% | valid=True
2026-07-03 19:51:34,830 [INFO] Threshold [percentile]: 1.358674
2026-07-03 19:51:34,830 [INFO] [3σ Rule (σ=3.0)] FAT=2024-01-01 00:41:15 | lead=0.02h | delay=0.21h | FAR_preonset=0.0% | valid=True
2026-07-03 19:51:34,831 [INFO] Threshold [percentile]: 1.053717
2026-07-03 19:51:34,831 [INFO] [EWMA (λ=0.2, k=3.0)] FAT=2024-01-01 00:32:30 | lead=0.16h | delay=0.07h | FAR_preonset=0.0% | valid=True
2026-07-03 19:51:34,831 [INFO] Threshold [percentile]: 5.657956
2026-07-03 19:51:34,832 [INFO] [CUSUM (k=0.5, h=5.0)] FAT=2024-01-01 00:32:55 | lead=0.16h | delay=0.07h | FAR_preonset=0.0% | valid=True
2026-07-03 19:51:34,835 [INFO] Threshold [percentile]: 40.604258
2026-07-03 19:51:34,835 [INFO] [Hotelling T²] FAT=2024-01-01 00:28:20 | lead=0.23h | delay=n/a | FAR_preonset=12.5% | valid=False
2026-07-03 19:51:35,031 [INFO] IsolationForest fitted on X=(50, 49)
2026-07-03 19:51:35,050 [INFO] Threshold [percentile]: 0.159258
2026-07-03 19:51:35,051 [INFO] [Isolation Forest] FAT=None | lead=0.00h | delay=n/a | FAR_preonset=0.0% | valid=False
2026-07-03 19:51:35,052 [INFO] Training Deep SVDD on cpu for 40 epochs ...
2026-07-03 19:51:35,062 [INFO]   Epoch [10/40] loss: 2.459890
2026-07-03 19:51:35,073 [INFO]   Epoch [20/40] loss: 0.838467
2026-07-03 19:51:35,085 [INFO]   Epoch [30/40] loss: 0.415724
2026-07-03 19:51:35,094 [INFO]   Epoch [40/40] loss: 0.225447
2026-07-03 19:51:35,094 [INFO] Threshold [percentile]: 0.818165
2026-07-03 19:51:35,095 [INFO] [Deep SVDD] FAT=None | lead=0.00h | delay=n/a | FAR_preonset=0.0% | valid=False
C:\scada\venv\Lib\site-packages\torch\nn\modules\rnn.py:1009: UserWarning: dropout option adds dropout after all but last recurrent layer, so non-zero dropout expects num_layers greater than 1, but got dropout=0.1 and num_layers=1
  super().__init__("LSTM", *args, **kwargs)
2026-07-03 19:51:35,097 [INFO] Training LSTM-AE on cpu for 50 epochs ...
2026-07-03 19:51:35,168 [INFO]   Epoch [10/50] loss: 0.145784
2026-07-03 19:51:35,248 [INFO]   Epoch [20/50] loss: 0.054291
2026-07-03 19:51:35,338 [INFO]   Epoch [30/50] loss: 0.031940
2026-07-03 19:51:35,420 [INFO]   Epoch [40/50] loss: 0.029465
2026-07-03 19:51:35,493 [INFO]   Epoch [50/50] loss: 0.027226
2026-07-03 19:51:35,498 [INFO] Threshold [percentile]: 0.039530
2026-07-03 19:51:35,498 [INFO] [LSTM-Autoencoder] FAT=2024-01-01 00:25:25 | lead=0.28h | delay=n/a | FAR_preonset=100.0% | valid=False
2026-07-03 19:51:35,503 [INFO] Training TCN-AE on cpu for 40 epochs ...
2026-07-03 19:51:35,615 [INFO]   Epoch [10/40] loss: 0.124847
2026-07-03 19:51:35,732 [INFO]   Epoch [20/40] loss: 0.075699
2026-07-03 19:51:35,845 [INFO]   Epoch [30/40] loss: 0.039998
2026-07-03 19:51:35,954 [INFO]   Epoch [40/40] loss: 0.026425
2026-07-03 19:51:35,961 [INFO] Threshold [percentile]: 0.031299
2026-07-03 19:51:35,961 [INFO] [TCN-Autoencoder] FAT=2024-01-01 00:25:25 | lead=0.28h | delay=n/a | FAR_preonset=100.0% | valid=False
2026-07-03 19:51:35,967 [INFO] Training Transformer-AD on cpu for 40 epochs ...
2026-07-03 19:51:36,069 [INFO]   Epoch [10/40] loss: 0.153290
2026-07-03 19:51:36,170 [INFO]   Epoch [20/40] loss: 0.059767
2026-07-03 19:51:36,287 [INFO]   Epoch [30/40] loss: 0.037386
2026-07-03 19:51:36,411 [INFO]   Epoch [40/40] loss: 0.034237
2026-07-03 19:51:36,416 [INFO] Threshold [percentile]: 0.037612
2026-07-03 19:51:36,417 [INFO] [Transformer-AD] FAT=2024-01-01 00:25:25 | lead=0.28h | delay=n/a | FAR_preonset=100.0% | valid=False
2026-07-03 19:51:36,419 [INFO] [E6] mode=decimate factor=5 (~0 min) done
2026-07-03 19:51:36,419 [WARNING] [E6] mode=decimate factor=10: window floored to 3 rows
2026-07-03 19:51:36,439 [INFO] Loaded processed data ← C:\scada\data\processed\Ferrara_E6_features.parquet ((509, 12))
2026-07-03 19:51:36,532 [INFO] Invariant features: 49 windows × 49 features (channel-count-invariant)
2026-07-03 19:51:36,532 [INFO] Split: train=24, cal=5, test=20 (total=49)
2026-07-03 19:51:36,555 [INFO] Threshold [percentile]: 0.631089
2026-07-03 19:51:36,555 [INFO] [RMS-Trend (kσ)] FAT=2024-01-01 00:40:50 | lead=0.03h | delay=0.20h | FAR_preonset=0.0% | valid=True
2026-07-03 19:51:36,555 [INFO] Threshold [percentile]: 2.364592
2026-07-03 19:51:36,556 [INFO] [3σ Rule (σ=3.0)] FAT=2024-01-01 00:40:50 | lead=0.03h | delay=0.20h | FAR_preonset=0.0% | valid=True
2026-07-03 19:51:36,556 [INFO] Threshold [percentile]: 0.740235
2026-07-03 19:51:36,556 [INFO] [EWMA (λ=0.2, k=3.0)] FAT=2024-01-01 00:32:30 | lead=0.16h | delay=0.07h | FAR_preonset=0.0% | valid=True
2026-07-03 19:51:36,557 [INFO] Threshold [percentile]: 3.403450
2026-07-03 19:51:36,557 [INFO] [CUSUM (k=0.5, h=5.0)] FAT=2024-01-01 00:32:30 | lead=0.16h | delay=0.07h | FAR_preonset=0.0% | valid=True
2026-07-03 19:51:36,558 [INFO] Threshold [percentile]: 22.528760
2026-07-03 19:51:36,559 [INFO] [Hotelling T²] FAT=2024-01-01 00:28:20 | lead=0.23h | delay=n/a | FAR_preonset=20.0% | valid=False
2026-07-03 19:51:36,816 [INFO] IsolationForest fitted on X=(24, 49)
2026-07-03 19:51:36,854 [INFO] Threshold [percentile]: 0.187198
2026-07-03 19:51:36,855 [INFO] [Isolation Forest] FAT=None | lead=0.00h | delay=n/a | FAR_preonset=0.0% | valid=False
2026-07-03 19:51:36,858 [INFO] Training Deep SVDD on cpu for 40 epochs ...
2026-07-03 19:51:36,864 [INFO]   Epoch [10/40] loss: 8.284013
2026-07-03 19:51:36,868 [INFO]   Epoch [20/40] loss: 2.552809
2026-07-03 19:51:36,872 [INFO]   Epoch [30/40] loss: 2.495365
2026-07-03 19:51:36,876 [INFO]   Epoch [40/40] loss: 1.504130
2026-07-03 19:51:36,877 [INFO] Threshold [percentile]: 0.947659
2026-07-03 19:51:36,877 [INFO] [Deep SVDD] FAT=2024-01-01 00:40:50 | lead=0.03h | delay=0.20h | FAR_preonset=0.0% | valid=True
2026-07-03 19:51:36,878 [ERROR] Method LSTM-Autoencoder failed: LSTM-AE needs >= 30 windows; run has 24.
2026-07-03 19:51:36,878 [ERROR] Method TCN-Autoencoder failed: TCN needs >= 30 windows; run has 24.
2026-07-03 19:51:36,878 [ERROR] Method Transformer-AD failed: Transformer-AD needs >= 30 windows; run has 24.
2026-07-03 19:51:36,879 [INFO] [E6] mode=decimate factor=10 (~1 min) done
2026-07-03 19:51:36,879 [WARNING] [E6] mode=decimate factor=20: window floored to 3 rows
2026-07-03 19:51:36,890 [INFO] Loaded processed data ← C:\scada\data\processed\Ferrara_E6_features.parquet ((509, 12))
2026-07-03 19:51:36,937 [INFO] Invariant features: 24 windows × 49 features (channel-count-invariant)
2026-07-03 19:51:36,938 [INFO] Split: train=12, cal=2, test=10 (total=24)
2026-07-03 19:51:36,974 [INFO] Threshold [percentile]: 0.992140
2026-07-03 19:51:36,974 [INFO] [RMS-Trend (kσ)] FAT=2024-01-01 00:40:00 | lead=0.04h | delay=0.19h | FAR_preonset=0.0% | valid=True
2026-07-03 19:51:36,975 [INFO] Threshold [percentile]: 2.384883
2026-07-03 19:51:36,976 [INFO] [3σ Rule (σ=3.0)] FAT=None | lead=0.00h | delay=n/a | FAR_preonset=0.0% | valid=False
2026-07-03 19:51:36,977 [INFO] Threshold [percentile]: 0.518719
2026-07-03 19:51:36,977 [INFO] [EWMA (λ=0.2, k=3.0)] FAT=2024-01-01 00:31:40 | lead=0.18h | delay=0.05h | FAR_preonset=0.0% | valid=True
2026-07-03 19:51:36,978 [INFO] Threshold [percentile]: 2.115885
2026-07-03 19:51:36,978 [INFO] [CUSUM (k=0.5, h=5.0)] FAT=2024-01-01 00:31:40 | lead=0.18h | delay=0.05h | FAR_preonset=0.0% | valid=True
2026-07-03 19:51:36,980 [INFO] Threshold [percentile]: 10.998939
2026-07-03 19:51:36,981 [INFO] [Hotelling T²] FAT=2024-01-01 00:25:00 | lead=0.29h | delay=n/a | FAR_preonset=100.0% | valid=False
2026-07-03 19:51:37,189 [INFO] IsolationForest fitted on X=(12, 49)
2026-07-03 19:51:37,218 [INFO] Threshold [percentile]: 0.167750
2026-07-03 19:51:37,218 [INFO] [Isolation Forest] FAT=None | lead=0.00h | delay=n/a | FAR_preonset=0.0% | valid=False
2026-07-03 19:51:37,221 [INFO] Training Deep SVDD on cpu for 40 epochs ...
2026-07-03 19:51:37,227 [INFO]   Epoch [10/40] loss: 6.098780
2026-07-03 19:51:37,231 [INFO]   Epoch [20/40] loss: 3.002528
2026-07-03 19:51:37,235 [INFO]   Epoch [30/40] loss: 2.529888
2026-07-03 19:51:37,239 [INFO]   Epoch [40/40] loss: 2.198713
2026-07-03 19:51:37,240 [INFO] Threshold [percentile]: 0.990709
2026-07-03 19:51:37,240 [INFO] [Deep SVDD] FAT=2024-01-01 00:40:00 | lead=0.04h | delay=0.19h | FAR_preonset=0.0% | valid=True
2026-07-03 19:51:37,240 [ERROR] Method LSTM-Autoencoder failed: LSTM-AE needs >= 30 windows; run has 12.
2026-07-03 19:51:37,240 [ERROR] Method TCN-Autoencoder failed: TCN needs >= 30 windows; run has 12.
2026-07-03 19:51:37,240 [ERROR] Method Transformer-AD failed: Transformer-AD needs >= 30 windows; run has 12.
2026-07-03 19:51:37,241 [INFO] [E6] mode=decimate factor=20 (~2 min) done
2026-07-03 19:51:37,254 [INFO] Saved long-format results → C:\scada\results\tables\benchmark_Ferrara_long.csv (600 rows)

=== Lead-time bootstrap CI (resampling runs) — factor=1 baseline ===
              method      mode  lead_time_hours_mean  lead_time_hours_lo  lead_time_hours_hi  n_runs
     3σ Rule (σ=3.0) aggregate              0.312731            0.099306            0.718287       6
     3σ Rule (σ=3.0)  decimate              0.312731            0.099306            0.722228       6
CUSUM (k=0.5, h=5.0) aggregate              0.315046            0.092587            0.720370       6
CUSUM (k=0.5, h=5.0)  decimate              0.315046            0.095353            0.719213       6
           Deep SVDD aggregate              0.006944            0.000000            0.020833       6
           Deep SVDD  decimate              0.006944            0.000000            0.020833       6
 EWMA (λ=0.2, k=3.0) aggregate              0.319676            0.099306            0.727083       6
 EWMA (λ=0.2, k=3.0)  decimate              0.319676            0.099306            0.725000       6
        Hotelling T² aggregate              0.328935            0.101389            0.734491       6
        Hotelling T²  decimate              0.328935            0.099306            0.736574       6
    Isolation Forest aggregate              0.408102            0.066898            0.836111       6
    Isolation Forest  decimate              0.408102            0.066898            0.831997       6
    LSTM-Autoencoder aggregate              0.937731            0.418981            1.567413       6
    LSTM-Autoencoder  decimate              0.937731            0.418981            1.537269       6
      RMS-Trend (kσ) aggregate              0.059722            0.021065            0.100694       6
      RMS-Trend (kσ)  decimate              0.059722            0.020990            0.100694       6
     TCN-Autoencoder aggregate              0.945833            0.413565            1.570978       6
     TCN-Autoencoder  decimate              0.945833            0.413657            1.547917       6
      Transformer-AD aggregate              0.922685            0.414444            1.540509       6
      Transformer-AD  decimate              0.922685            0.402546            1.549213       6

=== Paired test: aggregate vs decimate (lead_time_hours) ===
dataset               method          metric     test  n_pairs  statistic  p_value  median_diff_agg_minus_dec  mean_diff_agg_minus_dec  rank_biserial
Ferrara      3σ Rule (σ=3.0) lead_time_hours wilcoxon       30      135.0 0.668187                   0.001389                -0.193426       0.200000
Ferrara CUSUM (k=0.5, h=5.0) lead_time_hours wilcoxon       30       59.0 0.009301                   0.020833                 0.042917       0.600000
Ferrara            Deep SVDD lead_time_hours wilcoxon       30       54.0 0.469113                   0.000000                -0.002963      -0.133333
Ferrara  EWMA (λ=0.2, k=3.0) lead_time_hours wilcoxon       30      137.0 0.710290                   0.011111                -0.164259       0.333333
Ferrara         Hotelling T² lead_time_hours wilcoxon       30      100.0 0.153023                   0.005556                -0.065139       0.400000
Ferrara     Isolation Forest lead_time_hours wilcoxon       30       59.5 0.029572                   0.000000                -0.256852      -0.066667
Ferrara     LSTM-Autoencoder lead_time_hours wilcoxon       20       52.5 1.000000                   0.000000                -0.296806       0.200000
Ferrara       RMS-Trend (kσ) lead_time_hours wilcoxon       30       96.0 0.736787                   0.000000                -0.008657       0.066667
Ferrara      TCN-Autoencoder lead_time_hours wilcoxon       20       50.5 0.899840                   0.000000                -0.207986       0.200000
Ferrara       Transformer-AD lead_time_hours wilcoxon       20       44.0 0.593254                   0.000000                -0.351528       0.100000
