dataset,run,seed,method,short_name,mode,factor,effective_interval_min,t_onset,t_fail,max_lead_hours,lead_time_hours,detection_delay_hours,far_preonset_pct,lead_norm,vlt_legacy_hours,far_legacy_pct,valid_alarm,n_test_windows,window_rows,persistence_windows,window_floored,control,onset_method
FEMTO,Bearing1_1,42,RMS-Trend (kσ),rms_trend,aggregate,1,0.17,2011-01-01 07:09:10,2011-01-01 07:47:00,0.63,0.06111111111111111,0.5694444444444444,0.0,0.09691629955947137,0.06111111111111111,0.0,True,224,10,3,False,False,terminal
FEMTO,Bearing1_1,42,3σ Rule (σ=3.0),three_sigma,aggregate,1,0.17,2011-01-01 07:09:10,2011-01-01 07:47:00,0.63,0.15833333333333333,0.4722222222222222,0.0,0.2511013215859031,0.15833333333333333,0.0,True,224,10,3,False,False,terminal
FEMTO,Bearing1_1,42,"EWMA (λ=0.2, k=3.0)",ewma,aggregate,1,0.17,2011-01-01 07:09:10,2011-01-01 07:47:00,0.63,0.15833333333333333,0.4722222222222222,0.0,0.2511013215859031,0.15833333333333333,0.0,True,224,10,3,False,False,terminal
FEMTO,Bearing1_1,42,"CUSUM (k=0.5, h=5.0)",cusum,aggregate,1,0.17,2011-01-01 07:09:10,2011-01-01 07:47:00,0.63,0.4222222222222222,0.20833333333333334,0.0,0.6696035242290749,0.4222222222222222,0.0,True,224,10,3,False,False,terminal
FEMTO,Bearing1_1,42,Hotelling T²,hotelling_t2,aggregate,1,0.17,2011-01-01 07:09:10,2011-01-01 07:47:00,0.63,0.575,0.05555555555555555,0.0,0.9118942731277533,0.575,0.0,True,224,10,3,False,False,terminal
FEMTO,Bearing1_1,42,Isolation Forest,isolation_forest,aggregate,1,0.17,2011-01-01 07:09:10,2011-01-01 07:47:00,0.63,0.17222222222222222,0.4583333333333333,0.0,0.27312775330396477,0.17222222222222222,0.0,True,224,10,3,False,False,terminal
FEMTO,Bearing1_1,42,Deep SVDD,deep_svdd,aggregate,1,0.17,2011-01-01 07:09:10,2011-01-01 07:47:00,0.63,0.0,,0.0,0.0,0.0,0.0,False,224,10,3,False,False,terminal
FEMTO,Bearing1_1,42,LSTM-Autoencoder,lstm_ae,aggregate,1,0.17,2011-01-01 07:09:10,2011-01-01 07:47:00,0.63,3.1166666666666667,,100.0,4.942731277533039,0.0,100.0,False,224,10,3,False,False,terminal
FEMTO,Bearing1_1,42,TCN-Autoencoder,tcn,aggregate,1,0.17,2011-01-01 07:09:10,2011-01-01 07:47:00,0.63,3.1166666666666667,,100.0,4.942731277533039,0.0,100.0,False,224,10,3,False,False,terminal
FEMTO,Bearing1_1,42,Transformer-AD,transformer_ad,aggregate,1,0.17,2011-01-01 07:09:10,2011-01-01 07:47:00,0.63,3.1166666666666667,,100.0,4.942731277533039,0.0,100.0,False,224,10,3,False,False,terminal
FEMTO,Bearing1_1,42,RMS-Trend (kσ),rms_trend,aggregate,2,0.33,2011-01-01 07:09:10,2011-01-01 07:47:00,0.63,0.07222222222222222,0.5583333333333333,0.0,0.11453744493392069,0.07222222222222222,0.0,True,280,5,4,False,False,terminal
FEMTO,Bearing1_1,42,3σ Rule (σ=3.0),three_sigma,aggregate,2,0.33,2011-01-01 07:09:10,2011-01-01 07:47:00,0.63,0.12777777777777777,0.5027777777777778,0.0,0.2026431718061674,0.12777777777777777,0.0,True,280,5,4,False,False,terminal
FEMTO,Bearing1_1,42,"EWMA (λ=0.2, k=3.0)",ewma,aggregate,2,0.33,2011-01-01 07:09:10,2011-01-01 07:47:00,0.63,0.37222222222222223,0.25833333333333336,0.0,0.5903083700440529,0.37222222222222223,0.0,True,280,5,4,False,False,terminal
FEMTO,Bearing1_1,42,"CUSUM (k=0.5, h=5.0)",cusum,aggregate,2,0.33,2011-01-01 07:09:10,2011-01-01 07:47:00,0.63,0.55,0.08055555555555556,0.0,0.8722466960352424,0.55,0.0,True,280,5,4,False,False,terminal
FEMTO,Bearing1_1,42,Hotelling T²,hotelling_t2,aggregate,2,0.33,2011-01-01 07:09:10,2011-01-01 07:47:00,0.63,1.3055555555555556,,23.214285714285715,2.0704845814977975,1.3055555555555556,0.0,False,280,5,4,False,False,terminal
FEMTO,Bearing1_1,42,Isolation Forest,isolation_forest,aggregate,2,0.33,2011-01-01 07:09:10,2011-01-01 07:47:00,0.63,0.5833333333333334,0.04722222222222222,0.0,0.9251101321585904,0.5833333333333334,0.0,True,280,5,4,False,False,terminal
FEMTO,Bearing1_1,42,Deep SVDD,deep_svdd,aggregate,2,0.33,2011-01-01 07:09:10,2011-01-01 07:47:00,0.63,0.0,,0.0,0.0,0.0,0.0,False,280,5,4,False,False,terminal
FEMTO,Bearing1_1,42,LSTM-Autoencoder,lstm_ae,aggregate,2,0.33,2011-01-01 07:09:10,2011-01-01 07:47:00,0.63,3.1166666666666667,,100.0,4.942731277533039,0.0,100.0,False,280,5,4,False,False,terminal
FEMTO,Bearing1_1,42,TCN-Autoencoder,tcn,aggregate,2,0.33,2011-01-01 07:09:10,2011-01-01 07:47:00,0.63,3.1166666666666667,,100.0,4.942731277533039,0.0,100.0,False,280,5,4,False,False,terminal
FEMTO,Bearing1_1,42,Transformer-AD,transformer_ad,aggregate,2,0.33,2011-01-01 07:09:10,2011-01-01 07:47:00,0.63,3.1166666666666667,,100.0,4.942731277533039,0.0,100.0,False,280,5,4,False,False,terminal
FEMTO,Bearing1_1,42,RMS-Trend (kσ),rms_trend,aggregate,5,0.83,2011-01-01 07:09:10,2011-01-01 07:47:00,0.63,0.15833333333333333,0.4722222222222222,0.0,0.2511013215859031,0.15833333333333333,0.0,True,224,3,2,True,False,terminal
FEMTO,Bearing1_1,42,3σ Rule (σ=3.0),three_sigma,aggregate,5,0.83,2011-01-01 07:09:10,2011-01-01 07:47:00,0.63,0.17222222222222222,0.4583333333333333,0.0,0.27312775330396477,0.17222222222222222,0.0,True,224,3,2,True,False,terminal
FEMTO,Bearing1_1,42,"EWMA (λ=0.2, k=3.0)",ewma,aggregate,5,0.83,2011-01-01 07:09:10,2011-01-01 07:47:00,0.63,0.15833333333333333,0.4722222222222222,0.0,0.2511013215859031,0.15833333333333333,0.0,True,224,3,2,True,False,terminal
FEMTO,Bearing1_1,42,"CUSUM (k=0.5, h=5.0)",cusum,aggregate,5,0.83,2011-01-01 07:09:10,2011-01-01 07:47:00,0.63,0.5472222222222223,0.08333333333333333,0.0,0.86784140969163,0.5472222222222223,0.0,True,224,3,2,True,False,terminal
FEMTO,Bearing1_1,42,Hotelling T²,hotelling_t2,aggregate,5,0.83,2011-01-01 07:09:10,2011-01-01 07:47:00,0.63,1.3111111111111111,,27.37430167597765,2.079295154185022,1.3111111111111111,0.0,False,224,3,2,True,False,terminal
FEMTO,Bearing1_1,42,Isolation Forest,isolation_forest,aggregate,5,0.83,2011-01-01 07:09:10,2011-01-01 07:47:00,0.63,1.2,,3.35195530726257,1.9030837004405285,1.2,0.0,True,224,3,2,True,False,terminal
FEMTO,Bearing1_1,42,Deep SVDD,deep_svdd,aggregate,5,0.83,2011-01-01 07:09:10,2011-01-01 07:47:00,0.63,0.0,,0.0,0.0,0.0,0.0,False,224,3,2,True,False,terminal
FEMTO,Bearing1_1,42,LSTM-Autoencoder,lstm_ae,aggregate,5,0.83,2011-01-01 07:09:10,2011-01-01 07:47:00,0.63,3.1166666666666667,,100.0,4.942731277533039,0.0,100.0,False,224,3,2,True,False,terminal
FEMTO,Bearing1_1,42,TCN-Autoencoder,tcn,aggregate,5,0.83,2011-01-01 07:09:10,2011-01-01 07:47:00,0.63,3.1166666666666667,,100.0,4.942731277533039,0.0,100.0,False,224,3,2,True,False,terminal
FEMTO,Bearing1_1,42,Transformer-AD,transformer_ad,aggregate,5,0.83,2011-01-01 07:09:10,2011-01-01 07:47:00,0.63,3.1166666666666667,,100.0,4.942731277533039,0.0,100.0,False,224,3,2,True,False,terminal
FEMTO,Bearing1_1,42,RMS-Trend (kσ),rms_trend,aggregate,10,1.67,2011-01-01 07:09:10,2011-01-01 07:47:00,0.63,0.14444444444444443,0.4861111111111111,0.0,0.22907488986784139,0.14444444444444443,0.0,True,112,3,1,True,False,terminal
FEMTO,Bearing1_1,42,3σ Rule (σ=3.0),three_sigma,aggregate,10,1.67,2011-01-01 07:09:10,2011-01-01 07:47:00,0.63,0.17222222222222222,0.4583333333333333,0.0,0.27312775330396477,0.17222222222222222,0.0,True,112,3,1,True,False,terminal
FEMTO,Bearing1_1,42,"EWMA (λ=0.2, k=3.0)",ewma,aggregate,10,1.67,2011-01-01 07:09:10,2011-01-01 07:47:00,0.63,0.17222222222222222,0.4583333333333333,0.0,0.27312775330396477,0.17222222222222222,0.0,True,112,3,1,True,False,terminal
FEMTO,Bearing1_1,42,"CUSUM (k=0.5, h=5.0)",cusum,aggregate,10,1.67,2011-01-01 07:09:10,2011-01-01 07:47:00,0.63,0.6166666666666667,0.013888888888888888,0.0,0.9779735682819384,0.6166666666666667,0.0,True,112,3,1,True,False,terminal
FEMTO,Bearing1_1,42,Hotelling T²,hotelling_t2,aggregate,10,1.67,2011-01-01 07:09:10,2011-01-01 07:47:00,0.63,2.1444444444444444,,54.44444444444444,3.4008810572687223,2.1444444444444444,0.0,False,112,3,1,True,False,terminal
FEMTO,Bearing1_1,42,Isolation Forest,isolation_forest,aggregate,10,1.67,2011-01-01 07:09:10,2011-01-01 07:47:00,0.63,0.5888888888888889,0.041666666666666664,0.0,0.933920704845815,0.5888888888888889,0.0,True,112,3,1,True,False,terminal
FEMTO,Bearing1_1,42,Deep SVDD,deep_svdd,aggregate,10,1.67,2011-01-01 07:09:10,2011-01-01 07:47:00,0.63,0.06111111111111111,0.5694444444444444,0.0,0.09691629955947137,0.06111111111111111,0.0,True,112,3,1,True,False,terminal
FEMTO,Bearing1_1,42,LSTM-Autoencoder,lstm_ae,aggregate,10,1.67,2011-01-01 07:09:10,2011-01-01 07:47:00,0.63,3.1166666666666667,,100.0,4.942731277533039,0.0,100.0,False,112,3,1,True,False,terminal
FEMTO,Bearing1_1,42,TCN-Autoencoder,tcn,aggregate,10,1.67,2011-01-01 07:09:10,2011-01-01 07:47:00,0.63,3.1166666666666667,,100.0,4.942731277533039,0.0,100.0,False,112,3,1,True,False,terminal
FEMTO,Bearing1_1,42,Transformer-AD,transformer_ad,aggregate,10,1.67,2011-01-01 07:09:10,2011-01-01 07:47:00,0.63,3.1166666666666667,,100.0,4.942731277533039,0.0,100.0,False,112,3,1,True,False,terminal
FEMTO,Bearing1_1,42,RMS-Trend (kσ),rms_trend,aggregate,20,3.33,2011-01-01 07:09:10,2011-01-01 07:47:00,0.63,0.11666666666666667,0.5138888888888888,0.0,0.18502202643171808,0.11666666666666667,0.0,True,56,3,1,True,False,terminal
FEMTO,Bearing1_1,42,3σ Rule (σ=3.0),three_sigma,aggregate,20,3.33,2011-01-01 07:09:10,2011-01-01 07:47:00,0.63,0.22777777777777777,0.4027777777777778,0.0,0.3612334801762115,0.22777777777777777,0.0,True,56,3,1,True,False,terminal
FEMTO,Bearing1_1,42,"EWMA (λ=0.2, k=3.0)",ewma,aggregate,20,3.33,2011-01-01 07:09:10,2011-01-01 07:47:00,0.63,0.6166666666666667,0.013888888888888888,0.0,0.9779735682819384,0.6166666666666667,0.0,True,56,3,1,True,False,terminal
FEMTO,Bearing1_1,42,"CUSUM (k=0.5, h=5.0)",cusum,aggregate,20,3.33,2011-01-01 07:09:10,2011-01-01 07:47:00,0.63,0.7277777777777777,,4.444444444444445,1.1541850220264318,0.7277777777777777,0.0,True,56,3,1,True,False,terminal
FEMTO,Bearing1_1,42,Hotelling T²,hotelling_t2,aggregate,20,3.33,2011-01-01 07:09:10,2011-01-01 07:47:00,0.63,2.727777777777778,,84.44444444444444,4.325991189427313,2.727777777777778,0.0,False,56,3,1,True,False,terminal
FEMTO,Bearing1_1,42,Isolation Forest,isolation_forest,aggregate,20,3.33,2011-01-01 07:09:10,2011-01-01 07:47:00,0.63,0.22777777777777777,0.4027777777777778,0.0,0.3612334801762115,0.22777777777777777,0.0,True,56,3,1,True,False,terminal
FEMTO,Bearing1_1,42,Deep SVDD,deep_svdd,aggregate,20,3.33,2011-01-01 07:09:10,2011-01-01 07:47:00,0.63,0.06111111111111111,0.5694444444444444,0.0,0.09691629955947137,0.06111111111111111,0.0,True,56,3,1,True,False,terminal
FEMTO,Bearing1_1,42,LSTM-Autoencoder,lstm_ae,aggregate,20,3.33,2011-01-01 07:09:10,2011-01-01 07:47:00,0.63,3.1166666666666667,,100.0,4.942731277533039,0.0,100.0,False,56,3,1,True,False,terminal
FEMTO,Bearing1_1,42,TCN-Autoencoder,tcn,aggregate,20,3.33,2011-01-01 07:09:10,2011-01-01 07:47:00,0.63,3.1166666666666667,,100.0,4.942731277533039,0.0,100.0,False,56,3,1,True,False,terminal
FEMTO,Bearing1_1,42,Transformer-AD,transformer_ad,aggregate,20,3.33,2011-01-01 07:09:10,2011-01-01 07:47:00,0.63,3.1166666666666667,,100.0,4.942731277533039,0.0,100.0,False,56,3,1,True,False,terminal
FEMTO,Bearing1_1,42,RMS-Trend (kσ),rms_trend,decimate,1,0.17,2011-01-01 07:09:10,2011-01-01 07:47:00,0.63,0.06111111111111111,0.5694444444444444,0.0,0.09691629955947137,0.06111111111111111,0.0,True,224,10,3,False,False,terminal
FEMTO,Bearing1_1,42,3σ Rule (σ=3.0),three_sigma,decimate,1,0.17,2011-01-01 07:09:10,2011-01-01 07:47:00,0.63,0.15833333333333333,0.4722222222222222,0.0,0.2511013215859031,0.15833333333333333,0.0,True,224,10,3,False,False,terminal
FEMTO,Bearing1_1,42,"EWMA (λ=0.2, k=3.0)",ewma,decimate,1,0.17,2011-01-01 07:09:10,2011-01-01 07:47:00,0.63,0.15833333333333333,0.4722222222222222,0.0,0.2511013215859031,0.15833333333333333,0.0,True,224,10,3,False,False,terminal
FEMTO,Bearing1_1,42,"CUSUM (k=0.5, h=5.0)",cusum,decimate,1,0.17,2011-01-01 07:09:10,2011-01-01 07:47:00,0.63,0.4222222222222222,0.20833333333333334,0.0,0.6696035242290749,0.4222222222222222,0.0,True,224,10,3,False,False,terminal
FEMTO,Bearing1_1,42,Hotelling T²,hotelling_t2,decimate,1,0.17,2011-01-01 07:09:10,2011-01-01 07:47:00,0.63,0.575,0.05555555555555555,0.0,0.9118942731277533,0.575,0.0,True,224,10,3,False,False,terminal
FEMTO,Bearing1_1,42,Isolation Forest,isolation_forest,decimate,1,0.17,2011-01-01 07:09:10,2011-01-01 07:47:00,0.63,0.17222222222222222,0.4583333333333333,0.0,0.27312775330396477,0.17222222222222222,0.0,True,224,10,3,False,False,terminal
FEMTO,Bearing1_1,42,Deep SVDD,deep_svdd,decimate,1,0.17,2011-01-01 07:09:10,2011-01-01 07:47:00,0.63,0.0,,0.0,0.0,0.0,0.0,False,224,10,3,False,False,terminal
FEMTO,Bearing1_1,42,LSTM-Autoencoder,lstm_ae,decimate,1,0.17,2011-01-01 07:09:10,2011-01-01 07:47:00,0.63,3.1166666666666667,,100.0,4.942731277533039,0.0,100.0,False,224,10,3,False,False,terminal
FEMTO,Bearing1_1,42,TCN-Autoencoder,tcn,decimate,1,0.17,2011-01-01 07:09:10,2011-01-01 07:47:00,0.63,3.1166666666666667,,100.0,4.942731277533039,0.0,100.0,False,224,10,3,False,False,terminal
FEMTO,Bearing1_1,42,Transformer-AD,transformer_ad,decimate,1,0.17,2011-01-01 07:09:10,2011-01-01 07:47:00,0.63,3.1166666666666667,,100.0,4.942731277533039,0.0,100.0,False,224,10,3,False,False,terminal
FEMTO,Bearing1_1,42,RMS-Trend (kσ),rms_trend,decimate,2,0.33,2011-01-01 07:09:10,2011-01-01 07:47:00,0.63,0.10555555555555556,0.525,0.0,0.16740088105726872,0.10555555555555556,0.0,True,280,5,4,False,False,terminal
FEMTO,Bearing1_1,42,3σ Rule (σ=3.0),three_sigma,decimate,2,0.33,2011-01-01 07:09:10,2011-01-01 07:47:00,0.63,0.5833333333333334,0.04722222222222222,0.0,0.9251101321585904,0.5833333333333334,0.0,True,280,5,4,False,False,terminal
FEMTO,Bearing1_1,42,"EWMA (λ=0.2, k=3.0)",ewma,decimate,2,0.33,2011-01-01 07:09:10,2011-01-01 07:47:00,0.63,0.16111111111111112,0.46944444444444444,0.0,0.25550660792951546,0.16111111111111112,0.0,True,280,5,4,False,False,terminal
FEMTO,Bearing1_1,42,"CUSUM (k=0.5, h=5.0)",cusum,decimate,2,0.33,2011-01-01 07:09:10,2011-01-01 07:47:00,0.63,0.6166666666666667,0.013888888888888888,0.0,0.9779735682819384,0.6166666666666667,0.0,True,280,5,4,False,False,terminal
FEMTO,Bearing1_1,42,Hotelling T²,hotelling_t2,decimate,2,0.33,2011-01-01 07:09:10,2011-01-01 07:47:00,0.63,2.1055555555555556,,45.089285714285715,3.33920704845815,2.1055555555555556,0.0,False,280,5,4,False,False,terminal
FEMTO,Bearing1_1,42,Isolation Forest,isolation_forest,decimate,2,0.33,2011-01-01 07:09:10,2011-01-01 07:47:00,0.63,1.8388888888888888,,27.232142857142854,2.9162995594713657,1.8388888888888888,0.0,False,280,5,4,False,False,terminal
FEMTO,Bearing1_1,42,Deep SVDD,deep_svdd,decimate,2,0.33,2011-01-01 07:09:10,2011-01-01 07:47:00,0.63,0.05,0.5805555555555556,0.0,0.07929515418502203,0.05,0.0,True,280,5,4,False,False,terminal
FEMTO,Bearing1_1,42,LSTM-Autoencoder,lstm_ae,decimate,2,0.33,2011-01-01 07:09:10,2011-01-01 07:47:00,0.63,3.1166666666666667,,100.0,4.942731277533039,0.0,100.0,False,280,5,4,False,False,terminal
FEMTO,Bearing1_1,42,TCN-Autoencoder,tcn,decimate,2,0.33,2011-01-01 07:09:10,2011-01-01 07:47:00,0.63,3.1166666666666667,,100.0,4.942731277533039,0.0,100.0,False,280,5,4,False,False,terminal
FEMTO,Bearing1_1,42,Transformer-AD,transformer_ad,decimate,2,0.33,2011-01-01 07:09:10,2011-01-01 07:47:00,0.63,3.1166666666666667,,100.0,4.942731277533039,0.0,100.0,False,280,5,4,False,False,terminal
FEMTO,Bearing1_1,42,RMS-Trend (kσ),rms_trend,decimate,5,0.83,2011-01-01 07:09:10,2011-01-01 07:47:00,0.63,2.5194444444444444,,44.134078212290504,3.995594713656388,2.5194444444444444,0.0,False,224,3,2,True,False,terminal
FEMTO,Bearing1_1,42,3σ Rule (σ=3.0),three_sigma,decimate,5,0.83,2011-01-01 07:09:10,2011-01-01 07:47:00,0.63,2.5194444444444444,,39.10614525139665,3.995594713656388,2.5194444444444444,0.0,False,224,3,2,True,False,terminal
FEMTO,Bearing1_1,42,"EWMA (λ=0.2, k=3.0)",ewma,decimate,5,0.83,2011-01-01 07:09:10,2011-01-01 07:47:00,0.63,0.15833333333333333,0.4722222222222222,0.0,0.2511013215859031,0.15833333333333333,0.0,True,224,3,2,True,False,terminal
FEMTO,Bearing1_1,42,"CUSUM (k=0.5, h=5.0)",cusum,decimate,5,0.83,2011-01-01 07:09:10,2011-01-01 07:47:00,0.63,0.15833333333333333,0.4722222222222222,0.0,0.2511013215859031,0.15833333333333333,0.0,True,224,3,2,True,False,terminal
FEMTO,Bearing1_1,42,Hotelling T²,hotelling_t2,decimate,5,0.83,2011-01-01 07:09:10,2011-01-01 07:47:00,0.63,2.811111111111111,,77.09497206703911,4.458149779735683,2.811111111111111,0.0,False,224,3,2,True,False,terminal
FEMTO,Bearing1_1,42,Isolation Forest,isolation_forest,decimate,5,0.83,2011-01-01 07:09:10,2011-01-01 07:47:00,0.63,2.8666666666666667,,81.00558659217877,4.546255506607929,2.8666666666666667,0.0,False,224,3,2,True,False,terminal
FEMTO,Bearing1_1,42,Deep SVDD,deep_svdd,decimate,5,0.83,2011-01-01 07:09:10,2011-01-01 07:47:00,0.63,0.06111111111111111,0.5694444444444444,0.0,0.09691629955947137,0.06111111111111111,0.0,True,224,3,2,True,False,terminal
FEMTO,Bearing1_1,42,LSTM-Autoencoder,lstm_ae,decimate,5,0.83,2011-01-01 07:09:10,2011-01-01 07:47:00,0.63,3.1166666666666667,,100.0,4.942731277533039,0.0,100.0,False,224,3,2,True,False,terminal
FEMTO,Bearing1_1,42,TCN-Autoencoder,tcn,decimate,5,0.83,2011-01-01 07:09:10,2011-01-01 07:47:00,0.63,3.1166666666666667,,100.0,4.942731277533039,0.0,100.0,False,224,3,2,True,False,terminal
FEMTO,Bearing1_1,42,Transformer-AD,transformer_ad,decimate,5,0.83,2011-01-01 07:09:10,2011-01-01 07:47:00,0.63,3.1166666666666667,,100.0,4.942731277533039,0.0,100.0,False,224,3,2,True,False,terminal
FEMTO,Bearing1_1,42,RMS-Trend (kσ),rms_trend,decimate,10,1.67,2011-01-01 07:09:10,2011-01-01 07:47:00,0.63,0.8111111111111111,,4.444444444444445,1.2863436123348018,0.8111111111111111,0.0,True,112,3,1,True,False,terminal
FEMTO,Bearing1_1,42,3σ Rule (σ=3.0),three_sigma,decimate,10,1.67,2011-01-01 07:09:10,2011-01-01 07:47:00,0.63,1.3111111111111111,,23.333333333333332,2.079295154185022,1.3111111111111111,0.0,False,112,3,1,True,False,terminal
FEMTO,Bearing1_1,42,"EWMA (λ=0.2, k=3.0)",ewma,decimate,10,1.67,2011-01-01 07:09:10,2011-01-01 07:47:00,0.63,0.17222222222222222,0.4583333333333333,0.0,0.27312775330396477,0.17222222222222222,0.0,True,112,3,1,True,False,terminal
FEMTO,Bearing1_1,42,"CUSUM (k=0.5, h=5.0)",cusum,decimate,10,1.67,2011-01-01 07:09:10,2011-01-01 07:47:00,0.63,0.25555555555555554,0.375,0.0,0.4052863436123348,0.25555555555555554,0.0,True,112,3,1,True,False,terminal
FEMTO,Bearing1_1,42,Hotelling T²,hotelling_t2,decimate,10,1.67,2011-01-01 07:09:10,2011-01-01 07:47:00,0.63,3.1166666666666667,,88.88888888888889,4.942731277533039,0.0,33.33333333333333,False,112,3,1,True,False,terminal
FEMTO,Bearing1_1,42,Isolation Forest,isolation_forest,decimate,10,1.67,2011-01-01 07:09:10,2011-01-01 07:47:00,0.63,2.533333333333333,,58.88888888888889,4.0176211453744495,2.533333333333333,0.0,False,112,3,1,True,False,terminal
FEMTO,Bearing1_1,42,Deep SVDD,deep_svdd,decimate,10,1.67,2011-01-01 07:09:10,2011-01-01 07:47:00,0.63,0.03333333333333333,0.5972222222222222,0.0,0.05286343612334802,0.03333333333333333,0.0,True,112,3,1,True,False,terminal
FEMTO,Bearing1_1,42,LSTM-Autoencoder,lstm_ae,decimate,10,1.67,2011-01-01 07:09:10,2011-01-01 07:47:00,0.63,3.1166666666666667,,100.0,4.942731277533039,0.0,100.0,False,112,3,1,True,False,terminal
FEMTO,Bearing1_1,42,TCN-Autoencoder,tcn,decimate,10,1.67,2011-01-01 07:09:10,2011-01-01 07:47:00,0.63,3.1166666666666667,,100.0,4.942731277533039,0.0,100.0,False,112,3,1,True,False,terminal
FEMTO,Bearing1_1,42,Transformer-AD,transformer_ad,decimate,10,1.67,2011-01-01 07:09:10,2011-01-01 07:47:00,0.63,3.1166666666666667,,100.0,4.942731277533039,0.0,100.0,False,112,3,1,True,False,terminal
FEMTO,Bearing1_1,42,RMS-Trend (kσ),rms_trend,decimate,20,3.33,2011-01-01 07:09:10,2011-01-01 07:47:00,0.63,0.11666666666666667,0.5138888888888888,0.0,0.18502202643171808,0.11666666666666667,0.0,True,56,3,1,True,False,terminal
FEMTO,Bearing1_1,42,3σ Rule (σ=3.0),three_sigma,decimate,20,3.33,2011-01-01 07:09:10,2011-01-01 07:47:00,0.63,0.11666666666666667,0.5138888888888888,0.0,0.18502202643171808,0.11666666666666667,0.0,True,56,3,1,True,False,terminal
FEMTO,Bearing1_1,42,"EWMA (λ=0.2, k=3.0)",ewma,decimate,20,3.33,2011-01-01 07:09:10,2011-01-01 07:47:00,0.63,0.11666666666666667,0.5138888888888888,0.0,0.18502202643171808,0.11666666666666667,0.0,True,56,3,1,True,False,terminal
FEMTO,Bearing1_1,42,"CUSUM (k=0.5, h=5.0)",cusum,decimate,20,3.33,2011-01-01 07:09:10,2011-01-01 07:47:00,0.63,0.06111111111111111,0.5694444444444444,0.0,0.09691629955947137,0.06111111111111111,0.0,True,56,3,1,True,False,terminal
FEMTO,Bearing1_1,42,Hotelling T²,hotelling_t2,decimate,20,3.33,2011-01-01 07:09:10,2011-01-01 07:47:00,0.63,3.1166666666666667,,91.11111111111111,4.942731277533039,0.0,33.33333333333333,False,56,3,1,True,False,terminal
FEMTO,Bearing1_1,42,Isolation Forest,isolation_forest,decimate,20,3.33,2011-01-01 07:09:10,2011-01-01 07:47:00,0.63,0.0,,0.0,0.0,0.0,0.0,False,56,3,1,True,False,terminal
FEMTO,Bearing1_1,42,Deep SVDD,deep_svdd,decimate,20,3.33,2011-01-01 07:09:10,2011-01-01 07:47:00,0.63,0.06111111111111111,0.5694444444444444,0.0,0.09691629955947137,0.06111111111111111,0.0,True,56,3,1,True,False,terminal
FEMTO,Bearing1_1,42,LSTM-Autoencoder,lstm_ae,decimate,20,3.33,2011-01-01 07:09:10,2011-01-01 07:47:00,0.63,3.1166666666666667,,100.0,4.942731277533039,0.0,100.0,False,56,3,1,True,False,terminal
FEMTO,Bearing1_1,42,TCN-Autoencoder,tcn,decimate,20,3.33,2011-01-01 07:09:10,2011-01-01 07:47:00,0.63,3.1166666666666667,,100.0,4.942731277533039,0.0,100.0,False,56,3,1,True,False,terminal
FEMTO,Bearing1_1,42,Transformer-AD,transformer_ad,decimate,20,3.33,2011-01-01 07:09:10,2011-01-01 07:47:00,0.63,3.1166666666666667,,100.0,4.942731277533039,0.0,100.0,False,56,3,1,True,False,terminal
FEMTO,Bearing1_2,42,RMS-Trend (kσ),rms_trend,aggregate,1,0.17,2011-01-01 02:18:00,2011-01-01 02:25:00,0.12,0.0,,0.0,0.0,0.0,0.0,False,70,10,3,False,False,terminal
FEMTO,Bearing1_2,42,3σ Rule (σ=3.0),three_sigma,aggregate,1,0.17,2011-01-01 02:18:00,2011-01-01 02:25:00,0.12,0.125,,1.6129032258064515,1.0714285714285714,0.125,0.0,True,70,10,3,False,False,terminal
FEMTO,Bearing1_2,42,"EWMA (λ=0.2, k=3.0)",ewma,aggregate,1,0.17,2011-01-01 02:18:00,2011-01-01 02:25:00,0.12,0.125,,1.6129032258064515,1.0714285714285714,0.125,0.0,True,70,10,3,False,False,terminal
FEMTO,Bearing1_2,42,"CUSUM (k=0.5, h=5.0)",cusum,aggregate,1,0.17,2011-01-01 02:18:00,2011-01-01 02:25:00,0.12,0.125,,1.6129032258064515,1.0714285714285714,0.125,0.0,True,70,10,3,False,False,terminal
FEMTO,Bearing1_2,42,Hotelling T²,hotelling_t2,aggregate,1,0.17,2011-01-01 02:18:00,2011-01-01 02:25:00,0.12,0.125,,1.6129032258064515,1.0714285714285714,0.125,0.0,True,70,10,3,False,False,terminal
FEMTO,Bearing1_2,42,Isolation Forest,isolation_forest,aggregate,1,0.17,2011-01-01 02:18:00,2011-01-01 02:25:00,0.12,0.125,,1.6129032258064515,1.0714285714285714,0.125,0.0,True,70,10,3,False,False,terminal
FEMTO,Bearing1_2,42,Deep SVDD,deep_svdd,aggregate,1,0.17,2011-01-01 02:18:00,2011-01-01 02:25:00,0.12,0.0,,0.0,0.0,0.0,0.0,False,70,10,3,False,False,terminal
FEMTO,Bearing1_2,42,LSTM-Autoencoder,lstm_ae,aggregate,1,0.17,2011-01-01 02:18:00,2011-01-01 02:25:00,0.12,0.1388888888888889,,3.225806451612903,1.1904761904761905,0.1388888888888889,0.0,True,70,10,3,False,False,terminal
FEMTO,Bearing1_2,42,TCN-Autoencoder,tcn,aggregate,1,0.17,2011-01-01 02:18:00,2011-01-01 02:25:00,0.12,0.5694444444444444,,11.29032258064516,4.8809523809523805,0.5694444444444444,0.0,False,70,10,3,False,False,terminal
FEMTO,Bearing1_2,42,Transformer-AD,transformer_ad,aggregate,1,0.17,2011-01-01 02:18:00,2011-01-01 02:25:00,0.12,0.18055555555555555,,8.064516129032258,1.5476190476190477,0.18055555555555555,0.0,True,70,10,3,False,False,terminal
FEMTO,Bearing1_2,42,RMS-Trend (kσ),rms_trend,aggregate,2,0.33,2011-01-01 02:18:00,2011-01-01 02:25:00,0.12,0.0,,0.0,0.0,0.0,0.0,False,87,5,4,False,False,terminal
FEMTO,Bearing1_2,42,3σ Rule (σ=3.0),three_sigma,aggregate,2,0.33,2011-01-01 02:18:00,2011-01-01 02:25:00,0.12,0.12777777777777777,,1.2987012987012987,1.0952380952380951,0.12777777777777777,0.0,True,87,5,4,False,False,terminal
FEMTO,Bearing1_2,42,"EWMA (λ=0.2, k=3.0)",ewma,aggregate,2,0.33,2011-01-01 02:18:00,2011-01-01 02:25:00,0.12,0.11666666666666667,0.0,0.0,1.0,0.11666666666666667,0.0,True,87,5,4,False,False,terminal
FEMTO,Bearing1_2,42,"CUSUM (k=0.5, h=5.0)",cusum,aggregate,2,0.33,2011-01-01 02:18:00,2011-01-01 02:25:00,0.12,0.8388888888888889,,6.493506493506493,7.190476190476191,0.8388888888888889,0.0,True,87,5,4,False,False,terminal
FEMTO,Bearing1_2,42,Hotelling T²,hotelling_t2,aggregate,2,0.33,2011-01-01 02:18:00,2011-01-01 02:25:00,0.12,0.9166666666666666,,6.493506493506493,7.857142857142857,0.9166666666666666,0.0,True,87,5,4,False,False,terminal
FEMTO,Bearing1_2,42,Isolation Forest,isolation_forest,aggregate,2,0.33,2011-01-01 02:18:00,2011-01-01 02:25:00,0.12,0.0,,0.0,0.0,0.0,0.0,False,87,5,4,False,False,terminal
FEMTO,Bearing1_2,42,Deep SVDD,deep_svdd,aggregate,2,0.33,2011-01-01 02:18:00,2011-01-01 02:25:00,0.12,0.0,,0.0,0.0,0.0,0.0,False,87,5,4,False,False,terminal
FEMTO,Bearing1_2,42,LSTM-Autoencoder,lstm_ae,aggregate,2,0.33,2011-01-01 02:18:00,2011-01-01 02:25:00,0.12,0.65,,9.090909090909092,5.571428571428571,0.65,0.0,True,87,5,4,False,False,terminal
FEMTO,Bearing1_2,42,TCN-Autoencoder,tcn,aggregate,2,0.33,2011-01-01 02:18:00,2011-01-01 02:25:00,0.12,0.65,,11.688311688311687,5.571428571428571,0.65,0.0,False,87,5,4,False,False,terminal
FEMTO,Bearing1_2,42,Transformer-AD,transformer_ad,aggregate,2,0.33,2011-01-01 02:18:00,2011-01-01 02:25:00,0.12,0.11666666666666667,0.0,0.0,1.0,0.11666666666666667,0.0,True,87,5,4,False,False,terminal
FEMTO,Bearing1_2,42,RMS-Trend (kσ),rms_trend,aggregate,5,0.83,2011-01-01 02:18:00,2011-01-01 02:25:00,0.12,0.0,,0.0,0.0,0.0,0.0,False,70,3,2,True,False,terminal
FEMTO,Bearing1_2,42,3σ Rule (σ=3.0),three_sigma,aggregate,5,0.83,2011-01-01 02:18:00,2011-01-01 02:25:00,0.12,0.1388888888888889,,3.225806451612903,1.1904761904761905,0.1388888888888889,0.0,True,70,3,2,True,False,terminal
FEMTO,Bearing1_2,42,"EWMA (λ=0.2, k=3.0)",ewma,aggregate,5,0.83,2011-01-01 02:18:00,2011-01-01 02:25:00,0.12,0.9583333333333334,,20.967741935483872,8.214285714285715,0.0,75.0,False,70,3,2,True,False,terminal
FEMTO,Bearing1_2,42,"CUSUM (k=0.5, h=5.0)",cusum,aggregate,5,0.83,2011-01-01 02:18:00,2011-01-01 02:25:00,0.12,0.9444444444444444,,29.03225806451613,8.095238095238095,0.0,50.0,False,70,3,2,True,False,terminal
FEMTO,Bearing1_2,42,Hotelling T²,hotelling_t2,aggregate,5,0.83,2011-01-01 02:18:00,2011-01-01 02:25:00,0.12,0.9722222222222222,,11.29032258064516,8.333333333333334,0.0,50.0,False,70,3,2,True,False,terminal
FEMTO,Bearing1_2,42,Isolation Forest,isolation_forest,aggregate,5,0.83,2011-01-01 02:18:00,2011-01-01 02:25:00,0.12,0.1388888888888889,,3.225806451612903,1.1904761904761905,0.1388888888888889,0.0,True,70,3,2,True,False,terminal
FEMTO,Bearing1_2,42,Deep SVDD,deep_svdd,aggregate,5,0.83,2011-01-01 02:18:00,2011-01-01 02:25:00,0.12,0.0,,0.0,0.0,0.0,0.0,False,70,3,2,True,False,terminal
FEMTO,Bearing1_2,42,LSTM-Autoencoder,lstm_ae,aggregate,5,0.83,2011-01-01 02:18:00,2011-01-01 02:25:00,0.12,0.5694444444444444,,9.67741935483871,4.8809523809523805,0.5694444444444444,0.0,True,70,3,2,True,False,terminal
FEMTO,Bearing1_2,42,TCN-Autoencoder,tcn,aggregate,5,0.83,2011-01-01 02:18:00,2011-01-01 02:25:00,0.12,0.5694444444444444,,22.58064516129032,4.8809523809523805,0.5694444444444444,0.0,False,70,3,2,True,False,terminal
FEMTO,Bearing1_2,42,Transformer-AD,transformer_ad,aggregate,5,0.83,2011-01-01 02:18:00,2011-01-01 02:25:00,0.12,0.1527777777777778,,4.838709677419355,1.3095238095238095,0.1527777777777778,0.0,True,70,3,2,True,False,terminal
FEMTO,Bearing1_2,42,RMS-Trend (kσ),rms_trend,aggregate,10,1.67,2011-01-01 02:18:00,2011-01-01 02:25:00,0.12,0.027777777777777776,0.08888888888888889,0.0,0.23809523809523808,0.027777777777777776,0.0,True,35,3,1,True,False,terminal
FEMTO,Bearing1_2,42,3σ Rule (σ=3.0),three_sigma,aggregate,10,1.67,2011-01-01 02:18:00,2011-01-01 02:25:00,0.12,0.25,,6.451612903225806,2.142857142857143,0.25,0.0,True,35,3,1,True,False,terminal
FEMTO,Bearing1_2,42,"EWMA (λ=0.2, k=3.0)",ewma,aggregate,10,1.67,2011-01-01 02:18:00,2011-01-01 02:25:00,0.12,0.9722222222222222,,38.70967741935484,8.333333333333334,0.0,100.0,False,35,3,1,True,False,terminal
FEMTO,Bearing1_2,42,"CUSUM (k=0.5, h=5.0)",cusum,aggregate,10,1.67,2011-01-01 02:18:00,2011-01-01 02:25:00,0.12,0.9444444444444444,,96.7741935483871,8.095238095238095,0.0,50.0,False,35,3,1,True,False,terminal
FEMTO,Bearing1_2,42,Hotelling T²,hotelling_t2,aggregate,10,1.67,2011-01-01 02:18:00,2011-01-01 02:25:00,0.12,0.9722222222222222,,19.35483870967742,8.333333333333334,0.0,100.0,False,35,3,1,True,False,terminal
FEMTO,Bearing1_2,42,Isolation Forest,isolation_forest,aggregate,10,1.67,2011-01-01 02:18:00,2011-01-01 02:25:00,0.12,0.9722222222222222,,9.67741935483871,8.333333333333334,0.0,50.0,True,35,3,1,True,False,terminal
FEMTO,Bearing1_2,42,Deep SVDD,deep_svdd,aggregate,10,1.67,2011-01-01 02:18:00,2011-01-01 02:25:00,0.12,0.027777777777777776,0.08888888888888889,0.0,0.23809523809523808,0.027777777777777776,0.0,True,35,3,1,True,False,terminal
FEMTO,Bearing1_2,42,LSTM-Autoencoder,lstm_ae,aggregate,10,1.67,2011-01-01 02:18:00,2011-01-01 02:25:00,0.12,0.9722222222222222,,100.0,8.333333333333334,0.0,100.0,False,35,3,1,True,False,terminal
FEMTO,Bearing1_2,42,TCN-Autoencoder,tcn,aggregate,10,1.67,2011-01-01 02:18:00,2011-01-01 02:25:00,0.12,0.9722222222222222,,100.0,8.333333333333334,0.0,100.0,False,35,3,1,True,False,terminal
FEMTO,Bearing1_2,42,Transformer-AD,transformer_ad,aggregate,10,1.67,2011-01-01 02:18:00,2011-01-01 02:25:00,0.12,0.9722222222222222,,100.0,8.333333333333334,0.0,100.0,False,35,3,1,True,False,terminal
FEMTO,Bearing1_2,42,RMS-Trend (kσ),rms_trend,aggregate,20,3.33,2011-01-01 02:18:00,2011-01-01 02:25:00,0.12,0.08333333333333333,0.03333333333333333,0.0,0.7142857142857142,0.08333333333333333,0.0,True,17,3,1,True,False,terminal
FEMTO,Bearing1_2,42,3σ Rule (σ=3.0),three_sigma,aggregate,20,3.33,2011-01-01 02:18:00,2011-01-01 02:25:00,0.12,0.3055555555555556,,25.0,2.619047619047619,0.3055555555555556,0.0,False,17,3,1,True,False,terminal
FEMTO,Bearing1_2,42,"EWMA (λ=0.2, k=3.0)",ewma,aggregate,20,3.33,2011-01-01 02:18:00,2011-01-01 02:25:00,0.12,0.8611111111111112,,56.25,7.380952380952381,0.8611111111111112,0.0,False,17,3,1,True,False,terminal
FEMTO,Bearing1_2,42,"CUSUM (k=0.5, h=5.0)",cusum,aggregate,20,3.33,2011-01-01 02:18:00,2011-01-01 02:25:00,0.12,0.8611111111111112,,87.5,7.380952380952381,0.8611111111111112,0.0,False,17,3,1,True,False,terminal
FEMTO,Bearing1_2,42,Hotelling T²,hotelling_t2,aggregate,20,3.33,2011-01-01 02:18:00,2011-01-01 02:25:00,0.12,0.9722222222222222,,87.5,8.333333333333334,0.0,100.0,False,17,3,1,True,False,terminal
FEMTO,Bearing1_2,42,Isolation Forest,isolation_forest,aggregate,20,3.33,2011-01-01 02:18:00,2011-01-01 02:25:00,0.12,0.1388888888888889,,6.25,1.1904761904761905,0.1388888888888889,0.0,True,17,3,1,True,False,terminal
FEMTO,Bearing1_2,42,Deep SVDD,deep_svdd,aggregate,20,3.33,2011-01-01 02:18:00,2011-01-01 02:25:00,0.12,0.08333333333333333,0.03333333333333333,0.0,0.7142857142857142,0.08333333333333333,0.0,True,17,3,1,True,False,terminal
FEMTO,Bearing1_2,42,LSTM-Autoencoder,lstm_ae,aggregate,20,3.33,2011-01-01 02:18:00,2011-01-01 02:25:00,0.12,,,,,,,False,17,3,1,True,False,terminal
FEMTO,Bearing1_2,42,TCN-Autoencoder,tcn,aggregate,20,3.33,2011-01-01 02:18:00,2011-01-01 02:25:00,0.12,,,,,,,False,17,3,1,True,False,terminal
FEMTO,Bearing1_2,42,Transformer-AD,transformer_ad,aggregate,20,3.33,2011-01-01 02:18:00,2011-01-01 02:25:00,0.12,,,,,,,False,17,3,1,True,False,terminal
FEMTO,Bearing1_2,42,RMS-Trend (kσ),rms_trend,decimate,1,0.17,2011-01-01 02:18:00,2011-01-01 02:25:00,0.12,0.0,,0.0,0.0,0.0,0.0,False,70,10,3,False,False,terminal
FEMTO,Bearing1_2,42,3σ Rule (σ=3.0),three_sigma,decimate,1,0.17,2011-01-01 02:18:00,2011-01-01 02:25:00,0.12,0.125,,1.6129032258064515,1.0714285714285714,0.125,0.0,True,70,10,3,False,False,terminal
FEMTO,Bearing1_2,42,"EWMA (λ=0.2, k=3.0)",ewma,decimate,1,0.17,2011-01-01 02:18:00,2011-01-01 02:25:00,0.12,0.125,,1.6129032258064515,1.0714285714285714,0.125,0.0,True,70,10,3,False,False,terminal
FEMTO,Bearing1_2,42,"CUSUM (k=0.5, h=5.0)",cusum,decimate,1,0.17,2011-01-01 02:18:00,2011-01-01 02:25:00,0.12,0.125,,1.6129032258064515,1.0714285714285714,0.125,0.0,True,70,10,3,False,False,terminal
FEMTO,Bearing1_2,42,Hotelling T²,hotelling_t2,decimate,1,0.17,2011-01-01 02:18:00,2011-01-01 02:25:00,0.12,0.125,,1.6129032258064515,1.0714285714285714,0.125,0.0,True,70,10,3,False,False,terminal
FEMTO,Bearing1_2,42,Isolation Forest,isolation_forest,decimate,1,0.17,2011-01-01 02:18:00,2011-01-01 02:25:00,0.12,0.125,,1.6129032258064515,1.0714285714285714,0.125,0.0,True,70,10,3,False,False,terminal
FEMTO,Bearing1_2,42,Deep SVDD,deep_svdd,decimate,1,0.17,2011-01-01 02:18:00,2011-01-01 02:25:00,0.12,0.0,,0.0,0.0,0.0,0.0,False,70,10,3,False,False,terminal
FEMTO,Bearing1_2,42,LSTM-Autoencoder,lstm_ae,decimate,1,0.17,2011-01-01 02:18:00,2011-01-01 02:25:00,0.12,0.1388888888888889,,3.225806451612903,1.1904761904761905,0.1388888888888889,0.0,True,70,10,3,False,False,terminal
FEMTO,Bearing1_2,42,TCN-Autoencoder,tcn,decimate,1,0.17,2011-01-01 02:18:00,2011-01-01 02:25:00,0.12,0.5694444444444444,,11.29032258064516,4.8809523809523805,0.5694444444444444,0.0,False,70,10,3,False,False,terminal
FEMTO,Bearing1_2,42,Transformer-AD,transformer_ad,decimate,1,0.17,2011-01-01 02:18:00,2011-01-01 02:25:00,0.12,0.18055555555555555,,8.064516129032258,1.5476190476190477,0.18055555555555555,0.0,True,70,10,3,False,False,terminal
FEMTO,Bearing1_2,42,RMS-Trend (kσ),rms_trend,decimate,2,0.33,2011-01-01 02:18:00,2011-01-01 02:25:00,0.12,0.0,,0.0,0.0,0.0,0.0,False,87,5,4,False,False,terminal
FEMTO,Bearing1_2,42,3σ Rule (σ=3.0),three_sigma,decimate,2,0.33,2011-01-01 02:18:00,2011-01-01 02:25:00,0.12,0.12777777777777777,,1.2987012987012987,1.0952380952380951,0.12777777777777777,0.0,True,87,5,4,False,False,terminal
FEMTO,Bearing1_2,42,"EWMA (λ=0.2, k=3.0)",ewma,decimate,2,0.33,2011-01-01 02:18:00,2011-01-01 02:25:00,0.12,0.9055555555555556,,12.987012987012985,7.761904761904762,0.9055555555555556,0.0,False,87,5,4,False,False,terminal
FEMTO,Bearing1_2,42,"CUSUM (k=0.5, h=5.0)",cusum,decimate,2,0.33,2011-01-01 02:18:00,2011-01-01 02:25:00,0.12,0.8944444444444445,,58.44155844155844,7.666666666666667,0.8944444444444445,0.0,False,87,5,4,False,False,terminal
FEMTO,Bearing1_2,42,Hotelling T²,hotelling_t2,decimate,2,0.33,2011-01-01 02:18:00,2011-01-01 02:25:00,0.12,0.12777777777777777,,1.2987012987012987,1.0952380952380951,0.12777777777777777,0.0,True,87,5,4,False,False,terminal
FEMTO,Bearing1_2,42,Isolation Forest,isolation_forest,decimate,2,0.33,2011-01-01 02:18:00,2011-01-01 02:25:00,0.12,0.0,,0.0,0.0,0.0,0.0,False,87,5,4,False,False,terminal
FEMTO,Bearing1_2,42,Deep SVDD,deep_svdd,decimate,2,0.33,2011-01-01 02:18:00,2011-01-01 02:25:00,0.12,0.0,,0.0,0.0,0.0,0.0,False,87,5,4,False,False,terminal
FEMTO,Bearing1_2,42,LSTM-Autoencoder,lstm_ae,decimate,2,0.33,2011-01-01 02:18:00,2011-01-01 02:25:00,0.12,0.65,,16.883116883116884,5.571428571428571,0.65,0.0,False,87,5,4,False,False,terminal
FEMTO,Bearing1_2,42,TCN-Autoencoder,tcn,decimate,2,0.33,2011-01-01 02:18:00,2011-01-01 02:25:00,0.12,0.65,,37.66233766233766,5.571428571428571,0.65,0.0,False,87,5,4,False,False,terminal
FEMTO,Bearing1_2,42,Transformer-AD,transformer_ad,decimate,2,0.33,2011-01-01 02:18:00,2011-01-01 02:25:00,0.12,0.65,,16.883116883116884,5.571428571428571,0.65,0.0,False,87,5,4,False,False,terminal
FEMTO,Bearing1_2,42,RMS-Trend (kσ),rms_trend,decimate,5,0.83,2011-01-01 02:18:00,2011-01-01 02:25:00,0.12,0.0,,0.0,0.0,0.0,0.0,False,70,3,2,True,False,terminal
FEMTO,Bearing1_2,42,3σ Rule (σ=3.0),three_sigma,decimate,5,0.83,2011-01-01 02:18:00,2011-01-01 02:25:00,0.12,0.05555555555555555,0.06111111111111111,0.0,0.47619047619047616,0.05555555555555555,0.0,True,70,3,2,True,False,terminal
FEMTO,Bearing1_2,42,"EWMA (λ=0.2, k=3.0)",ewma,decimate,5,0.83,2011-01-01 02:18:00,2011-01-01 02:25:00,0.12,0.041666666666666664,0.075,0.0,0.3571428571428571,0.041666666666666664,0.0,True,70,3,2,True,False,terminal
FEMTO,Bearing1_2,42,"CUSUM (k=0.5, h=5.0)",cusum,decimate,5,0.83,2011-01-01 02:18:00,2011-01-01 02:25:00,0.12,0.027777777777777776,0.08888888888888889,0.0,0.23809523809523808,0.027777777777777776,0.0,True,70,3,2,True,False,terminal
FEMTO,Bearing1_2,42,Hotelling T²,hotelling_t2,decimate,5,0.83,2011-01-01 02:18:00,2011-01-01 02:25:00,0.12,0.125,,1.6129032258064515,1.0714285714285714,0.125,0.0,True,70,3,2,True,False,terminal
FEMTO,Bearing1_2,42,Isolation Forest,isolation_forest,decimate,5,0.83,2011-01-01 02:18:00,2011-01-01 02:25:00,0.12,0.0,,0.0,0.0,0.0,0.0,False,70,3,2,True,False,terminal
FEMTO,Bearing1_2,42,Deep SVDD,deep_svdd,decimate,5,0.83,2011-01-01 02:18:00,2011-01-01 02:25:00,0.12,0.0,,0.0,0.0,0.0,0.0,False,70,3,2,True,False,terminal
FEMTO,Bearing1_2,42,LSTM-Autoencoder,lstm_ae,decimate,5,0.83,2011-01-01 02:18:00,2011-01-01 02:25:00,0.12,0.5694444444444444,,24.193548387096776,4.8809523809523805,0.5694444444444444,0.0,False,70,3,2,True,False,terminal
FEMTO,Bearing1_2,42,TCN-Autoencoder,tcn,decimate,5,0.83,2011-01-01 02:18:00,2011-01-01 02:25:00,0.12,0.5694444444444444,,41.935483870967744,4.8809523809523805,0.5694444444444444,0.0,False,70,3,2,True,False,terminal
FEMTO,Bearing1_2,42,Transformer-AD,transformer_ad,decimate,5,0.83,2011-01-01 02:18:00,2011-01-01 02:25:00,0.12,0.5694444444444444,,12.903225806451612,4.8809523809523805,0.5694444444444444,0.0,False,70,3,2,True,False,terminal
FEMTO,Bearing1_2,42,RMS-Trend (kσ),rms_trend,decimate,10,1.67,2011-01-01 02:18:00,2011-01-01 02:25:00,0.12,0.027777777777777776,0.08888888888888889,0.0,0.23809523809523808,0.027777777777777776,0.0,True,35,3,1,True,False,terminal
FEMTO,Bearing1_2,42,3σ Rule (σ=3.0),three_sigma,decimate,10,1.67,2011-01-01 02:18:00,2011-01-01 02:25:00,0.12,0.9444444444444444,,19.35483870967742,8.095238095238095,0.0,50.0,False,35,3,1,True,False,terminal
FEMTO,Bearing1_2,42,"EWMA (λ=0.2, k=3.0)",ewma,decimate,10,1.67,2011-01-01 02:18:00,2011-01-01 02:25:00,0.12,0.9444444444444444,,22.58064516129032,8.095238095238095,0.0,50.0,False,35,3,1,True,False,terminal
FEMTO,Bearing1_2,42,"CUSUM (k=0.5, h=5.0)",cusum,decimate,10,1.67,2011-01-01 02:18:00,2011-01-01 02:25:00,0.12,0.9444444444444444,,48.38709677419355,8.095238095238095,0.0,50.0,False,35,3,1,True,False,terminal
FEMTO,Bearing1_2,42,Hotelling T²,hotelling_t2,decimate,10,1.67,2011-01-01 02:18:00,2011-01-01 02:25:00,0.12,0.9722222222222222,,41.935483870967744,8.333333333333334,0.0,100.0,False,35,3,1,True,False,terminal
FEMTO,Bearing1_2,42,Isolation Forest,isolation_forest,decimate,10,1.67,2011-01-01 02:18:00,2011-01-01 02:25:00,0.12,0.9722222222222222,,32.25806451612903,8.333333333333334,0.0,100.0,False,35,3,1,True,False,terminal
FEMTO,Bearing1_2,42,Deep SVDD,deep_svdd,decimate,10,1.67,2011-01-01 02:18:00,2011-01-01 02:25:00,0.12,0.027777777777777776,0.08888888888888889,0.0,0.23809523809523808,0.027777777777777776,0.0,True,35,3,1,True,False,terminal
FEMTO,Bearing1_2,42,LSTM-Autoencoder,lstm_ae,decimate,10,1.67,2011-01-01 02:18:00,2011-01-01 02:25:00,0.12,0.9722222222222222,,100.0,8.333333333333334,0.0,100.0,False,35,3,1,True,False,terminal
FEMTO,Bearing1_2,42,TCN-Autoencoder,tcn,decimate,10,1.67,2011-01-01 02:18:00,2011-01-01 02:25:00,0.12,0.9722222222222222,,100.0,8.333333333333334,0.0,100.0,False,35,3,1,True,False,terminal
FEMTO,Bearing1_2,42,Transformer-AD,transformer_ad,decimate,10,1.67,2011-01-01 02:18:00,2011-01-01 02:25:00,0.12,0.9722222222222222,,100.0,8.333333333333334,0.0,100.0,False,35,3,1,True,False,terminal
FEMTO,Bearing1_2,42,RMS-Trend (kσ),rms_trend,decimate,20,3.33,2011-01-01 02:18:00,2011-01-01 02:25:00,0.12,0.08333333333333333,0.03333333333333333,0.0,0.7142857142857142,0.08333333333333333,0.0,True,17,3,1,True,False,terminal
FEMTO,Bearing1_2,42,3σ Rule (σ=3.0),three_sigma,decimate,20,3.33,2011-01-01 02:18:00,2011-01-01 02:25:00,0.12,0.9166666666666666,,25.0,7.857142857142857,0.9166666666666666,0.0,False,17,3,1,True,False,terminal
FEMTO,Bearing1_2,42,"EWMA (λ=0.2, k=3.0)",ewma,decimate,20,3.33,2011-01-01 02:18:00,2011-01-01 02:25:00,0.12,0.4166666666666667,,37.5,3.5714285714285716,0.4166666666666667,0.0,False,17,3,1,True,False,terminal
FEMTO,Bearing1_2,42,"CUSUM (k=0.5, h=5.0)",cusum,decimate,20,3.33,2011-01-01 02:18:00,2011-01-01 02:25:00,0.12,0.9166666666666666,,43.75,7.857142857142857,0.9166666666666666,0.0,False,17,3,1,True,False,terminal
FEMTO,Bearing1_2,42,Hotelling T²,hotelling_t2,decimate,20,3.33,2011-01-01 02:18:00,2011-01-01 02:25:00,0.12,0.9166666666666666,,31.25,7.857142857142857,0.9166666666666666,0.0,False,17,3,1,True,False,terminal
FEMTO,Bearing1_2,42,Isolation Forest,isolation_forest,decimate,20,3.33,2011-01-01 02:18:00,2011-01-01 02:25:00,0.12,0.9166666666666666,,25.0,7.857142857142857,0.9166666666666666,0.0,False,17,3,1,True,False,terminal
FEMTO,Bearing1_2,42,Deep SVDD,deep_svdd,decimate,20,3.33,2011-01-01 02:18:00,2011-01-01 02:25:00,0.12,0.08333333333333333,0.03333333333333333,0.0,0.7142857142857142,0.08333333333333333,0.0,True,17,3,1,True,False,terminal
FEMTO,Bearing1_2,42,LSTM-Autoencoder,lstm_ae,decimate,20,3.33,2011-01-01 02:18:00,2011-01-01 02:25:00,0.12,,,,,,,False,17,3,1,True,False,terminal
FEMTO,Bearing1_2,42,TCN-Autoencoder,tcn,decimate,20,3.33,2011-01-01 02:18:00,2011-01-01 02:25:00,0.12,,,,,,,False,17,3,1,True,False,terminal
FEMTO,Bearing1_2,42,Transformer-AD,transformer_ad,decimate,20,3.33,2011-01-01 02:18:00,2011-01-01 02:25:00,0.12,,,,,,,False,17,3,1,True,False,terminal
FEMTO,Bearing2_1,42,RMS-Trend (kσ),rms_trend,aggregate,1,0.17,2011-01-01 02:29:20,2011-01-01 02:31:40,0.04,0.18055555555555555,,9.859154929577464,4.642857142857142,0.18055555555555555,0.0,True,73,10,3,False,False,terminal
FEMTO,Bearing2_1,42,3σ Rule (σ=3.0),three_sigma,aggregate,1,0.17,2011-01-01 02:29:20,2011-01-01 02:31:40,0.04,0.8055555555555556,,29.577464788732392,20.714285714285715,0.8055555555555556,0.0,False,73,10,3,False,False,terminal
FEMTO,Bearing2_1,42,"EWMA (λ=0.2, k=3.0)",ewma,aggregate,1,0.17,2011-01-01 02:29:20,2011-01-01 02:31:40,0.04,0.8472222222222222,,43.66197183098591,21.785714285714285,0.8472222222222222,0.0,False,73,10,3,False,False,terminal
FEMTO,Bearing2_1,42,"CUSUM (k=0.5, h=5.0)",cusum,aggregate,1,0.17,2011-01-01 02:29:20,2011-01-01 02:31:40,0.04,0.8472222222222222,,83.09859154929578,21.785714285714285,0.8472222222222222,0.0,False,73,10,3,False,False,terminal
FEMTO,Bearing2_1,42,Hotelling T²,hotelling_t2,aggregate,1,0.17,2011-01-01 02:29:20,2011-01-01 02:31:40,0.04,0.8055555555555556,,36.61971830985916,20.714285714285715,0.8055555555555556,0.0,False,73,10,3,False,False,terminal
FEMTO,Bearing2_1,42,Isolation Forest,isolation_forest,aggregate,1,0.17,2011-01-01 02:29:20,2011-01-01 02:31:40,0.04,0.8055555555555556,,25.352112676056336,20.714285714285715,0.8055555555555556,0.0,False,73,10,3,False,False,terminal
FEMTO,Bearing2_1,42,Deep SVDD,deep_svdd,aggregate,1,0.17,2011-01-01 02:29:20,2011-01-01 02:31:40,0.04,0.0,,0.0,0.0,0.0,0.0,False,73,10,3,False,False,terminal
FEMTO,Bearing2_1,42,LSTM-Autoencoder,lstm_ae,aggregate,1,0.17,2011-01-01 02:29:20,2011-01-01 02:31:40,0.04,1.0138888888888888,,100.0,26.07142857142857,0.0,100.0,False,73,10,3,False,False,terminal
FEMTO,Bearing2_1,42,TCN-Autoencoder,tcn,aggregate,1,0.17,2011-01-01 02:29:20,2011-01-01 02:31:40,0.04,1.0138888888888888,,100.0,26.07142857142857,0.0,100.0,False,73,10,3,False,False,terminal
FEMTO,Bearing2_1,42,Transformer-AD,transformer_ad,aggregate,1,0.17,2011-01-01 02:29:20,2011-01-01 02:31:40,0.04,0.6111111111111112,,54.929577464788736,15.714285714285715,0.6111111111111112,0.0,False,73,10,3,False,False,terminal
FEMTO,Bearing2_1,42,RMS-Trend (kσ),rms_trend,aggregate,2,0.33,2011-01-01 02:29:20,2011-01-01 02:31:40,0.04,0.21666666666666667,,13.636363636363635,5.571428571428571,0.21666666666666667,0.0,False,91,5,4,False,False,terminal
FEMTO,Bearing2_1,42,3σ Rule (σ=3.0),three_sigma,aggregate,2,0.33,2011-01-01 02:29:20,2011-01-01 02:31:40,0.04,0.85,,23.863636363636363,21.857142857142858,0.85,0.0,False,91,5,4,False,False,terminal
FEMTO,Bearing2_1,42,"EWMA (λ=0.2, k=3.0)",ewma,aggregate,2,0.33,2011-01-01 02:29:20,2011-01-01 02:31:40,0.04,0.85,,42.04545454545455,21.857142857142858,0.85,0.0,False,91,5,4,False,False,terminal
FEMTO,Bearing2_1,42,"CUSUM (k=0.5, h=5.0)",cusum,aggregate,2,0.33,2011-01-01 02:29:20,2011-01-01 02:31:40,0.04,0.85,,82.95454545454545,21.857142857142858,0.85,0.0,False,91,5,4,False,False,terminal
FEMTO,Bearing2_1,42,Hotelling T²,hotelling_t2,aggregate,2,0.33,2011-01-01 02:29:20,2011-01-01 02:31:40,0.04,0.85,,25.0,21.857142857142858,0.85,0.0,False,91,5,4,False,False,terminal
FEMTO,Bearing2_1,42,Isolation Forest,isolation_forest,aggregate,2,0.33,2011-01-01 02:29:20,2011-01-01 02:31:40,0.04,0.2611111111111111,,19.318181818181817,6.714285714285714,0.2611111111111111,0.0,False,91,5,4,False,False,terminal
FEMTO,Bearing2_1,42,Deep SVDD,deep_svdd,aggregate,2,0.33,2011-01-01 02:29:20,2011-01-01 02:31:40,0.04,0.0,,0.0,0.0,0.0,0.0,False,91,5,4,False,False,terminal
FEMTO,Bearing2_1,42,LSTM-Autoencoder,lstm_ae,aggregate,2,0.33,2011-01-01 02:29:20,2011-01-01 02:31:40,0.04,0.6944444444444444,,64.77272727272727,17.857142857142858,0.6944444444444444,0.0,False,91,5,4,False,False,terminal
FEMTO,Bearing2_1,42,TCN-Autoencoder,tcn,aggregate,2,0.33,2011-01-01 02:29:20,2011-01-01 02:31:40,0.04,0.6944444444444444,,64.77272727272727,17.857142857142858,0.6944444444444444,0.0,False,91,5,4,False,False,terminal
FEMTO,Bearing2_1,42,Transformer-AD,transformer_ad,aggregate,2,0.33,2011-01-01 02:29:20,2011-01-01 02:31:40,0.04,0.6944444444444444,,62.5,17.857142857142858,0.6944444444444444,0.0,False,91,5,4,False,False,terminal
FEMTO,Bearing2_1,42,RMS-Trend (kσ),rms_trend,aggregate,5,0.83,2011-01-01 02:29:20,2011-01-01 02:31:40,0.04,0.2222222222222222,,12.676056338028168,5.7142857142857135,0.2222222222222222,0.0,False,73,3,2,True,False,terminal
FEMTO,Bearing2_1,42,3σ Rule (σ=3.0),three_sigma,aggregate,5,0.83,2011-01-01 02:29:20,2011-01-01 02:31:40,0.04,0.8611111111111112,,21.12676056338028,22.142857142857142,0.8611111111111112,0.0,False,73,3,2,True,False,terminal
FEMTO,Bearing2_1,42,"EWMA (λ=0.2, k=3.0)",ewma,aggregate,5,0.83,2011-01-01 02:29:20,2011-01-01 02:31:40,0.04,0.8611111111111112,,42.25352112676056,22.142857142857142,0.8611111111111112,0.0,False,73,3,2,True,False,terminal
FEMTO,Bearing2_1,42,"CUSUM (k=0.5, h=5.0)",cusum,aggregate,5,0.83,2011-01-01 02:29:20,2011-01-01 02:31:40,0.04,0.8472222222222222,,83.09859154929578,21.785714285714285,0.8472222222222222,0.0,False,73,3,2,True,False,terminal
FEMTO,Bearing2_1,42,Hotelling T²,hotelling_t2,aggregate,5,0.83,2011-01-01 02:29:20,2011-01-01 02:31:40,0.04,0.8611111111111112,,33.80281690140845,22.142857142857142,0.8611111111111112,0.0,False,73,3,2,True,False,terminal
FEMTO,Bearing2_1,42,Isolation Forest,isolation_forest,aggregate,5,0.83,2011-01-01 02:29:20,2011-01-01 02:31:40,0.04,0.9166666666666666,,43.66197183098591,23.57142857142857,0.9166666666666666,0.0,False,73,3,2,True,False,terminal
FEMTO,Bearing2_1,42,Deep SVDD,deep_svdd,aggregate,5,0.83,2011-01-01 02:29:20,2011-01-01 02:31:40,0.04,0.0,,0.0,0.0,0.0,0.0,False,73,3,2,True,False,terminal
FEMTO,Bearing2_1,42,LSTM-Autoencoder,lstm_ae,aggregate,5,0.83,2011-01-01 02:29:20,2011-01-01 02:31:40,0.04,1.0138888888888888,,100.0,26.07142857142857,0.0,100.0,False,73,3,2,True,False,terminal
FEMTO,Bearing2_1,42,TCN-Autoencoder,tcn,aggregate,5,0.83,2011-01-01 02:29:20,2011-01-01 02:31:40,0.04,1.0138888888888888,,100.0,26.07142857142857,0.0,100.0,False,73,3,2,True,False,terminal
FEMTO,Bearing2_1,42,Transformer-AD,transformer_ad,aggregate,5,0.83,2011-01-01 02:29:20,2011-01-01 02:31:40,0.04,0.6111111111111112,,49.29577464788733,15.714285714285715,0.6111111111111112,0.0,False,73,3,2,True,False,terminal
FEMTO,Bearing2_1,42,RMS-Trend (kσ),rms_trend,aggregate,10,1.67,2011-01-01 02:29:20,2011-01-01 02:31:40,0.04,0.05555555555555555,,2.857142857142857,1.4285714285714284,0.05555555555555555,0.0,True,36,3,1,True,False,terminal
FEMTO,Bearing2_1,42,3σ Rule (σ=3.0),three_sigma,aggregate,10,1.67,2011-01-01 02:29:20,2011-01-01 02:31:40,0.04,0.75,,25.71428571428571,19.285714285714285,0.75,0.0,False,36,3,1,True,False,terminal
FEMTO,Bearing2_1,42,"EWMA (λ=0.2, k=3.0)",ewma,aggregate,10,1.67,2011-01-01 02:29:20,2011-01-01 02:31:40,0.04,0.8611111111111112,,48.57142857142857,22.142857142857142,0.8611111111111112,0.0,False,36,3,1,True,False,terminal
FEMTO,Bearing2_1,42,"CUSUM (k=0.5, h=5.0)",cusum,aggregate,10,1.67,2011-01-01 02:29:20,2011-01-01 02:31:40,0.04,0.8333333333333334,,82.85714285714286,21.42857142857143,0.8333333333333334,0.0,False,36,3,1,True,False,terminal
FEMTO,Bearing2_1,42,Hotelling T²,hotelling_t2,aggregate,10,1.67,2011-01-01 02:29:20,2011-01-01 02:31:40,0.04,0.9444444444444444,,48.57142857142857,24.285714285714285,0.9444444444444444,0.0,False,36,3,1,True,False,terminal
FEMTO,Bearing2_1,42,Isolation Forest,isolation_forest,aggregate,10,1.67,2011-01-01 02:29:20,2011-01-01 02:31:40,0.04,0.9444444444444444,,45.714285714285715,24.285714285714285,0.9444444444444444,0.0,False,36,3,1,True,False,terminal
FEMTO,Bearing2_1,42,Deep SVDD,deep_svdd,aggregate,10,1.67,2011-01-01 02:29:20,2011-01-01 02:31:40,0.04,0.05555555555555555,,2.857142857142857,1.4285714285714284,0.05555555555555555,0.0,True,36,3,1,True,False,terminal
FEMTO,Bearing2_1,42,LSTM-Autoencoder,lstm_ae,aggregate,10,1.67,2011-01-01 02:29:20,2011-01-01 02:31:40,0.04,1.0,,100.0,25.714285714285715,0.0,100.0,False,36,3,1,True,False,terminal
FEMTO,Bearing2_1,42,TCN-Autoencoder,tcn,aggregate,10,1.67,2011-01-01 02:29:20,2011-01-01 02:31:40,0.04,1.0,,100.0,25.714285714285715,0.0,100.0,False,36,3,1,True,False,terminal
FEMTO,Bearing2_1,42,Transformer-AD,transformer_ad,aggregate,10,1.67,2011-01-01 02:29:20,2011-01-01 02:31:40,0.04,1.0,,100.0,25.714285714285715,0.0,100.0,False,36,3,1,True,False,terminal
FEMTO,Bearing2_1,42,RMS-Trend (kσ),rms_trend,aggregate,20,3.33,2011-01-01 02:29:20,2011-01-01 02:31:40,0.04,0.08333333333333333,,5.555555555555555,2.142857142857143,0.08333333333333333,0.0,True,18,3,1,True,False,terminal
FEMTO,Bearing2_1,42,3σ Rule (σ=3.0),three_sigma,aggregate,20,3.33,2011-01-01 02:29:20,2011-01-01 02:31:40,0.04,0.3611111111111111,,22.22222222222222,9.285714285714285,0.3611111111111111,0.0,False,18,3,1,True,False,terminal
FEMTO,Bearing2_1,42,"EWMA (λ=0.2, k=3.0)",ewma,aggregate,20,3.33,2011-01-01 02:29:20,2011-01-01 02:31:40,0.04,0.75,,44.44444444444444,19.285714285714285,0.75,0.0,False,18,3,1,True,False,terminal
FEMTO,Bearing2_1,42,"CUSUM (k=0.5, h=5.0)",cusum,aggregate,20,3.33,2011-01-01 02:29:20,2011-01-01 02:31:40,0.04,0.6944444444444444,,38.88888888888889,17.857142857142858,0.6944444444444444,0.0,False,18,3,1,True,False,terminal
FEMTO,Bearing2_1,42,Hotelling T²,hotelling_t2,aggregate,20,3.33,2011-01-01 02:29:20,2011-01-01 02:31:40,0.04,0.9722222222222222,,66.66666666666666,25.0,0.9722222222222222,0.0,False,18,3,1,True,False,terminal
FEMTO,Bearing2_1,42,Isolation Forest,isolation_forest,aggregate,20,3.33,2011-01-01 02:29:20,2011-01-01 02:31:40,0.04,0.9166666666666666,,27.77777777777778,23.57142857142857,0.9166666666666666,0.0,False,18,3,1,True,False,terminal
FEMTO,Bearing2_1,42,Deep SVDD,deep_svdd,aggregate,20,3.33,2011-01-01 02:29:20,2011-01-01 02:31:40,0.04,0.08333333333333333,,5.555555555555555,2.142857142857143,0.08333333333333333,0.0,True,18,3,1,True,False,terminal
FEMTO,Bearing2_1,42,LSTM-Autoencoder,lstm_ae,aggregate,20,3.33,2011-01-01 02:29:20,2011-01-01 02:31:40,0.04,,,,,,,False,18,3,1,True,False,terminal
FEMTO,Bearing2_1,42,TCN-Autoencoder,tcn,aggregate,20,3.33,2011-01-01 02:29:20,2011-01-01 02:31:40,0.04,,,,,,,False,18,3,1,True,False,terminal
FEMTO,Bearing2_1,42,Transformer-AD,transformer_ad,aggregate,20,3.33,2011-01-01 02:29:20,2011-01-01 02:31:40,0.04,,,,,,,False,18,3,1,True,False,terminal
FEMTO,Bearing2_1,42,RMS-Trend (kσ),rms_trend,decimate,1,0.17,2011-01-01 02:29:20,2011-01-01 02:31:40,0.04,0.18055555555555555,,9.859154929577464,4.642857142857142,0.18055555555555555,0.0,True,73,10,3,False,False,terminal
FEMTO,Bearing2_1,42,3σ Rule (σ=3.0),three_sigma,decimate,1,0.17,2011-01-01 02:29:20,2011-01-01 02:31:40,0.04,0.8055555555555556,,29.577464788732392,20.714285714285715,0.8055555555555556,0.0,False,73,10,3,False,False,terminal
FEMTO,Bearing2_1,42,"EWMA (λ=0.2, k=3.0)",ewma,decimate,1,0.17,2011-01-01 02:29:20,2011-01-01 02:31:40,0.04,0.8472222222222222,,43.66197183098591,21.785714285714285,0.8472222222222222,0.0,False,73,10,3,False,False,terminal
FEMTO,Bearing2_1,42,"CUSUM (k=0.5, h=5.0)",cusum,decimate,1,0.17,2011-01-01 02:29:20,2011-01-01 02:31:40,0.04,0.8472222222222222,,83.09859154929578,21.785714285714285,0.8472222222222222,0.0,False,73,10,3,False,False,terminal
FEMTO,Bearing2_1,42,Hotelling T²,hotelling_t2,decimate,1,0.17,2011-01-01 02:29:20,2011-01-01 02:31:40,0.04,0.8055555555555556,,36.61971830985916,20.714285714285715,0.8055555555555556,0.0,False,73,10,3,False,False,terminal
FEMTO,Bearing2_1,42,Isolation Forest,isolation_forest,decimate,1,0.17,2011-01-01 02:29:20,2011-01-01 02:31:40,0.04,0.8055555555555556,,25.352112676056336,20.714285714285715,0.8055555555555556,0.0,False,73,10,3,False,False,terminal
FEMTO,Bearing2_1,42,Deep SVDD,deep_svdd,decimate,1,0.17,2011-01-01 02:29:20,2011-01-01 02:31:40,0.04,0.0,,0.0,0.0,0.0,0.0,False,73,10,3,False,False,terminal
FEMTO,Bearing2_1,42,LSTM-Autoencoder,lstm_ae,decimate,1,0.17,2011-01-01 02:29:20,2011-01-01 02:31:40,0.04,1.0138888888888888,,100.0,26.07142857142857,0.0,100.0,False,73,10,3,False,False,terminal
FEMTO,Bearing2_1,42,TCN-Autoencoder,tcn,decimate,1,0.17,2011-01-01 02:29:20,2011-01-01 02:31:40,0.04,1.0138888888888888,,100.0,26.07142857142857,0.0,100.0,False,73,10,3,False,False,terminal
FEMTO,Bearing2_1,42,Transformer-AD,transformer_ad,decimate,1,0.17,2011-01-01 02:29:20,2011-01-01 02:31:40,0.04,0.6111111111111112,,54.929577464788736,15.714285714285715,0.6111111111111112,0.0,False,73,10,3,False,False,terminal
FEMTO,Bearing2_1,42,RMS-Trend (kσ),rms_trend,decimate,2,0.33,2011-01-01 02:29:20,2011-01-01 02:31:40,0.04,0.38333333333333336,,22.727272727272727,9.857142857142858,0.38333333333333336,0.0,False,91,5,4,False,False,terminal
FEMTO,Bearing2_1,42,3σ Rule (σ=3.0),three_sigma,decimate,2,0.33,2011-01-01 02:29:20,2011-01-01 02:31:40,0.04,0.7388888888888889,,26.136363636363637,19.0,0.7388888888888889,0.0,False,91,5,4,False,False,terminal
FEMTO,Bearing2_1,42,"EWMA (λ=0.2, k=3.0)",ewma,decimate,2,0.33,2011-01-01 02:29:20,2011-01-01 02:31:40,0.04,0.25,,21.59090909090909,6.428571428571429,0.25,0.0,False,91,5,4,False,False,terminal
FEMTO,Bearing2_1,42,"CUSUM (k=0.5, h=5.0)",cusum,decimate,2,0.33,2011-01-01 02:29:20,2011-01-01 02:31:40,0.04,0.2388888888888889,,20.454545454545457,6.142857142857143,0.2388888888888889,0.0,False,91,5,4,False,False,terminal
FEMTO,Bearing2_1,42,Hotelling T²,hotelling_t2,decimate,2,0.33,2011-01-01 02:29:20,2011-01-01 02:31:40,0.04,0.8944444444444445,,37.5,23.0,0.8944444444444445,0.0,False,91,5,4,False,False,terminal
FEMTO,Bearing2_1,42,Isolation Forest,isolation_forest,decimate,2,0.33,2011-01-01 02:29:20,2011-01-01 02:31:40,0.04,0.7388888888888889,,27.27272727272727,19.0,0.7388888888888889,0.0,False,91,5,4,False,False,terminal
FEMTO,Bearing2_1,42,Deep SVDD,deep_svdd,decimate,2,0.33,2011-01-01 02:29:20,2011-01-01 02:31:40,0.04,0.0,,0.0,0.0,0.0,0.0,False,91,5,4,False,False,terminal
FEMTO,Bearing2_1,42,LSTM-Autoencoder,lstm_ae,decimate,2,0.33,2011-01-01 02:29:20,2011-01-01 02:31:40,0.04,1.0166666666666666,,100.0,26.142857142857142,0.0,100.0,False,91,5,4,False,False,terminal
FEMTO,Bearing2_1,42,TCN-Autoencoder,tcn,decimate,2,0.33,2011-01-01 02:29:20,2011-01-01 02:31:40,0.04,1.0166666666666666,,100.0,26.142857142857142,0.0,100.0,False,91,5,4,False,False,terminal
FEMTO,Bearing2_1,42,Transformer-AD,transformer_ad,decimate,2,0.33,2011-01-01 02:29:20,2011-01-01 02:31:40,0.04,0.6944444444444444,,62.5,17.857142857142858,0.6944444444444444,0.0,False,91,5,4,False,False,terminal
FEMTO,Bearing2_1,42,RMS-Trend (kσ),rms_trend,decimate,5,0.83,2011-01-01 02:29:20,2011-01-01 02:31:40,0.04,0.0,,0.0,0.0,0.0,0.0,False,73,3,2,True,False,terminal
FEMTO,Bearing2_1,42,3σ Rule (σ=3.0),three_sigma,decimate,5,0.83,2011-01-01 02:29:20,2011-01-01 02:31:40,0.04,0.8611111111111112,,52.112676056338024,22.142857142857142,0.8611111111111112,0.0,False,73,3,2,True,False,terminal
FEMTO,Bearing2_1,42,"EWMA (λ=0.2, k=3.0)",ewma,decimate,5,0.83,2011-01-01 02:29:20,2011-01-01 02:31:40,0.04,0.8611111111111112,,70.4225352112676,22.142857142857142,0.8611111111111112,0.0,False,73,3,2,True,False,terminal
FEMTO,Bearing2_1,42,"CUSUM (k=0.5, h=5.0)",cusum,decimate,5,0.83,2011-01-01 02:29:20,2011-01-01 02:31:40,0.04,0.8472222222222222,,83.09859154929578,21.785714285714285,0.8472222222222222,0.0,False,73,3,2,True,False,terminal
FEMTO,Bearing2_1,42,Hotelling T²,hotelling_t2,decimate,5,0.83,2011-01-01 02:29:20,2011-01-01 02:31:40,0.04,0.8611111111111112,,53.52112676056338,22.142857142857142,0.8611111111111112,0.0,False,73,3,2,True,False,terminal
FEMTO,Bearing2_1,42,Isolation Forest,isolation_forest,decimate,5,0.83,2011-01-01 02:29:20,2011-01-01 02:31:40,0.04,0.8611111111111112,,45.07042253521127,22.142857142857142,0.8611111111111112,0.0,False,73,3,2,True,False,terminal
FEMTO,Bearing2_1,42,Deep SVDD,deep_svdd,decimate,5,0.83,2011-01-01 02:29:20,2011-01-01 02:31:40,0.04,0.1527777777777778,,4.225352112676056,3.928571428571429,0.1527777777777778,0.0,True,73,3,2,True,False,terminal
FEMTO,Bearing2_1,42,LSTM-Autoencoder,lstm_ae,decimate,5,0.83,2011-01-01 02:29:20,2011-01-01 02:31:40,0.04,1.0138888888888888,,100.0,26.07142857142857,0.0,100.0,False,73,3,2,True,False,terminal
FEMTO,Bearing2_1,42,TCN-Autoencoder,tcn,decimate,5,0.83,2011-01-01 02:29:20,2011-01-01 02:31:40,0.04,1.0138888888888888,,100.0,26.07142857142857,0.0,100.0,False,73,3,2,True,False,terminal
FEMTO,Bearing2_1,42,Transformer-AD,transformer_ad,decimate,5,0.83,2011-01-01 02:29:20,2011-01-01 02:31:40,0.04,1.0138888888888888,,100.0,26.07142857142857,0.0,100.0,False,73,3,2,True,False,terminal
FEMTO,Bearing2_1,42,RMS-Trend (kσ),rms_trend,decimate,10,1.67,2011-01-01 02:29:20,2011-01-01 02:31:40,0.04,0.16666666666666666,,2.857142857142857,4.285714285714286,0.16666666666666666,0.0,True,36,3,1,True,False,terminal
FEMTO,Bearing2_1,42,3σ Rule (σ=3.0),three_sigma,decimate,10,1.67,2011-01-01 02:29:20,2011-01-01 02:31:40,0.04,0.4166666666666667,,37.142857142857146,10.714285714285715,0.4166666666666667,0.0,False,36,3,1,True,False,terminal
FEMTO,Bearing2_1,42,"EWMA (λ=0.2, k=3.0)",ewma,decimate,10,1.67,2011-01-01 02:29:20,2011-01-01 02:31:40,0.04,0.4166666666666667,,40.0,10.714285714285715,0.4166666666666667,0.0,False,36,3,1,True,False,terminal
FEMTO,Bearing2_1,42,"CUSUM (k=0.5, h=5.0)",cusum,decimate,10,1.67,2011-01-01 02:29:20,2011-01-01 02:31:40,0.04,0.4166666666666667,,40.0,10.714285714285715,0.4166666666666667,0.0,False,36,3,1,True,False,terminal
FEMTO,Bearing2_1,42,Hotelling T²,hotelling_t2,decimate,10,1.67,2011-01-01 02:29:20,2011-01-01 02:31:40,0.04,0.4166666666666667,,37.142857142857146,10.714285714285715,0.4166666666666667,0.0,False,36,3,1,True,False,terminal
FEMTO,Bearing2_1,42,Isolation Forest,isolation_forest,decimate,10,1.67,2011-01-01 02:29:20,2011-01-01 02:31:40,0.04,0.4166666666666667,,37.142857142857146,10.714285714285715,0.4166666666666667,0.0,False,36,3,1,True,False,terminal
FEMTO,Bearing2_1,42,Deep SVDD,deep_svdd,decimate,10,1.67,2011-01-01 02:29:20,2011-01-01 02:31:40,0.04,0.16666666666666666,,8.571428571428571,4.285714285714286,0.16666666666666666,0.0,True,36,3,1,True,False,terminal
FEMTO,Bearing2_1,42,LSTM-Autoencoder,lstm_ae,decimate,10,1.67,2011-01-01 02:29:20,2011-01-01 02:31:40,0.04,1.0,,100.0,25.714285714285715,0.0,100.0,False,36,3,1,True,False,terminal
FEMTO,Bearing2_1,42,TCN-Autoencoder,tcn,decimate,10,1.67,2011-01-01 02:29:20,2011-01-01 02:31:40,0.04,1.0,,100.0,25.714285714285715,0.0,100.0,False,36,3,1,True,False,terminal
FEMTO,Bearing2_1,42,Transformer-AD,transformer_ad,decimate,10,1.67,2011-01-01 02:29:20,2011-01-01 02:31:40,0.04,1.0,,100.0,25.714285714285715,0.0,100.0,False,36,3,1,True,False,terminal
FEMTO,Bearing2_1,42,RMS-Trend (kσ),rms_trend,decimate,20,3.33,2011-01-01 02:29:20,2011-01-01 02:31:40,0.04,0.19444444444444445,,5.555555555555555,5.0,0.19444444444444445,0.0,True,18,3,1,True,False,terminal
FEMTO,Bearing2_1,42,3σ Rule (σ=3.0),three_sigma,decimate,20,3.33,2011-01-01 02:29:20,2011-01-01 02:31:40,0.04,0.8055555555555556,,44.44444444444444,20.714285714285715,0.8055555555555556,0.0,False,18,3,1,True,False,terminal
FEMTO,Bearing2_1,42,"EWMA (λ=0.2, k=3.0)",ewma,decimate,20,3.33,2011-01-01 02:29:20,2011-01-01 02:31:40,0.04,0.5833333333333334,,55.55555555555556,15.0,0.5833333333333334,0.0,False,18,3,1,True,False,terminal
FEMTO,Bearing2_1,42,"CUSUM (k=0.5, h=5.0)",cusum,decimate,20,3.33,2011-01-01 02:29:20,2011-01-01 02:31:40,0.04,0.5833333333333334,,55.55555555555556,15.0,0.5833333333333334,0.0,False,18,3,1,True,False,terminal
FEMTO,Bearing2_1,42,Hotelling T²,hotelling_t2,decimate,20,3.33,2011-01-01 02:29:20,2011-01-01 02:31:40,0.04,0.8055555555555556,,44.44444444444444,20.714285714285715,0.8055555555555556,0.0,False,18,3,1,True,False,terminal
FEMTO,Bearing2_1,42,Isolation Forest,isolation_forest,decimate,20,3.33,2011-01-01 02:29:20,2011-01-01 02:31:40,0.04,0.4166666666666667,,33.33333333333333,10.714285714285715,0.4166666666666667,0.0,False,18,3,1,True,False,terminal
FEMTO,Bearing2_1,42,Deep SVDD,deep_svdd,decimate,20,3.33,2011-01-01 02:29:20,2011-01-01 02:31:40,0.04,0.19444444444444445,,11.11111111111111,5.0,0.19444444444444445,0.0,False,18,3,1,True,False,terminal
FEMTO,Bearing2_1,42,LSTM-Autoencoder,lstm_ae,decimate,20,3.33,2011-01-01 02:29:20,2011-01-01 02:31:40,0.04,,,,,,,False,18,3,1,True,False,terminal
FEMTO,Bearing2_1,42,TCN-Autoencoder,tcn,decimate,20,3.33,2011-01-01 02:29:20,2011-01-01 02:31:40,0.04,,,,,,,False,18,3,1,True,False,terminal
FEMTO,Bearing2_1,42,Transformer-AD,transformer_ad,decimate,20,3.33,2011-01-01 02:29:20,2011-01-01 02:31:40,0.04,,,,,,,False,18,3,1,True,False,terminal
FEMTO,Bearing2_2,42,RMS-Trend (kσ),rms_trend,aggregate,1,0.17,2011-01-01 02:10:40,2011-01-01 02:12:40,0.03,0.0,,0.0,0.0,0.0,0.0,False,64,10,3,False,False,terminal
FEMTO,Bearing2_2,42,3σ Rule (σ=3.0),three_sigma,aggregate,1,0.17,2011-01-01 02:10:40,2011-01-01 02:12:40,0.03,0.12777777777777777,,11.29032258064516,3.833333333333333,0.12777777777777777,0.0,False,64,10,3,False,False,terminal
FEMTO,Bearing2_2,42,"EWMA (λ=0.2, k=3.0)",ewma,aggregate,1,0.17,2011-01-01 02:10:40,2011-01-01 02:12:40,0.03,0.8638888888888889,,35.483870967741936,25.916666666666668,0.0,50.0,False,64,10,3,False,False,terminal
FEMTO,Bearing2_2,42,"CUSUM (k=0.5, h=5.0)",cusum,aggregate,1,0.17,2011-01-01 02:10:40,2011-01-01 02:12:40,0.03,0.8361111111111111,,93.54838709677419,25.083333333333336,0.8361111111111111,0.0,False,64,10,3,False,False,terminal
FEMTO,Bearing2_2,42,Hotelling T²,hotelling_t2,aggregate,1,0.17,2011-01-01 02:10:40,2011-01-01 02:12:40,0.03,0.8777777777777778,,33.87096774193548,26.333333333333332,0.0,75.0,False,64,10,3,False,False,terminal
FEMTO,Bearing2_2,42,Isolation Forest,isolation_forest,aggregate,1,0.17,2011-01-01 02:10:40,2011-01-01 02:12:40,0.03,0.8916666666666667,,30.64516129032258,26.750000000000004,0.0,100.0,False,64,10,3,False,False,terminal
FEMTO,Bearing2_2,42,Deep SVDD,deep_svdd,aggregate,1,0.17,2011-01-01 02:10:40,2011-01-01 02:12:40,0.03,0.0,,0.0,0.0,0.0,0.0,False,64,10,3,False,False,terminal
FEMTO,Bearing2_2,42,LSTM-Autoencoder,lstm_ae,aggregate,1,0.17,2011-01-01 02:10:40,2011-01-01 02:12:40,0.03,0.8916666666666667,,100.0,26.750000000000004,0.0,100.0,False,64,10,3,False,False,terminal
FEMTO,Bearing2_2,42,TCN-Autoencoder,tcn,aggregate,1,0.17,2011-01-01 02:10:40,2011-01-01 02:12:40,0.03,0.8916666666666667,,100.0,26.750000000000004,0.0,100.0,False,64,10,3,False,False,terminal
FEMTO,Bearing2_2,42,Transformer-AD,transformer_ad,aggregate,1,0.17,2011-01-01 02:10:40,2011-01-01 02:12:40,0.03,0.8916666666666667,,100.0,26.750000000000004,0.0,100.0,False,64,10,3,False,False,terminal
FEMTO,Bearing2_2,42,RMS-Trend (kσ),rms_trend,aggregate,2,0.33,2011-01-01 02:10:40,2011-01-01 02:12:40,0.03,0.0,,0.0,0.0,0.0,0.0,False,80,5,4,False,False,terminal
FEMTO,Bearing2_2,42,3σ Rule (σ=3.0),three_sigma,aggregate,2,0.33,2011-01-01 02:10:40,2011-01-01 02:12:40,0.03,0.13333333333333333,,11.688311688311687,4.0,0.13333333333333333,0.0,False,80,5,4,False,False,terminal
FEMTO,Bearing2_2,42,"EWMA (λ=0.2, k=3.0)",ewma,aggregate,2,0.33,2011-01-01 02:10:40,2011-01-01 02:12:40,0.03,0.8444444444444444,,27.27272727272727,25.333333333333332,0.0,20.0,False,80,5,4,False,False,terminal
FEMTO,Bearing2_2,42,"CUSUM (k=0.5, h=5.0)",cusum,aggregate,2,0.33,2011-01-01 02:10:40,2011-01-01 02:12:40,0.03,0.8111111111111111,,90.9090909090909,24.333333333333332,0.8111111111111111,0.0,False,80,5,4,False,False,terminal
FEMTO,Bearing2_2,42,Hotelling T²,hotelling_t2,aggregate,2,0.33,2011-01-01 02:10:40,2011-01-01 02:12:40,0.03,0.8444444444444444,,16.883116883116884,25.333333333333332,0.0,20.0,False,80,5,4,False,False,terminal
FEMTO,Bearing2_2,42,Isolation Forest,isolation_forest,aggregate,2,0.33,2011-01-01 02:10:40,2011-01-01 02:12:40,0.03,0.8444444444444444,,16.883116883116884,25.333333333333332,0.0,20.0,False,80,5,4,False,False,terminal
FEMTO,Bearing2_2,42,Deep SVDD,deep_svdd,aggregate,2,0.33,2011-01-01 02:10:40,2011-01-01 02:12:40,0.03,0.0,,0.0,0.0,0.0,0.0,False,80,5,4,False,False,terminal
FEMTO,Bearing2_2,42,LSTM-Autoencoder,lstm_ae,aggregate,2,0.33,2011-01-01 02:10:40,2011-01-01 02:12:40,0.03,0.8888888888888888,,100.0,26.666666666666664,0.0,100.0,False,80,5,4,False,False,terminal
FEMTO,Bearing2_2,42,TCN-Autoencoder,tcn,aggregate,2,0.33,2011-01-01 02:10:40,2011-01-01 02:12:40,0.03,0.8888888888888888,,100.0,26.666666666666664,0.0,100.0,False,80,5,4,False,False,terminal
FEMTO,Bearing2_2,42,Transformer-AD,transformer_ad,aggregate,2,0.33,2011-01-01 02:10:40,2011-01-01 02:12:40,0.03,0.5666666666666667,,61.038961038961034,17.0,0.5666666666666667,0.0,False,80,5,4,False,False,terminal
FEMTO,Bearing2_2,42,RMS-Trend (kσ),rms_trend,aggregate,5,0.83,2011-01-01 02:10:40,2011-01-01 02:12:40,0.03,0.030555555555555555,0.002777777777777778,0.0,0.9166666666666666,0.030555555555555555,0.0,True,64,3,2,True,False,terminal
FEMTO,Bearing2_2,42,3σ Rule (σ=3.0),three_sigma,aggregate,5,0.83,2011-01-01 02:10:40,2011-01-01 02:12:40,0.03,0.8916666666666667,,20.967741935483872,26.750000000000004,0.0,75.0,False,64,3,2,True,False,terminal
FEMTO,Bearing2_2,42,"EWMA (λ=0.2, k=3.0)",ewma,aggregate,5,0.83,2011-01-01 02:10:40,2011-01-01 02:12:40,0.03,0.8638888888888889,,33.87096774193548,25.916666666666668,0.0,50.0,False,64,3,2,True,False,terminal
FEMTO,Bearing2_2,42,"CUSUM (k=0.5, h=5.0)",cusum,aggregate,5,0.83,2011-01-01 02:10:40,2011-01-01 02:12:40,0.03,0.8222222222222222,,91.93548387096774,24.666666666666664,0.8222222222222222,0.0,False,64,3,2,True,False,terminal
FEMTO,Bearing2_2,42,Hotelling T²,hotelling_t2,aggregate,5,0.83,2011-01-01 02:10:40,2011-01-01 02:12:40,0.03,0.8777777777777778,,30.64516129032258,26.333333333333332,0.0,50.0,False,64,3,2,True,False,terminal
FEMTO,Bearing2_2,42,Isolation Forest,isolation_forest,aggregate,5,0.83,2011-01-01 02:10:40,2011-01-01 02:12:40,0.03,0.8916666666666667,,30.64516129032258,26.750000000000004,0.0,75.0,False,64,3,2,True,False,terminal
FEMTO,Bearing2_2,42,Deep SVDD,deep_svdd,aggregate,5,0.83,2011-01-01 02:10:40,2011-01-01 02:12:40,0.03,0.0,,0.0,0.0,0.0,0.0,False,64,3,2,True,False,terminal
FEMTO,Bearing2_2,42,LSTM-Autoencoder,lstm_ae,aggregate,5,0.83,2011-01-01 02:10:40,2011-01-01 02:12:40,0.03,0.8916666666666667,,100.0,26.750000000000004,0.0,100.0,False,64,3,2,True,False,terminal
FEMTO,Bearing2_2,42,TCN-Autoencoder,tcn,aggregate,5,0.83,2011-01-01 02:10:40,2011-01-01 02:12:40,0.03,0.8916666666666667,,100.0,26.750000000000004,0.0,100.0,False,64,3,2,True,False,terminal
FEMTO,Bearing2_2,42,Transformer-AD,transformer_ad,aggregate,5,0.83,2011-01-01 02:10:40,2011-01-01 02:12:40,0.03,0.8916666666666667,,100.0,26.750000000000004,0.0,100.0,False,64,3,2,True,False,terminal
FEMTO,Bearing2_2,42,RMS-Trend (kσ),rms_trend,aggregate,10,1.67,2011-01-01 02:10:40,2011-01-01 02:12:40,0.03,0.044444444444444446,,3.125,1.3333333333333335,0.044444444444444446,0.0,True,32,3,1,True,False,terminal
FEMTO,Bearing2_2,42,3σ Rule (σ=3.0),three_sigma,aggregate,10,1.67,2011-01-01 02:10:40,2011-01-01 02:12:40,0.03,0.15555555555555556,,15.625,4.666666666666667,0.15555555555555556,0.0,False,32,3,1,True,False,terminal
FEMTO,Bearing2_2,42,"EWMA (λ=0.2, k=3.0)",ewma,aggregate,10,1.67,2011-01-01 02:10:40,2011-01-01 02:12:40,0.03,0.7944444444444444,,31.25,23.833333333333332,0.7944444444444444,0.0,False,32,3,1,True,False,terminal
FEMTO,Bearing2_2,42,"CUSUM (k=0.5, h=5.0)",cusum,aggregate,10,1.67,2011-01-01 02:10:40,2011-01-01 02:12:40,0.03,0.7388888888888889,,81.25,22.166666666666668,0.7388888888888889,0.0,False,32,3,1,True,False,terminal
FEMTO,Bearing2_2,42,Hotelling T²,hotelling_t2,aggregate,10,1.67,2011-01-01 02:10:40,2011-01-01 02:12:40,0.03,0.7944444444444444,,37.5,23.833333333333332,0.7944444444444444,0.0,False,32,3,1,True,False,terminal
FEMTO,Bearing2_2,42,Isolation Forest,isolation_forest,aggregate,10,1.67,2011-01-01 02:10:40,2011-01-01 02:12:40,0.03,0.15555555555555556,,15.625,4.666666666666667,0.15555555555555556,0.0,False,32,3,1,True,False,terminal
FEMTO,Bearing2_2,42,Deep SVDD,deep_svdd,aggregate,10,1.67,2011-01-01 02:10:40,2011-01-01 02:12:40,0.03,0.044444444444444446,,3.125,1.3333333333333335,0.044444444444444446,0.0,True,32,3,1,True,False,terminal
FEMTO,Bearing2_2,42,LSTM-Autoencoder,lstm_ae,aggregate,10,1.67,2011-01-01 02:10:40,2011-01-01 02:12:40,0.03,0.9055555555555556,,100.0,27.166666666666668,0.0,100.0,False,32,3,1,True,False,terminal
FEMTO,Bearing2_2,42,TCN-Autoencoder,tcn,aggregate,10,1.67,2011-01-01 02:10:40,2011-01-01 02:12:40,0.03,0.9055555555555556,,100.0,27.166666666666668,0.0,100.0,False,32,3,1,True,False,terminal
FEMTO,Bearing2_2,42,Transformer-AD,transformer_ad,aggregate,10,1.67,2011-01-01 02:10:40,2011-01-01 02:12:40,0.03,0.9055555555555556,,100.0,27.166666666666668,0.0,100.0,False,32,3,1,True,False,terminal
FEMTO,Bearing2_2,42,RMS-Trend (kσ),rms_trend,aggregate,20,3.33,2011-01-01 02:10:40,2011-01-01 02:12:40,0.03,0.1,,6.25,3.0,0.1,0.0,True,16,3,1,True,False,terminal
FEMTO,Bearing2_2,42,3σ Rule (σ=3.0),three_sigma,aggregate,20,3.33,2011-01-01 02:10:40,2011-01-01 02:12:40,0.03,0.2111111111111111,,18.75,6.333333333333333,0.2111111111111111,0.0,False,16,3,1,True,False,terminal
FEMTO,Bearing2_2,42,"EWMA (λ=0.2, k=3.0)",ewma,aggregate,20,3.33,2011-01-01 02:10:40,2011-01-01 02:12:40,0.03,0.8222222222222222,,43.75,24.666666666666664,0.8222222222222222,0.0,False,16,3,1,True,False,terminal
FEMTO,Bearing2_2,42,"CUSUM (k=0.5, h=5.0)",cusum,aggregate,20,3.33,2011-01-01 02:10:40,2011-01-01 02:12:40,0.03,0.8222222222222222,,81.25,24.666666666666664,0.8222222222222222,0.0,False,16,3,1,True,False,terminal
FEMTO,Bearing2_2,42,Hotelling T²,hotelling_t2,aggregate,20,3.33,2011-01-01 02:10:40,2011-01-01 02:12:40,0.03,0.9333333333333333,,100.0,28.0,0.0,100.0,False,16,3,1,True,False,terminal
FEMTO,Bearing2_2,42,Isolation Forest,isolation_forest,aggregate,20,3.33,2011-01-01 02:10:40,2011-01-01 02:12:40,0.03,0.2111111111111111,,18.75,6.333333333333333,0.2111111111111111,0.0,False,16,3,1,True,False,terminal
FEMTO,Bearing2_2,42,Deep SVDD,deep_svdd,aggregate,20,3.33,2011-01-01 02:10:40,2011-01-01 02:12:40,0.03,0.1,,6.25,3.0,0.1,0.0,True,16,3,1,True,False,terminal
FEMTO,Bearing2_2,42,LSTM-Autoencoder,lstm_ae,aggregate,20,3.33,2011-01-01 02:10:40,2011-01-01 02:12:40,0.03,,,,,,,False,16,3,1,True,False,terminal
FEMTO,Bearing2_2,42,TCN-Autoencoder,tcn,aggregate,20,3.33,2011-01-01 02:10:40,2011-01-01 02:12:40,0.03,,,,,,,False,16,3,1,True,False,terminal
FEMTO,Bearing2_2,42,Transformer-AD,transformer_ad,aggregate,20,3.33,2011-01-01 02:10:40,2011-01-01 02:12:40,0.03,,,,,,,False,16,3,1,True,False,terminal
FEMTO,Bearing2_2,42,RMS-Trend (kσ),rms_trend,decimate,1,0.17,2011-01-01 02:10:40,2011-01-01 02:12:40,0.03,0.0,,0.0,0.0,0.0,0.0,False,64,10,3,False,False,terminal
FEMTO,Bearing2_2,42,3σ Rule (σ=3.0),three_sigma,decimate,1,0.17,2011-01-01 02:10:40,2011-01-01 02:12:40,0.03,0.12777777777777777,,11.29032258064516,3.833333333333333,0.12777777777777777,0.0,False,64,10,3,False,False,terminal
FEMTO,Bearing2_2,42,"EWMA (λ=0.2, k=3.0)",ewma,decimate,1,0.17,2011-01-01 02:10:40,2011-01-01 02:12:40,0.03,0.8638888888888889,,35.483870967741936,25.916666666666668,0.0,50.0,False,64,10,3,False,False,terminal
FEMTO,Bearing2_2,42,"CUSUM (k=0.5, h=5.0)",cusum,decimate,1,0.17,2011-01-01 02:10:40,2011-01-01 02:12:40,0.03,0.8361111111111111,,93.54838709677419,25.083333333333336,0.8361111111111111,0.0,False,64,10,3,False,False,terminal
FEMTO,Bearing2_2,42,Hotelling T²,hotelling_t2,decimate,1,0.17,2011-01-01 02:10:40,2011-01-01 02:12:40,0.03,0.8777777777777778,,33.87096774193548,26.333333333333332,0.0,75.0,False,64,10,3,False,False,terminal
FEMTO,Bearing2_2,42,Isolation Forest,isolation_forest,decimate,1,0.17,2011-01-01 02:10:40,2011-01-01 02:12:40,0.03,0.8916666666666667,,30.64516129032258,26.750000000000004,0.0,100.0,False,64,10,3,False,False,terminal
FEMTO,Bearing2_2,42,Deep SVDD,deep_svdd,decimate,1,0.17,2011-01-01 02:10:40,2011-01-01 02:12:40,0.03,0.0,,0.0,0.0,0.0,0.0,False,64,10,3,False,False,terminal
FEMTO,Bearing2_2,42,LSTM-Autoencoder,lstm_ae,decimate,1,0.17,2011-01-01 02:10:40,2011-01-01 02:12:40,0.03,0.8916666666666667,,100.0,26.750000000000004,0.0,100.0,False,64,10,3,False,False,terminal
FEMTO,Bearing2_2,42,TCN-Autoencoder,tcn,decimate,1,0.17,2011-01-01 02:10:40,2011-01-01 02:12:40,0.03,0.8916666666666667,,100.0,26.750000000000004,0.0,100.0,False,64,10,3,False,False,terminal
FEMTO,Bearing2_2,42,Transformer-AD,transformer_ad,decimate,1,0.17,2011-01-01 02:10:40,2011-01-01 02:12:40,0.03,0.8916666666666667,,100.0,26.750000000000004,0.0,100.0,False,64,10,3,False,False,terminal
FEMTO,Bearing2_2,42,RMS-Trend (kσ),rms_trend,decimate,2,0.33,2011-01-01 02:10:40,2011-01-01 02:12:40,0.03,0.0,,0.0,0.0,0.0,0.0,False,80,5,4,False,False,terminal
FEMTO,Bearing2_2,42,3σ Rule (σ=3.0),three_sigma,decimate,2,0.33,2011-01-01 02:10:40,2011-01-01 02:12:40,0.03,0.13333333333333333,,11.688311688311687,4.0,0.13333333333333333,0.0,False,80,5,4,False,False,terminal
FEMTO,Bearing2_2,42,"EWMA (λ=0.2, k=3.0)",ewma,decimate,2,0.33,2011-01-01 02:10:40,2011-01-01 02:12:40,0.03,0.8444444444444444,,35.064935064935064,25.333333333333332,0.0,20.0,False,80,5,4,False,False,terminal
FEMTO,Bearing2_2,42,"CUSUM (k=0.5, h=5.0)",cusum,decimate,2,0.33,2011-01-01 02:10:40,2011-01-01 02:12:40,0.03,0.8111111111111111,,90.9090909090909,24.333333333333332,0.8111111111111111,0.0,False,80,5,4,False,False,terminal
FEMTO,Bearing2_2,42,Hotelling T²,hotelling_t2,decimate,2,0.33,2011-01-01 02:10:40,2011-01-01 02:12:40,0.03,0.13333333333333333,,11.688311688311687,4.0,0.13333333333333333,0.0,False,80,5,4,False,False,terminal
FEMTO,Bearing2_2,42,Isolation Forest,isolation_forest,decimate,2,0.33,2011-01-01 02:10:40,2011-01-01 02:12:40,0.03,0.13333333333333333,,11.688311688311687,4.0,0.13333333333333333,0.0,False,80,5,4,False,False,terminal
FEMTO,Bearing2_2,42,Deep SVDD,deep_svdd,decimate,2,0.33,2011-01-01 02:10:40,2011-01-01 02:12:40,0.03,0.0,,0.0,0.0,0.0,0.0,False,80,5,4,False,False,terminal
FEMTO,Bearing2_2,42,LSTM-Autoencoder,lstm_ae,decimate,2,0.33,2011-01-01 02:10:40,2011-01-01 02:12:40,0.03,0.8888888888888888,,100.0,26.666666666666664,0.0,100.0,False,80,5,4,False,False,terminal
FEMTO,Bearing2_2,42,TCN-Autoencoder,tcn,decimate,2,0.33,2011-01-01 02:10:40,2011-01-01 02:12:40,0.03,0.8888888888888888,,100.0,26.666666666666664,0.0,100.0,False,80,5,4,False,False,terminal
FEMTO,Bearing2_2,42,Transformer-AD,transformer_ad,decimate,2,0.33,2011-01-01 02:10:40,2011-01-01 02:12:40,0.03,0.5666666666666667,,46.75324675324675,17.0,0.5666666666666667,0.0,False,80,5,4,False,False,terminal
FEMTO,Bearing2_2,42,RMS-Trend (kσ),rms_trend,decimate,5,0.83,2011-01-01 02:10:40,2011-01-01 02:12:40,0.03,0.0,,0.0,0.0,0.0,0.0,False,64,3,2,True,False,terminal
FEMTO,Bearing2_2,42,3σ Rule (σ=3.0),three_sigma,decimate,5,0.83,2011-01-01 02:10:40,2011-01-01 02:12:40,0.03,0.8916666666666667,,20.967741935483872,26.750000000000004,0.0,50.0,False,64,3,2,True,False,terminal
FEMTO,Bearing2_2,42,"EWMA (λ=0.2, k=3.0)",ewma,decimate,5,0.83,2011-01-01 02:10:40,2011-01-01 02:12:40,0.03,0.8777777777777778,,48.38709677419355,26.333333333333332,0.0,75.0,False,64,3,2,True,False,terminal
FEMTO,Bearing2_2,42,"CUSUM (k=0.5, h=5.0)",cusum,decimate,5,0.83,2011-01-01 02:10:40,2011-01-01 02:12:40,0.03,0.8361111111111111,,93.54838709677419,25.083333333333336,0.8361111111111111,0.0,False,64,3,2,True,False,terminal
FEMTO,Bearing2_2,42,Hotelling T²,hotelling_t2,decimate,5,0.83,2011-01-01 02:10:40,2011-01-01 02:12:40,0.03,0.8916666666666667,,19.35483870967742,26.750000000000004,0.0,75.0,False,64,3,2,True,False,terminal
FEMTO,Bearing2_2,42,Isolation Forest,isolation_forest,decimate,5,0.83,2011-01-01 02:10:40,2011-01-01 02:12:40,0.03,0.8916666666666667,,22.58064516129032,26.750000000000004,0.0,100.0,False,64,3,2,True,False,terminal
FEMTO,Bearing2_2,42,Deep SVDD,deep_svdd,decimate,5,0.83,2011-01-01 02:10:40,2011-01-01 02:12:40,0.03,0.0,,0.0,0.0,0.0,0.0,False,64,3,2,True,False,terminal
FEMTO,Bearing2_2,42,LSTM-Autoencoder,lstm_ae,decimate,5,0.83,2011-01-01 02:10:40,2011-01-01 02:12:40,0.03,0.8916666666666667,,100.0,26.750000000000004,0.0,100.0,False,64,3,2,True,False,terminal
FEMTO,Bearing2_2,42,TCN-Autoencoder,tcn,decimate,5,0.83,2011-01-01 02:10:40,2011-01-01 02:12:40,0.03,0.8916666666666667,,100.0,26.750000000000004,0.0,100.0,False,64,3,2,True,False,terminal
FEMTO,Bearing2_2,42,Transformer-AD,transformer_ad,decimate,5,0.83,2011-01-01 02:10:40,2011-01-01 02:12:40,0.03,0.8916666666666667,,100.0,26.750000000000004,0.0,100.0,False,64,3,2,True,False,terminal
FEMTO,Bearing2_2,42,RMS-Trend (kσ),rms_trend,decimate,10,1.67,2011-01-01 02:10:40,2011-01-01 02:12:40,0.03,0.044444444444444446,,3.125,1.3333333333333335,0.044444444444444446,0.0,True,32,3,1,True,False,terminal
FEMTO,Bearing2_2,42,3σ Rule (σ=3.0),three_sigma,decimate,10,1.67,2011-01-01 02:10:40,2011-01-01 02:12:40,0.03,0.9055555555555556,,46.875,27.166666666666668,0.0,100.0,False,32,3,1,True,False,terminal
FEMTO,Bearing2_2,42,"EWMA (λ=0.2, k=3.0)",ewma,decimate,10,1.67,2011-01-01 02:10:40,2011-01-01 02:12:40,0.03,0.9055555555555556,,96.875,27.166666666666668,0.0,100.0,False,32,3,1,True,False,terminal
FEMTO,Bearing2_2,42,"CUSUM (k=0.5, h=5.0)",cusum,decimate,10,1.67,2011-01-01 02:10:40,2011-01-01 02:12:40,0.03,0.9055555555555556,,100.0,27.166666666666668,0.0,100.0,False,32,3,1,True,False,terminal
FEMTO,Bearing2_2,42,Hotelling T²,hotelling_t2,decimate,10,1.67,2011-01-01 02:10:40,2011-01-01 02:12:40,0.03,0.9055555555555556,,62.5,27.166666666666668,0.0,100.0,False,32,3,1,True,False,terminal
FEMTO,Bearing2_2,42,Isolation Forest,isolation_forest,decimate,10,1.67,2011-01-01 02:10:40,2011-01-01 02:12:40,0.03,0.9055555555555556,,71.875,27.166666666666668,0.0,100.0,False,32,3,1,True,False,terminal
FEMTO,Bearing2_2,42,Deep SVDD,deep_svdd,decimate,10,1.67,2011-01-01 02:10:40,2011-01-01 02:12:40,0.03,0.044444444444444446,,3.125,1.3333333333333335,0.044444444444444446,0.0,True,32,3,1,True,False,terminal
FEMTO,Bearing2_2,42,LSTM-Autoencoder,lstm_ae,decimate,10,1.67,2011-01-01 02:10:40,2011-01-01 02:12:40,0.03,0.9055555555555556,,100.0,27.166666666666668,0.0,100.0,False,32,3,1,True,False,terminal
FEMTO,Bearing2_2,42,TCN-Autoencoder,tcn,decimate,10,1.67,2011-01-01 02:10:40,2011-01-01 02:12:40,0.03,0.9055555555555556,,100.0,27.166666666666668,0.0,100.0,False,32,3,1,True,False,terminal
FEMTO,Bearing2_2,42,Transformer-AD,transformer_ad,decimate,10,1.67,2011-01-01 02:10:40,2011-01-01 02:12:40,0.03,0.9055555555555556,,100.0,27.166666666666668,0.0,100.0,False,32,3,1,True,False,terminal
FEMTO,Bearing2_2,42,RMS-Trend (kσ),rms_trend,decimate,20,3.33,2011-01-01 02:10:40,2011-01-01 02:12:40,0.03,0.1,,6.25,3.0,0.1,0.0,True,16,3,1,True,False,terminal
FEMTO,Bearing2_2,42,3σ Rule (σ=3.0),three_sigma,decimate,20,3.33,2011-01-01 02:10:40,2011-01-01 02:12:40,0.03,0.26666666666666666,,25.0,8.0,0.26666666666666666,0.0,False,16,3,1,True,False,terminal
FEMTO,Bearing2_2,42,"EWMA (λ=0.2, k=3.0)",ewma,decimate,20,3.33,2011-01-01 02:10:40,2011-01-01 02:12:40,0.03,0.9333333333333333,,100.0,28.0,0.0,100.0,False,16,3,1,True,False,terminal
FEMTO,Bearing2_2,42,"CUSUM (k=0.5, h=5.0)",cusum,decimate,20,3.33,2011-01-01 02:10:40,2011-01-01 02:12:40,0.03,0.9333333333333333,,100.0,28.0,0.0,100.0,False,16,3,1,True,False,terminal
FEMTO,Bearing2_2,42,Hotelling T²,hotelling_t2,decimate,20,3.33,2011-01-01 02:10:40,2011-01-01 02:12:40,0.03,0.9333333333333333,,100.0,28.0,0.0,100.0,False,16,3,1,True,False,terminal
FEMTO,Bearing2_2,42,Isolation Forest,isolation_forest,decimate,20,3.33,2011-01-01 02:10:40,2011-01-01 02:12:40,0.03,0.9333333333333333,,50.0,28.0,0.0,100.0,False,16,3,1,True,False,terminal
FEMTO,Bearing2_2,42,Deep SVDD,deep_svdd,decimate,20,3.33,2011-01-01 02:10:40,2011-01-01 02:12:40,0.03,0.1,,6.25,3.0,0.1,0.0,True,16,3,1,True,False,terminal
FEMTO,Bearing2_2,42,LSTM-Autoencoder,lstm_ae,decimate,20,3.33,2011-01-01 02:10:40,2011-01-01 02:12:40,0.03,,,,,,,False,16,3,1,True,False,terminal
FEMTO,Bearing2_2,42,TCN-Autoencoder,tcn,decimate,20,3.33,2011-01-01 02:10:40,2011-01-01 02:12:40,0.03,,,,,,,False,16,3,1,True,False,terminal
FEMTO,Bearing2_2,42,Transformer-AD,transformer_ad,decimate,20,3.33,2011-01-01 02:10:40,2011-01-01 02:12:40,0.03,,,,,,,False,16,3,1,True,False,terminal
FEMTO,Bearing3_1,42,RMS-Trend (kσ),rms_trend,aggregate,1,0.17,2011-01-01 01:21:00,2011-01-01 01:25:40,0.08,0.0,,0.0,0.0,0.0,0.0,False,41,10,3,False,False,terminal
FEMTO,Bearing3_1,42,3σ Rule (σ=3.0),three_sigma,aggregate,1,0.17,2011-01-01 01:21:00,2011-01-01 01:25:40,0.08,0.06666666666666667,0.011111111111111112,0.0,0.8571428571428571,0.06666666666666667,0.0,True,41,10,3,False,False,terminal
FEMTO,Bearing3_1,42,"EWMA (λ=0.2, k=3.0)",ewma,aggregate,1,0.17,2011-01-01 01:21:00,2011-01-01 01:25:40,0.08,0.06666666666666667,0.011111111111111112,0.0,0.8571428571428571,0.06666666666666667,0.0,True,41,10,3,False,False,terminal
FEMTO,Bearing3_1,42,"CUSUM (k=0.5, h=5.0)",cusum,aggregate,1,0.17,2011-01-01 01:21:00,2011-01-01 01:25:40,0.08,0.06666666666666667,0.011111111111111112,0.0,0.8571428571428571,0.06666666666666667,0.0,True,41,10,3,False,False,terminal
FEMTO,Bearing3_1,42,Hotelling T²,hotelling_t2,aggregate,1,0.17,2011-01-01 01:21:00,2011-01-01 01:25:40,0.08,0.08055555555555556,,2.7777777777777777,1.0357142857142858,0.08055555555555556,0.0,True,41,10,3,False,False,terminal
FEMTO,Bearing3_1,42,Isolation Forest,isolation_forest,aggregate,1,0.17,2011-01-01 01:21:00,2011-01-01 01:25:40,0.08,0.06666666666666667,0.011111111111111112,0.0,0.8571428571428571,0.06666666666666667,0.0,True,41,10,3,False,False,terminal
FEMTO,Bearing3_1,42,Deep SVDD,deep_svdd,aggregate,1,0.17,2011-01-01 01:21:00,2011-01-01 01:25:40,0.08,0.0,,0.0,0.0,0.0,0.0,False,41,10,3,False,False,terminal
FEMTO,Bearing3_1,42,LSTM-Autoencoder,lstm_ae,aggregate,1,0.17,2011-01-01 01:21:00,2011-01-01 01:25:40,0.08,0.08055555555555556,,2.7777777777777777,1.0357142857142858,0.08055555555555556,0.0,True,41,10,3,False,False,terminal
FEMTO,Bearing3_1,42,TCN-Autoencoder,tcn,aggregate,1,0.17,2011-01-01 01:21:00,2011-01-01 01:25:40,0.08,0.09444444444444444,,5.555555555555555,1.2142857142857142,0.09444444444444444,0.0,True,41,10,3,False,False,terminal
FEMTO,Bearing3_1,42,Transformer-AD,transformer_ad,aggregate,1,0.17,2011-01-01 01:21:00,2011-01-01 01:25:40,0.08,0.08055555555555556,,2.7777777777777777,1.0357142857142858,0.08055555555555556,0.0,True,41,10,3,False,False,terminal
FEMTO,Bearing3_1,42,RMS-Trend (kσ),rms_trend,aggregate,2,0.33,2011-01-01 01:21:00,2011-01-01 01:25:40,0.08,0.0,,0.0,0.0,0.0,0.0,False,51,5,4,False,False,terminal
FEMTO,Bearing3_1,42,3σ Rule (σ=3.0),three_sigma,aggregate,2,0.33,2011-01-01 01:21:00,2011-01-01 01:25:40,0.08,0.07222222222222222,0.005555555555555556,0.0,0.9285714285714285,0.07222222222222222,0.0,True,51,5,4,False,False,terminal
FEMTO,Bearing3_1,42,"EWMA (λ=0.2, k=3.0)",ewma,aggregate,2,0.33,2011-01-01 01:21:00,2011-01-01 01:25:40,0.08,0.07222222222222222,0.005555555555555556,0.0,0.9285714285714285,0.07222222222222222,0.0,True,51,5,4,False,False,terminal
FEMTO,Bearing3_1,42,"CUSUM (k=0.5, h=5.0)",cusum,aggregate,2,0.33,2011-01-01 01:21:00,2011-01-01 01:25:40,0.08,0.07222222222222222,0.005555555555555556,0.0,0.9285714285714285,0.07222222222222222,0.0,True,51,5,4,False,False,terminal
FEMTO,Bearing3_1,42,Hotelling T²,hotelling_t2,aggregate,2,0.33,2011-01-01 01:21:00,2011-01-01 01:25:40,0.08,0.07222222222222222,0.005555555555555556,0.0,0.9285714285714285,0.07222222222222222,0.0,True,51,5,4,False,False,terminal
FEMTO,Bearing3_1,42,Isolation Forest,isolation_forest,aggregate,2,0.33,2011-01-01 01:21:00,2011-01-01 01:25:40,0.08,0.07222222222222222,0.005555555555555556,0.0,0.9285714285714285,0.07222222222222222,0.0,True,51,5,4,False,False,terminal
FEMTO,Bearing3_1,42,Deep SVDD,deep_svdd,aggregate,2,0.33,2011-01-01 01:21:00,2011-01-01 01:25:40,0.08,0.0,,0.0,0.0,0.0,0.0,False,51,5,4,False,False,terminal
FEMTO,Bearing3_1,42,LSTM-Autoencoder,lstm_ae,aggregate,2,0.33,2011-01-01 01:21:00,2011-01-01 01:25:40,0.08,0.09444444444444444,,4.444444444444445,1.2142857142857142,0.09444444444444444,0.0,True,51,5,4,False,False,terminal
FEMTO,Bearing3_1,42,TCN-Autoencoder,tcn,aggregate,2,0.33,2011-01-01 01:21:00,2011-01-01 01:25:40,0.08,0.16111111111111112,,17.77777777777778,2.0714285714285716,0.16111111111111112,0.0,False,51,5,4,False,False,terminal
FEMTO,Bearing3_1,42,Transformer-AD,transformer_ad,aggregate,2,0.33,2011-01-01 01:21:00,2011-01-01 01:25:40,0.08,0.1388888888888889,,13.333333333333334,1.7857142857142858,0.1388888888888889,0.0,False,51,5,4,False,False,terminal
FEMTO,Bearing3_1,42,RMS-Trend (kσ),rms_trend,aggregate,5,0.83,2011-01-01 01:21:00,2011-01-01 01:25:40,0.08,0.08055555555555556,,2.7027027027027026,1.0357142857142858,0.08055555555555556,0.0,True,41,3,2,True,False,terminal
FEMTO,Bearing3_1,42,3σ Rule (σ=3.0),three_sigma,aggregate,5,0.83,2011-01-01 01:21:00,2011-01-01 01:25:40,0.08,0.08055555555555556,,2.7027027027027026,1.0357142857142858,0.08055555555555556,0.0,True,41,3,2,True,False,terminal
FEMTO,Bearing3_1,42,"EWMA (λ=0.2, k=3.0)",ewma,aggregate,5,0.83,2011-01-01 01:21:00,2011-01-01 01:25:40,0.08,0.08055555555555556,,2.7027027027027026,1.0357142857142858,0.08055555555555556,0.0,True,41,3,2,True,False,terminal
FEMTO,Bearing3_1,42,"CUSUM (k=0.5, h=5.0)",cusum,aggregate,5,0.83,2011-01-01 01:21:00,2011-01-01 01:25:40,0.08,0.08055555555555556,,2.7027027027027026,1.0357142857142858,0.08055555555555556,0.0,True,41,3,2,True,False,terminal
FEMTO,Bearing3_1,42,Hotelling T²,hotelling_t2,aggregate,5,0.83,2011-01-01 01:21:00,2011-01-01 01:25:40,0.08,0.19166666666666668,,16.216216216216218,2.4642857142857144,0.19166666666666668,0.0,False,41,3,2,True,False,terminal
FEMTO,Bearing3_1,42,Isolation Forest,isolation_forest,aggregate,5,0.83,2011-01-01 01:21:00,2011-01-01 01:25:40,0.08,0.08055555555555556,,2.7027027027027026,1.0357142857142858,0.08055555555555556,0.0,True,41,3,2,True,False,terminal
FEMTO,Bearing3_1,42,Deep SVDD,deep_svdd,aggregate,5,0.83,2011-01-01 01:21:00,2011-01-01 01:25:40,0.08,0.0,,0.0,0.0,0.0,0.0,False,41,3,2,True,False,terminal
FEMTO,Bearing3_1,42,LSTM-Autoencoder,lstm_ae,aggregate,5,0.83,2011-01-01 01:21:00,2011-01-01 01:25:40,0.08,0.1638888888888889,,18.91891891891892,2.107142857142857,0.1638888888888889,0.0,False,41,3,2,True,False,terminal
FEMTO,Bearing3_1,42,TCN-Autoencoder,tcn,aggregate,5,0.83,2011-01-01 01:21:00,2011-01-01 01:25:40,0.08,0.5805555555555556,,100.0,7.464285714285714,0.0,100.0,False,41,3,2,True,False,terminal
FEMTO,Bearing3_1,42,Transformer-AD,transformer_ad,aggregate,5,0.83,2011-01-01 01:21:00,2011-01-01 01:25:40,0.08,0.1638888888888889,,18.91891891891892,2.107142857142857,0.1638888888888889,0.0,False,41,3,2,True,False,terminal
FEMTO,Bearing3_1,42,RMS-Trend (kσ),rms_trend,aggregate,10,1.67,2011-01-01 01:21:00,2011-01-01 01:25:40,0.08,0.06666666666666667,0.011111111111111112,0.0,0.8571428571428571,0.06666666666666667,0.0,True,20,3,1,True,False,terminal
FEMTO,Bearing3_1,42,3σ Rule (σ=3.0),three_sigma,aggregate,10,1.67,2011-01-01 01:21:00,2011-01-01 01:25:40,0.08,0.09444444444444444,,5.555555555555555,1.2142857142857142,0.09444444444444444,0.0,True,20,3,1,True,False,terminal
FEMTO,Bearing3_1,42,"EWMA (λ=0.2, k=3.0)",ewma,aggregate,10,1.67,2011-01-01 01:21:00,2011-01-01 01:25:40,0.08,0.09444444444444444,,5.555555555555555,1.2142857142857142,0.09444444444444444,0.0,True,20,3,1,True,False,terminal
FEMTO,Bearing3_1,42,"CUSUM (k=0.5, h=5.0)",cusum,aggregate,10,1.67,2011-01-01 01:21:00,2011-01-01 01:25:40,0.08,0.09444444444444444,,5.555555555555555,1.2142857142857142,0.09444444444444444,0.0,True,20,3,1,True,False,terminal
FEMTO,Bearing3_1,42,Hotelling T²,hotelling_t2,aggregate,10,1.67,2011-01-01 01:21:00,2011-01-01 01:25:40,0.08,0.5388888888888889,,50.0,6.928571428571428,0.0,50.0,False,20,3,1,True,False,terminal
FEMTO,Bearing3_1,42,Isolation Forest,isolation_forest,aggregate,10,1.67,2011-01-01 01:21:00,2011-01-01 01:25:40,0.08,0.09444444444444444,,5.555555555555555,1.2142857142857142,0.09444444444444444,0.0,True,20,3,1,True,False,terminal
FEMTO,Bearing3_1,42,Deep SVDD,deep_svdd,aggregate,10,1.67,2011-01-01 01:21:00,2011-01-01 01:25:40,0.08,0.06666666666666667,0.011111111111111112,0.0,0.8571428571428571,0.06666666666666667,0.0,True,20,3,1,True,False,terminal
FEMTO,Bearing3_1,42,LSTM-Autoencoder,lstm_ae,aggregate,10,1.67,2011-01-01 01:21:00,2011-01-01 01:25:40,0.08,,,,,,,False,20,3,1,True,False,terminal
FEMTO,Bearing3_1,42,TCN-Autoencoder,tcn,aggregate,10,1.67,2011-01-01 01:21:00,2011-01-01 01:25:40,0.08,,,,,,,False,20,3,1,True,False,terminal
FEMTO,Bearing3_1,42,Transformer-AD,transformer_ad,aggregate,10,1.67,2011-01-01 01:21:00,2011-01-01 01:25:40,0.08,,,,,,,False,20,3,1,True,False,terminal
FEMTO,Bearing3_1,42,RMS-Trend (kσ),rms_trend,aggregate,20,3.33,2011-01-01 01:21:00,2011-01-01 01:25:40,0.08,0.09444444444444444,,10.0,1.2142857142857142,0.09444444444444444,0.0,True,10,3,1,True,False,terminal
FEMTO,Bearing3_1,42,3σ Rule (σ=3.0),three_sigma,aggregate,20,3.33,2011-01-01 01:21:00,2011-01-01 01:25:40,0.08,0.15,,20.0,1.9285714285714284,0.15,0.0,False,10,3,1,True,False,terminal
FEMTO,Bearing3_1,42,"EWMA (λ=0.2, k=3.0)",ewma,aggregate,20,3.33,2011-01-01 01:21:00,2011-01-01 01:25:40,0.08,0.15,,20.0,1.9285714285714284,0.15,0.0,False,10,3,1,True,False,terminal
FEMTO,Bearing3_1,42,"CUSUM (k=0.5, h=5.0)",cusum,aggregate,20,3.33,2011-01-01 01:21:00,2011-01-01 01:25:40,0.08,0.15,,20.0,1.9285714285714284,0.15,0.0,False,10,3,1,True,False,terminal
FEMTO,Bearing3_1,42,Hotelling T²,hotelling_t2,aggregate,20,3.33,2011-01-01 01:21:00,2011-01-01 01:25:40,0.08,0.5944444444444444,,100.0,7.642857142857142,0.0,100.0,False,10,3,1,True,False,terminal
FEMTO,Bearing3_1,42,Isolation Forest,isolation_forest,aggregate,20,3.33,2011-01-01 01:21:00,2011-01-01 01:25:40,0.08,0.15,,10.0,1.9285714285714284,0.15,0.0,True,10,3,1,True,False,terminal
FEMTO,Bearing3_1,42,Deep SVDD,deep_svdd,aggregate,20,3.33,2011-01-01 01:21:00,2011-01-01 01:25:40,0.08,0.09444444444444444,,10.0,1.2142857142857142,0.09444444444444444,0.0,True,10,3,1,True,False,terminal
FEMTO,Bearing3_1,42,LSTM-Autoencoder,lstm_ae,aggregate,20,3.33,2011-01-01 01:21:00,2011-01-01 01:25:40,0.08,,,,,,,False,10,3,1,True,False,terminal
FEMTO,Bearing3_1,42,TCN-Autoencoder,tcn,aggregate,20,3.33,2011-01-01 01:21:00,2011-01-01 01:25:40,0.08,,,,,,,False,10,3,1,True,False,terminal
FEMTO,Bearing3_1,42,Transformer-AD,transformer_ad,aggregate,20,3.33,2011-01-01 01:21:00,2011-01-01 01:25:40,0.08,,,,,,,False,10,3,1,True,False,terminal
FEMTO,Bearing3_1,42,RMS-Trend (kσ),rms_trend,decimate,1,0.17,2011-01-01 01:21:00,2011-01-01 01:25:40,0.08,0.0,,0.0,0.0,0.0,0.0,False,41,10,3,False,False,terminal
FEMTO,Bearing3_1,42,3σ Rule (σ=3.0),three_sigma,decimate,1,0.17,2011-01-01 01:21:00,2011-01-01 01:25:40,0.08,0.06666666666666667,0.011111111111111112,0.0,0.8571428571428571,0.06666666666666667,0.0,True,41,10,3,False,False,terminal
FEMTO,Bearing3_1,42,"EWMA (λ=0.2, k=3.0)",ewma,decimate,1,0.17,2011-01-01 01:21:00,2011-01-01 01:25:40,0.08,0.06666666666666667,0.011111111111111112,0.0,0.8571428571428571,0.06666666666666667,0.0,True,41,10,3,False,False,terminal
FEMTO,Bearing3_1,42,"CUSUM (k=0.5, h=5.0)",cusum,decimate,1,0.17,2011-01-01 01:21:00,2011-01-01 01:25:40,0.08,0.06666666666666667,0.011111111111111112,0.0,0.8571428571428571,0.06666666666666667,0.0,True,41,10,3,False,False,terminal
FEMTO,Bearing3_1,42,Hotelling T²,hotelling_t2,decimate,1,0.17,2011-01-01 01:21:00,2011-01-01 01:25:40,0.08,0.08055555555555556,,2.7777777777777777,1.0357142857142858,0.08055555555555556,0.0,True,41,10,3,False,False,terminal
FEMTO,Bearing3_1,42,Isolation Forest,isolation_forest,decimate,1,0.17,2011-01-01 01:21:00,2011-01-01 01:25:40,0.08,0.06666666666666667,0.011111111111111112,0.0,0.8571428571428571,0.06666666666666667,0.0,True,41,10,3,False,False,terminal
FEMTO,Bearing3_1,42,Deep SVDD,deep_svdd,decimate,1,0.17,2011-01-01 01:21:00,2011-01-01 01:25:40,0.08,0.0,,0.0,0.0,0.0,0.0,False,41,10,3,False,False,terminal
FEMTO,Bearing3_1,42,LSTM-Autoencoder,lstm_ae,decimate,1,0.17,2011-01-01 01:21:00,2011-01-01 01:25:40,0.08,0.08055555555555556,,2.7777777777777777,1.0357142857142858,0.08055555555555556,0.0,True,41,10,3,False,False,terminal
FEMTO,Bearing3_1,42,TCN-Autoencoder,tcn,decimate,1,0.17,2011-01-01 01:21:00,2011-01-01 01:25:40,0.08,0.09444444444444444,,5.555555555555555,1.2142857142857142,0.09444444444444444,0.0,True,41,10,3,False,False,terminal
FEMTO,Bearing3_1,42,Transformer-AD,transformer_ad,decimate,1,0.17,2011-01-01 01:21:00,2011-01-01 01:25:40,0.08,0.08055555555555556,,2.7777777777777777,1.0357142857142858,0.08055555555555556,0.0,True,41,10,3,False,False,terminal
FEMTO,Bearing3_1,42,RMS-Trend (kσ),rms_trend,decimate,2,0.33,2011-01-01 01:21:00,2011-01-01 01:25:40,0.08,0.0,,0.0,0.0,0.0,0.0,False,51,5,4,False,False,terminal
FEMTO,Bearing3_1,42,3σ Rule (σ=3.0),three_sigma,decimate,2,0.33,2011-01-01 01:21:00,2011-01-01 01:25:40,0.08,0.07222222222222222,0.005555555555555556,0.0,0.9285714285714285,0.07222222222222222,0.0,True,51,5,4,False,False,terminal
FEMTO,Bearing3_1,42,"EWMA (λ=0.2, k=3.0)",ewma,decimate,2,0.33,2011-01-01 01:21:00,2011-01-01 01:25:40,0.08,0.07222222222222222,0.005555555555555556,0.0,0.9285714285714285,0.07222222222222222,0.0,True,51,5,4,False,False,terminal
FEMTO,Bearing3_1,42,"CUSUM (k=0.5, h=5.0)",cusum,decimate,2,0.33,2011-01-01 01:21:00,2011-01-01 01:25:40,0.08,0.07222222222222222,0.005555555555555556,0.0,0.9285714285714285,0.07222222222222222,0.0,True,51,5,4,False,False,terminal
FEMTO,Bearing3_1,42,Hotelling T²,hotelling_t2,decimate,2,0.33,2011-01-01 01:21:00,2011-01-01 01:25:40,0.08,0.08333333333333333,,2.2222222222222223,1.0714285714285714,0.08333333333333333,0.0,True,51,5,4,False,False,terminal
FEMTO,Bearing3_1,42,Isolation Forest,isolation_forest,decimate,2,0.33,2011-01-01 01:21:00,2011-01-01 01:25:40,0.08,0.07222222222222222,0.005555555555555556,0.0,0.9285714285714285,0.07222222222222222,0.0,True,51,5,4,False,False,terminal
FEMTO,Bearing3_1,42,Deep SVDD,deep_svdd,decimate,2,0.33,2011-01-01 01:21:00,2011-01-01 01:25:40,0.08,0.0,,0.0,0.0,0.0,0.0,False,51,5,4,False,False,terminal
FEMTO,Bearing3_1,42,LSTM-Autoencoder,lstm_ae,decimate,2,0.33,2011-01-01 01:21:00,2011-01-01 01:25:40,0.08,0.07222222222222222,0.005555555555555556,0.0,0.9285714285714285,0.07222222222222222,0.0,True,51,5,4,False,False,terminal
FEMTO,Bearing3_1,42,TCN-Autoencoder,tcn,decimate,2,0.33,2011-01-01 01:21:00,2011-01-01 01:25:40,0.08,0.07222222222222222,0.005555555555555556,0.0,0.9285714285714285,0.07222222222222222,0.0,True,51,5,4,False,False,terminal
FEMTO,Bearing3_1,42,Transformer-AD,transformer_ad,decimate,2,0.33,2011-01-01 01:21:00,2011-01-01 01:25:40,0.08,0.07222222222222222,0.005555555555555556,0.0,0.9285714285714285,0.07222222222222222,0.0,True,51,5,4,False,False,terminal
FEMTO,Bearing3_1,42,RMS-Trend (kσ),rms_trend,decimate,5,0.83,2011-01-01 01:21:00,2011-01-01 01:25:40,0.08,0.08055555555555556,,2.7027027027027026,1.0357142857142858,0.08055555555555556,0.0,True,41,3,2,True,False,terminal
FEMTO,Bearing3_1,42,3σ Rule (σ=3.0),three_sigma,decimate,5,0.83,2011-01-01 01:21:00,2011-01-01 01:25:40,0.08,0.08055555555555556,,2.7027027027027026,1.0357142857142858,0.08055555555555556,0.0,True,41,3,2,True,False,terminal
FEMTO,Bearing3_1,42,"EWMA (λ=0.2, k=3.0)",ewma,decimate,5,0.83,2011-01-01 01:21:00,2011-01-01 01:25:40,0.08,0.08055555555555556,,2.7027027027027026,1.0357142857142858,0.08055555555555556,0.0,True,41,3,2,True,False,terminal
FEMTO,Bearing3_1,42,"CUSUM (k=0.5, h=5.0)",cusum,decimate,5,0.83,2011-01-01 01:21:00,2011-01-01 01:25:40,0.08,0.08055555555555556,,2.7027027027027026,1.0357142857142858,0.08055555555555556,0.0,True,41,3,2,True,False,terminal
FEMTO,Bearing3_1,42,Hotelling T²,hotelling_t2,decimate,5,0.83,2011-01-01 01:21:00,2011-01-01 01:25:40,0.08,0.08055555555555556,,2.7027027027027026,1.0357142857142858,0.08055555555555556,0.0,True,41,3,2,True,False,terminal
FEMTO,Bearing3_1,42,Isolation Forest,isolation_forest,decimate,5,0.83,2011-01-01 01:21:00,2011-01-01 01:25:40,0.08,0.08055555555555556,,2.7027027027027026,1.0357142857142858,0.08055555555555556,0.0,True,41,3,2,True,False,terminal
FEMTO,Bearing3_1,42,Deep SVDD,deep_svdd,decimate,5,0.83,2011-01-01 01:21:00,2011-01-01 01:25:40,0.08,0.06666666666666667,0.011111111111111112,0.0,0.8571428571428571,0.06666666666666667,0.0,True,41,3,2,True,False,terminal
FEMTO,Bearing3_1,42,LSTM-Autoencoder,lstm_ae,decimate,5,0.83,2011-01-01 01:21:00,2011-01-01 01:25:40,0.08,0.5805555555555556,,100.0,7.464285714285714,0.0,100.0,False,41,3,2,True,False,terminal
FEMTO,Bearing3_1,42,TCN-Autoencoder,tcn,decimate,5,0.83,2011-01-01 01:21:00,2011-01-01 01:25:40,0.08,0.5805555555555556,,100.0,7.464285714285714,0.0,100.0,False,41,3,2,True,False,terminal
FEMTO,Bearing3_1,42,Transformer-AD,transformer_ad,decimate,5,0.83,2011-01-01 01:21:00,2011-01-01 01:25:40,0.08,0.5805555555555556,,100.0,7.464285714285714,0.0,100.0,False,41,3,2,True,False,terminal
FEMTO,Bearing3_1,42,RMS-Trend (kσ),rms_trend,decimate,10,1.67,2011-01-01 01:21:00,2011-01-01 01:25:40,0.08,0.06666666666666667,0.011111111111111112,0.0,0.8571428571428571,0.06666666666666667,0.0,True,20,3,1,True,False,terminal
FEMTO,Bearing3_1,42,3σ Rule (σ=3.0),three_sigma,decimate,10,1.67,2011-01-01 01:21:00,2011-01-01 01:25:40,0.08,0.09444444444444444,,5.555555555555555,1.2142857142857142,0.09444444444444444,0.0,True,20,3,1,True,False,terminal
FEMTO,Bearing3_1,42,"EWMA (λ=0.2, k=3.0)",ewma,decimate,10,1.67,2011-01-01 01:21:00,2011-01-01 01:25:40,0.08,0.09444444444444444,,5.555555555555555,1.2142857142857142,0.09444444444444444,0.0,True,20,3,1,True,False,terminal
FEMTO,Bearing3_1,42,"CUSUM (k=0.5, h=5.0)",cusum,decimate,10,1.67,2011-01-01 01:21:00,2011-01-01 01:25:40,0.08,0.09444444444444444,,5.555555555555555,1.2142857142857142,0.09444444444444444,0.0,True,20,3,1,True,False,terminal
FEMTO,Bearing3_1,42,Hotelling T²,hotelling_t2,decimate,10,1.67,2011-01-01 01:21:00,2011-01-01 01:25:40,0.08,0.5111111111111111,,27.77777777777778,6.571428571428571,0.5111111111111111,0.0,False,20,3,1,True,False,terminal
FEMTO,Bearing3_1,42,Isolation Forest,isolation_forest,decimate,10,1.67,2011-01-01 01:21:00,2011-01-01 01:25:40,0.08,0.09444444444444444,,5.555555555555555,1.2142857142857142,0.09444444444444444,0.0,True,20,3,1,True,False,terminal
FEMTO,Bearing3_1,42,Deep SVDD,deep_svdd,decimate,10,1.67,2011-01-01 01:21:00,2011-01-01 01:25:40,0.08,0.03888888888888889,0.03888888888888889,0.0,0.5,0.03888888888888889,0.0,True,20,3,1,True,False,terminal
FEMTO,Bearing3_1,42,LSTM-Autoencoder,lstm_ae,decimate,10,1.67,2011-01-01 01:21:00,2011-01-01 01:25:40,0.08,,,,,,,False,20,3,1,True,False,terminal
FEMTO,Bearing3_1,42,TCN-Autoencoder,tcn,decimate,10,1.67,2011-01-01 01:21:00,2011-01-01 01:25:40,0.08,,,,,,,False,20,3,1,True,False,terminal
FEMTO,Bearing3_1,42,Transformer-AD,transformer_ad,decimate,10,1.67,2011-01-01 01:21:00,2011-01-01 01:25:40,0.08,,,,,,,False,20,3,1,True,False,terminal
FEMTO,Bearing3_1,42,RMS-Trend (kσ),rms_trend,decimate,20,3.33,2011-01-01 01:21:00,2011-01-01 01:25:40,0.08,0.09444444444444444,,10.0,1.2142857142857142,0.09444444444444444,0.0,True,10,3,1,True,False,terminal
FEMTO,Bearing3_1,42,3σ Rule (σ=3.0),three_sigma,decimate,20,3.33,2011-01-01 01:21:00,2011-01-01 01:25:40,0.08,0.09444444444444444,,10.0,1.2142857142857142,0.09444444444444444,0.0,True,10,3,1,True,False,terminal
FEMTO,Bearing3_1,42,"EWMA (λ=0.2, k=3.0)",ewma,decimate,20,3.33,2011-01-01 01:21:00,2011-01-01 01:25:40,0.08,0.42777777777777776,,70.0,5.5,0.42777777777777776,0.0,False,10,3,1,True,False,terminal
FEMTO,Bearing3_1,42,"CUSUM (k=0.5, h=5.0)",cusum,decimate,20,3.33,2011-01-01 01:21:00,2011-01-01 01:25:40,0.08,0.42777777777777776,,70.0,5.5,0.42777777777777776,0.0,False,10,3,1,True,False,terminal
FEMTO,Bearing3_1,42,Hotelling T²,hotelling_t2,decimate,20,3.33,2011-01-01 01:21:00,2011-01-01 01:25:40,0.08,0.5944444444444444,,100.0,7.642857142857142,0.0,100.0,False,10,3,1,True,False,terminal
FEMTO,Bearing3_1,42,Isolation Forest,isolation_forest,decimate,20,3.33,2011-01-01 01:21:00,2011-01-01 01:25:40,0.08,0.09444444444444444,,10.0,1.2142857142857142,0.09444444444444444,0.0,True,10,3,1,True,False,terminal
FEMTO,Bearing3_1,42,Deep SVDD,deep_svdd,decimate,20,3.33,2011-01-01 01:21:00,2011-01-01 01:25:40,0.08,0.09444444444444444,,10.0,1.2142857142857142,0.09444444444444444,0.0,True,10,3,1,True,False,terminal
FEMTO,Bearing3_1,42,LSTM-Autoencoder,lstm_ae,decimate,20,3.33,2011-01-01 01:21:00,2011-01-01 01:25:40,0.08,,,,,,,False,10,3,1,True,False,terminal
FEMTO,Bearing3_1,42,TCN-Autoencoder,tcn,decimate,20,3.33,2011-01-01 01:21:00,2011-01-01 01:25:40,0.08,,,,,,,False,10,3,1,True,False,terminal
FEMTO,Bearing3_1,42,Transformer-AD,transformer_ad,decimate,20,3.33,2011-01-01 01:21:00,2011-01-01 01:25:40,0.08,,,,,,,False,10,3,1,True,False,terminal
FEMTO,Bearing3_2,42,RMS-Trend (kσ),rms_trend,aggregate,1,0.17,2011-01-01 04:24:30,2011-01-01 04:32:40,0.14,0.044444444444444446,0.09166666666666666,0.0,0.326530612244898,0.044444444444444446,0.0,True,131,10,3,False,False,terminal
FEMTO,Bearing3_2,42,3σ Rule (σ=3.0),three_sigma,aggregate,1,0.17,2011-01-01 04:24:30,2011-01-01 04:32:40,0.14,0.044444444444444446,0.09166666666666666,0.0,0.326530612244898,0.044444444444444446,0.0,True,131,10,3,False,False,terminal
FEMTO,Bearing3_2,42,"EWMA (λ=0.2, k=3.0)",ewma,aggregate,1,0.17,2011-01-01 04:24:30,2011-01-01 04:32:40,0.14,0.1,0.03611111111111111,0.0,0.7346938775510206,0.1,0.0,True,131,10,3,False,False,terminal
FEMTO,Bearing3_2,42,"CUSUM (k=0.5, h=5.0)",cusum,aggregate,1,0.17,2011-01-01 04:24:30,2011-01-01 04:32:40,0.14,0.35,,2.459016393442623,2.5714285714285716,0.35,0.0,True,131,10,3,False,False,terminal
FEMTO,Bearing3_2,42,Hotelling T²,hotelling_t2,aggregate,1,0.17,2011-01-01 04:24:30,2011-01-01 04:32:40,0.14,0.5722222222222222,,10.655737704918032,4.204081632653061,0.5722222222222222,0.0,False,131,10,3,False,False,terminal
FEMTO,Bearing3_2,42,Isolation Forest,isolation_forest,aggregate,1,0.17,2011-01-01 04:24:30,2011-01-01 04:32:40,0.14,0.5305555555555556,,2.459016393442623,3.89795918367347,0.5305555555555556,0.0,True,131,10,3,False,False,terminal
FEMTO,Bearing3_2,42,Deep SVDD,deep_svdd,aggregate,1,0.17,2011-01-01 04:24:30,2011-01-01 04:32:40,0.14,0.0,,0.0,0.0,0.0,0.0,False,131,10,3,False,False,terminal
FEMTO,Bearing3_2,42,LSTM-Autoencoder,lstm_ae,aggregate,1,0.17,2011-01-01 04:24:30,2011-01-01 04:32:40,0.14,0.5305555555555556,,23.770491803278688,3.89795918367347,0.5305555555555556,0.0,False,131,10,3,False,False,terminal
FEMTO,Bearing3_2,42,TCN-Autoencoder,tcn,aggregate,1,0.17,2011-01-01 04:24:30,2011-01-01 04:32:40,0.14,0.5444444444444444,,24.59016393442623,4.0,0.5444444444444444,0.0,False,131,10,3,False,False,terminal
FEMTO,Bearing3_2,42,Transformer-AD,transformer_ad,aggregate,1,0.17,2011-01-01 04:24:30,2011-01-01 04:32:40,0.14,0.5166666666666667,,22.950819672131146,3.7959183673469394,0.5166666666666667,0.0,False,131,10,3,False,False,terminal
FEMTO,Bearing3_2,42,RMS-Trend (kσ),rms_trend,aggregate,2,0.33,2011-01-01 04:24:30,2011-01-01 04:32:40,0.14,0.044444444444444446,0.09166666666666666,0.0,0.326530612244898,0.044444444444444446,0.0,True,164,5,4,False,False,terminal
FEMTO,Bearing3_2,42,3σ Rule (σ=3.0),three_sigma,aggregate,2,0.33,2011-01-01 04:24:30,2011-01-01 04:32:40,0.14,0.05555555555555555,0.08055555555555556,0.0,0.40816326530612246,0.05555555555555555,0.0,True,164,5,4,False,False,terminal
FEMTO,Bearing3_2,42,"EWMA (λ=0.2, k=3.0)",ewma,aggregate,2,0.33,2011-01-01 04:24:30,2011-01-01 04:32:40,0.14,0.5111111111111111,,2.631578947368421,3.7551020408163267,0.5111111111111111,0.0,True,164,5,4,False,False,terminal
FEMTO,Bearing3_2,42,"CUSUM (k=0.5, h=5.0)",cusum,aggregate,2,0.33,2011-01-01 04:24:30,2011-01-01 04:32:40,0.14,0.4111111111111111,,8.552631578947368,3.0204081632653064,0.4111111111111111,0.0,True,164,5,4,False,False,terminal
FEMTO,Bearing3_2,42,Hotelling T²,hotelling_t2,aggregate,2,0.33,2011-01-01 04:24:30,2011-01-01 04:32:40,0.14,0.5666666666666667,,13.157894736842104,4.163265306122449,0.5666666666666667,0.0,False,164,5,4,False,False,terminal
FEMTO,Bearing3_2,42,Isolation Forest,isolation_forest,aggregate,2,0.33,2011-01-01 04:24:30,2011-01-01 04:32:40,0.14,0.5666666666666667,,4.605263157894736,4.163265306122449,0.5666666666666667,0.0,True,164,5,4,False,False,terminal
FEMTO,Bearing3_2,42,Deep SVDD,deep_svdd,aggregate,2,0.33,2011-01-01 04:24:30,2011-01-01 04:32:40,0.14,0.0,,0.0,0.0,0.0,0.0,False,164,5,4,False,False,terminal
FEMTO,Bearing3_2,42,LSTM-Autoencoder,lstm_ae,aggregate,2,0.33,2011-01-01 04:24:30,2011-01-01 04:32:40,0.14,0.5444444444444444,,24.342105263157894,4.0,0.5444444444444444,0.0,False,164,5,4,False,False,terminal
FEMTO,Bearing3_2,42,TCN-Autoencoder,tcn,aggregate,2,0.33,2011-01-01 04:24:30,2011-01-01 04:32:40,0.14,0.5555555555555556,,25.0,4.081632653061225,0.5555555555555556,0.0,False,164,5,4,False,False,terminal
FEMTO,Bearing3_2,42,Transformer-AD,transformer_ad,aggregate,2,0.33,2011-01-01 04:24:30,2011-01-01 04:32:40,0.14,0.5444444444444444,,24.342105263157894,4.0,0.5444444444444444,0.0,False,164,5,4,False,False,terminal
FEMTO,Bearing3_2,42,RMS-Trend (kσ),rms_trend,aggregate,5,0.83,2011-01-01 04:24:30,2011-01-01 04:32:40,0.14,0.044444444444444446,0.09166666666666666,0.0,0.326530612244898,0.044444444444444446,0.0,True,131,3,2,True,False,terminal
FEMTO,Bearing3_2,42,3σ Rule (σ=3.0),three_sigma,aggregate,5,0.83,2011-01-01 04:24:30,2011-01-01 04:32:40,0.14,0.5444444444444444,,3.278688524590164,4.0,0.5444444444444444,0.0,True,131,3,2,True,False,terminal
FEMTO,Bearing3_2,42,"EWMA (λ=0.2, k=3.0)",ewma,aggregate,5,0.83,2011-01-01 04:24:30,2011-01-01 04:32:40,0.14,0.5305555555555556,,8.19672131147541,3.89795918367347,0.5305555555555556,0.0,True,131,3,2,True,False,terminal
FEMTO,Bearing3_2,42,"CUSUM (k=0.5, h=5.0)",cusum,aggregate,5,0.83,2011-01-01 04:24:30,2011-01-01 04:32:40,0.14,0.5027777777777778,,22.131147540983605,3.6938775510204085,0.5027777777777778,0.0,False,131,3,2,True,False,terminal
FEMTO,Bearing3_2,42,Hotelling T²,hotelling_t2,aggregate,5,0.83,2011-01-01 04:24:30,2011-01-01 04:32:40,0.14,0.5861111111111111,,13.934426229508196,4.306122448979592,0.5861111111111111,0.0,False,131,3,2,True,False,terminal
FEMTO,Bearing3_2,42,Isolation Forest,isolation_forest,aggregate,5,0.83,2011-01-01 04:24:30,2011-01-01 04:32:40,0.14,0.5861111111111111,,7.377049180327869,4.306122448979592,0.5861111111111111,0.0,True,131,3,2,True,False,terminal
FEMTO,Bearing3_2,42,Deep SVDD,deep_svdd,aggregate,5,0.83,2011-01-01 04:24:30,2011-01-01 04:32:40,0.14,0.044444444444444446,0.09166666666666666,0.0,0.326530612244898,0.044444444444444446,0.0,True,131,3,2,True,False,terminal
FEMTO,Bearing3_2,42,LSTM-Autoencoder,lstm_ae,aggregate,5,0.83,2011-01-01 04:24:30,2011-01-01 04:32:40,0.14,0.5583333333333333,,25.40983606557377,4.102040816326531,0.5583333333333333,0.0,False,131,3,2,True,False,terminal
FEMTO,Bearing3_2,42,TCN-Autoencoder,tcn,aggregate,5,0.83,2011-01-01 04:24:30,2011-01-01 04:32:40,0.14,0.5722222222222222,,26.229508196721312,4.204081632653061,0.5722222222222222,0.0,False,131,3,2,True,False,terminal
FEMTO,Bearing3_2,42,Transformer-AD,transformer_ad,aggregate,5,0.83,2011-01-01 04:24:30,2011-01-01 04:32:40,0.14,0.5444444444444444,,24.59016393442623,4.0,0.5444444444444444,0.0,False,131,3,2,True,False,terminal
FEMTO,Bearing3_2,42,RMS-Trend (kσ),rms_trend,aggregate,10,1.67,2011-01-01 04:24:30,2011-01-01 04:32:40,0.14,0.07222222222222222,0.06388888888888888,0.0,0.5306122448979592,0.07222222222222222,0.0,True,65,3,1,True,False,terminal
FEMTO,Bearing3_2,42,3σ Rule (σ=3.0),three_sigma,aggregate,10,1.67,2011-01-01 04:24:30,2011-01-01 04:32:40,0.14,0.5722222222222222,,1.639344262295082,4.204081632653061,0.5722222222222222,0.0,True,65,3,1,True,False,terminal
FEMTO,Bearing3_2,42,"EWMA (λ=0.2, k=3.0)",ewma,aggregate,10,1.67,2011-01-01 04:24:30,2011-01-01 04:32:40,0.14,0.5444444444444444,,14.754098360655737,4.0,0.5444444444444444,0.0,False,65,3,1,True,False,terminal
FEMTO,Bearing3_2,42,"CUSUM (k=0.5, h=5.0)",cusum,aggregate,10,1.67,2011-01-01 04:24:30,2011-01-01 04:32:40,0.14,0.5166666666666667,,22.950819672131146,3.7959183673469394,0.5166666666666667,0.0,False,65,3,1,True,False,terminal
FEMTO,Bearing3_2,42,Hotelling T²,hotelling_t2,aggregate,10,1.67,2011-01-01 04:24:30,2011-01-01 04:32:40,0.14,0.6,,19.672131147540984,4.408163265306123,0.6,0.0,False,65,3,1,True,False,terminal
FEMTO,Bearing3_2,42,Isolation Forest,isolation_forest,aggregate,10,1.67,2011-01-01 04:24:30,2011-01-01 04:32:40,0.14,0.6,,9.836065573770492,4.408163265306123,0.6,0.0,True,65,3,1,True,False,terminal
FEMTO,Bearing3_2,42,Deep SVDD,deep_svdd,aggregate,10,1.67,2011-01-01 04:24:30,2011-01-01 04:32:40,0.14,0.044444444444444446,0.09166666666666666,0.0,0.326530612244898,0.044444444444444446,0.0,True,65,3,1,True,False,terminal
FEMTO,Bearing3_2,42,LSTM-Autoencoder,lstm_ae,aggregate,10,1.67,2011-01-01 04:24:30,2011-01-01 04:32:40,0.14,0.5722222222222222,,26.229508196721312,4.204081632653061,0.5722222222222222,0.0,False,65,3,1,True,False,terminal
FEMTO,Bearing3_2,42,TCN-Autoencoder,tcn,aggregate,10,1.67,2011-01-01 04:24:30,2011-01-01 04:32:40,0.14,0.5722222222222222,,26.229508196721312,4.204081632653061,0.5722222222222222,0.0,False,65,3,1,True,False,terminal
FEMTO,Bearing3_2,42,Transformer-AD,transformer_ad,aggregate,10,1.67,2011-01-01 04:24:30,2011-01-01 04:32:40,0.14,0.5722222222222222,,26.229508196721312,4.204081632653061,0.5722222222222222,0.0,False,65,3,1,True,False,terminal
FEMTO,Bearing3_2,42,RMS-Trend (kσ),rms_trend,aggregate,20,3.33,2011-01-01 04:24:30,2011-01-01 04:32:40,0.14,0.1,0.03611111111111111,0.0,0.7346938775510206,0.1,0.0,True,32,3,1,True,False,terminal
FEMTO,Bearing3_2,42,3σ Rule (σ=3.0),three_sigma,aggregate,20,3.33,2011-01-01 04:24:30,2011-01-01 04:32:40,0.14,0.6,,3.225806451612903,4.408163265306123,0.6,0.0,True,32,3,1,True,False,terminal
FEMTO,Bearing3_2,42,"EWMA (λ=0.2, k=3.0)",ewma,aggregate,20,3.33,2011-01-01 04:24:30,2011-01-01 04:32:40,0.14,0.5444444444444444,,25.806451612903224,4.0,0.5444444444444444,0.0,False,32,3,1,True,False,terminal
FEMTO,Bearing3_2,42,"CUSUM (k=0.5, h=5.0)",cusum,aggregate,20,3.33,2011-01-01 04:24:30,2011-01-01 04:32:40,0.14,0.5444444444444444,,25.806451612903224,4.0,0.5444444444444444,0.0,False,32,3,1,True,False,terminal
FEMTO,Bearing3_2,42,Hotelling T²,hotelling_t2,aggregate,20,3.33,2011-01-01 04:24:30,2011-01-01 04:32:40,0.14,0.6555555555555556,,29.03225806451613,4.816326530612245,0.6555555555555556,0.0,False,32,3,1,True,False,terminal
FEMTO,Bearing3_2,42,Isolation Forest,isolation_forest,aggregate,20,3.33,2011-01-01 04:24:30,2011-01-01 04:32:40,0.14,0.6,,16.129032258064516,4.408163265306123,0.6,0.0,False,32,3,1,True,False,terminal
FEMTO,Bearing3_2,42,Deep SVDD,deep_svdd,aggregate,20,3.33,2011-01-01 04:24:30,2011-01-01 04:32:40,0.14,0.1,0.03611111111111111,0.0,0.7346938775510206,0.1,0.0,True,32,3,1,True,False,terminal
FEMTO,Bearing3_2,42,LSTM-Autoencoder,lstm_ae,aggregate,20,3.33,2011-01-01 04:24:30,2011-01-01 04:32:40,0.14,1.8222222222222222,,100.0,13.387755102040817,0.0,100.0,False,32,3,1,True,False,terminal
FEMTO,Bearing3_2,42,TCN-Autoencoder,tcn,aggregate,20,3.33,2011-01-01 04:24:30,2011-01-01 04:32:40,0.14,1.8222222222222222,,100.0,13.387755102040817,0.0,100.0,False,32,3,1,True,False,terminal
FEMTO,Bearing3_2,42,Transformer-AD,transformer_ad,aggregate,20,3.33,2011-01-01 04:24:30,2011-01-01 04:32:40,0.14,1.8222222222222222,,100.0,13.387755102040817,0.0,100.0,False,32,3,1,True,False,terminal
FEMTO,Bearing3_2,42,RMS-Trend (kσ),rms_trend,decimate,1,0.17,2011-01-01 04:24:30,2011-01-01 04:32:40,0.14,0.044444444444444446,0.09166666666666666,0.0,0.326530612244898,0.044444444444444446,0.0,True,131,10,3,False,False,terminal
FEMTO,Bearing3_2,42,3σ Rule (σ=3.0),three_sigma,decimate,1,0.17,2011-01-01 04:24:30,2011-01-01 04:32:40,0.14,0.044444444444444446,0.09166666666666666,0.0,0.326530612244898,0.044444444444444446,0.0,True,131,10,3,False,False,terminal
FEMTO,Bearing3_2,42,"EWMA (λ=0.2, k=3.0)",ewma,decimate,1,0.17,2011-01-01 04:24:30,2011-01-01 04:32:40,0.14,0.1,0.03611111111111111,0.0,0.7346938775510206,0.1,0.0,True,131,10,3,False,False,terminal
FEMTO,Bearing3_2,42,"CUSUM (k=0.5, h=5.0)",cusum,decimate,1,0.17,2011-01-01 04:24:30,2011-01-01 04:32:40,0.14,0.35,,2.459016393442623,2.5714285714285716,0.35,0.0,True,131,10,3,False,False,terminal
FEMTO,Bearing3_2,42,Hotelling T²,hotelling_t2,decimate,1,0.17,2011-01-01 04:24:30,2011-01-01 04:32:40,0.14,0.5722222222222222,,10.655737704918032,4.204081632653061,0.5722222222222222,0.0,False,131,10,3,False,False,terminal
FEMTO,Bearing3_2,42,Isolation Forest,isolation_forest,decimate,1,0.17,2011-01-01 04:24:30,2011-01-01 04:32:40,0.14,0.5305555555555556,,2.459016393442623,3.89795918367347,0.5305555555555556,0.0,True,131,10,3,False,False,terminal
FEMTO,Bearing3_2,42,Deep SVDD,deep_svdd,decimate,1,0.17,2011-01-01 04:24:30,2011-01-01 04:32:40,0.14,0.0,,0.0,0.0,0.0,0.0,False,131,10,3,False,False,terminal
FEMTO,Bearing3_2,42,LSTM-Autoencoder,lstm_ae,decimate,1,0.17,2011-01-01 04:24:30,2011-01-01 04:32:40,0.14,0.5305555555555556,,23.770491803278688,3.89795918367347,0.5305555555555556,0.0,False,131,10,3,False,False,terminal
FEMTO,Bearing3_2,42,TCN-Autoencoder,tcn,decimate,1,0.17,2011-01-01 04:24:30,2011-01-01 04:32:40,0.14,0.5444444444444444,,24.59016393442623,4.0,0.5444444444444444,0.0,False,131,10,3,False,False,terminal
FEMTO,Bearing3_2,42,Transformer-AD,transformer_ad,decimate,1,0.17,2011-01-01 04:24:30,2011-01-01 04:32:40,0.14,0.5166666666666667,,22.950819672131146,3.7959183673469394,0.5166666666666667,0.0,False,131,10,3,False,False,terminal
FEMTO,Bearing3_2,42,RMS-Trend (kσ),rms_trend,decimate,2,0.33,2011-01-01 04:24:30,2011-01-01 04:32:40,0.14,0.5666666666666667,,5.921052631578947,4.163265306122449,0.5666666666666667,0.0,True,164,5,4,False,False,terminal
FEMTO,Bearing3_2,42,3σ Rule (σ=3.0),three_sigma,decimate,2,0.33,2011-01-01 04:24:30,2011-01-01 04:32:40,0.14,0.5666666666666667,,8.552631578947368,4.163265306122449,0.5666666666666667,0.0,True,164,5,4,False,False,terminal
FEMTO,Bearing3_2,42,"EWMA (λ=0.2, k=3.0)",ewma,decimate,2,0.33,2011-01-01 04:24:30,2011-01-01 04:32:40,0.14,0.05555555555555555,0.08055555555555556,0.0,0.40816326530612246,0.05555555555555555,0.0,True,164,5,4,False,False,terminal
FEMTO,Bearing3_2,42,"CUSUM (k=0.5, h=5.0)",cusum,decimate,2,0.33,2011-01-01 04:24:30,2011-01-01 04:32:40,0.14,0.05555555555555555,0.08055555555555556,0.0,0.40816326530612246,0.05555555555555555,0.0,True,164,5,4,False,False,terminal
FEMTO,Bearing3_2,42,Hotelling T²,hotelling_t2,decimate,2,0.33,2011-01-01 04:24:30,2011-01-01 04:32:40,0.14,0.5777777777777777,,15.789473684210526,4.244897959183674,0.5777777777777777,0.0,False,164,5,4,False,False,terminal
FEMTO,Bearing3_2,42,Isolation Forest,isolation_forest,decimate,2,0.33,2011-01-01 04:24:30,2011-01-01 04:32:40,0.14,0.5777777777777777,,9.868421052631579,4.244897959183674,0.5777777777777777,0.0,True,164,5,4,False,False,terminal
FEMTO,Bearing3_2,42,Deep SVDD,deep_svdd,decimate,2,0.33,2011-01-01 04:24:30,2011-01-01 04:32:40,0.14,0.0,,0.0,0.0,0.0,0.0,False,164,5,4,False,False,terminal
FEMTO,Bearing3_2,42,LSTM-Autoencoder,lstm_ae,decimate,2,0.33,2011-01-01 04:24:30,2011-01-01 04:32:40,0.14,0.5555555555555556,,25.0,4.081632653061225,0.5555555555555556,0.0,False,164,5,4,False,False,terminal
FEMTO,Bearing3_2,42,TCN-Autoencoder,tcn,decimate,2,0.33,2011-01-01 04:24:30,2011-01-01 04:32:40,0.14,0.5666666666666667,,25.657894736842106,4.163265306122449,0.5666666666666667,0.0,False,164,5,4,False,False,terminal
FEMTO,Bearing3_2,42,Transformer-AD,transformer_ad,decimate,2,0.33,2011-01-01 04:24:30,2011-01-01 04:32:40,0.14,0.5444444444444444,,24.342105263157894,4.0,0.5444444444444444,0.0,False,164,5,4,False,False,terminal
FEMTO,Bearing3_2,42,RMS-Trend (kσ),rms_trend,decimate,5,0.83,2011-01-01 04:24:30,2011-01-01 04:32:40,0.14,0.030555555555555555,0.10555555555555556,0.0,0.22448979591836735,0.030555555555555555,0.0,True,131,3,2,True,False,terminal
FEMTO,Bearing3_2,42,3σ Rule (σ=3.0),three_sigma,decimate,5,0.83,2011-01-01 04:24:30,2011-01-01 04:32:40,0.14,0.5861111111111111,,17.21311475409836,4.306122448979592,0.5861111111111111,0.0,False,131,3,2,True,False,terminal
FEMTO,Bearing3_2,42,"EWMA (λ=0.2, k=3.0)",ewma,decimate,5,0.83,2011-01-01 04:24:30,2011-01-01 04:32:40,0.14,0.5722222222222222,,23.770491803278688,4.204081632653061,0.5722222222222222,0.0,False,131,3,2,True,False,terminal
FEMTO,Bearing3_2,42,"CUSUM (k=0.5, h=5.0)",cusum,decimate,5,0.83,2011-01-01 04:24:30,2011-01-01 04:32:40,0.14,0.5722222222222222,,26.229508196721312,4.204081632653061,0.5722222222222222,0.0,False,131,3,2,True,False,terminal
FEMTO,Bearing3_2,42,Hotelling T²,hotelling_t2,decimate,5,0.83,2011-01-01 04:24:30,2011-01-01 04:32:40,0.14,0.5861111111111111,,17.21311475409836,4.306122448979592,0.5861111111111111,0.0,False,131,3,2,True,False,terminal
FEMTO,Bearing3_2,42,Isolation Forest,isolation_forest,decimate,5,0.83,2011-01-01 04:24:30,2011-01-01 04:32:40,0.14,0.5861111111111111,,17.21311475409836,4.306122448979592,0.5861111111111111,0.0,False,131,3,2,True,False,terminal
FEMTO,Bearing3_2,42,Deep SVDD,deep_svdd,decimate,5,0.83,2011-01-01 04:24:30,2011-01-01 04:32:40,0.14,0.0,,0.0,0.0,0.0,0.0,False,131,3,2,True,False,terminal
FEMTO,Bearing3_2,42,LSTM-Autoencoder,lstm_ae,decimate,5,0.83,2011-01-01 04:24:30,2011-01-01 04:32:40,0.14,1.3083333333333333,,27.86885245901639,9.612244897959185,1.3083333333333333,0.0,False,131,3,2,True,False,terminal
FEMTO,Bearing3_2,42,TCN-Autoencoder,tcn,decimate,5,0.83,2011-01-01 04:24:30,2011-01-01 04:32:40,0.14,0.5722222222222222,,26.229508196721312,4.204081632653061,0.5722222222222222,0.0,False,131,3,2,True,False,terminal
FEMTO,Bearing3_2,42,Transformer-AD,transformer_ad,decimate,5,0.83,2011-01-01 04:24:30,2011-01-01 04:32:40,0.14,0.5722222222222222,,26.229508196721312,4.204081632653061,0.5722222222222222,0.0,False,131,3,2,True,False,terminal
FEMTO,Bearing3_2,42,RMS-Trend (kσ),rms_trend,decimate,10,1.67,2011-01-01 04:24:30,2011-01-01 04:32:40,0.14,0.044444444444444446,0.09166666666666666,0.0,0.326530612244898,0.044444444444444446,0.0,True,65,3,1,True,False,terminal
FEMTO,Bearing3_2,42,3σ Rule (σ=3.0),three_sigma,decimate,10,1.67,2011-01-01 04:24:30,2011-01-01 04:32:40,0.14,0.6,,14.754098360655737,4.408163265306123,0.6,0.0,False,65,3,1,True,False,terminal
FEMTO,Bearing3_2,42,"EWMA (λ=0.2, k=3.0)",ewma,decimate,10,1.67,2011-01-01 04:24:30,2011-01-01 04:32:40,0.14,0.5722222222222222,,21.311475409836063,4.204081632653061,0.5722222222222222,0.0,False,65,3,1,True,False,terminal
FEMTO,Bearing3_2,42,"CUSUM (k=0.5, h=5.0)",cusum,decimate,10,1.67,2011-01-01 04:24:30,2011-01-01 04:32:40,0.14,0.5444444444444444,,24.59016393442623,4.0,0.5444444444444444,0.0,False,65,3,1,True,False,terminal
FEMTO,Bearing3_2,42,Hotelling T²,hotelling_t2,decimate,10,1.67,2011-01-01 04:24:30,2011-01-01 04:32:40,0.14,0.6,,19.672131147540984,4.408163265306123,0.6,0.0,False,65,3,1,True,False,terminal
FEMTO,Bearing3_2,42,Isolation Forest,isolation_forest,decimate,10,1.67,2011-01-01 04:24:30,2011-01-01 04:32:40,0.14,0.6,,14.754098360655737,4.408163265306123,0.6,0.0,False,65,3,1,True,False,terminal
FEMTO,Bearing3_2,42,Deep SVDD,deep_svdd,decimate,10,1.67,2011-01-01 04:24:30,2011-01-01 04:32:40,0.14,0.044444444444444446,0.09166666666666666,0.0,0.326530612244898,0.044444444444444446,0.0,True,65,3,1,True,False,terminal
FEMTO,Bearing3_2,42,LSTM-Autoencoder,lstm_ae,decimate,10,1.67,2011-01-01 04:24:30,2011-01-01 04:32:40,0.14,0.5722222222222222,,26.229508196721312,4.204081632653061,0.5722222222222222,0.0,False,65,3,1,True,False,terminal
FEMTO,Bearing3_2,42,TCN-Autoencoder,tcn,decimate,10,1.67,2011-01-01 04:24:30,2011-01-01 04:32:40,0.14,0.5722222222222222,,26.229508196721312,4.204081632653061,0.5722222222222222,0.0,False,65,3,1,True,False,terminal
FEMTO,Bearing3_2,42,Transformer-AD,transformer_ad,decimate,10,1.67,2011-01-01 04:24:30,2011-01-01 04:32:40,0.14,0.5722222222222222,,26.229508196721312,4.204081632653061,0.5722222222222222,0.0,False,65,3,1,True,False,terminal
FEMTO,Bearing3_2,42,RMS-Trend (kσ),rms_trend,decimate,20,3.33,2011-01-01 04:24:30,2011-01-01 04:32:40,0.14,0.1,0.03611111111111111,0.0,0.7346938775510206,0.1,0.0,True,32,3,1,True,False,terminal
FEMTO,Bearing3_2,42,3σ Rule (σ=3.0),three_sigma,decimate,20,3.33,2011-01-01 04:24:30,2011-01-01 04:32:40,0.14,0.6,,19.35483870967742,4.408163265306123,0.6,0.0,False,32,3,1,True,False,terminal
FEMTO,Bearing3_2,42,"EWMA (λ=0.2, k=3.0)",ewma,decimate,20,3.33,2011-01-01 04:24:30,2011-01-01 04:32:40,0.14,0.6,,29.03225806451613,4.408163265306123,0.6,0.0,False,32,3,1,True,False,terminal
FEMTO,Bearing3_2,42,"CUSUM (k=0.5, h=5.0)",cusum,decimate,20,3.33,2011-01-01 04:24:30,2011-01-01 04:32:40,0.14,0.6,,29.03225806451613,4.408163265306123,0.6,0.0,False,32,3,1,True,False,terminal
FEMTO,Bearing3_2,42,Hotelling T²,hotelling_t2,decimate,20,3.33,2011-01-01 04:24:30,2011-01-01 04:32:40,0.14,0.6,,22.58064516129032,4.408163265306123,0.6,0.0,False,32,3,1,True,False,terminal
FEMTO,Bearing3_2,42,Isolation Forest,isolation_forest,decimate,20,3.33,2011-01-01 04:24:30,2011-01-01 04:32:40,0.14,0.6,,22.58064516129032,4.408163265306123,0.6,0.0,False,32,3,1,True,False,terminal
FEMTO,Bearing3_2,42,Deep SVDD,deep_svdd,decimate,20,3.33,2011-01-01 04:24:30,2011-01-01 04:32:40,0.14,0.1,0.03611111111111111,0.0,0.7346938775510206,0.1,0.0,True,32,3,1,True,False,terminal
FEMTO,Bearing3_2,42,LSTM-Autoencoder,lstm_ae,decimate,20,3.33,2011-01-01 04:24:30,2011-01-01 04:32:40,0.14,1.8222222222222222,,100.0,13.387755102040817,0.0,100.0,False,32,3,1,True,False,terminal
FEMTO,Bearing3_2,42,TCN-Autoencoder,tcn,decimate,20,3.33,2011-01-01 04:24:30,2011-01-01 04:32:40,0.14,1.8222222222222222,,100.0,13.387755102040817,0.0,100.0,False,32,3,1,True,False,terminal
FEMTO,Bearing3_2,42,Transformer-AD,transformer_ad,decimate,20,3.33,2011-01-01 04:24:30,2011-01-01 04:32:40,0.14,1.8222222222222222,,100.0,13.387755102040817,0.0,100.0,False,32,3,1,True,False,terminal
FEMTO,Bearing1_1,42,One-Class SVM (nu=0.05),one_class_svm,aggregate,1,0.17,2011-01-01 07:09:10,2011-01-01 07:47:00,0.63,1.7694444444444444,,37.43016759776536,2.806167400881057,1.7694444444444444,0.0,False,224,10,3,False,False,terminal
FEMTO,Bearing1_1,42,One-Class SVM (nu=0.05),one_class_svm,aggregate,2,0.33,2011-01-01 07:09:10,2011-01-01 07:47:00,0.63,1.1833333333333333,,12.053571428571429,1.8766519823788548,1.1833333333333333,0.0,False,280,5,4,False,False,terminal
FEMTO,Bearing1_1,42,One-Class SVM (nu=0.05),one_class_svm,aggregate,5,0.83,2011-01-01 07:09:10,2011-01-01 07:47:00,0.63,2.1166666666666667,,45.81005586592179,3.3568281938325994,2.1166666666666667,0.0,False,224,3,2,True,False,terminal
FEMTO,Bearing1_1,42,One-Class SVM (nu=0.05),one_class_svm,aggregate,10,1.67,2011-01-01 07:09:10,2011-01-01 07:47:00,0.63,2.672222222222222,,75.55555555555556,4.237885462555066,2.672222222222222,0.0,False,112,3,1,True,False,terminal
FEMTO,Bearing1_1,42,One-Class SVM (nu=0.05),one_class_svm,aggregate,20,3.33,2011-01-01 07:09:10,2011-01-01 07:47:00,0.63,2.8944444444444444,,88.88888888888889,4.590308370044053,2.8944444444444444,0.0,False,56,3,1,True,False,terminal
FEMTO,Bearing1_1,42,One-Class SVM (nu=0.05),one_class_svm,decimate,1,0.17,2011-01-01 07:09:10,2011-01-01 07:47:00,0.63,1.7694444444444444,,37.43016759776536,2.806167400881057,1.7694444444444444,0.0,False,224,10,3,False,False,terminal
FEMTO,Bearing1_1,42,One-Class SVM (nu=0.05),one_class_svm,decimate,2,0.33,2011-01-01 07:09:10,2011-01-01 07:47:00,0.63,1.0833333333333333,,1.7857142857142856,1.7180616740088106,1.0833333333333333,0.0,True,280,5,4,False,False,terminal
FEMTO,Bearing1_1,42,One-Class SVM (nu=0.05),one_class_svm,decimate,5,0.83,2011-01-01 07:09:10,2011-01-01 07:47:00,0.63,2.5194444444444444,,48.60335195530726,3.995594713656388,2.5194444444444444,0.0,False,224,3,2,True,False,terminal
FEMTO,Bearing1_1,42,One-Class SVM (nu=0.05),one_class_svm,decimate,10,1.67,2011-01-01 07:09:10,2011-01-01 07:47:00,0.63,2.088888888888889,,30.0,3.312775330396476,2.088888888888889,0.0,False,112,3,1,True,False,terminal
FEMTO,Bearing1_1,42,One-Class SVM (nu=0.05),one_class_svm,decimate,20,3.33,2011-01-01 07:09:10,2011-01-01 07:47:00,0.63,2.561111111111111,,48.888888888888886,4.061674008810573,2.561111111111111,0.0,False,56,3,1,True,False,terminal
FEMTO,Bearing1_2,42,One-Class SVM (nu=0.05),one_class_svm,aggregate,1,0.17,2011-01-01 02:18:00,2011-01-01 02:25:00,0.12,0.9722222222222222,,25.806451612903224,8.333333333333334,0.0,75.0,False,70,10,3,False,False,terminal
FEMTO,Bearing1_2,42,One-Class SVM (nu=0.05),one_class_svm,aggregate,2,0.33,2011-01-01 02:18:00,2011-01-01 02:25:00,0.12,0.9722222222222222,,19.480519480519483,8.333333333333334,0.0,100.0,False,87,5,4,False,False,terminal
FEMTO,Bearing1_2,42,One-Class SVM (nu=0.05),one_class_svm,aggregate,5,0.83,2011-01-01 02:18:00,2011-01-01 02:25:00,0.12,0.9722222222222222,,37.096774193548384,8.333333333333334,0.0,75.0,False,70,3,2,True,False,terminal
FEMTO,Bearing1_2,42,One-Class SVM (nu=0.05),one_class_svm,aggregate,10,1.67,2011-01-01 02:18:00,2011-01-01 02:25:00,0.12,0.9722222222222222,,77.41935483870968,8.333333333333334,0.0,100.0,False,35,3,1,True,False,terminal
FEMTO,Bearing1_2,42,One-Class SVM (nu=0.05),one_class_svm,aggregate,20,3.33,2011-01-01 02:18:00,2011-01-01 02:25:00,0.12,0.9722222222222222,,75.0,8.333333333333334,0.0,100.0,False,17,3,1,True,False,terminal
FEMTO,Bearing1_2,42,One-Class SVM (nu=0.05),one_class_svm,decimate,1,0.17,2011-01-01 02:18:00,2011-01-01 02:25:00,0.12,0.9722222222222222,,25.806451612903224,8.333333333333334,0.0,75.0,False,70,10,3,False,False,terminal
FEMTO,Bearing1_2,42,One-Class SVM (nu=0.05),one_class_svm,decimate,2,0.33,2011-01-01 02:18:00,2011-01-01 02:25:00,0.12,0.8944444444444445,,11.688311688311687,7.666666666666667,0.8944444444444445,0.0,False,87,5,4,False,False,terminal
FEMTO,Bearing1_2,42,One-Class SVM (nu=0.05),one_class_svm,decimate,5,0.83,2011-01-01 02:18:00,2011-01-01 02:25:00,0.12,0.9722222222222222,,25.806451612903224,8.333333333333334,0.0,50.0,False,70,3,2,True,False,terminal
FEMTO,Bearing1_2,42,One-Class SVM (nu=0.05),one_class_svm,decimate,10,1.67,2011-01-01 02:18:00,2011-01-01 02:25:00,0.12,0.9722222222222222,,74.19354838709677,8.333333333333334,0.0,100.0,False,35,3,1,True,False,terminal
FEMTO,Bearing1_2,42,One-Class SVM (nu=0.05),one_class_svm,decimate,20,3.33,2011-01-01 02:18:00,2011-01-01 02:25:00,0.12,0.9722222222222222,,93.75,8.333333333333334,0.0,100.0,False,17,3,1,True,False,terminal
FEMTO,Bearing2_1,42,One-Class SVM (nu=0.05),one_class_svm,aggregate,1,0.17,2011-01-01 02:29:20,2011-01-01 02:31:40,0.04,0.9305555555555556,,57.74647887323944,23.92857142857143,0.9305555555555556,0.0,False,73,10,3,False,False,terminal
FEMTO,Bearing2_1,42,One-Class SVM (nu=0.05),one_class_svm,aggregate,2,0.33,2011-01-01 02:29:20,2011-01-01 02:31:40,0.04,0.9277777777777778,,52.27272727272727,23.857142857142858,0.9277777777777778,0.0,False,91,5,4,False,False,terminal
FEMTO,Bearing2_1,42,One-Class SVM (nu=0.05),one_class_svm,aggregate,5,0.83,2011-01-01 02:29:20,2011-01-01 02:31:40,0.04,0.9166666666666666,,57.74647887323944,23.57142857142857,0.9166666666666666,0.0,False,73,3,2,True,False,terminal
FEMTO,Bearing2_1,42,One-Class SVM (nu=0.05),one_class_svm,aggregate,10,1.67,2011-01-01 02:29:20,2011-01-01 02:31:40,0.04,0.9444444444444444,,68.57142857142857,24.285714285714285,0.9444444444444444,0.0,False,36,3,1,True,False,terminal
FEMTO,Bearing2_1,42,One-Class SVM (nu=0.05),one_class_svm,aggregate,20,3.33,2011-01-01 02:29:20,2011-01-01 02:31:40,0.04,0.9722222222222222,,83.33333333333334,25.0,0.9722222222222222,0.0,False,18,3,1,True,False,terminal
FEMTO,Bearing2_1,42,One-Class SVM (nu=0.05),one_class_svm,decimate,1,0.17,2011-01-01 02:29:20,2011-01-01 02:31:40,0.04,0.9305555555555556,,57.74647887323944,23.92857142857143,0.9305555555555556,0.0,False,73,10,3,False,False,terminal
FEMTO,Bearing2_1,42,One-Class SVM (nu=0.05),one_class_svm,decimate,2,0.33,2011-01-01 02:29:20,2011-01-01 02:31:40,0.04,0.7388888888888889,,31.818181818181817,19.0,0.7388888888888889,0.0,False,91,5,4,False,False,terminal
FEMTO,Bearing2_1,42,One-Class SVM (nu=0.05),one_class_svm,decimate,5,0.83,2011-01-01 02:29:20,2011-01-01 02:31:40,0.04,0.9722222222222222,,67.6056338028169,25.0,0.0,25.0,False,73,3,2,True,False,terminal
FEMTO,Bearing2_1,42,One-Class SVM (nu=0.05),one_class_svm,decimate,10,1.67,2011-01-01 02:29:20,2011-01-01 02:31:40,0.04,0.9166666666666666,,60.0,23.57142857142857,0.9166666666666666,0.0,False,36,3,1,True,False,terminal
FEMTO,Bearing2_1,42,One-Class SVM (nu=0.05),one_class_svm,decimate,20,3.33,2011-01-01 02:29:20,2011-01-01 02:31:40,0.04,0.8055555555555556,,44.44444444444444,20.714285714285715,0.8055555555555556,0.0,False,18,3,1,True,False,terminal
FEMTO,Bearing2_2,42,One-Class SVM (nu=0.05),one_class_svm,aggregate,1,0.17,2011-01-01 02:10:40,2011-01-01 02:12:40,0.03,0.8916666666666667,,87.09677419354838,26.750000000000004,0.0,100.0,False,64,10,3,False,False,terminal
FEMTO,Bearing2_2,42,One-Class SVM (nu=0.05),one_class_svm,aggregate,2,0.33,2011-01-01 02:10:40,2011-01-01 02:12:40,0.03,0.8888888888888888,,84.4155844155844,26.666666666666664,0.0,100.0,False,80,5,4,False,False,terminal
FEMTO,Bearing2_2,42,One-Class SVM (nu=0.05),one_class_svm,aggregate,5,0.83,2011-01-01 02:10:40,2011-01-01 02:12:40,0.03,0.8916666666666667,,96.7741935483871,26.750000000000004,0.0,100.0,False,64,3,2,True,False,terminal
FEMTO,Bearing2_2,42,One-Class SVM (nu=0.05),one_class_svm,aggregate,10,1.67,2011-01-01 02:10:40,2011-01-01 02:12:40,0.03,0.9055555555555556,,100.0,27.166666666666668,0.0,100.0,False,32,3,1,True,False,terminal
FEMTO,Bearing2_2,42,One-Class SVM (nu=0.05),one_class_svm,aggregate,20,3.33,2011-01-01 02:10:40,2011-01-01 02:12:40,0.03,0.9333333333333333,,100.0,28.0,0.0,100.0,False,16,3,1,True,False,terminal
FEMTO,Bearing2_2,42,One-Class SVM (nu=0.05),one_class_svm,decimate,1,0.17,2011-01-01 02:10:40,2011-01-01 02:12:40,0.03,0.8916666666666667,,87.09677419354838,26.750000000000004,0.0,100.0,False,64,10,3,False,False,terminal
FEMTO,Bearing2_2,42,One-Class SVM (nu=0.05),one_class_svm,decimate,2,0.33,2011-01-01 02:10:40,2011-01-01 02:12:40,0.03,0.8888888888888888,,53.246753246753244,26.666666666666664,0.0,100.0,False,80,5,4,False,False,terminal
FEMTO,Bearing2_2,42,One-Class SVM (nu=0.05),one_class_svm,decimate,5,0.83,2011-01-01 02:10:40,2011-01-01 02:12:40,0.03,0.8916666666666667,,79.03225806451613,26.750000000000004,0.0,100.0,False,64,3,2,True,False,terminal
FEMTO,Bearing2_2,42,One-Class SVM (nu=0.05),one_class_svm,decimate,10,1.67,2011-01-01 02:10:40,2011-01-01 02:12:40,0.03,0.9055555555555556,,96.875,27.166666666666668,0.0,100.0,False,32,3,1,True,False,terminal
FEMTO,Bearing2_2,42,One-Class SVM (nu=0.05),one_class_svm,decimate,20,3.33,2011-01-01 02:10:40,2011-01-01 02:12:40,0.03,0.9333333333333333,,100.0,28.0,0.0,100.0,False,16,3,1,True,False,terminal
FEMTO,Bearing3_1,42,One-Class SVM (nu=0.05),one_class_svm,aggregate,1,0.17,2011-01-01 01:21:00,2011-01-01 01:25:40,0.08,0.5666666666666667,,69.44444444444444,7.285714285714286,0.0,100.0,False,41,10,3,False,False,terminal
FEMTO,Bearing3_1,42,One-Class SVM (nu=0.05),one_class_svm,aggregate,2,0.33,2011-01-01 01:21:00,2011-01-01 01:25:40,0.08,0.3277777777777778,,51.11111111111111,4.214285714285714,0.3277777777777778,0.0,False,51,5,4,False,False,terminal
FEMTO,Bearing3_1,42,One-Class SVM (nu=0.05),one_class_svm,aggregate,5,0.83,2011-01-01 01:21:00,2011-01-01 01:25:40,0.08,0.5805555555555556,,83.78378378378379,7.464285714285714,0.0,100.0,False,41,3,2,True,False,terminal
FEMTO,Bearing3_1,42,One-Class SVM (nu=0.05),one_class_svm,aggregate,10,1.67,2011-01-01 01:21:00,2011-01-01 01:25:40,0.08,0.5666666666666667,,100.0,7.285714285714286,0.0,100.0,False,20,3,1,True,False,terminal
FEMTO,Bearing3_1,42,One-Class SVM (nu=0.05),one_class_svm,aggregate,20,3.33,2011-01-01 01:21:00,2011-01-01 01:25:40,0.08,0.5944444444444444,,100.0,7.642857142857142,0.0,100.0,False,10,3,1,True,False,terminal
FEMTO,Bearing3_1,42,One-Class SVM (nu=0.05),one_class_svm,decimate,1,0.17,2011-01-01 01:21:00,2011-01-01 01:25:40,0.08,0.5666666666666667,,69.44444444444444,7.285714285714286,0.0,100.0,False,41,10,3,False,False,terminal
FEMTO,Bearing3_1,42,One-Class SVM (nu=0.05),one_class_svm,decimate,2,0.33,2011-01-01 01:21:00,2011-01-01 01:25:40,0.08,0.29444444444444445,,44.44444444444444,3.7857142857142856,0.29444444444444445,0.0,False,51,5,4,False,False,terminal
FEMTO,Bearing3_1,42,One-Class SVM (nu=0.05),one_class_svm,decimate,5,0.83,2011-01-01 01:21:00,2011-01-01 01:25:40,0.08,0.5111111111111111,,67.56756756756756,6.571428571428571,0.5111111111111111,0.0,False,41,3,2,True,False,terminal
FEMTO,Bearing3_1,42,One-Class SVM (nu=0.05),one_class_svm,decimate,10,1.67,2011-01-01 01:21:00,2011-01-01 01:25:40,0.08,0.5111111111111111,,83.33333333333334,6.571428571428571,0.5111111111111111,0.0,False,20,3,1,True,False,terminal
FEMTO,Bearing3_1,42,One-Class SVM (nu=0.05),one_class_svm,decimate,20,3.33,2011-01-01 01:21:00,2011-01-01 01:25:40,0.08,0.5944444444444444,,100.0,7.642857142857142,0.0,100.0,False,10,3,1,True,False,terminal
FEMTO,Bearing3_2,42,One-Class SVM (nu=0.05),one_class_svm,aggregate,1,0.17,2011-01-01 04:24:30,2011-01-01 04:32:40,0.14,0.5722222222222222,,19.672131147540984,4.204081632653061,0.5722222222222222,0.0,False,131,10,3,False,False,terminal
FEMTO,Bearing3_2,42,One-Class SVM (nu=0.05),one_class_svm,aggregate,2,0.33,2011-01-01 04:24:30,2011-01-01 04:32:40,0.14,0.5777777777777777,,19.078947368421055,4.244897959183674,0.5777777777777777,0.0,False,164,5,4,False,False,terminal
FEMTO,Bearing3_2,42,One-Class SVM (nu=0.05),one_class_svm,aggregate,5,0.83,2011-01-01 04:24:30,2011-01-01 04:32:40,0.14,0.5861111111111111,,18.852459016393443,4.306122448979592,0.5861111111111111,0.0,False,131,3,2,True,False,terminal
FEMTO,Bearing3_2,42,One-Class SVM (nu=0.05),one_class_svm,aggregate,10,1.67,2011-01-01 04:24:30,2011-01-01 04:32:40,0.14,0.6,,19.672131147540984,4.408163265306123,0.6,0.0,False,65,3,1,True,False,terminal
FEMTO,Bearing3_2,42,One-Class SVM (nu=0.05),one_class_svm,aggregate,20,3.33,2011-01-01 04:24:30,2011-01-01 04:32:40,0.14,0.6555555555555556,,29.03225806451613,4.816326530612245,0.6555555555555556,0.0,False,32,3,1,True,False,terminal
FEMTO,Bearing3_2,42,One-Class SVM (nu=0.05),one_class_svm,decimate,1,0.17,2011-01-01 04:24:30,2011-01-01 04:32:40,0.14,0.5722222222222222,,19.672131147540984,4.204081632653061,0.5722222222222222,0.0,False,131,10,3,False,False,terminal
FEMTO,Bearing3_2,42,One-Class SVM (nu=0.05),one_class_svm,decimate,2,0.33,2011-01-01 04:24:30,2011-01-01 04:32:40,0.14,0.5666666666666667,,8.552631578947368,4.163265306122449,0.5666666666666667,0.0,True,164,5,4,False,False,terminal
FEMTO,Bearing3_2,42,One-Class SVM (nu=0.05),one_class_svm,decimate,5,0.83,2011-01-01 04:24:30,2011-01-01 04:32:40,0.14,1.1,,29.508196721311474,8.081632653061225,1.1,0.0,False,131,3,2,True,False,terminal
FEMTO,Bearing3_2,42,One-Class SVM (nu=0.05),one_class_svm,decimate,10,1.67,2011-01-01 04:24:30,2011-01-01 04:32:40,0.14,1.7666666666666666,,59.01639344262295,12.979591836734695,0.0,50.0,False,65,3,1,True,False,terminal
FEMTO,Bearing3_2,42,One-Class SVM (nu=0.05),one_class_svm,decimate,20,3.33,2011-01-01 04:24:30,2011-01-01 04:32:40,0.14,1.7666666666666666,,58.06451612903226,12.979591836734695,0.0,50.0,False,32,3,1,True,False,terminal
