dataset,run,seed,method,short_name,mode,factor,effective_interval_min,t_onset,t_fail,max_lead_hours,lead_time_hours,detection_delay_hours,far_preonset_pct,lead_norm,vlt_legacy_hours,far_legacy_pct,valid_alarm,n_test_windows,window_rows,persistence_windows,window_floored,control,onset_method,persistence,schema
IMS,1st_test,42,RMS-Trend (kσ),rms_trend,aggregate,1,50.0,2003-11-25 10:47:00,2003-11-25 23:39:56,12.88,7.5488888888888885,5.333333333333333,0.0,0.5859927548732102,7.5488888888888885,0.0,True,172,10,1,False,True,terminal,1,invariant
IMS,1st_test,42,3σ Rule (σ=3.0),three_sigma,aggregate,1,50.0,2003-11-25 10:47:00,2003-11-25 23:39:56,12.88,152.23222222222222,,44.24242424242424,11.817233051578404,152.23222222222222,0.0,False,172,10,1,False,True,terminal,1,invariant
IMS,1st_test,42,"EWMA (λ=0.2, k=3.0)",ewma,aggregate,1,50.0,2003-11-25 10:47:00,2003-11-25 23:39:56,12.88,152.23222222222222,,63.63636363636363,11.817233051578404,152.23222222222222,0.0,False,172,10,1,False,True,terminal,1,invariant
IMS,1st_test,42,"CUSUM (k=0.5, h=5.0)",cusum,aggregate,1,50.0,2003-11-25 10:47:00,2003-11-25 23:39:56,12.88,114.93222222222222,,57.57575757575758,8.921769880972917,114.93222222222222,0.0,False,172,10,1,False,True,terminal,1,invariant
IMS,1st_test,42,Hotelling T²,hotelling_t2,aggregate,1,50.0,2003-11-25 10:47:00,2003-11-25 23:39:56,12.88,158.56555555555556,,69.6969696969697,12.308866655166467,158.56555555555556,0.0,False,172,10,1,False,True,terminal,1,invariant
IMS,1st_test,42,Isolation Forest,isolation_forest,aggregate,1,50.0,2003-11-25 10:47:00,2003-11-25 23:39:56,12.88,158.56555555555556,,76.36363636363637,12.308866655166467,158.56555555555556,0.0,False,172,10,1,False,True,terminal,1,invariant
IMS,1st_test,42,RMS-Trend (kσ),rms_trend,aggregate,2,100.0,2003-11-25 10:47:00,2003-11-25 23:39:56,12.88,151.39888888888888,,28.04878048780488,11.752544419527341,151.39888888888888,0.0,False,86,10,1,False,True,terminal,1,invariant
IMS,1st_test,42,3σ Rule (σ=3.0),three_sigma,aggregate,2,100.0,2003-11-25 10:47:00,2003-11-25 23:39:56,12.88,151.39888888888888,,48.78048780487805,11.752544419527341,151.39888888888888,0.0,False,86,10,1,False,True,terminal,1,invariant
IMS,1st_test,42,"EWMA (λ=0.2, k=3.0)",ewma,aggregate,2,100.0,2003-11-25 10:47:00,2003-11-25 23:39:56,12.88,151.39888888888888,,62.19512195121951,11.752544419527341,151.39888888888888,0.0,False,86,10,1,False,True,terminal,1,invariant
IMS,1st_test,42,"CUSUM (k=0.5, h=5.0)",cusum,aggregate,2,100.0,2003-11-25 10:47:00,2003-11-25 23:39:56,12.88,114.0988888888889,,57.3170731707317,8.857081248921856,114.0988888888889,0.0,False,86,10,1,False,True,terminal,1,invariant
IMS,1st_test,42,Hotelling T²,hotelling_t2,aggregate,2,100.0,2003-11-25 10:47:00,2003-11-25 23:39:56,12.88,156.39888888888888,,75.60975609756098,12.140676211833707,156.39888888888888,0.0,False,86,10,1,False,True,terminal,1,invariant
IMS,1st_test,42,Isolation Forest,isolation_forest,aggregate,2,100.0,2003-11-25 10:47:00,2003-11-25 23:39:56,12.88,156.39888888888888,,71.95121951219512,12.140676211833707,156.39888888888888,0.0,False,86,10,1,False,True,terminal,1,invariant
IMS,1st_test,42,RMS-Trend (kσ),rms_trend,aggregate,5,250.0,2003-11-25 10:47:00,2003-11-25 23:39:56,12.88,42.14888888888889,,3.0303030303030303,3.2718647576332587,42.14888888888889,0.0,True,35,10,1,False,True,terminal,1,invariant
IMS,1st_test,42,3σ Rule (σ=3.0),three_sigma,aggregate,5,250.0,2003-11-25 10:47:00,2003-11-25 23:39:56,12.88,150.56555555555556,,57.57575757575758,11.687855787476282,150.56555555555556,0.0,False,35,10,1,False,True,terminal,1,invariant
IMS,1st_test,42,"EWMA (λ=0.2, k=3.0)",ewma,aggregate,5,250.0,2003-11-25 10:47:00,2003-11-25 23:39:56,12.88,114.0988888888889,,57.57575757575758,8.857081248921856,114.0988888888889,0.0,False,35,10,1,False,True,terminal,1,invariant
IMS,1st_test,42,"CUSUM (k=0.5, h=5.0)",cusum,aggregate,5,250.0,2003-11-25 10:47:00,2003-11-25 23:39:56,12.88,114.0988888888889,,57.57575757575758,8.857081248921856,114.0988888888889,0.0,False,35,10,1,False,True,terminal,1,invariant
IMS,1st_test,42,Hotelling T²,hotelling_t2,aggregate,5,250.0,2003-11-25 10:47:00,2003-11-25 23:39:56,12.88,154.73222222222222,,78.78787878787878,12.011298947731586,154.73222222222222,0.0,False,35,10,1,False,True,terminal,1,invariant
IMS,1st_test,42,Isolation Forest,isolation_forest,aggregate,5,250.0,2003-11-25 10:47:00,2003-11-25 23:39:56,12.88,118.26555555555555,,60.60606060606061,9.18052440917716,118.26555555555555,0.0,False,35,10,1,False,True,terminal,1,invariant
IMS,1st_test,42,RMS-Trend (kσ),rms_trend,aggregate,10,500.0,2003-11-25 10:47:00,2003-11-25 23:39:56,12.88,7.5488888888888885,5.333333333333333,0.0,0.5859927548732102,7.5488888888888885,0.0,True,18,10,1,False,True,terminal,1,invariant
IMS,1st_test,42,3σ Rule (σ=3.0),three_sigma,aggregate,10,500.0,2003-11-25 10:47:00,2003-11-25 23:39:56,12.88,146.39888888888888,,58.82352941176471,11.364412627220975,146.39888888888888,0.0,False,18,10,1,False,True,terminal,1,invariant
IMS,1st_test,42,"EWMA (λ=0.2, k=3.0)",ewma,aggregate,10,500.0,2003-11-25 10:47:00,2003-11-25 23:39:56,12.88,114.0988888888889,,58.82352941176471,8.857081248921856,114.0988888888889,0.0,False,18,10,1,False,True,terminal,1,invariant
IMS,1st_test,42,"CUSUM (k=0.5, h=5.0)",cusum,aggregate,10,500.0,2003-11-25 10:47:00,2003-11-25 23:39:56,12.88,114.0988888888889,,58.82352941176471,8.857081248921856,114.0988888888889,0.0,False,18,10,1,False,True,terminal,1,invariant
IMS,1st_test,42,Hotelling T²,hotelling_t2,aggregate,10,500.0,2003-11-25 10:47:00,2003-11-25 23:39:56,12.88,154.73222222222222,,82.35294117647058,12.011298947731586,154.73222222222222,0.0,False,18,10,1,False,True,terminal,1,invariant
IMS,1st_test,42,Isolation Forest,isolation_forest,aggregate,10,500.0,2003-11-25 10:47:00,2003-11-25 23:39:56,12.88,114.0988888888889,,58.82352941176471,8.857081248921856,114.0988888888889,0.0,False,18,10,1,False,True,terminal,1,invariant
IMS,1st_test,42,RMS-Trend (kσ),rms_trend,aggregate,20,1160.0,2003-11-25 10:47:00,2003-11-25 23:39:56,12.88,7.5488888888888885,5.333333333333333,0.0,0.5859927548732102,7.5488888888888885,0.0,True,9,10,1,False,True,terminal,1,invariant
IMS,1st_test,42,3σ Rule (σ=3.0),three_sigma,aggregate,20,1160.0,2003-11-25 10:47:00,2003-11-25 23:39:56,12.88,101.23222222222222,,62.5,7.858288770053476,101.23222222222222,0.0,False,9,10,1,False,True,terminal,1,invariant
IMS,1st_test,42,"EWMA (λ=0.2, k=3.0)",ewma,aggregate,20,1160.0,2003-11-25 10:47:00,2003-11-25 23:39:56,12.88,101.23222222222222,,62.5,7.858288770053476,101.23222222222222,0.0,False,9,10,1,False,True,terminal,1,invariant
IMS,1st_test,42,"CUSUM (k=0.5, h=5.0)",cusum,aggregate,20,1160.0,2003-11-25 10:47:00,2003-11-25 23:39:56,12.88,101.23222222222222,,62.5,7.858288770053476,101.23222222222222,0.0,False,9,10,1,False,True,terminal,1,invariant
IMS,1st_test,42,Hotelling T²,hotelling_t2,aggregate,20,1160.0,2003-11-25 10:47:00,2003-11-25 23:39:56,12.88,178.13222222222223,,100.0,13.827755735725376,0.0,100.0,False,9,10,1,False,True,terminal,1,invariant
IMS,1st_test,42,Isolation Forest,isolation_forest,aggregate,20,1160.0,2003-11-25 10:47:00,2003-11-25 23:39:56,12.88,101.23222222222222,,37.5,7.858288770053476,101.23222222222222,0.0,False,9,10,1,False,True,terminal,1,invariant
IMS,1st_test,42,RMS-Trend (kσ),rms_trend,decimate,1,50.0,2003-11-25 10:47:00,2003-11-25 23:39:56,12.88,7.5488888888888885,5.333333333333333,0.0,0.5859927548732102,7.5488888888888885,0.0,True,172,10,1,False,True,terminal,1,invariant
IMS,1st_test,42,3σ Rule (σ=3.0),three_sigma,decimate,1,50.0,2003-11-25 10:47:00,2003-11-25 23:39:56,12.88,152.23222222222222,,44.24242424242424,11.817233051578404,152.23222222222222,0.0,False,172,10,1,False,True,terminal,1,invariant
IMS,1st_test,42,"EWMA (λ=0.2, k=3.0)",ewma,decimate,1,50.0,2003-11-25 10:47:00,2003-11-25 23:39:56,12.88,152.23222222222222,,63.63636363636363,11.817233051578404,152.23222222222222,0.0,False,172,10,1,False,True,terminal,1,invariant
IMS,1st_test,42,"CUSUM (k=0.5, h=5.0)",cusum,decimate,1,50.0,2003-11-25 10:47:00,2003-11-25 23:39:56,12.88,114.93222222222222,,57.57575757575758,8.921769880972917,114.93222222222222,0.0,False,172,10,1,False,True,terminal,1,invariant
IMS,1st_test,42,Hotelling T²,hotelling_t2,decimate,1,50.0,2003-11-25 10:47:00,2003-11-25 23:39:56,12.88,158.56555555555556,,69.6969696969697,12.308866655166467,158.56555555555556,0.0,False,172,10,1,False,True,terminal,1,invariant
IMS,1st_test,42,Isolation Forest,isolation_forest,decimate,1,50.0,2003-11-25 10:47:00,2003-11-25 23:39:56,12.88,158.56555555555556,,76.36363636363637,12.308866655166467,158.56555555555556,0.0,False,172,10,1,False,True,terminal,1,invariant
IMS,1st_test,42,RMS-Trend (kσ),rms_trend,decimate,2,100.0,2003-11-25 10:47:00,2003-11-25 23:39:56,12.88,152.23222222222222,,34.93975903614458,11.817233051578404,152.23222222222222,0.0,False,86,10,1,False,True,terminal,1,invariant
IMS,1st_test,42,3σ Rule (σ=3.0),three_sigma,decimate,2,100.0,2003-11-25 10:47:00,2003-11-25 23:39:56,12.88,152.23222222222222,,45.78313253012048,11.817233051578404,152.23222222222222,0.0,False,86,10,1,False,True,terminal,1,invariant
IMS,1st_test,42,"EWMA (λ=0.2, k=3.0)",ewma,decimate,2,100.0,2003-11-25 10:47:00,2003-11-25 23:39:56,12.88,152.23222222222222,,65.06024096385542,11.817233051578404,152.23222222222222,0.0,False,86,10,1,False,True,terminal,1,invariant
IMS,1st_test,42,"CUSUM (k=0.5, h=5.0)",cusum,decimate,2,100.0,2003-11-25 10:47:00,2003-11-25 23:39:56,12.88,114.93222222222222,,57.831325301204814,8.921769880972917,114.93222222222222,0.0,False,86,10,1,False,True,terminal,1,invariant
IMS,1st_test,42,Hotelling T²,hotelling_t2,decimate,2,100.0,2003-11-25 10:47:00,2003-11-25 23:39:56,12.88,158.56555555555556,,71.08433734939759,12.308866655166467,158.56555555555556,0.0,False,86,10,1,False,True,terminal,1,invariant
IMS,1st_test,42,Isolation Forest,isolation_forest,decimate,2,100.0,2003-11-25 10:47:00,2003-11-25 23:39:56,12.88,158.56555555555556,,72.28915662650603,12.308866655166467,158.56555555555556,0.0,False,86,10,1,False,True,terminal,1,invariant
IMS,1st_test,42,RMS-Trend (kσ),rms_trend,decimate,5,250.0,2003-11-25 10:47:00,2003-11-25 23:39:56,12.88,92.06555555555556,,11.76470588235294,7.146713817491807,92.06555555555556,0.0,False,35,10,1,False,True,terminal,1,invariant
IMS,1st_test,42,3σ Rule (σ=3.0),three_sigma,decimate,5,250.0,2003-11-25 10:47:00,2003-11-25 23:39:56,12.88,107.03222222222222,,44.11764705882353,8.30852164912886,107.03222222222222,0.0,False,35,10,1,False,True,terminal,1,invariant
IMS,1st_test,42,"EWMA (λ=0.2, k=3.0)",ewma,decimate,5,250.0,2003-11-25 10:47:00,2003-11-25 23:39:56,12.88,113.26555555555555,,55.88235294117647,8.792392616870796,113.26555555555555,0.0,False,35,10,1,False,True,terminal,1,invariant
IMS,1st_test,42,"CUSUM (k=0.5, h=5.0)",cusum,decimate,5,250.0,2003-11-25 10:47:00,2003-11-25 23:39:56,12.88,107.03222222222222,,52.94117647058824,8.30852164912886,107.03222222222222,0.0,False,35,10,1,False,True,terminal,1,invariant
IMS,1st_test,42,Hotelling T²,hotelling_t2,decimate,5,250.0,2003-11-25 10:47:00,2003-11-25 23:39:56,12.88,189.79888888888888,,73.52941176470588,14.733396584440229,189.79888888888888,0.0,False,35,10,1,False,True,terminal,1,invariant
IMS,1st_test,42,Isolation Forest,isolation_forest,decimate,5,250.0,2003-11-25 10:47:00,2003-11-25 23:39:56,12.88,127.8488888888889,,61.76470588235294,9.924443677764362,127.8488888888889,0.0,False,35,10,1,False,True,terminal,1,invariant
IMS,1st_test,42,RMS-Trend (kσ),rms_trend,decimate,10,500.0,2003-11-25 10:47:00,2003-11-25 23:39:56,12.88,92.06555555555556,,22.22222222222222,7.146713817491807,92.06555555555556,0.0,False,18,10,1,False,True,terminal,1,invariant
IMS,1st_test,42,3σ Rule (σ=3.0),three_sigma,decimate,10,500.0,2003-11-25 10:47:00,2003-11-25 23:39:56,12.88,92.06555555555556,,27.77777777777778,7.146713817491807,92.06555555555556,0.0,False,18,10,1,False,True,terminal,1,invariant
IMS,1st_test,42,"EWMA (λ=0.2, k=3.0)",ewma,decimate,10,500.0,2003-11-25 10:47:00,2003-11-25 23:39:56,12.88,100.39888888888889,,50.0,7.793600138002415,100.39888888888889,0.0,False,18,10,1,False,True,terminal,1,invariant
IMS,1st_test,42,"CUSUM (k=0.5, h=5.0)",cusum,decimate,10,500.0,2003-11-25 10:47:00,2003-11-25 23:39:56,12.88,100.39888888888889,,50.0,7.793600138002415,100.39888888888889,0.0,False,18,10,1,False,True,terminal,1,invariant
IMS,1st_test,42,Hotelling T²,hotelling_t2,decimate,10,500.0,2003-11-25 10:47:00,2003-11-25 23:39:56,12.88,153.89888888888888,,72.22222222222221,11.946610315680523,153.89888888888888,0.0,False,18,10,1,False,True,terminal,1,invariant
IMS,1st_test,42,Isolation Forest,isolation_forest,decimate,10,500.0,2003-11-25 10:47:00,2003-11-25 23:39:56,12.88,113.26555555555555,,44.44444444444444,8.792392616870796,113.26555555555555,0.0,False,18,10,1,False,True,terminal,1,invariant
IMS,1st_test,42,RMS-Trend (kσ),rms_trend,decimate,20,1160.0,2003-11-25 10:47:00,2003-11-25 23:39:56,12.88,64.39888888888889,,11.11111111111111,4.999051233396584,64.39888888888889,0.0,False,9,10,1,False,True,terminal,1,invariant
IMS,1st_test,42,3σ Rule (σ=3.0),three_sigma,decimate,20,1160.0,2003-11-25 10:47:00,2003-11-25 23:39:56,12.88,100.39888888888889,,55.55555555555556,7.793600138002415,100.39888888888889,0.0,False,9,10,1,False,True,terminal,1,invariant
IMS,1st_test,42,"EWMA (λ=0.2, k=3.0)",ewma,decimate,20,1160.0,2003-11-25 10:47:00,2003-11-25 23:39:56,12.88,100.39888888888889,,55.55555555555556,7.793600138002415,100.39888888888889,0.0,False,9,10,1,False,True,terminal,1,invariant
IMS,1st_test,42,"CUSUM (k=0.5, h=5.0)",cusum,decimate,20,1160.0,2003-11-25 10:47:00,2003-11-25 23:39:56,12.88,100.39888888888889,,55.55555555555556,7.793600138002415,100.39888888888889,0.0,False,9,10,1,False,True,terminal,1,invariant
IMS,1st_test,42,Hotelling T²,hotelling_t2,decimate,20,1160.0,2003-11-25 10:47:00,2003-11-25 23:39:56,12.88,177.29888888888888,,88.88888888888889,13.763067103674315,177.29888888888888,0.0,False,9,10,1,False,True,terminal,1,invariant
IMS,1st_test,42,Isolation Forest,isolation_forest,decimate,20,1160.0,2003-11-25 10:47:00,2003-11-25 23:39:56,12.88,100.39888888888889,,44.44444444444444,7.793600138002415,100.39888888888889,0.0,False,9,10,1,False,True,terminal,1,invariant
IMS,2nd_test,42,RMS-Trend (kσ),rms_trend,aggregate,1,50.0,2004-02-16 15:52:00,2004-02-19 06:22:00,62.5,2.1666666666666665,60.333333333333336,0.0,0.034666666666666665,2.1666666666666665,0.0,True,78,10,1,False,True,terminal,1,invariant
IMS,2nd_test,42,3σ Rule (σ=3.0),three_sigma,aggregate,1,50.0,2004-02-16 15:52:00,2004-02-19 06:22:00,62.5,56.333333333333336,6.166666666666667,0.0,0.9013333333333333,56.333333333333336,0.0,True,78,10,1,False,True,terminal,1,invariant
IMS,2nd_test,42,"EWMA (λ=0.2, k=3.0)",ewma,aggregate,1,50.0,2004-02-16 15:52:00,2004-02-19 06:22:00,62.5,55.5,7.0,0.0,0.888,55.5,0.0,True,78,10,1,False,True,terminal,1,invariant
IMS,2nd_test,42,"CUSUM (k=0.5, h=5.0)",cusum,aggregate,1,50.0,2004-02-16 15:52:00,2004-02-19 06:22:00,62.5,53.0,9.5,0.0,0.848,53.0,0.0,True,78,10,1,False,True,terminal,1,invariant
IMS,2nd_test,42,Hotelling T²,hotelling_t2,aggregate,1,50.0,2004-02-16 15:52:00,2004-02-19 06:22:00,62.5,56.333333333333336,6.166666666666667,0.0,0.9013333333333333,56.333333333333336,0.0,True,78,10,1,False,True,terminal,1,invariant
IMS,2nd_test,42,Isolation Forest,isolation_forest,aggregate,1,50.0,2004-02-16 15:52:00,2004-02-19 06:22:00,62.5,56.333333333333336,6.166666666666667,0.0,0.9013333333333333,56.333333333333336,0.0,True,78,10,1,False,True,terminal,1,invariant
IMS,2nd_test,42,RMS-Trend (kσ),rms_trend,aggregate,2,100.0,2004-02-16 15:52:00,2004-02-19 06:22:00,62.5,1.3333333333333333,61.166666666666664,0.0,0.021333333333333333,1.3333333333333333,0.0,True,40,10,1,False,True,terminal,1,invariant
IMS,2nd_test,42,3σ Rule (σ=3.0),three_sigma,aggregate,2,100.0,2004-02-16 15:52:00,2004-02-19 06:22:00,62.5,62.166666666666664,0.3333333333333333,0.0,0.9946666666666666,0.0,33.33333333333333,True,40,10,1,False,True,terminal,1,invariant
IMS,2nd_test,42,"EWMA (λ=0.2, k=3.0)",ewma,aggregate,2,100.0,2004-02-16 15:52:00,2004-02-19 06:22:00,62.5,55.5,7.0,0.0,0.888,55.5,0.0,True,40,10,1,False,True,terminal,1,invariant
IMS,2nd_test,42,"CUSUM (k=0.5, h=5.0)",cusum,aggregate,2,100.0,2004-02-16 15:52:00,2004-02-19 06:22:00,62.5,53.833333333333336,8.666666666666666,0.0,0.8613333333333334,53.833333333333336,0.0,True,40,10,1,False,True,terminal,1,invariant
IMS,2nd_test,42,Hotelling T²,hotelling_t2,aggregate,2,100.0,2004-02-16 15:52:00,2004-02-19 06:22:00,62.5,62.166666666666664,0.3333333333333333,0.0,0.9946666666666666,0.0,33.33333333333333,True,40,10,1,False,True,terminal,1,invariant
IMS,2nd_test,42,Isolation Forest,isolation_forest,aggregate,2,100.0,2004-02-16 15:52:00,2004-02-19 06:22:00,62.5,55.5,7.0,0.0,0.888,55.5,0.0,True,40,10,1,False,True,terminal,1,invariant
IMS,2nd_test,42,RMS-Trend (kσ),rms_trend,aggregate,5,250.0,2004-02-16 15:52:00,2004-02-19 06:22:00,62.5,1.3333333333333333,61.166666666666664,0.0,0.021333333333333333,1.3333333333333333,0.0,True,16,10,1,False,True,terminal,1,invariant
IMS,2nd_test,42,3σ Rule (σ=3.0),three_sigma,aggregate,5,250.0,2004-02-16 15:52:00,2004-02-19 06:22:00,62.5,59.666666666666664,2.8333333333333335,0.0,0.9546666666666667,59.666666666666664,0.0,True,16,10,1,False,True,terminal,1,invariant
IMS,2nd_test,42,"EWMA (λ=0.2, k=3.0)",ewma,aggregate,5,250.0,2004-02-16 15:52:00,2004-02-19 06:22:00,62.5,55.5,7.0,0.0,0.888,55.5,0.0,True,16,10,1,False,True,terminal,1,invariant
IMS,2nd_test,42,"CUSUM (k=0.5, h=5.0)",cusum,aggregate,5,250.0,2004-02-16 15:52:00,2004-02-19 06:22:00,62.5,55.5,7.0,0.0,0.888,55.5,0.0,True,16,10,1,False,True,terminal,1,invariant
IMS,2nd_test,42,Hotelling T²,hotelling_t2,aggregate,5,250.0,2004-02-16 15:52:00,2004-02-19 06:22:00,62.5,59.666666666666664,2.8333333333333335,0.0,0.9546666666666667,59.666666666666664,0.0,True,16,10,1,False,True,terminal,1,invariant
IMS,2nd_test,42,Isolation Forest,isolation_forest,aggregate,5,250.0,2004-02-16 15:52:00,2004-02-19 06:22:00,62.5,47.166666666666664,15.333333333333334,0.0,0.7546666666666666,47.166666666666664,0.0,True,16,10,1,False,True,terminal,1,invariant
IMS,2nd_test,42,RMS-Trend (kσ),rms_trend,aggregate,10,500.0,2004-02-16 15:52:00,2004-02-19 06:22:00,62.5,1.3333333333333333,61.166666666666664,,0.021333333333333333,1.3333333333333333,0.0,True,8,10,1,False,True,terminal,1,invariant
IMS,2nd_test,42,3σ Rule (σ=3.0),three_sigma,aggregate,10,500.0,2004-02-16 15:52:00,2004-02-19 06:22:00,62.5,55.5,7.0,,0.888,0.0,100.0,True,8,10,1,False,True,terminal,1,invariant
IMS,2nd_test,42,"EWMA (λ=0.2, k=3.0)",ewma,aggregate,10,500.0,2004-02-16 15:52:00,2004-02-19 06:22:00,62.5,55.5,7.0,,0.888,0.0,100.0,True,8,10,1,False,True,terminal,1,invariant
IMS,2nd_test,42,"CUSUM (k=0.5, h=5.0)",cusum,aggregate,10,500.0,2004-02-16 15:52:00,2004-02-19 06:22:00,62.5,55.5,7.0,,0.888,0.0,100.0,True,8,10,1,False,True,terminal,1,invariant
IMS,2nd_test,42,Hotelling T²,hotelling_t2,aggregate,10,500.0,2004-02-16 15:52:00,2004-02-19 06:22:00,62.5,55.5,7.0,,0.888,0.0,100.0,True,8,10,1,False,True,terminal,1,invariant
IMS,2nd_test,42,Isolation Forest,isolation_forest,aggregate,10,500.0,2004-02-16 15:52:00,2004-02-19 06:22:00,62.5,55.5,7.0,,0.888,0.0,100.0,True,8,10,1,False,True,terminal,1,invariant
IMS,2nd_test,42,RMS-Trend (kσ),rms_trend,aggregate,20,1000.0,2004-02-16 15:52:00,2004-02-19 06:22:00,62.5,1.3333333333333333,61.166666666666664,,0.021333333333333333,1.3333333333333333,0.0,True,4,10,1,False,True,terminal,1,invariant
IMS,2nd_test,42,3σ Rule (σ=3.0),three_sigma,aggregate,20,1000.0,2004-02-16 15:52:00,2004-02-19 06:22:00,62.5,47.166666666666664,15.333333333333334,,0.7546666666666666,0.0,100.0,True,4,10,1,False,True,terminal,1,invariant
IMS,2nd_test,42,"EWMA (λ=0.2, k=3.0)",ewma,aggregate,20,1000.0,2004-02-16 15:52:00,2004-02-19 06:22:00,62.5,47.166666666666664,15.333333333333334,,0.7546666666666666,0.0,100.0,True,4,10,1,False,True,terminal,1,invariant
IMS,2nd_test,42,"CUSUM (k=0.5, h=5.0)",cusum,aggregate,20,1000.0,2004-02-16 15:52:00,2004-02-19 06:22:00,62.5,47.166666666666664,15.333333333333334,,0.7546666666666666,0.0,100.0,True,4,10,1,False,True,terminal,1,invariant
IMS,2nd_test,42,Hotelling T²,hotelling_t2,aggregate,20,1000.0,2004-02-16 15:52:00,2004-02-19 06:22:00,62.5,47.166666666666664,15.333333333333334,,0.7546666666666666,0.0,100.0,True,4,10,1,False,True,terminal,1,invariant
IMS,2nd_test,42,Isolation Forest,isolation_forest,aggregate,20,1000.0,2004-02-16 15:52:00,2004-02-19 06:22:00,62.5,1.3333333333333333,61.166666666666664,,0.021333333333333333,1.3333333333333333,0.0,True,4,10,1,False,True,terminal,1,invariant
IMS,2nd_test,42,RMS-Trend (kσ),rms_trend,decimate,1,50.0,2004-02-16 15:52:00,2004-02-19 06:22:00,62.5,2.1666666666666665,60.333333333333336,0.0,0.034666666666666665,2.1666666666666665,0.0,True,78,10,1,False,True,terminal,1,invariant
IMS,2nd_test,42,3σ Rule (σ=3.0),three_sigma,decimate,1,50.0,2004-02-16 15:52:00,2004-02-19 06:22:00,62.5,56.333333333333336,6.166666666666667,0.0,0.9013333333333333,56.333333333333336,0.0,True,78,10,1,False,True,terminal,1,invariant
IMS,2nd_test,42,"EWMA (λ=0.2, k=3.0)",ewma,decimate,1,50.0,2004-02-16 15:52:00,2004-02-19 06:22:00,62.5,55.5,7.0,0.0,0.888,55.5,0.0,True,78,10,1,False,True,terminal,1,invariant
IMS,2nd_test,42,"CUSUM (k=0.5, h=5.0)",cusum,decimate,1,50.0,2004-02-16 15:52:00,2004-02-19 06:22:00,62.5,53.0,9.5,0.0,0.848,53.0,0.0,True,78,10,1,False,True,terminal,1,invariant
IMS,2nd_test,42,Hotelling T²,hotelling_t2,decimate,1,50.0,2004-02-16 15:52:00,2004-02-19 06:22:00,62.5,56.333333333333336,6.166666666666667,0.0,0.9013333333333333,56.333333333333336,0.0,True,78,10,1,False,True,terminal,1,invariant
IMS,2nd_test,42,Isolation Forest,isolation_forest,decimate,1,50.0,2004-02-16 15:52:00,2004-02-19 06:22:00,62.5,56.333333333333336,6.166666666666667,0.0,0.9013333333333333,56.333333333333336,0.0,True,78,10,1,False,True,terminal,1,invariant
IMS,2nd_test,42,RMS-Trend (kσ),rms_trend,decimate,2,100.0,2004-02-16 15:52:00,2004-02-19 06:22:00,62.5,1.3333333333333333,61.166666666666664,0.0,0.021333333333333333,1.3333333333333333,0.0,True,40,10,1,False,True,terminal,1,invariant
IMS,2nd_test,42,3σ Rule (σ=3.0),three_sigma,decimate,2,100.0,2004-02-16 15:52:00,2004-02-19 06:22:00,62.5,56.333333333333336,6.166666666666667,0.0,0.9013333333333333,56.333333333333336,0.0,True,40,10,1,False,True,terminal,1,invariant
IMS,2nd_test,42,"EWMA (λ=0.2, k=3.0)",ewma,decimate,2,100.0,2004-02-16 15:52:00,2004-02-19 06:22:00,62.5,53.0,9.5,0.0,0.848,53.0,0.0,True,40,10,1,False,True,terminal,1,invariant
IMS,2nd_test,42,"CUSUM (k=0.5, h=5.0)",cusum,decimate,2,100.0,2004-02-16 15:52:00,2004-02-19 06:22:00,62.5,49.666666666666664,12.833333333333334,0.0,0.7946666666666666,49.666666666666664,0.0,True,40,10,1,False,True,terminal,1,invariant
IMS,2nd_test,42,Hotelling T²,hotelling_t2,decimate,2,100.0,2004-02-16 15:52:00,2004-02-19 06:22:00,62.5,56.333333333333336,6.166666666666667,0.0,0.9013333333333333,56.333333333333336,0.0,True,40,10,1,False,True,terminal,1,invariant
IMS,2nd_test,42,Isolation Forest,isolation_forest,decimate,2,100.0,2004-02-16 15:52:00,2004-02-19 06:22:00,62.5,49.666666666666664,12.833333333333334,0.0,0.7946666666666666,49.666666666666664,0.0,True,40,10,1,False,True,terminal,1,invariant
IMS,2nd_test,42,RMS-Trend (kσ),rms_trend,decimate,5,250.0,2004-02-16 15:52:00,2004-02-19 06:22:00,62.5,8.833333333333334,53.666666666666664,0.0,0.14133333333333334,8.833333333333334,0.0,True,16,10,1,False,True,terminal,1,invariant
IMS,2nd_test,42,3σ Rule (σ=3.0),three_sigma,decimate,5,250.0,2004-02-16 15:52:00,2004-02-19 06:22:00,62.5,46.333333333333336,16.166666666666668,0.0,0.7413333333333334,46.333333333333336,0.0,True,16,10,1,False,True,terminal,1,invariant
IMS,2nd_test,42,"EWMA (λ=0.2, k=3.0)",ewma,decimate,5,250.0,2004-02-16 15:52:00,2004-02-19 06:22:00,62.5,46.333333333333336,16.166666666666668,0.0,0.7413333333333334,46.333333333333336,0.0,True,16,10,1,False,True,terminal,1,invariant
IMS,2nd_test,42,"CUSUM (k=0.5, h=5.0)",cusum,decimate,5,250.0,2004-02-16 15:52:00,2004-02-19 06:22:00,62.5,46.333333333333336,16.166666666666668,0.0,0.7413333333333334,46.333333333333336,0.0,True,16,10,1,False,True,terminal,1,invariant
IMS,2nd_test,42,Hotelling T²,hotelling_t2,decimate,5,250.0,2004-02-16 15:52:00,2004-02-19 06:22:00,62.5,67.16666666666667,,50.0,1.0746666666666667,0.0,100.0,False,16,10,1,False,True,terminal,1,invariant
IMS,2nd_test,42,Isolation Forest,isolation_forest,decimate,5,250.0,2004-02-16 15:52:00,2004-02-19 06:22:00,62.5,8.833333333333334,53.666666666666664,0.0,0.14133333333333334,8.833333333333334,0.0,True,16,10,1,False,True,terminal,1,invariant
IMS,2nd_test,42,RMS-Trend (kσ),rms_trend,decimate,10,500.0,2004-02-16 15:52:00,2004-02-19 06:22:00,62.5,4.666666666666667,57.833333333333336,0.0,0.07466666666666667,4.666666666666667,0.0,True,8,10,1,False,True,terminal,1,invariant
IMS,2nd_test,42,3σ Rule (σ=3.0),three_sigma,decimate,10,500.0,2004-02-16 15:52:00,2004-02-19 06:22:00,62.5,46.333333333333336,16.166666666666668,0.0,0.7413333333333334,46.333333333333336,0.0,True,8,10,1,False,True,terminal,1,invariant
IMS,2nd_test,42,"EWMA (λ=0.2, k=3.0)",ewma,decimate,10,500.0,2004-02-16 15:52:00,2004-02-19 06:22:00,62.5,46.333333333333336,16.166666666666668,0.0,0.7413333333333334,46.333333333333336,0.0,True,8,10,1,False,True,terminal,1,invariant
IMS,2nd_test,42,"CUSUM (k=0.5, h=5.0)",cusum,decimate,10,500.0,2004-02-16 15:52:00,2004-02-19 06:22:00,62.5,46.333333333333336,16.166666666666668,0.0,0.7413333333333334,46.333333333333336,0.0,True,8,10,1,False,True,terminal,1,invariant
IMS,2nd_test,42,Hotelling T²,hotelling_t2,decimate,10,500.0,2004-02-16 15:52:00,2004-02-19 06:22:00,62.5,54.666666666666664,7.833333333333333,0.0,0.8746666666666666,54.666666666666664,0.0,True,8,10,1,False,True,terminal,1,invariant
IMS,2nd_test,42,Isolation Forest,isolation_forest,decimate,10,500.0,2004-02-16 15:52:00,2004-02-19 06:22:00,62.5,0.0,,0.0,0.0,0.0,0.0,False,8,10,1,False,True,terminal,1,invariant
IMS,2nd_test,42,RMS-Trend (kσ),rms_trend,decimate,20,1000.0,2004-02-16 15:52:00,2004-02-19 06:22:00,62.5,46.333333333333336,16.166666666666668,0.0,0.7413333333333334,46.333333333333336,0.0,True,4,10,1,False,True,terminal,1,invariant
IMS,2nd_test,42,3σ Rule (σ=3.0),three_sigma,decimate,20,1000.0,2004-02-16 15:52:00,2004-02-19 06:22:00,62.5,46.333333333333336,16.166666666666668,0.0,0.7413333333333334,46.333333333333336,0.0,True,4,10,1,False,True,terminal,1,invariant
IMS,2nd_test,42,"EWMA (λ=0.2, k=3.0)",ewma,decimate,20,1000.0,2004-02-16 15:52:00,2004-02-19 06:22:00,62.5,46.333333333333336,16.166666666666668,0.0,0.7413333333333334,46.333333333333336,0.0,True,4,10,1,False,True,terminal,1,invariant
IMS,2nd_test,42,"CUSUM (k=0.5, h=5.0)",cusum,decimate,20,1000.0,2004-02-16 15:52:00,2004-02-19 06:22:00,62.5,46.333333333333336,16.166666666666668,0.0,0.7413333333333334,46.333333333333336,0.0,True,4,10,1,False,True,terminal,1,invariant
IMS,2nd_test,42,Hotelling T²,hotelling_t2,decimate,20,1000.0,2004-02-16 15:52:00,2004-02-19 06:22:00,62.5,46.333333333333336,16.166666666666668,0.0,0.7413333333333334,46.333333333333336,0.0,True,4,10,1,False,True,terminal,1,invariant
IMS,2nd_test,42,Isolation Forest,isolation_forest,decimate,20,1000.0,2004-02-16 15:52:00,2004-02-19 06:22:00,62.5,0.0,,0.0,0.0,0.0,0.0,False,4,10,1,False,True,terminal,1,invariant
IMS,3rd_test,42,RMS-Trend (kσ),rms_trend,aggregate,1,50.0,2004-04-16 06:12:00,2004-04-18 02:42:00,44.5,9.666666666666666,34.833333333333336,0.0,0.21722846441947563,9.666666666666666,0.0,True,506,10,1,False,True,terminal,1,invariant
IMS,3rd_test,42,3σ Rule (σ=3.0),three_sigma,aggregate,1,50.0,2004-04-16 06:12:00,2004-04-18 02:42:00,44.5,59.666666666666664,,0.4405286343612335,1.3408239700374531,59.666666666666664,0.0,True,506,10,1,False,True,terminal,1,invariant
IMS,3rd_test,42,"EWMA (λ=0.2, k=3.0)",ewma,aggregate,1,50.0,2004-04-16 06:12:00,2004-04-18 02:42:00,44.5,28.0,16.5,0.0,0.6292134831460674,28.0,0.0,True,506,10,1,False,True,terminal,1,invariant
IMS,3rd_test,42,"CUSUM (k=0.5, h=5.0)",cusum,aggregate,1,50.0,2004-04-16 06:12:00,2004-04-18 02:42:00,44.5,26.333333333333332,18.166666666666668,0.0,0.5917602996254682,26.333333333333332,0.0,True,506,10,1,False,True,terminal,1,invariant
IMS,3rd_test,42,Hotelling T²,hotelling_t2,aggregate,1,50.0,2004-04-16 06:12:00,2004-04-18 02:42:00,44.5,320.85,,6.167400881057269,7.210112359550562,320.85,0.0,True,506,10,1,False,True,terminal,1,invariant
IMS,3rd_test,42,Isolation Forest,isolation_forest,aggregate,1,50.0,2004-04-16 06:12:00,2004-04-18 02:42:00,44.5,320.85,,2.2026431718061676,7.210112359550562,320.85,0.0,True,506,10,1,False,True,terminal,1,invariant
IMS,3rd_test,42,RMS-Trend (kσ),rms_trend,aggregate,2,100.0,2004-04-16 06:12:00,2004-04-18 02:42:00,44.5,8.833333333333334,35.666666666666664,0.0,0.19850187265917604,8.833333333333334,0.0,True,253,10,1,False,True,terminal,1,invariant
IMS,3rd_test,42,3σ Rule (σ=3.0),three_sigma,aggregate,2,100.0,2004-04-16 06:12:00,2004-04-18 02:42:00,44.5,58.833333333333336,,0.4424778761061947,1.3220973782771537,58.833333333333336,0.0,True,253,10,1,False,True,terminal,1,invariant
IMS,3rd_test,42,"EWMA (λ=0.2, k=3.0)",ewma,aggregate,2,100.0,2004-04-16 06:12:00,2004-04-18 02:42:00,44.5,27.166666666666668,17.333333333333332,0.0,0.6104868913857678,27.166666666666668,0.0,True,253,10,1,False,True,terminal,1,invariant
IMS,3rd_test,42,"CUSUM (k=0.5, h=5.0)",cusum,aggregate,2,100.0,2004-04-16 06:12:00,2004-04-18 02:42:00,44.5,25.5,19.0,0.0,0.5730337078651685,25.5,0.0,True,253,10,1,False,True,terminal,1,invariant
IMS,3rd_test,42,Hotelling T²,hotelling_t2,aggregate,2,100.0,2004-04-16 06:12:00,2004-04-18 02:42:00,44.5,315.85,,6.637168141592921,7.097752808988765,315.85,0.0,True,253,10,1,False,True,terminal,1,invariant
IMS,3rd_test,42,Isolation Forest,isolation_forest,aggregate,2,100.0,2004-04-16 06:12:00,2004-04-18 02:42:00,44.5,314.18333333333334,,1.7699115044247788,7.060299625468165,314.18333333333334,0.0,True,253,10,1,False,True,terminal,1,invariant
IMS,3rd_test,42,RMS-Trend (kσ),rms_trend,aggregate,5,250.0,2004-04-16 06:12:00,2004-04-18 02:42:00,44.5,8.0,36.5,0.0,0.1797752808988764,8.0,0.0,True,102,10,1,False,True,terminal,1,invariant
IMS,3rd_test,42,3σ Rule (σ=3.0),three_sigma,aggregate,5,250.0,2004-04-16 06:12:00,2004-04-18 02:42:00,44.5,58.0,,1.098901098901099,1.303370786516854,58.0,0.0,True,102,10,1,False,True,terminal,1,invariant
IMS,3rd_test,42,"EWMA (λ=0.2, k=3.0)",ewma,aggregate,5,250.0,2004-04-16 06:12:00,2004-04-18 02:42:00,44.5,24.666666666666668,19.833333333333332,0.0,0.5543071161048689,24.666666666666668,0.0,True,102,10,1,False,True,terminal,1,invariant
IMS,3rd_test,42,"CUSUM (k=0.5, h=5.0)",cusum,aggregate,5,250.0,2004-04-16 06:12:00,2004-04-18 02:42:00,44.5,24.666666666666668,19.833333333333332,0.0,0.5543071161048689,24.666666666666668,0.0,True,102,10,1,False,True,terminal,1,invariant
IMS,3rd_test,42,Hotelling T²,hotelling_t2,aggregate,5,250.0,2004-04-16 06:12:00,2004-04-18 02:42:00,44.5,148.35,,5.4945054945054945,3.333707865168539,148.35,0.0,True,102,10,1,False,True,terminal,1,invariant
IMS,3rd_test,42,Isolation Forest,isolation_forest,aggregate,5,250.0,2004-04-16 06:12:00,2004-04-18 02:42:00,44.5,58.0,,1.098901098901099,1.303370786516854,58.0,0.0,True,102,10,1,False,True,terminal,1,invariant
IMS,3rd_test,42,RMS-Trend (kσ),rms_trend,aggregate,10,500.0,2004-04-16 06:12:00,2004-04-18 02:42:00,44.5,3.8333333333333335,40.666666666666664,0.0,0.08614232209737828,3.8333333333333335,0.0,True,51,10,1,False,True,terminal,1,invariant
IMS,3rd_test,42,3σ Rule (σ=3.0),three_sigma,aggregate,10,500.0,2004-04-16 06:12:00,2004-04-18 02:42:00,44.5,37.166666666666664,7.333333333333333,0.0,0.8352059925093632,37.166666666666664,0.0,True,51,10,1,False,True,terminal,1,invariant
IMS,3rd_test,42,"EWMA (λ=0.2, k=3.0)",ewma,aggregate,10,500.0,2004-04-16 06:12:00,2004-04-18 02:42:00,44.5,20.5,24.0,0.0,0.4606741573033708,20.5,0.0,True,51,10,1,False,True,terminal,1,invariant
IMS,3rd_test,42,"CUSUM (k=0.5, h=5.0)",cusum,aggregate,10,500.0,2004-04-16 06:12:00,2004-04-18 02:42:00,44.5,20.5,24.0,0.0,0.4606741573033708,20.5,0.0,True,51,10,1,False,True,terminal,1,invariant
IMS,3rd_test,42,Hotelling T²,hotelling_t2,aggregate,10,500.0,2004-04-16 06:12:00,2004-04-18 02:42:00,44.5,144.18333333333334,,6.666666666666667,3.2400749063670413,144.18333333333334,0.0,True,51,10,1,False,True,terminal,1,invariant
IMS,3rd_test,42,Isolation Forest,isolation_forest,aggregate,10,500.0,2004-04-16 06:12:00,2004-04-18 02:42:00,44.5,20.5,24.0,0.0,0.4606741573033708,20.5,0.0,True,51,10,1,False,True,terminal,1,invariant
IMS,3rd_test,42,RMS-Trend (kσ),rms_trend,aggregate,20,1000.0,2004-04-16 06:12:00,2004-04-18 02:42:00,44.5,1.3333333333333333,43.166666666666664,0.0,0.029962546816479398,1.3333333333333333,0.0,True,26,10,1,False,True,terminal,1,invariant
IMS,3rd_test,42,3σ Rule (σ=3.0),three_sigma,aggregate,20,1000.0,2004-04-16 06:12:00,2004-04-18 02:42:00,44.5,37.166666666666664,7.333333333333333,0.0,0.8352059925093632,37.166666666666664,0.0,True,26,10,1,False,True,terminal,1,invariant
IMS,3rd_test,42,"EWMA (λ=0.2, k=3.0)",ewma,aggregate,20,1000.0,2004-04-16 06:12:00,2004-04-18 02:42:00,44.5,20.5,24.0,0.0,0.4606741573033708,20.5,0.0,True,26,10,1,False,True,terminal,1,invariant
IMS,3rd_test,42,"CUSUM (k=0.5, h=5.0)",cusum,aggregate,20,1000.0,2004-04-16 06:12:00,2004-04-18 02:42:00,44.5,20.5,24.0,0.0,0.4606741573033708,20.5,0.0,True,26,10,1,False,True,terminal,1,invariant
IMS,3rd_test,42,Hotelling T²,hotelling_t2,aggregate,20,1000.0,2004-04-16 06:12:00,2004-04-18 02:42:00,44.5,327.51666666666665,,54.54545454545454,7.359925093632959,327.51666666666665,0.0,False,26,10,1,False,True,terminal,1,invariant
IMS,3rd_test,42,Isolation Forest,isolation_forest,aggregate,20,1000.0,2004-04-16 06:12:00,2004-04-18 02:42:00,44.5,20.5,24.0,0.0,0.4606741573033708,20.5,0.0,True,26,10,1,False,True,terminal,1,invariant
IMS,3rd_test,42,RMS-Trend (kσ),rms_trend,decimate,1,50.0,2004-04-16 06:12:00,2004-04-18 02:42:00,44.5,9.666666666666666,34.833333333333336,0.0,0.21722846441947563,9.666666666666666,0.0,True,506,10,1,False,True,terminal,1,invariant
IMS,3rd_test,42,3σ Rule (σ=3.0),three_sigma,decimate,1,50.0,2004-04-16 06:12:00,2004-04-18 02:42:00,44.5,59.666666666666664,,0.4405286343612335,1.3408239700374531,59.666666666666664,0.0,True,506,10,1,False,True,terminal,1,invariant
IMS,3rd_test,42,"EWMA (λ=0.2, k=3.0)",ewma,decimate,1,50.0,2004-04-16 06:12:00,2004-04-18 02:42:00,44.5,28.0,16.5,0.0,0.6292134831460674,28.0,0.0,True,506,10,1,False,True,terminal,1,invariant
IMS,3rd_test,42,"CUSUM (k=0.5, h=5.0)",cusum,decimate,1,50.0,2004-04-16 06:12:00,2004-04-18 02:42:00,44.5,26.333333333333332,18.166666666666668,0.0,0.5917602996254682,26.333333333333332,0.0,True,506,10,1,False,True,terminal,1,invariant
IMS,3rd_test,42,Hotelling T²,hotelling_t2,decimate,1,50.0,2004-04-16 06:12:00,2004-04-18 02:42:00,44.5,320.85,,6.167400881057269,7.210112359550562,320.85,0.0,True,506,10,1,False,True,terminal,1,invariant
IMS,3rd_test,42,Isolation Forest,isolation_forest,decimate,1,50.0,2004-04-16 06:12:00,2004-04-18 02:42:00,44.5,320.85,,2.2026431718061676,7.210112359550562,320.85,0.0,True,506,10,1,False,True,terminal,1,invariant
IMS,3rd_test,42,RMS-Trend (kσ),rms_trend,decimate,2,100.0,2004-04-16 06:12:00,2004-04-18 02:42:00,44.5,3.0,41.5,0.0,0.06741573033707865,3.0,0.0,True,253,10,1,False,True,terminal,1,invariant
IMS,3rd_test,42,3σ Rule (σ=3.0),three_sigma,decimate,2,100.0,2004-04-16 06:12:00,2004-04-18 02:42:00,44.5,59.666666666666664,,0.4405286343612335,1.3408239700374531,59.666666666666664,0.0,True,253,10,1,False,True,terminal,1,invariant
IMS,3rd_test,42,"EWMA (λ=0.2, k=3.0)",ewma,decimate,2,100.0,2004-04-16 06:12:00,2004-04-18 02:42:00,44.5,26.333333333333332,18.166666666666668,0.0,0.5917602996254682,26.333333333333332,0.0,True,253,10,1,False,True,terminal,1,invariant
IMS,3rd_test,42,"CUSUM (k=0.5, h=5.0)",cusum,decimate,2,100.0,2004-04-16 06:12:00,2004-04-18 02:42:00,44.5,26.333333333333332,18.166666666666668,0.0,0.5917602996254682,26.333333333333332,0.0,True,253,10,1,False,True,terminal,1,invariant
IMS,3rd_test,42,Hotelling T²,hotelling_t2,decimate,2,100.0,2004-04-16 06:12:00,2004-04-18 02:42:00,44.5,320.01666666666665,,7.929515418502203,7.191385767790262,320.01666666666665,0.0,True,253,10,1,False,True,terminal,1,invariant
IMS,3rd_test,42,Isolation Forest,isolation_forest,decimate,2,100.0,2004-04-16 06:12:00,2004-04-18 02:42:00,44.5,315.01666666666665,,1.3215859030837005,7.079026217228464,315.01666666666665,0.0,True,253,10,1,False,True,terminal,1,invariant
IMS,3rd_test,42,RMS-Trend (kσ),rms_trend,decimate,5,250.0,2004-04-16 06:12:00,2004-04-18 02:42:00,44.5,3.0,41.5,0.0,0.06741573033707865,3.0,0.0,True,102,10,1,False,True,terminal,1,invariant
IMS,3rd_test,42,3σ Rule (σ=3.0),three_sigma,decimate,5,250.0,2004-04-16 06:12:00,2004-04-18 02:42:00,44.5,32.166666666666664,12.333333333333334,0.0,0.7228464419475655,32.166666666666664,0.0,True,102,10,1,False,True,terminal,1,invariant
IMS,3rd_test,42,"EWMA (λ=0.2, k=3.0)",ewma,decimate,5,250.0,2004-04-16 06:12:00,2004-04-18 02:42:00,44.5,28.0,16.5,0.0,0.6292134831460674,28.0,0.0,True,102,10,1,False,True,terminal,1,invariant
IMS,3rd_test,42,"CUSUM (k=0.5, h=5.0)",cusum,decimate,5,250.0,2004-04-16 06:12:00,2004-04-18 02:42:00,44.5,23.833333333333332,20.666666666666668,0.0,0.5355805243445693,23.833333333333332,0.0,True,102,10,1,False,True,terminal,1,invariant
IMS,3rd_test,42,Hotelling T²,hotelling_t2,decimate,5,250.0,2004-04-16 06:12:00,2004-04-18 02:42:00,44.5,314.18333333333334,,5.434782608695652,7.060299625468165,314.18333333333334,0.0,True,102,10,1,False,True,terminal,1,invariant
IMS,3rd_test,42,Isolation Forest,isolation_forest,decimate,5,250.0,2004-04-16 06:12:00,2004-04-18 02:42:00,44.5,57.166666666666664,,1.0869565217391304,1.2846441947565543,57.166666666666664,0.0,True,102,10,1,False,True,terminal,1,invariant
IMS,3rd_test,42,RMS-Trend (kσ),rms_trend,decimate,10,500.0,2004-04-16 06:12:00,2004-04-18 02:42:00,44.5,3.0,41.5,0.0,0.06741573033707865,3.0,0.0,True,51,10,1,False,True,terminal,1,invariant
IMS,3rd_test,42,3σ Rule (σ=3.0),three_sigma,decimate,10,500.0,2004-04-16 06:12:00,2004-04-18 02:42:00,44.5,28.0,16.5,0.0,0.6292134831460674,28.0,0.0,True,51,10,1,False,True,terminal,1,invariant
IMS,3rd_test,42,"EWMA (λ=0.2, k=3.0)",ewma,decimate,10,500.0,2004-04-16 06:12:00,2004-04-18 02:42:00,44.5,28.0,16.5,0.0,0.6292134831460674,28.0,0.0,True,51,10,1,False,True,terminal,1,invariant
IMS,3rd_test,42,"CUSUM (k=0.5, h=5.0)",cusum,decimate,10,500.0,2004-04-16 06:12:00,2004-04-18 02:42:00,44.5,19.666666666666668,24.833333333333332,0.0,0.4419475655430712,19.666666666666668,0.0,True,51,10,1,False,True,terminal,1,invariant
IMS,3rd_test,42,Hotelling T²,hotelling_t2,decimate,10,500.0,2004-04-16 06:12:00,2004-04-18 02:42:00,44.5,53.0,,4.3478260869565215,1.1910112359550562,53.0,0.0,True,51,10,1,False,True,terminal,1,invariant
IMS,3rd_test,42,Isolation Forest,isolation_forest,decimate,10,500.0,2004-04-16 06:12:00,2004-04-18 02:42:00,44.5,19.666666666666668,24.833333333333332,0.0,0.4419475655430712,19.666666666666668,0.0,True,51,10,1,False,True,terminal,1,invariant
IMS,3rd_test,42,RMS-Trend (kσ),rms_trend,decimate,20,1000.0,2004-04-16 06:12:00,2004-04-18 02:42:00,44.5,3.0,41.5,0.0,0.06741573033707865,3.0,0.0,True,26,10,1,False,True,terminal,1,invariant
IMS,3rd_test,42,3σ Rule (σ=3.0),three_sigma,decimate,20,1000.0,2004-04-16 06:12:00,2004-04-18 02:42:00,44.5,53.0,,4.3478260869565215,1.1910112359550562,53.0,0.0,True,26,10,1,False,True,terminal,1,invariant
IMS,3rd_test,42,"EWMA (λ=0.2, k=3.0)",ewma,decimate,20,1000.0,2004-04-16 06:12:00,2004-04-18 02:42:00,44.5,19.666666666666668,24.833333333333332,0.0,0.4419475655430712,19.666666666666668,0.0,True,26,10,1,False,True,terminal,1,invariant
IMS,3rd_test,42,"CUSUM (k=0.5, h=5.0)",cusum,decimate,20,1000.0,2004-04-16 06:12:00,2004-04-18 02:42:00,44.5,19.666666666666668,24.833333333333332,0.0,0.4419475655430712,19.666666666666668,0.0,True,26,10,1,False,True,terminal,1,invariant
IMS,3rd_test,42,Hotelling T²,hotelling_t2,decimate,20,1000.0,2004-04-16 06:12:00,2004-04-18 02:42:00,44.5,310.01666666666665,,34.78260869565217,6.966666666666666,310.01666666666665,0.0,False,26,10,1,False,True,terminal,1,invariant
IMS,3rd_test,42,Isolation Forest,isolation_forest,decimate,20,1000.0,2004-04-16 06:12:00,2004-04-18 02:42:00,44.5,19.666666666666668,24.833333333333332,0.0,0.4419475655430712,19.666666666666668,0.0,True,26,10,1,False,True,terminal,1,invariant
IMS,1st_test,42,RMS-Trend (kσ),rms_trend,aggregate,1,50.0,2003-11-25 10:47:00,2003-11-25 23:39:56,12.88,0.0,,0.0,0.0,0.0,0.0,False,172,10,3,False,True,terminal,3,invariant
IMS,1st_test,42,3σ Rule (σ=3.0),three_sigma,aggregate,1,50.0,2003-11-25 10:47:00,2003-11-25 23:39:56,12.88,108.69888888888889,,41.81818181818181,8.437898913230981,108.69888888888889,0.0,False,172,10,3,False,True,terminal,3,invariant
IMS,1st_test,42,"EWMA (λ=0.2, k=3.0)",ewma,aggregate,1,50.0,2003-11-25 10:47:00,2003-11-25 23:39:56,12.88,152.23222222222222,,63.63636363636363,11.817233051578404,152.23222222222222,0.0,False,172,10,3,False,True,terminal,3,invariant
IMS,1st_test,42,"CUSUM (k=0.5, h=5.0)",cusum,aggregate,1,50.0,2003-11-25 10:47:00,2003-11-25 23:39:56,12.88,114.93222222222222,,57.57575757575758,8.921769880972917,114.93222222222222,0.0,False,172,10,3,False,True,terminal,3,invariant
IMS,1st_test,42,Hotelling T²,hotelling_t2,aggregate,1,50.0,2003-11-25 10:47:00,2003-11-25 23:39:56,12.88,152.23222222222222,,65.45454545454545,11.817233051578404,152.23222222222222,0.0,False,172,10,3,False,True,terminal,3,invariant
IMS,1st_test,42,Isolation Forest,isolation_forest,aggregate,1,50.0,2003-11-25 10:47:00,2003-11-25 23:39:56,12.88,152.23222222222222,,72.72727272727273,11.817233051578404,152.23222222222222,0.0,False,172,10,3,False,True,terminal,3,invariant
IMS,1st_test,42,RMS-Trend (kσ),rms_trend,aggregate,2,100.0,2003-11-25 10:47:00,2003-11-25 23:39:56,12.88,92.89888888888889,,24.390243902439025,7.2114024495428675,92.89888888888889,0.0,False,86,10,3,False,True,terminal,3,invariant
IMS,1st_test,42,3σ Rule (σ=3.0),three_sigma,aggregate,2,100.0,2003-11-25 10:47:00,2003-11-25 23:39:56,12.88,112.43222222222222,,46.34146341463415,8.727703984819735,112.43222222222222,0.0,False,86,10,3,False,True,terminal,3,invariant
IMS,1st_test,42,"EWMA (λ=0.2, k=3.0)",ewma,aggregate,2,100.0,2003-11-25 10:47:00,2003-11-25 23:39:56,12.88,117.43222222222222,,59.756097560975604,9.115835777126101,117.43222222222222,0.0,False,86,10,3,False,True,terminal,3,invariant
IMS,1st_test,42,"CUSUM (k=0.5, h=5.0)",cusum,aggregate,2,100.0,2003-11-25 10:47:00,2003-11-25 23:39:56,12.88,114.0988888888889,,57.3170731707317,8.857081248921856,114.0988888888889,0.0,False,86,10,3,False,True,terminal,3,invariant
IMS,1st_test,42,Hotelling T²,hotelling_t2,aggregate,2,100.0,2003-11-25 10:47:00,2003-11-25 23:39:56,12.88,156.39888888888888,,73.17073170731707,12.140676211833707,156.39888888888888,0.0,False,86,10,3,False,True,terminal,3,invariant
IMS,1st_test,42,Isolation Forest,isolation_forest,aggregate,2,100.0,2003-11-25 10:47:00,2003-11-25 23:39:56,12.88,148.06555555555556,,65.85365853658537,11.493789891323098,148.06555555555556,0.0,False,86,10,3,False,True,terminal,3,invariant
IMS,1st_test,42,RMS-Trend (kσ),rms_trend,aggregate,5,250.0,2003-11-25 10:47:00,2003-11-25 23:39:56,12.88,0.0,,0.0,0.0,0.0,0.0,False,35,10,3,False,True,terminal,3,invariant
IMS,1st_test,42,3σ Rule (σ=3.0),three_sigma,aggregate,5,250.0,2003-11-25 10:47:00,2003-11-25 23:39:56,12.88,107.86555555555556,,54.54545454545454,8.37321028117992,107.86555555555556,0.0,False,35,10,3,False,True,terminal,3,invariant
IMS,1st_test,42,"EWMA (λ=0.2, k=3.0)",ewma,aggregate,5,250.0,2003-11-25 10:47:00,2003-11-25 23:39:56,12.88,114.0988888888889,,57.57575757575758,8.857081248921856,114.0988888888889,0.0,False,35,10,3,False,True,terminal,3,invariant
IMS,1st_test,42,"CUSUM (k=0.5, h=5.0)",cusum,aggregate,5,250.0,2003-11-25 10:47:00,2003-11-25 23:39:56,12.88,114.0988888888889,,57.57575757575758,8.857081248921856,114.0988888888889,0.0,False,35,10,3,False,True,terminal,3,invariant
IMS,1st_test,42,Hotelling T²,hotelling_t2,aggregate,5,250.0,2003-11-25 10:47:00,2003-11-25 23:39:56,12.88,154.73222222222222,,78.78787878787878,12.011298947731586,154.73222222222222,0.0,False,35,10,3,False,True,terminal,3,invariant
IMS,1st_test,42,Isolation Forest,isolation_forest,aggregate,5,250.0,2003-11-25 10:47:00,2003-11-25 23:39:56,12.88,118.26555555555555,,60.60606060606061,9.18052440917716,118.26555555555555,0.0,False,35,10,3,False,True,terminal,3,invariant
IMS,1st_test,42,RMS-Trend (kσ),rms_trend,aggregate,10,500.0,2003-11-25 10:47:00,2003-11-25 23:39:56,12.88,0.0,,0.0,0.0,0.0,0.0,False,18,10,3,False,True,terminal,3,invariant
IMS,1st_test,42,3σ Rule (σ=3.0),three_sigma,aggregate,10,500.0,2003-11-25 10:47:00,2003-11-25 23:39:56,12.88,101.23222222222222,,52.94117647058824,7.858288770053476,101.23222222222222,0.0,False,18,10,3,False,True,terminal,3,invariant
IMS,1st_test,42,"EWMA (λ=0.2, k=3.0)",ewma,aggregate,10,500.0,2003-11-25 10:47:00,2003-11-25 23:39:56,12.88,114.0988888888889,,58.82352941176471,8.857081248921856,114.0988888888889,0.0,False,18,10,3,False,True,terminal,3,invariant
IMS,1st_test,42,"CUSUM (k=0.5, h=5.0)",cusum,aggregate,10,500.0,2003-11-25 10:47:00,2003-11-25 23:39:56,12.88,114.0988888888889,,58.82352941176471,8.857081248921856,114.0988888888889,0.0,False,18,10,3,False,True,terminal,3,invariant
IMS,1st_test,42,Hotelling T²,hotelling_t2,aggregate,10,500.0,2003-11-25 10:47:00,2003-11-25 23:39:56,12.88,154.73222222222222,,82.35294117647058,12.011298947731586,154.73222222222222,0.0,False,18,10,3,False,True,terminal,3,invariant
IMS,1st_test,42,Isolation Forest,isolation_forest,aggregate,10,500.0,2003-11-25 10:47:00,2003-11-25 23:39:56,12.88,114.0988888888889,,58.82352941176471,8.857081248921856,114.0988888888889,0.0,False,18,10,3,False,True,terminal,3,invariant
IMS,1st_test,42,RMS-Trend (kσ),rms_trend,aggregate,20,1160.0,2003-11-25 10:47:00,2003-11-25 23:39:56,12.88,0.0,,0.0,0.0,0.0,0.0,False,9,10,3,False,True,terminal,3,invariant
IMS,1st_test,42,3σ Rule (σ=3.0),three_sigma,aggregate,20,1160.0,2003-11-25 10:47:00,2003-11-25 23:39:56,12.88,101.23222222222222,,62.5,7.858288770053476,101.23222222222222,0.0,False,9,10,3,False,True,terminal,3,invariant
IMS,1st_test,42,"EWMA (λ=0.2, k=3.0)",ewma,aggregate,20,1160.0,2003-11-25 10:47:00,2003-11-25 23:39:56,12.88,101.23222222222222,,62.5,7.858288770053476,101.23222222222222,0.0,False,9,10,3,False,True,terminal,3,invariant
IMS,1st_test,42,"CUSUM (k=0.5, h=5.0)",cusum,aggregate,20,1160.0,2003-11-25 10:47:00,2003-11-25 23:39:56,12.88,101.23222222222222,,62.5,7.858288770053476,101.23222222222222,0.0,False,9,10,3,False,True,terminal,3,invariant
IMS,1st_test,42,Hotelling T²,hotelling_t2,aggregate,20,1160.0,2003-11-25 10:47:00,2003-11-25 23:39:56,12.88,178.13222222222223,,100.0,13.827755735725376,0.0,100.0,False,9,10,3,False,True,terminal,3,invariant
IMS,1st_test,42,Isolation Forest,isolation_forest,aggregate,20,1160.0,2003-11-25 10:47:00,2003-11-25 23:39:56,12.88,101.23222222222222,,37.5,7.858288770053476,101.23222222222222,0.0,False,9,10,3,False,True,terminal,3,invariant
IMS,1st_test,42,RMS-Trend (kσ),rms_trend,decimate,1,50.0,2003-11-25 10:47:00,2003-11-25 23:39:56,12.88,0.0,,0.0,0.0,0.0,0.0,False,172,10,3,False,True,terminal,3,invariant
IMS,1st_test,42,3σ Rule (σ=3.0),three_sigma,decimate,1,50.0,2003-11-25 10:47:00,2003-11-25 23:39:56,12.88,108.69888888888889,,41.81818181818181,8.437898913230981,108.69888888888889,0.0,False,172,10,3,False,True,terminal,3,invariant
IMS,1st_test,42,"EWMA (λ=0.2, k=3.0)",ewma,decimate,1,50.0,2003-11-25 10:47:00,2003-11-25 23:39:56,12.88,152.23222222222222,,63.63636363636363,11.817233051578404,152.23222222222222,0.0,False,172,10,3,False,True,terminal,3,invariant
IMS,1st_test,42,"CUSUM (k=0.5, h=5.0)",cusum,decimate,1,50.0,2003-11-25 10:47:00,2003-11-25 23:39:56,12.88,114.93222222222222,,57.57575757575758,8.921769880972917,114.93222222222222,0.0,False,172,10,3,False,True,terminal,3,invariant
IMS,1st_test,42,Hotelling T²,hotelling_t2,decimate,1,50.0,2003-11-25 10:47:00,2003-11-25 23:39:56,12.88,152.23222222222222,,65.45454545454545,11.817233051578404,152.23222222222222,0.0,False,172,10,3,False,True,terminal,3,invariant
IMS,1st_test,42,Isolation Forest,isolation_forest,decimate,1,50.0,2003-11-25 10:47:00,2003-11-25 23:39:56,12.88,152.23222222222222,,72.72727272727273,11.817233051578404,152.23222222222222,0.0,False,172,10,3,False,True,terminal,3,invariant
IMS,1st_test,42,RMS-Trend (kσ),rms_trend,decimate,2,100.0,2003-11-25 10:47:00,2003-11-25 23:39:56,12.88,93.73222222222222,,30.120481927710845,7.276091081593928,93.73222222222222,0.0,False,86,10,3,False,True,terminal,3,invariant
IMS,1st_test,42,3σ Rule (σ=3.0),three_sigma,decimate,2,100.0,2003-11-25 10:47:00,2003-11-25 23:39:56,12.88,97.06555555555556,,40.963855421686745,7.534845609798173,97.06555555555556,0.0,False,86,10,3,False,True,terminal,3,invariant
IMS,1st_test,42,"EWMA (λ=0.2, k=3.0)",ewma,decimate,2,100.0,2003-11-25 10:47:00,2003-11-25 23:39:56,12.88,152.23222222222222,,65.06024096385542,11.817233051578404,152.23222222222222,0.0,False,86,10,3,False,True,terminal,3,invariant
IMS,1st_test,42,"CUSUM (k=0.5, h=5.0)",cusum,decimate,2,100.0,2003-11-25 10:47:00,2003-11-25 23:39:56,12.88,114.93222222222222,,57.831325301204814,8.921769880972917,114.93222222222222,0.0,False,86,10,3,False,True,terminal,3,invariant
IMS,1st_test,42,Hotelling T²,hotelling_t2,decimate,2,100.0,2003-11-25 10:47:00,2003-11-25 23:39:56,12.88,153.89888888888888,,68.67469879518072,11.946610315680523,153.89888888888888,0.0,False,86,10,3,False,True,terminal,3,invariant
IMS,1st_test,42,Isolation Forest,isolation_forest,decimate,2,100.0,2003-11-25 10:47:00,2003-11-25 23:39:56,12.88,153.89888888888888,,68.67469879518072,11.946610315680523,153.89888888888888,0.0,False,86,10,3,False,True,terminal,3,invariant
IMS,1st_test,42,RMS-Trend (kσ),rms_trend,decimate,5,250.0,2003-11-25 10:47:00,2003-11-25 23:39:56,12.88,0.0,,0.0,0.0,0.0,0.0,False,35,10,3,False,True,terminal,3,invariant
IMS,1st_test,42,3σ Rule (σ=3.0),three_sigma,decimate,5,250.0,2003-11-25 10:47:00,2003-11-25 23:39:56,12.88,96.23222222222222,,41.17647058823529,7.470156977747111,96.23222222222222,0.0,False,35,10,3,False,True,terminal,3,invariant
IMS,1st_test,42,"EWMA (λ=0.2, k=3.0)",ewma,decimate,5,250.0,2003-11-25 10:47:00,2003-11-25 23:39:56,12.88,113.26555555555555,,55.88235294117647,8.792392616870796,113.26555555555555,0.0,False,35,10,3,False,True,terminal,3,invariant
IMS,1st_test,42,"CUSUM (k=0.5, h=5.0)",cusum,decimate,5,250.0,2003-11-25 10:47:00,2003-11-25 23:39:56,12.88,107.03222222222222,,52.94117647058824,8.30852164912886,107.03222222222222,0.0,False,35,10,3,False,True,terminal,3,invariant
IMS,1st_test,42,Hotelling T²,hotelling_t2,decimate,5,250.0,2003-11-25 10:47:00,2003-11-25 23:39:56,12.88,153.89888888888888,,67.64705882352942,11.946610315680523,153.89888888888888,0.0,False,35,10,3,False,True,terminal,3,invariant
IMS,1st_test,42,Isolation Forest,isolation_forest,decimate,5,250.0,2003-11-25 10:47:00,2003-11-25 23:39:56,12.88,117.43222222222222,,58.82352941176471,9.115835777126101,117.43222222222222,0.0,False,35,10,3,False,True,terminal,3,invariant
IMS,1st_test,42,RMS-Trend (kσ),rms_trend,decimate,10,500.0,2003-11-25 10:47:00,2003-11-25 23:39:56,12.88,0.0,,0.0,0.0,0.0,0.0,False,18,10,3,False,True,terminal,3,invariant
IMS,1st_test,42,3σ Rule (σ=3.0),three_sigma,decimate,10,500.0,2003-11-25 10:47:00,2003-11-25 23:39:56,12.88,0.0,,0.0,0.0,0.0,0.0,False,18,10,3,False,True,terminal,3,invariant
IMS,1st_test,42,"EWMA (λ=0.2, k=3.0)",ewma,decimate,10,500.0,2003-11-25 10:47:00,2003-11-25 23:39:56,12.88,100.39888888888889,,50.0,7.793600138002415,100.39888888888889,0.0,False,18,10,3,False,True,terminal,3,invariant
IMS,1st_test,42,"CUSUM (k=0.5, h=5.0)",cusum,decimate,10,500.0,2003-11-25 10:47:00,2003-11-25 23:39:56,12.88,100.39888888888889,,50.0,7.793600138002415,100.39888888888889,0.0,False,18,10,3,False,True,terminal,3,invariant
IMS,1st_test,42,Hotelling T²,hotelling_t2,decimate,10,500.0,2003-11-25 10:47:00,2003-11-25 23:39:56,12.88,153.89888888888888,,72.22222222222221,11.946610315680523,153.89888888888888,0.0,False,18,10,3,False,True,terminal,3,invariant
IMS,1st_test,42,Isolation Forest,isolation_forest,decimate,10,500.0,2003-11-25 10:47:00,2003-11-25 23:39:56,12.88,113.26555555555555,,33.33333333333333,8.792392616870796,113.26555555555555,0.0,False,18,10,3,False,True,terminal,3,invariant
IMS,1st_test,42,RMS-Trend (kσ),rms_trend,decimate,20,1160.0,2003-11-25 10:47:00,2003-11-25 23:39:56,12.88,0.0,,0.0,0.0,0.0,0.0,False,9,10,3,False,True,terminal,3,invariant
IMS,1st_test,42,3σ Rule (σ=3.0),three_sigma,decimate,20,1160.0,2003-11-25 10:47:00,2003-11-25 23:39:56,12.88,100.39888888888889,,55.55555555555556,7.793600138002415,100.39888888888889,0.0,False,9,10,3,False,True,terminal,3,invariant
IMS,1st_test,42,"EWMA (λ=0.2, k=3.0)",ewma,decimate,20,1160.0,2003-11-25 10:47:00,2003-11-25 23:39:56,12.88,100.39888888888889,,55.55555555555556,7.793600138002415,100.39888888888889,0.0,False,9,10,3,False,True,terminal,3,invariant
IMS,1st_test,42,"CUSUM (k=0.5, h=5.0)",cusum,decimate,20,1160.0,2003-11-25 10:47:00,2003-11-25 23:39:56,12.88,100.39888888888889,,55.55555555555556,7.793600138002415,100.39888888888889,0.0,False,9,10,3,False,True,terminal,3,invariant
IMS,1st_test,42,Hotelling T²,hotelling_t2,decimate,20,1160.0,2003-11-25 10:47:00,2003-11-25 23:39:56,12.88,177.29888888888888,,88.88888888888889,13.763067103674315,177.29888888888888,0.0,False,9,10,3,False,True,terminal,3,invariant
IMS,1st_test,42,Isolation Forest,isolation_forest,decimate,20,1160.0,2003-11-25 10:47:00,2003-11-25 23:39:56,12.88,100.39888888888889,,44.44444444444444,7.793600138002415,100.39888888888889,0.0,False,9,10,3,False,True,terminal,3,invariant
IMS,2nd_test,42,RMS-Trend (kσ),rms_trend,aggregate,1,50.0,2004-02-16 15:52:00,2004-02-19 06:22:00,62.5,0.0,,0.0,0.0,0.0,0.0,False,78,10,3,False,True,terminal,3,invariant
IMS,2nd_test,42,3σ Rule (σ=3.0),three_sigma,aggregate,1,50.0,2004-02-16 15:52:00,2004-02-19 06:22:00,62.5,56.333333333333336,6.166666666666667,0.0,0.9013333333333333,56.333333333333336,0.0,True,78,10,3,False,True,terminal,3,invariant
IMS,2nd_test,42,"EWMA (λ=0.2, k=3.0)",ewma,aggregate,1,50.0,2004-02-16 15:52:00,2004-02-19 06:22:00,62.5,55.5,7.0,0.0,0.888,55.5,0.0,True,78,10,3,False,True,terminal,3,invariant
IMS,2nd_test,42,"CUSUM (k=0.5, h=5.0)",cusum,aggregate,1,50.0,2004-02-16 15:52:00,2004-02-19 06:22:00,62.5,53.0,9.5,0.0,0.848,53.0,0.0,True,78,10,3,False,True,terminal,3,invariant
IMS,2nd_test,42,Hotelling T²,hotelling_t2,aggregate,1,50.0,2004-02-16 15:52:00,2004-02-19 06:22:00,62.5,56.333333333333336,6.166666666666667,0.0,0.9013333333333333,56.333333333333336,0.0,True,78,10,3,False,True,terminal,3,invariant
IMS,2nd_test,42,Isolation Forest,isolation_forest,aggregate,1,50.0,2004-02-16 15:52:00,2004-02-19 06:22:00,62.5,49.666666666666664,12.833333333333334,0.0,0.7946666666666666,49.666666666666664,0.0,True,78,10,3,False,True,terminal,3,invariant
IMS,2nd_test,42,RMS-Trend (kσ),rms_trend,aggregate,2,100.0,2004-02-16 15:52:00,2004-02-19 06:22:00,62.5,0.0,,0.0,0.0,0.0,0.0,False,40,10,3,False,True,terminal,3,invariant
IMS,2nd_test,42,3σ Rule (σ=3.0),three_sigma,aggregate,2,100.0,2004-02-16 15:52:00,2004-02-19 06:22:00,62.5,62.166666666666664,0.3333333333333333,0.0,0.9946666666666666,0.0,33.33333333333333,True,40,10,3,False,True,terminal,3,invariant
IMS,2nd_test,42,"EWMA (λ=0.2, k=3.0)",ewma,aggregate,2,100.0,2004-02-16 15:52:00,2004-02-19 06:22:00,62.5,55.5,7.0,0.0,0.888,55.5,0.0,True,40,10,3,False,True,terminal,3,invariant
IMS,2nd_test,42,"CUSUM (k=0.5, h=5.0)",cusum,aggregate,2,100.0,2004-02-16 15:52:00,2004-02-19 06:22:00,62.5,53.833333333333336,8.666666666666666,0.0,0.8613333333333334,53.833333333333336,0.0,True,40,10,3,False,True,terminal,3,invariant
IMS,2nd_test,42,Hotelling T²,hotelling_t2,aggregate,2,100.0,2004-02-16 15:52:00,2004-02-19 06:22:00,62.5,55.5,7.0,0.0,0.888,55.5,0.0,True,40,10,3,False,True,terminal,3,invariant
IMS,2nd_test,42,Isolation Forest,isolation_forest,aggregate,2,100.0,2004-02-16 15:52:00,2004-02-19 06:22:00,62.5,48.833333333333336,13.666666666666666,0.0,0.7813333333333333,48.833333333333336,0.0,True,40,10,3,False,True,terminal,3,invariant
IMS,2nd_test,42,RMS-Trend (kσ),rms_trend,aggregate,5,250.0,2004-02-16 15:52:00,2004-02-19 06:22:00,62.5,0.0,,0.0,0.0,0.0,0.0,False,16,10,3,False,True,terminal,3,invariant
IMS,2nd_test,42,3σ Rule (σ=3.0),three_sigma,aggregate,5,250.0,2004-02-16 15:52:00,2004-02-19 06:22:00,62.5,59.666666666666664,2.8333333333333335,0.0,0.9546666666666667,59.666666666666664,0.0,True,16,10,3,False,True,terminal,3,invariant
IMS,2nd_test,42,"EWMA (λ=0.2, k=3.0)",ewma,aggregate,5,250.0,2004-02-16 15:52:00,2004-02-19 06:22:00,62.5,55.5,7.0,0.0,0.888,55.5,0.0,True,16,10,3,False,True,terminal,3,invariant
IMS,2nd_test,42,"CUSUM (k=0.5, h=5.0)",cusum,aggregate,5,250.0,2004-02-16 15:52:00,2004-02-19 06:22:00,62.5,55.5,7.0,0.0,0.888,55.5,0.0,True,16,10,3,False,True,terminal,3,invariant
IMS,2nd_test,42,Hotelling T²,hotelling_t2,aggregate,5,250.0,2004-02-16 15:52:00,2004-02-19 06:22:00,62.5,59.666666666666664,2.8333333333333335,0.0,0.9546666666666667,59.666666666666664,0.0,True,16,10,3,False,True,terminal,3,invariant
IMS,2nd_test,42,Isolation Forest,isolation_forest,aggregate,5,250.0,2004-02-16 15:52:00,2004-02-19 06:22:00,62.5,26.333333333333332,36.166666666666664,0.0,0.42133333333333334,26.333333333333332,0.0,True,16,10,3,False,True,terminal,3,invariant
IMS,2nd_test,42,RMS-Trend (kσ),rms_trend,aggregate,10,500.0,2004-02-16 15:52:00,2004-02-19 06:22:00,62.5,0.0,,,0.0,0.0,0.0,False,8,10,3,False,True,terminal,3,invariant
IMS,2nd_test,42,3σ Rule (σ=3.0),three_sigma,aggregate,10,500.0,2004-02-16 15:52:00,2004-02-19 06:22:00,62.5,55.5,7.0,,0.888,0.0,100.0,True,8,10,3,False,True,terminal,3,invariant
IMS,2nd_test,42,"EWMA (λ=0.2, k=3.0)",ewma,aggregate,10,500.0,2004-02-16 15:52:00,2004-02-19 06:22:00,62.5,55.5,7.0,,0.888,0.0,100.0,True,8,10,3,False,True,terminal,3,invariant
IMS,2nd_test,42,"CUSUM (k=0.5, h=5.0)",cusum,aggregate,10,500.0,2004-02-16 15:52:00,2004-02-19 06:22:00,62.5,55.5,7.0,,0.888,0.0,100.0,True,8,10,3,False,True,terminal,3,invariant
IMS,2nd_test,42,Hotelling T²,hotelling_t2,aggregate,10,500.0,2004-02-16 15:52:00,2004-02-19 06:22:00,62.5,55.5,7.0,,0.888,0.0,100.0,True,8,10,3,False,True,terminal,3,invariant
IMS,2nd_test,42,Isolation Forest,isolation_forest,aggregate,10,500.0,2004-02-16 15:52:00,2004-02-19 06:22:00,62.5,55.5,7.0,,0.888,0.0,100.0,True,8,10,3,False,True,terminal,3,invariant
IMS,2nd_test,42,RMS-Trend (kσ),rms_trend,aggregate,20,1000.0,2004-02-16 15:52:00,2004-02-19 06:22:00,62.5,0.0,,,0.0,0.0,0.0,False,4,10,3,False,True,terminal,3,invariant
IMS,2nd_test,42,3σ Rule (σ=3.0),three_sigma,aggregate,20,1000.0,2004-02-16 15:52:00,2004-02-19 06:22:00,62.5,47.166666666666664,15.333333333333334,,0.7546666666666666,0.0,100.0,True,4,10,3,False,True,terminal,3,invariant
IMS,2nd_test,42,"EWMA (λ=0.2, k=3.0)",ewma,aggregate,20,1000.0,2004-02-16 15:52:00,2004-02-19 06:22:00,62.5,47.166666666666664,15.333333333333334,,0.7546666666666666,0.0,100.0,True,4,10,3,False,True,terminal,3,invariant
IMS,2nd_test,42,"CUSUM (k=0.5, h=5.0)",cusum,aggregate,20,1000.0,2004-02-16 15:52:00,2004-02-19 06:22:00,62.5,47.166666666666664,15.333333333333334,,0.7546666666666666,0.0,100.0,True,4,10,3,False,True,terminal,3,invariant
IMS,2nd_test,42,Hotelling T²,hotelling_t2,aggregate,20,1000.0,2004-02-16 15:52:00,2004-02-19 06:22:00,62.5,47.166666666666664,15.333333333333334,,0.7546666666666666,0.0,100.0,True,4,10,3,False,True,terminal,3,invariant
IMS,2nd_test,42,Isolation Forest,isolation_forest,aggregate,20,1000.0,2004-02-16 15:52:00,2004-02-19 06:22:00,62.5,0.0,,,0.0,0.0,0.0,False,4,10,3,False,True,terminal,3,invariant
IMS,2nd_test,42,RMS-Trend (kσ),rms_trend,decimate,1,50.0,2004-02-16 15:52:00,2004-02-19 06:22:00,62.5,0.0,,0.0,0.0,0.0,0.0,False,78,10,3,False,True,terminal,3,invariant
IMS,2nd_test,42,3σ Rule (σ=3.0),three_sigma,decimate,1,50.0,2004-02-16 15:52:00,2004-02-19 06:22:00,62.5,56.333333333333336,6.166666666666667,0.0,0.9013333333333333,56.333333333333336,0.0,True,78,10,3,False,True,terminal,3,invariant
IMS,2nd_test,42,"EWMA (λ=0.2, k=3.0)",ewma,decimate,1,50.0,2004-02-16 15:52:00,2004-02-19 06:22:00,62.5,55.5,7.0,0.0,0.888,55.5,0.0,True,78,10,3,False,True,terminal,3,invariant
IMS,2nd_test,42,"CUSUM (k=0.5, h=5.0)",cusum,decimate,1,50.0,2004-02-16 15:52:00,2004-02-19 06:22:00,62.5,53.0,9.5,0.0,0.848,53.0,0.0,True,78,10,3,False,True,terminal,3,invariant
IMS,2nd_test,42,Hotelling T²,hotelling_t2,decimate,1,50.0,2004-02-16 15:52:00,2004-02-19 06:22:00,62.5,56.333333333333336,6.166666666666667,0.0,0.9013333333333333,56.333333333333336,0.0,True,78,10,3,False,True,terminal,3,invariant
IMS,2nd_test,42,Isolation Forest,isolation_forest,decimate,1,50.0,2004-02-16 15:52:00,2004-02-19 06:22:00,62.5,49.666666666666664,12.833333333333334,0.0,0.7946666666666666,49.666666666666664,0.0,True,78,10,3,False,True,terminal,3,invariant
IMS,2nd_test,42,RMS-Trend (kσ),rms_trend,decimate,2,100.0,2004-02-16 15:52:00,2004-02-19 06:22:00,62.5,0.0,,0.0,0.0,0.0,0.0,False,40,10,3,False,True,terminal,3,invariant
IMS,2nd_test,42,3σ Rule (σ=3.0),three_sigma,decimate,2,100.0,2004-02-16 15:52:00,2004-02-19 06:22:00,62.5,56.333333333333336,6.166666666666667,0.0,0.9013333333333333,56.333333333333336,0.0,True,40,10,3,False,True,terminal,3,invariant
IMS,2nd_test,42,"EWMA (λ=0.2, k=3.0)",ewma,decimate,2,100.0,2004-02-16 15:52:00,2004-02-19 06:22:00,62.5,53.0,9.5,0.0,0.848,53.0,0.0,True,40,10,3,False,True,terminal,3,invariant
IMS,2nd_test,42,"CUSUM (k=0.5, h=5.0)",cusum,decimate,2,100.0,2004-02-16 15:52:00,2004-02-19 06:22:00,62.5,49.666666666666664,12.833333333333334,0.0,0.7946666666666666,49.666666666666664,0.0,True,40,10,3,False,True,terminal,3,invariant
IMS,2nd_test,42,Hotelling T²,hotelling_t2,decimate,2,100.0,2004-02-16 15:52:00,2004-02-19 06:22:00,62.5,56.333333333333336,6.166666666666667,0.0,0.9013333333333333,56.333333333333336,0.0,True,40,10,3,False,True,terminal,3,invariant
IMS,2nd_test,42,Isolation Forest,isolation_forest,decimate,2,100.0,2004-02-16 15:52:00,2004-02-19 06:22:00,62.5,46.333333333333336,16.166666666666668,0.0,0.7413333333333334,46.333333333333336,0.0,True,40,10,3,False,True,terminal,3,invariant
IMS,2nd_test,42,RMS-Trend (kσ),rms_trend,decimate,5,250.0,2004-02-16 15:52:00,2004-02-19 06:22:00,62.5,0.0,,0.0,0.0,0.0,0.0,False,16,10,3,False,True,terminal,3,invariant
IMS,2nd_test,42,3σ Rule (σ=3.0),three_sigma,decimate,5,250.0,2004-02-16 15:52:00,2004-02-19 06:22:00,62.5,46.333333333333336,16.166666666666668,0.0,0.7413333333333334,46.333333333333336,0.0,True,16,10,3,False,True,terminal,3,invariant
IMS,2nd_test,42,"EWMA (λ=0.2, k=3.0)",ewma,decimate,5,250.0,2004-02-16 15:52:00,2004-02-19 06:22:00,62.5,46.333333333333336,16.166666666666668,0.0,0.7413333333333334,46.333333333333336,0.0,True,16,10,3,False,True,terminal,3,invariant
IMS,2nd_test,42,"CUSUM (k=0.5, h=5.0)",cusum,decimate,5,250.0,2004-02-16 15:52:00,2004-02-19 06:22:00,62.5,46.333333333333336,16.166666666666668,0.0,0.7413333333333334,46.333333333333336,0.0,True,16,10,3,False,True,terminal,3,invariant
IMS,2nd_test,42,Hotelling T²,hotelling_t2,decimate,5,250.0,2004-02-16 15:52:00,2004-02-19 06:22:00,62.5,54.666666666666664,7.833333333333333,0.0,0.8746666666666666,54.666666666666664,0.0,True,16,10,3,False,True,terminal,3,invariant
IMS,2nd_test,42,Isolation Forest,isolation_forest,decimate,5,250.0,2004-02-16 15:52:00,2004-02-19 06:22:00,62.5,0.0,,0.0,0.0,0.0,0.0,False,16,10,3,False,True,terminal,3,invariant
IMS,2nd_test,42,RMS-Trend (kσ),rms_trend,decimate,10,500.0,2004-02-16 15:52:00,2004-02-19 06:22:00,62.5,0.0,,0.0,0.0,0.0,0.0,False,8,10,3,False,True,terminal,3,invariant
IMS,2nd_test,42,3σ Rule (σ=3.0),three_sigma,decimate,10,500.0,2004-02-16 15:52:00,2004-02-19 06:22:00,62.5,46.333333333333336,16.166666666666668,0.0,0.7413333333333334,46.333333333333336,0.0,True,8,10,3,False,True,terminal,3,invariant
IMS,2nd_test,42,"EWMA (λ=0.2, k=3.0)",ewma,decimate,10,500.0,2004-02-16 15:52:00,2004-02-19 06:22:00,62.5,46.333333333333336,16.166666666666668,0.0,0.7413333333333334,46.333333333333336,0.0,True,8,10,3,False,True,terminal,3,invariant
IMS,2nd_test,42,"CUSUM (k=0.5, h=5.0)",cusum,decimate,10,500.0,2004-02-16 15:52:00,2004-02-19 06:22:00,62.5,46.333333333333336,16.166666666666668,0.0,0.7413333333333334,46.333333333333336,0.0,True,8,10,3,False,True,terminal,3,invariant
IMS,2nd_test,42,Hotelling T²,hotelling_t2,decimate,10,500.0,2004-02-16 15:52:00,2004-02-19 06:22:00,62.5,54.666666666666664,7.833333333333333,0.0,0.8746666666666666,54.666666666666664,0.0,True,8,10,3,False,True,terminal,3,invariant
IMS,2nd_test,42,Isolation Forest,isolation_forest,decimate,10,500.0,2004-02-16 15:52:00,2004-02-19 06:22:00,62.5,0.0,,0.0,0.0,0.0,0.0,False,8,10,3,False,True,terminal,3,invariant
IMS,2nd_test,42,RMS-Trend (kσ),rms_trend,decimate,20,1000.0,2004-02-16 15:52:00,2004-02-19 06:22:00,62.5,0.0,,0.0,0.0,0.0,0.0,False,4,10,3,False,True,terminal,3,invariant
IMS,2nd_test,42,3σ Rule (σ=3.0),three_sigma,decimate,20,1000.0,2004-02-16 15:52:00,2004-02-19 06:22:00,62.5,0.0,,0.0,0.0,0.0,0.0,False,4,10,3,False,True,terminal,3,invariant
IMS,2nd_test,42,"EWMA (λ=0.2, k=3.0)",ewma,decimate,20,1000.0,2004-02-16 15:52:00,2004-02-19 06:22:00,62.5,46.333333333333336,16.166666666666668,0.0,0.7413333333333334,46.333333333333336,0.0,True,4,10,3,False,True,terminal,3,invariant
IMS,2nd_test,42,"CUSUM (k=0.5, h=5.0)",cusum,decimate,20,1000.0,2004-02-16 15:52:00,2004-02-19 06:22:00,62.5,46.333333333333336,16.166666666666668,0.0,0.7413333333333334,46.333333333333336,0.0,True,4,10,3,False,True,terminal,3,invariant
IMS,2nd_test,42,Hotelling T²,hotelling_t2,decimate,20,1000.0,2004-02-16 15:52:00,2004-02-19 06:22:00,62.5,46.333333333333336,16.166666666666668,0.0,0.7413333333333334,46.333333333333336,0.0,True,4,10,3,False,True,terminal,3,invariant
IMS,2nd_test,42,Isolation Forest,isolation_forest,decimate,20,1000.0,2004-02-16 15:52:00,2004-02-19 06:22:00,62.5,0.0,,0.0,0.0,0.0,0.0,False,4,10,3,False,True,terminal,3,invariant
IMS,3rd_test,42,RMS-Trend (kσ),rms_trend,aggregate,1,50.0,2004-04-16 06:12:00,2004-04-18 02:42:00,44.5,9.666666666666666,34.833333333333336,0.0,0.21722846441947563,9.666666666666666,0.0,True,506,10,3,False,True,terminal,3,invariant
IMS,3rd_test,42,3σ Rule (σ=3.0),three_sigma,aggregate,1,50.0,2004-04-16 06:12:00,2004-04-18 02:42:00,44.5,28.833333333333332,15.666666666666666,0.0,0.6479400749063671,28.833333333333332,0.0,True,506,10,3,False,True,terminal,3,invariant
IMS,3rd_test,42,"EWMA (λ=0.2, k=3.0)",ewma,aggregate,1,50.0,2004-04-16 06:12:00,2004-04-18 02:42:00,44.5,28.0,16.5,0.0,0.6292134831460674,28.0,0.0,True,506,10,3,False,True,terminal,3,invariant
IMS,3rd_test,42,"CUSUM (k=0.5, h=5.0)",cusum,aggregate,1,50.0,2004-04-16 06:12:00,2004-04-18 02:42:00,44.5,26.333333333333332,18.166666666666668,0.0,0.5917602996254682,26.333333333333332,0.0,True,506,10,3,False,True,terminal,3,invariant
IMS,3rd_test,42,Hotelling T²,hotelling_t2,aggregate,1,50.0,2004-04-16 06:12:00,2004-04-18 02:42:00,44.5,315.85,,4.845814977973569,7.097752808988765,315.85,0.0,True,506,10,3,False,True,terminal,3,invariant
IMS,3rd_test,42,Isolation Forest,isolation_forest,aggregate,1,50.0,2004-04-16 06:12:00,2004-04-18 02:42:00,44.5,59.666666666666664,,0.881057268722467,1.3408239700374531,59.666666666666664,0.0,True,506,10,3,False,True,terminal,3,invariant
IMS,3rd_test,42,RMS-Trend (kσ),rms_trend,aggregate,2,100.0,2004-04-16 06:12:00,2004-04-18 02:42:00,44.5,3.8333333333333335,40.666666666666664,0.0,0.08614232209737828,3.8333333333333335,0.0,True,253,10,3,False,True,terminal,3,invariant
IMS,3rd_test,42,3σ Rule (σ=3.0),three_sigma,aggregate,2,100.0,2004-04-16 06:12:00,2004-04-18 02:42:00,44.5,28.833333333333332,15.666666666666666,0.0,0.6479400749063671,28.833333333333332,0.0,True,253,10,3,False,True,terminal,3,invariant
IMS,3rd_test,42,"EWMA (λ=0.2, k=3.0)",ewma,aggregate,2,100.0,2004-04-16 06:12:00,2004-04-18 02:42:00,44.5,27.166666666666668,17.333333333333332,0.0,0.6104868913857678,27.166666666666668,0.0,True,253,10,3,False,True,terminal,3,invariant
IMS,3rd_test,42,"CUSUM (k=0.5, h=5.0)",cusum,aggregate,2,100.0,2004-04-16 06:12:00,2004-04-18 02:42:00,44.5,25.5,19.0,0.0,0.5730337078651685,25.5,0.0,True,253,10,3,False,True,terminal,3,invariant
IMS,3rd_test,42,Hotelling T²,hotelling_t2,aggregate,2,100.0,2004-04-16 06:12:00,2004-04-18 02:42:00,44.5,315.85,,5.3097345132743365,7.097752808988765,315.85,0.0,True,253,10,3,False,True,terminal,3,invariant
IMS,3rd_test,42,Isolation Forest,isolation_forest,aggregate,2,100.0,2004-04-16 06:12:00,2004-04-18 02:42:00,44.5,28.833333333333332,15.666666666666666,0.0,0.6479400749063671,28.833333333333332,0.0,True,253,10,3,False,True,terminal,3,invariant
IMS,3rd_test,42,RMS-Trend (kσ),rms_trend,aggregate,5,250.0,2004-04-16 06:12:00,2004-04-18 02:42:00,44.5,8.0,36.5,0.0,0.1797752808988764,8.0,0.0,True,102,10,3,False,True,terminal,3,invariant
IMS,3rd_test,42,3σ Rule (σ=3.0),three_sigma,aggregate,5,250.0,2004-04-16 06:12:00,2004-04-18 02:42:00,44.5,33.0,11.5,0.0,0.7415730337078652,33.0,0.0,True,102,10,3,False,True,terminal,3,invariant
IMS,3rd_test,42,"EWMA (λ=0.2, k=3.0)",ewma,aggregate,5,250.0,2004-04-16 06:12:00,2004-04-18 02:42:00,44.5,24.666666666666668,19.833333333333332,0.0,0.5543071161048689,24.666666666666668,0.0,True,102,10,3,False,True,terminal,3,invariant
IMS,3rd_test,42,"CUSUM (k=0.5, h=5.0)",cusum,aggregate,5,250.0,2004-04-16 06:12:00,2004-04-18 02:42:00,44.5,24.666666666666668,19.833333333333332,0.0,0.5543071161048689,24.666666666666668,0.0,True,102,10,3,False,True,terminal,3,invariant
IMS,3rd_test,42,Hotelling T²,hotelling_t2,aggregate,5,250.0,2004-04-16 06:12:00,2004-04-18 02:42:00,44.5,58.0,,4.395604395604396,1.303370786516854,58.0,0.0,True,102,10,3,False,True,terminal,3,invariant
IMS,3rd_test,42,Isolation Forest,isolation_forest,aggregate,5,250.0,2004-04-16 06:12:00,2004-04-18 02:42:00,44.5,24.666666666666668,19.833333333333332,0.0,0.5543071161048689,24.666666666666668,0.0,True,102,10,3,False,True,terminal,3,invariant
IMS,3rd_test,42,RMS-Trend (kσ),rms_trend,aggregate,10,500.0,2004-04-16 06:12:00,2004-04-18 02:42:00,44.5,0.0,,0.0,0.0,0.0,0.0,False,51,10,3,False,True,terminal,3,invariant
IMS,3rd_test,42,3σ Rule (σ=3.0),three_sigma,aggregate,10,500.0,2004-04-16 06:12:00,2004-04-18 02:42:00,44.5,37.166666666666664,7.333333333333333,0.0,0.8352059925093632,37.166666666666664,0.0,True,51,10,3,False,True,terminal,3,invariant
IMS,3rd_test,42,"EWMA (λ=0.2, k=3.0)",ewma,aggregate,10,500.0,2004-04-16 06:12:00,2004-04-18 02:42:00,44.5,20.5,24.0,0.0,0.4606741573033708,20.5,0.0,True,51,10,3,False,True,terminal,3,invariant
IMS,3rd_test,42,"CUSUM (k=0.5, h=5.0)",cusum,aggregate,10,500.0,2004-04-16 06:12:00,2004-04-18 02:42:00,44.5,20.5,24.0,0.0,0.4606741573033708,20.5,0.0,True,51,10,3,False,True,terminal,3,invariant
IMS,3rd_test,42,Hotelling T²,hotelling_t2,aggregate,10,500.0,2004-04-16 06:12:00,2004-04-18 02:42:00,44.5,53.833333333333336,,4.444444444444445,1.2097378277153559,53.833333333333336,0.0,True,51,10,3,False,True,terminal,3,invariant
IMS,3rd_test,42,Isolation Forest,isolation_forest,aggregate,10,500.0,2004-04-16 06:12:00,2004-04-18 02:42:00,44.5,20.5,24.0,0.0,0.4606741573033708,20.5,0.0,True,51,10,3,False,True,terminal,3,invariant
IMS,3rd_test,42,RMS-Trend (kσ),rms_trend,aggregate,20,1000.0,2004-04-16 06:12:00,2004-04-18 02:42:00,44.5,0.0,,0.0,0.0,0.0,0.0,False,26,10,3,False,True,terminal,3,invariant
IMS,3rd_test,42,3σ Rule (σ=3.0),three_sigma,aggregate,20,1000.0,2004-04-16 06:12:00,2004-04-18 02:42:00,44.5,37.166666666666664,7.333333333333333,0.0,0.8352059925093632,37.166666666666664,0.0,True,26,10,3,False,True,terminal,3,invariant
IMS,3rd_test,42,"EWMA (λ=0.2, k=3.0)",ewma,aggregate,20,1000.0,2004-04-16 06:12:00,2004-04-18 02:42:00,44.5,20.5,24.0,0.0,0.4606741573033708,20.5,0.0,True,26,10,3,False,True,terminal,3,invariant
IMS,3rd_test,42,"CUSUM (k=0.5, h=5.0)",cusum,aggregate,20,1000.0,2004-04-16 06:12:00,2004-04-18 02:42:00,44.5,20.5,24.0,0.0,0.4606741573033708,20.5,0.0,True,26,10,3,False,True,terminal,3,invariant
IMS,3rd_test,42,Hotelling T²,hotelling_t2,aggregate,20,1000.0,2004-04-16 06:12:00,2004-04-18 02:42:00,44.5,327.51666666666665,,50.0,7.359925093632959,327.51666666666665,0.0,False,26,10,3,False,True,terminal,3,invariant
IMS,3rd_test,42,Isolation Forest,isolation_forest,aggregate,20,1000.0,2004-04-16 06:12:00,2004-04-18 02:42:00,44.5,20.5,24.0,0.0,0.4606741573033708,20.5,0.0,True,26,10,3,False,True,terminal,3,invariant
IMS,3rd_test,42,RMS-Trend (kσ),rms_trend,decimate,1,50.0,2004-04-16 06:12:00,2004-04-18 02:42:00,44.5,9.666666666666666,34.833333333333336,0.0,0.21722846441947563,9.666666666666666,0.0,True,506,10,3,False,True,terminal,3,invariant
IMS,3rd_test,42,3σ Rule (σ=3.0),three_sigma,decimate,1,50.0,2004-04-16 06:12:00,2004-04-18 02:42:00,44.5,28.833333333333332,15.666666666666666,0.0,0.6479400749063671,28.833333333333332,0.0,True,506,10,3,False,True,terminal,3,invariant
IMS,3rd_test,42,"EWMA (λ=0.2, k=3.0)",ewma,decimate,1,50.0,2004-04-16 06:12:00,2004-04-18 02:42:00,44.5,28.0,16.5,0.0,0.6292134831460674,28.0,0.0,True,506,10,3,False,True,terminal,3,invariant
IMS,3rd_test,42,"CUSUM (k=0.5, h=5.0)",cusum,decimate,1,50.0,2004-04-16 06:12:00,2004-04-18 02:42:00,44.5,26.333333333333332,18.166666666666668,0.0,0.5917602996254682,26.333333333333332,0.0,True,506,10,3,False,True,terminal,3,invariant
IMS,3rd_test,42,Hotelling T²,hotelling_t2,decimate,1,50.0,2004-04-16 06:12:00,2004-04-18 02:42:00,44.5,315.85,,4.845814977973569,7.097752808988765,315.85,0.0,True,506,10,3,False,True,terminal,3,invariant
IMS,3rd_test,42,Isolation Forest,isolation_forest,decimate,1,50.0,2004-04-16 06:12:00,2004-04-18 02:42:00,44.5,59.666666666666664,,0.881057268722467,1.3408239700374531,59.666666666666664,0.0,True,506,10,3,False,True,terminal,3,invariant
IMS,3rd_test,42,RMS-Trend (kσ),rms_trend,decimate,2,100.0,2004-04-16 06:12:00,2004-04-18 02:42:00,44.5,0.0,,0.0,0.0,0.0,0.0,False,253,10,3,False,True,terminal,3,invariant
IMS,3rd_test,42,3σ Rule (σ=3.0),three_sigma,decimate,2,100.0,2004-04-16 06:12:00,2004-04-18 02:42:00,44.5,28.0,16.5,0.0,0.6292134831460674,28.0,0.0,True,253,10,3,False,True,terminal,3,invariant
IMS,3rd_test,42,"EWMA (λ=0.2, k=3.0)",ewma,decimate,2,100.0,2004-04-16 06:12:00,2004-04-18 02:42:00,44.5,26.333333333333332,18.166666666666668,0.0,0.5917602996254682,26.333333333333332,0.0,True,253,10,3,False,True,terminal,3,invariant
IMS,3rd_test,42,"CUSUM (k=0.5, h=5.0)",cusum,decimate,2,100.0,2004-04-16 06:12:00,2004-04-18 02:42:00,44.5,26.333333333333332,18.166666666666668,0.0,0.5917602996254682,26.333333333333332,0.0,True,253,10,3,False,True,terminal,3,invariant
IMS,3rd_test,42,Hotelling T²,hotelling_t2,decimate,2,100.0,2004-04-16 06:12:00,2004-04-18 02:42:00,44.5,59.666666666666664,,4.405286343612335,1.3408239700374531,59.666666666666664,0.0,True,253,10,3,False,True,terminal,3,invariant
IMS,3rd_test,42,Isolation Forest,isolation_forest,decimate,2,100.0,2004-04-16 06:12:00,2004-04-18 02:42:00,44.5,29.666666666666668,14.833333333333334,0.0,0.6666666666666667,29.666666666666668,0.0,True,253,10,3,False,True,terminal,3,invariant
IMS,3rd_test,42,RMS-Trend (kσ),rms_trend,decimate,5,250.0,2004-04-16 06:12:00,2004-04-18 02:42:00,44.5,0.0,,0.0,0.0,0.0,0.0,False,102,10,3,False,True,terminal,3,invariant
IMS,3rd_test,42,3σ Rule (σ=3.0),three_sigma,decimate,5,250.0,2004-04-16 06:12:00,2004-04-18 02:42:00,44.5,32.166666666666664,12.333333333333334,0.0,0.7228464419475655,32.166666666666664,0.0,True,102,10,3,False,True,terminal,3,invariant
IMS,3rd_test,42,"EWMA (λ=0.2, k=3.0)",ewma,decimate,5,250.0,2004-04-16 06:12:00,2004-04-18 02:42:00,44.5,28.0,16.5,0.0,0.6292134831460674,28.0,0.0,True,102,10,3,False,True,terminal,3,invariant
IMS,3rd_test,42,"CUSUM (k=0.5, h=5.0)",cusum,decimate,5,250.0,2004-04-16 06:12:00,2004-04-18 02:42:00,44.5,23.833333333333332,20.666666666666668,0.0,0.5355805243445693,23.833333333333332,0.0,True,102,10,3,False,True,terminal,3,invariant
IMS,3rd_test,42,Hotelling T²,hotelling_t2,decimate,5,250.0,2004-04-16 06:12:00,2004-04-18 02:42:00,44.5,57.166666666666664,,4.3478260869565215,1.2846441947565543,57.166666666666664,0.0,True,102,10,3,False,True,terminal,3,invariant
IMS,3rd_test,42,Isolation Forest,isolation_forest,decimate,5,250.0,2004-04-16 06:12:00,2004-04-18 02:42:00,44.5,28.0,16.5,0.0,0.6292134831460674,28.0,0.0,True,102,10,3,False,True,terminal,3,invariant
IMS,3rd_test,42,RMS-Trend (kσ),rms_trend,decimate,10,500.0,2004-04-16 06:12:00,2004-04-18 02:42:00,44.5,0.0,,0.0,0.0,0.0,0.0,False,51,10,3,False,True,terminal,3,invariant
IMS,3rd_test,42,3σ Rule (σ=3.0),three_sigma,decimate,10,500.0,2004-04-16 06:12:00,2004-04-18 02:42:00,44.5,28.0,16.5,0.0,0.6292134831460674,28.0,0.0,True,51,10,3,False,True,terminal,3,invariant
IMS,3rd_test,42,"EWMA (λ=0.2, k=3.0)",ewma,decimate,10,500.0,2004-04-16 06:12:00,2004-04-18 02:42:00,44.5,28.0,16.5,0.0,0.6292134831460674,28.0,0.0,True,51,10,3,False,True,terminal,3,invariant
IMS,3rd_test,42,"CUSUM (k=0.5, h=5.0)",cusum,decimate,10,500.0,2004-04-16 06:12:00,2004-04-18 02:42:00,44.5,19.666666666666668,24.833333333333332,0.0,0.4419475655430712,19.666666666666668,0.0,True,51,10,3,False,True,terminal,3,invariant
IMS,3rd_test,42,Hotelling T²,hotelling_t2,decimate,10,500.0,2004-04-16 06:12:00,2004-04-18 02:42:00,44.5,53.0,,4.3478260869565215,1.1910112359550562,53.0,0.0,True,51,10,3,False,True,terminal,3,invariant
IMS,3rd_test,42,Isolation Forest,isolation_forest,decimate,10,500.0,2004-04-16 06:12:00,2004-04-18 02:42:00,44.5,19.666666666666668,24.833333333333332,0.0,0.4419475655430712,19.666666666666668,0.0,True,51,10,3,False,True,terminal,3,invariant
IMS,3rd_test,42,RMS-Trend (kσ),rms_trend,decimate,20,1000.0,2004-04-16 06:12:00,2004-04-18 02:42:00,44.5,0.0,,0.0,0.0,0.0,0.0,False,26,10,3,False,True,terminal,3,invariant
IMS,3rd_test,42,3σ Rule (σ=3.0),three_sigma,decimate,20,1000.0,2004-04-16 06:12:00,2004-04-18 02:42:00,44.5,53.0,,4.3478260869565215,1.1910112359550562,53.0,0.0,True,26,10,3,False,True,terminal,3,invariant
IMS,3rd_test,42,"EWMA (λ=0.2, k=3.0)",ewma,decimate,20,1000.0,2004-04-16 06:12:00,2004-04-18 02:42:00,44.5,0.0,,0.0,0.0,0.0,0.0,False,26,10,3,False,True,terminal,3,invariant
IMS,3rd_test,42,"CUSUM (k=0.5, h=5.0)",cusum,decimate,20,1000.0,2004-04-16 06:12:00,2004-04-18 02:42:00,44.5,0.0,,0.0,0.0,0.0,0.0,False,26,10,3,False,True,terminal,3,invariant
IMS,3rd_test,42,Hotelling T²,hotelling_t2,decimate,20,1000.0,2004-04-16 06:12:00,2004-04-18 02:42:00,44.5,176.68333333333334,,30.434782608695656,3.9704119850187265,176.68333333333334,0.0,False,26,10,3,False,True,terminal,3,invariant
IMS,3rd_test,42,Isolation Forest,isolation_forest,decimate,20,1000.0,2004-04-16 06:12:00,2004-04-18 02:42:00,44.5,0.0,,0.0,0.0,0.0,0.0,False,26,10,3,False,True,terminal,3,invariant
IMS,1st_test,42,RMS-Trend (kσ),rms_trend,aggregate,1,50.0,2003-11-25 10:47:00,2003-11-25 23:39:56,12.88,0.0,,0.0,0.0,0.0,0.0,False,172,10,5,False,True,terminal,5,invariant
IMS,1st_test,42,3σ Rule (σ=3.0),three_sigma,aggregate,1,50.0,2003-11-25 10:47:00,2003-11-25 23:39:56,12.88,97.89888888888889,,39.39393939393939,7.599534241849233,97.89888888888889,0.0,False,172,10,5,False,True,terminal,5,invariant
IMS,1st_test,42,"EWMA (λ=0.2, k=3.0)",ewma,aggregate,1,50.0,2003-11-25 10:47:00,2003-11-25 23:39:56,12.88,152.23222222222222,,63.63636363636363,11.817233051578404,152.23222222222222,0.0,False,172,10,5,False,True,terminal,5,invariant
IMS,1st_test,42,"CUSUM (k=0.5, h=5.0)",cusum,aggregate,1,50.0,2003-11-25 10:47:00,2003-11-25 23:39:56,12.88,114.93222222222222,,57.57575757575758,8.921769880972917,114.93222222222222,0.0,False,172,10,5,False,True,terminal,5,invariant
IMS,1st_test,42,Hotelling T²,hotelling_t2,aggregate,1,50.0,2003-11-25 10:47:00,2003-11-25 23:39:56,12.88,152.23222222222222,,65.45454545454545,11.817233051578404,152.23222222222222,0.0,False,172,10,5,False,True,terminal,5,invariant
IMS,1st_test,42,Isolation Forest,isolation_forest,aggregate,1,50.0,2003-11-25 10:47:00,2003-11-25 23:39:56,12.88,152.23222222222222,,70.3030303030303,11.817233051578404,152.23222222222222,0.0,False,172,10,5,False,True,terminal,5,invariant
IMS,1st_test,42,RMS-Trend (kσ),rms_trend,aggregate,2,100.0,2003-11-25 10:47:00,2003-11-25 23:39:56,12.88,76.23222222222222,,20.73170731707317,5.917629808521649,76.23222222222222,0.0,False,86,10,5,False,True,terminal,5,invariant
IMS,1st_test,42,3σ Rule (σ=3.0),three_sigma,aggregate,2,100.0,2003-11-25 10:47:00,2003-11-25 23:39:56,12.88,97.89888888888889,,41.46341463414634,7.599534241849233,97.89888888888889,0.0,False,86,10,5,False,True,terminal,5,invariant
IMS,1st_test,42,"EWMA (λ=0.2, k=3.0)",ewma,aggregate,2,100.0,2003-11-25 10:47:00,2003-11-25 23:39:56,12.88,117.43222222222222,,59.756097560975604,9.115835777126101,117.43222222222222,0.0,False,86,10,5,False,True,terminal,5,invariant
IMS,1st_test,42,"CUSUM (k=0.5, h=5.0)",cusum,aggregate,2,100.0,2003-11-25 10:47:00,2003-11-25 23:39:56,12.88,114.0988888888889,,57.3170731707317,8.857081248921856,114.0988888888889,0.0,False,86,10,5,False,True,terminal,5,invariant
IMS,1st_test,42,Hotelling T²,hotelling_t2,aggregate,2,100.0,2003-11-25 10:47:00,2003-11-25 23:39:56,12.88,156.39888888888888,,73.17073170731707,12.140676211833707,156.39888888888888,0.0,False,86,10,5,False,True,terminal,5,invariant
IMS,1st_test,42,Isolation Forest,isolation_forest,aggregate,2,100.0,2003-11-25 10:47:00,2003-11-25 23:39:56,12.88,123.26555555555555,,62.19512195121951,9.568656201483526,123.26555555555555,0.0,False,86,10,5,False,True,terminal,5,invariant
IMS,1st_test,42,RMS-Trend (kσ),rms_trend,aggregate,5,250.0,2003-11-25 10:47:00,2003-11-25 23:39:56,12.88,0.0,,0.0,0.0,0.0,0.0,False,35,10,5,False,True,terminal,5,invariant
IMS,1st_test,42,3σ Rule (σ=3.0),three_sigma,aggregate,5,250.0,2003-11-25 10:47:00,2003-11-25 23:39:56,12.88,107.86555555555556,,54.54545454545454,8.37321028117992,107.86555555555556,0.0,False,35,10,5,False,True,terminal,5,invariant
IMS,1st_test,42,"EWMA (λ=0.2, k=3.0)",ewma,aggregate,5,250.0,2003-11-25 10:47:00,2003-11-25 23:39:56,12.88,114.0988888888889,,57.57575757575758,8.857081248921856,114.0988888888889,0.0,False,35,10,5,False,True,terminal,5,invariant
IMS,1st_test,42,"CUSUM (k=0.5, h=5.0)",cusum,aggregate,5,250.0,2003-11-25 10:47:00,2003-11-25 23:39:56,12.88,114.0988888888889,,57.57575757575758,8.857081248921856,114.0988888888889,0.0,False,35,10,5,False,True,terminal,5,invariant
IMS,1st_test,42,Hotelling T²,hotelling_t2,aggregate,5,250.0,2003-11-25 10:47:00,2003-11-25 23:39:56,12.88,154.73222222222222,,78.78787878787878,12.011298947731586,154.73222222222222,0.0,False,35,10,5,False,True,terminal,5,invariant
IMS,1st_test,42,Isolation Forest,isolation_forest,aggregate,5,250.0,2003-11-25 10:47:00,2003-11-25 23:39:56,12.88,118.26555555555555,,60.60606060606061,9.18052440917716,118.26555555555555,0.0,False,35,10,5,False,True,terminal,5,invariant
IMS,1st_test,42,RMS-Trend (kσ),rms_trend,aggregate,10,500.0,2003-11-25 10:47:00,2003-11-25 23:39:56,12.88,0.0,,0.0,0.0,0.0,0.0,False,18,10,5,False,True,terminal,5,invariant
IMS,1st_test,42,3σ Rule (σ=3.0),three_sigma,aggregate,10,500.0,2003-11-25 10:47:00,2003-11-25 23:39:56,12.88,101.23222222222222,,52.94117647058824,7.858288770053476,101.23222222222222,0.0,False,18,10,5,False,True,terminal,5,invariant
IMS,1st_test,42,"EWMA (λ=0.2, k=3.0)",ewma,aggregate,10,500.0,2003-11-25 10:47:00,2003-11-25 23:39:56,12.88,114.0988888888889,,58.82352941176471,8.857081248921856,114.0988888888889,0.0,False,18,10,5,False,True,terminal,5,invariant
IMS,1st_test,42,"CUSUM (k=0.5, h=5.0)",cusum,aggregate,10,500.0,2003-11-25 10:47:00,2003-11-25 23:39:56,12.88,114.0988888888889,,58.82352941176471,8.857081248921856,114.0988888888889,0.0,False,18,10,5,False,True,terminal,5,invariant
IMS,1st_test,42,Hotelling T²,hotelling_t2,aggregate,10,500.0,2003-11-25 10:47:00,2003-11-25 23:39:56,12.88,154.73222222222222,,82.35294117647058,12.011298947731586,154.73222222222222,0.0,False,18,10,5,False,True,terminal,5,invariant
IMS,1st_test,42,Isolation Forest,isolation_forest,aggregate,10,500.0,2003-11-25 10:47:00,2003-11-25 23:39:56,12.88,114.0988888888889,,58.82352941176471,8.857081248921856,114.0988888888889,0.0,False,18,10,5,False,True,terminal,5,invariant
IMS,1st_test,42,RMS-Trend (kσ),rms_trend,aggregate,20,1160.0,2003-11-25 10:47:00,2003-11-25 23:39:56,12.88,0.0,,0.0,0.0,0.0,0.0,False,9,10,5,False,True,terminal,5,invariant
IMS,1st_test,42,3σ Rule (σ=3.0),three_sigma,aggregate,20,1160.0,2003-11-25 10:47:00,2003-11-25 23:39:56,12.88,101.23222222222222,,62.5,7.858288770053476,101.23222222222222,0.0,False,9,10,5,False,True,terminal,5,invariant
IMS,1st_test,42,"EWMA (λ=0.2, k=3.0)",ewma,aggregate,20,1160.0,2003-11-25 10:47:00,2003-11-25 23:39:56,12.88,101.23222222222222,,62.5,7.858288770053476,101.23222222222222,0.0,False,9,10,5,False,True,terminal,5,invariant
IMS,1st_test,42,"CUSUM (k=0.5, h=5.0)",cusum,aggregate,20,1160.0,2003-11-25 10:47:00,2003-11-25 23:39:56,12.88,101.23222222222222,,62.5,7.858288770053476,101.23222222222222,0.0,False,9,10,5,False,True,terminal,5,invariant
IMS,1st_test,42,Hotelling T²,hotelling_t2,aggregate,20,1160.0,2003-11-25 10:47:00,2003-11-25 23:39:56,12.88,178.13222222222223,,100.0,13.827755735725376,0.0,100.0,False,9,10,5,False,True,terminal,5,invariant
IMS,1st_test,42,Isolation Forest,isolation_forest,aggregate,20,1160.0,2003-11-25 10:47:00,2003-11-25 23:39:56,12.88,0.0,,0.0,0.0,0.0,0.0,False,9,10,5,False,True,terminal,5,invariant
IMS,1st_test,42,RMS-Trend (kσ),rms_trend,decimate,1,50.0,2003-11-25 10:47:00,2003-11-25 23:39:56,12.88,0.0,,0.0,0.0,0.0,0.0,False,172,10,5,False,True,terminal,5,invariant
IMS,1st_test,42,3σ Rule (σ=3.0),three_sigma,decimate,1,50.0,2003-11-25 10:47:00,2003-11-25 23:39:56,12.88,97.89888888888889,,39.39393939393939,7.599534241849233,97.89888888888889,0.0,False,172,10,5,False,True,terminal,5,invariant
IMS,1st_test,42,"EWMA (λ=0.2, k=3.0)",ewma,decimate,1,50.0,2003-11-25 10:47:00,2003-11-25 23:39:56,12.88,152.23222222222222,,63.63636363636363,11.817233051578404,152.23222222222222,0.0,False,172,10,5,False,True,terminal,5,invariant
IMS,1st_test,42,"CUSUM (k=0.5, h=5.0)",cusum,decimate,1,50.0,2003-11-25 10:47:00,2003-11-25 23:39:56,12.88,114.93222222222222,,57.57575757575758,8.921769880972917,114.93222222222222,0.0,False,172,10,5,False,True,terminal,5,invariant
IMS,1st_test,42,Hotelling T²,hotelling_t2,decimate,1,50.0,2003-11-25 10:47:00,2003-11-25 23:39:56,12.88,152.23222222222222,,65.45454545454545,11.817233051578404,152.23222222222222,0.0,False,172,10,5,False,True,terminal,5,invariant
IMS,1st_test,42,Isolation Forest,isolation_forest,decimate,1,50.0,2003-11-25 10:47:00,2003-11-25 23:39:56,12.88,152.23222222222222,,70.3030303030303,11.817233051578404,152.23222222222222,0.0,False,172,10,5,False,True,terminal,5,invariant
IMS,1st_test,42,RMS-Trend (kσ),rms_trend,decimate,2,100.0,2003-11-25 10:47:00,2003-11-25 23:39:56,12.88,77.06555555555556,,24.096385542168676,5.982318440572711,77.06555555555556,0.0,False,86,10,5,False,True,terminal,5,invariant
IMS,1st_test,42,3σ Rule (σ=3.0),three_sigma,decimate,2,100.0,2003-11-25 10:47:00,2003-11-25 23:39:56,12.88,97.06555555555556,,39.75903614457831,7.534845609798173,97.06555555555556,0.0,False,86,10,5,False,True,terminal,5,invariant
IMS,1st_test,42,"EWMA (λ=0.2, k=3.0)",ewma,decimate,2,100.0,2003-11-25 10:47:00,2003-11-25 23:39:56,12.88,118.26555555555555,,60.24096385542169,9.18052440917716,118.26555555555555,0.0,False,86,10,5,False,True,terminal,5,invariant
IMS,1st_test,42,"CUSUM (k=0.5, h=5.0)",cusum,decimate,2,100.0,2003-11-25 10:47:00,2003-11-25 23:39:56,12.88,114.93222222222222,,57.831325301204814,8.921769880972917,114.93222222222222,0.0,False,86,10,5,False,True,terminal,5,invariant
IMS,1st_test,42,Hotelling T²,hotelling_t2,decimate,2,100.0,2003-11-25 10:47:00,2003-11-25 23:39:56,12.88,153.89888888888888,,68.67469879518072,11.946610315680523,153.89888888888888,0.0,False,86,10,5,False,True,terminal,5,invariant
IMS,1st_test,42,Isolation Forest,isolation_forest,decimate,2,100.0,2003-11-25 10:47:00,2003-11-25 23:39:56,12.88,153.89888888888888,,68.67469879518072,11.946610315680523,153.89888888888888,0.0,False,86,10,5,False,True,terminal,5,invariant
IMS,1st_test,42,RMS-Trend (kσ),rms_trend,decimate,5,250.0,2003-11-25 10:47:00,2003-11-25 23:39:56,12.88,0.0,,0.0,0.0,0.0,0.0,False,35,10,5,False,True,terminal,5,invariant
IMS,1st_test,42,3σ Rule (σ=3.0),three_sigma,decimate,5,250.0,2003-11-25 10:47:00,2003-11-25 23:39:56,12.88,96.23222222222222,,41.17647058823529,7.470156977747111,96.23222222222222,0.0,False,35,10,5,False,True,terminal,5,invariant
IMS,1st_test,42,"EWMA (λ=0.2, k=3.0)",ewma,decimate,5,250.0,2003-11-25 10:47:00,2003-11-25 23:39:56,12.88,113.26555555555555,,55.88235294117647,8.792392616870796,113.26555555555555,0.0,False,35,10,5,False,True,terminal,5,invariant
IMS,1st_test,42,"CUSUM (k=0.5, h=5.0)",cusum,decimate,5,250.0,2003-11-25 10:47:00,2003-11-25 23:39:56,12.88,107.03222222222222,,52.94117647058824,8.30852164912886,107.03222222222222,0.0,False,35,10,5,False,True,terminal,5,invariant
IMS,1st_test,42,Hotelling T²,hotelling_t2,decimate,5,250.0,2003-11-25 10:47:00,2003-11-25 23:39:56,12.88,117.43222222222222,,58.82352941176471,9.115835777126101,117.43222222222222,0.0,False,35,10,5,False,True,terminal,5,invariant
IMS,1st_test,42,Isolation Forest,isolation_forest,decimate,5,250.0,2003-11-25 10:47:00,2003-11-25 23:39:56,12.88,117.43222222222222,,58.82352941176471,9.115835777126101,117.43222222222222,0.0,False,35,10,5,False,True,terminal,5,invariant
IMS,1st_test,42,RMS-Trend (kσ),rms_trend,decimate,10,500.0,2003-11-25 10:47:00,2003-11-25 23:39:56,12.88,0.0,,0.0,0.0,0.0,0.0,False,18,10,5,False,True,terminal,5,invariant
IMS,1st_test,42,3σ Rule (σ=3.0),three_sigma,decimate,10,500.0,2003-11-25 10:47:00,2003-11-25 23:39:56,12.88,0.0,,0.0,0.0,0.0,0.0,False,18,10,5,False,True,terminal,5,invariant
IMS,1st_test,42,"EWMA (λ=0.2, k=3.0)",ewma,decimate,10,500.0,2003-11-25 10:47:00,2003-11-25 23:39:56,12.88,100.39888888888889,,50.0,7.793600138002415,100.39888888888889,0.0,False,18,10,5,False,True,terminal,5,invariant
IMS,1st_test,42,"CUSUM (k=0.5, h=5.0)",cusum,decimate,10,500.0,2003-11-25 10:47:00,2003-11-25 23:39:56,12.88,100.39888888888889,,50.0,7.793600138002415,100.39888888888889,0.0,False,18,10,5,False,True,terminal,5,invariant
IMS,1st_test,42,Hotelling T²,hotelling_t2,decimate,10,500.0,2003-11-25 10:47:00,2003-11-25 23:39:56,12.88,113.26555555555555,,55.55555555555556,8.792392616870796,113.26555555555555,0.0,False,18,10,5,False,True,terminal,5,invariant
IMS,1st_test,42,Isolation Forest,isolation_forest,decimate,10,500.0,2003-11-25 10:47:00,2003-11-25 23:39:56,12.88,113.26555555555555,,33.33333333333333,8.792392616870796,113.26555555555555,0.0,False,18,10,5,False,True,terminal,5,invariant
IMS,1st_test,42,RMS-Trend (kσ),rms_trend,decimate,20,1160.0,2003-11-25 10:47:00,2003-11-25 23:39:56,12.88,0.0,,0.0,0.0,0.0,0.0,False,9,10,5,False,True,terminal,5,invariant
IMS,1st_test,42,3σ Rule (σ=3.0),three_sigma,decimate,20,1160.0,2003-11-25 10:47:00,2003-11-25 23:39:56,12.88,100.39888888888889,,55.55555555555556,7.793600138002415,100.39888888888889,0.0,False,9,10,5,False,True,terminal,5,invariant
IMS,1st_test,42,"EWMA (λ=0.2, k=3.0)",ewma,decimate,20,1160.0,2003-11-25 10:47:00,2003-11-25 23:39:56,12.88,100.39888888888889,,55.55555555555556,7.793600138002415,100.39888888888889,0.0,False,9,10,5,False,True,terminal,5,invariant
IMS,1st_test,42,"CUSUM (k=0.5, h=5.0)",cusum,decimate,20,1160.0,2003-11-25 10:47:00,2003-11-25 23:39:56,12.88,100.39888888888889,,55.55555555555556,7.793600138002415,100.39888888888889,0.0,False,9,10,5,False,True,terminal,5,invariant
IMS,1st_test,42,Hotelling T²,hotelling_t2,decimate,20,1160.0,2003-11-25 10:47:00,2003-11-25 23:39:56,12.88,177.29888888888888,,88.88888888888889,13.763067103674315,177.29888888888888,0.0,False,9,10,5,False,True,terminal,5,invariant
IMS,1st_test,42,Isolation Forest,isolation_forest,decimate,20,1160.0,2003-11-25 10:47:00,2003-11-25 23:39:56,12.88,0.0,,0.0,0.0,0.0,0.0,False,9,10,5,False,True,terminal,5,invariant
IMS,2nd_test,42,RMS-Trend (kσ),rms_trend,aggregate,1,50.0,2004-02-16 15:52:00,2004-02-19 06:22:00,62.5,0.0,,0.0,0.0,0.0,0.0,False,78,10,5,False,True,terminal,5,invariant
IMS,2nd_test,42,3σ Rule (σ=3.0),three_sigma,aggregate,1,50.0,2004-02-16 15:52:00,2004-02-19 06:22:00,62.5,56.333333333333336,6.166666666666667,0.0,0.9013333333333333,56.333333333333336,0.0,True,78,10,5,False,True,terminal,5,invariant
IMS,2nd_test,42,"EWMA (λ=0.2, k=3.0)",ewma,aggregate,1,50.0,2004-02-16 15:52:00,2004-02-19 06:22:00,62.5,55.5,7.0,0.0,0.888,55.5,0.0,True,78,10,5,False,True,terminal,5,invariant
IMS,2nd_test,42,"CUSUM (k=0.5, h=5.0)",cusum,aggregate,1,50.0,2004-02-16 15:52:00,2004-02-19 06:22:00,62.5,53.0,9.5,0.0,0.848,53.0,0.0,True,78,10,5,False,True,terminal,5,invariant
IMS,2nd_test,42,Hotelling T²,hotelling_t2,aggregate,1,50.0,2004-02-16 15:52:00,2004-02-19 06:22:00,62.5,56.333333333333336,6.166666666666667,0.0,0.9013333333333333,56.333333333333336,0.0,True,78,10,5,False,True,terminal,5,invariant
IMS,2nd_test,42,Isolation Forest,isolation_forest,aggregate,1,50.0,2004-02-16 15:52:00,2004-02-19 06:22:00,62.5,49.666666666666664,12.833333333333334,0.0,0.7946666666666666,49.666666666666664,0.0,True,78,10,5,False,True,terminal,5,invariant
IMS,2nd_test,42,RMS-Trend (kσ),rms_trend,aggregate,2,100.0,2004-02-16 15:52:00,2004-02-19 06:22:00,62.5,0.0,,0.0,0.0,0.0,0.0,False,40,10,5,False,True,terminal,5,invariant
IMS,2nd_test,42,3σ Rule (σ=3.0),three_sigma,aggregate,2,100.0,2004-02-16 15:52:00,2004-02-19 06:22:00,62.5,62.166666666666664,0.3333333333333333,0.0,0.9946666666666666,0.0,33.33333333333333,True,40,10,5,False,True,terminal,5,invariant
IMS,2nd_test,42,"EWMA (λ=0.2, k=3.0)",ewma,aggregate,2,100.0,2004-02-16 15:52:00,2004-02-19 06:22:00,62.5,55.5,7.0,0.0,0.888,55.5,0.0,True,40,10,5,False,True,terminal,5,invariant
IMS,2nd_test,42,"CUSUM (k=0.5, h=5.0)",cusum,aggregate,2,100.0,2004-02-16 15:52:00,2004-02-19 06:22:00,62.5,53.833333333333336,8.666666666666666,0.0,0.8613333333333334,53.833333333333336,0.0,True,40,10,5,False,True,terminal,5,invariant
IMS,2nd_test,42,Hotelling T²,hotelling_t2,aggregate,2,100.0,2004-02-16 15:52:00,2004-02-19 06:22:00,62.5,55.5,7.0,0.0,0.888,55.5,0.0,True,40,10,5,False,True,terminal,5,invariant
IMS,2nd_test,42,Isolation Forest,isolation_forest,aggregate,2,100.0,2004-02-16 15:52:00,2004-02-19 06:22:00,62.5,48.833333333333336,13.666666666666666,0.0,0.7813333333333333,48.833333333333336,0.0,True,40,10,5,False,True,terminal,5,invariant
IMS,2nd_test,42,RMS-Trend (kσ),rms_trend,aggregate,5,250.0,2004-02-16 15:52:00,2004-02-19 06:22:00,62.5,0.0,,0.0,0.0,0.0,0.0,False,16,10,5,False,True,terminal,5,invariant
IMS,2nd_test,42,3σ Rule (σ=3.0),three_sigma,aggregate,5,250.0,2004-02-16 15:52:00,2004-02-19 06:22:00,62.5,59.666666666666664,2.8333333333333335,0.0,0.9546666666666667,59.666666666666664,0.0,True,16,10,5,False,True,terminal,5,invariant
IMS,2nd_test,42,"EWMA (λ=0.2, k=3.0)",ewma,aggregate,5,250.0,2004-02-16 15:52:00,2004-02-19 06:22:00,62.5,55.5,7.0,0.0,0.888,55.5,0.0,True,16,10,5,False,True,terminal,5,invariant
IMS,2nd_test,42,"CUSUM (k=0.5, h=5.0)",cusum,aggregate,5,250.0,2004-02-16 15:52:00,2004-02-19 06:22:00,62.5,55.5,7.0,0.0,0.888,55.5,0.0,True,16,10,5,False,True,terminal,5,invariant
IMS,2nd_test,42,Hotelling T²,hotelling_t2,aggregate,5,250.0,2004-02-16 15:52:00,2004-02-19 06:22:00,62.5,59.666666666666664,2.8333333333333335,0.0,0.9546666666666667,59.666666666666664,0.0,True,16,10,5,False,True,terminal,5,invariant
IMS,2nd_test,42,Isolation Forest,isolation_forest,aggregate,5,250.0,2004-02-16 15:52:00,2004-02-19 06:22:00,62.5,26.333333333333332,36.166666666666664,0.0,0.42133333333333334,26.333333333333332,0.0,True,16,10,5,False,True,terminal,5,invariant
IMS,2nd_test,42,RMS-Trend (kσ),rms_trend,aggregate,10,500.0,2004-02-16 15:52:00,2004-02-19 06:22:00,62.5,0.0,,,0.0,0.0,0.0,False,8,10,5,False,True,terminal,5,invariant
IMS,2nd_test,42,3σ Rule (σ=3.0),three_sigma,aggregate,10,500.0,2004-02-16 15:52:00,2004-02-19 06:22:00,62.5,55.5,7.0,,0.888,0.0,100.0,True,8,10,5,False,True,terminal,5,invariant
IMS,2nd_test,42,"EWMA (λ=0.2, k=3.0)",ewma,aggregate,10,500.0,2004-02-16 15:52:00,2004-02-19 06:22:00,62.5,55.5,7.0,,0.888,0.0,100.0,True,8,10,5,False,True,terminal,5,invariant
IMS,2nd_test,42,"CUSUM (k=0.5, h=5.0)",cusum,aggregate,10,500.0,2004-02-16 15:52:00,2004-02-19 06:22:00,62.5,55.5,7.0,,0.888,0.0,100.0,True,8,10,5,False,True,terminal,5,invariant
IMS,2nd_test,42,Hotelling T²,hotelling_t2,aggregate,10,500.0,2004-02-16 15:52:00,2004-02-19 06:22:00,62.5,55.5,7.0,,0.888,0.0,100.0,True,8,10,5,False,True,terminal,5,invariant
IMS,2nd_test,42,Isolation Forest,isolation_forest,aggregate,10,500.0,2004-02-16 15:52:00,2004-02-19 06:22:00,62.5,55.5,7.0,,0.888,0.0,100.0,True,8,10,5,False,True,terminal,5,invariant
IMS,2nd_test,42,RMS-Trend (kσ),rms_trend,aggregate,20,1000.0,2004-02-16 15:52:00,2004-02-19 06:22:00,62.5,0.0,,,0.0,0.0,0.0,False,4,10,5,False,True,terminal,5,invariant
IMS,2nd_test,42,3σ Rule (σ=3.0),three_sigma,aggregate,20,1000.0,2004-02-16 15:52:00,2004-02-19 06:22:00,62.5,0.0,,,0.0,0.0,0.0,False,4,10,5,False,True,terminal,5,invariant
IMS,2nd_test,42,"EWMA (λ=0.2, k=3.0)",ewma,aggregate,20,1000.0,2004-02-16 15:52:00,2004-02-19 06:22:00,62.5,0.0,,,0.0,0.0,0.0,False,4,10,5,False,True,terminal,5,invariant
IMS,2nd_test,42,"CUSUM (k=0.5, h=5.0)",cusum,aggregate,20,1000.0,2004-02-16 15:52:00,2004-02-19 06:22:00,62.5,0.0,,,0.0,0.0,0.0,False,4,10,5,False,True,terminal,5,invariant
IMS,2nd_test,42,Hotelling T²,hotelling_t2,aggregate,20,1000.0,2004-02-16 15:52:00,2004-02-19 06:22:00,62.5,0.0,,,0.0,0.0,0.0,False,4,10,5,False,True,terminal,5,invariant
IMS,2nd_test,42,Isolation Forest,isolation_forest,aggregate,20,1000.0,2004-02-16 15:52:00,2004-02-19 06:22:00,62.5,0.0,,,0.0,0.0,0.0,False,4,10,5,False,True,terminal,5,invariant
IMS,2nd_test,42,RMS-Trend (kσ),rms_trend,decimate,1,50.0,2004-02-16 15:52:00,2004-02-19 06:22:00,62.5,0.0,,0.0,0.0,0.0,0.0,False,78,10,5,False,True,terminal,5,invariant
IMS,2nd_test,42,3σ Rule (σ=3.0),three_sigma,decimate,1,50.0,2004-02-16 15:52:00,2004-02-19 06:22:00,62.5,56.333333333333336,6.166666666666667,0.0,0.9013333333333333,56.333333333333336,0.0,True,78,10,5,False,True,terminal,5,invariant
IMS,2nd_test,42,"EWMA (λ=0.2, k=3.0)",ewma,decimate,1,50.0,2004-02-16 15:52:00,2004-02-19 06:22:00,62.5,55.5,7.0,0.0,0.888,55.5,0.0,True,78,10,5,False,True,terminal,5,invariant
IMS,2nd_test,42,"CUSUM (k=0.5, h=5.0)",cusum,decimate,1,50.0,2004-02-16 15:52:00,2004-02-19 06:22:00,62.5,53.0,9.5,0.0,0.848,53.0,0.0,True,78,10,5,False,True,terminal,5,invariant
IMS,2nd_test,42,Hotelling T²,hotelling_t2,decimate,1,50.0,2004-02-16 15:52:00,2004-02-19 06:22:00,62.5,56.333333333333336,6.166666666666667,0.0,0.9013333333333333,56.333333333333336,0.0,True,78,10,5,False,True,terminal,5,invariant
IMS,2nd_test,42,Isolation Forest,isolation_forest,decimate,1,50.0,2004-02-16 15:52:00,2004-02-19 06:22:00,62.5,49.666666666666664,12.833333333333334,0.0,0.7946666666666666,49.666666666666664,0.0,True,78,10,5,False,True,terminal,5,invariant
IMS,2nd_test,42,RMS-Trend (kσ),rms_trend,decimate,2,100.0,2004-02-16 15:52:00,2004-02-19 06:22:00,62.5,0.0,,0.0,0.0,0.0,0.0,False,40,10,5,False,True,terminal,5,invariant
IMS,2nd_test,42,3σ Rule (σ=3.0),three_sigma,decimate,2,100.0,2004-02-16 15:52:00,2004-02-19 06:22:00,62.5,56.333333333333336,6.166666666666667,0.0,0.9013333333333333,56.333333333333336,0.0,True,40,10,5,False,True,terminal,5,invariant
IMS,2nd_test,42,"EWMA (λ=0.2, k=3.0)",ewma,decimate,2,100.0,2004-02-16 15:52:00,2004-02-19 06:22:00,62.5,53.0,9.5,0.0,0.848,53.0,0.0,True,40,10,5,False,True,terminal,5,invariant
IMS,2nd_test,42,"CUSUM (k=0.5, h=5.0)",cusum,decimate,2,100.0,2004-02-16 15:52:00,2004-02-19 06:22:00,62.5,49.666666666666664,12.833333333333334,0.0,0.7946666666666666,49.666666666666664,0.0,True,40,10,5,False,True,terminal,5,invariant
IMS,2nd_test,42,Hotelling T²,hotelling_t2,decimate,2,100.0,2004-02-16 15:52:00,2004-02-19 06:22:00,62.5,56.333333333333336,6.166666666666667,0.0,0.9013333333333333,56.333333333333336,0.0,True,40,10,5,False,True,terminal,5,invariant
IMS,2nd_test,42,Isolation Forest,isolation_forest,decimate,2,100.0,2004-02-16 15:52:00,2004-02-19 06:22:00,62.5,46.333333333333336,16.166666666666668,0.0,0.7413333333333334,46.333333333333336,0.0,True,40,10,5,False,True,terminal,5,invariant
IMS,2nd_test,42,RMS-Trend (kσ),rms_trend,decimate,5,250.0,2004-02-16 15:52:00,2004-02-19 06:22:00,62.5,0.0,,0.0,0.0,0.0,0.0,False,16,10,5,False,True,terminal,5,invariant
IMS,2nd_test,42,3σ Rule (σ=3.0),three_sigma,decimate,5,250.0,2004-02-16 15:52:00,2004-02-19 06:22:00,62.5,46.333333333333336,16.166666666666668,0.0,0.7413333333333334,46.333333333333336,0.0,True,16,10,5,False,True,terminal,5,invariant
IMS,2nd_test,42,"EWMA (λ=0.2, k=3.0)",ewma,decimate,5,250.0,2004-02-16 15:52:00,2004-02-19 06:22:00,62.5,46.333333333333336,16.166666666666668,0.0,0.7413333333333334,46.333333333333336,0.0,True,16,10,5,False,True,terminal,5,invariant
IMS,2nd_test,42,"CUSUM (k=0.5, h=5.0)",cusum,decimate,5,250.0,2004-02-16 15:52:00,2004-02-19 06:22:00,62.5,46.333333333333336,16.166666666666668,0.0,0.7413333333333334,46.333333333333336,0.0,True,16,10,5,False,True,terminal,5,invariant
IMS,2nd_test,42,Hotelling T²,hotelling_t2,decimate,5,250.0,2004-02-16 15:52:00,2004-02-19 06:22:00,62.5,54.666666666666664,7.833333333333333,0.0,0.8746666666666666,54.666666666666664,0.0,True,16,10,5,False,True,terminal,5,invariant
IMS,2nd_test,42,Isolation Forest,isolation_forest,decimate,5,250.0,2004-02-16 15:52:00,2004-02-19 06:22:00,62.5,0.0,,0.0,0.0,0.0,0.0,False,16,10,5,False,True,terminal,5,invariant
IMS,2nd_test,42,RMS-Trend (kσ),rms_trend,decimate,10,500.0,2004-02-16 15:52:00,2004-02-19 06:22:00,62.5,0.0,,0.0,0.0,0.0,0.0,False,8,10,5,False,True,terminal,5,invariant
IMS,2nd_test,42,3σ Rule (σ=3.0),three_sigma,decimate,10,500.0,2004-02-16 15:52:00,2004-02-19 06:22:00,62.5,46.333333333333336,16.166666666666668,0.0,0.7413333333333334,46.333333333333336,0.0,True,8,10,5,False,True,terminal,5,invariant
IMS,2nd_test,42,"EWMA (λ=0.2, k=3.0)",ewma,decimate,10,500.0,2004-02-16 15:52:00,2004-02-19 06:22:00,62.5,46.333333333333336,16.166666666666668,0.0,0.7413333333333334,46.333333333333336,0.0,True,8,10,5,False,True,terminal,5,invariant
IMS,2nd_test,42,"CUSUM (k=0.5, h=5.0)",cusum,decimate,10,500.0,2004-02-16 15:52:00,2004-02-19 06:22:00,62.5,46.333333333333336,16.166666666666668,0.0,0.7413333333333334,46.333333333333336,0.0,True,8,10,5,False,True,terminal,5,invariant
IMS,2nd_test,42,Hotelling T²,hotelling_t2,decimate,10,500.0,2004-02-16 15:52:00,2004-02-19 06:22:00,62.5,54.666666666666664,7.833333333333333,0.0,0.8746666666666666,54.666666666666664,0.0,True,8,10,5,False,True,terminal,5,invariant
IMS,2nd_test,42,Isolation Forest,isolation_forest,decimate,10,500.0,2004-02-16 15:52:00,2004-02-19 06:22:00,62.5,0.0,,0.0,0.0,0.0,0.0,False,8,10,5,False,True,terminal,5,invariant
IMS,2nd_test,42,RMS-Trend (kσ),rms_trend,decimate,20,1000.0,2004-02-16 15:52:00,2004-02-19 06:22:00,62.5,0.0,,0.0,0.0,0.0,0.0,False,4,10,5,False,True,terminal,5,invariant
IMS,2nd_test,42,3σ Rule (σ=3.0),three_sigma,decimate,20,1000.0,2004-02-16 15:52:00,2004-02-19 06:22:00,62.5,0.0,,0.0,0.0,0.0,0.0,False,4,10,5,False,True,terminal,5,invariant
IMS,2nd_test,42,"EWMA (λ=0.2, k=3.0)",ewma,decimate,20,1000.0,2004-02-16 15:52:00,2004-02-19 06:22:00,62.5,0.0,,0.0,0.0,0.0,0.0,False,4,10,5,False,True,terminal,5,invariant
IMS,2nd_test,42,"CUSUM (k=0.5, h=5.0)",cusum,decimate,20,1000.0,2004-02-16 15:52:00,2004-02-19 06:22:00,62.5,0.0,,0.0,0.0,0.0,0.0,False,4,10,5,False,True,terminal,5,invariant
IMS,2nd_test,42,Hotelling T²,hotelling_t2,decimate,20,1000.0,2004-02-16 15:52:00,2004-02-19 06:22:00,62.5,0.0,,0.0,0.0,0.0,0.0,False,4,10,5,False,True,terminal,5,invariant
IMS,2nd_test,42,Isolation Forest,isolation_forest,decimate,20,1000.0,2004-02-16 15:52:00,2004-02-19 06:22:00,62.5,0.0,,0.0,0.0,0.0,0.0,False,4,10,5,False,True,terminal,5,invariant
IMS,3rd_test,42,RMS-Trend (kσ),rms_trend,aggregate,1,50.0,2004-04-16 06:12:00,2004-04-18 02:42:00,44.5,5.5,39.0,0.0,0.12359550561797752,5.5,0.0,True,506,10,5,False,True,terminal,5,invariant
IMS,3rd_test,42,3σ Rule (σ=3.0),three_sigma,aggregate,1,50.0,2004-04-16 06:12:00,2004-04-18 02:42:00,44.5,28.833333333333332,15.666666666666666,0.0,0.6479400749063671,28.833333333333332,0.0,True,506,10,5,False,True,terminal,5,invariant
IMS,3rd_test,42,"EWMA (λ=0.2, k=3.0)",ewma,aggregate,1,50.0,2004-04-16 06:12:00,2004-04-18 02:42:00,44.5,28.0,16.5,0.0,0.6292134831460674,28.0,0.0,True,506,10,5,False,True,terminal,5,invariant
IMS,3rd_test,42,"CUSUM (k=0.5, h=5.0)",cusum,aggregate,1,50.0,2004-04-16 06:12:00,2004-04-18 02:42:00,44.5,26.333333333333332,18.166666666666668,0.0,0.5917602996254682,26.333333333333332,0.0,True,506,10,5,False,True,terminal,5,invariant
IMS,3rd_test,42,Hotelling T²,hotelling_t2,aggregate,1,50.0,2004-04-16 06:12:00,2004-04-18 02:42:00,44.5,59.666666666666664,,4.185022026431718,1.3408239700374531,59.666666666666664,0.0,True,506,10,5,False,True,terminal,5,invariant
IMS,3rd_test,42,Isolation Forest,isolation_forest,aggregate,1,50.0,2004-04-16 06:12:00,2004-04-18 02:42:00,44.5,29.666666666666668,14.833333333333334,0.0,0.6666666666666667,29.666666666666668,0.0,True,506,10,5,False,True,terminal,5,invariant
IMS,3rd_test,42,RMS-Trend (kσ),rms_trend,aggregate,2,100.0,2004-04-16 06:12:00,2004-04-18 02:42:00,44.5,0.0,,0.0,0.0,0.0,0.0,False,253,10,5,False,True,terminal,5,invariant
IMS,3rd_test,42,3σ Rule (σ=3.0),three_sigma,aggregate,2,100.0,2004-04-16 06:12:00,2004-04-18 02:42:00,44.5,28.833333333333332,15.666666666666666,0.0,0.6479400749063671,28.833333333333332,0.0,True,253,10,5,False,True,terminal,5,invariant
IMS,3rd_test,42,"EWMA (λ=0.2, k=3.0)",ewma,aggregate,2,100.0,2004-04-16 06:12:00,2004-04-18 02:42:00,44.5,27.166666666666668,17.333333333333332,0.0,0.6104868913857678,27.166666666666668,0.0,True,253,10,5,False,True,terminal,5,invariant
IMS,3rd_test,42,"CUSUM (k=0.5, h=5.0)",cusum,aggregate,2,100.0,2004-04-16 06:12:00,2004-04-18 02:42:00,44.5,25.5,19.0,0.0,0.5730337078651685,25.5,0.0,True,253,10,5,False,True,terminal,5,invariant
IMS,3rd_test,42,Hotelling T²,hotelling_t2,aggregate,2,100.0,2004-04-16 06:12:00,2004-04-18 02:42:00,44.5,58.833333333333336,,3.982300884955752,1.3220973782771537,58.833333333333336,0.0,True,253,10,5,False,True,terminal,5,invariant
IMS,3rd_test,42,Isolation Forest,isolation_forest,aggregate,2,100.0,2004-04-16 06:12:00,2004-04-18 02:42:00,44.5,28.833333333333332,15.666666666666666,0.0,0.6479400749063671,28.833333333333332,0.0,True,253,10,5,False,True,terminal,5,invariant
IMS,3rd_test,42,RMS-Trend (kσ),rms_trend,aggregate,5,250.0,2004-04-16 06:12:00,2004-04-18 02:42:00,44.5,0.0,,0.0,0.0,0.0,0.0,False,102,10,5,False,True,terminal,5,invariant
IMS,3rd_test,42,3σ Rule (σ=3.0),three_sigma,aggregate,5,250.0,2004-04-16 06:12:00,2004-04-18 02:42:00,44.5,33.0,11.5,0.0,0.7415730337078652,33.0,0.0,True,102,10,5,False,True,terminal,5,invariant
IMS,3rd_test,42,"EWMA (λ=0.2, k=3.0)",ewma,aggregate,5,250.0,2004-04-16 06:12:00,2004-04-18 02:42:00,44.5,24.666666666666668,19.833333333333332,0.0,0.5543071161048689,24.666666666666668,0.0,True,102,10,5,False,True,terminal,5,invariant
IMS,3rd_test,42,"CUSUM (k=0.5, h=5.0)",cusum,aggregate,5,250.0,2004-04-16 06:12:00,2004-04-18 02:42:00,44.5,24.666666666666668,19.833333333333332,0.0,0.5543071161048689,24.666666666666668,0.0,True,102,10,5,False,True,terminal,5,invariant
IMS,3rd_test,42,Hotelling T²,hotelling_t2,aggregate,5,250.0,2004-04-16 06:12:00,2004-04-18 02:42:00,44.5,58.0,,4.395604395604396,1.303370786516854,58.0,0.0,True,102,10,5,False,True,terminal,5,invariant
IMS,3rd_test,42,Isolation Forest,isolation_forest,aggregate,5,250.0,2004-04-16 06:12:00,2004-04-18 02:42:00,44.5,24.666666666666668,19.833333333333332,0.0,0.5543071161048689,24.666666666666668,0.0,True,102,10,5,False,True,terminal,5,invariant
IMS,3rd_test,42,RMS-Trend (kσ),rms_trend,aggregate,10,500.0,2004-04-16 06:12:00,2004-04-18 02:42:00,44.5,0.0,,0.0,0.0,0.0,0.0,False,51,10,5,False,True,terminal,5,invariant
IMS,3rd_test,42,3σ Rule (σ=3.0),three_sigma,aggregate,10,500.0,2004-04-16 06:12:00,2004-04-18 02:42:00,44.5,37.166666666666664,7.333333333333333,0.0,0.8352059925093632,37.166666666666664,0.0,True,51,10,5,False,True,terminal,5,invariant
IMS,3rd_test,42,"EWMA (λ=0.2, k=3.0)",ewma,aggregate,10,500.0,2004-04-16 06:12:00,2004-04-18 02:42:00,44.5,0.0,,0.0,0.0,0.0,0.0,False,51,10,5,False,True,terminal,5,invariant
IMS,3rd_test,42,"CUSUM (k=0.5, h=5.0)",cusum,aggregate,10,500.0,2004-04-16 06:12:00,2004-04-18 02:42:00,44.5,0.0,,0.0,0.0,0.0,0.0,False,51,10,5,False,True,terminal,5,invariant
IMS,3rd_test,42,Hotelling T²,hotelling_t2,aggregate,10,500.0,2004-04-16 06:12:00,2004-04-18 02:42:00,44.5,53.833333333333336,,4.444444444444445,1.2097378277153559,53.833333333333336,0.0,True,51,10,5,False,True,terminal,5,invariant
IMS,3rd_test,42,Isolation Forest,isolation_forest,aggregate,10,500.0,2004-04-16 06:12:00,2004-04-18 02:42:00,44.5,0.0,,0.0,0.0,0.0,0.0,False,51,10,5,False,True,terminal,5,invariant
IMS,3rd_test,42,RMS-Trend (kσ),rms_trend,aggregate,20,1000.0,2004-04-16 06:12:00,2004-04-18 02:42:00,44.5,0.0,,0.0,0.0,0.0,0.0,False,26,10,5,False,True,terminal,5,invariant
IMS,3rd_test,42,3σ Rule (σ=3.0),three_sigma,aggregate,20,1000.0,2004-04-16 06:12:00,2004-04-18 02:42:00,44.5,0.0,,0.0,0.0,0.0,0.0,False,26,10,5,False,True,terminal,5,invariant
IMS,3rd_test,42,"EWMA (λ=0.2, k=3.0)",ewma,aggregate,20,1000.0,2004-04-16 06:12:00,2004-04-18 02:42:00,44.5,0.0,,0.0,0.0,0.0,0.0,False,26,10,5,False,True,terminal,5,invariant
IMS,3rd_test,42,"CUSUM (k=0.5, h=5.0)",cusum,aggregate,20,1000.0,2004-04-16 06:12:00,2004-04-18 02:42:00,44.5,0.0,,0.0,0.0,0.0,0.0,False,26,10,5,False,True,terminal,5,invariant
IMS,3rd_test,42,Hotelling T²,hotelling_t2,aggregate,20,1000.0,2004-04-16 06:12:00,2004-04-18 02:42:00,44.5,177.51666666666668,,36.36363636363637,3.9891385767790264,177.51666666666668,0.0,False,26,10,5,False,True,terminal,5,invariant
IMS,3rd_test,42,Isolation Forest,isolation_forest,aggregate,20,1000.0,2004-04-16 06:12:00,2004-04-18 02:42:00,44.5,0.0,,0.0,0.0,0.0,0.0,False,26,10,5,False,True,terminal,5,invariant
IMS,3rd_test,42,RMS-Trend (kσ),rms_trend,decimate,1,50.0,2004-04-16 06:12:00,2004-04-18 02:42:00,44.5,5.5,39.0,0.0,0.12359550561797752,5.5,0.0,True,506,10,5,False,True,terminal,5,invariant
IMS,3rd_test,42,3σ Rule (σ=3.0),three_sigma,decimate,1,50.0,2004-04-16 06:12:00,2004-04-18 02:42:00,44.5,28.833333333333332,15.666666666666666,0.0,0.6479400749063671,28.833333333333332,0.0,True,506,10,5,False,True,terminal,5,invariant
IMS,3rd_test,42,"EWMA (λ=0.2, k=3.0)",ewma,decimate,1,50.0,2004-04-16 06:12:00,2004-04-18 02:42:00,44.5,28.0,16.5,0.0,0.6292134831460674,28.0,0.0,True,506,10,5,False,True,terminal,5,invariant
IMS,3rd_test,42,"CUSUM (k=0.5, h=5.0)",cusum,decimate,1,50.0,2004-04-16 06:12:00,2004-04-18 02:42:00,44.5,26.333333333333332,18.166666666666668,0.0,0.5917602996254682,26.333333333333332,0.0,True,506,10,5,False,True,terminal,5,invariant
IMS,3rd_test,42,Hotelling T²,hotelling_t2,decimate,1,50.0,2004-04-16 06:12:00,2004-04-18 02:42:00,44.5,59.666666666666664,,4.185022026431718,1.3408239700374531,59.666666666666664,0.0,True,506,10,5,False,True,terminal,5,invariant
IMS,3rd_test,42,Isolation Forest,isolation_forest,decimate,1,50.0,2004-04-16 06:12:00,2004-04-18 02:42:00,44.5,29.666666666666668,14.833333333333334,0.0,0.6666666666666667,29.666666666666668,0.0,True,506,10,5,False,True,terminal,5,invariant
IMS,3rd_test,42,RMS-Trend (kσ),rms_trend,decimate,2,100.0,2004-04-16 06:12:00,2004-04-18 02:42:00,44.5,0.0,,0.0,0.0,0.0,0.0,False,253,10,5,False,True,terminal,5,invariant
IMS,3rd_test,42,3σ Rule (σ=3.0),three_sigma,decimate,2,100.0,2004-04-16 06:12:00,2004-04-18 02:42:00,44.5,28.0,16.5,0.0,0.6292134831460674,28.0,0.0,True,253,10,5,False,True,terminal,5,invariant
IMS,3rd_test,42,"EWMA (λ=0.2, k=3.0)",ewma,decimate,2,100.0,2004-04-16 06:12:00,2004-04-18 02:42:00,44.5,26.333333333333332,18.166666666666668,0.0,0.5917602996254682,26.333333333333332,0.0,True,253,10,5,False,True,terminal,5,invariant
IMS,3rd_test,42,"CUSUM (k=0.5, h=5.0)",cusum,decimate,2,100.0,2004-04-16 06:12:00,2004-04-18 02:42:00,44.5,26.333333333333332,18.166666666666668,0.0,0.5917602996254682,26.333333333333332,0.0,True,253,10,5,False,True,terminal,5,invariant
IMS,3rd_test,42,Hotelling T²,hotelling_t2,decimate,2,100.0,2004-04-16 06:12:00,2004-04-18 02:42:00,44.5,59.666666666666664,,4.405286343612335,1.3408239700374531,59.666666666666664,0.0,True,253,10,5,False,True,terminal,5,invariant
IMS,3rd_test,42,Isolation Forest,isolation_forest,decimate,2,100.0,2004-04-16 06:12:00,2004-04-18 02:42:00,44.5,29.666666666666668,14.833333333333334,0.0,0.6666666666666667,29.666666666666668,0.0,True,253,10,5,False,True,terminal,5,invariant
IMS,3rd_test,42,RMS-Trend (kσ),rms_trend,decimate,5,250.0,2004-04-16 06:12:00,2004-04-18 02:42:00,44.5,0.0,,0.0,0.0,0.0,0.0,False,102,10,5,False,True,terminal,5,invariant
IMS,3rd_test,42,3σ Rule (σ=3.0),three_sigma,decimate,5,250.0,2004-04-16 06:12:00,2004-04-18 02:42:00,44.5,32.166666666666664,12.333333333333334,0.0,0.7228464419475655,32.166666666666664,0.0,True,102,10,5,False,True,terminal,5,invariant
IMS,3rd_test,42,"EWMA (λ=0.2, k=3.0)",ewma,decimate,5,250.0,2004-04-16 06:12:00,2004-04-18 02:42:00,44.5,28.0,16.5,0.0,0.6292134831460674,28.0,0.0,True,102,10,5,False,True,terminal,5,invariant
IMS,3rd_test,42,"CUSUM (k=0.5, h=5.0)",cusum,decimate,5,250.0,2004-04-16 06:12:00,2004-04-18 02:42:00,44.5,23.833333333333332,20.666666666666668,0.0,0.5355805243445693,23.833333333333332,0.0,True,102,10,5,False,True,terminal,5,invariant
IMS,3rd_test,42,Hotelling T²,hotelling_t2,decimate,5,250.0,2004-04-16 06:12:00,2004-04-18 02:42:00,44.5,57.166666666666664,,4.3478260869565215,1.2846441947565543,57.166666666666664,0.0,True,102,10,5,False,True,terminal,5,invariant
IMS,3rd_test,42,Isolation Forest,isolation_forest,decimate,5,250.0,2004-04-16 06:12:00,2004-04-18 02:42:00,44.5,28.0,16.5,0.0,0.6292134831460674,28.0,0.0,True,102,10,5,False,True,terminal,5,invariant
IMS,3rd_test,42,RMS-Trend (kσ),rms_trend,decimate,10,500.0,2004-04-16 06:12:00,2004-04-18 02:42:00,44.5,0.0,,0.0,0.0,0.0,0.0,False,51,10,5,False,True,terminal,5,invariant
IMS,3rd_test,42,3σ Rule (σ=3.0),three_sigma,decimate,10,500.0,2004-04-16 06:12:00,2004-04-18 02:42:00,44.5,0.0,,0.0,0.0,0.0,0.0,False,51,10,5,False,True,terminal,5,invariant
IMS,3rd_test,42,"EWMA (λ=0.2, k=3.0)",ewma,decimate,10,500.0,2004-04-16 06:12:00,2004-04-18 02:42:00,44.5,0.0,,0.0,0.0,0.0,0.0,False,51,10,5,False,True,terminal,5,invariant
IMS,3rd_test,42,"CUSUM (k=0.5, h=5.0)",cusum,decimate,10,500.0,2004-04-16 06:12:00,2004-04-18 02:42:00,44.5,0.0,,0.0,0.0,0.0,0.0,False,51,10,5,False,True,terminal,5,invariant
IMS,3rd_test,42,Hotelling T²,hotelling_t2,decimate,10,500.0,2004-04-16 06:12:00,2004-04-18 02:42:00,44.5,53.0,,4.3478260869565215,1.1910112359550562,53.0,0.0,True,51,10,5,False,True,terminal,5,invariant
IMS,3rd_test,42,Isolation Forest,isolation_forest,decimate,10,500.0,2004-04-16 06:12:00,2004-04-18 02:42:00,44.5,0.0,,0.0,0.0,0.0,0.0,False,51,10,5,False,True,terminal,5,invariant
IMS,3rd_test,42,RMS-Trend (kσ),rms_trend,decimate,20,1000.0,2004-04-16 06:12:00,2004-04-18 02:42:00,44.5,0.0,,0.0,0.0,0.0,0.0,False,26,10,5,False,True,terminal,5,invariant
IMS,3rd_test,42,3σ Rule (σ=3.0),three_sigma,decimate,20,1000.0,2004-04-16 06:12:00,2004-04-18 02:42:00,44.5,0.0,,0.0,0.0,0.0,0.0,False,26,10,5,False,True,terminal,5,invariant
IMS,3rd_test,42,"EWMA (λ=0.2, k=3.0)",ewma,decimate,20,1000.0,2004-04-16 06:12:00,2004-04-18 02:42:00,44.5,0.0,,0.0,0.0,0.0,0.0,False,26,10,5,False,True,terminal,5,invariant
IMS,3rd_test,42,"CUSUM (k=0.5, h=5.0)",cusum,decimate,20,1000.0,2004-04-16 06:12:00,2004-04-18 02:42:00,44.5,0.0,,0.0,0.0,0.0,0.0,False,26,10,5,False,True,terminal,5,invariant
IMS,3rd_test,42,Hotelling T²,hotelling_t2,decimate,20,1000.0,2004-04-16 06:12:00,2004-04-18 02:42:00,44.5,176.68333333333334,,26.08695652173913,3.9704119850187265,176.68333333333334,0.0,False,26,10,5,False,True,terminal,5,invariant
IMS,3rd_test,42,Isolation Forest,isolation_forest,decimate,20,1000.0,2004-04-16 06:12:00,2004-04-18 02:42:00,44.5,0.0,,0.0,0.0,0.0,0.0,False,26,10,5,False,True,terminal,5,invariant
IMS,1st_test,42,RMS-Trend (kσ),rms_trend,aggregate,1,50.0,2003-11-25 10:47:00,2003-11-25 23:39:56,12.88,0.0,,0.0,0.0,0.0,0.0,False,172,10,10,False,True,terminal,10,invariant
IMS,1st_test,42,3σ Rule (σ=3.0),three_sigma,aggregate,1,50.0,2003-11-25 10:47:00,2003-11-25 23:39:56,12.88,97.89888888888889,,38.78787878787879,7.599534241849233,97.89888888888889,0.0,False,172,10,10,False,True,terminal,10,invariant
IMS,1st_test,42,"EWMA (λ=0.2, k=3.0)",ewma,aggregate,1,50.0,2003-11-25 10:47:00,2003-11-25 23:39:56,12.88,117.43222222222222,,59.3939393939394,9.115835777126101,117.43222222222222,0.0,False,172,10,10,False,True,terminal,10,invariant
IMS,1st_test,42,"CUSUM (k=0.5, h=5.0)",cusum,aggregate,1,50.0,2003-11-25 10:47:00,2003-11-25 23:39:56,12.88,114.93222222222222,,57.57575757575758,8.921769880972917,114.93222222222222,0.0,False,172,10,10,False,True,terminal,10,invariant
IMS,1st_test,42,Hotelling T²,hotelling_t2,aggregate,1,50.0,2003-11-25 10:47:00,2003-11-25 23:39:56,12.88,123.26555555555555,,60.60606060606061,9.568656201483526,123.26555555555555,0.0,False,172,10,10,False,True,terminal,10,invariant
IMS,1st_test,42,Isolation Forest,isolation_forest,aggregate,1,50.0,2003-11-25 10:47:00,2003-11-25 23:39:56,12.88,123.26555555555555,,61.81818181818181,9.568656201483526,123.26555555555555,0.0,False,172,10,10,False,True,terminal,10,invariant
IMS,1st_test,42,RMS-Trend (kσ),rms_trend,aggregate,2,100.0,2003-11-25 10:47:00,2003-11-25 23:39:56,12.88,0.0,,0.0,0.0,0.0,0.0,False,86,10,10,False,True,terminal,10,invariant
IMS,1st_test,42,3σ Rule (σ=3.0),three_sigma,aggregate,2,100.0,2003-11-25 10:47:00,2003-11-25 23:39:56,12.88,97.89888888888889,,41.46341463414634,7.599534241849233,97.89888888888889,0.0,False,86,10,10,False,True,terminal,10,invariant
IMS,1st_test,42,"EWMA (λ=0.2, k=3.0)",ewma,aggregate,2,100.0,2003-11-25 10:47:00,2003-11-25 23:39:56,12.88,117.43222222222222,,59.756097560975604,9.115835777126101,117.43222222222222,0.0,False,86,10,10,False,True,terminal,10,invariant
IMS,1st_test,42,"CUSUM (k=0.5, h=5.0)",cusum,aggregate,2,100.0,2003-11-25 10:47:00,2003-11-25 23:39:56,12.88,114.0988888888889,,57.3170731707317,8.857081248921856,114.0988888888889,0.0,False,86,10,10,False,True,terminal,10,invariant
IMS,1st_test,42,Hotelling T²,hotelling_t2,aggregate,2,100.0,2003-11-25 10:47:00,2003-11-25 23:39:56,12.88,123.26555555555555,,62.19512195121951,9.568656201483526,123.26555555555555,0.0,False,86,10,10,False,True,terminal,10,invariant
IMS,1st_test,42,Isolation Forest,isolation_forest,aggregate,2,100.0,2003-11-25 10:47:00,2003-11-25 23:39:56,12.88,123.26555555555555,,62.19512195121951,9.568656201483526,123.26555555555555,0.0,False,86,10,10,False,True,terminal,10,invariant
IMS,1st_test,42,RMS-Trend (kσ),rms_trend,aggregate,5,250.0,2003-11-25 10:47:00,2003-11-25 23:39:56,12.88,0.0,,0.0,0.0,0.0,0.0,False,35,10,10,False,True,terminal,10,invariant
IMS,1st_test,42,3σ Rule (σ=3.0),three_sigma,aggregate,5,250.0,2003-11-25 10:47:00,2003-11-25 23:39:56,12.88,107.86555555555556,,54.54545454545454,8.37321028117992,107.86555555555556,0.0,False,35,10,10,False,True,terminal,10,invariant
IMS,1st_test,42,"EWMA (λ=0.2, k=3.0)",ewma,aggregate,5,250.0,2003-11-25 10:47:00,2003-11-25 23:39:56,12.88,114.0988888888889,,57.57575757575758,8.857081248921856,114.0988888888889,0.0,False,35,10,10,False,True,terminal,10,invariant
IMS,1st_test,42,"CUSUM (k=0.5, h=5.0)",cusum,aggregate,5,250.0,2003-11-25 10:47:00,2003-11-25 23:39:56,12.88,114.0988888888889,,57.57575757575758,8.857081248921856,114.0988888888889,0.0,False,35,10,10,False,True,terminal,10,invariant
IMS,1st_test,42,Hotelling T²,hotelling_t2,aggregate,5,250.0,2003-11-25 10:47:00,2003-11-25 23:39:56,12.88,118.26555555555555,,60.60606060606061,9.18052440917716,118.26555555555555,0.0,False,35,10,10,False,True,terminal,10,invariant
IMS,1st_test,42,Isolation Forest,isolation_forest,aggregate,5,250.0,2003-11-25 10:47:00,2003-11-25 23:39:56,12.88,118.26555555555555,,60.60606060606061,9.18052440917716,118.26555555555555,0.0,False,35,10,10,False,True,terminal,10,invariant
IMS,1st_test,42,RMS-Trend (kσ),rms_trend,aggregate,10,500.0,2003-11-25 10:47:00,2003-11-25 23:39:56,12.88,0.0,,0.0,0.0,0.0,0.0,False,18,10,10,False,True,terminal,10,invariant
IMS,1st_test,42,3σ Rule (σ=3.0),three_sigma,aggregate,10,500.0,2003-11-25 10:47:00,2003-11-25 23:39:56,12.88,101.23222222222222,,52.94117647058824,7.858288770053476,101.23222222222222,0.0,False,18,10,10,False,True,terminal,10,invariant
IMS,1st_test,42,"EWMA (λ=0.2, k=3.0)",ewma,aggregate,10,500.0,2003-11-25 10:47:00,2003-11-25 23:39:56,12.88,114.0988888888889,,58.82352941176471,8.857081248921856,114.0988888888889,0.0,False,18,10,10,False,True,terminal,10,invariant
IMS,1st_test,42,"CUSUM (k=0.5, h=5.0)",cusum,aggregate,10,500.0,2003-11-25 10:47:00,2003-11-25 23:39:56,12.88,114.0988888888889,,58.82352941176471,8.857081248921856,114.0988888888889,0.0,False,18,10,10,False,True,terminal,10,invariant
IMS,1st_test,42,Hotelling T²,hotelling_t2,aggregate,10,500.0,2003-11-25 10:47:00,2003-11-25 23:39:56,12.88,154.73222222222222,,82.35294117647058,12.011298947731586,154.73222222222222,0.0,False,18,10,10,False,True,terminal,10,invariant
IMS,1st_test,42,Isolation Forest,isolation_forest,aggregate,10,500.0,2003-11-25 10:47:00,2003-11-25 23:39:56,12.88,114.0988888888889,,58.82352941176471,8.857081248921856,114.0988888888889,0.0,False,18,10,10,False,True,terminal,10,invariant
IMS,1st_test,42,RMS-Trend (kσ),rms_trend,aggregate,20,1160.0,2003-11-25 10:47:00,2003-11-25 23:39:56,12.88,0.0,,0.0,0.0,0.0,0.0,False,9,10,10,False,True,terminal,10,invariant
IMS,1st_test,42,3σ Rule (σ=3.0),three_sigma,aggregate,20,1160.0,2003-11-25 10:47:00,2003-11-25 23:39:56,12.88,0.0,,0.0,0.0,0.0,0.0,False,9,10,10,False,True,terminal,10,invariant
IMS,1st_test,42,"EWMA (λ=0.2, k=3.0)",ewma,aggregate,20,1160.0,2003-11-25 10:47:00,2003-11-25 23:39:56,12.88,0.0,,0.0,0.0,0.0,0.0,False,9,10,10,False,True,terminal,10,invariant
IMS,1st_test,42,"CUSUM (k=0.5, h=5.0)",cusum,aggregate,20,1160.0,2003-11-25 10:47:00,2003-11-25 23:39:56,12.88,0.0,,0.0,0.0,0.0,0.0,False,9,10,10,False,True,terminal,10,invariant
IMS,1st_test,42,Hotelling T²,hotelling_t2,aggregate,20,1160.0,2003-11-25 10:47:00,2003-11-25 23:39:56,12.88,0.0,,0.0,0.0,0.0,0.0,False,9,10,10,False,True,terminal,10,invariant
IMS,1st_test,42,Isolation Forest,isolation_forest,aggregate,20,1160.0,2003-11-25 10:47:00,2003-11-25 23:39:56,12.88,0.0,,0.0,0.0,0.0,0.0,False,9,10,10,False,True,terminal,10,invariant
IMS,1st_test,42,RMS-Trend (kσ),rms_trend,decimate,1,50.0,2003-11-25 10:47:00,2003-11-25 23:39:56,12.88,0.0,,0.0,0.0,0.0,0.0,False,172,10,10,False,True,terminal,10,invariant
IMS,1st_test,42,3σ Rule (σ=3.0),three_sigma,decimate,1,50.0,2003-11-25 10:47:00,2003-11-25 23:39:56,12.88,97.89888888888889,,38.78787878787879,7.599534241849233,97.89888888888889,0.0,False,172,10,10,False,True,terminal,10,invariant
IMS,1st_test,42,"EWMA (λ=0.2, k=3.0)",ewma,decimate,1,50.0,2003-11-25 10:47:00,2003-11-25 23:39:56,12.88,117.43222222222222,,59.3939393939394,9.115835777126101,117.43222222222222,0.0,False,172,10,10,False,True,terminal,10,invariant
IMS,1st_test,42,"CUSUM (k=0.5, h=5.0)",cusum,decimate,1,50.0,2003-11-25 10:47:00,2003-11-25 23:39:56,12.88,114.93222222222222,,57.57575757575758,8.921769880972917,114.93222222222222,0.0,False,172,10,10,False,True,terminal,10,invariant
IMS,1st_test,42,Hotelling T²,hotelling_t2,decimate,1,50.0,2003-11-25 10:47:00,2003-11-25 23:39:56,12.88,123.26555555555555,,60.60606060606061,9.568656201483526,123.26555555555555,0.0,False,172,10,10,False,True,terminal,10,invariant
IMS,1st_test,42,Isolation Forest,isolation_forest,decimate,1,50.0,2003-11-25 10:47:00,2003-11-25 23:39:56,12.88,123.26555555555555,,61.81818181818181,9.568656201483526,123.26555555555555,0.0,False,172,10,10,False,True,terminal,10,invariant
IMS,1st_test,42,RMS-Trend (kσ),rms_trend,decimate,2,100.0,2003-11-25 10:47:00,2003-11-25 23:39:56,12.88,50.48222222222222,,13.253012048192772,3.9187510781438677,50.48222222222222,0.0,False,86,10,10,False,True,terminal,10,invariant
IMS,1st_test,42,3σ Rule (σ=3.0),three_sigma,decimate,2,100.0,2003-11-25 10:47:00,2003-11-25 23:39:56,12.88,97.06555555555556,,39.75903614457831,7.534845609798173,97.06555555555556,0.0,False,86,10,10,False,True,terminal,10,invariant
IMS,1st_test,42,"EWMA (λ=0.2, k=3.0)",ewma,decimate,2,100.0,2003-11-25 10:47:00,2003-11-25 23:39:56,12.88,118.26555555555555,,60.24096385542169,9.18052440917716,118.26555555555555,0.0,False,86,10,10,False,True,terminal,10,invariant
IMS,1st_test,42,"CUSUM (k=0.5, h=5.0)",cusum,decimate,2,100.0,2003-11-25 10:47:00,2003-11-25 23:39:56,12.88,114.93222222222222,,57.831325301204814,8.921769880972917,114.93222222222222,0.0,False,86,10,10,False,True,terminal,10,invariant
IMS,1st_test,42,Hotelling T²,hotelling_t2,decimate,2,100.0,2003-11-25 10:47:00,2003-11-25 23:39:56,12.88,119.93222222222222,,61.44578313253012,9.309901673279283,119.93222222222222,0.0,False,86,10,10,False,True,terminal,10,invariant
IMS,1st_test,42,Isolation Forest,isolation_forest,decimate,2,100.0,2003-11-25 10:47:00,2003-11-25 23:39:56,12.88,119.93222222222222,,61.44578313253012,9.309901673279283,119.93222222222222,0.0,False,86,10,10,False,True,terminal,10,invariant
IMS,1st_test,42,RMS-Trend (kσ),rms_trend,decimate,5,250.0,2003-11-25 10:47:00,2003-11-25 23:39:56,12.88,0.0,,0.0,0.0,0.0,0.0,False,35,10,10,False,True,terminal,10,invariant
IMS,1st_test,42,3σ Rule (σ=3.0),three_sigma,decimate,5,250.0,2003-11-25 10:47:00,2003-11-25 23:39:56,12.88,0.0,,0.0,0.0,0.0,0.0,False,35,10,10,False,True,terminal,10,invariant
IMS,1st_test,42,"EWMA (λ=0.2, k=3.0)",ewma,decimate,5,250.0,2003-11-25 10:47:00,2003-11-25 23:39:56,12.88,113.26555555555555,,55.88235294117647,8.792392616870796,113.26555555555555,0.0,False,35,10,10,False,True,terminal,10,invariant
IMS,1st_test,42,"CUSUM (k=0.5, h=5.0)",cusum,decimate,5,250.0,2003-11-25 10:47:00,2003-11-25 23:39:56,12.88,107.03222222222222,,52.94117647058824,8.30852164912886,107.03222222222222,0.0,False,35,10,10,False,True,terminal,10,invariant
IMS,1st_test,42,Hotelling T²,hotelling_t2,decimate,5,250.0,2003-11-25 10:47:00,2003-11-25 23:39:56,12.88,117.43222222222222,,58.82352941176471,9.115835777126101,117.43222222222222,0.0,False,35,10,10,False,True,terminal,10,invariant
IMS,1st_test,42,Isolation Forest,isolation_forest,decimate,5,250.0,2003-11-25 10:47:00,2003-11-25 23:39:56,12.88,117.43222222222222,,58.82352941176471,9.115835777126101,117.43222222222222,0.0,False,35,10,10,False,True,terminal,10,invariant
IMS,1st_test,42,RMS-Trend (kσ),rms_trend,decimate,10,500.0,2003-11-25 10:47:00,2003-11-25 23:39:56,12.88,0.0,,0.0,0.0,0.0,0.0,False,18,10,10,False,True,terminal,10,invariant
IMS,1st_test,42,3σ Rule (σ=3.0),three_sigma,decimate,10,500.0,2003-11-25 10:47:00,2003-11-25 23:39:56,12.88,0.0,,0.0,0.0,0.0,0.0,False,18,10,10,False,True,terminal,10,invariant
IMS,1st_test,42,"EWMA (λ=0.2, k=3.0)",ewma,decimate,10,500.0,2003-11-25 10:47:00,2003-11-25 23:39:56,12.88,0.0,,0.0,0.0,0.0,0.0,False,18,10,10,False,True,terminal,10,invariant
IMS,1st_test,42,"CUSUM (k=0.5, h=5.0)",cusum,decimate,10,500.0,2003-11-25 10:47:00,2003-11-25 23:39:56,12.88,0.0,,0.0,0.0,0.0,0.0,False,18,10,10,False,True,terminal,10,invariant
IMS,1st_test,42,Hotelling T²,hotelling_t2,decimate,10,500.0,2003-11-25 10:47:00,2003-11-25 23:39:56,12.88,113.26555555555555,,55.55555555555556,8.792392616870796,113.26555555555555,0.0,False,18,10,10,False,True,terminal,10,invariant
IMS,1st_test,42,Isolation Forest,isolation_forest,decimate,10,500.0,2003-11-25 10:47:00,2003-11-25 23:39:56,12.88,0.0,,0.0,0.0,0.0,0.0,False,18,10,10,False,True,terminal,10,invariant
IMS,1st_test,42,RMS-Trend (kσ),rms_trend,decimate,20,1160.0,2003-11-25 10:47:00,2003-11-25 23:39:56,12.88,0.0,,0.0,0.0,0.0,0.0,False,9,10,10,False,True,terminal,10,invariant
IMS,1st_test,42,3σ Rule (σ=3.0),three_sigma,decimate,20,1160.0,2003-11-25 10:47:00,2003-11-25 23:39:56,12.88,0.0,,0.0,0.0,0.0,0.0,False,9,10,10,False,True,terminal,10,invariant
IMS,1st_test,42,"EWMA (λ=0.2, k=3.0)",ewma,decimate,20,1160.0,2003-11-25 10:47:00,2003-11-25 23:39:56,12.88,0.0,,0.0,0.0,0.0,0.0,False,9,10,10,False,True,terminal,10,invariant
IMS,1st_test,42,"CUSUM (k=0.5, h=5.0)",cusum,decimate,20,1160.0,2003-11-25 10:47:00,2003-11-25 23:39:56,12.88,0.0,,0.0,0.0,0.0,0.0,False,9,10,10,False,True,terminal,10,invariant
IMS,1st_test,42,Hotelling T²,hotelling_t2,decimate,20,1160.0,2003-11-25 10:47:00,2003-11-25 23:39:56,12.88,0.0,,0.0,0.0,0.0,0.0,False,9,10,10,False,True,terminal,10,invariant
IMS,1st_test,42,Isolation Forest,isolation_forest,decimate,20,1160.0,2003-11-25 10:47:00,2003-11-25 23:39:56,12.88,0.0,,0.0,0.0,0.0,0.0,False,9,10,10,False,True,terminal,10,invariant
IMS,2nd_test,42,RMS-Trend (kσ),rms_trend,aggregate,1,50.0,2004-02-16 15:52:00,2004-02-19 06:22:00,62.5,0.0,,0.0,0.0,0.0,0.0,False,78,10,10,False,True,terminal,10,invariant
IMS,2nd_test,42,3σ Rule (σ=3.0),three_sigma,aggregate,1,50.0,2004-02-16 15:52:00,2004-02-19 06:22:00,62.5,56.333333333333336,6.166666666666667,0.0,0.9013333333333333,56.333333333333336,0.0,True,78,10,10,False,True,terminal,10,invariant
IMS,2nd_test,42,"EWMA (λ=0.2, k=3.0)",ewma,aggregate,1,50.0,2004-02-16 15:52:00,2004-02-19 06:22:00,62.5,55.5,7.0,0.0,0.888,55.5,0.0,True,78,10,10,False,True,terminal,10,invariant
IMS,2nd_test,42,"CUSUM (k=0.5, h=5.0)",cusum,aggregate,1,50.0,2004-02-16 15:52:00,2004-02-19 06:22:00,62.5,53.0,9.5,0.0,0.848,53.0,0.0,True,78,10,10,False,True,terminal,10,invariant
IMS,2nd_test,42,Hotelling T²,hotelling_t2,aggregate,1,50.0,2004-02-16 15:52:00,2004-02-19 06:22:00,62.5,56.333333333333336,6.166666666666667,0.0,0.9013333333333333,56.333333333333336,0.0,True,78,10,10,False,True,terminal,10,invariant
IMS,2nd_test,42,Isolation Forest,isolation_forest,aggregate,1,50.0,2004-02-16 15:52:00,2004-02-19 06:22:00,62.5,49.666666666666664,12.833333333333334,0.0,0.7946666666666666,49.666666666666664,0.0,True,78,10,10,False,True,terminal,10,invariant
IMS,2nd_test,42,RMS-Trend (kσ),rms_trend,aggregate,2,100.0,2004-02-16 15:52:00,2004-02-19 06:22:00,62.5,0.0,,0.0,0.0,0.0,0.0,False,40,10,10,False,True,terminal,10,invariant
IMS,2nd_test,42,3σ Rule (σ=3.0),three_sigma,aggregate,2,100.0,2004-02-16 15:52:00,2004-02-19 06:22:00,62.5,62.166666666666664,0.3333333333333333,0.0,0.9946666666666666,0.0,33.33333333333333,True,40,10,10,False,True,terminal,10,invariant
IMS,2nd_test,42,"EWMA (λ=0.2, k=3.0)",ewma,aggregate,2,100.0,2004-02-16 15:52:00,2004-02-19 06:22:00,62.5,55.5,7.0,0.0,0.888,55.5,0.0,True,40,10,10,False,True,terminal,10,invariant
IMS,2nd_test,42,"CUSUM (k=0.5, h=5.0)",cusum,aggregate,2,100.0,2004-02-16 15:52:00,2004-02-19 06:22:00,62.5,53.833333333333336,8.666666666666666,0.0,0.8613333333333334,53.833333333333336,0.0,True,40,10,10,False,True,terminal,10,invariant
IMS,2nd_test,42,Hotelling T²,hotelling_t2,aggregate,2,100.0,2004-02-16 15:52:00,2004-02-19 06:22:00,62.5,55.5,7.0,0.0,0.888,55.5,0.0,True,40,10,10,False,True,terminal,10,invariant
IMS,2nd_test,42,Isolation Forest,isolation_forest,aggregate,2,100.0,2004-02-16 15:52:00,2004-02-19 06:22:00,62.5,48.833333333333336,13.666666666666666,0.0,0.7813333333333333,48.833333333333336,0.0,True,40,10,10,False,True,terminal,10,invariant
IMS,2nd_test,42,RMS-Trend (kσ),rms_trend,aggregate,5,250.0,2004-02-16 15:52:00,2004-02-19 06:22:00,62.5,0.0,,0.0,0.0,0.0,0.0,False,16,10,10,False,True,terminal,10,invariant
IMS,2nd_test,42,3σ Rule (σ=3.0),three_sigma,aggregate,5,250.0,2004-02-16 15:52:00,2004-02-19 06:22:00,62.5,59.666666666666664,2.8333333333333335,0.0,0.9546666666666667,59.666666666666664,0.0,True,16,10,10,False,True,terminal,10,invariant
IMS,2nd_test,42,"EWMA (λ=0.2, k=3.0)",ewma,aggregate,5,250.0,2004-02-16 15:52:00,2004-02-19 06:22:00,62.5,55.5,7.0,0.0,0.888,55.5,0.0,True,16,10,10,False,True,terminal,10,invariant
IMS,2nd_test,42,"CUSUM (k=0.5, h=5.0)",cusum,aggregate,5,250.0,2004-02-16 15:52:00,2004-02-19 06:22:00,62.5,55.5,7.0,0.0,0.888,55.5,0.0,True,16,10,10,False,True,terminal,10,invariant
IMS,2nd_test,42,Hotelling T²,hotelling_t2,aggregate,5,250.0,2004-02-16 15:52:00,2004-02-19 06:22:00,62.5,59.666666666666664,2.8333333333333335,0.0,0.9546666666666667,59.666666666666664,0.0,True,16,10,10,False,True,terminal,10,invariant
IMS,2nd_test,42,Isolation Forest,isolation_forest,aggregate,5,250.0,2004-02-16 15:52:00,2004-02-19 06:22:00,62.5,0.0,,0.0,0.0,0.0,0.0,False,16,10,10,False,True,terminal,10,invariant
IMS,2nd_test,42,RMS-Trend (kσ),rms_trend,aggregate,10,500.0,2004-02-16 15:52:00,2004-02-19 06:22:00,62.5,0.0,,,0.0,0.0,0.0,False,8,10,10,False,True,terminal,10,invariant
IMS,2nd_test,42,3σ Rule (σ=3.0),three_sigma,aggregate,10,500.0,2004-02-16 15:52:00,2004-02-19 06:22:00,62.5,0.0,,,0.0,0.0,0.0,False,8,10,10,False,True,terminal,10,invariant
IMS,2nd_test,42,"EWMA (λ=0.2, k=3.0)",ewma,aggregate,10,500.0,2004-02-16 15:52:00,2004-02-19 06:22:00,62.5,0.0,,,0.0,0.0,0.0,False,8,10,10,False,True,terminal,10,invariant
IMS,2nd_test,42,"CUSUM (k=0.5, h=5.0)",cusum,aggregate,10,500.0,2004-02-16 15:52:00,2004-02-19 06:22:00,62.5,0.0,,,0.0,0.0,0.0,False,8,10,10,False,True,terminal,10,invariant
IMS,2nd_test,42,Hotelling T²,hotelling_t2,aggregate,10,500.0,2004-02-16 15:52:00,2004-02-19 06:22:00,62.5,0.0,,,0.0,0.0,0.0,False,8,10,10,False,True,terminal,10,invariant
IMS,2nd_test,42,Isolation Forest,isolation_forest,aggregate,10,500.0,2004-02-16 15:52:00,2004-02-19 06:22:00,62.5,0.0,,,0.0,0.0,0.0,False,8,10,10,False,True,terminal,10,invariant
IMS,2nd_test,42,RMS-Trend (kσ),rms_trend,aggregate,20,1000.0,2004-02-16 15:52:00,2004-02-19 06:22:00,62.5,0.0,,,0.0,0.0,0.0,False,4,10,10,False,True,terminal,10,invariant
IMS,2nd_test,42,3σ Rule (σ=3.0),three_sigma,aggregate,20,1000.0,2004-02-16 15:52:00,2004-02-19 06:22:00,62.5,0.0,,,0.0,0.0,0.0,False,4,10,10,False,True,terminal,10,invariant
IMS,2nd_test,42,"EWMA (λ=0.2, k=3.0)",ewma,aggregate,20,1000.0,2004-02-16 15:52:00,2004-02-19 06:22:00,62.5,0.0,,,0.0,0.0,0.0,False,4,10,10,False,True,terminal,10,invariant
IMS,2nd_test,42,"CUSUM (k=0.5, h=5.0)",cusum,aggregate,20,1000.0,2004-02-16 15:52:00,2004-02-19 06:22:00,62.5,0.0,,,0.0,0.0,0.0,False,4,10,10,False,True,terminal,10,invariant
IMS,2nd_test,42,Hotelling T²,hotelling_t2,aggregate,20,1000.0,2004-02-16 15:52:00,2004-02-19 06:22:00,62.5,0.0,,,0.0,0.0,0.0,False,4,10,10,False,True,terminal,10,invariant
IMS,2nd_test,42,Isolation Forest,isolation_forest,aggregate,20,1000.0,2004-02-16 15:52:00,2004-02-19 06:22:00,62.5,0.0,,,0.0,0.0,0.0,False,4,10,10,False,True,terminal,10,invariant
IMS,2nd_test,42,RMS-Trend (kσ),rms_trend,decimate,1,50.0,2004-02-16 15:52:00,2004-02-19 06:22:00,62.5,0.0,,0.0,0.0,0.0,0.0,False,78,10,10,False,True,terminal,10,invariant
IMS,2nd_test,42,3σ Rule (σ=3.0),three_sigma,decimate,1,50.0,2004-02-16 15:52:00,2004-02-19 06:22:00,62.5,56.333333333333336,6.166666666666667,0.0,0.9013333333333333,56.333333333333336,0.0,True,78,10,10,False,True,terminal,10,invariant
IMS,2nd_test,42,"EWMA (λ=0.2, k=3.0)",ewma,decimate,1,50.0,2004-02-16 15:52:00,2004-02-19 06:22:00,62.5,55.5,7.0,0.0,0.888,55.5,0.0,True,78,10,10,False,True,terminal,10,invariant
IMS,2nd_test,42,"CUSUM (k=0.5, h=5.0)",cusum,decimate,1,50.0,2004-02-16 15:52:00,2004-02-19 06:22:00,62.5,53.0,9.5,0.0,0.848,53.0,0.0,True,78,10,10,False,True,terminal,10,invariant
IMS,2nd_test,42,Hotelling T²,hotelling_t2,decimate,1,50.0,2004-02-16 15:52:00,2004-02-19 06:22:00,62.5,56.333333333333336,6.166666666666667,0.0,0.9013333333333333,56.333333333333336,0.0,True,78,10,10,False,True,terminal,10,invariant
IMS,2nd_test,42,Isolation Forest,isolation_forest,decimate,1,50.0,2004-02-16 15:52:00,2004-02-19 06:22:00,62.5,49.666666666666664,12.833333333333334,0.0,0.7946666666666666,49.666666666666664,0.0,True,78,10,10,False,True,terminal,10,invariant
IMS,2nd_test,42,RMS-Trend (kσ),rms_trend,decimate,2,100.0,2004-02-16 15:52:00,2004-02-19 06:22:00,62.5,0.0,,0.0,0.0,0.0,0.0,False,40,10,10,False,True,terminal,10,invariant
IMS,2nd_test,42,3σ Rule (σ=3.0),three_sigma,decimate,2,100.0,2004-02-16 15:52:00,2004-02-19 06:22:00,62.5,56.333333333333336,6.166666666666667,0.0,0.9013333333333333,56.333333333333336,0.0,True,40,10,10,False,True,terminal,10,invariant
IMS,2nd_test,42,"EWMA (λ=0.2, k=3.0)",ewma,decimate,2,100.0,2004-02-16 15:52:00,2004-02-19 06:22:00,62.5,53.0,9.5,0.0,0.848,53.0,0.0,True,40,10,10,False,True,terminal,10,invariant
IMS,2nd_test,42,"CUSUM (k=0.5, h=5.0)",cusum,decimate,2,100.0,2004-02-16 15:52:00,2004-02-19 06:22:00,62.5,49.666666666666664,12.833333333333334,0.0,0.7946666666666666,49.666666666666664,0.0,True,40,10,10,False,True,terminal,10,invariant
IMS,2nd_test,42,Hotelling T²,hotelling_t2,decimate,2,100.0,2004-02-16 15:52:00,2004-02-19 06:22:00,62.5,56.333333333333336,6.166666666666667,0.0,0.9013333333333333,56.333333333333336,0.0,True,40,10,10,False,True,terminal,10,invariant
IMS,2nd_test,42,Isolation Forest,isolation_forest,decimate,2,100.0,2004-02-16 15:52:00,2004-02-19 06:22:00,62.5,28.0,34.5,0.0,0.448,28.0,0.0,True,40,10,10,False,True,terminal,10,invariant
IMS,2nd_test,42,RMS-Trend (kσ),rms_trend,decimate,5,250.0,2004-02-16 15:52:00,2004-02-19 06:22:00,62.5,0.0,,0.0,0.0,0.0,0.0,False,16,10,10,False,True,terminal,10,invariant
IMS,2nd_test,42,3σ Rule (σ=3.0),three_sigma,decimate,5,250.0,2004-02-16 15:52:00,2004-02-19 06:22:00,62.5,46.333333333333336,16.166666666666668,0.0,0.7413333333333334,46.333333333333336,0.0,True,16,10,10,False,True,terminal,10,invariant
IMS,2nd_test,42,"EWMA (λ=0.2, k=3.0)",ewma,decimate,5,250.0,2004-02-16 15:52:00,2004-02-19 06:22:00,62.5,46.333333333333336,16.166666666666668,0.0,0.7413333333333334,46.333333333333336,0.0,True,16,10,10,False,True,terminal,10,invariant
IMS,2nd_test,42,"CUSUM (k=0.5, h=5.0)",cusum,decimate,5,250.0,2004-02-16 15:52:00,2004-02-19 06:22:00,62.5,46.333333333333336,16.166666666666668,0.0,0.7413333333333334,46.333333333333336,0.0,True,16,10,10,False,True,terminal,10,invariant
IMS,2nd_test,42,Hotelling T²,hotelling_t2,decimate,5,250.0,2004-02-16 15:52:00,2004-02-19 06:22:00,62.5,54.666666666666664,7.833333333333333,0.0,0.8746666666666666,54.666666666666664,0.0,True,16,10,10,False,True,terminal,10,invariant
IMS,2nd_test,42,Isolation Forest,isolation_forest,decimate,5,250.0,2004-02-16 15:52:00,2004-02-19 06:22:00,62.5,0.0,,0.0,0.0,0.0,0.0,False,16,10,10,False,True,terminal,10,invariant
IMS,2nd_test,42,RMS-Trend (kσ),rms_trend,decimate,10,500.0,2004-02-16 15:52:00,2004-02-19 06:22:00,62.5,0.0,,0.0,0.0,0.0,0.0,False,8,10,10,False,True,terminal,10,invariant
IMS,2nd_test,42,3σ Rule (σ=3.0),three_sigma,decimate,10,500.0,2004-02-16 15:52:00,2004-02-19 06:22:00,62.5,0.0,,0.0,0.0,0.0,0.0,False,8,10,10,False,True,terminal,10,invariant
IMS,2nd_test,42,"EWMA (λ=0.2, k=3.0)",ewma,decimate,10,500.0,2004-02-16 15:52:00,2004-02-19 06:22:00,62.5,0.0,,0.0,0.0,0.0,0.0,False,8,10,10,False,True,terminal,10,invariant
IMS,2nd_test,42,"CUSUM (k=0.5, h=5.0)",cusum,decimate,10,500.0,2004-02-16 15:52:00,2004-02-19 06:22:00,62.5,0.0,,0.0,0.0,0.0,0.0,False,8,10,10,False,True,terminal,10,invariant
IMS,2nd_test,42,Hotelling T²,hotelling_t2,decimate,10,500.0,2004-02-16 15:52:00,2004-02-19 06:22:00,62.5,0.0,,0.0,0.0,0.0,0.0,False,8,10,10,False,True,terminal,10,invariant
IMS,2nd_test,42,Isolation Forest,isolation_forest,decimate,10,500.0,2004-02-16 15:52:00,2004-02-19 06:22:00,62.5,0.0,,0.0,0.0,0.0,0.0,False,8,10,10,False,True,terminal,10,invariant
IMS,2nd_test,42,RMS-Trend (kσ),rms_trend,decimate,20,1000.0,2004-02-16 15:52:00,2004-02-19 06:22:00,62.5,0.0,,0.0,0.0,0.0,0.0,False,4,10,10,False,True,terminal,10,invariant
IMS,2nd_test,42,3σ Rule (σ=3.0),three_sigma,decimate,20,1000.0,2004-02-16 15:52:00,2004-02-19 06:22:00,62.5,0.0,,0.0,0.0,0.0,0.0,False,4,10,10,False,True,terminal,10,invariant
IMS,2nd_test,42,"EWMA (λ=0.2, k=3.0)",ewma,decimate,20,1000.0,2004-02-16 15:52:00,2004-02-19 06:22:00,62.5,0.0,,0.0,0.0,0.0,0.0,False,4,10,10,False,True,terminal,10,invariant
IMS,2nd_test,42,"CUSUM (k=0.5, h=5.0)",cusum,decimate,20,1000.0,2004-02-16 15:52:00,2004-02-19 06:22:00,62.5,0.0,,0.0,0.0,0.0,0.0,False,4,10,10,False,True,terminal,10,invariant
IMS,2nd_test,42,Hotelling T²,hotelling_t2,decimate,20,1000.0,2004-02-16 15:52:00,2004-02-19 06:22:00,62.5,0.0,,0.0,0.0,0.0,0.0,False,4,10,10,False,True,terminal,10,invariant
IMS,2nd_test,42,Isolation Forest,isolation_forest,decimate,20,1000.0,2004-02-16 15:52:00,2004-02-19 06:22:00,62.5,0.0,,0.0,0.0,0.0,0.0,False,4,10,10,False,True,terminal,10,invariant
IMS,3rd_test,42,RMS-Trend (kσ),rms_trend,aggregate,1,50.0,2004-04-16 06:12:00,2004-04-18 02:42:00,44.5,0.0,,0.0,0.0,0.0,0.0,False,506,10,10,False,True,terminal,10,invariant
IMS,3rd_test,42,3σ Rule (σ=3.0),three_sigma,aggregate,1,50.0,2004-04-16 06:12:00,2004-04-18 02:42:00,44.5,28.833333333333332,15.666666666666666,0.0,0.6479400749063671,28.833333333333332,0.0,True,506,10,10,False,True,terminal,10,invariant
IMS,3rd_test,42,"EWMA (λ=0.2, k=3.0)",ewma,aggregate,1,50.0,2004-04-16 06:12:00,2004-04-18 02:42:00,44.5,28.0,16.5,0.0,0.6292134831460674,28.0,0.0,True,506,10,10,False,True,terminal,10,invariant
IMS,3rd_test,42,"CUSUM (k=0.5, h=5.0)",cusum,aggregate,1,50.0,2004-04-16 06:12:00,2004-04-18 02:42:00,44.5,26.333333333333332,18.166666666666668,0.0,0.5917602996254682,26.333333333333332,0.0,True,506,10,10,False,True,terminal,10,invariant
IMS,3rd_test,42,Hotelling T²,hotelling_t2,aggregate,1,50.0,2004-04-16 06:12:00,2004-04-18 02:42:00,44.5,59.666666666666664,,4.185022026431718,1.3408239700374531,59.666666666666664,0.0,True,506,10,10,False,True,terminal,10,invariant
IMS,3rd_test,42,Isolation Forest,isolation_forest,aggregate,1,50.0,2004-04-16 06:12:00,2004-04-18 02:42:00,44.5,29.666666666666668,14.833333333333334,0.0,0.6666666666666667,29.666666666666668,0.0,True,506,10,10,False,True,terminal,10,invariant
IMS,3rd_test,42,RMS-Trend (kσ),rms_trend,aggregate,2,100.0,2004-04-16 06:12:00,2004-04-18 02:42:00,44.5,0.0,,0.0,0.0,0.0,0.0,False,253,10,10,False,True,terminal,10,invariant
IMS,3rd_test,42,3σ Rule (σ=3.0),three_sigma,aggregate,2,100.0,2004-04-16 06:12:00,2004-04-18 02:42:00,44.5,28.833333333333332,15.666666666666666,0.0,0.6479400749063671,28.833333333333332,0.0,True,253,10,10,False,True,terminal,10,invariant
IMS,3rd_test,42,"EWMA (λ=0.2, k=3.0)",ewma,aggregate,2,100.0,2004-04-16 06:12:00,2004-04-18 02:42:00,44.5,27.166666666666668,17.333333333333332,0.0,0.6104868913857678,27.166666666666668,0.0,True,253,10,10,False,True,terminal,10,invariant
IMS,3rd_test,42,"CUSUM (k=0.5, h=5.0)",cusum,aggregate,2,100.0,2004-04-16 06:12:00,2004-04-18 02:42:00,44.5,25.5,19.0,0.0,0.5730337078651685,25.5,0.0,True,253,10,10,False,True,terminal,10,invariant
IMS,3rd_test,42,Hotelling T²,hotelling_t2,aggregate,2,100.0,2004-04-16 06:12:00,2004-04-18 02:42:00,44.5,58.833333333333336,,3.982300884955752,1.3220973782771537,58.833333333333336,0.0,True,253,10,10,False,True,terminal,10,invariant
IMS,3rd_test,42,Isolation Forest,isolation_forest,aggregate,2,100.0,2004-04-16 06:12:00,2004-04-18 02:42:00,44.5,28.833333333333332,15.666666666666666,0.0,0.6479400749063671,28.833333333333332,0.0,True,253,10,10,False,True,terminal,10,invariant
IMS,3rd_test,42,RMS-Trend (kσ),rms_trend,aggregate,5,250.0,2004-04-16 06:12:00,2004-04-18 02:42:00,44.5,0.0,,0.0,0.0,0.0,0.0,False,102,10,10,False,True,terminal,10,invariant
IMS,3rd_test,42,3σ Rule (σ=3.0),three_sigma,aggregate,5,250.0,2004-04-16 06:12:00,2004-04-18 02:42:00,44.5,0.0,,0.0,0.0,0.0,0.0,False,102,10,10,False,True,terminal,10,invariant
IMS,3rd_test,42,"EWMA (λ=0.2, k=3.0)",ewma,aggregate,5,250.0,2004-04-16 06:12:00,2004-04-18 02:42:00,44.5,0.0,,0.0,0.0,0.0,0.0,False,102,10,10,False,True,terminal,10,invariant
IMS,3rd_test,42,"CUSUM (k=0.5, h=5.0)",cusum,aggregate,5,250.0,2004-04-16 06:12:00,2004-04-18 02:42:00,44.5,0.0,,0.0,0.0,0.0,0.0,False,102,10,10,False,True,terminal,10,invariant
IMS,3rd_test,42,Hotelling T²,hotelling_t2,aggregate,5,250.0,2004-04-16 06:12:00,2004-04-18 02:42:00,44.5,58.0,,4.395604395604396,1.303370786516854,58.0,0.0,True,102,10,10,False,True,terminal,10,invariant
IMS,3rd_test,42,Isolation Forest,isolation_forest,aggregate,5,250.0,2004-04-16 06:12:00,2004-04-18 02:42:00,44.5,0.0,,0.0,0.0,0.0,0.0,False,102,10,10,False,True,terminal,10,invariant
IMS,3rd_test,42,RMS-Trend (kσ),rms_trend,aggregate,10,500.0,2004-04-16 06:12:00,2004-04-18 02:42:00,44.5,0.0,,0.0,0.0,0.0,0.0,False,51,10,10,False,True,terminal,10,invariant
IMS,3rd_test,42,3σ Rule (σ=3.0),three_sigma,aggregate,10,500.0,2004-04-16 06:12:00,2004-04-18 02:42:00,44.5,0.0,,0.0,0.0,0.0,0.0,False,51,10,10,False,True,terminal,10,invariant
IMS,3rd_test,42,"EWMA (λ=0.2, k=3.0)",ewma,aggregate,10,500.0,2004-04-16 06:12:00,2004-04-18 02:42:00,44.5,0.0,,0.0,0.0,0.0,0.0,False,51,10,10,False,True,terminal,10,invariant
IMS,3rd_test,42,"CUSUM (k=0.5, h=5.0)",cusum,aggregate,10,500.0,2004-04-16 06:12:00,2004-04-18 02:42:00,44.5,0.0,,0.0,0.0,0.0,0.0,False,51,10,10,False,True,terminal,10,invariant
IMS,3rd_test,42,Hotelling T²,hotelling_t2,aggregate,10,500.0,2004-04-16 06:12:00,2004-04-18 02:42:00,44.5,0.0,,0.0,0.0,0.0,0.0,False,51,10,10,False,True,terminal,10,invariant
IMS,3rd_test,42,Isolation Forest,isolation_forest,aggregate,10,500.0,2004-04-16 06:12:00,2004-04-18 02:42:00,44.5,0.0,,0.0,0.0,0.0,0.0,False,51,10,10,False,True,terminal,10,invariant
IMS,3rd_test,42,RMS-Trend (kσ),rms_trend,aggregate,20,1000.0,2004-04-16 06:12:00,2004-04-18 02:42:00,44.5,0.0,,0.0,0.0,0.0,0.0,False,26,10,10,False,True,terminal,10,invariant
IMS,3rd_test,42,3σ Rule (σ=3.0),three_sigma,aggregate,20,1000.0,2004-04-16 06:12:00,2004-04-18 02:42:00,44.5,0.0,,0.0,0.0,0.0,0.0,False,26,10,10,False,True,terminal,10,invariant
IMS,3rd_test,42,"EWMA (λ=0.2, k=3.0)",ewma,aggregate,20,1000.0,2004-04-16 06:12:00,2004-04-18 02:42:00,44.5,0.0,,0.0,0.0,0.0,0.0,False,26,10,10,False,True,terminal,10,invariant
IMS,3rd_test,42,"CUSUM (k=0.5, h=5.0)",cusum,aggregate,20,1000.0,2004-04-16 06:12:00,2004-04-18 02:42:00,44.5,0.0,,0.0,0.0,0.0,0.0,False,26,10,10,False,True,terminal,10,invariant
IMS,3rd_test,42,Hotelling T²,hotelling_t2,aggregate,20,1000.0,2004-04-16 06:12:00,2004-04-18 02:42:00,44.5,177.51666666666668,,36.36363636363637,3.9891385767790264,177.51666666666668,0.0,False,26,10,10,False,True,terminal,10,invariant
IMS,3rd_test,42,Isolation Forest,isolation_forest,aggregate,20,1000.0,2004-04-16 06:12:00,2004-04-18 02:42:00,44.5,0.0,,0.0,0.0,0.0,0.0,False,26,10,10,False,True,terminal,10,invariant
IMS,3rd_test,42,RMS-Trend (kσ),rms_trend,decimate,1,50.0,2004-04-16 06:12:00,2004-04-18 02:42:00,44.5,0.0,,0.0,0.0,0.0,0.0,False,506,10,10,False,True,terminal,10,invariant
IMS,3rd_test,42,3σ Rule (σ=3.0),three_sigma,decimate,1,50.0,2004-04-16 06:12:00,2004-04-18 02:42:00,44.5,28.833333333333332,15.666666666666666,0.0,0.6479400749063671,28.833333333333332,0.0,True,506,10,10,False,True,terminal,10,invariant
IMS,3rd_test,42,"EWMA (λ=0.2, k=3.0)",ewma,decimate,1,50.0,2004-04-16 06:12:00,2004-04-18 02:42:00,44.5,28.0,16.5,0.0,0.6292134831460674,28.0,0.0,True,506,10,10,False,True,terminal,10,invariant
IMS,3rd_test,42,"CUSUM (k=0.5, h=5.0)",cusum,decimate,1,50.0,2004-04-16 06:12:00,2004-04-18 02:42:00,44.5,26.333333333333332,18.166666666666668,0.0,0.5917602996254682,26.333333333333332,0.0,True,506,10,10,False,True,terminal,10,invariant
IMS,3rd_test,42,Hotelling T²,hotelling_t2,decimate,1,50.0,2004-04-16 06:12:00,2004-04-18 02:42:00,44.5,59.666666666666664,,4.185022026431718,1.3408239700374531,59.666666666666664,0.0,True,506,10,10,False,True,terminal,10,invariant
IMS,3rd_test,42,Isolation Forest,isolation_forest,decimate,1,50.0,2004-04-16 06:12:00,2004-04-18 02:42:00,44.5,29.666666666666668,14.833333333333334,0.0,0.6666666666666667,29.666666666666668,0.0,True,506,10,10,False,True,terminal,10,invariant
IMS,3rd_test,42,RMS-Trend (kσ),rms_trend,decimate,2,100.0,2004-04-16 06:12:00,2004-04-18 02:42:00,44.5,0.0,,0.0,0.0,0.0,0.0,False,253,10,10,False,True,terminal,10,invariant
IMS,3rd_test,42,3σ Rule (σ=3.0),three_sigma,decimate,2,100.0,2004-04-16 06:12:00,2004-04-18 02:42:00,44.5,28.0,16.5,0.0,0.6292134831460674,28.0,0.0,True,253,10,10,False,True,terminal,10,invariant
IMS,3rd_test,42,"EWMA (λ=0.2, k=3.0)",ewma,decimate,2,100.0,2004-04-16 06:12:00,2004-04-18 02:42:00,44.5,26.333333333333332,18.166666666666668,0.0,0.5917602996254682,26.333333333333332,0.0,True,253,10,10,False,True,terminal,10,invariant
IMS,3rd_test,42,"CUSUM (k=0.5, h=5.0)",cusum,decimate,2,100.0,2004-04-16 06:12:00,2004-04-18 02:42:00,44.5,26.333333333333332,18.166666666666668,0.0,0.5917602996254682,26.333333333333332,0.0,True,253,10,10,False,True,terminal,10,invariant
IMS,3rd_test,42,Hotelling T²,hotelling_t2,decimate,2,100.0,2004-04-16 06:12:00,2004-04-18 02:42:00,44.5,59.666666666666664,,4.405286343612335,1.3408239700374531,59.666666666666664,0.0,True,253,10,10,False,True,terminal,10,invariant
IMS,3rd_test,42,Isolation Forest,isolation_forest,decimate,2,100.0,2004-04-16 06:12:00,2004-04-18 02:42:00,44.5,29.666666666666668,14.833333333333334,0.0,0.6666666666666667,29.666666666666668,0.0,True,253,10,10,False,True,terminal,10,invariant
IMS,3rd_test,42,RMS-Trend (kσ),rms_trend,decimate,5,250.0,2004-04-16 06:12:00,2004-04-18 02:42:00,44.5,0.0,,0.0,0.0,0.0,0.0,False,102,10,10,False,True,terminal,10,invariant
IMS,3rd_test,42,3σ Rule (σ=3.0),three_sigma,decimate,5,250.0,2004-04-16 06:12:00,2004-04-18 02:42:00,44.5,0.0,,0.0,0.0,0.0,0.0,False,102,10,10,False,True,terminal,10,invariant
IMS,3rd_test,42,"EWMA (λ=0.2, k=3.0)",ewma,decimate,5,250.0,2004-04-16 06:12:00,2004-04-18 02:42:00,44.5,0.0,,0.0,0.0,0.0,0.0,False,102,10,10,False,True,terminal,10,invariant
IMS,3rd_test,42,"CUSUM (k=0.5, h=5.0)",cusum,decimate,5,250.0,2004-04-16 06:12:00,2004-04-18 02:42:00,44.5,0.0,,0.0,0.0,0.0,0.0,False,102,10,10,False,True,terminal,10,invariant
IMS,3rd_test,42,Hotelling T²,hotelling_t2,decimate,5,250.0,2004-04-16 06:12:00,2004-04-18 02:42:00,44.5,57.166666666666664,,4.3478260869565215,1.2846441947565543,57.166666666666664,0.0,True,102,10,10,False,True,terminal,10,invariant
IMS,3rd_test,42,Isolation Forest,isolation_forest,decimate,5,250.0,2004-04-16 06:12:00,2004-04-18 02:42:00,44.5,0.0,,0.0,0.0,0.0,0.0,False,102,10,10,False,True,terminal,10,invariant
IMS,3rd_test,42,RMS-Trend (kσ),rms_trend,decimate,10,500.0,2004-04-16 06:12:00,2004-04-18 02:42:00,44.5,0.0,,0.0,0.0,0.0,0.0,False,51,10,10,False,True,terminal,10,invariant
IMS,3rd_test,42,3σ Rule (σ=3.0),three_sigma,decimate,10,500.0,2004-04-16 06:12:00,2004-04-18 02:42:00,44.5,0.0,,0.0,0.0,0.0,0.0,False,51,10,10,False,True,terminal,10,invariant
IMS,3rd_test,42,"EWMA (λ=0.2, k=3.0)",ewma,decimate,10,500.0,2004-04-16 06:12:00,2004-04-18 02:42:00,44.5,0.0,,0.0,0.0,0.0,0.0,False,51,10,10,False,True,terminal,10,invariant
IMS,3rd_test,42,"CUSUM (k=0.5, h=5.0)",cusum,decimate,10,500.0,2004-04-16 06:12:00,2004-04-18 02:42:00,44.5,0.0,,0.0,0.0,0.0,0.0,False,51,10,10,False,True,terminal,10,invariant
IMS,3rd_test,42,Hotelling T²,hotelling_t2,decimate,10,500.0,2004-04-16 06:12:00,2004-04-18 02:42:00,44.5,0.0,,0.0,0.0,0.0,0.0,False,51,10,10,False,True,terminal,10,invariant
IMS,3rd_test,42,Isolation Forest,isolation_forest,decimate,10,500.0,2004-04-16 06:12:00,2004-04-18 02:42:00,44.5,0.0,,0.0,0.0,0.0,0.0,False,51,10,10,False,True,terminal,10,invariant
IMS,3rd_test,42,RMS-Trend (kσ),rms_trend,decimate,20,1000.0,2004-04-16 06:12:00,2004-04-18 02:42:00,44.5,0.0,,0.0,0.0,0.0,0.0,False,26,10,10,False,True,terminal,10,invariant
IMS,3rd_test,42,3σ Rule (σ=3.0),three_sigma,decimate,20,1000.0,2004-04-16 06:12:00,2004-04-18 02:42:00,44.5,0.0,,0.0,0.0,0.0,0.0,False,26,10,10,False,True,terminal,10,invariant
IMS,3rd_test,42,"EWMA (λ=0.2, k=3.0)",ewma,decimate,20,1000.0,2004-04-16 06:12:00,2004-04-18 02:42:00,44.5,0.0,,0.0,0.0,0.0,0.0,False,26,10,10,False,True,terminal,10,invariant
IMS,3rd_test,42,"CUSUM (k=0.5, h=5.0)",cusum,decimate,20,1000.0,2004-04-16 06:12:00,2004-04-18 02:42:00,44.5,0.0,,0.0,0.0,0.0,0.0,False,26,10,10,False,True,terminal,10,invariant
IMS,3rd_test,42,Hotelling T²,hotelling_t2,decimate,20,1000.0,2004-04-16 06:12:00,2004-04-18 02:42:00,44.5,0.0,,0.0,0.0,0.0,0.0,False,26,10,10,False,True,terminal,10,invariant
IMS,3rd_test,42,Isolation Forest,isolation_forest,decimate,20,1000.0,2004-04-16 06:12:00,2004-04-18 02:42:00,44.5,0.0,,0.0,0.0,0.0,0.0,False,26,10,10,False,True,terminal,10,invariant
