dataset,run,seed,method,short_name,mode,factor,effective_interval_min,t_onset,t_fail,max_lead_hours,lead_time_hours,detection_delay_hours,far_preonset_pct,lead_norm,vlt_legacy_hours,far_legacy_pct,valid_alarm,n_test_windows,window_rows,persistence_windows,window_floored,control,onset_method,onset_indicator,feature_mode
Ferrara,E1,42,RMS-Trend (kσ),rms_trend,aggregate,1,0.08,2024-01-01 06:44:40,2024-01-01 06:49:40,0.08,0.03611111111111111,0.04722222222222222,0.0,0.4333333333333333,0.03611111111111111,0.0,True,393,10,3,False,False,terminal,rms_kurt,load_pipeline (invariant)
Ferrara,E1,42,3σ Rule (σ=3.0),three_sigma,aggregate,1,0.08,2024-01-01 06:44:40,2024-01-01 06:49:40,0.08,0.08472222222222223,,0.2617801047120419,1.0166666666666668,0.08472222222222223,0.0,True,393,10,3,False,False,terminal,rms_kurt,load_pipeline (invariant)
Ferrara,E1,42,"EWMA (λ=0.2, k=3.0)",ewma,aggregate,1,0.08,2024-01-01 06:44:40,2024-01-01 06:49:40,0.08,0.08472222222222223,,0.2617801047120419,1.0166666666666668,0.08472222222222223,0.0,True,393,10,3,False,False,terminal,rms_kurt,load_pipeline (invariant)
Ferrara,E1,42,"CUSUM (k=0.5, h=5.0)",cusum,aggregate,1,0.08,2024-01-01 06:44:40,2024-01-01 06:49:40,0.08,0.07083333333333333,0.0125,0.0,0.85,0.07083333333333333,0.0,True,393,10,3,False,False,terminal,rms_kurt,load_pipeline (invariant)
Ferrara,E1,42,Hotelling T²,hotelling_t2,aggregate,1,0.08,2024-01-01 06:44:40,2024-01-01 06:49:40,0.08,0.08472222222222223,,0.2617801047120419,1.0166666666666668,0.08472222222222223,0.0,True,393,10,3,False,False,terminal,rms_kurt,load_pipeline (invariant)
Ferrara,E1,42,Isolation Forest,isolation_forest,aggregate,1,0.08,2024-01-01 06:44:40,2024-01-01 06:49:40,0.08,0.08472222222222223,,0.2617801047120419,1.0166666666666668,0.08472222222222223,0.0,True,393,10,3,False,False,terminal,rms_kurt,load_pipeline (invariant)
Ferrara,E1,42,Deep SVDD,deep_svdd,aggregate,1,0.08,2024-01-01 06:44:40,2024-01-01 06:49:40,0.08,0.0,,0.0,0.0,0.0,0.0,False,393,10,3,False,False,terminal,rms_kurt,load_pipeline (invariant)
Ferrara,E1,42,LSTM-Autoencoder,lstm_ae,aggregate,1,0.08,2024-01-01 06:44:40,2024-01-01 06:49:40,0.08,2.286111111111111,,8.115183246073299,27.433333333333334,2.286111111111111,0.0,True,393,10,3,False,False,terminal,rms_kurt,load_pipeline (invariant)
Ferrara,E1,42,TCN-Autoencoder,tcn,aggregate,1,0.08,2024-01-01 06:44:40,2024-01-01 06:49:40,0.08,2.2930555555555556,,30.36649214659686,27.51666666666667,2.2930555555555556,0.0,False,393,10,3,False,False,terminal,rms_kurt,load_pipeline (invariant)
Ferrara,E1,42,Transformer-AD,transformer_ad,aggregate,1,0.08,2024-01-01 06:44:40,2024-01-01 06:49:40,0.08,2.286111111111111,,4.18848167539267,27.433333333333334,2.286111111111111,0.0,True,393,10,3,False,False,terminal,rms_kurt,load_pipeline (invariant)
Ferrara,E1,42,RMS-Trend (kσ),rms_trend,aggregate,2,1.0,2024-01-01 06:44:40,2024-01-01 06:49:40,0.08,0.0,,0.0,0.0,0.0,0.0,False,82,5,4,False,False,terminal,rms_kurt,load_pipeline (invariant)
Ferrara,E1,42,3σ Rule (σ=3.0),three_sigma,aggregate,2,1.0,2024-01-01 06:44:40,2024-01-01 06:49:40,0.08,0.0,,0.0,0.0,0.0,0.0,False,82,5,4,False,False,terminal,rms_kurt,load_pipeline (invariant)
Ferrara,E1,42,"EWMA (λ=0.2, k=3.0)",ewma,aggregate,2,1.0,2024-01-01 06:44:40,2024-01-01 06:49:40,0.08,0.0,,0.0,0.0,0.0,0.0,False,82,5,4,False,False,terminal,rms_kurt,load_pipeline (invariant)
Ferrara,E1,42,"CUSUM (k=0.5, h=5.0)",cusum,aggregate,2,1.0,2024-01-01 06:44:40,2024-01-01 06:49:40,0.08,0.0,,0.0,0.0,0.0,0.0,False,82,5,4,False,False,terminal,rms_kurt,load_pipeline (invariant)
Ferrara,E1,42,Hotelling T²,hotelling_t2,aggregate,2,1.0,2024-01-01 06:44:40,2024-01-01 06:49:40,0.08,0.0,,0.0,0.0,0.0,0.0,False,82,5,4,False,False,terminal,rms_kurt,load_pipeline (invariant)
Ferrara,E1,42,Isolation Forest,isolation_forest,aggregate,2,1.0,2024-01-01 06:44:40,2024-01-01 06:49:40,0.08,0.0,,0.0,0.0,0.0,0.0,False,82,5,4,False,False,terminal,rms_kurt,load_pipeline (invariant)
Ferrara,E1,42,Deep SVDD,deep_svdd,aggregate,2,1.0,2024-01-01 06:44:40,2024-01-01 06:49:40,0.08,0.0,,0.0,0.0,0.0,0.0,False,82,5,4,False,False,terminal,rms_kurt,load_pipeline (invariant)
Ferrara,E1,42,LSTM-Autoencoder,lstm_ae,aggregate,2,1.0,2024-01-01 06:44:40,2024-01-01 06:49:40,0.08,0.0,,0.0,0.0,0.0,0.0,False,82,5,4,False,False,terminal,rms_kurt,load_pipeline (invariant)
Ferrara,E1,42,TCN-Autoencoder,tcn,aggregate,2,1.0,2024-01-01 06:44:40,2024-01-01 06:49:40,0.08,0.0,,0.0,0.0,0.0,0.0,False,82,5,4,False,False,terminal,rms_kurt,load_pipeline (invariant)
Ferrara,E1,42,Transformer-AD,transformer_ad,aggregate,2,1.0,2024-01-01 06:44:40,2024-01-01 06:49:40,0.08,0.0,,0.0,0.0,0.0,0.0,False,82,5,4,False,False,terminal,rms_kurt,load_pipeline (invariant)
Ferrara,E1,42,RMS-Trend (kσ),rms_trend,aggregate,5,1.0,2024-01-01 06:44:40,2024-01-01 06:49:40,0.08,0.044444444444444446,0.03888888888888889,0.0,0.5333333333333334,0.044444444444444446,0.0,True,164,3,2,True,False,terminal,rms_kurt,load_pipeline (invariant)
Ferrara,E1,42,3σ Rule (σ=3.0),three_sigma,aggregate,5,1.0,2024-01-01 06:44:40,2024-01-01 06:49:40,0.08,0.7277777777777777,,2.5,8.733333333333334,0.7277777777777777,0.0,True,164,3,2,True,False,terminal,rms_kurt,load_pipeline (invariant)
Ferrara,E1,42,"EWMA (λ=0.2, k=3.0)",ewma,aggregate,5,1.0,2024-01-01 06:44:40,2024-01-01 06:49:40,0.08,0.09444444444444444,,0.625,1.1333333333333333,0.09444444444444444,0.0,True,164,3,2,True,False,terminal,rms_kurt,load_pipeline (invariant)
Ferrara,E1,42,"CUSUM (k=0.5, h=5.0)",cusum,aggregate,5,1.0,2024-01-01 06:44:40,2024-01-01 06:49:40,0.08,0.09444444444444444,,0.625,1.1333333333333333,0.09444444444444444,0.0,True,164,3,2,True,False,terminal,rms_kurt,load_pipeline (invariant)
Ferrara,E1,42,Hotelling T²,hotelling_t2,aggregate,5,1.0,2024-01-01 06:44:40,2024-01-01 06:49:40,0.08,0.7277777777777777,,2.5,8.733333333333334,0.7277777777777777,0.0,True,164,3,2,True,False,terminal,rms_kurt,load_pipeline (invariant)
Ferrara,E1,42,Isolation Forest,isolation_forest,aggregate,5,1.0,2024-01-01 06:44:40,2024-01-01 06:49:40,0.08,0.1111111111111111,,1.25,1.3333333333333333,0.1111111111111111,0.0,True,164,3,2,True,False,terminal,rms_kurt,load_pipeline (invariant)
Ferrara,E1,42,Deep SVDD,deep_svdd,aggregate,5,1.0,2024-01-01 06:44:40,2024-01-01 06:49:40,0.08,0.0,,0.0,0.0,0.0,0.0,False,164,3,2,True,False,terminal,rms_kurt,load_pipeline (invariant)
Ferrara,E1,42,LSTM-Autoencoder,lstm_ae,aggregate,5,1.0,2024-01-01 06:44:40,2024-01-01 06:49:40,0.08,0.1111111111111111,,1.25,1.3333333333333333,0.1111111111111111,0.0,True,164,3,2,True,False,terminal,rms_kurt,load_pipeline (invariant)
Ferrara,E1,42,TCN-Autoencoder,tcn,aggregate,5,1.0,2024-01-01 06:44:40,2024-01-01 06:49:40,0.08,1.9777777777777779,,28.125,23.733333333333334,1.9777777777777779,0.0,False,164,3,2,True,False,terminal,rms_kurt,load_pipeline (invariant)
Ferrara,E1,42,Transformer-AD,transformer_ad,aggregate,5,1.0,2024-01-01 06:44:40,2024-01-01 06:49:40,0.08,0.09444444444444444,,0.625,1.1333333333333333,0.09444444444444444,0.0,True,164,3,2,True,False,terminal,rms_kurt,load_pipeline (invariant)
Ferrara,E1,42,RMS-Trend (kσ),rms_trend,aggregate,10,1.0,2024-01-01 06:44:40,2024-01-01 06:49:40,0.08,0.09444444444444444,,0.625,1.1333333333333333,0.09444444444444444,0.0,True,164,3,1,True,False,terminal,rms_kurt,load_pipeline (invariant)
Ferrara,E1,42,3σ Rule (σ=3.0),three_sigma,aggregate,10,1.0,2024-01-01 06:44:40,2024-01-01 06:49:40,0.08,0.7277777777777777,,2.5,8.733333333333334,0.7277777777777777,0.0,True,164,3,1,True,False,terminal,rms_kurt,load_pipeline (invariant)
Ferrara,E1,42,"EWMA (λ=0.2, k=3.0)",ewma,aggregate,10,1.0,2024-01-01 06:44:40,2024-01-01 06:49:40,0.08,0.09444444444444444,,0.625,1.1333333333333333,0.09444444444444444,0.0,True,164,3,1,True,False,terminal,rms_kurt,load_pipeline (invariant)
Ferrara,E1,42,"CUSUM (k=0.5, h=5.0)",cusum,aggregate,10,1.0,2024-01-01 06:44:40,2024-01-01 06:49:40,0.08,0.09444444444444444,,0.625,1.1333333333333333,0.09444444444444444,0.0,True,164,3,1,True,False,terminal,rms_kurt,load_pipeline (invariant)
Ferrara,E1,42,Hotelling T²,hotelling_t2,aggregate,10,1.0,2024-01-01 06:44:40,2024-01-01 06:49:40,0.08,0.7277777777777777,,2.5,8.733333333333334,0.7277777777777777,0.0,True,164,3,1,True,False,terminal,rms_kurt,load_pipeline (invariant)
Ferrara,E1,42,Isolation Forest,isolation_forest,aggregate,10,1.0,2024-01-01 06:44:40,2024-01-01 06:49:40,0.08,0.7277777777777777,,1.875,8.733333333333334,0.7277777777777777,0.0,True,164,3,1,True,False,terminal,rms_kurt,load_pipeline (invariant)
Ferrara,E1,42,Deep SVDD,deep_svdd,aggregate,10,1.0,2024-01-01 06:44:40,2024-01-01 06:49:40,0.08,0.027777777777777776,0.05555555555555555,0.0,0.3333333333333333,0.027777777777777776,0.0,True,164,3,1,True,False,terminal,rms_kurt,load_pipeline (invariant)
Ferrara,E1,42,LSTM-Autoencoder,lstm_ae,aggregate,10,1.0,2024-01-01 06:44:40,2024-01-01 06:49:40,0.08,0.1111111111111111,,1.25,1.3333333333333333,0.1111111111111111,0.0,True,164,3,1,True,False,terminal,rms_kurt,load_pipeline (invariant)
Ferrara,E1,42,TCN-Autoencoder,tcn,aggregate,10,1.0,2024-01-01 06:44:40,2024-01-01 06:49:40,0.08,1.9777777777777779,,28.125,23.733333333333334,1.9777777777777779,0.0,False,164,3,1,True,False,terminal,rms_kurt,load_pipeline (invariant)
Ferrara,E1,42,Transformer-AD,transformer_ad,aggregate,10,1.0,2024-01-01 06:44:40,2024-01-01 06:49:40,0.08,0.09444444444444444,,0.625,1.1333333333333333,0.09444444444444444,0.0,True,164,3,1,True,False,terminal,rms_kurt,load_pipeline (invariant)
Ferrara,E1,42,RMS-Trend (kσ),rms_trend,aggregate,20,2.0,2024-01-01 06:44:40,2024-01-01 06:49:40,0.08,0.09444444444444444,,1.2345679012345678,1.1333333333333333,0.09444444444444444,0.0,True,82,3,1,True,False,terminal,rms_kurt,load_pipeline (invariant)
Ferrara,E1,42,3σ Rule (σ=3.0),three_sigma,aggregate,20,2.0,2024-01-01 06:44:40,2024-01-01 06:49:40,0.08,0.12777777777777777,,2.4691358024691357,1.5333333333333332,0.12777777777777777,0.0,True,82,3,1,True,False,terminal,rms_kurt,load_pipeline (invariant)
Ferrara,E1,42,"EWMA (λ=0.2, k=3.0)",ewma,aggregate,20,2.0,2024-01-01 06:44:40,2024-01-01 06:49:40,0.08,0.12777777777777777,,2.4691358024691357,1.5333333333333332,0.12777777777777777,0.0,True,82,3,1,True,False,terminal,rms_kurt,load_pipeline (invariant)
Ferrara,E1,42,"CUSUM (k=0.5, h=5.0)",cusum,aggregate,20,2.0,2024-01-01 06:44:40,2024-01-01 06:49:40,0.08,0.12777777777777777,,2.4691358024691357,1.5333333333333332,0.12777777777777777,0.0,True,82,3,1,True,False,terminal,rms_kurt,load_pipeline (invariant)
Ferrara,E1,42,Hotelling T²,hotelling_t2,aggregate,20,2.0,2024-01-01 06:44:40,2024-01-01 06:49:40,0.08,0.7277777777777777,,3.7037037037037033,8.733333333333334,0.7277777777777777,0.0,True,82,3,1,True,False,terminal,rms_kurt,load_pipeline (invariant)
Ferrara,E1,42,Isolation Forest,isolation_forest,aggregate,20,2.0,2024-01-01 06:44:40,2024-01-01 06:49:40,0.08,0.12777777777777777,,2.4691358024691357,1.5333333333333332,0.12777777777777777,0.0,True,82,3,1,True,False,terminal,rms_kurt,load_pipeline (invariant)
Ferrara,E1,42,Deep SVDD,deep_svdd,aggregate,20,2.0,2024-01-01 06:44:40,2024-01-01 06:49:40,0.08,0.06111111111111111,0.022222222222222223,0.0,0.7333333333333334,0.06111111111111111,0.0,True,82,3,1,True,False,terminal,rms_kurt,load_pipeline (invariant)
Ferrara,E1,42,LSTM-Autoencoder,lstm_ae,aggregate,20,2.0,2024-01-01 06:44:40,2024-01-01 06:49:40,0.08,1.5944444444444446,,27.160493827160494,19.133333333333336,1.5944444444444446,0.0,False,82,3,1,True,False,terminal,rms_kurt,load_pipeline (invariant)
Ferrara,E1,42,TCN-Autoencoder,tcn,aggregate,20,2.0,2024-01-01 06:44:40,2024-01-01 06:49:40,0.08,0.12777777777777777,,2.4691358024691357,1.5333333333333332,0.12777777777777777,0.0,True,82,3,1,True,False,terminal,rms_kurt,load_pipeline (invariant)
Ferrara,E1,42,Transformer-AD,transformer_ad,aggregate,20,2.0,2024-01-01 06:44:40,2024-01-01 06:49:40,0.08,0.12777777777777777,,2.4691358024691357,1.5333333333333332,0.12777777777777777,0.0,True,82,3,1,True,False,terminal,rms_kurt,load_pipeline (invariant)
Ferrara,E1,42,RMS-Trend (kσ),rms_trend,decimate,1,0.08,2024-01-01 06:44:40,2024-01-01 06:49:40,0.08,0.03611111111111111,0.04722222222222222,0.0,0.4333333333333333,0.03611111111111111,0.0,True,393,10,3,False,False,terminal,rms_kurt,load_pipeline (invariant)
Ferrara,E1,42,3σ Rule (σ=3.0),three_sigma,decimate,1,0.08,2024-01-01 06:44:40,2024-01-01 06:49:40,0.08,0.08472222222222223,,0.2617801047120419,1.0166666666666668,0.08472222222222223,0.0,True,393,10,3,False,False,terminal,rms_kurt,load_pipeline (invariant)
Ferrara,E1,42,"EWMA (λ=0.2, k=3.0)",ewma,decimate,1,0.08,2024-01-01 06:44:40,2024-01-01 06:49:40,0.08,0.08472222222222223,,0.2617801047120419,1.0166666666666668,0.08472222222222223,0.0,True,393,10,3,False,False,terminal,rms_kurt,load_pipeline (invariant)
Ferrara,E1,42,"CUSUM (k=0.5, h=5.0)",cusum,decimate,1,0.08,2024-01-01 06:44:40,2024-01-01 06:49:40,0.08,0.07083333333333333,0.0125,0.0,0.85,0.07083333333333333,0.0,True,393,10,3,False,False,terminal,rms_kurt,load_pipeline (invariant)
Ferrara,E1,42,Hotelling T²,hotelling_t2,decimate,1,0.08,2024-01-01 06:44:40,2024-01-01 06:49:40,0.08,0.08472222222222223,,0.2617801047120419,1.0166666666666668,0.08472222222222223,0.0,True,393,10,3,False,False,terminal,rms_kurt,load_pipeline (invariant)
Ferrara,E1,42,Isolation Forest,isolation_forest,decimate,1,0.08,2024-01-01 06:44:40,2024-01-01 06:49:40,0.08,0.08472222222222223,,0.2617801047120419,1.0166666666666668,0.08472222222222223,0.0,True,393,10,3,False,False,terminal,rms_kurt,load_pipeline (invariant)
Ferrara,E1,42,Deep SVDD,deep_svdd,decimate,1,0.08,2024-01-01 06:44:40,2024-01-01 06:49:40,0.08,0.0,,0.0,0.0,0.0,0.0,False,393,10,3,False,False,terminal,rms_kurt,load_pipeline (invariant)
Ferrara,E1,42,LSTM-Autoencoder,lstm_ae,decimate,1,0.08,2024-01-01 06:44:40,2024-01-01 06:49:40,0.08,2.286111111111111,,8.115183246073299,27.433333333333334,2.286111111111111,0.0,True,393,10,3,False,False,terminal,rms_kurt,load_pipeline (invariant)
Ferrara,E1,42,TCN-Autoencoder,tcn,decimate,1,0.08,2024-01-01 06:44:40,2024-01-01 06:49:40,0.08,2.2930555555555556,,30.36649214659686,27.51666666666667,2.2930555555555556,0.0,False,393,10,3,False,False,terminal,rms_kurt,load_pipeline (invariant)
Ferrara,E1,42,Transformer-AD,transformer_ad,decimate,1,0.08,2024-01-01 06:44:40,2024-01-01 06:49:40,0.08,2.286111111111111,,4.18848167539267,27.433333333333334,2.286111111111111,0.0,True,393,10,3,False,False,terminal,rms_kurt,load_pipeline (invariant)
Ferrara,E1,42,RMS-Trend (kσ),rms_trend,decimate,2,0.17,2024-01-01 06:44:40,2024-01-01 06:49:40,0.08,0.022222222222222223,0.06111111111111111,0.0,0.2666666666666667,0.022222222222222223,0.0,True,492,5,4,False,False,terminal,rms_kurt,load_pipeline (invariant)
Ferrara,E1,42,3σ Rule (σ=3.0),three_sigma,decimate,2,0.17,2024-01-01 06:44:40,2024-01-01 06:49:40,0.08,0.08888888888888889,,0.20964360587002098,1.0666666666666669,0.08888888888888889,0.0,True,492,5,4,False,False,terminal,rms_kurt,load_pipeline (invariant)
Ferrara,E1,42,"EWMA (λ=0.2, k=3.0)",ewma,decimate,2,0.17,2024-01-01 06:44:40,2024-01-01 06:49:40,0.08,0.08333333333333333,0.0,0.0,1.0,0.08333333333333333,0.0,True,492,5,4,False,False,terminal,rms_kurt,load_pipeline (invariant)
Ferrara,E1,42,"CUSUM (k=0.5, h=5.0)",cusum,decimate,2,0.17,2024-01-01 06:44:40,2024-01-01 06:49:40,0.08,0.07222222222222222,0.011111111111111112,0.0,0.8666666666666666,0.07222222222222222,0.0,True,492,5,4,False,False,terminal,rms_kurt,load_pipeline (invariant)
Ferrara,E1,42,Hotelling T²,hotelling_t2,decimate,2,0.17,2024-01-01 06:44:40,2024-01-01 06:49:40,0.08,0.08888888888888889,,0.20964360587002098,1.0666666666666669,0.08888888888888889,0.0,True,492,5,4,False,False,terminal,rms_kurt,load_pipeline (invariant)
Ferrara,E1,42,Isolation Forest,isolation_forest,decimate,2,0.17,2024-01-01 06:44:40,2024-01-01 06:49:40,0.08,0.08888888888888889,,0.20964360587002098,1.0666666666666669,0.08888888888888889,0.0,True,492,5,4,False,False,terminal,rms_kurt,load_pipeline (invariant)
Ferrara,E1,42,Deep SVDD,deep_svdd,decimate,2,0.17,2024-01-01 06:44:40,2024-01-01 06:49:40,0.08,0.0,,0.0,0.0,0.0,0.0,False,492,5,4,False,False,terminal,rms_kurt,load_pipeline (invariant)
Ferrara,E1,42,LSTM-Autoencoder,lstm_ae,decimate,2,0.17,2024-01-01 06:44:40,2024-01-01 06:49:40,0.08,2.0388888888888888,,14.046121593291405,24.466666666666665,2.0388888888888888,0.0,False,492,5,4,False,False,terminal,rms_kurt,load_pipeline (invariant)
Ferrara,E1,42,TCN-Autoencoder,tcn,decimate,2,0.17,2024-01-01 06:44:40,2024-01-01 06:49:40,0.08,2.272222222222222,,33.75262054507338,27.266666666666666,2.272222222222222,0.0,False,492,5,4,False,False,terminal,rms_kurt,load_pipeline (invariant)
Ferrara,E1,42,Transformer-AD,transformer_ad,decimate,2,0.17,2024-01-01 06:44:40,2024-01-01 06:49:40,0.08,1.8555555555555556,,6.289308176100629,22.26666666666667,1.8555555555555556,0.0,True,492,5,4,False,False,terminal,rms_kurt,load_pipeline (invariant)
Ferrara,E1,42,RMS-Trend (kσ),rms_trend,decimate,5,0.42,2024-01-01 06:44:40,2024-01-01 06:49:40,0.08,0.08472222222222223,,0.2617801047120419,1.0166666666666668,0.08472222222222223,0.0,True,393,3,2,True,False,terminal,rms_kurt,load_pipeline (invariant)
Ferrara,E1,42,3σ Rule (σ=3.0),three_sigma,decimate,5,0.42,2024-01-01 06:44:40,2024-01-01 06:49:40,0.08,2.3,,2.094240837696335,27.599999999999998,2.3,0.0,True,393,3,2,True,False,terminal,rms_kurt,load_pipeline (invariant)
Ferrara,E1,42,"EWMA (λ=0.2, k=3.0)",ewma,decimate,5,0.42,2024-01-01 06:44:40,2024-01-01 06:49:40,0.08,2.286111111111111,,1.5706806282722512,27.433333333333334,2.286111111111111,0.0,True,393,3,2,True,False,terminal,rms_kurt,load_pipeline (invariant)
Ferrara,E1,42,"CUSUM (k=0.5, h=5.0)",cusum,decimate,5,0.42,2024-01-01 06:44:40,2024-01-01 06:49:40,0.08,0.07777777777777778,0.005555555555555556,0.0,0.9333333333333333,0.07777777777777778,0.0,True,393,3,2,True,False,terminal,rms_kurt,load_pipeline (invariant)
Ferrara,E1,42,Hotelling T²,hotelling_t2,decimate,5,0.42,2024-01-01 06:44:40,2024-01-01 06:49:40,0.08,2.6333333333333333,,3.664921465968586,31.6,0.0,15.0,True,393,3,2,True,False,terminal,rms_kurt,load_pipeline (invariant)
Ferrara,E1,42,Isolation Forest,isolation_forest,decimate,5,0.42,2024-01-01 06:44:40,2024-01-01 06:49:40,0.08,2.3,,2.6178010471204187,27.599999999999998,2.3,0.0,True,393,3,2,True,False,terminal,rms_kurt,load_pipeline (invariant)
Ferrara,E1,42,Deep SVDD,deep_svdd,decimate,5,0.42,2024-01-01 06:44:40,2024-01-01 06:49:40,0.08,0.015277777777777777,0.06805555555555555,0.0,0.18333333333333335,0.015277777777777777,0.0,True,393,3,2,True,False,terminal,rms_kurt,load_pipeline (invariant)
Ferrara,E1,42,LSTM-Autoencoder,lstm_ae,decimate,5,0.42,2024-01-01 06:44:40,2024-01-01 06:49:40,0.08,2.3,,15.44502617801047,27.599999999999998,2.3,0.0,False,393,3,2,True,False,terminal,rms_kurt,load_pipeline (invariant)
Ferrara,E1,42,TCN-Autoencoder,tcn,decimate,5,0.42,2024-01-01 06:44:40,2024-01-01 06:49:40,0.08,2.452777777777778,,26.701570680628272,29.433333333333337,2.452777777777778,0.0,False,393,3,2,True,False,terminal,rms_kurt,load_pipeline (invariant)
Ferrara,E1,42,Transformer-AD,transformer_ad,decimate,5,0.42,2024-01-01 06:44:40,2024-01-01 06:49:40,0.08,2.3,,15.706806282722512,27.599999999999998,2.3,0.0,False,393,3,2,True,False,terminal,rms_kurt,load_pipeline (invariant)
Ferrara,E1,42,RMS-Trend (kσ),rms_trend,decimate,10,0.83,2024-01-01 06:44:40,2024-01-01 06:49:40,0.08,0.022222222222222223,0.06111111111111111,0.0,0.2666666666666667,0.022222222222222223,0.0,True,196,3,1,True,False,terminal,rms_kurt,load_pipeline (invariant)
Ferrara,E1,42,3σ Rule (σ=3.0),three_sigma,decimate,10,0.83,2024-01-01 06:44:40,2024-01-01 06:49:40,0.08,2.2583333333333333,,3.1413612565445024,27.1,2.2583333333333333,0.0,True,196,3,1,True,False,terminal,rms_kurt,load_pipeline (invariant)
Ferrara,E1,42,"EWMA (λ=0.2, k=3.0)",ewma,decimate,10,0.83,2024-01-01 06:44:40,2024-01-01 06:49:40,0.08,1.8416666666666666,,2.094240837696335,22.1,1.8416666666666666,0.0,True,196,3,1,True,False,terminal,rms_kurt,load_pipeline (invariant)
Ferrara,E1,42,"CUSUM (k=0.5, h=5.0)",cusum,decimate,10,0.83,2024-01-01 06:44:40,2024-01-01 06:49:40,0.08,0.07777777777777778,0.005555555555555556,0.0,0.9333333333333333,0.07777777777777778,0.0,True,196,3,1,True,False,terminal,rms_kurt,load_pipeline (invariant)
Ferrara,E1,42,Hotelling T²,hotelling_t2,decimate,10,0.83,2024-01-01 06:44:40,2024-01-01 06:49:40,0.08,2.286111111111111,,5.7591623036649215,27.433333333333334,2.286111111111111,0.0,True,196,3,1,True,False,terminal,rms_kurt,load_pipeline (invariant)
Ferrara,E1,42,Isolation Forest,isolation_forest,decimate,10,0.83,2024-01-01 06:44:40,2024-01-01 06:49:40,0.08,2.286111111111111,,4.712041884816754,27.433333333333334,2.286111111111111,0.0,True,196,3,1,True,False,terminal,rms_kurt,load_pipeline (invariant)
Ferrara,E1,42,Deep SVDD,deep_svdd,decimate,10,0.83,2024-01-01 06:44:40,2024-01-01 06:49:40,0.08,0.022222222222222223,0.06111111111111111,0.0,0.2666666666666667,0.022222222222222223,0.0,True,196,3,1,True,False,terminal,rms_kurt,load_pipeline (invariant)
Ferrara,E1,42,LSTM-Autoencoder,lstm_ae,decimate,10,0.83,2024-01-01 06:44:40,2024-01-01 06:49:40,0.08,2.063888888888889,,26.17801047120419,24.76666666666667,2.063888888888889,0.0,False,196,3,1,True,False,terminal,rms_kurt,load_pipeline (invariant)
Ferrara,E1,42,TCN-Autoencoder,tcn,decimate,10,0.83,2024-01-01 06:44:40,2024-01-01 06:49:40,0.08,2.147222222222222,,43.455497382198956,25.766666666666666,2.147222222222222,0.0,False,196,3,1,True,False,terminal,rms_kurt,load_pipeline (invariant)
Ferrara,E1,42,Transformer-AD,transformer_ad,decimate,10,0.83,2024-01-01 06:44:40,2024-01-01 06:49:40,0.08,1.9388888888888889,,23.56020942408377,23.26666666666667,1.9388888888888889,0.0,False,196,3,1,True,False,terminal,rms_kurt,load_pipeline (invariant)
Ferrara,E1,42,RMS-Trend (kσ),rms_trend,decimate,20,1.67,2024-01-01 06:44:40,2024-01-01 06:49:40,0.08,0.05,0.03333333333333333,0.0,0.6000000000000001,0.05,0.0,True,98,3,1,True,False,terminal,rms_kurt,load_pipeline (invariant)
Ferrara,E1,42,3σ Rule (σ=3.0),three_sigma,decimate,20,1.67,2024-01-01 06:44:40,2024-01-01 06:49:40,0.08,1.8833333333333333,,4.166666666666666,22.6,1.8833333333333333,0.0,True,98,3,1,True,False,terminal,rms_kurt,load_pipeline (invariant)
Ferrara,E1,42,"EWMA (λ=0.2, k=3.0)",ewma,decimate,20,1.67,2024-01-01 06:44:40,2024-01-01 06:49:40,0.08,1.8277777777777777,,3.125,21.933333333333334,1.8277777777777777,0.0,True,98,3,1,True,False,terminal,rms_kurt,load_pipeline (invariant)
Ferrara,E1,42,"CUSUM (k=0.5, h=5.0)",cusum,decimate,20,1.67,2024-01-01 06:44:40,2024-01-01 06:49:40,0.08,0.07777777777777778,0.005555555555555556,0.0,0.9333333333333333,0.07777777777777778,0.0,True,98,3,1,True,False,terminal,rms_kurt,load_pipeline (invariant)
Ferrara,E1,42,Hotelling T²,hotelling_t2,decimate,20,1.67,2024-01-01 06:44:40,2024-01-01 06:49:40,0.08,2.3,,7.291666666666667,27.599999999999998,2.3,0.0,True,98,3,1,True,False,terminal,rms_kurt,load_pipeline (invariant)
Ferrara,E1,42,Isolation Forest,isolation_forest,decimate,20,1.67,2024-01-01 06:44:40,2024-01-01 06:49:40,0.08,1.8277777777777777,,2.083333333333333,21.933333333333334,1.8277777777777777,0.0,True,98,3,1,True,False,terminal,rms_kurt,load_pipeline (invariant)
Ferrara,E1,42,Deep SVDD,deep_svdd,decimate,20,1.67,2024-01-01 06:44:40,2024-01-01 06:49:40,0.08,0.05,0.03333333333333333,0.0,0.6000000000000001,0.05,0.0,True,98,3,1,True,False,terminal,rms_kurt,load_pipeline (invariant)
Ferrara,E1,42,LSTM-Autoencoder,lstm_ae,decimate,20,1.67,2024-01-01 06:44:40,2024-01-01 06:49:40,0.08,1.8833333333333333,,34.375,22.6,1.8833333333333333,0.0,False,98,3,1,True,False,terminal,rms_kurt,load_pipeline (invariant)
Ferrara,E1,42,TCN-Autoencoder,tcn,decimate,20,1.67,2024-01-01 06:44:40,2024-01-01 06:49:40,0.08,1.8555555555555556,,32.29166666666667,22.26666666666667,1.8555555555555556,0.0,False,98,3,1,True,False,terminal,rms_kurt,load_pipeline (invariant)
Ferrara,E1,42,Transformer-AD,transformer_ad,decimate,20,1.67,2024-01-01 06:44:40,2024-01-01 06:49:40,0.08,1.8277777777777777,,22.916666666666664,21.933333333333334,1.8277777777777777,0.0,False,98,3,1,True,False,terminal,rms_kurt,load_pipeline (invariant)
Ferrara,E2,42,RMS-Trend (kσ),rms_trend,aggregate,1,0.08,2024-01-01 02:39:20,2024-01-01 02:45:20,0.1,0.10277777777777777,,0.6896551724137931,1.0277777777777777,0.10277777777777777,0.0,True,159,10,3,False,False,terminal,rms_kurt,load_pipeline (invariant)
Ferrara,E2,42,3σ Rule (σ=3.0),three_sigma,aggregate,1,0.08,2024-01-01 02:39:20,2024-01-01 02:45:20,0.1,0.10972222222222222,,1.3793103448275863,1.097222222222222,0.10972222222222222,0.0,True,159,10,3,False,False,terminal,rms_kurt,load_pipeline (invariant)
Ferrara,E2,42,"EWMA (λ=0.2, k=3.0)",ewma,aggregate,1,0.08,2024-01-01 02:39:20,2024-01-01 02:45:20,0.1,0.10972222222222222,,1.3793103448275863,1.097222222222222,0.10972222222222222,0.0,True,159,10,3,False,False,terminal,rms_kurt,load_pipeline (invariant)
Ferrara,E2,42,"CUSUM (k=0.5, h=5.0)",cusum,aggregate,1,0.08,2024-01-01 02:39:20,2024-01-01 02:45:20,0.1,0.10277777777777777,,0.6896551724137931,1.0277777777777777,0.10277777777777777,0.0,True,159,10,3,False,False,terminal,rms_kurt,load_pipeline (invariant)
Ferrara,E2,42,Hotelling T²,hotelling_t2,aggregate,1,0.08,2024-01-01 02:39:20,2024-01-01 02:45:20,0.1,0.10972222222222222,,1.3793103448275863,1.097222222222222,0.10972222222222222,0.0,True,159,10,3,False,False,terminal,rms_kurt,load_pipeline (invariant)
Ferrara,E2,42,Isolation Forest,isolation_forest,aggregate,1,0.08,2024-01-01 02:39:20,2024-01-01 02:45:20,0.1,0.8180555555555555,,4.137931034482759,8.180555555555555,0.8180555555555555,0.0,True,159,10,3,False,False,terminal,rms_kurt,load_pipeline (invariant)
Ferrara,E2,42,Deep SVDD,deep_svdd,aggregate,1,0.08,2024-01-01 02:39:20,2024-01-01 02:45:20,0.1,0.0,,0.0,0.0,0.0,0.0,False,159,10,3,False,False,terminal,rms_kurt,load_pipeline (invariant)
Ferrara,E2,42,LSTM-Autoencoder,lstm_ae,aggregate,1,0.08,2024-01-01 02:39:20,2024-01-01 02:45:20,0.1,0.8527777777777777,,75.17241379310344,8.527777777777777,0.8527777777777777,0.0,False,159,10,3,False,False,terminal,rms_kurt,load_pipeline (invariant)
Ferrara,E2,42,TCN-Autoencoder,tcn,aggregate,1,0.08,2024-01-01 02:39:20,2024-01-01 02:45:20,0.1,0.8944444444444445,,79.3103448275862,8.944444444444445,0.8944444444444445,0.0,False,159,10,3,False,False,terminal,rms_kurt,load_pipeline (invariant)
Ferrara,E2,42,Transformer-AD,transformer_ad,aggregate,1,0.08,2024-01-01 02:39:20,2024-01-01 02:45:20,0.1,0.7763888888888889,,64.13793103448275,7.763888888888888,0.7763888888888889,0.0,False,159,10,3,False,False,terminal,rms_kurt,load_pipeline (invariant)
Ferrara,E2,42,RMS-Trend (kσ),rms_trend,aggregate,2,1.0,2024-01-01 02:39:20,2024-01-01 02:45:20,0.1,0.0,,0.0,0.0,0.0,0.0,False,33,5,4,False,False,terminal,rms_kurt,load_pipeline (invariant)
Ferrara,E2,42,3σ Rule (σ=3.0),three_sigma,aggregate,2,1.0,2024-01-01 02:39:20,2024-01-01 02:45:20,0.1,0.0,,0.0,0.0,0.0,0.0,False,33,5,4,False,False,terminal,rms_kurt,load_pipeline (invariant)
Ferrara,E2,42,"EWMA (λ=0.2, k=3.0)",ewma,aggregate,2,1.0,2024-01-01 02:39:20,2024-01-01 02:45:20,0.1,0.0,,0.0,0.0,0.0,0.0,False,33,5,4,False,False,terminal,rms_kurt,load_pipeline (invariant)
Ferrara,E2,42,"CUSUM (k=0.5, h=5.0)",cusum,aggregate,2,1.0,2024-01-01 02:39:20,2024-01-01 02:45:20,0.1,0.0,,0.0,0.0,0.0,0.0,False,33,5,4,False,False,terminal,rms_kurt,load_pipeline (invariant)
Ferrara,E2,42,Hotelling T²,hotelling_t2,aggregate,2,1.0,2024-01-01 02:39:20,2024-01-01 02:45:20,0.1,0.9888888888888889,,19.35483870967742,9.88888888888889,0.9888888888888889,0.0,False,33,5,4,False,False,terminal,rms_kurt,load_pipeline (invariant)
Ferrara,E2,42,Isolation Forest,isolation_forest,aggregate,2,1.0,2024-01-01 02:39:20,2024-01-01 02:45:20,0.1,0.0,,0.0,0.0,0.0,0.0,False,33,5,4,False,False,terminal,rms_kurt,load_pipeline (invariant)
Ferrara,E2,42,Deep SVDD,deep_svdd,aggregate,2,1.0,2024-01-01 02:39:20,2024-01-01 02:45:20,0.1,0.0,,0.0,0.0,0.0,0.0,False,33,5,4,False,False,terminal,rms_kurt,load_pipeline (invariant)
Ferrara,E2,42,LSTM-Autoencoder,lstm_ae,aggregate,2,1.0,2024-01-01 02:39:20,2024-01-01 02:45:20,0.1,1.1222222222222222,,100.0,11.222222222222221,0.0,100.0,False,33,5,4,False,False,terminal,rms_kurt,load_pipeline (invariant)
Ferrara,E2,42,TCN-Autoencoder,tcn,aggregate,2,1.0,2024-01-01 02:39:20,2024-01-01 02:45:20,0.1,1.1222222222222222,,100.0,11.222222222222221,0.0,100.0,False,33,5,4,False,False,terminal,rms_kurt,load_pipeline (invariant)
Ferrara,E2,42,Transformer-AD,transformer_ad,aggregate,2,1.0,2024-01-01 02:39:20,2024-01-01 02:45:20,0.1,1.1222222222222222,,100.0,11.222222222222221,0.0,100.0,False,33,5,4,False,False,terminal,rms_kurt,load_pipeline (invariant)
Ferrara,E2,42,RMS-Trend (kσ),rms_trend,aggregate,5,1.0,2024-01-01 02:39:20,2024-01-01 02:45:20,0.1,0.10555555555555556,,1.639344262295082,1.0555555555555556,0.10555555555555556,0.0,True,66,3,2,True,False,terminal,rms_kurt,load_pipeline (invariant)
Ferrara,E2,42,3σ Rule (σ=3.0),three_sigma,aggregate,5,1.0,2024-01-01 02:39:20,2024-01-01 02:45:20,0.1,0.12222222222222222,,3.278688524590164,1.222222222222222,0.12222222222222222,0.0,True,66,3,2,True,False,terminal,rms_kurt,load_pipeline (invariant)
Ferrara,E2,42,"EWMA (λ=0.2, k=3.0)",ewma,aggregate,5,1.0,2024-01-01 02:39:20,2024-01-01 02:45:20,0.1,0.12222222222222222,,3.278688524590164,1.222222222222222,0.12222222222222222,0.0,True,66,3,2,True,False,terminal,rms_kurt,load_pipeline (invariant)
Ferrara,E2,42,"CUSUM (k=0.5, h=5.0)",cusum,aggregate,5,1.0,2024-01-01 02:39:20,2024-01-01 02:45:20,0.1,0.12222222222222222,,3.278688524590164,1.222222222222222,0.12222222222222222,0.0,True,66,3,2,True,False,terminal,rms_kurt,load_pipeline (invariant)
Ferrara,E2,42,Hotelling T²,hotelling_t2,aggregate,5,1.0,2024-01-01 02:39:20,2024-01-01 02:45:20,0.1,0.8388888888888889,,6.557377049180328,8.38888888888889,0.8388888888888889,0.0,True,66,3,2,True,False,terminal,rms_kurt,load_pipeline (invariant)
Ferrara,E2,42,Isolation Forest,isolation_forest,aggregate,5,1.0,2024-01-01 02:39:20,2024-01-01 02:45:20,0.1,0.12222222222222222,,3.278688524590164,1.222222222222222,0.12222222222222222,0.0,True,66,3,2,True,False,terminal,rms_kurt,load_pipeline (invariant)
Ferrara,E2,42,Deep SVDD,deep_svdd,aggregate,5,1.0,2024-01-01 02:39:20,2024-01-01 02:45:20,0.1,0.0,,0.0,0.0,0.0,0.0,False,66,3,2,True,False,terminal,rms_kurt,load_pipeline (invariant)
Ferrara,E2,42,LSTM-Autoencoder,lstm_ae,aggregate,5,1.0,2024-01-01 02:39:20,2024-01-01 02:45:20,0.1,1.1055555555555556,,100.0,11.055555555555555,0.0,100.0,False,66,3,2,True,False,terminal,rms_kurt,load_pipeline (invariant)
Ferrara,E2,42,TCN-Autoencoder,tcn,aggregate,5,1.0,2024-01-01 02:39:20,2024-01-01 02:45:20,0.1,1.1055555555555556,,100.0,11.055555555555555,0.0,100.0,False,66,3,2,True,False,terminal,rms_kurt,load_pipeline (invariant)
Ferrara,E2,42,Transformer-AD,transformer_ad,aggregate,5,1.0,2024-01-01 02:39:20,2024-01-01 02:45:20,0.1,0.4722222222222222,,37.704918032786885,4.722222222222221,0.4722222222222222,0.0,False,66,3,2,True,False,terminal,rms_kurt,load_pipeline (invariant)
Ferrara,E2,42,RMS-Trend (kσ),rms_trend,aggregate,10,1.0,2024-01-01 02:39:20,2024-01-01 02:45:20,0.1,0.10555555555555556,,1.639344262295082,1.0555555555555556,0.10555555555555556,0.0,True,66,3,1,True,False,terminal,rms_kurt,load_pipeline (invariant)
Ferrara,E2,42,3σ Rule (σ=3.0),three_sigma,aggregate,10,1.0,2024-01-01 02:39:20,2024-01-01 02:45:20,0.1,0.12222222222222222,,3.278688524590164,1.222222222222222,0.12222222222222222,0.0,True,66,3,1,True,False,terminal,rms_kurt,load_pipeline (invariant)
Ferrara,E2,42,"EWMA (λ=0.2, k=3.0)",ewma,aggregate,10,1.0,2024-01-01 02:39:20,2024-01-01 02:45:20,0.1,0.12222222222222222,,3.278688524590164,1.222222222222222,0.12222222222222222,0.0,True,66,3,1,True,False,terminal,rms_kurt,load_pipeline (invariant)
Ferrara,E2,42,"CUSUM (k=0.5, h=5.0)",cusum,aggregate,10,1.0,2024-01-01 02:39:20,2024-01-01 02:45:20,0.1,0.12222222222222222,,3.278688524590164,1.222222222222222,0.12222222222222222,0.0,True,66,3,1,True,False,terminal,rms_kurt,load_pipeline (invariant)
Ferrara,E2,42,Hotelling T²,hotelling_t2,aggregate,10,1.0,2024-01-01 02:39:20,2024-01-01 02:45:20,0.1,1.0722222222222222,,13.114754098360656,10.722222222222221,0.0,25.0,False,66,3,1,True,False,terminal,rms_kurt,load_pipeline (invariant)
Ferrara,E2,42,Isolation Forest,isolation_forest,aggregate,10,1.0,2024-01-01 02:39:20,2024-01-01 02:45:20,0.1,0.12222222222222222,,3.278688524590164,1.222222222222222,0.12222222222222222,0.0,True,66,3,1,True,False,terminal,rms_kurt,load_pipeline (invariant)
Ferrara,E2,42,Deep SVDD,deep_svdd,aggregate,10,1.0,2024-01-01 02:39:20,2024-01-01 02:45:20,0.1,0.022222222222222223,0.07777777777777778,0.0,0.2222222222222222,0.022222222222222223,0.0,True,66,3,1,True,False,terminal,rms_kurt,load_pipeline (invariant)
Ferrara,E2,42,LSTM-Autoencoder,lstm_ae,aggregate,10,1.0,2024-01-01 02:39:20,2024-01-01 02:45:20,0.1,1.1055555555555556,,100.0,11.055555555555555,0.0,100.0,False,66,3,1,True,False,terminal,rms_kurt,load_pipeline (invariant)
Ferrara,E2,42,TCN-Autoencoder,tcn,aggregate,10,1.0,2024-01-01 02:39:20,2024-01-01 02:45:20,0.1,1.1055555555555556,,100.0,11.055555555555555,0.0,100.0,False,66,3,1,True,False,terminal,rms_kurt,load_pipeline (invariant)
Ferrara,E2,42,Transformer-AD,transformer_ad,aggregate,10,1.0,2024-01-01 02:39:20,2024-01-01 02:45:20,0.1,0.4722222222222222,,37.704918032786885,4.722222222222221,0.4722222222222222,0.0,False,66,3,1,True,False,terminal,rms_kurt,load_pipeline (invariant)
Ferrara,E2,42,RMS-Trend (kσ),rms_trend,aggregate,20,2.0,2024-01-01 02:39:20,2024-01-01 02:45:20,0.1,0.12222222222222222,,3.225806451612903,1.222222222222222,0.12222222222222222,0.0,True,33,3,1,True,False,terminal,rms_kurt,load_pipeline (invariant)
Ferrara,E2,42,3σ Rule (σ=3.0),three_sigma,aggregate,20,2.0,2024-01-01 02:39:20,2024-01-01 02:45:20,0.1,0.15555555555555556,,6.451612903225806,1.5555555555555556,0.15555555555555556,0.0,True,33,3,1,True,False,terminal,rms_kurt,load_pipeline (invariant)
Ferrara,E2,42,"EWMA (λ=0.2, k=3.0)",ewma,aggregate,20,2.0,2024-01-01 02:39:20,2024-01-01 02:45:20,0.1,0.15555555555555556,,6.451612903225806,1.5555555555555556,0.15555555555555556,0.0,True,33,3,1,True,False,terminal,rms_kurt,load_pipeline (invariant)
Ferrara,E2,42,"CUSUM (k=0.5, h=5.0)",cusum,aggregate,20,2.0,2024-01-01 02:39:20,2024-01-01 02:45:20,0.1,0.15555555555555556,,6.451612903225806,1.5555555555555556,0.15555555555555556,0.0,True,33,3,1,True,False,terminal,rms_kurt,load_pipeline (invariant)
Ferrara,E2,42,Hotelling T²,hotelling_t2,aggregate,20,2.0,2024-01-01 02:39:20,2024-01-01 02:45:20,0.1,0.9888888888888889,,22.58064516129032,9.88888888888889,0.9888888888888889,0.0,False,33,3,1,True,False,terminal,rms_kurt,load_pipeline (invariant)
Ferrara,E2,42,Isolation Forest,isolation_forest,aggregate,20,2.0,2024-01-01 02:39:20,2024-01-01 02:45:20,0.1,0.12222222222222222,,3.225806451612903,1.222222222222222,0.12222222222222222,0.0,True,33,3,1,True,False,terminal,rms_kurt,load_pipeline (invariant)
Ferrara,E2,42,Deep SVDD,deep_svdd,aggregate,20,2.0,2024-01-01 02:39:20,2024-01-01 02:45:20,0.1,0.12222222222222222,,3.225806451612903,1.222222222222222,0.12222222222222222,0.0,True,33,3,1,True,False,terminal,rms_kurt,load_pipeline (invariant)
Ferrara,E2,42,LSTM-Autoencoder,lstm_ae,aggregate,20,2.0,2024-01-01 02:39:20,2024-01-01 02:45:20,0.1,1.1222222222222222,,100.0,11.222222222222221,0.0,100.0,False,33,3,1,True,False,terminal,rms_kurt,load_pipeline (invariant)
Ferrara,E2,42,TCN-Autoencoder,tcn,aggregate,20,2.0,2024-01-01 02:39:20,2024-01-01 02:45:20,0.1,1.1222222222222222,,100.0,11.222222222222221,0.0,100.0,False,33,3,1,True,False,terminal,rms_kurt,load_pipeline (invariant)
Ferrara,E2,42,Transformer-AD,transformer_ad,aggregate,20,2.0,2024-01-01 02:39:20,2024-01-01 02:45:20,0.1,1.1222222222222222,,100.0,11.222222222222221,0.0,100.0,False,33,3,1,True,False,terminal,rms_kurt,load_pipeline (invariant)
Ferrara,E2,42,RMS-Trend (kσ),rms_trend,decimate,1,0.08,2024-01-01 02:39:20,2024-01-01 02:45:20,0.1,0.10277777777777777,,0.6896551724137931,1.0277777777777777,0.10277777777777777,0.0,True,159,10,3,False,False,terminal,rms_kurt,load_pipeline (invariant)
Ferrara,E2,42,3σ Rule (σ=3.0),three_sigma,decimate,1,0.08,2024-01-01 02:39:20,2024-01-01 02:45:20,0.1,0.10972222222222222,,1.3793103448275863,1.097222222222222,0.10972222222222222,0.0,True,159,10,3,False,False,terminal,rms_kurt,load_pipeline (invariant)
Ferrara,E2,42,"EWMA (λ=0.2, k=3.0)",ewma,decimate,1,0.08,2024-01-01 02:39:20,2024-01-01 02:45:20,0.1,0.10972222222222222,,1.3793103448275863,1.097222222222222,0.10972222222222222,0.0,True,159,10,3,False,False,terminal,rms_kurt,load_pipeline (invariant)
Ferrara,E2,42,"CUSUM (k=0.5, h=5.0)",cusum,decimate,1,0.08,2024-01-01 02:39:20,2024-01-01 02:45:20,0.1,0.10277777777777777,,0.6896551724137931,1.0277777777777777,0.10277777777777777,0.0,True,159,10,3,False,False,terminal,rms_kurt,load_pipeline (invariant)
Ferrara,E2,42,Hotelling T²,hotelling_t2,decimate,1,0.08,2024-01-01 02:39:20,2024-01-01 02:45:20,0.1,0.10972222222222222,,1.3793103448275863,1.097222222222222,0.10972222222222222,0.0,True,159,10,3,False,False,terminal,rms_kurt,load_pipeline (invariant)
Ferrara,E2,42,Isolation Forest,isolation_forest,decimate,1,0.08,2024-01-01 02:39:20,2024-01-01 02:45:20,0.1,0.8180555555555555,,4.137931034482759,8.180555555555555,0.8180555555555555,0.0,True,159,10,3,False,False,terminal,rms_kurt,load_pipeline (invariant)
Ferrara,E2,42,Deep SVDD,deep_svdd,decimate,1,0.08,2024-01-01 02:39:20,2024-01-01 02:45:20,0.1,0.0,,0.0,0.0,0.0,0.0,False,159,10,3,False,False,terminal,rms_kurt,load_pipeline (invariant)
Ferrara,E2,42,LSTM-Autoencoder,lstm_ae,decimate,1,0.08,2024-01-01 02:39:20,2024-01-01 02:45:20,0.1,0.8527777777777777,,75.17241379310344,8.527777777777777,0.8527777777777777,0.0,False,159,10,3,False,False,terminal,rms_kurt,load_pipeline (invariant)
Ferrara,E2,42,TCN-Autoencoder,tcn,decimate,1,0.08,2024-01-01 02:39:20,2024-01-01 02:45:20,0.1,0.8944444444444445,,79.3103448275862,8.944444444444445,0.8944444444444445,0.0,False,159,10,3,False,False,terminal,rms_kurt,load_pipeline (invariant)
Ferrara,E2,42,Transformer-AD,transformer_ad,decimate,1,0.08,2024-01-01 02:39:20,2024-01-01 02:45:20,0.1,0.7763888888888889,,64.13793103448275,7.763888888888888,0.7763888888888889,0.0,False,159,10,3,False,False,terminal,rms_kurt,load_pipeline (invariant)
Ferrara,E2,42,RMS-Trend (kσ),rms_trend,decimate,2,0.17,2024-01-01 02:39:20,2024-01-01 02:45:20,0.1,0.0,,0.0,0.0,0.0,0.0,False,198,5,4,False,False,terminal,rms_kurt,load_pipeline (invariant)
Ferrara,E2,42,3σ Rule (σ=3.0),three_sigma,decimate,2,0.17,2024-01-01 02:39:20,2024-01-01 02:45:20,0.1,0.1111111111111111,,1.1111111111111112,1.111111111111111,0.1111111111111111,0.0,True,198,5,4,False,False,terminal,rms_kurt,load_pipeline (invariant)
Ferrara,E2,42,"EWMA (λ=0.2, k=3.0)",ewma,decimate,2,0.17,2024-01-01 02:39:20,2024-01-01 02:45:20,0.1,0.10555555555555556,,0.5555555555555556,1.0555555555555556,0.10555555555555556,0.0,True,198,5,4,False,False,terminal,rms_kurt,load_pipeline (invariant)
Ferrara,E2,42,"CUSUM (k=0.5, h=5.0)",cusum,decimate,2,0.17,2024-01-01 02:39:20,2024-01-01 02:45:20,0.1,0.1,0.0,0.0,1.0,0.1,0.0,True,198,5,4,False,False,terminal,rms_kurt,load_pipeline (invariant)
Ferrara,E2,42,Hotelling T²,hotelling_t2,decimate,2,0.17,2024-01-01 02:39:20,2024-01-01 02:45:20,0.1,0.1111111111111111,,1.1111111111111112,1.111111111111111,0.1111111111111111,0.0,True,198,5,4,False,False,terminal,rms_kurt,load_pipeline (invariant)
Ferrara,E2,42,Isolation Forest,isolation_forest,decimate,2,0.17,2024-01-01 02:39:20,2024-01-01 02:45:20,0.1,0.1111111111111111,,1.1111111111111112,1.111111111111111,0.1111111111111111,0.0,True,198,5,4,False,False,terminal,rms_kurt,load_pipeline (invariant)
Ferrara,E2,42,Deep SVDD,deep_svdd,decimate,2,0.17,2024-01-01 02:39:20,2024-01-01 02:45:20,0.1,0.0,,0.0,0.0,0.0,0.0,False,198,5,4,False,False,terminal,rms_kurt,load_pipeline (invariant)
Ferrara,E2,42,LSTM-Autoencoder,lstm_ae,decimate,2,0.17,2024-01-01 02:39:20,2024-01-01 02:45:20,0.1,1.1,,100.0,11.0,0.0,100.0,False,198,5,4,False,False,terminal,rms_kurt,load_pipeline (invariant)
Ferrara,E2,42,TCN-Autoencoder,tcn,decimate,2,0.17,2024-01-01 02:39:20,2024-01-01 02:45:20,0.1,1.1,,100.0,11.0,0.0,100.0,False,198,5,4,False,False,terminal,rms_kurt,load_pipeline (invariant)
Ferrara,E2,42,Transformer-AD,transformer_ad,decimate,2,0.17,2024-01-01 02:39:20,2024-01-01 02:45:20,0.1,0.7222222222222222,,62.22222222222222,7.222222222222221,0.7222222222222222,0.0,False,198,5,4,False,False,terminal,rms_kurt,load_pipeline (invariant)
Ferrara,E2,42,RMS-Trend (kσ),rms_trend,decimate,5,0.42,2024-01-01 02:39:20,2024-01-01 02:45:20,0.1,0.09583333333333334,0.004166666666666667,0.0,0.9583333333333334,0.09583333333333334,0.0,True,158,3,2,True,False,terminal,rms_kurt,load_pipeline (invariant)
Ferrara,E2,42,3σ Rule (σ=3.0),three_sigma,decimate,5,0.42,2024-01-01 02:39:20,2024-01-01 02:45:20,0.1,0.10972222222222222,,1.3793103448275863,1.097222222222222,0.10972222222222222,0.0,True,158,3,2,True,False,terminal,rms_kurt,load_pipeline (invariant)
Ferrara,E2,42,"EWMA (λ=0.2, k=3.0)",ewma,decimate,5,0.42,2024-01-01 02:39:20,2024-01-01 02:45:20,0.1,0.10972222222222222,,1.3793103448275863,1.097222222222222,0.10972222222222222,0.0,True,158,3,2,True,False,terminal,rms_kurt,load_pipeline (invariant)
Ferrara,E2,42,"CUSUM (k=0.5, h=5.0)",cusum,decimate,5,0.42,2024-01-01 02:39:20,2024-01-01 02:45:20,0.1,0.10277777777777777,,0.6896551724137931,1.0277777777777777,0.10277777777777777,0.0,True,158,3,2,True,False,terminal,rms_kurt,load_pipeline (invariant)
Ferrara,E2,42,Hotelling T²,hotelling_t2,decimate,5,0.42,2024-01-01 02:39:20,2024-01-01 02:45:20,0.1,0.10972222222222222,,1.3793103448275863,1.097222222222222,0.10972222222222222,0.0,True,158,3,2,True,False,terminal,rms_kurt,load_pipeline (invariant)
Ferrara,E2,42,Isolation Forest,isolation_forest,decimate,5,0.42,2024-01-01 02:39:20,2024-01-01 02:45:20,0.1,0.6027777777777777,,3.4482758620689653,6.027777777777777,0.6027777777777777,0.0,True,158,3,2,True,False,terminal,rms_kurt,load_pipeline (invariant)
Ferrara,E2,42,Deep SVDD,deep_svdd,decimate,5,0.42,2024-01-01 02:39:20,2024-01-01 02:45:20,0.1,0.0,,0.0,0.0,0.0,0.0,False,158,3,2,True,False,terminal,rms_kurt,load_pipeline (invariant)
Ferrara,E2,42,LSTM-Autoencoder,lstm_ae,decimate,5,0.42,2024-01-01 02:39:20,2024-01-01 02:45:20,0.1,0.8319444444444445,,73.10344827586206,8.319444444444445,0.8319444444444445,0.0,False,158,3,2,True,False,terminal,rms_kurt,load_pipeline (invariant)
Ferrara,E2,42,TCN-Autoencoder,tcn,decimate,5,0.42,2024-01-01 02:39:20,2024-01-01 02:45:20,0.1,0.8805555555555555,,77.93103448275862,8.805555555555555,0.8805555555555555,0.0,False,158,3,2,True,False,terminal,rms_kurt,load_pipeline (invariant)
Ferrara,E2,42,Transformer-AD,transformer_ad,decimate,5,0.42,2024-01-01 02:39:20,2024-01-01 02:45:20,0.1,0.7902777777777777,,61.37931034482759,7.902777777777777,0.7902777777777777,0.0,False,158,3,2,True,False,terminal,rms_kurt,load_pipeline (invariant)
Ferrara,E2,42,RMS-Trend (kσ),rms_trend,decimate,10,0.83,2024-01-01 02:39:20,2024-01-01 02:45:20,0.1,0.10277777777777777,,1.36986301369863,1.0277777777777777,0.10277777777777777,0.0,True,79,3,1,True,False,terminal,rms_kurt,load_pipeline (invariant)
Ferrara,E2,42,3σ Rule (σ=3.0),three_sigma,decimate,10,0.83,2024-01-01 02:39:20,2024-01-01 02:45:20,0.1,0.9361111111111111,,4.10958904109589,9.36111111111111,0.9361111111111111,0.0,True,79,3,1,True,False,terminal,rms_kurt,load_pipeline (invariant)
Ferrara,E2,42,"EWMA (λ=0.2, k=3.0)",ewma,decimate,10,0.83,2024-01-01 02:39:20,2024-01-01 02:45:20,0.1,0.11666666666666667,,2.73972602739726,1.1666666666666665,0.11666666666666667,0.0,True,79,3,1,True,False,terminal,rms_kurt,load_pipeline (invariant)
Ferrara,E2,42,"CUSUM (k=0.5, h=5.0)",cusum,decimate,10,0.83,2024-01-01 02:39:20,2024-01-01 02:45:20,0.1,0.11666666666666667,,2.73972602739726,1.1666666666666665,0.11666666666666667,0.0,True,79,3,1,True,False,terminal,rms_kurt,load_pipeline (invariant)
Ferrara,E2,42,Hotelling T²,hotelling_t2,decimate,10,0.83,2024-01-01 02:39:20,2024-01-01 02:45:20,0.1,0.9361111111111111,,6.8493150684931505,9.36111111111111,0.9361111111111111,0.0,True,79,3,1,True,False,terminal,rms_kurt,load_pipeline (invariant)
Ferrara,E2,42,Isolation Forest,isolation_forest,decimate,10,0.83,2024-01-01 02:39:20,2024-01-01 02:45:20,0.1,0.11666666666666667,,2.73972602739726,1.1666666666666665,0.11666666666666667,0.0,True,79,3,1,True,False,terminal,rms_kurt,load_pipeline (invariant)
Ferrara,E2,42,Deep SVDD,deep_svdd,decimate,10,0.83,2024-01-01 02:39:20,2024-01-01 02:45:20,0.1,0.10277777777777777,,1.36986301369863,1.0277777777777777,0.10277777777777777,0.0,True,79,3,1,True,False,terminal,rms_kurt,load_pipeline (invariant)
Ferrara,E2,42,LSTM-Autoencoder,lstm_ae,decimate,10,0.83,2024-01-01 02:39:20,2024-01-01 02:45:20,0.1,1.1027777777777779,,100.0,11.027777777777779,0.0,100.0,False,79,3,1,True,False,terminal,rms_kurt,load_pipeline (invariant)
Ferrara,E2,42,TCN-Autoencoder,tcn,decimate,10,0.83,2024-01-01 02:39:20,2024-01-01 02:45:20,0.1,1.1027777777777779,,100.0,11.027777777777779,0.0,100.0,False,79,3,1,True,False,terminal,rms_kurt,load_pipeline (invariant)
Ferrara,E2,42,Transformer-AD,transformer_ad,decimate,10,0.83,2024-01-01 02:39:20,2024-01-01 02:45:20,0.1,0.21388888888888888,,12.32876712328767,2.138888888888889,0.21388888888888888,0.0,False,79,3,1,True,False,terminal,rms_kurt,load_pipeline (invariant)
Ferrara,E2,42,RMS-Trend (kσ),rms_trend,decimate,20,1.67,2024-01-01 02:39:20,2024-01-01 02:45:20,0.1,0.08888888888888889,0.011111111111111112,0.0,0.8888888888888888,0.08888888888888889,0.0,True,40,3,1,True,False,terminal,rms_kurt,load_pipeline (invariant)
Ferrara,E2,42,3σ Rule (σ=3.0),three_sigma,decimate,20,1.67,2024-01-01 02:39:20,2024-01-01 02:45:20,0.1,0.9222222222222223,,5.405405405405405,9.222222222222221,0.9222222222222223,0.0,True,40,3,1,True,False,terminal,rms_kurt,load_pipeline (invariant)
Ferrara,E2,42,"EWMA (λ=0.2, k=3.0)",ewma,decimate,20,1.67,2024-01-01 02:39:20,2024-01-01 02:45:20,0.1,0.11666666666666667,,2.7027027027027026,1.1666666666666665,0.11666666666666667,0.0,True,40,3,1,True,False,terminal,rms_kurt,load_pipeline (invariant)
Ferrara,E2,42,"CUSUM (k=0.5, h=5.0)",cusum,decimate,20,1.67,2024-01-01 02:39:20,2024-01-01 02:45:20,0.1,0.11666666666666667,,2.7027027027027026,1.1666666666666665,0.11666666666666667,0.0,True,40,3,1,True,False,terminal,rms_kurt,load_pipeline (invariant)
Ferrara,E2,42,Hotelling T²,hotelling_t2,decimate,20,1.67,2024-01-01 02:39:20,2024-01-01 02:45:20,0.1,1.1166666666666667,,18.91891891891892,11.166666666666666,0.0,33.33333333333333,False,40,3,1,True,False,terminal,rms_kurt,load_pipeline (invariant)
Ferrara,E2,42,Isolation Forest,isolation_forest,decimate,20,1.67,2024-01-01 02:39:20,2024-01-01 02:45:20,0.1,0.11666666666666667,,2.7027027027027026,1.1666666666666665,0.11666666666666667,0.0,True,40,3,1,True,False,terminal,rms_kurt,load_pipeline (invariant)
Ferrara,E2,42,Deep SVDD,deep_svdd,decimate,20,1.67,2024-01-01 02:39:20,2024-01-01 02:45:20,0.1,0.08888888888888889,0.011111111111111112,0.0,0.8888888888888888,0.08888888888888889,0.0,True,40,3,1,True,False,terminal,rms_kurt,load_pipeline (invariant)
Ferrara,E2,42,LSTM-Autoencoder,lstm_ae,decimate,20,1.67,2024-01-01 02:39:20,2024-01-01 02:45:20,0.1,1.1166666666666667,,100.0,11.166666666666666,0.0,100.0,False,40,3,1,True,False,terminal,rms_kurt,load_pipeline (invariant)
Ferrara,E2,42,TCN-Autoencoder,tcn,decimate,20,1.67,2024-01-01 02:39:20,2024-01-01 02:45:20,0.1,1.1166666666666667,,100.0,11.166666666666666,0.0,100.0,False,40,3,1,True,False,terminal,rms_kurt,load_pipeline (invariant)
Ferrara,E2,42,Transformer-AD,transformer_ad,decimate,20,1.67,2024-01-01 02:39:20,2024-01-01 02:45:20,0.1,1.1166666666666667,,100.0,11.166666666666666,0.0,100.0,False,40,3,1,True,False,terminal,rms_kurt,load_pipeline (invariant)
Ferrara,E3,42,RMS-Trend (kσ),rms_trend,aggregate,1,0.08,2024-01-01 01:49:45,2024-01-01 03:18:45,1.48,0.0,,,0.0,0.0,0.0,False,191,10,3,False,False,terminal,rms_kurt,load_pipeline (invariant)
Ferrara,E3,42,3σ Rule (σ=3.0),three_sigma,aggregate,1,0.08,2024-01-01 01:49:45,2024-01-01 03:18:45,1.48,1.3263888888888888,0.15694444444444444,,0.894194756554307,0.0,100.0,True,191,10,3,False,False,terminal,rms_kurt,load_pipeline (invariant)
Ferrara,E3,42,"EWMA (λ=0.2, k=3.0)",ewma,aggregate,1,0.08,2024-01-01 01:49:45,2024-01-01 03:18:45,1.48,1.3194444444444444,0.1638888888888889,,0.8895131086142322,0.0,90.0,True,191,10,3,False,False,terminal,rms_kurt,load_pipeline (invariant)
Ferrara,E3,42,"CUSUM (k=0.5, h=5.0)",cusum,aggregate,1,0.08,2024-01-01 01:49:45,2024-01-01 03:18:45,1.48,1.3125,0.17083333333333334,,0.8848314606741573,0.0,80.0,True,191,10,3,False,False,terminal,rms_kurt,load_pipeline (invariant)
Ferrara,E3,42,Hotelling T²,hotelling_t2,aggregate,1,0.08,2024-01-01 01:49:45,2024-01-01 03:18:45,1.48,1.3263888888888888,0.15694444444444444,,0.894194756554307,0.0,100.0,True,191,10,3,False,False,terminal,rms_kurt,load_pipeline (invariant)
Ferrara,E3,42,Isolation Forest,isolation_forest,aggregate,1,0.08,2024-01-01 01:49:45,2024-01-01 03:18:45,1.48,1.3263888888888888,0.15694444444444444,,0.894194756554307,0.0,100.0,True,191,10,3,False,False,terminal,rms_kurt,load_pipeline (invariant)
Ferrara,E3,42,Deep SVDD,deep_svdd,aggregate,1,0.08,2024-01-01 01:49:45,2024-01-01 03:18:45,1.48,0.041666666666666664,1.4416666666666667,,0.028089887640449434,0.041666666666666664,0.0,True,191,10,3,False,False,terminal,rms_kurt,load_pipeline (invariant)
Ferrara,E3,42,LSTM-Autoencoder,lstm_ae,aggregate,1,0.08,2024-01-01 01:49:45,2024-01-01 03:18:45,1.48,1.3263888888888888,0.15694444444444444,,0.894194756554307,0.0,100.0,True,191,10,3,False,False,terminal,rms_kurt,load_pipeline (invariant)
Ferrara,E3,42,TCN-Autoencoder,tcn,aggregate,1,0.08,2024-01-01 01:49:45,2024-01-01 03:18:45,1.48,1.3263888888888888,0.15694444444444444,,0.894194756554307,0.0,100.0,True,191,10,3,False,False,terminal,rms_kurt,load_pipeline (invariant)
Ferrara,E3,42,Transformer-AD,transformer_ad,aggregate,1,0.08,2024-01-01 01:49:45,2024-01-01 03:18:45,1.48,1.3263888888888888,0.15694444444444444,,0.894194756554307,0.0,100.0,True,191,10,3,False,False,terminal,rms_kurt,load_pipeline (invariant)
Ferrara,E3,42,RMS-Trend (kσ),rms_trend,aggregate,2,1.0,2024-01-01 01:49:45,2024-01-01 03:18:45,1.48,0.0,,,0.0,0.0,0.0,False,40,5,4,False,False,terminal,rms_kurt,load_pipeline (invariant)
Ferrara,E3,42,3σ Rule (σ=3.0),three_sigma,aggregate,2,1.0,2024-01-01 01:49:45,2024-01-01 03:18:45,1.48,1.3458333333333334,0.1375,,0.9073033707865169,0.0,100.0,True,40,5,4,False,False,terminal,rms_kurt,load_pipeline (invariant)
Ferrara,E3,42,"EWMA (λ=0.2, k=3.0)",ewma,aggregate,2,1.0,2024-01-01 01:49:45,2024-01-01 03:18:45,1.48,1.3458333333333334,0.1375,,0.9073033707865169,0.0,100.0,True,40,5,4,False,False,terminal,rms_kurt,load_pipeline (invariant)
Ferrara,E3,42,"CUSUM (k=0.5, h=5.0)",cusum,aggregate,2,1.0,2024-01-01 01:49:45,2024-01-01 03:18:45,1.48,1.3458333333333334,0.1375,,0.9073033707865169,0.0,100.0,True,40,5,4,False,False,terminal,rms_kurt,load_pipeline (invariant)
Ferrara,E3,42,Hotelling T²,hotelling_t2,aggregate,2,1.0,2024-01-01 01:49:45,2024-01-01 03:18:45,1.48,1.3458333333333334,0.1375,,0.9073033707865169,0.0,100.0,True,40,5,4,False,False,terminal,rms_kurt,load_pipeline (invariant)
Ferrara,E3,42,Isolation Forest,isolation_forest,aggregate,2,1.0,2024-01-01 01:49:45,2024-01-01 03:18:45,1.48,1.3458333333333334,0.1375,,0.9073033707865169,0.0,100.0,True,40,5,4,False,False,terminal,rms_kurt,load_pipeline (invariant)
Ferrara,E3,42,Deep SVDD,deep_svdd,aggregate,2,1.0,2024-01-01 01:49:45,2024-01-01 03:18:45,1.48,0.0,,,0.0,0.0,0.0,False,40,5,4,False,False,terminal,rms_kurt,load_pipeline (invariant)
Ferrara,E3,42,LSTM-Autoencoder,lstm_ae,aggregate,2,1.0,2024-01-01 01:49:45,2024-01-01 03:18:45,1.48,1.3458333333333334,0.1375,,0.9073033707865169,0.0,100.0,True,40,5,4,False,False,terminal,rms_kurt,load_pipeline (invariant)
Ferrara,E3,42,TCN-Autoencoder,tcn,aggregate,2,1.0,2024-01-01 01:49:45,2024-01-01 03:18:45,1.48,1.3458333333333334,0.1375,,0.9073033707865169,0.0,100.0,True,40,5,4,False,False,terminal,rms_kurt,load_pipeline (invariant)
Ferrara,E3,42,Transformer-AD,transformer_ad,aggregate,2,1.0,2024-01-01 01:49:45,2024-01-01 03:18:45,1.48,1.3458333333333334,0.1375,,0.9073033707865169,0.0,100.0,True,40,5,4,False,False,terminal,rms_kurt,load_pipeline (invariant)
Ferrara,E3,42,RMS-Trend (kσ),rms_trend,aggregate,5,1.0,2024-01-01 01:49:45,2024-01-01 03:18:45,1.48,0.1125,1.3708333333333333,,0.07584269662921349,0.1125,0.0,True,79,3,2,True,False,terminal,rms_kurt,load_pipeline (invariant)
Ferrara,E3,42,3σ Rule (σ=3.0),three_sigma,aggregate,5,1.0,2024-01-01 01:49:45,2024-01-01 03:18:45,1.48,1.3291666666666666,0.15416666666666667,,0.896067415730337,0.0,100.0,True,79,3,2,True,False,terminal,rms_kurt,load_pipeline (invariant)
Ferrara,E3,42,"EWMA (λ=0.2, k=3.0)",ewma,aggregate,5,1.0,2024-01-01 01:49:45,2024-01-01 03:18:45,1.48,1.3291666666666666,0.15416666666666667,,0.896067415730337,0.0,100.0,True,79,3,2,True,False,terminal,rms_kurt,load_pipeline (invariant)
Ferrara,E3,42,"CUSUM (k=0.5, h=5.0)",cusum,aggregate,5,1.0,2024-01-01 01:49:45,2024-01-01 03:18:45,1.48,1.3291666666666666,0.15416666666666667,,0.896067415730337,0.0,100.0,True,79,3,2,True,False,terminal,rms_kurt,load_pipeline (invariant)
Ferrara,E3,42,Hotelling T²,hotelling_t2,aggregate,5,1.0,2024-01-01 01:49:45,2024-01-01 03:18:45,1.48,1.3291666666666666,0.15416666666666667,,0.896067415730337,0.0,100.0,True,79,3,2,True,False,terminal,rms_kurt,load_pipeline (invariant)
Ferrara,E3,42,Isolation Forest,isolation_forest,aggregate,5,1.0,2024-01-01 01:49:45,2024-01-01 03:18:45,1.48,1.3291666666666666,0.15416666666666667,,0.896067415730337,0.0,100.0,True,79,3,2,True,False,terminal,rms_kurt,load_pipeline (invariant)
Ferrara,E3,42,Deep SVDD,deep_svdd,aggregate,5,1.0,2024-01-01 01:49:45,2024-01-01 03:18:45,1.48,0.1125,1.3708333333333333,,0.07584269662921349,0.1125,0.0,True,79,3,2,True,False,terminal,rms_kurt,load_pipeline (invariant)
Ferrara,E3,42,LSTM-Autoencoder,lstm_ae,aggregate,5,1.0,2024-01-01 01:49:45,2024-01-01 03:18:45,1.48,1.3291666666666666,0.15416666666666667,,0.896067415730337,0.0,100.0,True,79,3,2,True,False,terminal,rms_kurt,load_pipeline (invariant)
Ferrara,E3,42,TCN-Autoencoder,tcn,aggregate,5,1.0,2024-01-01 01:49:45,2024-01-01 03:18:45,1.48,1.3291666666666666,0.15416666666666667,,0.896067415730337,0.0,100.0,True,79,3,2,True,False,terminal,rms_kurt,load_pipeline (invariant)
Ferrara,E3,42,Transformer-AD,transformer_ad,aggregate,5,1.0,2024-01-01 01:49:45,2024-01-01 03:18:45,1.48,1.3291666666666666,0.15416666666666667,,0.896067415730337,0.0,100.0,True,79,3,2,True,False,terminal,rms_kurt,load_pipeline (invariant)
Ferrara,E3,42,RMS-Trend (kσ),rms_trend,aggregate,10,1.0,2024-01-01 01:49:45,2024-01-01 03:18:45,1.48,0.1125,1.3708333333333333,,0.07584269662921349,0.1125,0.0,True,79,3,1,True,False,terminal,rms_kurt,load_pipeline (invariant)
Ferrara,E3,42,3σ Rule (σ=3.0),three_sigma,aggregate,10,1.0,2024-01-01 01:49:45,2024-01-01 03:18:45,1.48,1.3291666666666666,0.15416666666666667,,0.896067415730337,0.0,100.0,True,79,3,1,True,False,terminal,rms_kurt,load_pipeline (invariant)
Ferrara,E3,42,"EWMA (λ=0.2, k=3.0)",ewma,aggregate,10,1.0,2024-01-01 01:49:45,2024-01-01 03:18:45,1.48,1.3291666666666666,0.15416666666666667,,0.896067415730337,0.0,100.0,True,79,3,1,True,False,terminal,rms_kurt,load_pipeline (invariant)
Ferrara,E3,42,"CUSUM (k=0.5, h=5.0)",cusum,aggregate,10,1.0,2024-01-01 01:49:45,2024-01-01 03:18:45,1.48,1.3291666666666666,0.15416666666666667,,0.896067415730337,0.0,100.0,True,79,3,1,True,False,terminal,rms_kurt,load_pipeline (invariant)
Ferrara,E3,42,Hotelling T²,hotelling_t2,aggregate,10,1.0,2024-01-01 01:49:45,2024-01-01 03:18:45,1.48,1.3291666666666666,0.15416666666666667,,0.896067415730337,0.0,100.0,True,79,3,1,True,False,terminal,rms_kurt,load_pipeline (invariant)
Ferrara,E3,42,Isolation Forest,isolation_forest,aggregate,10,1.0,2024-01-01 01:49:45,2024-01-01 03:18:45,1.48,1.3291666666666666,0.15416666666666667,,0.896067415730337,0.0,100.0,True,79,3,1,True,False,terminal,rms_kurt,load_pipeline (invariant)
Ferrara,E3,42,Deep SVDD,deep_svdd,aggregate,10,1.0,2024-01-01 01:49:45,2024-01-01 03:18:45,1.48,0.1125,1.3708333333333333,,0.07584269662921349,0.1125,0.0,True,79,3,1,True,False,terminal,rms_kurt,load_pipeline (invariant)
Ferrara,E3,42,LSTM-Autoencoder,lstm_ae,aggregate,10,1.0,2024-01-01 01:49:45,2024-01-01 03:18:45,1.48,1.3291666666666666,0.15416666666666667,,0.896067415730337,0.0,100.0,True,79,3,1,True,False,terminal,rms_kurt,load_pipeline (invariant)
Ferrara,E3,42,TCN-Autoencoder,tcn,aggregate,10,1.0,2024-01-01 01:49:45,2024-01-01 03:18:45,1.48,1.3291666666666666,0.15416666666666667,,0.896067415730337,0.0,100.0,True,79,3,1,True,False,terminal,rms_kurt,load_pipeline (invariant)
Ferrara,E3,42,Transformer-AD,transformer_ad,aggregate,10,1.0,2024-01-01 01:49:45,2024-01-01 03:18:45,1.48,1.3291666666666666,0.15416666666666667,,0.896067415730337,0.0,100.0,True,79,3,1,True,False,terminal,rms_kurt,load_pipeline (invariant)
Ferrara,E3,42,RMS-Trend (kσ),rms_trend,aggregate,20,2.0,2024-01-01 01:49:45,2024-01-01 03:18:45,1.48,0.1125,1.3708333333333333,,0.07584269662921349,0.1125,0.0,True,40,3,1,True,False,terminal,rms_kurt,load_pipeline (invariant)
Ferrara,E3,42,3σ Rule (σ=3.0),three_sigma,aggregate,20,2.0,2024-01-01 01:49:45,2024-01-01 03:18:45,1.48,1.3458333333333334,0.1375,,0.9073033707865169,0.0,100.0,True,40,3,1,True,False,terminal,rms_kurt,load_pipeline (invariant)
Ferrara,E3,42,"EWMA (λ=0.2, k=3.0)",ewma,aggregate,20,2.0,2024-01-01 01:49:45,2024-01-01 03:18:45,1.48,1.3458333333333334,0.1375,,0.9073033707865169,0.0,100.0,True,40,3,1,True,False,terminal,rms_kurt,load_pipeline (invariant)
Ferrara,E3,42,"CUSUM (k=0.5, h=5.0)",cusum,aggregate,20,2.0,2024-01-01 01:49:45,2024-01-01 03:18:45,1.48,1.3458333333333334,0.1375,,0.9073033707865169,0.0,100.0,True,40,3,1,True,False,terminal,rms_kurt,load_pipeline (invariant)
Ferrara,E3,42,Hotelling T²,hotelling_t2,aggregate,20,2.0,2024-01-01 01:49:45,2024-01-01 03:18:45,1.48,1.3458333333333334,0.1375,,0.9073033707865169,0.0,100.0,True,40,3,1,True,False,terminal,rms_kurt,load_pipeline (invariant)
Ferrara,E3,42,Isolation Forest,isolation_forest,aggregate,20,2.0,2024-01-01 01:49:45,2024-01-01 03:18:45,1.48,1.3458333333333334,0.1375,,0.9073033707865169,0.0,100.0,True,40,3,1,True,False,terminal,rms_kurt,load_pipeline (invariant)
Ferrara,E3,42,Deep SVDD,deep_svdd,aggregate,20,2.0,2024-01-01 01:49:45,2024-01-01 03:18:45,1.48,0.17916666666666667,1.3041666666666667,,0.12078651685393257,0.17916666666666667,0.0,True,40,3,1,True,False,terminal,rms_kurt,load_pipeline (invariant)
Ferrara,E3,42,LSTM-Autoencoder,lstm_ae,aggregate,20,2.0,2024-01-01 01:49:45,2024-01-01 03:18:45,1.48,1.3458333333333334,0.1375,,0.9073033707865169,0.0,100.0,True,40,3,1,True,False,terminal,rms_kurt,load_pipeline (invariant)
Ferrara,E3,42,TCN-Autoencoder,tcn,aggregate,20,2.0,2024-01-01 01:49:45,2024-01-01 03:18:45,1.48,1.3458333333333334,0.1375,,0.9073033707865169,0.0,100.0,True,40,3,1,True,False,terminal,rms_kurt,load_pipeline (invariant)
Ferrara,E3,42,Transformer-AD,transformer_ad,aggregate,20,2.0,2024-01-01 01:49:45,2024-01-01 03:18:45,1.48,1.3458333333333334,0.1375,,0.9073033707865169,0.0,100.0,True,40,3,1,True,False,terminal,rms_kurt,load_pipeline (invariant)
Ferrara,E3,42,RMS-Trend (kσ),rms_trend,decimate,1,0.08,2024-01-01 01:49:45,2024-01-01 03:18:45,1.48,0.0,,,0.0,0.0,0.0,False,191,10,3,False,False,terminal,rms_kurt,load_pipeline (invariant)
Ferrara,E3,42,3σ Rule (σ=3.0),three_sigma,decimate,1,0.08,2024-01-01 01:49:45,2024-01-01 03:18:45,1.48,1.3263888888888888,0.15694444444444444,,0.894194756554307,0.0,100.0,True,191,10,3,False,False,terminal,rms_kurt,load_pipeline (invariant)
Ferrara,E3,42,"EWMA (λ=0.2, k=3.0)",ewma,decimate,1,0.08,2024-01-01 01:49:45,2024-01-01 03:18:45,1.48,1.3194444444444444,0.1638888888888889,,0.8895131086142322,0.0,90.0,True,191,10,3,False,False,terminal,rms_kurt,load_pipeline (invariant)
Ferrara,E3,42,"CUSUM (k=0.5, h=5.0)",cusum,decimate,1,0.08,2024-01-01 01:49:45,2024-01-01 03:18:45,1.48,1.3125,0.17083333333333334,,0.8848314606741573,0.0,80.0,True,191,10,3,False,False,terminal,rms_kurt,load_pipeline (invariant)
Ferrara,E3,42,Hotelling T²,hotelling_t2,decimate,1,0.08,2024-01-01 01:49:45,2024-01-01 03:18:45,1.48,1.3263888888888888,0.15694444444444444,,0.894194756554307,0.0,100.0,True,191,10,3,False,False,terminal,rms_kurt,load_pipeline (invariant)
Ferrara,E3,42,Isolation Forest,isolation_forest,decimate,1,0.08,2024-01-01 01:49:45,2024-01-01 03:18:45,1.48,1.3263888888888888,0.15694444444444444,,0.894194756554307,0.0,100.0,True,191,10,3,False,False,terminal,rms_kurt,load_pipeline (invariant)
Ferrara,E3,42,Deep SVDD,deep_svdd,decimate,1,0.08,2024-01-01 01:49:45,2024-01-01 03:18:45,1.48,0.041666666666666664,1.4416666666666667,,0.028089887640449434,0.041666666666666664,0.0,True,191,10,3,False,False,terminal,rms_kurt,load_pipeline (invariant)
Ferrara,E3,42,LSTM-Autoencoder,lstm_ae,decimate,1,0.08,2024-01-01 01:49:45,2024-01-01 03:18:45,1.48,1.3263888888888888,0.15694444444444444,,0.894194756554307,0.0,100.0,True,191,10,3,False,False,terminal,rms_kurt,load_pipeline (invariant)
Ferrara,E3,42,TCN-Autoencoder,tcn,decimate,1,0.08,2024-01-01 01:49:45,2024-01-01 03:18:45,1.48,1.3263888888888888,0.15694444444444444,,0.894194756554307,0.0,100.0,True,191,10,3,False,False,terminal,rms_kurt,load_pipeline (invariant)
Ferrara,E3,42,Transformer-AD,transformer_ad,decimate,1,0.08,2024-01-01 01:49:45,2024-01-01 03:18:45,1.48,1.3263888888888888,0.15694444444444444,,0.894194756554307,0.0,100.0,True,191,10,3,False,False,terminal,rms_kurt,load_pipeline (invariant)
Ferrara,E3,42,RMS-Trend (kσ),rms_trend,decimate,2,0.17,2024-01-01 01:49:45,2024-01-01 03:18:45,1.48,0.02361111111111111,1.4597222222222221,,0.01591760299625468,0.02361111111111111,0.0,True,238,5,4,False,False,terminal,rms_kurt,load_pipeline (invariant)
Ferrara,E3,42,3σ Rule (σ=3.0),three_sigma,decimate,2,0.17,2024-01-01 01:49:45,2024-01-01 03:18:45,1.48,1.323611111111111,0.1597222222222222,,0.8923220973782771,0.0,100.0,True,238,5,4,False,False,terminal,rms_kurt,load_pipeline (invariant)
Ferrara,E3,42,"EWMA (λ=0.2, k=3.0)",ewma,decimate,2,0.17,2024-01-01 01:49:45,2024-01-01 03:18:45,1.48,1.3180555555555555,0.16527777777777777,,0.8885767790262172,0.0,91.66666666666666,True,238,5,4,False,False,terminal,rms_kurt,load_pipeline (invariant)
Ferrara,E3,42,"CUSUM (k=0.5, h=5.0)",cusum,decimate,2,0.17,2024-01-01 01:49:45,2024-01-01 03:18:45,1.48,1.3125,0.17083333333333334,,0.8848314606741573,0.0,83.33333333333334,True,238,5,4,False,False,terminal,rms_kurt,load_pipeline (invariant)
Ferrara,E3,42,Hotelling T²,hotelling_t2,decimate,2,0.17,2024-01-01 01:49:45,2024-01-01 03:18:45,1.48,1.323611111111111,0.1597222222222222,,0.8923220973782771,0.0,100.0,True,238,5,4,False,False,terminal,rms_kurt,load_pipeline (invariant)
Ferrara,E3,42,Isolation Forest,isolation_forest,decimate,2,0.17,2024-01-01 01:49:45,2024-01-01 03:18:45,1.48,1.323611111111111,0.1597222222222222,,0.8923220973782771,0.0,100.0,True,238,5,4,False,False,terminal,rms_kurt,load_pipeline (invariant)
Ferrara,E3,42,Deep SVDD,deep_svdd,decimate,2,0.17,2024-01-01 01:49:45,2024-01-01 03:18:45,1.48,0.07916666666666666,1.4041666666666666,,0.05337078651685393,0.07916666666666666,0.0,True,238,5,4,False,False,terminal,rms_kurt,load_pipeline (invariant)
Ferrara,E3,42,LSTM-Autoencoder,lstm_ae,decimate,2,0.17,2024-01-01 01:49:45,2024-01-01 03:18:45,1.48,1.323611111111111,0.1597222222222222,,0.8923220973782771,0.0,100.0,True,238,5,4,False,False,terminal,rms_kurt,load_pipeline (invariant)
Ferrara,E3,42,TCN-Autoencoder,tcn,decimate,2,0.17,2024-01-01 01:49:45,2024-01-01 03:18:45,1.48,1.323611111111111,0.1597222222222222,,0.8923220973782771,0.0,100.0,True,238,5,4,False,False,terminal,rms_kurt,load_pipeline (invariant)
Ferrara,E3,42,Transformer-AD,transformer_ad,decimate,2,0.17,2024-01-01 01:49:45,2024-01-01 03:18:45,1.48,1.323611111111111,0.1597222222222222,,0.8923220973782771,0.0,100.0,True,238,5,4,False,False,terminal,rms_kurt,load_pipeline (invariant)
Ferrara,E3,42,RMS-Trend (kσ),rms_trend,decimate,5,0.42,2024-01-01 01:49:45,2024-01-01 03:18:45,1.48,0.1111111111111111,1.3722222222222222,,0.07490636704119849,0.1111111111111111,0.0,True,191,3,2,True,False,terminal,rms_kurt,load_pipeline (invariant)
Ferrara,E3,42,3σ Rule (σ=3.0),three_sigma,decimate,5,0.42,2024-01-01 01:49:45,2024-01-01 03:18:45,1.48,1.3263888888888888,0.15694444444444444,,0.894194756554307,0.0,100.0,True,191,3,2,True,False,terminal,rms_kurt,load_pipeline (invariant)
Ferrara,E3,42,"EWMA (λ=0.2, k=3.0)",ewma,decimate,5,0.42,2024-01-01 01:49:45,2024-01-01 03:18:45,1.48,1.3194444444444444,0.1638888888888889,,0.8895131086142322,0.0,90.0,True,191,3,2,True,False,terminal,rms_kurt,load_pipeline (invariant)
Ferrara,E3,42,"CUSUM (k=0.5, h=5.0)",cusum,decimate,5,0.42,2024-01-01 01:49:45,2024-01-01 03:18:45,1.48,1.3125,0.17083333333333334,,0.8848314606741573,0.0,80.0,True,191,3,2,True,False,terminal,rms_kurt,load_pipeline (invariant)
Ferrara,E3,42,Hotelling T²,hotelling_t2,decimate,5,0.42,2024-01-01 01:49:45,2024-01-01 03:18:45,1.48,1.3263888888888888,0.15694444444444444,,0.894194756554307,0.0,100.0,True,191,3,2,True,False,terminal,rms_kurt,load_pipeline (invariant)
Ferrara,E3,42,Isolation Forest,isolation_forest,decimate,5,0.42,2024-01-01 01:49:45,2024-01-01 03:18:45,1.48,1.3263888888888888,0.15694444444444444,,0.894194756554307,0.0,100.0,True,191,3,2,True,False,terminal,rms_kurt,load_pipeline (invariant)
Ferrara,E3,42,Deep SVDD,deep_svdd,decimate,5,0.42,2024-01-01 01:49:45,2024-01-01 03:18:45,1.48,0.041666666666666664,1.4416666666666667,,0.028089887640449434,0.041666666666666664,0.0,True,191,3,2,True,False,terminal,rms_kurt,load_pipeline (invariant)
Ferrara,E3,42,LSTM-Autoencoder,lstm_ae,decimate,5,0.42,2024-01-01 01:49:45,2024-01-01 03:18:45,1.48,1.3263888888888888,0.15694444444444444,,0.894194756554307,0.0,100.0,True,191,3,2,True,False,terminal,rms_kurt,load_pipeline (invariant)
Ferrara,E3,42,TCN-Autoencoder,tcn,decimate,5,0.42,2024-01-01 01:49:45,2024-01-01 03:18:45,1.48,1.3263888888888888,0.15694444444444444,,0.894194756554307,0.0,100.0,True,191,3,2,True,False,terminal,rms_kurt,load_pipeline (invariant)
Ferrara,E3,42,Transformer-AD,transformer_ad,decimate,5,0.42,2024-01-01 01:49:45,2024-01-01 03:18:45,1.48,1.3263888888888888,0.15694444444444444,,0.894194756554307,0.0,100.0,True,191,3,2,True,False,terminal,rms_kurt,load_pipeline (invariant)
Ferrara,E3,42,RMS-Trend (kσ),rms_trend,decimate,10,0.83,2024-01-01 01:49:45,2024-01-01 03:18:45,1.48,0.1597222222222222,1.323611111111111,,0.10767790262172283,0.1597222222222222,0.0,True,95,3,1,True,False,terminal,rms_kurt,load_pipeline (invariant)
Ferrara,E3,42,3σ Rule (σ=3.0),three_sigma,decimate,10,0.83,2024-01-01 01:49:45,2024-01-01 03:18:45,1.48,1.3263888888888888,0.15694444444444444,,0.894194756554307,0.0,100.0,True,95,3,1,True,False,terminal,rms_kurt,load_pipeline (invariant)
Ferrara,E3,42,"EWMA (λ=0.2, k=3.0)",ewma,decimate,10,0.83,2024-01-01 01:49:45,2024-01-01 03:18:45,1.48,1.3125,0.17083333333333334,,0.8848314606741573,0.0,80.0,True,95,3,1,True,False,terminal,rms_kurt,load_pipeline (invariant)
Ferrara,E3,42,"CUSUM (k=0.5, h=5.0)",cusum,decimate,10,0.83,2024-01-01 01:49:45,2024-01-01 03:18:45,1.48,1.3125,0.17083333333333334,,0.8848314606741573,0.0,80.0,True,95,3,1,True,False,terminal,rms_kurt,load_pipeline (invariant)
Ferrara,E3,42,Hotelling T²,hotelling_t2,decimate,10,0.83,2024-01-01 01:49:45,2024-01-01 03:18:45,1.48,1.3263888888888888,0.15694444444444444,,0.894194756554307,0.0,100.0,True,95,3,1,True,False,terminal,rms_kurt,load_pipeline (invariant)
Ferrara,E3,42,Isolation Forest,isolation_forest,decimate,10,0.83,2024-01-01 01:49:45,2024-01-01 03:18:45,1.48,1.3263888888888888,0.15694444444444444,,0.894194756554307,0.0,100.0,True,95,3,1,True,False,terminal,rms_kurt,load_pipeline (invariant)
Ferrara,E3,42,Deep SVDD,deep_svdd,decimate,10,0.83,2024-01-01 01:49:45,2024-01-01 03:18:45,1.48,0.11805555555555555,1.3652777777777778,,0.07958801498127341,0.11805555555555555,0.0,True,95,3,1,True,False,terminal,rms_kurt,load_pipeline (invariant)
Ferrara,E3,42,LSTM-Autoencoder,lstm_ae,decimate,10,0.83,2024-01-01 01:49:45,2024-01-01 03:18:45,1.48,1.3263888888888888,0.15694444444444444,,0.894194756554307,0.0,100.0,True,95,3,1,True,False,terminal,rms_kurt,load_pipeline (invariant)
Ferrara,E3,42,TCN-Autoencoder,tcn,decimate,10,0.83,2024-01-01 01:49:45,2024-01-01 03:18:45,1.48,1.3263888888888888,0.15694444444444444,,0.894194756554307,0.0,100.0,True,95,3,1,True,False,terminal,rms_kurt,load_pipeline (invariant)
Ferrara,E3,42,Transformer-AD,transformer_ad,decimate,10,0.83,2024-01-01 01:49:45,2024-01-01 03:18:45,1.48,1.3263888888888888,0.15694444444444444,,0.894194756554307,0.0,100.0,True,95,3,1,True,False,terminal,rms_kurt,load_pipeline (invariant)
Ferrara,E3,42,RMS-Trend (kσ),rms_trend,decimate,20,1.67,2024-01-01 01:49:45,2024-01-01 03:18:45,1.48,0.11805555555555555,1.3652777777777778,,0.07958801498127341,0.11805555555555555,0.0,True,48,3,1,True,False,terminal,rms_kurt,load_pipeline (invariant)
Ferrara,E3,42,3σ Rule (σ=3.0),three_sigma,decimate,20,1.67,2024-01-01 01:49:45,2024-01-01 03:18:45,1.48,1.3402777777777777,0.14305555555555555,,0.9035580524344569,0.0,100.0,True,48,3,1,True,False,terminal,rms_kurt,load_pipeline (invariant)
Ferrara,E3,42,"EWMA (λ=0.2, k=3.0)",ewma,decimate,20,1.67,2024-01-01 01:49:45,2024-01-01 03:18:45,1.48,1.3125,0.17083333333333334,,0.8848314606741573,0.0,66.66666666666666,True,48,3,1,True,False,terminal,rms_kurt,load_pipeline (invariant)
Ferrara,E3,42,"CUSUM (k=0.5, h=5.0)",cusum,decimate,20,1.67,2024-01-01 01:49:45,2024-01-01 03:18:45,1.48,1.3125,0.17083333333333334,,0.8848314606741573,0.0,66.66666666666666,True,48,3,1,True,False,terminal,rms_kurt,load_pipeline (invariant)
Ferrara,E3,42,Hotelling T²,hotelling_t2,decimate,20,1.67,2024-01-01 01:49:45,2024-01-01 03:18:45,1.48,1.3402777777777777,0.14305555555555555,,0.9035580524344569,0.0,100.0,True,48,3,1,True,False,terminal,rms_kurt,load_pipeline (invariant)
Ferrara,E3,42,Isolation Forest,isolation_forest,decimate,20,1.67,2024-01-01 01:49:45,2024-01-01 03:18:45,1.48,1.3402777777777777,0.14305555555555555,,0.9035580524344569,0.0,100.0,True,48,3,1,True,False,terminal,rms_kurt,load_pipeline (invariant)
Ferrara,E3,42,Deep SVDD,deep_svdd,decimate,20,1.67,2024-01-01 01:49:45,2024-01-01 03:18:45,1.48,0.11805555555555555,1.3652777777777778,,0.07958801498127341,0.11805555555555555,0.0,True,48,3,1,True,False,terminal,rms_kurt,load_pipeline (invariant)
Ferrara,E3,42,LSTM-Autoencoder,lstm_ae,decimate,20,1.67,2024-01-01 01:49:45,2024-01-01 03:18:45,1.48,1.3402777777777777,0.14305555555555555,,0.9035580524344569,0.0,100.0,True,48,3,1,True,False,terminal,rms_kurt,load_pipeline (invariant)
Ferrara,E3,42,TCN-Autoencoder,tcn,decimate,20,1.67,2024-01-01 01:49:45,2024-01-01 03:18:45,1.48,1.3402777777777777,0.14305555555555555,,0.9035580524344569,0.0,100.0,True,48,3,1,True,False,terminal,rms_kurt,load_pipeline (invariant)
Ferrara,E3,42,Transformer-AD,transformer_ad,decimate,20,1.67,2024-01-01 01:49:45,2024-01-01 03:18:45,1.48,1.3402777777777777,0.14305555555555555,,0.9035580524344569,0.0,100.0,True,48,3,1,True,False,terminal,rms_kurt,load_pipeline (invariant)
Ferrara,E4,42,RMS-Trend (kσ),rms_trend,aggregate,1,0.08,2024-01-01 00:48:40,2024-01-01 00:55:40,0.12,0.0,,0.0,0.0,0.0,0.0,False,53,10,3,False,False,terminal,rms_kurt,load_pipeline (invariant)
Ferrara,E4,42,3σ Rule (σ=3.0),three_sigma,aggregate,1,0.08,2024-01-01 00:48:40,2024-01-01 00:55:40,0.12,0.12222222222222222,,2.7027027027027026,1.0476190476190477,0.12222222222222222,0.0,True,53,10,3,False,False,terminal,rms_kurt,load_pipeline (invariant)
Ferrara,E4,42,"EWMA (λ=0.2, k=3.0)",ewma,aggregate,1,0.08,2024-01-01 00:48:40,2024-01-01 00:55:40,0.12,0.12222222222222222,,2.7027027027027026,1.0476190476190477,0.12222222222222222,0.0,True,53,10,3,False,False,terminal,rms_kurt,load_pipeline (invariant)
Ferrara,E4,42,"CUSUM (k=0.5, h=5.0)",cusum,aggregate,1,0.08,2024-01-01 00:48:40,2024-01-01 00:55:40,0.12,0.12222222222222222,,2.7027027027027026,1.0476190476190477,0.12222222222222222,0.0,True,53,10,3,False,False,terminal,rms_kurt,load_pipeline (invariant)
Ferrara,E4,42,Hotelling T²,hotelling_t2,aggregate,1,0.08,2024-01-01 00:48:40,2024-01-01 00:55:40,0.12,0.12222222222222222,,2.7027027027027026,1.0476190476190477,0.12222222222222222,0.0,True,53,10,3,False,False,terminal,rms_kurt,load_pipeline (invariant)
Ferrara,E4,42,Isolation Forest,isolation_forest,aggregate,1,0.08,2024-01-01 00:48:40,2024-01-01 00:55:40,0.12,0.12222222222222222,,2.7027027027027026,1.0476190476190477,0.12222222222222222,0.0,True,53,10,3,False,False,terminal,rms_kurt,load_pipeline (invariant)
Ferrara,E4,42,Deep SVDD,deep_svdd,aggregate,1,0.08,2024-01-01 00:48:40,2024-01-01 00:55:40,0.12,0.0,,0.0,0.0,0.0,0.0,False,53,10,3,False,False,terminal,rms_kurt,load_pipeline (invariant)
Ferrara,E4,42,LSTM-Autoencoder,lstm_ae,aggregate,1,0.08,2024-01-01 00:48:40,2024-01-01 00:55:40,0.12,0.12222222222222222,,2.7027027027027026,1.0476190476190477,0.12222222222222222,0.0,True,53,10,3,False,False,terminal,rms_kurt,load_pipeline (invariant)
Ferrara,E4,42,TCN-Autoencoder,tcn,aggregate,1,0.08,2024-01-01 00:48:40,2024-01-01 00:55:40,0.12,0.12222222222222222,,2.7027027027027026,1.0476190476190477,0.12222222222222222,0.0,True,53,10,3,False,False,terminal,rms_kurt,load_pipeline (invariant)
Ferrara,E4,42,Transformer-AD,transformer_ad,aggregate,1,0.08,2024-01-01 00:48:40,2024-01-01 00:55:40,0.12,0.12222222222222222,,2.7027027027027026,1.0476190476190477,0.12222222222222222,0.0,True,53,10,3,False,False,terminal,rms_kurt,load_pipeline (invariant)
Ferrara,E4,42,RMS-Trend (kσ),rms_trend,aggregate,2,1.0,2024-01-01 00:48:40,2024-01-01 00:55:40,0.12,0.0,,0.0,0.0,0.0,0.0,False,11,5,4,False,False,terminal,rms_kurt,load_pipeline (invariant)
Ferrara,E4,42,3σ Rule (σ=3.0),three_sigma,aggregate,2,1.0,2024-01-01 00:48:40,2024-01-01 00:55:40,0.12,0.16111111111111112,,22.22222222222222,1.380952380952381,0.16111111111111112,0.0,False,11,5,4,False,False,terminal,rms_kurt,load_pipeline (invariant)
Ferrara,E4,42,"EWMA (λ=0.2, k=3.0)",ewma,aggregate,2,1.0,2024-01-01 00:48:40,2024-01-01 00:55:40,0.12,0.16111111111111112,,22.22222222222222,1.380952380952381,0.16111111111111112,0.0,False,11,5,4,False,False,terminal,rms_kurt,load_pipeline (invariant)
Ferrara,E4,42,"CUSUM (k=0.5, h=5.0)",cusum,aggregate,2,1.0,2024-01-01 00:48:40,2024-01-01 00:55:40,0.12,0.16111111111111112,,22.22222222222222,1.380952380952381,0.16111111111111112,0.0,False,11,5,4,False,False,terminal,rms_kurt,load_pipeline (invariant)
Ferrara,E4,42,Hotelling T²,hotelling_t2,aggregate,2,1.0,2024-01-01 00:48:40,2024-01-01 00:55:40,0.12,0.39444444444444443,,100.0,3.380952380952381,0.0,100.0,False,11,5,4,False,False,terminal,rms_kurt,load_pipeline (invariant)
Ferrara,E4,42,Isolation Forest,isolation_forest,aggregate,2,1.0,2024-01-01 00:48:40,2024-01-01 00:55:40,0.12,0.0,,0.0,0.0,0.0,0.0,False,11,5,4,False,False,terminal,rms_kurt,load_pipeline (invariant)
Ferrara,E4,42,Deep SVDD,deep_svdd,aggregate,2,1.0,2024-01-01 00:48:40,2024-01-01 00:55:40,0.12,0.0,,0.0,0.0,0.0,0.0,False,11,5,4,False,False,terminal,rms_kurt,load_pipeline (invariant)
Ferrara,E4,42,LSTM-Autoencoder,lstm_ae,aggregate,2,1.0,2024-01-01 00:48:40,2024-01-01 00:55:40,0.12,,,,,,,False,11,5,4,False,False,terminal,rms_kurt,load_pipeline (invariant)
Ferrara,E4,42,TCN-Autoencoder,tcn,aggregate,2,1.0,2024-01-01 00:48:40,2024-01-01 00:55:40,0.12,,,,,,,False,11,5,4,False,False,terminal,rms_kurt,load_pipeline (invariant)
Ferrara,E4,42,Transformer-AD,transformer_ad,aggregate,2,1.0,2024-01-01 00:48:40,2024-01-01 00:55:40,0.12,,,,,,,False,11,5,4,False,False,terminal,rms_kurt,load_pipeline (invariant)
Ferrara,E4,42,RMS-Trend (kσ),rms_trend,aggregate,5,1.0,2024-01-01 00:48:40,2024-01-01 00:55:40,0.12,0.0,,0.0,0.0,0.0,0.0,False,22,3,2,True,False,terminal,rms_kurt,load_pipeline (invariant)
Ferrara,E4,42,3σ Rule (σ=3.0),three_sigma,aggregate,5,1.0,2024-01-01 00:48:40,2024-01-01 00:55:40,0.12,0.14444444444444443,,12.5,1.238095238095238,0.14444444444444443,0.0,False,22,3,2,True,False,terminal,rms_kurt,load_pipeline (invariant)
Ferrara,E4,42,"EWMA (λ=0.2, k=3.0)",ewma,aggregate,5,1.0,2024-01-01 00:48:40,2024-01-01 00:55:40,0.12,0.14444444444444443,,12.5,1.238095238095238,0.14444444444444443,0.0,False,22,3,2,True,False,terminal,rms_kurt,load_pipeline (invariant)
Ferrara,E4,42,"CUSUM (k=0.5, h=5.0)",cusum,aggregate,5,1.0,2024-01-01 00:48:40,2024-01-01 00:55:40,0.12,0.14444444444444443,,12.5,1.238095238095238,0.14444444444444443,0.0,False,22,3,2,True,False,terminal,rms_kurt,load_pipeline (invariant)
Ferrara,E4,42,Hotelling T²,hotelling_t2,aggregate,5,1.0,2024-01-01 00:48:40,2024-01-01 00:55:40,0.12,0.37777777777777777,,62.5,3.238095238095238,0.0,100.0,False,22,3,2,True,False,terminal,rms_kurt,load_pipeline (invariant)
Ferrara,E4,42,Isolation Forest,isolation_forest,aggregate,5,1.0,2024-01-01 00:48:40,2024-01-01 00:55:40,0.12,0.14444444444444443,,12.5,1.238095238095238,0.14444444444444443,0.0,False,22,3,2,True,False,terminal,rms_kurt,load_pipeline (invariant)
Ferrara,E4,42,Deep SVDD,deep_svdd,aggregate,5,1.0,2024-01-01 00:48:40,2024-01-01 00:55:40,0.12,0.0,,0.0,0.0,0.0,0.0,False,22,3,2,True,False,terminal,rms_kurt,load_pipeline (invariant)
Ferrara,E4,42,LSTM-Autoencoder,lstm_ae,aggregate,5,1.0,2024-01-01 00:48:40,2024-01-01 00:55:40,0.12,,,,,,,False,22,3,2,True,False,terminal,rms_kurt,load_pipeline (invariant)
Ferrara,E4,42,TCN-Autoencoder,tcn,aggregate,5,1.0,2024-01-01 00:48:40,2024-01-01 00:55:40,0.12,,,,,,,False,22,3,2,True,False,terminal,rms_kurt,load_pipeline (invariant)
Ferrara,E4,42,Transformer-AD,transformer_ad,aggregate,5,1.0,2024-01-01 00:48:40,2024-01-01 00:55:40,0.12,,,,,,,False,22,3,2,True,False,terminal,rms_kurt,load_pipeline (invariant)
Ferrara,E4,42,RMS-Trend (kσ),rms_trend,aggregate,10,1.0,2024-01-01 00:48:40,2024-01-01 00:55:40,0.12,0.06111111111111111,0.05555555555555555,0.0,0.5238095238095238,0.06111111111111111,0.0,True,22,3,1,True,False,terminal,rms_kurt,load_pipeline (invariant)
Ferrara,E4,42,3σ Rule (σ=3.0),three_sigma,aggregate,10,1.0,2024-01-01 00:48:40,2024-01-01 00:55:40,0.12,0.14444444444444443,,12.5,1.238095238095238,0.14444444444444443,0.0,False,22,3,1,True,False,terminal,rms_kurt,load_pipeline (invariant)
Ferrara,E4,42,"EWMA (λ=0.2, k=3.0)",ewma,aggregate,10,1.0,2024-01-01 00:48:40,2024-01-01 00:55:40,0.12,0.14444444444444443,,12.5,1.238095238095238,0.14444444444444443,0.0,False,22,3,1,True,False,terminal,rms_kurt,load_pipeline (invariant)
Ferrara,E4,42,"CUSUM (k=0.5, h=5.0)",cusum,aggregate,10,1.0,2024-01-01 00:48:40,2024-01-01 00:55:40,0.12,0.14444444444444443,,12.5,1.238095238095238,0.14444444444444443,0.0,False,22,3,1,True,False,terminal,rms_kurt,load_pipeline (invariant)
Ferrara,E4,42,Hotelling T²,hotelling_t2,aggregate,10,1.0,2024-01-01 00:48:40,2024-01-01 00:55:40,0.12,0.37777777777777777,,62.5,3.238095238095238,0.0,100.0,False,22,3,1,True,False,terminal,rms_kurt,load_pipeline (invariant)
Ferrara,E4,42,Isolation Forest,isolation_forest,aggregate,10,1.0,2024-01-01 00:48:40,2024-01-01 00:55:40,0.12,0.14444444444444443,,12.5,1.238095238095238,0.14444444444444443,0.0,False,22,3,1,True,False,terminal,rms_kurt,load_pipeline (invariant)
Ferrara,E4,42,Deep SVDD,deep_svdd,aggregate,10,1.0,2024-01-01 00:48:40,2024-01-01 00:55:40,0.12,0.027777777777777776,0.08888888888888889,0.0,0.23809523809523808,0.027777777777777776,0.0,True,22,3,1,True,False,terminal,rms_kurt,load_pipeline (invariant)
Ferrara,E4,42,LSTM-Autoencoder,lstm_ae,aggregate,10,1.0,2024-01-01 00:48:40,2024-01-01 00:55:40,0.12,,,,,,,False,22,3,1,True,False,terminal,rms_kurt,load_pipeline (invariant)
Ferrara,E4,42,TCN-Autoencoder,tcn,aggregate,10,1.0,2024-01-01 00:48:40,2024-01-01 00:55:40,0.12,,,,,,,False,22,3,1,True,False,terminal,rms_kurt,load_pipeline (invariant)
Ferrara,E4,42,Transformer-AD,transformer_ad,aggregate,10,1.0,2024-01-01 00:48:40,2024-01-01 00:55:40,0.12,,,,,,,False,22,3,1,True,False,terminal,rms_kurt,load_pipeline (invariant)
Ferrara,E4,42,RMS-Trend (kσ),rms_trend,aggregate,20,2.0,2024-01-01 00:48:40,2024-01-01 00:55:40,0.12,0.09444444444444444,0.022222222222222223,0.0,0.8095238095238095,0.09444444444444444,0.0,True,11,3,1,True,False,terminal,rms_kurt,load_pipeline (invariant)
Ferrara,E4,42,3σ Rule (σ=3.0),three_sigma,aggregate,20,2.0,2024-01-01 00:48:40,2024-01-01 00:55:40,0.12,0.16111111111111112,,22.22222222222222,1.380952380952381,0.16111111111111112,0.0,False,11,3,1,True,False,terminal,rms_kurt,load_pipeline (invariant)
Ferrara,E4,42,"EWMA (λ=0.2, k=3.0)",ewma,aggregate,20,2.0,2024-01-01 00:48:40,2024-01-01 00:55:40,0.12,0.16111111111111112,,22.22222222222222,1.380952380952381,0.16111111111111112,0.0,False,11,3,1,True,False,terminal,rms_kurt,load_pipeline (invariant)
Ferrara,E4,42,"CUSUM (k=0.5, h=5.0)",cusum,aggregate,20,2.0,2024-01-01 00:48:40,2024-01-01 00:55:40,0.12,0.16111111111111112,,22.22222222222222,1.380952380952381,0.16111111111111112,0.0,False,11,3,1,True,False,terminal,rms_kurt,load_pipeline (invariant)
Ferrara,E4,42,Hotelling T²,hotelling_t2,aggregate,20,2.0,2024-01-01 00:48:40,2024-01-01 00:55:40,0.12,0.39444444444444443,,100.0,3.380952380952381,0.0,100.0,False,11,3,1,True,False,terminal,rms_kurt,load_pipeline (invariant)
Ferrara,E4,42,Isolation Forest,isolation_forest,aggregate,20,2.0,2024-01-01 00:48:40,2024-01-01 00:55:40,0.12,0.0,,0.0,0.0,0.0,0.0,False,11,3,1,True,False,terminal,rms_kurt,load_pipeline (invariant)
Ferrara,E4,42,Deep SVDD,deep_svdd,aggregate,20,2.0,2024-01-01 00:48:40,2024-01-01 00:55:40,0.12,0.06111111111111111,0.05555555555555555,0.0,0.5238095238095238,0.06111111111111111,0.0,True,11,3,1,True,False,terminal,rms_kurt,load_pipeline (invariant)
Ferrara,E4,42,LSTM-Autoencoder,lstm_ae,aggregate,20,2.0,2024-01-01 00:48:40,2024-01-01 00:55:40,0.12,,,,,,,False,11,3,1,True,False,terminal,rms_kurt,load_pipeline (invariant)
Ferrara,E4,42,TCN-Autoencoder,tcn,aggregate,20,2.0,2024-01-01 00:48:40,2024-01-01 00:55:40,0.12,,,,,,,False,11,3,1,True,False,terminal,rms_kurt,load_pipeline (invariant)
Ferrara,E4,42,Transformer-AD,transformer_ad,aggregate,20,2.0,2024-01-01 00:48:40,2024-01-01 00:55:40,0.12,,,,,,,False,11,3,1,True,False,terminal,rms_kurt,load_pipeline (invariant)
Ferrara,E4,42,RMS-Trend (kσ),rms_trend,decimate,1,0.08,2024-01-01 00:48:40,2024-01-01 00:55:40,0.12,0.0,,0.0,0.0,0.0,0.0,False,53,10,3,False,False,terminal,rms_kurt,load_pipeline (invariant)
Ferrara,E4,42,3σ Rule (σ=3.0),three_sigma,decimate,1,0.08,2024-01-01 00:48:40,2024-01-01 00:55:40,0.12,0.12222222222222222,,2.7027027027027026,1.0476190476190477,0.12222222222222222,0.0,True,53,10,3,False,False,terminal,rms_kurt,load_pipeline (invariant)
Ferrara,E4,42,"EWMA (λ=0.2, k=3.0)",ewma,decimate,1,0.08,2024-01-01 00:48:40,2024-01-01 00:55:40,0.12,0.12222222222222222,,2.7027027027027026,1.0476190476190477,0.12222222222222222,0.0,True,53,10,3,False,False,terminal,rms_kurt,load_pipeline (invariant)
Ferrara,E4,42,"CUSUM (k=0.5, h=5.0)",cusum,decimate,1,0.08,2024-01-01 00:48:40,2024-01-01 00:55:40,0.12,0.12222222222222222,,2.7027027027027026,1.0476190476190477,0.12222222222222222,0.0,True,53,10,3,False,False,terminal,rms_kurt,load_pipeline (invariant)
Ferrara,E4,42,Hotelling T²,hotelling_t2,decimate,1,0.08,2024-01-01 00:48:40,2024-01-01 00:55:40,0.12,0.12222222222222222,,2.7027027027027026,1.0476190476190477,0.12222222222222222,0.0,True,53,10,3,False,False,terminal,rms_kurt,load_pipeline (invariant)
Ferrara,E4,42,Isolation Forest,isolation_forest,decimate,1,0.08,2024-01-01 00:48:40,2024-01-01 00:55:40,0.12,0.12222222222222222,,2.7027027027027026,1.0476190476190477,0.12222222222222222,0.0,True,53,10,3,False,False,terminal,rms_kurt,load_pipeline (invariant)
Ferrara,E4,42,Deep SVDD,deep_svdd,decimate,1,0.08,2024-01-01 00:48:40,2024-01-01 00:55:40,0.12,0.0,,0.0,0.0,0.0,0.0,False,53,10,3,False,False,terminal,rms_kurt,load_pipeline (invariant)
Ferrara,E4,42,LSTM-Autoencoder,lstm_ae,decimate,1,0.08,2024-01-01 00:48:40,2024-01-01 00:55:40,0.12,0.12222222222222222,,2.7027027027027026,1.0476190476190477,0.12222222222222222,0.0,True,53,10,3,False,False,terminal,rms_kurt,load_pipeline (invariant)
Ferrara,E4,42,TCN-Autoencoder,tcn,decimate,1,0.08,2024-01-01 00:48:40,2024-01-01 00:55:40,0.12,0.12222222222222222,,2.7027027027027026,1.0476190476190477,0.12222222222222222,0.0,True,53,10,3,False,False,terminal,rms_kurt,load_pipeline (invariant)
Ferrara,E4,42,Transformer-AD,transformer_ad,decimate,1,0.08,2024-01-01 00:48:40,2024-01-01 00:55:40,0.12,0.12222222222222222,,2.7027027027027026,1.0476190476190477,0.12222222222222222,0.0,True,53,10,3,False,False,terminal,rms_kurt,load_pipeline (invariant)
Ferrara,E4,42,RMS-Trend (kσ),rms_trend,decimate,2,0.17,2024-01-01 00:48:40,2024-01-01 00:55:40,0.12,0.0,,0.0,0.0,0.0,0.0,False,67,5,4,False,False,terminal,rms_kurt,load_pipeline (invariant)
Ferrara,E4,42,3σ Rule (σ=3.0),three_sigma,decimate,2,0.17,2024-01-01 00:48:40,2024-01-01 00:55:40,0.12,0.12222222222222222,,2.1739130434782608,1.0476190476190477,0.12222222222222222,0.0,True,67,5,4,False,False,terminal,rms_kurt,load_pipeline (invariant)
Ferrara,E4,42,"EWMA (λ=0.2, k=3.0)",ewma,decimate,2,0.17,2024-01-01 00:48:40,2024-01-01 00:55:40,0.12,0.12222222222222222,,2.1739130434782608,1.0476190476190477,0.12222222222222222,0.0,True,67,5,4,False,False,terminal,rms_kurt,load_pipeline (invariant)
Ferrara,E4,42,"CUSUM (k=0.5, h=5.0)",cusum,decimate,2,0.17,2024-01-01 00:48:40,2024-01-01 00:55:40,0.12,0.12222222222222222,,2.1739130434782608,1.0476190476190477,0.12222222222222222,0.0,True,67,5,4,False,False,terminal,rms_kurt,load_pipeline (invariant)
Ferrara,E4,42,Hotelling T²,hotelling_t2,decimate,2,0.17,2024-01-01 00:48:40,2024-01-01 00:55:40,0.12,0.12222222222222222,,2.1739130434782608,1.0476190476190477,0.12222222222222222,0.0,True,67,5,4,False,False,terminal,rms_kurt,load_pipeline (invariant)
Ferrara,E4,42,Isolation Forest,isolation_forest,decimate,2,0.17,2024-01-01 00:48:40,2024-01-01 00:55:40,0.12,0.12222222222222222,,2.1739130434782608,1.0476190476190477,0.12222222222222222,0.0,True,67,5,4,False,False,terminal,rms_kurt,load_pipeline (invariant)
Ferrara,E4,42,Deep SVDD,deep_svdd,decimate,2,0.17,2024-01-01 00:48:40,2024-01-01 00:55:40,0.12,0.0,,0.0,0.0,0.0,0.0,False,67,5,4,False,False,terminal,rms_kurt,load_pipeline (invariant)
Ferrara,E4,42,LSTM-Autoencoder,lstm_ae,decimate,2,0.17,2024-01-01 00:48:40,2024-01-01 00:55:40,0.12,0.12222222222222222,,2.1739130434782608,1.0476190476190477,0.12222222222222222,0.0,True,67,5,4,False,False,terminal,rms_kurt,load_pipeline (invariant)
Ferrara,E4,42,TCN-Autoencoder,tcn,decimate,2,0.17,2024-01-01 00:48:40,2024-01-01 00:55:40,0.12,0.12222222222222222,,2.1739130434782608,1.0476190476190477,0.12222222222222222,0.0,True,67,5,4,False,False,terminal,rms_kurt,load_pipeline (invariant)
Ferrara,E4,42,Transformer-AD,transformer_ad,decimate,2,0.17,2024-01-01 00:48:40,2024-01-01 00:55:40,0.12,0.12222222222222222,,2.1739130434782608,1.0476190476190477,0.12222222222222222,0.0,True,67,5,4,False,False,terminal,rms_kurt,load_pipeline (invariant)
Ferrara,E4,42,RMS-Trend (kσ),rms_trend,decimate,5,0.42,2024-01-01 00:48:40,2024-01-01 00:55:40,0.12,0.0,,0.0,0.0,0.0,0.0,False,53,3,2,True,False,terminal,rms_kurt,load_pipeline (invariant)
Ferrara,E4,42,3σ Rule (σ=3.0),three_sigma,decimate,5,0.42,2024-01-01 00:48:40,2024-01-01 00:55:40,0.12,0.12222222222222222,,2.7027027027027026,1.0476190476190477,0.12222222222222222,0.0,True,53,3,2,True,False,terminal,rms_kurt,load_pipeline (invariant)
Ferrara,E4,42,"EWMA (λ=0.2, k=3.0)",ewma,decimate,5,0.42,2024-01-01 00:48:40,2024-01-01 00:55:40,0.12,0.12222222222222222,,2.7027027027027026,1.0476190476190477,0.12222222222222222,0.0,True,53,3,2,True,False,terminal,rms_kurt,load_pipeline (invariant)
Ferrara,E4,42,"CUSUM (k=0.5, h=5.0)",cusum,decimate,5,0.42,2024-01-01 00:48:40,2024-01-01 00:55:40,0.12,0.12222222222222222,,2.7027027027027026,1.0476190476190477,0.12222222222222222,0.0,True,53,3,2,True,False,terminal,rms_kurt,load_pipeline (invariant)
Ferrara,E4,42,Hotelling T²,hotelling_t2,decimate,5,0.42,2024-01-01 00:48:40,2024-01-01 00:55:40,0.12,0.37222222222222223,,10.81081081081081,3.1904761904761907,0.0,100.0,False,53,3,2,True,False,terminal,rms_kurt,load_pipeline (invariant)
Ferrara,E4,42,Isolation Forest,isolation_forest,decimate,5,0.42,2024-01-01 00:48:40,2024-01-01 00:55:40,0.12,0.12222222222222222,,2.7027027027027026,1.0476190476190477,0.12222222222222222,0.0,True,53,3,2,True,False,terminal,rms_kurt,load_pipeline (invariant)
Ferrara,E4,42,Deep SVDD,deep_svdd,decimate,5,0.42,2024-01-01 00:48:40,2024-01-01 00:55:40,0.12,0.0,,0.0,0.0,0.0,0.0,False,53,3,2,True,False,terminal,rms_kurt,load_pipeline (invariant)
Ferrara,E4,42,LSTM-Autoencoder,lstm_ae,decimate,5,0.42,2024-01-01 00:48:40,2024-01-01 00:55:40,0.12,0.12222222222222222,,2.7027027027027026,1.0476190476190477,0.12222222222222222,0.0,True,53,3,2,True,False,terminal,rms_kurt,load_pipeline (invariant)
Ferrara,E4,42,TCN-Autoencoder,tcn,decimate,5,0.42,2024-01-01 00:48:40,2024-01-01 00:55:40,0.12,0.12222222222222222,,2.7027027027027026,1.0476190476190477,0.12222222222222222,0.0,True,53,3,2,True,False,terminal,rms_kurt,load_pipeline (invariant)
Ferrara,E4,42,Transformer-AD,transformer_ad,decimate,5,0.42,2024-01-01 00:48:40,2024-01-01 00:55:40,0.12,0.12222222222222222,,2.7027027027027026,1.0476190476190477,0.12222222222222222,0.0,True,53,3,2,True,False,terminal,rms_kurt,load_pipeline (invariant)
Ferrara,E4,42,RMS-Trend (kσ),rms_trend,decimate,10,0.83,2024-01-01 00:48:40,2024-01-01 00:55:40,0.12,0.05277777777777778,0.06388888888888888,0.0,0.4523809523809524,0.05277777777777778,0.0,True,26,3,1,True,False,terminal,rms_kurt,load_pipeline (invariant)
Ferrara,E4,42,3σ Rule (σ=3.0),three_sigma,decimate,10,0.83,2024-01-01 00:48:40,2024-01-01 00:55:40,0.12,0.12222222222222222,,5.263157894736842,1.0476190476190477,0.12222222222222222,0.0,True,26,3,1,True,False,terminal,rms_kurt,load_pipeline (invariant)
Ferrara,E4,42,"EWMA (λ=0.2, k=3.0)",ewma,decimate,10,0.83,2024-01-01 00:48:40,2024-01-01 00:55:40,0.12,0.12222222222222222,,5.263157894736842,1.0476190476190477,0.12222222222222222,0.0,True,26,3,1,True,False,terminal,rms_kurt,load_pipeline (invariant)
Ferrara,E4,42,"CUSUM (k=0.5, h=5.0)",cusum,decimate,10,0.83,2024-01-01 00:48:40,2024-01-01 00:55:40,0.12,0.12222222222222222,,5.263157894736842,1.0476190476190477,0.12222222222222222,0.0,True,26,3,1,True,False,terminal,rms_kurt,load_pipeline (invariant)
Ferrara,E4,42,Hotelling T²,hotelling_t2,decimate,10,0.83,2024-01-01 00:48:40,2024-01-01 00:55:40,0.12,0.28888888888888886,,21.052631578947366,2.476190476190476,0.28888888888888886,0.0,False,26,3,1,True,False,terminal,rms_kurt,load_pipeline (invariant)
Ferrara,E4,42,Isolation Forest,isolation_forest,decimate,10,0.83,2024-01-01 00:48:40,2024-01-01 00:55:40,0.12,0.12222222222222222,,5.263157894736842,1.0476190476190477,0.12222222222222222,0.0,True,26,3,1,True,False,terminal,rms_kurt,load_pipeline (invariant)
Ferrara,E4,42,Deep SVDD,deep_svdd,decimate,10,0.83,2024-01-01 00:48:40,2024-01-01 00:55:40,0.12,0.05277777777777778,0.06388888888888888,0.0,0.4523809523809524,0.05277777777777778,0.0,True,26,3,1,True,False,terminal,rms_kurt,load_pipeline (invariant)
Ferrara,E4,42,LSTM-Autoencoder,lstm_ae,decimate,10,0.83,2024-01-01 00:48:40,2024-01-01 00:55:40,0.12,,,,,,,False,26,3,1,True,False,terminal,rms_kurt,load_pipeline (invariant)
Ferrara,E4,42,TCN-Autoencoder,tcn,decimate,10,0.83,2024-01-01 00:48:40,2024-01-01 00:55:40,0.12,,,,,,,False,26,3,1,True,False,terminal,rms_kurt,load_pipeline (invariant)
Ferrara,E4,42,Transformer-AD,transformer_ad,decimate,10,0.83,2024-01-01 00:48:40,2024-01-01 00:55:40,0.12,,,,,,,False,26,3,1,True,False,terminal,rms_kurt,load_pipeline (invariant)
Ferrara,E4,42,RMS-Trend (kσ),rms_trend,decimate,20,1.67,2024-01-01 00:48:40,2024-01-01 00:55:40,0.12,0.06666666666666667,0.05,0.0,0.5714285714285714,0.06666666666666667,0.0,True,13,3,1,True,False,terminal,rms_kurt,load_pipeline (invariant)
Ferrara,E4,42,3σ Rule (σ=3.0),three_sigma,decimate,20,1.67,2024-01-01 00:48:40,2024-01-01 00:55:40,0.12,0.12222222222222222,,10.0,1.0476190476190477,0.12222222222222222,0.0,True,13,3,1,True,False,terminal,rms_kurt,load_pipeline (invariant)
Ferrara,E4,42,"EWMA (λ=0.2, k=3.0)",ewma,decimate,20,1.67,2024-01-01 00:48:40,2024-01-01 00:55:40,0.12,0.2611111111111111,,60.0,2.238095238095238,0.2611111111111111,0.0,False,13,3,1,True,False,terminal,rms_kurt,load_pipeline (invariant)
Ferrara,E4,42,"CUSUM (k=0.5, h=5.0)",cusum,decimate,20,1.67,2024-01-01 00:48:40,2024-01-01 00:55:40,0.12,0.2611111111111111,,60.0,2.238095238095238,0.2611111111111111,0.0,False,13,3,1,True,False,terminal,rms_kurt,load_pipeline (invariant)
Ferrara,E4,42,Hotelling T²,hotelling_t2,decimate,20,1.67,2024-01-01 00:48:40,2024-01-01 00:55:40,0.12,0.37222222222222223,,80.0,3.1904761904761907,0.0,100.0,False,13,3,1,True,False,terminal,rms_kurt,load_pipeline (invariant)
Ferrara,E4,42,Isolation Forest,isolation_forest,decimate,20,1.67,2024-01-01 00:48:40,2024-01-01 00:55:40,0.12,0.09444444444444444,0.022222222222222223,0.0,0.8095238095238095,0.09444444444444444,0.0,True,13,3,1,True,False,terminal,rms_kurt,load_pipeline (invariant)
Ferrara,E4,42,Deep SVDD,deep_svdd,decimate,20,1.67,2024-01-01 00:48:40,2024-01-01 00:55:40,0.12,0.06666666666666667,0.05,0.0,0.5714285714285714,0.06666666666666667,0.0,True,13,3,1,True,False,terminal,rms_kurt,load_pipeline (invariant)
Ferrara,E4,42,LSTM-Autoencoder,lstm_ae,decimate,20,1.67,2024-01-01 00:48:40,2024-01-01 00:55:40,0.12,,,,,,,False,13,3,1,True,False,terminal,rms_kurt,load_pipeline (invariant)
Ferrara,E4,42,TCN-Autoencoder,tcn,decimate,20,1.67,2024-01-01 00:48:40,2024-01-01 00:55:40,0.12,,,,,,,False,13,3,1,True,False,terminal,rms_kurt,load_pipeline (invariant)
Ferrara,E4,42,Transformer-AD,transformer_ad,decimate,20,1.67,2024-01-01 00:48:40,2024-01-01 00:55:40,0.12,,,,,,,False,13,3,1,True,False,terminal,rms_kurt,load_pipeline (invariant)
Ferrara,E5,42,RMS-Trend (kσ),rms_trend,aggregate,1,0.08,2024-01-01 02:17:30,2024-01-01 02:23:20,0.1,0.09027777777777778,0.006944444444444444,0.0,0.9285714285714285,0.09027777777777778,0.0,True,138,10,3,False,False,terminal,rms_kurt,load_pipeline (invariant)
Ferrara,E5,42,3σ Rule (σ=3.0),three_sigma,aggregate,1,0.08,2024-01-01 02:17:30,2024-01-01 02:23:20,0.1,0.09722222222222222,0.0,0.0,1.0,0.09722222222222222,0.0,True,138,10,3,False,False,terminal,rms_kurt,load_pipeline (invariant)
Ferrara,E5,42,"EWMA (λ=0.2, k=3.0)",ewma,aggregate,1,0.08,2024-01-01 02:17:30,2024-01-01 02:23:20,0.1,0.09722222222222222,0.0,0.0,1.0,0.09722222222222222,0.0,True,138,10,3,False,False,terminal,rms_kurt,load_pipeline (invariant)
Ferrara,E5,42,"CUSUM (k=0.5, h=5.0)",cusum,aggregate,1,0.08,2024-01-01 02:17:30,2024-01-01 02:23:20,0.1,0.09722222222222222,0.0,0.0,1.0,0.09722222222222222,0.0,True,138,10,3,False,False,terminal,rms_kurt,load_pipeline (invariant)
Ferrara,E5,42,Hotelling T²,hotelling_t2,aggregate,1,0.08,2024-01-01 02:17:30,2024-01-01 02:23:20,0.1,0.09722222222222222,0.0,0.0,1.0,0.09722222222222222,0.0,True,138,10,3,False,False,terminal,rms_kurt,load_pipeline (invariant)
Ferrara,E5,42,Isolation Forest,isolation_forest,aggregate,1,0.08,2024-01-01 02:17:30,2024-01-01 02:23:20,0.1,0.09722222222222222,0.0,0.0,1.0,0.09722222222222222,0.0,True,138,10,3,False,False,terminal,rms_kurt,load_pipeline (invariant)
Ferrara,E5,42,Deep SVDD,deep_svdd,aggregate,1,0.08,2024-01-01 02:17:30,2024-01-01 02:23:20,0.1,0.0,,0.0,0.0,0.0,0.0,False,138,10,3,False,False,terminal,rms_kurt,load_pipeline (invariant)
Ferrara,E5,42,LSTM-Autoencoder,lstm_ae,aggregate,1,0.08,2024-01-01 02:17:30,2024-01-01 02:23:20,0.1,0.7569444444444444,,53.2258064516129,7.785714285714286,0.7569444444444444,0.0,False,138,10,3,False,False,terminal,rms_kurt,load_pipeline (invariant)
Ferrara,E5,42,TCN-Autoencoder,tcn,aggregate,1,0.08,2024-01-01 02:17:30,2024-01-01 02:23:20,0.1,0.7569444444444444,,60.483870967741936,7.785714285714286,0.7569444444444444,0.0,False,138,10,3,False,False,terminal,rms_kurt,load_pipeline (invariant)
Ferrara,E5,42,Transformer-AD,transformer_ad,aggregate,1,0.08,2024-01-01 02:17:30,2024-01-01 02:23:20,0.1,0.7430555555555556,,30.64516129032258,7.642857142857143,0.7430555555555556,0.0,False,138,10,3,False,False,terminal,rms_kurt,load_pipeline (invariant)
Ferrara,E5,42,RMS-Trend (kσ),rms_trend,aggregate,2,1.0,2024-01-01 02:17:30,2024-01-01 02:23:20,0.1,0.0,,0.0,0.0,0.0,0.0,False,28,5,4,False,False,terminal,rms_kurt,load_pipeline (invariant)
Ferrara,E5,42,3σ Rule (σ=3.0),three_sigma,aggregate,2,1.0,2024-01-01 02:17:30,2024-01-01 02:23:20,0.1,0.0,,0.0,0.0,0.0,0.0,False,28,5,4,False,False,terminal,rms_kurt,load_pipeline (invariant)
Ferrara,E5,42,"EWMA (λ=0.2, k=3.0)",ewma,aggregate,2,1.0,2024-01-01 02:17:30,2024-01-01 02:23:20,0.1,0.4888888888888889,,15.384615384615385,5.0285714285714285,0.4888888888888889,0.0,False,28,5,4,False,False,terminal,rms_kurt,load_pipeline (invariant)
Ferrara,E5,42,"CUSUM (k=0.5, h=5.0)",cusum,aggregate,2,1.0,2024-01-01 02:17:30,2024-01-01 02:23:20,0.1,0.4888888888888889,,46.15384615384615,5.0285714285714285,0.4888888888888889,0.0,False,28,5,4,False,False,terminal,rms_kurt,load_pipeline (invariant)
Ferrara,E5,42,Hotelling T²,hotelling_t2,aggregate,2,1.0,2024-01-01 02:17:30,2024-01-01 02:23:20,0.1,0.5888888888888889,,38.46153846153847,6.057142857142857,0.5888888888888889,0.0,False,28,5,4,False,False,terminal,rms_kurt,load_pipeline (invariant)
Ferrara,E5,42,Isolation Forest,isolation_forest,aggregate,2,1.0,2024-01-01 02:17:30,2024-01-01 02:23:20,0.1,0.0,,0.0,0.0,0.0,0.0,False,28,5,4,False,False,terminal,rms_kurt,load_pipeline (invariant)
Ferrara,E5,42,Deep SVDD,deep_svdd,aggregate,2,1.0,2024-01-01 02:17:30,2024-01-01 02:23:20,0.1,0.0,,0.0,0.0,0.0,0.0,False,28,5,4,False,False,terminal,rms_kurt,load_pipeline (invariant)
Ferrara,E5,42,LSTM-Autoencoder,lstm_ae,aggregate,2,1.0,2024-01-01 02:17:30,2024-01-01 02:23:20,0.1,,,,,,,False,28,5,4,False,False,terminal,rms_kurt,load_pipeline (invariant)
Ferrara,E5,42,TCN-Autoencoder,tcn,aggregate,2,1.0,2024-01-01 02:17:30,2024-01-01 02:23:20,0.1,,,,,,,False,28,5,4,False,False,terminal,rms_kurt,load_pipeline (invariant)
Ferrara,E5,42,Transformer-AD,transformer_ad,aggregate,2,1.0,2024-01-01 02:17:30,2024-01-01 02:23:20,0.1,,,,,,,False,28,5,4,False,False,terminal,rms_kurt,load_pipeline (invariant)
Ferrara,E5,42,RMS-Trend (kσ),rms_trend,aggregate,5,1.0,2024-01-01 02:17:30,2024-01-01 02:23:20,0.1,0.10555555555555556,,1.9230769230769231,1.0857142857142856,0.10555555555555556,0.0,True,57,3,2,True,False,terminal,rms_kurt,load_pipeline (invariant)
Ferrara,E5,42,3σ Rule (σ=3.0),three_sigma,aggregate,5,1.0,2024-01-01 02:17:30,2024-01-01 02:23:20,0.1,0.5055555555555555,,7.6923076923076925,5.199999999999999,0.5055555555555555,0.0,True,57,3,2,True,False,terminal,rms_kurt,load_pipeline (invariant)
Ferrara,E5,42,"EWMA (λ=0.2, k=3.0)",ewma,aggregate,5,1.0,2024-01-01 02:17:30,2024-01-01 02:23:20,0.1,0.12222222222222222,,3.8461538461538463,1.2571428571428571,0.12222222222222222,0.0,True,57,3,2,True,False,terminal,rms_kurt,load_pipeline (invariant)
Ferrara,E5,42,"CUSUM (k=0.5, h=5.0)",cusum,aggregate,5,1.0,2024-01-01 02:17:30,2024-01-01 02:23:20,0.1,0.12222222222222222,,3.8461538461538463,1.2571428571428571,0.12222222222222222,0.0,True,57,3,2,True,False,terminal,rms_kurt,load_pipeline (invariant)
Ferrara,E5,42,Hotelling T²,hotelling_t2,aggregate,5,1.0,2024-01-01 02:17:30,2024-01-01 02:23:20,0.1,0.9222222222222223,,19.230769230769234,9.485714285714286,0.0,33.33333333333333,False,57,3,2,True,False,terminal,rms_kurt,load_pipeline (invariant)
Ferrara,E5,42,Isolation Forest,isolation_forest,aggregate,5,1.0,2024-01-01 02:17:30,2024-01-01 02:23:20,0.1,0.12222222222222222,,3.8461538461538463,1.2571428571428571,0.12222222222222222,0.0,True,57,3,2,True,False,terminal,rms_kurt,load_pipeline (invariant)
Ferrara,E5,42,Deep SVDD,deep_svdd,aggregate,5,1.0,2024-01-01 02:17:30,2024-01-01 02:23:20,0.1,0.0,,0.0,0.0,0.0,0.0,False,57,3,2,True,False,terminal,rms_kurt,load_pipeline (invariant)
Ferrara,E5,42,LSTM-Autoencoder,lstm_ae,aggregate,5,1.0,2024-01-01 02:17:30,2024-01-01 02:23:20,0.1,0.9555555555555556,,100.0,9.82857142857143,0.0,100.0,False,57,3,2,True,False,terminal,rms_kurt,load_pipeline (invariant)
Ferrara,E5,42,TCN-Autoencoder,tcn,aggregate,5,1.0,2024-01-01 02:17:30,2024-01-01 02:23:20,0.1,0.9555555555555556,,100.0,9.82857142857143,0.0,100.0,False,57,3,2,True,False,terminal,rms_kurt,load_pipeline (invariant)
Ferrara,E5,42,Transformer-AD,transformer_ad,aggregate,5,1.0,2024-01-01 02:17:30,2024-01-01 02:23:20,0.1,0.9555555555555556,,100.0,9.82857142857143,0.0,100.0,False,57,3,2,True,False,terminal,rms_kurt,load_pipeline (invariant)
Ferrara,E5,42,RMS-Trend (kσ),rms_trend,aggregate,10,1.0,2024-01-01 02:17:30,2024-01-01 02:23:20,0.1,0.10555555555555556,,1.9230769230769231,1.0857142857142856,0.10555555555555556,0.0,True,57,3,1,True,False,terminal,rms_kurt,load_pipeline (invariant)
Ferrara,E5,42,3σ Rule (σ=3.0),three_sigma,aggregate,10,1.0,2024-01-01 02:17:30,2024-01-01 02:23:20,0.1,0.5055555555555555,,7.6923076923076925,5.199999999999999,0.5055555555555555,0.0,True,57,3,1,True,False,terminal,rms_kurt,load_pipeline (invariant)
Ferrara,E5,42,"EWMA (λ=0.2, k=3.0)",ewma,aggregate,10,1.0,2024-01-01 02:17:30,2024-01-01 02:23:20,0.1,0.12222222222222222,,3.8461538461538463,1.2571428571428571,0.12222222222222222,0.0,True,57,3,1,True,False,terminal,rms_kurt,load_pipeline (invariant)
Ferrara,E5,42,"CUSUM (k=0.5, h=5.0)",cusum,aggregate,10,1.0,2024-01-01 02:17:30,2024-01-01 02:23:20,0.1,0.12222222222222222,,3.8461538461538463,1.2571428571428571,0.12222222222222222,0.0,True,57,3,1,True,False,terminal,rms_kurt,load_pipeline (invariant)
Ferrara,E5,42,Hotelling T²,hotelling_t2,aggregate,10,1.0,2024-01-01 02:17:30,2024-01-01 02:23:20,0.1,0.9222222222222223,,23.076923076923077,9.485714285714286,0.0,33.33333333333333,False,57,3,1,True,False,terminal,rms_kurt,load_pipeline (invariant)
Ferrara,E5,42,Isolation Forest,isolation_forest,aggregate,10,1.0,2024-01-01 02:17:30,2024-01-01 02:23:20,0.1,0.12222222222222222,,3.8461538461538463,1.2571428571428571,0.12222222222222222,0.0,True,57,3,1,True,False,terminal,rms_kurt,load_pipeline (invariant)
Ferrara,E5,42,Deep SVDD,deep_svdd,aggregate,10,1.0,2024-01-01 02:17:30,2024-01-01 02:23:20,0.1,0.10555555555555556,,1.9230769230769231,1.0857142857142856,0.10555555555555556,0.0,True,57,3,1,True,False,terminal,rms_kurt,load_pipeline (invariant)
Ferrara,E5,42,LSTM-Autoencoder,lstm_ae,aggregate,10,1.0,2024-01-01 02:17:30,2024-01-01 02:23:20,0.1,0.9555555555555556,,100.0,9.82857142857143,0.0,100.0,False,57,3,1,True,False,terminal,rms_kurt,load_pipeline (invariant)
Ferrara,E5,42,TCN-Autoencoder,tcn,aggregate,10,1.0,2024-01-01 02:17:30,2024-01-01 02:23:20,0.1,0.9555555555555556,,100.0,9.82857142857143,0.0,100.0,False,57,3,1,True,False,terminal,rms_kurt,load_pipeline (invariant)
Ferrara,E5,42,Transformer-AD,transformer_ad,aggregate,10,1.0,2024-01-01 02:17:30,2024-01-01 02:23:20,0.1,0.9555555555555556,,100.0,9.82857142857143,0.0,100.0,False,57,3,1,True,False,terminal,rms_kurt,load_pipeline (invariant)
Ferrara,E5,42,RMS-Trend (kσ),rms_trend,aggregate,20,2.0,2024-01-01 02:17:30,2024-01-01 02:23:20,0.1,0.12222222222222222,,3.8461538461538463,1.2571428571428571,0.12222222222222222,0.0,True,28,3,1,True,False,terminal,rms_kurt,load_pipeline (invariant)
Ferrara,E5,42,3σ Rule (σ=3.0),three_sigma,aggregate,20,2.0,2024-01-01 02:17:30,2024-01-01 02:23:20,0.1,0.9555555555555556,,23.076923076923077,9.82857142857143,0.0,50.0,False,28,3,1,True,False,terminal,rms_kurt,load_pipeline (invariant)
Ferrara,E5,42,"EWMA (λ=0.2, k=3.0)",ewma,aggregate,20,2.0,2024-01-01 02:17:30,2024-01-01 02:23:20,0.1,0.5222222222222223,,50.0,5.371428571428572,0.5222222222222223,0.0,False,28,3,1,True,False,terminal,rms_kurt,load_pipeline (invariant)
Ferrara,E5,42,"CUSUM (k=0.5, h=5.0)",cusum,aggregate,20,2.0,2024-01-01 02:17:30,2024-01-01 02:23:20,0.1,0.5555555555555556,,53.84615384615385,5.714285714285714,0.5555555555555556,0.0,False,28,3,1,True,False,terminal,rms_kurt,load_pipeline (invariant)
Ferrara,E5,42,Hotelling T²,hotelling_t2,aggregate,20,2.0,2024-01-01 02:17:30,2024-01-01 02:23:20,0.1,0.9555555555555556,,50.0,9.82857142857143,0.0,100.0,False,28,3,1,True,False,terminal,rms_kurt,load_pipeline (invariant)
Ferrara,E5,42,Isolation Forest,isolation_forest,aggregate,20,2.0,2024-01-01 02:17:30,2024-01-01 02:23:20,0.1,0.15555555555555556,,7.6923076923076925,1.6,0.15555555555555556,0.0,True,28,3,1,True,False,terminal,rms_kurt,load_pipeline (invariant)
Ferrara,E5,42,Deep SVDD,deep_svdd,aggregate,20,2.0,2024-01-01 02:17:30,2024-01-01 02:23:20,0.1,0.08888888888888889,0.008333333333333333,0.0,0.9142857142857143,0.08888888888888889,0.0,True,28,3,1,True,False,terminal,rms_kurt,load_pipeline (invariant)
Ferrara,E5,42,LSTM-Autoencoder,lstm_ae,aggregate,20,2.0,2024-01-01 02:17:30,2024-01-01 02:23:20,0.1,,,,,,,False,28,3,1,True,False,terminal,rms_kurt,load_pipeline (invariant)
Ferrara,E5,42,TCN-Autoencoder,tcn,aggregate,20,2.0,2024-01-01 02:17:30,2024-01-01 02:23:20,0.1,,,,,,,False,28,3,1,True,False,terminal,rms_kurt,load_pipeline (invariant)
Ferrara,E5,42,Transformer-AD,transformer_ad,aggregate,20,2.0,2024-01-01 02:17:30,2024-01-01 02:23:20,0.1,,,,,,,False,28,3,1,True,False,terminal,rms_kurt,load_pipeline (invariant)
Ferrara,E5,42,RMS-Trend (kσ),rms_trend,decimate,1,0.08,2024-01-01 02:17:30,2024-01-01 02:23:20,0.1,0.09027777777777778,0.006944444444444444,0.0,0.9285714285714285,0.09027777777777778,0.0,True,138,10,3,False,False,terminal,rms_kurt,load_pipeline (invariant)
Ferrara,E5,42,3σ Rule (σ=3.0),three_sigma,decimate,1,0.08,2024-01-01 02:17:30,2024-01-01 02:23:20,0.1,0.09722222222222222,0.0,0.0,1.0,0.09722222222222222,0.0,True,138,10,3,False,False,terminal,rms_kurt,load_pipeline (invariant)
Ferrara,E5,42,"EWMA (λ=0.2, k=3.0)",ewma,decimate,1,0.08,2024-01-01 02:17:30,2024-01-01 02:23:20,0.1,0.09722222222222222,0.0,0.0,1.0,0.09722222222222222,0.0,True,138,10,3,False,False,terminal,rms_kurt,load_pipeline (invariant)
Ferrara,E5,42,"CUSUM (k=0.5, h=5.0)",cusum,decimate,1,0.08,2024-01-01 02:17:30,2024-01-01 02:23:20,0.1,0.09722222222222222,0.0,0.0,1.0,0.09722222222222222,0.0,True,138,10,3,False,False,terminal,rms_kurt,load_pipeline (invariant)
Ferrara,E5,42,Hotelling T²,hotelling_t2,decimate,1,0.08,2024-01-01 02:17:30,2024-01-01 02:23:20,0.1,0.09722222222222222,0.0,0.0,1.0,0.09722222222222222,0.0,True,138,10,3,False,False,terminal,rms_kurt,load_pipeline (invariant)
Ferrara,E5,42,Isolation Forest,isolation_forest,decimate,1,0.08,2024-01-01 02:17:30,2024-01-01 02:23:20,0.1,0.09722222222222222,0.0,0.0,1.0,0.09722222222222222,0.0,True,138,10,3,False,False,terminal,rms_kurt,load_pipeline (invariant)
Ferrara,E5,42,Deep SVDD,deep_svdd,decimate,1,0.08,2024-01-01 02:17:30,2024-01-01 02:23:20,0.1,0.0,,0.0,0.0,0.0,0.0,False,138,10,3,False,False,terminal,rms_kurt,load_pipeline (invariant)
Ferrara,E5,42,LSTM-Autoencoder,lstm_ae,decimate,1,0.08,2024-01-01 02:17:30,2024-01-01 02:23:20,0.1,0.7569444444444444,,53.2258064516129,7.785714285714286,0.7569444444444444,0.0,False,138,10,3,False,False,terminal,rms_kurt,load_pipeline (invariant)
Ferrara,E5,42,TCN-Autoencoder,tcn,decimate,1,0.08,2024-01-01 02:17:30,2024-01-01 02:23:20,0.1,0.7569444444444444,,60.483870967741936,7.785714285714286,0.7569444444444444,0.0,False,138,10,3,False,False,terminal,rms_kurt,load_pipeline (invariant)
Ferrara,E5,42,Transformer-AD,transformer_ad,decimate,1,0.08,2024-01-01 02:17:30,2024-01-01 02:23:20,0.1,0.7430555555555556,,30.64516129032258,7.642857142857143,0.7430555555555556,0.0,False,138,10,3,False,False,terminal,rms_kurt,load_pipeline (invariant)
Ferrara,E5,42,RMS-Trend (kσ),rms_trend,decimate,2,0.17,2024-01-01 02:17:30,2024-01-01 02:23:20,0.1,0.09444444444444444,0.002777777777777778,0.0,0.9714285714285714,0.09444444444444444,0.0,True,172,5,4,False,False,terminal,rms_kurt,load_pipeline (invariant)
Ferrara,E5,42,3σ Rule (σ=3.0),three_sigma,decimate,2,0.17,2024-01-01 02:17:30,2024-01-01 02:23:20,0.1,0.1,,0.6451612903225806,1.0285714285714287,0.1,0.0,True,172,5,4,False,False,terminal,rms_kurt,load_pipeline (invariant)
Ferrara,E5,42,"EWMA (λ=0.2, k=3.0)",ewma,decimate,2,0.17,2024-01-01 02:17:30,2024-01-01 02:23:20,0.1,0.09444444444444444,0.002777777777777778,0.0,0.9714285714285714,0.09444444444444444,0.0,True,172,5,4,False,False,terminal,rms_kurt,load_pipeline (invariant)
Ferrara,E5,42,"CUSUM (k=0.5, h=5.0)",cusum,decimate,2,0.17,2024-01-01 02:17:30,2024-01-01 02:23:20,0.1,0.09444444444444444,0.002777777777777778,0.0,0.9714285714285714,0.09444444444444444,0.0,True,172,5,4,False,False,terminal,rms_kurt,load_pipeline (invariant)
Ferrara,E5,42,Hotelling T²,hotelling_t2,decimate,2,0.17,2024-01-01 02:17:30,2024-01-01 02:23:20,0.1,0.1,,0.6451612903225806,1.0285714285714287,0.1,0.0,True,172,5,4,False,False,terminal,rms_kurt,load_pipeline (invariant)
Ferrara,E5,42,Isolation Forest,isolation_forest,decimate,2,0.17,2024-01-01 02:17:30,2024-01-01 02:23:20,0.1,0.1,,0.6451612903225806,1.0285714285714287,0.1,0.0,True,172,5,4,False,False,terminal,rms_kurt,load_pipeline (invariant)
Ferrara,E5,42,Deep SVDD,deep_svdd,decimate,2,0.17,2024-01-01 02:17:30,2024-01-01 02:23:20,0.1,0.0,,0.0,0.0,0.0,0.0,False,172,5,4,False,False,terminal,rms_kurt,load_pipeline (invariant)
Ferrara,E5,42,LSTM-Autoencoder,lstm_ae,decimate,2,0.17,2024-01-01 02:17:30,2024-01-01 02:23:20,0.1,0.5111111111111111,,11.612903225806452,5.257142857142856,0.5111111111111111,0.0,False,172,5,4,False,False,terminal,rms_kurt,load_pipeline (invariant)
Ferrara,E5,42,TCN-Autoencoder,tcn,decimate,2,0.17,2024-01-01 02:17:30,2024-01-01 02:23:20,0.1,0.7777777777777778,,37.41935483870968,8.0,0.7777777777777778,0.0,False,172,5,4,False,False,terminal,rms_kurt,load_pipeline (invariant)
Ferrara,E5,42,Transformer-AD,transformer_ad,decimate,2,0.17,2024-01-01 02:17:30,2024-01-01 02:23:20,0.1,0.09444444444444444,0.002777777777777778,0.0,0.9714285714285714,0.09444444444444444,0.0,True,172,5,4,False,False,terminal,rms_kurt,load_pipeline (invariant)
Ferrara,E5,42,RMS-Trend (kσ),rms_trend,decimate,5,0.42,2024-01-01 02:17:30,2024-01-01 02:23:20,0.1,0.09722222222222222,0.0,0.0,1.0,0.09722222222222222,0.0,True,138,3,2,True,False,terminal,rms_kurt,load_pipeline (invariant)
Ferrara,E5,42,3σ Rule (σ=3.0),three_sigma,decimate,5,0.42,2024-01-01 02:17:30,2024-01-01 02:23:20,0.1,0.9027777777777778,,8.064516129032258,9.285714285714286,0.9027777777777778,0.0,True,138,3,2,True,False,terminal,rms_kurt,load_pipeline (invariant)
Ferrara,E5,42,"EWMA (λ=0.2, k=3.0)",ewma,decimate,5,0.42,2024-01-01 02:17:30,2024-01-01 02:23:20,0.1,0.5138888888888888,,5.64516129032258,5.285714285714285,0.5138888888888888,0.0,True,138,3,2,True,False,terminal,rms_kurt,load_pipeline (invariant)
Ferrara,E5,42,"CUSUM (k=0.5, h=5.0)",cusum,decimate,5,0.42,2024-01-01 02:17:30,2024-01-01 02:23:20,0.1,0.09722222222222222,0.0,0.0,1.0,0.09722222222222222,0.0,True,138,3,2,True,False,terminal,rms_kurt,load_pipeline (invariant)
Ferrara,E5,42,Hotelling T²,hotelling_t2,decimate,5,0.42,2024-01-01 02:17:30,2024-01-01 02:23:20,0.1,0.9027777777777778,,9.67741935483871,9.285714285714286,0.9027777777777778,0.0,True,138,3,2,True,False,terminal,rms_kurt,load_pipeline (invariant)
Ferrara,E5,42,Isolation Forest,isolation_forest,decimate,5,0.42,2024-01-01 02:17:30,2024-01-01 02:23:20,0.1,0.9027777777777778,,8.064516129032258,9.285714285714286,0.9027777777777778,0.0,True,138,3,2,True,False,terminal,rms_kurt,load_pipeline (invariant)
Ferrara,E5,42,Deep SVDD,deep_svdd,decimate,5,0.42,2024-01-01 02:17:30,2024-01-01 02:23:20,0.1,0.09027777777777778,0.006944444444444444,0.0,0.9285714285714285,0.09027777777777778,0.0,True,138,3,2,True,False,terminal,rms_kurt,load_pipeline (invariant)
Ferrara,E5,42,LSTM-Autoencoder,lstm_ae,decimate,5,0.42,2024-01-01 02:17:30,2024-01-01 02:23:20,0.1,0.7569444444444444,,56.451612903225815,7.785714285714286,0.7569444444444444,0.0,False,138,3,2,True,False,terminal,rms_kurt,load_pipeline (invariant)
Ferrara,E5,42,TCN-Autoencoder,tcn,decimate,5,0.42,2024-01-01 02:17:30,2024-01-01 02:23:20,0.1,0.7569444444444444,,55.64516129032258,7.785714285714286,0.7569444444444444,0.0,False,138,3,2,True,False,terminal,rms_kurt,load_pipeline (invariant)
Ferrara,E5,42,Transformer-AD,transformer_ad,decimate,5,0.42,2024-01-01 02:17:30,2024-01-01 02:23:20,0.1,0.7569444444444444,,53.2258064516129,7.785714285714286,0.7569444444444444,0.0,False,138,3,2,True,False,terminal,rms_kurt,load_pipeline (invariant)
Ferrara,E5,42,RMS-Trend (kσ),rms_trend,decimate,10,0.83,2024-01-01 02:17:30,2024-01-01 02:23:20,0.1,0.09722222222222222,0.0,0.0,1.0,0.09722222222222222,0.0,True,69,3,1,True,False,terminal,rms_kurt,load_pipeline (invariant)
Ferrara,E5,42,3σ Rule (σ=3.0),three_sigma,decimate,10,0.83,2024-01-01 02:17:30,2024-01-01 02:23:20,0.1,0.4861111111111111,,4.838709677419355,5.0,0.4861111111111111,0.0,True,69,3,1,True,False,terminal,rms_kurt,load_pipeline (invariant)
Ferrara,E5,42,"EWMA (λ=0.2, k=3.0)",ewma,decimate,10,0.83,2024-01-01 02:17:30,2024-01-01 02:23:20,0.1,0.09722222222222222,0.0,0.0,1.0,0.09722222222222222,0.0,True,69,3,1,True,False,terminal,rms_kurt,load_pipeline (invariant)
Ferrara,E5,42,"CUSUM (k=0.5, h=5.0)",cusum,decimate,10,0.83,2024-01-01 02:17:30,2024-01-01 02:23:20,0.1,0.09722222222222222,0.0,0.0,1.0,0.09722222222222222,0.0,True,69,3,1,True,False,terminal,rms_kurt,load_pipeline (invariant)
Ferrara,E5,42,Hotelling T²,hotelling_t2,decimate,10,0.83,2024-01-01 02:17:30,2024-01-01 02:23:20,0.1,0.5416666666666666,,8.064516129032258,5.571428571428571,0.5416666666666666,0.0,True,69,3,1,True,False,terminal,rms_kurt,load_pipeline (invariant)
Ferrara,E5,42,Isolation Forest,isolation_forest,decimate,10,0.83,2024-01-01 02:17:30,2024-01-01 02:23:20,0.1,0.4861111111111111,,4.838709677419355,5.0,0.4861111111111111,0.0,True,69,3,1,True,False,terminal,rms_kurt,load_pipeline (invariant)
Ferrara,E5,42,Deep SVDD,deep_svdd,decimate,10,0.83,2024-01-01 02:17:30,2024-01-01 02:23:20,0.1,0.027777777777777776,0.06944444444444445,0.0,0.2857142857142857,0.027777777777777776,0.0,True,69,3,1,True,False,terminal,rms_kurt,load_pipeline (invariant)
Ferrara,E5,42,LSTM-Autoencoder,lstm_ae,decimate,10,0.83,2024-01-01 02:17:30,2024-01-01 02:23:20,0.1,0.9583333333333334,,100.0,9.857142857142858,0.0,100.0,False,69,3,1,True,False,terminal,rms_kurt,load_pipeline (invariant)
Ferrara,E5,42,TCN-Autoencoder,tcn,decimate,10,0.83,2024-01-01 02:17:30,2024-01-01 02:23:20,0.1,0.9583333333333334,,100.0,9.857142857142858,0.0,100.0,False,69,3,1,True,False,terminal,rms_kurt,load_pipeline (invariant)
Ferrara,E5,42,Transformer-AD,transformer_ad,decimate,10,0.83,2024-01-01 02:17:30,2024-01-01 02:23:20,0.1,0.9583333333333334,,100.0,9.857142857142858,0.0,100.0,False,69,3,1,True,False,terminal,rms_kurt,load_pipeline (invariant)
Ferrara,E5,42,RMS-Trend (kσ),rms_trend,decimate,20,1.67,2024-01-01 02:17:30,2024-01-01 02:23:20,0.1,0.1111111111111111,,3.225806451612903,1.1428571428571428,0.1111111111111111,0.0,True,34,3,1,True,False,terminal,rms_kurt,load_pipeline (invariant)
Ferrara,E5,42,3σ Rule (σ=3.0),three_sigma,decimate,20,1.67,2024-01-01 02:17:30,2024-01-01 02:23:20,0.1,0.7222222222222222,,25.806451612903224,7.428571428571428,0.7222222222222222,0.0,False,34,3,1,True,False,terminal,rms_kurt,load_pipeline (invariant)
Ferrara,E5,42,"EWMA (λ=0.2, k=3.0)",ewma,decimate,20,1.67,2024-01-01 02:17:30,2024-01-01 02:23:20,0.1,0.1111111111111111,,3.225806451612903,1.1428571428571428,0.1111111111111111,0.0,True,34,3,1,True,False,terminal,rms_kurt,load_pipeline (invariant)
Ferrara,E5,42,"CUSUM (k=0.5, h=5.0)",cusum,decimate,20,1.67,2024-01-01 02:17:30,2024-01-01 02:23:20,0.1,0.1111111111111111,,3.225806451612903,1.1428571428571428,0.1111111111111111,0.0,True,34,3,1,True,False,terminal,rms_kurt,load_pipeline (invariant)
Ferrara,E5,42,Hotelling T²,hotelling_t2,decimate,20,1.67,2024-01-01 02:17:30,2024-01-01 02:23:20,0.1,0.7777777777777778,,41.935483870967744,8.0,0.7777777777777778,0.0,False,34,3,1,True,False,terminal,rms_kurt,load_pipeline (invariant)
Ferrara,E5,42,Isolation Forest,isolation_forest,decimate,20,1.67,2024-01-01 02:17:30,2024-01-01 02:23:20,0.1,0.5555555555555556,,22.58064516129032,5.714285714285714,0.5555555555555556,0.0,False,34,3,1,True,False,terminal,rms_kurt,load_pipeline (invariant)
Ferrara,E5,42,Deep SVDD,deep_svdd,decimate,20,1.67,2024-01-01 02:17:30,2024-01-01 02:23:20,0.1,0.1111111111111111,,3.225806451612903,1.1428571428571428,0.1111111111111111,0.0,True,34,3,1,True,False,terminal,rms_kurt,load_pipeline (invariant)
Ferrara,E5,42,LSTM-Autoencoder,lstm_ae,decimate,20,1.67,2024-01-01 02:17:30,2024-01-01 02:23:20,0.1,0.9444444444444444,,100.0,9.714285714285714,0.0,100.0,False,34,3,1,True,False,terminal,rms_kurt,load_pipeline (invariant)
Ferrara,E5,42,TCN-Autoencoder,tcn,decimate,20,1.67,2024-01-01 02:17:30,2024-01-01 02:23:20,0.1,0.9444444444444444,,100.0,9.714285714285714,0.0,100.0,False,34,3,1,True,False,terminal,rms_kurt,load_pipeline (invariant)
Ferrara,E5,42,Transformer-AD,transformer_ad,decimate,20,1.67,2024-01-01 02:17:30,2024-01-01 02:23:20,0.1,0.9444444444444444,,100.0,9.714285714285714,0.0,100.0,False,34,3,1,True,False,terminal,rms_kurt,load_pipeline (invariant)
Ferrara,E6,42,RMS-Trend (kσ),rms_trend,aggregate,1,0.08,2024-01-01 00:28:35,2024-01-01 00:42:20,0.23,0.12916666666666668,0.1,0.0,0.5636363636363637,0.12916666666666668,0.0,True,40,10,3,False,False,terminal,rms_kurt,load_pipeline (invariant)
Ferrara,E6,42,3σ Rule (σ=3.0),three_sigma,aggregate,1,0.08,2024-01-01 00:28:35,2024-01-01 00:42:20,0.23,0.1361111111111111,0.09305555555555556,0.0,0.5939393939393939,0.1361111111111111,0.0,True,40,10,3,False,False,terminal,rms_kurt,load_pipeline (invariant)
Ferrara,E6,42,"EWMA (λ=0.2, k=3.0)",ewma,aggregate,1,0.08,2024-01-01 00:28:35,2024-01-01 00:42:20,0.23,0.18472222222222223,0.044444444444444446,0.0,0.8060606060606061,0.18472222222222223,0.0,True,40,10,3,False,False,terminal,rms_kurt,load_pipeline (invariant)
Ferrara,E6,42,"CUSUM (k=0.5, h=5.0)",cusum,aggregate,1,0.08,2024-01-01 00:28:35,2024-01-01 00:42:20,0.23,0.18472222222222223,0.044444444444444446,0.0,0.8060606060606061,0.18472222222222223,0.0,True,40,10,3,False,False,terminal,rms_kurt,load_pipeline (invariant)
Ferrara,E6,42,Hotelling T²,hotelling_t2,aggregate,1,0.08,2024-01-01 00:28:35,2024-01-01 00:42:20,0.23,0.23333333333333334,,12.5,1.0181818181818183,0.23333333333333334,0.0,False,40,10,3,False,False,terminal,rms_kurt,load_pipeline (invariant)
Ferrara,E6,42,Isolation Forest,isolation_forest,aggregate,1,0.08,2024-01-01 00:28:35,2024-01-01 00:42:20,0.23,0.0,,0.0,0.0,0.0,0.0,False,40,10,3,False,False,terminal,rms_kurt,load_pipeline (invariant)
Ferrara,E6,42,Deep SVDD,deep_svdd,aggregate,1,0.08,2024-01-01 00:28:35,2024-01-01 00:42:20,0.23,0.0,,0.0,0.0,0.0,0.0,False,40,10,3,False,False,terminal,rms_kurt,load_pipeline (invariant)
Ferrara,E6,42,LSTM-Autoencoder,lstm_ae,aggregate,1,0.08,2024-01-01 00:28:35,2024-01-01 00:42:20,0.23,0.28194444444444444,,100.0,1.2303030303030302,0.0,100.0,False,40,10,3,False,False,terminal,rms_kurt,load_pipeline (invariant)
Ferrara,E6,42,TCN-Autoencoder,tcn,aggregate,1,0.08,2024-01-01 00:28:35,2024-01-01 00:42:20,0.23,0.28194444444444444,,100.0,1.2303030303030302,0.0,100.0,False,40,10,3,False,False,terminal,rms_kurt,load_pipeline (invariant)
Ferrara,E6,42,Transformer-AD,transformer_ad,aggregate,1,0.08,2024-01-01 00:28:35,2024-01-01 00:42:20,0.23,0.28194444444444444,,100.0,1.2303030303030302,0.0,100.0,False,40,10,3,False,False,terminal,rms_kurt,load_pipeline (invariant)
Ferrara,E6,42,RMS-Trend (kσ),rms_trend,aggregate,2,1.0,2024-01-01 00:28:35,2024-01-01 00:42:20,0.23,0.0,,0.0,0.0,0.0,0.0,False,8,5,4,False,False,terminal,rms_kurt,load_pipeline (invariant)
Ferrara,E6,42,3σ Rule (σ=3.0),three_sigma,aggregate,2,1.0,2024-01-01 00:28:35,2024-01-01 00:42:20,0.23,0.2388888888888889,,50.0,1.0424242424242425,0.2388888888888889,0.0,False,8,5,4,False,False,terminal,rms_kurt,load_pipeline (invariant)
Ferrara,E6,42,"EWMA (λ=0.2, k=3.0)",ewma,aggregate,2,1.0,2024-01-01 00:28:35,2024-01-01 00:42:20,0.23,0.2722222222222222,,100.0,1.1878787878787878,0.0,100.0,False,8,5,4,False,False,terminal,rms_kurt,load_pipeline (invariant)
Ferrara,E6,42,"CUSUM (k=0.5, h=5.0)",cusum,aggregate,2,1.0,2024-01-01 00:28:35,2024-01-01 00:42:20,0.23,0.2722222222222222,,100.0,1.1878787878787878,0.0,100.0,False,8,5,4,False,False,terminal,rms_kurt,load_pipeline (invariant)
Ferrara,E6,42,Hotelling T²,hotelling_t2,aggregate,2,1.0,2024-01-01 00:28:35,2024-01-01 00:42:20,0.23,0.2722222222222222,,100.0,1.1878787878787878,0.0,100.0,False,8,5,4,False,False,terminal,rms_kurt,load_pipeline (invariant)
Ferrara,E6,42,Isolation Forest,isolation_forest,aggregate,2,1.0,2024-01-01 00:28:35,2024-01-01 00:42:20,0.23,0.0,,0.0,0.0,0.0,0.0,False,8,5,4,False,False,terminal,rms_kurt,load_pipeline (invariant)
Ferrara,E6,42,Deep SVDD,deep_svdd,aggregate,2,1.0,2024-01-01 00:28:35,2024-01-01 00:42:20,0.23,0.0,,0.0,0.0,0.0,0.0,False,8,5,4,False,False,terminal,rms_kurt,load_pipeline (invariant)
Ferrara,E6,42,LSTM-Autoencoder,lstm_ae,aggregate,2,1.0,2024-01-01 00:28:35,2024-01-01 00:42:20,0.23,,,,,,,False,8,5,4,False,False,terminal,rms_kurt,load_pipeline (invariant)
Ferrara,E6,42,TCN-Autoencoder,tcn,aggregate,2,1.0,2024-01-01 00:28:35,2024-01-01 00:42:20,0.23,,,,,,,False,8,5,4,False,False,terminal,rms_kurt,load_pipeline (invariant)
Ferrara,E6,42,Transformer-AD,transformer_ad,aggregate,2,1.0,2024-01-01 00:28:35,2024-01-01 00:42:20,0.23,,,,,,,False,8,5,4,False,False,terminal,rms_kurt,load_pipeline (invariant)
Ferrara,E6,42,RMS-Trend (kσ),rms_trend,aggregate,5,1.0,2024-01-01 00:28:35,2024-01-01 00:42:20,0.23,0.0,,0.0,0.0,0.0,0.0,False,17,3,2,True,False,terminal,rms_kurt,load_pipeline (invariant)
Ferrara,E6,42,3σ Rule (σ=3.0),three_sigma,aggregate,5,1.0,2024-01-01 00:28:35,2024-01-01 00:42:20,0.23,0.2222222222222222,0.006944444444444444,0.0,0.9696969696969697,0.2222222222222222,0.0,True,17,3,2,True,False,terminal,rms_kurt,load_pipeline (invariant)
Ferrara,E6,42,"EWMA (λ=0.2, k=3.0)",ewma,aggregate,5,1.0,2024-01-01 00:28:35,2024-01-01 00:42:20,0.23,0.2388888888888889,,25.0,1.0424242424242425,0.2388888888888889,0.0,False,17,3,2,True,False,terminal,rms_kurt,load_pipeline (invariant)
Ferrara,E6,42,"CUSUM (k=0.5, h=5.0)",cusum,aggregate,5,1.0,2024-01-01 00:28:35,2024-01-01 00:42:20,0.23,0.2388888888888889,,25.0,1.0424242424242425,0.2388888888888889,0.0,False,17,3,2,True,False,terminal,rms_kurt,load_pipeline (invariant)
Ferrara,E6,42,Hotelling T²,hotelling_t2,aggregate,5,1.0,2024-01-01 00:28:35,2024-01-01 00:42:20,0.23,0.25555555555555554,,50.0,1.115151515151515,0.25555555555555554,0.0,False,17,3,2,True,False,terminal,rms_kurt,load_pipeline (invariant)
Ferrara,E6,42,Isolation Forest,isolation_forest,aggregate,5,1.0,2024-01-01 00:28:35,2024-01-01 00:42:20,0.23,0.0,,0.0,0.0,0.0,0.0,False,17,3,2,True,False,terminal,rms_kurt,load_pipeline (invariant)
Ferrara,E6,42,Deep SVDD,deep_svdd,aggregate,5,1.0,2024-01-01 00:28:35,2024-01-01 00:42:20,0.23,0.0,,0.0,0.0,0.0,0.0,False,17,3,2,True,False,terminal,rms_kurt,load_pipeline (invariant)
Ferrara,E6,42,LSTM-Autoencoder,lstm_ae,aggregate,5,1.0,2024-01-01 00:28:35,2024-01-01 00:42:20,0.23,,,,,,,False,17,3,2,True,False,terminal,rms_kurt,load_pipeline (invariant)
Ferrara,E6,42,TCN-Autoencoder,tcn,aggregate,5,1.0,2024-01-01 00:28:35,2024-01-01 00:42:20,0.23,,,,,,,False,17,3,2,True,False,terminal,rms_kurt,load_pipeline (invariant)
Ferrara,E6,42,Transformer-AD,transformer_ad,aggregate,5,1.0,2024-01-01 00:28:35,2024-01-01 00:42:20,0.23,,,,,,,False,17,3,2,True,False,terminal,rms_kurt,load_pipeline (invariant)
Ferrara,E6,42,RMS-Trend (kσ),rms_trend,aggregate,10,1.0,2024-01-01 00:28:35,2024-01-01 00:42:20,0.23,0.022222222222222223,0.20694444444444443,0.0,0.09696969696969698,0.022222222222222223,0.0,True,17,3,1,True,False,terminal,rms_kurt,load_pipeline (invariant)
Ferrara,E6,42,3σ Rule (σ=3.0),three_sigma,aggregate,10,1.0,2024-01-01 00:28:35,2024-01-01 00:42:20,0.23,0.2222222222222222,0.006944444444444444,0.0,0.9696969696969697,0.2222222222222222,0.0,True,17,3,1,True,False,terminal,rms_kurt,load_pipeline (invariant)
Ferrara,E6,42,"EWMA (λ=0.2, k=3.0)",ewma,aggregate,10,1.0,2024-01-01 00:28:35,2024-01-01 00:42:20,0.23,0.2388888888888889,,25.0,1.0424242424242425,0.2388888888888889,0.0,False,17,3,1,True,False,terminal,rms_kurt,load_pipeline (invariant)
Ferrara,E6,42,"CUSUM (k=0.5, h=5.0)",cusum,aggregate,10,1.0,2024-01-01 00:28:35,2024-01-01 00:42:20,0.23,0.2388888888888889,,25.0,1.0424242424242425,0.2388888888888889,0.0,False,17,3,1,True,False,terminal,rms_kurt,load_pipeline (invariant)
Ferrara,E6,42,Hotelling T²,hotelling_t2,aggregate,10,1.0,2024-01-01 00:28:35,2024-01-01 00:42:20,0.23,0.25555555555555554,,50.0,1.115151515151515,0.25555555555555554,0.0,False,17,3,1,True,False,terminal,rms_kurt,load_pipeline (invariant)
Ferrara,E6,42,Isolation Forest,isolation_forest,aggregate,10,1.0,2024-01-01 00:28:35,2024-01-01 00:42:20,0.23,0.12222222222222222,0.10694444444444444,0.0,0.5333333333333333,0.12222222222222222,0.0,True,17,3,1,True,False,terminal,rms_kurt,load_pipeline (invariant)
Ferrara,E6,42,Deep SVDD,deep_svdd,aggregate,10,1.0,2024-01-01 00:28:35,2024-01-01 00:42:20,0.23,0.022222222222222223,0.20694444444444443,0.0,0.09696969696969698,0.022222222222222223,0.0,True,17,3,1,True,False,terminal,rms_kurt,load_pipeline (invariant)
Ferrara,E6,42,LSTM-Autoencoder,lstm_ae,aggregate,10,1.0,2024-01-01 00:28:35,2024-01-01 00:42:20,0.23,,,,,,,False,17,3,1,True,False,terminal,rms_kurt,load_pipeline (invariant)
Ferrara,E6,42,TCN-Autoencoder,tcn,aggregate,10,1.0,2024-01-01 00:28:35,2024-01-01 00:42:20,0.23,,,,,,,False,17,3,1,True,False,terminal,rms_kurt,load_pipeline (invariant)
Ferrara,E6,42,Transformer-AD,transformer_ad,aggregate,10,1.0,2024-01-01 00:28:35,2024-01-01 00:42:20,0.23,,,,,,,False,17,3,1,True,False,terminal,rms_kurt,load_pipeline (invariant)
Ferrara,E6,42,RMS-Trend (kσ),rms_trend,aggregate,20,2.0,2024-01-01 00:28:35,2024-01-01 00:42:20,0.23,0.03888888888888889,0.19027777777777777,0.0,0.1696969696969697,0.03888888888888889,0.0,True,8,3,1,True,False,terminal,rms_kurt,load_pipeline (invariant)
Ferrara,E6,42,3σ Rule (σ=3.0),three_sigma,aggregate,20,2.0,2024-01-01 00:28:35,2024-01-01 00:42:20,0.23,0.2722222222222222,,100.0,1.1878787878787878,0.0,100.0,False,8,3,1,True,False,terminal,rms_kurt,load_pipeline (invariant)
Ferrara,E6,42,"EWMA (λ=0.2, k=3.0)",ewma,aggregate,20,2.0,2024-01-01 00:28:35,2024-01-01 00:42:20,0.23,0.2722222222222222,,100.0,1.1878787878787878,0.0,100.0,False,8,3,1,True,False,terminal,rms_kurt,load_pipeline (invariant)
Ferrara,E6,42,"CUSUM (k=0.5, h=5.0)",cusum,aggregate,20,2.0,2024-01-01 00:28:35,2024-01-01 00:42:20,0.23,0.2722222222222222,,100.0,1.1878787878787878,0.0,100.0,False,8,3,1,True,False,terminal,rms_kurt,load_pipeline (invariant)
Ferrara,E6,42,Hotelling T²,hotelling_t2,aggregate,20,2.0,2024-01-01 00:28:35,2024-01-01 00:42:20,0.23,0.2722222222222222,,100.0,1.1878787878787878,0.0,100.0,False,8,3,1,True,False,terminal,rms_kurt,load_pipeline (invariant)
Ferrara,E6,42,Isolation Forest,isolation_forest,aggregate,20,2.0,2024-01-01 00:28:35,2024-01-01 00:42:20,0.23,0.07222222222222222,0.15694444444444444,0.0,0.3151515151515151,0.07222222222222222,0.0,True,8,3,1,True,False,terminal,rms_kurt,load_pipeline (invariant)
Ferrara,E6,42,Deep SVDD,deep_svdd,aggregate,20,2.0,2024-01-01 00:28:35,2024-01-01 00:42:20,0.23,0.03888888888888889,0.19027777777777777,0.0,0.1696969696969697,0.03888888888888889,0.0,True,8,3,1,True,False,terminal,rms_kurt,load_pipeline (invariant)
Ferrara,E6,42,LSTM-Autoencoder,lstm_ae,aggregate,20,2.0,2024-01-01 00:28:35,2024-01-01 00:42:20,0.23,,,,,,,False,8,3,1,True,False,terminal,rms_kurt,load_pipeline (invariant)
Ferrara,E6,42,TCN-Autoencoder,tcn,aggregate,20,2.0,2024-01-01 00:28:35,2024-01-01 00:42:20,0.23,,,,,,,False,8,3,1,True,False,terminal,rms_kurt,load_pipeline (invariant)
Ferrara,E6,42,Transformer-AD,transformer_ad,aggregate,20,2.0,2024-01-01 00:28:35,2024-01-01 00:42:20,0.23,,,,,,,False,8,3,1,True,False,terminal,rms_kurt,load_pipeline (invariant)
Ferrara,E6,42,RMS-Trend (kσ),rms_trend,decimate,1,0.08,2024-01-01 00:28:35,2024-01-01 00:42:20,0.23,0.12916666666666668,0.1,0.0,0.5636363636363637,0.12916666666666668,0.0,True,40,10,3,False,False,terminal,rms_kurt,load_pipeline (invariant)
Ferrara,E6,42,3σ Rule (σ=3.0),three_sigma,decimate,1,0.08,2024-01-01 00:28:35,2024-01-01 00:42:20,0.23,0.1361111111111111,0.09305555555555556,0.0,0.5939393939393939,0.1361111111111111,0.0,True,40,10,3,False,False,terminal,rms_kurt,load_pipeline (invariant)
Ferrara,E6,42,"EWMA (λ=0.2, k=3.0)",ewma,decimate,1,0.08,2024-01-01 00:28:35,2024-01-01 00:42:20,0.23,0.18472222222222223,0.044444444444444446,0.0,0.8060606060606061,0.18472222222222223,0.0,True,40,10,3,False,False,terminal,rms_kurt,load_pipeline (invariant)
Ferrara,E6,42,"CUSUM (k=0.5, h=5.0)",cusum,decimate,1,0.08,2024-01-01 00:28:35,2024-01-01 00:42:20,0.23,0.18472222222222223,0.044444444444444446,0.0,0.8060606060606061,0.18472222222222223,0.0,True,40,10,3,False,False,terminal,rms_kurt,load_pipeline (invariant)
Ferrara,E6,42,Hotelling T²,hotelling_t2,decimate,1,0.08,2024-01-01 00:28:35,2024-01-01 00:42:20,0.23,0.23333333333333334,,12.5,1.0181818181818183,0.23333333333333334,0.0,False,40,10,3,False,False,terminal,rms_kurt,load_pipeline (invariant)
Ferrara,E6,42,Isolation Forest,isolation_forest,decimate,1,0.08,2024-01-01 00:28:35,2024-01-01 00:42:20,0.23,0.0,,0.0,0.0,0.0,0.0,False,40,10,3,False,False,terminal,rms_kurt,load_pipeline (invariant)
Ferrara,E6,42,Deep SVDD,deep_svdd,decimate,1,0.08,2024-01-01 00:28:35,2024-01-01 00:42:20,0.23,0.0,,0.0,0.0,0.0,0.0,False,40,10,3,False,False,terminal,rms_kurt,load_pipeline (invariant)
Ferrara,E6,42,LSTM-Autoencoder,lstm_ae,decimate,1,0.08,2024-01-01 00:28:35,2024-01-01 00:42:20,0.23,0.28194444444444444,,100.0,1.2303030303030302,0.0,100.0,False,40,10,3,False,False,terminal,rms_kurt,load_pipeline (invariant)
Ferrara,E6,42,TCN-Autoencoder,tcn,decimate,1,0.08,2024-01-01 00:28:35,2024-01-01 00:42:20,0.23,0.28194444444444444,,100.0,1.2303030303030302,0.0,100.0,False,40,10,3,False,False,terminal,rms_kurt,load_pipeline (invariant)
Ferrara,E6,42,Transformer-AD,transformer_ad,decimate,1,0.08,2024-01-01 00:28:35,2024-01-01 00:42:20,0.23,0.28194444444444444,,100.0,1.2303030303030302,0.0,100.0,False,40,10,3,False,False,terminal,rms_kurt,load_pipeline (invariant)
Ferrara,E6,42,RMS-Trend (kσ),rms_trend,decimate,2,0.17,2024-01-01 00:28:35,2024-01-01 00:42:20,0.23,0.12222222222222222,0.10694444444444444,0.0,0.5333333333333333,0.12222222222222222,0.0,True,51,5,4,False,False,terminal,rms_kurt,load_pipeline (invariant)
Ferrara,E6,42,3σ Rule (σ=3.0),three_sigma,decimate,2,0.17,2024-01-01 00:28:35,2024-01-01 00:42:20,0.23,0.0,,0.0,0.0,0.0,0.0,False,51,5,4,False,False,terminal,rms_kurt,load_pipeline (invariant)
Ferrara,E6,42,"EWMA (λ=0.2, k=3.0)",ewma,decimate,2,0.17,2024-01-01 00:28:35,2024-01-01 00:42:20,0.23,0.18333333333333332,0.04583333333333333,0.0,0.7999999999999999,0.18333333333333332,0.0,True,51,5,4,False,False,terminal,rms_kurt,load_pipeline (invariant)
Ferrara,E6,42,"CUSUM (k=0.5, h=5.0)",cusum,decimate,2,0.17,2024-01-01 00:28:35,2024-01-01 00:42:20,0.23,0.18333333333333332,0.04583333333333333,0.0,0.7999999999999999,0.18333333333333332,0.0,True,51,5,4,False,False,terminal,rms_kurt,load_pipeline (invariant)
Ferrara,E6,42,Hotelling T²,hotelling_t2,decimate,2,0.17,2024-01-01 00:28:35,2024-01-01 00:42:20,0.23,0.23333333333333334,,10.0,1.0181818181818183,0.23333333333333334,0.0,True,51,5,4,False,False,terminal,rms_kurt,load_pipeline (invariant)
Ferrara,E6,42,Isolation Forest,isolation_forest,decimate,2,0.17,2024-01-01 00:28:35,2024-01-01 00:42:20,0.23,0.0,,0.0,0.0,0.0,0.0,False,51,5,4,False,False,terminal,rms_kurt,load_pipeline (invariant)
Ferrara,E6,42,Deep SVDD,deep_svdd,decimate,2,0.17,2024-01-01 00:28:35,2024-01-01 00:42:20,0.23,0.022222222222222223,0.20694444444444443,0.0,0.09696969696969698,0.022222222222222223,0.0,True,51,5,4,False,False,terminal,rms_kurt,load_pipeline (invariant)
Ferrara,E6,42,LSTM-Autoencoder,lstm_ae,decimate,2,0.17,2024-01-01 00:28:35,2024-01-01 00:42:20,0.23,0.2833333333333333,,100.0,1.2363636363636363,0.0,100.0,False,51,5,4,False,False,terminal,rms_kurt,load_pipeline (invariant)
Ferrara,E6,42,TCN-Autoencoder,tcn,decimate,2,0.17,2024-01-01 00:28:35,2024-01-01 00:42:20,0.23,0.2833333333333333,,100.0,1.2363636363636363,0.0,100.0,False,51,5,4,False,False,terminal,rms_kurt,load_pipeline (invariant)
Ferrara,E6,42,Transformer-AD,transformer_ad,decimate,2,0.17,2024-01-01 00:28:35,2024-01-01 00:42:20,0.23,0.2833333333333333,,100.0,1.2363636363636363,0.0,100.0,False,51,5,4,False,False,terminal,rms_kurt,load_pipeline (invariant)
Ferrara,E6,42,RMS-Trend (kσ),rms_trend,decimate,5,0.42,2024-01-01 00:28:35,2024-01-01 00:42:20,0.23,0.12916666666666668,0.1,0.0,0.5636363636363637,0.12916666666666668,0.0,True,40,3,2,True,False,terminal,rms_kurt,load_pipeline (invariant)
Ferrara,E6,42,3σ Rule (σ=3.0),three_sigma,decimate,5,0.42,2024-01-01 00:28:35,2024-01-01 00:42:20,0.23,0.018055555555555554,0.2111111111111111,0.0,0.07878787878787878,0.018055555555555554,0.0,True,40,3,2,True,False,terminal,rms_kurt,load_pipeline (invariant)
Ferrara,E6,42,"EWMA (λ=0.2, k=3.0)",ewma,decimate,5,0.42,2024-01-01 00:28:35,2024-01-01 00:42:20,0.23,0.1638888888888889,0.06527777777777778,0.0,0.7151515151515152,0.1638888888888889,0.0,True,40,3,2,True,False,terminal,rms_kurt,load_pipeline (invariant)
Ferrara,E6,42,"CUSUM (k=0.5, h=5.0)",cusum,decimate,5,0.42,2024-01-01 00:28:35,2024-01-01 00:42:20,0.23,0.15694444444444444,0.07222222222222222,0.0,0.6848484848484848,0.15694444444444444,0.0,True,40,3,2,True,False,terminal,rms_kurt,load_pipeline (invariant)
Ferrara,E6,42,Hotelling T²,hotelling_t2,decimate,5,0.42,2024-01-01 00:28:35,2024-01-01 00:42:20,0.23,0.23333333333333334,,12.5,1.0181818181818183,0.23333333333333334,0.0,False,40,3,2,True,False,terminal,rms_kurt,load_pipeline (invariant)
Ferrara,E6,42,Isolation Forest,isolation_forest,decimate,5,0.42,2024-01-01 00:28:35,2024-01-01 00:42:20,0.23,0.0,,0.0,0.0,0.0,0.0,False,40,3,2,True,False,terminal,rms_kurt,load_pipeline (invariant)
Ferrara,E6,42,Deep SVDD,deep_svdd,decimate,5,0.42,2024-01-01 00:28:35,2024-01-01 00:42:20,0.23,0.0,,0.0,0.0,0.0,0.0,False,40,3,2,True,False,terminal,rms_kurt,load_pipeline (invariant)
Ferrara,E6,42,LSTM-Autoencoder,lstm_ae,decimate,5,0.42,2024-01-01 00:28:35,2024-01-01 00:42:20,0.23,0.28194444444444444,,100.0,1.2303030303030302,0.0,100.0,False,40,3,2,True,False,terminal,rms_kurt,load_pipeline (invariant)
Ferrara,E6,42,TCN-Autoencoder,tcn,decimate,5,0.42,2024-01-01 00:28:35,2024-01-01 00:42:20,0.23,0.28194444444444444,,100.0,1.2303030303030302,0.0,100.0,False,40,3,2,True,False,terminal,rms_kurt,load_pipeline (invariant)
Ferrara,E6,42,Transformer-AD,transformer_ad,decimate,5,0.42,2024-01-01 00:28:35,2024-01-01 00:42:20,0.23,0.28194444444444444,,100.0,1.2303030303030302,0.0,100.0,False,40,3,2,True,False,terminal,rms_kurt,load_pipeline (invariant)
Ferrara,E6,42,RMS-Trend (kσ),rms_trend,decimate,10,0.83,2024-01-01 00:28:35,2024-01-01 00:42:20,0.23,0.025,0.20416666666666666,0.0,0.1090909090909091,0.025,0.0,True,20,3,1,True,False,terminal,rms_kurt,load_pipeline (invariant)
Ferrara,E6,42,3σ Rule (σ=3.0),three_sigma,decimate,10,0.83,2024-01-01 00:28:35,2024-01-01 00:42:20,0.23,0.025,0.20416666666666666,0.0,0.1090909090909091,0.025,0.0,True,20,3,1,True,False,terminal,rms_kurt,load_pipeline (invariant)
Ferrara,E6,42,"EWMA (λ=0.2, k=3.0)",ewma,decimate,10,0.83,2024-01-01 00:28:35,2024-01-01 00:42:20,0.23,0.1638888888888889,0.06527777777777778,0.0,0.7151515151515152,0.1638888888888889,0.0,True,20,3,1,True,False,terminal,rms_kurt,load_pipeline (invariant)
Ferrara,E6,42,"CUSUM (k=0.5, h=5.0)",cusum,decimate,10,0.83,2024-01-01 00:28:35,2024-01-01 00:42:20,0.23,0.1638888888888889,0.06527777777777778,0.0,0.7151515151515152,0.1638888888888889,0.0,True,20,3,1,True,False,terminal,rms_kurt,load_pipeline (invariant)
Ferrara,E6,42,Hotelling T²,hotelling_t2,decimate,10,0.83,2024-01-01 00:28:35,2024-01-01 00:42:20,0.23,0.23333333333333334,,20.0,1.0181818181818183,0.23333333333333334,0.0,False,20,3,1,True,False,terminal,rms_kurt,load_pipeline (invariant)
Ferrara,E6,42,Isolation Forest,isolation_forest,decimate,10,0.83,2024-01-01 00:28:35,2024-01-01 00:42:20,0.23,0.0,,0.0,0.0,0.0,0.0,False,20,3,1,True,False,terminal,rms_kurt,load_pipeline (invariant)
Ferrara,E6,42,Deep SVDD,deep_svdd,decimate,10,0.83,2024-01-01 00:28:35,2024-01-01 00:42:20,0.23,0.025,0.20416666666666666,0.0,0.1090909090909091,0.025,0.0,True,20,3,1,True,False,terminal,rms_kurt,load_pipeline (invariant)
Ferrara,E6,42,LSTM-Autoencoder,lstm_ae,decimate,10,0.83,2024-01-01 00:28:35,2024-01-01 00:42:20,0.23,,,,,,,False,20,3,1,True,False,terminal,rms_kurt,load_pipeline (invariant)
Ferrara,E6,42,TCN-Autoencoder,tcn,decimate,10,0.83,2024-01-01 00:28:35,2024-01-01 00:42:20,0.23,,,,,,,False,20,3,1,True,False,terminal,rms_kurt,load_pipeline (invariant)
Ferrara,E6,42,Transformer-AD,transformer_ad,decimate,10,0.83,2024-01-01 00:28:35,2024-01-01 00:42:20,0.23,,,,,,,False,20,3,1,True,False,terminal,rms_kurt,load_pipeline (invariant)
Ferrara,E6,42,RMS-Trend (kσ),rms_trend,decimate,20,1.67,2024-01-01 00:28:35,2024-01-01 00:42:20,0.23,0.03888888888888889,0.19027777777777777,0.0,0.1696969696969697,0.03888888888888889,0.0,True,10,3,1,True,False,terminal,rms_kurt,load_pipeline (invariant)
Ferrara,E6,42,3σ Rule (σ=3.0),three_sigma,decimate,20,1.67,2024-01-01 00:28:35,2024-01-01 00:42:20,0.23,0.0,,0.0,0.0,0.0,0.0,False,10,3,1,True,False,terminal,rms_kurt,load_pipeline (invariant)
Ferrara,E6,42,"EWMA (λ=0.2, k=3.0)",ewma,decimate,20,1.67,2024-01-01 00:28:35,2024-01-01 00:42:20,0.23,0.17777777777777778,0.05138888888888889,0.0,0.7757575757575759,0.17777777777777778,0.0,True,10,3,1,True,False,terminal,rms_kurt,load_pipeline (invariant)
Ferrara,E6,42,"CUSUM (k=0.5, h=5.0)",cusum,decimate,20,1.67,2024-01-01 00:28:35,2024-01-01 00:42:20,0.23,0.17777777777777778,0.05138888888888889,0.0,0.7757575757575759,0.17777777777777778,0.0,True,10,3,1,True,False,terminal,rms_kurt,load_pipeline (invariant)
Ferrara,E6,42,Hotelling T²,hotelling_t2,decimate,20,1.67,2024-01-01 00:28:35,2024-01-01 00:42:20,0.23,0.28888888888888886,,100.0,1.2606060606060605,0.0,100.0,False,10,3,1,True,False,terminal,rms_kurt,load_pipeline (invariant)
Ferrara,E6,42,Isolation Forest,isolation_forest,decimate,20,1.67,2024-01-01 00:28:35,2024-01-01 00:42:20,0.23,0.0,,0.0,0.0,0.0,0.0,False,10,3,1,True,False,terminal,rms_kurt,load_pipeline (invariant)
Ferrara,E6,42,Deep SVDD,deep_svdd,decimate,20,1.67,2024-01-01 00:28:35,2024-01-01 00:42:20,0.23,0.03888888888888889,0.19027777777777777,0.0,0.1696969696969697,0.03888888888888889,0.0,True,10,3,1,True,False,terminal,rms_kurt,load_pipeline (invariant)
Ferrara,E6,42,LSTM-Autoencoder,lstm_ae,decimate,20,1.67,2024-01-01 00:28:35,2024-01-01 00:42:20,0.23,,,,,,,False,10,3,1,True,False,terminal,rms_kurt,load_pipeline (invariant)
Ferrara,E6,42,TCN-Autoencoder,tcn,decimate,20,1.67,2024-01-01 00:28:35,2024-01-01 00:42:20,0.23,,,,,,,False,10,3,1,True,False,terminal,rms_kurt,load_pipeline (invariant)
Ferrara,E6,42,Transformer-AD,transformer_ad,decimate,20,1.67,2024-01-01 00:28:35,2024-01-01 00:42:20,0.23,,,,,,,False,10,3,1,True,False,terminal,rms_kurt,load_pipeline (invariant)
Ferrara,E1,42,One-Class SVM (nu=0.05),one_class_svm,aggregate,1,0.08,2024-01-01 06:44:40,2024-01-01 06:49:40,0.08,2.063888888888889,,9.68586387434555,24.76666666666667,2.063888888888889,0.0,True,393,10,3,False,False,terminal,rms_kurt,load_pipeline (invariant)
Ferrara,E1,42,One-Class SVM (nu=0.05),one_class_svm,aggregate,2,1.0,2024-01-01 06:44:40,2024-01-01 06:49:40,0.08,2.1944444444444446,,22.22222222222222,26.333333333333336,2.1944444444444446,0.0,False,82,5,4,False,False,terminal,rms_kurt,load_pipeline (invariant)
Ferrara,E1,42,One-Class SVM (nu=0.05),one_class_svm,aggregate,5,1.0,2024-01-01 06:44:40,2024-01-01 06:49:40,0.08,2.111111111111111,,18.75,25.333333333333336,2.111111111111111,0.0,False,164,3,2,True,False,terminal,rms_kurt,load_pipeline (invariant)
Ferrara,E1,42,One-Class SVM (nu=0.05),one_class_svm,aggregate,10,1.0,2024-01-01 06:44:40,2024-01-01 06:49:40,0.08,2.4944444444444445,,24.375,29.933333333333334,2.4944444444444445,0.0,False,164,3,1,True,False,terminal,rms_kurt,load_pipeline (invariant)
Ferrara,E1,42,One-Class SVM (nu=0.05),one_class_svm,aggregate,20,2.0,2024-01-01 06:44:40,2024-01-01 06:49:40,0.08,2.327777777777778,,40.74074074074074,27.933333333333337,2.327777777777778,0.0,False,82,3,1,True,False,terminal,rms_kurt,load_pipeline (invariant)
Ferrara,E1,42,One-Class SVM (nu=0.05),one_class_svm,decimate,1,0.08,2024-01-01 06:44:40,2024-01-01 06:49:40,0.08,2.063888888888889,,9.68586387434555,24.76666666666667,2.063888888888889,0.0,True,393,10,3,False,False,terminal,rms_kurt,load_pipeline (invariant)
Ferrara,E1,42,One-Class SVM (nu=0.05),one_class_svm,decimate,2,0.17,2024-01-01 06:44:40,2024-01-01 06:49:40,0.08,2.3833333333333333,,12.578616352201259,28.6,2.3833333333333333,0.0,False,492,5,4,False,False,terminal,rms_kurt,load_pipeline (invariant)
Ferrara,E1,42,One-Class SVM (nu=0.05),one_class_svm,decimate,5,0.42,2024-01-01 06:44:40,2024-01-01 06:49:40,0.08,2.709722222222222,,15.44502617801047,32.516666666666666,0.0,30.0,False,393,3,2,True,False,terminal,rms_kurt,load_pipeline (invariant)
Ferrara,E1,42,One-Class SVM (nu=0.05),one_class_svm,decimate,10,0.83,2024-01-01 06:44:40,2024-01-01 06:49:40,0.08,2.716666666666667,,21.98952879581152,32.6,0.0,30.0,False,196,3,1,True,False,terminal,rms_kurt,load_pipeline (invariant)
Ferrara,E1,42,One-Class SVM (nu=0.05),one_class_svm,decimate,20,1.67,2024-01-01 06:44:40,2024-01-01 06:49:40,0.08,2.4944444444444445,,30.208333333333332,29.933333333333334,2.4944444444444445,0.0,False,98,3,1,True,False,terminal,rms_kurt,load_pipeline (invariant)
Ferrara,E2,42,One-Class SVM (nu=0.05),one_class_svm,aggregate,1,0.08,2024-01-01 02:39:20,2024-01-01 02:45:20,0.1,0.9777777777777777,,67.58620689655173,9.777777777777777,0.9777777777777777,0.0,False,159,10,3,False,False,terminal,rms_kurt,load_pipeline (invariant)
Ferrara,E2,42,One-Class SVM (nu=0.05),one_class_svm,aggregate,2,1.0,2024-01-01 02:39:20,2024-01-01 02:45:20,0.1,1.0555555555555556,,93.54838709677419,10.555555555555555,1.0555555555555556,0.0,False,33,5,4,False,False,terminal,rms_kurt,load_pipeline (invariant)
Ferrara,E2,42,One-Class SVM (nu=0.05),one_class_svm,aggregate,5,1.0,2024-01-01 02:39:20,2024-01-01 02:45:20,0.1,1.0888888888888888,,95.08196721311475,10.888888888888888,0.0,75.0,False,66,3,2,True,False,terminal,rms_kurt,load_pipeline (invariant)
Ferrara,E2,42,One-Class SVM (nu=0.05),one_class_svm,aggregate,10,1.0,2024-01-01 02:39:20,2024-01-01 02:45:20,0.1,1.0888888888888888,,95.08196721311475,10.888888888888888,0.0,75.0,False,66,3,1,True,False,terminal,rms_kurt,load_pipeline (invariant)
Ferrara,E2,42,One-Class SVM (nu=0.05),one_class_svm,aggregate,20,2.0,2024-01-01 02:39:20,2024-01-01 02:45:20,0.1,1.0888888888888888,,90.32258064516128,10.888888888888888,0.0,50.0,False,33,3,1,True,False,terminal,rms_kurt,load_pipeline (invariant)
Ferrara,E2,42,One-Class SVM (nu=0.05),one_class_svm,decimate,1,0.08,2024-01-01 02:39:20,2024-01-01 02:45:20,0.1,0.9777777777777777,,67.58620689655173,9.777777777777777,0.9777777777777777,0.0,False,159,10,3,False,False,terminal,rms_kurt,load_pipeline (invariant)
Ferrara,E2,42,One-Class SVM (nu=0.05),one_class_svm,decimate,2,0.17,2024-01-01 02:39:20,2024-01-01 02:45:20,0.1,0.9666666666666667,,58.333333333333336,9.666666666666666,0.9666666666666667,0.0,False,198,5,4,False,False,terminal,rms_kurt,load_pipeline (invariant)
Ferrara,E2,42,One-Class SVM (nu=0.05),one_class_svm,decimate,5,0.42,2024-01-01 02:39:20,2024-01-01 02:45:20,0.1,1.0680555555555555,,63.44827586206897,10.680555555555555,0.0,25.0,False,158,3,2,True,False,terminal,rms_kurt,load_pipeline (invariant)
Ferrara,E2,42,One-Class SVM (nu=0.05),one_class_svm,decimate,10,0.83,2024-01-01 02:39:20,2024-01-01 02:45:20,0.1,1.0888888888888888,,82.1917808219178,10.888888888888888,0.0,25.0,False,79,3,1,True,False,terminal,rms_kurt,load_pipeline (invariant)
Ferrara,E2,42,One-Class SVM (nu=0.05),one_class_svm,decimate,20,1.67,2024-01-01 02:39:20,2024-01-01 02:45:20,0.1,1.1166666666666667,,83.78378378378379,11.166666666666666,0.0,33.33333333333333,False,40,3,1,True,False,terminal,rms_kurt,load_pipeline (invariant)
Ferrara,E3,42,One-Class SVM (nu=0.05),one_class_svm,aggregate,1,0.08,2024-01-01 01:49:45,2024-01-01 03:18:45,1.48,1.3263888888888888,0.15694444444444444,,0.894194756554307,0.0,100.0,True,191,10,3,False,False,terminal,rms_kurt,load_pipeline (invariant)
Ferrara,E3,42,One-Class SVM (nu=0.05),one_class_svm,aggregate,2,1.0,2024-01-01 01:49:45,2024-01-01 03:18:45,1.48,1.3458333333333334,0.1375,,0.9073033707865169,0.0,100.0,True,40,5,4,False,False,terminal,rms_kurt,load_pipeline (invariant)
Ferrara,E3,42,One-Class SVM (nu=0.05),one_class_svm,aggregate,5,1.0,2024-01-01 01:49:45,2024-01-01 03:18:45,1.48,1.3291666666666666,0.15416666666666667,,0.896067415730337,0.0,100.0,True,79,3,2,True,False,terminal,rms_kurt,load_pipeline (invariant)
Ferrara,E3,42,One-Class SVM (nu=0.05),one_class_svm,aggregate,10,1.0,2024-01-01 01:49:45,2024-01-01 03:18:45,1.48,1.3291666666666666,0.15416666666666667,,0.896067415730337,0.0,100.0,True,79,3,1,True,False,terminal,rms_kurt,load_pipeline (invariant)
Ferrara,E3,42,One-Class SVM (nu=0.05),one_class_svm,aggregate,20,2.0,2024-01-01 01:49:45,2024-01-01 03:18:45,1.48,1.3458333333333334,0.1375,,0.9073033707865169,0.0,100.0,True,40,3,1,True,False,terminal,rms_kurt,load_pipeline (invariant)
Ferrara,E3,42,One-Class SVM (nu=0.05),one_class_svm,decimate,1,0.08,2024-01-01 01:49:45,2024-01-01 03:18:45,1.48,1.3263888888888888,0.15694444444444444,,0.894194756554307,0.0,100.0,True,191,10,3,False,False,terminal,rms_kurt,load_pipeline (invariant)
Ferrara,E3,42,One-Class SVM (nu=0.05),one_class_svm,decimate,2,0.17,2024-01-01 01:49:45,2024-01-01 03:18:45,1.48,1.323611111111111,0.1597222222222222,,0.8923220973782771,0.0,100.0,True,238,5,4,False,False,terminal,rms_kurt,load_pipeline (invariant)
Ferrara,E3,42,One-Class SVM (nu=0.05),one_class_svm,decimate,5,0.42,2024-01-01 01:49:45,2024-01-01 03:18:45,1.48,1.3263888888888888,0.15694444444444444,,0.894194756554307,0.0,100.0,True,191,3,2,True,False,terminal,rms_kurt,load_pipeline (invariant)
Ferrara,E3,42,One-Class SVM (nu=0.05),one_class_svm,decimate,10,0.83,2024-01-01 01:49:45,2024-01-01 03:18:45,1.48,1.3263888888888888,0.15694444444444444,,0.894194756554307,0.0,100.0,True,95,3,1,True,False,terminal,rms_kurt,load_pipeline (invariant)
Ferrara,E3,42,One-Class SVM (nu=0.05),one_class_svm,decimate,20,1.67,2024-01-01 01:49:45,2024-01-01 03:18:45,1.48,1.3402777777777777,0.14305555555555555,,0.9035580524344569,0.0,100.0,True,48,3,1,True,False,terminal,rms_kurt,load_pipeline (invariant)
Ferrara,E4,42,One-Class SVM (nu=0.05),one_class_svm,aggregate,1,0.08,2024-01-01 00:48:40,2024-01-01 00:55:40,0.12,0.37222222222222223,,67.56756756756756,3.1904761904761907,0.0,100.0,False,53,10,3,False,False,terminal,rms_kurt,load_pipeline (invariant)
Ferrara,E4,42,One-Class SVM (nu=0.05),one_class_svm,aggregate,2,1.0,2024-01-01 00:48:40,2024-01-01 00:55:40,0.12,0.39444444444444443,,100.0,3.380952380952381,0.0,100.0,False,11,5,4,False,False,terminal,rms_kurt,load_pipeline (invariant)
Ferrara,E4,42,One-Class SVM (nu=0.05),one_class_svm,aggregate,5,1.0,2024-01-01 00:48:40,2024-01-01 00:55:40,0.12,0.37777777777777777,,100.0,3.238095238095238,0.0,100.0,False,22,3,2,True,False,terminal,rms_kurt,load_pipeline (invariant)
Ferrara,E4,42,One-Class SVM (nu=0.05),one_class_svm,aggregate,10,1.0,2024-01-01 00:48:40,2024-01-01 00:55:40,0.12,0.37777777777777777,,100.0,3.238095238095238,0.0,100.0,False,22,3,1,True,False,terminal,rms_kurt,load_pipeline (invariant)
Ferrara,E4,42,One-Class SVM (nu=0.05),one_class_svm,aggregate,20,2.0,2024-01-01 00:48:40,2024-01-01 00:55:40,0.12,0.39444444444444443,,100.0,3.380952380952381,0.0,100.0,False,11,3,1,True,False,terminal,rms_kurt,load_pipeline (invariant)
Ferrara,E4,42,One-Class SVM (nu=0.05),one_class_svm,decimate,1,0.08,2024-01-01 00:48:40,2024-01-01 00:55:40,0.12,0.37222222222222223,,67.56756756756756,3.1904761904761907,0.0,100.0,False,53,10,3,False,False,terminal,rms_kurt,load_pipeline (invariant)
Ferrara,E4,42,One-Class SVM (nu=0.05),one_class_svm,decimate,2,0.17,2024-01-01 00:48:40,2024-01-01 00:55:40,0.12,0.35555555555555557,,69.56521739130434,3.047619047619048,0.0,25.0,False,67,5,4,False,False,terminal,rms_kurt,load_pipeline (invariant)
Ferrara,E4,42,One-Class SVM (nu=0.05),one_class_svm,decimate,5,0.42,2024-01-01 00:48:40,2024-01-01 00:55:40,0.12,0.37222222222222223,,67.56756756756756,3.1904761904761907,0.0,100.0,False,53,3,2,True,False,terminal,rms_kurt,load_pipeline (invariant)
Ferrara,E4,42,One-Class SVM (nu=0.05),one_class_svm,decimate,10,0.83,2024-01-01 00:48:40,2024-01-01 00:55:40,0.12,0.33055555555555555,,73.68421052631578,2.833333333333333,0.33055555555555555,0.0,False,26,3,1,True,False,terminal,rms_kurt,load_pipeline (invariant)
Ferrara,E4,42,One-Class SVM (nu=0.05),one_class_svm,decimate,20,1.67,2024-01-01 00:48:40,2024-01-01 00:55:40,0.12,0.37222222222222223,,100.0,3.1904761904761907,0.0,100.0,False,13,3,1,True,False,terminal,rms_kurt,load_pipeline (invariant)
Ferrara,E5,42,One-Class SVM (nu=0.05),one_class_svm,aggregate,1,0.08,2024-01-01 02:17:30,2024-01-01 02:23:20,0.1,0.9027777777777778,,11.29032258064516,9.285714285714286,0.9027777777777778,0.0,False,138,10,3,False,False,terminal,rms_kurt,load_pipeline (invariant)
Ferrara,E5,42,One-Class SVM (nu=0.05),one_class_svm,aggregate,2,1.0,2024-01-01 02:17:30,2024-01-01 02:23:20,0.1,0.9555555555555556,,100.0,9.82857142857143,0.0,100.0,False,28,5,4,False,False,terminal,rms_kurt,load_pipeline (invariant)
Ferrara,E5,42,One-Class SVM (nu=0.05),one_class_svm,aggregate,5,1.0,2024-01-01 02:17:30,2024-01-01 02:23:20,0.1,0.9555555555555556,,92.3076923076923,9.82857142857143,0.0,100.0,False,57,3,2,True,False,terminal,rms_kurt,load_pipeline (invariant)
Ferrara,E5,42,One-Class SVM (nu=0.05),one_class_svm,aggregate,10,1.0,2024-01-01 02:17:30,2024-01-01 02:23:20,0.1,0.9555555555555556,,92.3076923076923,9.82857142857143,0.0,100.0,False,57,3,1,True,False,terminal,rms_kurt,load_pipeline (invariant)
Ferrara,E5,42,One-Class SVM (nu=0.05),one_class_svm,aggregate,20,2.0,2024-01-01 02:17:30,2024-01-01 02:23:20,0.1,0.9555555555555556,,96.15384615384616,9.82857142857143,0.0,100.0,False,28,3,1,True,False,terminal,rms_kurt,load_pipeline (invariant)
Ferrara,E5,42,One-Class SVM (nu=0.05),one_class_svm,decimate,1,0.08,2024-01-01 02:17:30,2024-01-01 02:23:20,0.1,0.9027777777777778,,11.29032258064516,9.285714285714286,0.9027777777777778,0.0,False,138,10,3,False,False,terminal,rms_kurt,load_pipeline (invariant)
Ferrara,E5,42,One-Class SVM (nu=0.05),one_class_svm,decimate,2,0.17,2024-01-01 02:17:30,2024-01-01 02:23:20,0.1,0.5277777777777778,,4.516129032258064,5.428571428571429,0.5277777777777778,0.0,True,172,5,4,False,False,terminal,rms_kurt,load_pipeline (invariant)
Ferrara,E5,42,One-Class SVM (nu=0.05),one_class_svm,decimate,5,0.42,2024-01-01 02:17:30,2024-01-01 02:23:20,0.1,0.9166666666666666,,20.161290322580644,9.428571428571429,0.0,14.285714285714285,False,138,3,2,True,False,terminal,rms_kurt,load_pipeline (invariant)
Ferrara,E5,42,One-Class SVM (nu=0.05),one_class_svm,decimate,10,0.83,2024-01-01 02:17:30,2024-01-01 02:23:20,0.1,0.9444444444444444,,38.70967741935484,9.714285714285714,0.0,50.0,False,69,3,1,True,False,terminal,rms_kurt,load_pipeline (invariant)
Ferrara,E5,42,One-Class SVM (nu=0.05),one_class_svm,decimate,20,1.67,2024-01-01 02:17:30,2024-01-01 02:23:20,0.1,0.8055555555555556,,64.51612903225806,8.285714285714286,0.8055555555555556,0.0,False,34,3,1,True,False,terminal,rms_kurt,load_pipeline (invariant)
Ferrara,E6,42,One-Class SVM (nu=0.05),one_class_svm,aggregate,1,0.08,2024-01-01 00:28:35,2024-01-01 00:42:20,0.23,0.23333333333333334,,12.5,1.0181818181818183,0.23333333333333334,0.0,False,40,10,3,False,False,terminal,rms_kurt,load_pipeline (invariant)
Ferrara,E6,42,One-Class SVM (nu=0.05),one_class_svm,aggregate,2,1.0,2024-01-01 00:28:35,2024-01-01 00:42:20,0.23,0.2722222222222222,,100.0,1.1878787878787878,0.0,100.0,False,8,5,4,False,False,terminal,rms_kurt,load_pipeline (invariant)
Ferrara,E6,42,One-Class SVM (nu=0.05),one_class_svm,aggregate,5,1.0,2024-01-01 00:28:35,2024-01-01 00:42:20,0.23,0.25555555555555554,,50.0,1.115151515151515,0.25555555555555554,0.0,False,17,3,2,True,False,terminal,rms_kurt,load_pipeline (invariant)
Ferrara,E6,42,One-Class SVM (nu=0.05),one_class_svm,aggregate,10,1.0,2024-01-01 00:28:35,2024-01-01 00:42:20,0.23,0.25555555555555554,,50.0,1.115151515151515,0.25555555555555554,0.0,False,17,3,1,True,False,terminal,rms_kurt,load_pipeline (invariant)
Ferrara,E6,42,One-Class SVM (nu=0.05),one_class_svm,aggregate,20,2.0,2024-01-01 00:28:35,2024-01-01 00:42:20,0.23,0.2722222222222222,,100.0,1.1878787878787878,0.0,100.0,False,8,3,1,True,False,terminal,rms_kurt,load_pipeline (invariant)
Ferrara,E6,42,One-Class SVM (nu=0.05),one_class_svm,decimate,1,0.08,2024-01-01 00:28:35,2024-01-01 00:42:20,0.23,0.23333333333333334,,12.5,1.0181818181818183,0.23333333333333334,0.0,False,40,10,3,False,False,terminal,rms_kurt,load_pipeline (invariant)
Ferrara,E6,42,One-Class SVM (nu=0.05),one_class_svm,decimate,2,0.17,2024-01-01 00:28:35,2024-01-01 00:42:20,0.23,0.23333333333333334,,10.0,1.0181818181818183,0.23333333333333334,0.0,True,51,5,4,False,False,terminal,rms_kurt,load_pipeline (invariant)
Ferrara,E6,42,One-Class SVM (nu=0.05),one_class_svm,decimate,5,0.42,2024-01-01 00:28:35,2024-01-01 00:42:20,0.23,0.23333333333333334,,12.5,1.0181818181818183,0.23333333333333334,0.0,False,40,3,2,True,False,terminal,rms_kurt,load_pipeline (invariant)
Ferrara,E6,42,One-Class SVM (nu=0.05),one_class_svm,decimate,10,0.83,2024-01-01 00:28:35,2024-01-01 00:42:20,0.23,0.23333333333333334,,20.0,1.0181818181818183,0.23333333333333334,0.0,False,20,3,1,True,False,terminal,rms_kurt,load_pipeline (invariant)
Ferrara,E6,42,One-Class SVM (nu=0.05),one_class_svm,decimate,20,1.67,2024-01-01 00:28:35,2024-01-01 00:42:20,0.23,0.23333333333333334,,33.33333333333333,1.0181818181818183,0.23333333333333334,0.0,False,10,3,1,True,False,terminal,rms_kurt,load_pipeline (invariant)
