dataset,run,seed,method,short_name,mode,factor,effective_interval_min,t_onset,t_fail,max_lead_hours,lead_time_hours,detection_delay_hours,far_preonset_pct,lead_norm,vlt_legacy_hours,far_legacy_pct,valid_alarm,n_test_windows,window_rows,persistence_windows,window_floored,control,onset_method,onset_indicator,feature_mode
FEMTO,Bearing1_1,42,RMS-Trend (kσ),rms_trend,aggregate,1,0.17,2011-01-01 03:39:30,2011-01-01 07:47:00,4.12,0.06111111111111111,4.063888888888889,,0.014814814814814814,0.06111111111111111,0.0,True,224,10,3,False,False,terminal,kurt_only,load_pipeline (invariant)
FEMTO,Bearing1_1,42,3σ Rule (σ=3.0),three_sigma,aggregate,1,0.17,2011-01-01 03:39:30,2011-01-01 07:47:00,4.12,0.15833333333333333,3.966666666666667,,0.03838383838383838,0.15833333333333333,0.0,True,224,10,3,False,False,terminal,kurt_only,load_pipeline (invariant)
FEMTO,Bearing1_1,42,"EWMA (λ=0.2, k=3.0)",ewma,aggregate,1,0.17,2011-01-01 03:39:30,2011-01-01 07:47:00,4.12,0.15833333333333333,3.966666666666667,,0.03838383838383838,0.15833333333333333,0.0,True,224,10,3,False,False,terminal,kurt_only,load_pipeline (invariant)
FEMTO,Bearing1_1,42,"CUSUM (k=0.5, h=5.0)",cusum,aggregate,1,0.17,2011-01-01 03:39:30,2011-01-01 07:47:00,4.12,0.4222222222222222,3.702777777777778,,0.10235690235690235,0.4222222222222222,0.0,True,224,10,3,False,False,terminal,kurt_only,load_pipeline (invariant)
FEMTO,Bearing1_1,42,Hotelling T²,hotelling_t2,aggregate,1,0.17,2011-01-01 03:39:30,2011-01-01 07:47:00,4.12,0.575,3.55,,0.13939393939393938,0.575,0.0,True,224,10,3,False,False,terminal,kurt_only,load_pipeline (invariant)
FEMTO,Bearing1_1,42,Isolation Forest,isolation_forest,aggregate,1,0.17,2011-01-01 03:39:30,2011-01-01 07:47:00,4.12,0.17222222222222222,3.952777777777778,,0.041750841750841754,0.17222222222222222,0.0,True,224,10,3,False,False,terminal,kurt_only,load_pipeline (invariant)
FEMTO,Bearing1_1,42,Deep SVDD,deep_svdd,aggregate,1,0.17,2011-01-01 03:39:30,2011-01-01 07:47:00,4.12,0.0,,,0.0,0.0,0.0,False,224,10,3,False,False,terminal,kurt_only,load_pipeline (invariant)
FEMTO,Bearing1_1,42,LSTM-Autoencoder,lstm_ae,aggregate,1,0.17,2011-01-01 03:39:30,2011-01-01 07:47:00,4.12,3.1166666666666667,1.0083333333333333,,0.7555555555555555,0.0,100.0,True,224,10,3,False,False,terminal,kurt_only,load_pipeline (invariant)
FEMTO,Bearing1_1,42,TCN-Autoencoder,tcn,aggregate,1,0.17,2011-01-01 03:39:30,2011-01-01 07:47:00,4.12,3.1166666666666667,1.0083333333333333,,0.7555555555555555,0.0,100.0,True,224,10,3,False,False,terminal,kurt_only,load_pipeline (invariant)
FEMTO,Bearing1_1,42,Transformer-AD,transformer_ad,aggregate,1,0.17,2011-01-01 03:39:30,2011-01-01 07:47:00,4.12,3.1166666666666667,1.0083333333333333,,0.7555555555555555,0.0,100.0,True,224,10,3,False,False,terminal,kurt_only,load_pipeline (invariant)
FEMTO,Bearing1_1,42,RMS-Trend (kσ),rms_trend,aggregate,2,1.0,2011-01-01 03:39:30,2011-01-01 07:47:00,4.12,0.0,,,0.0,0.0,0.0,False,93,5,4,False,False,terminal,kurt_only,load_pipeline (invariant)
FEMTO,Bearing1_1,42,3σ Rule (σ=3.0),three_sigma,aggregate,2,1.0,2011-01-01 03:39:30,2011-01-01 07:47:00,4.12,0.21666666666666667,3.908333333333333,,0.05252525252525253,0.21666666666666667,0.0,True,93,5,4,False,False,terminal,kurt_only,load_pipeline (invariant)
FEMTO,Bearing1_1,42,"EWMA (λ=0.2, k=3.0)",ewma,aggregate,2,1.0,2011-01-01 03:39:30,2011-01-01 07:47:00,4.12,0.21666666666666667,3.908333333333333,,0.05252525252525253,0.21666666666666667,0.0,True,93,5,4,False,False,terminal,kurt_only,load_pipeline (invariant)
FEMTO,Bearing1_1,42,"CUSUM (k=0.5, h=5.0)",cusum,aggregate,2,1.0,2011-01-01 03:39:30,2011-01-01 07:47:00,4.12,0.5833333333333334,3.5416666666666665,,0.14141414141414144,0.5833333333333334,0.0,True,93,5,4,False,False,terminal,kurt_only,load_pipeline (invariant)
FEMTO,Bearing1_1,42,Hotelling T²,hotelling_t2,aggregate,2,1.0,2011-01-01 03:39:30,2011-01-01 07:47:00,4.12,2.15,1.975,,0.5212121212121212,2.15,0.0,True,93,5,4,False,False,terminal,kurt_only,load_pipeline (invariant)
FEMTO,Bearing1_1,42,Isolation Forest,isolation_forest,aggregate,2,1.0,2011-01-01 03:39:30,2011-01-01 07:47:00,4.12,0.5833333333333334,3.5416666666666665,,0.14141414141414144,0.5833333333333334,0.0,True,93,5,4,False,False,terminal,kurt_only,load_pipeline (invariant)
FEMTO,Bearing1_1,42,Deep SVDD,deep_svdd,aggregate,2,1.0,2011-01-01 03:39:30,2011-01-01 07:47:00,4.12,0.0,,,0.0,0.0,0.0,False,93,5,4,False,False,terminal,kurt_only,load_pipeline (invariant)
FEMTO,Bearing1_1,42,LSTM-Autoencoder,lstm_ae,aggregate,2,1.0,2011-01-01 03:39:30,2011-01-01 07:47:00,4.12,3.1166666666666667,1.0083333333333333,,0.7555555555555555,0.0,100.0,True,93,5,4,False,False,terminal,kurt_only,load_pipeline (invariant)
FEMTO,Bearing1_1,42,TCN-Autoencoder,tcn,aggregate,2,1.0,2011-01-01 03:39:30,2011-01-01 07:47:00,4.12,3.1166666666666667,1.0083333333333333,,0.7555555555555555,0.0,100.0,True,93,5,4,False,False,terminal,kurt_only,load_pipeline (invariant)
FEMTO,Bearing1_1,42,Transformer-AD,transformer_ad,aggregate,2,1.0,2011-01-01 03:39:30,2011-01-01 07:47:00,4.12,3.1166666666666667,1.0083333333333333,,0.7555555555555555,0.0,100.0,True,93,5,4,False,False,terminal,kurt_only,load_pipeline (invariant)
FEMTO,Bearing1_1,42,RMS-Trend (kσ),rms_trend,aggregate,5,1.0,2011-01-01 03:39:30,2011-01-01 07:47:00,4.12,0.16666666666666666,3.9583333333333335,,0.0404040404040404,0.16666666666666666,0.0,True,187,3,2,True,False,terminal,kurt_only,load_pipeline (invariant)
FEMTO,Bearing1_1,42,3σ Rule (σ=3.0),three_sigma,aggregate,5,1.0,2011-01-01 03:39:30,2011-01-01 07:47:00,4.12,0.16666666666666666,3.9583333333333335,,0.0404040404040404,0.16666666666666666,0.0,True,187,3,2,True,False,terminal,kurt_only,load_pipeline (invariant)
FEMTO,Bearing1_1,42,"EWMA (λ=0.2, k=3.0)",ewma,aggregate,5,1.0,2011-01-01 03:39:30,2011-01-01 07:47:00,4.12,0.16666666666666666,3.9583333333333335,,0.0404040404040404,0.16666666666666666,0.0,True,187,3,2,True,False,terminal,kurt_only,load_pipeline (invariant)
FEMTO,Bearing1_1,42,"CUSUM (k=0.5, h=5.0)",cusum,aggregate,5,1.0,2011-01-01 03:39:30,2011-01-01 07:47:00,4.12,0.4,3.725,,0.09696969696969697,0.4,0.0,True,187,3,2,True,False,terminal,kurt_only,load_pipeline (invariant)
FEMTO,Bearing1_1,42,Hotelling T²,hotelling_t2,aggregate,5,1.0,2011-01-01 03:39:30,2011-01-01 07:47:00,4.12,1.6833333333333333,2.441666666666667,,0.4080808080808081,1.6833333333333333,0.0,True,187,3,2,True,False,terminal,kurt_only,load_pipeline (invariant)
FEMTO,Bearing1_1,42,Isolation Forest,isolation_forest,aggregate,5,1.0,2011-01-01 03:39:30,2011-01-01 07:47:00,4.12,1.5333333333333334,2.591666666666667,,0.3717171717171717,1.5333333333333334,0.0,True,187,3,2,True,False,terminal,kurt_only,load_pipeline (invariant)
FEMTO,Bearing1_1,42,Deep SVDD,deep_svdd,aggregate,5,1.0,2011-01-01 03:39:30,2011-01-01 07:47:00,4.12,0.03333333333333333,4.091666666666667,,0.00808080808080808,0.03333333333333333,0.0,True,187,3,2,True,False,terminal,kurt_only,load_pipeline (invariant)
FEMTO,Bearing1_1,42,LSTM-Autoencoder,lstm_ae,aggregate,5,1.0,2011-01-01 03:39:30,2011-01-01 07:47:00,4.12,2.6166666666666667,1.5083333333333333,,0.6343434343434343,2.6166666666666667,0.0,True,187,3,2,True,False,terminal,kurt_only,load_pipeline (invariant)
FEMTO,Bearing1_1,42,TCN-Autoencoder,tcn,aggregate,5,1.0,2011-01-01 03:39:30,2011-01-01 07:47:00,4.12,3.1166666666666667,1.0083333333333333,,0.7555555555555555,0.0,100.0,True,187,3,2,True,False,terminal,kurt_only,load_pipeline (invariant)
FEMTO,Bearing1_1,42,Transformer-AD,transformer_ad,aggregate,5,1.0,2011-01-01 03:39:30,2011-01-01 07:47:00,4.12,3.1166666666666667,1.0083333333333333,,0.7555555555555555,0.0,100.0,True,187,3,2,True,False,terminal,kurt_only,load_pipeline (invariant)
FEMTO,Bearing1_1,42,RMS-Trend (kσ),rms_trend,aggregate,10,2.0,2011-01-01 03:39:30,2011-01-01 07:47:00,4.12,0.15,3.975,,0.03636363636363636,0.15,0.0,True,93,3,1,True,False,terminal,kurt_only,load_pipeline (invariant)
FEMTO,Bearing1_1,42,3σ Rule (σ=3.0),three_sigma,aggregate,10,2.0,2011-01-01 03:39:30,2011-01-01 07:47:00,4.12,0.18333333333333332,3.941666666666667,,0.04444444444444444,0.18333333333333332,0.0,True,93,3,1,True,False,terminal,kurt_only,load_pipeline (invariant)
FEMTO,Bearing1_1,42,"EWMA (λ=0.2, k=3.0)",ewma,aggregate,10,2.0,2011-01-01 03:39:30,2011-01-01 07:47:00,4.12,0.18333333333333332,3.941666666666667,,0.04444444444444444,0.18333333333333332,0.0,True,93,3,1,True,False,terminal,kurt_only,load_pipeline (invariant)
FEMTO,Bearing1_1,42,"CUSUM (k=0.5, h=5.0)",cusum,aggregate,10,2.0,2011-01-01 03:39:30,2011-01-01 07:47:00,4.12,0.5166666666666667,3.6083333333333334,,0.12525252525252525,0.5166666666666667,0.0,True,93,3,1,True,False,terminal,kurt_only,load_pipeline (invariant)
FEMTO,Bearing1_1,42,Hotelling T²,hotelling_t2,aggregate,10,2.0,2011-01-01 03:39:30,2011-01-01 07:47:00,4.12,2.216666666666667,1.9083333333333334,,0.5373737373737374,2.216666666666667,0.0,True,93,3,1,True,False,terminal,kurt_only,load_pipeline (invariant)
FEMTO,Bearing1_1,42,Isolation Forest,isolation_forest,aggregate,10,2.0,2011-01-01 03:39:30,2011-01-01 07:47:00,4.12,0.18333333333333332,3.941666666666667,,0.04444444444444444,0.18333333333333332,0.0,True,93,3,1,True,False,terminal,kurt_only,load_pipeline (invariant)
FEMTO,Bearing1_1,42,Deep SVDD,deep_svdd,aggregate,10,2.0,2011-01-01 03:39:30,2011-01-01 07:47:00,4.12,0.05,4.075,,0.012121212121212121,0.05,0.0,True,93,3,1,True,False,terminal,kurt_only,load_pipeline (invariant)
FEMTO,Bearing1_1,42,LSTM-Autoencoder,lstm_ae,aggregate,10,2.0,2011-01-01 03:39:30,2011-01-01 07:47:00,4.12,3.1166666666666667,1.0083333333333333,,0.7555555555555555,0.0,100.0,True,93,3,1,True,False,terminal,kurt_only,load_pipeline (invariant)
FEMTO,Bearing1_1,42,TCN-Autoencoder,tcn,aggregate,10,2.0,2011-01-01 03:39:30,2011-01-01 07:47:00,4.12,3.1166666666666667,1.0083333333333333,,0.7555555555555555,0.0,100.0,True,93,3,1,True,False,terminal,kurt_only,load_pipeline (invariant)
FEMTO,Bearing1_1,42,Transformer-AD,transformer_ad,aggregate,10,2.0,2011-01-01 03:39:30,2011-01-01 07:47:00,4.12,3.1166666666666667,1.0083333333333333,,0.7555555555555555,0.0,100.0,True,93,3,1,True,False,terminal,kurt_only,load_pipeline (invariant)
FEMTO,Bearing1_1,42,RMS-Trend (kσ),rms_trend,aggregate,20,3.0,2011-01-01 03:39:30,2011-01-01 07:47:00,4.12,0.18333333333333332,3.941666666666667,,0.04444444444444444,0.18333333333333332,0.0,True,62,3,1,True,False,terminal,kurt_only,load_pipeline (invariant)
FEMTO,Bearing1_1,42,3σ Rule (σ=3.0),three_sigma,aggregate,20,3.0,2011-01-01 03:39:30,2011-01-01 07:47:00,4.12,0.18333333333333332,3.941666666666667,,0.04444444444444444,0.18333333333333332,0.0,True,62,3,1,True,False,terminal,kurt_only,load_pipeline (invariant)
FEMTO,Bearing1_1,42,"EWMA (λ=0.2, k=3.0)",ewma,aggregate,20,3.0,2011-01-01 03:39:30,2011-01-01 07:47:00,4.12,0.23333333333333334,3.8916666666666666,,0.05656565656565657,0.23333333333333334,0.0,True,62,3,1,True,False,terminal,kurt_only,load_pipeline (invariant)
FEMTO,Bearing1_1,42,"CUSUM (k=0.5, h=5.0)",cusum,aggregate,20,3.0,2011-01-01 03:39:30,2011-01-01 07:47:00,4.12,0.3333333333333333,3.7916666666666665,,0.0808080808080808,0.3333333333333333,0.0,True,62,3,1,True,False,terminal,kurt_only,load_pipeline (invariant)
FEMTO,Bearing1_1,42,Hotelling T²,hotelling_t2,aggregate,20,3.0,2011-01-01 03:39:30,2011-01-01 07:47:00,4.12,2.8833333333333333,1.2416666666666667,,0.6989898989898989,2.8833333333333333,0.0,True,62,3,1,True,False,terminal,kurt_only,load_pipeline (invariant)
FEMTO,Bearing1_1,42,Isolation Forest,isolation_forest,aggregate,20,3.0,2011-01-01 03:39:30,2011-01-01 07:47:00,4.12,0.23333333333333334,3.8916666666666666,,0.05656565656565657,0.23333333333333334,0.0,True,62,3,1,True,False,terminal,kurt_only,load_pipeline (invariant)
FEMTO,Bearing1_1,42,Deep SVDD,deep_svdd,aggregate,20,3.0,2011-01-01 03:39:30,2011-01-01 07:47:00,4.12,0.08333333333333333,4.041666666666667,,0.0202020202020202,0.08333333333333333,0.0,True,62,3,1,True,False,terminal,kurt_only,load_pipeline (invariant)
FEMTO,Bearing1_1,42,LSTM-Autoencoder,lstm_ae,aggregate,20,3.0,2011-01-01 03:39:30,2011-01-01 07:47:00,4.12,3.1333333333333333,0.9916666666666667,,0.7595959595959596,0.0,100.0,True,62,3,1,True,False,terminal,kurt_only,load_pipeline (invariant)
FEMTO,Bearing1_1,42,TCN-Autoencoder,tcn,aggregate,20,3.0,2011-01-01 03:39:30,2011-01-01 07:47:00,4.12,3.1333333333333333,0.9916666666666667,,0.7595959595959596,0.0,100.0,True,62,3,1,True,False,terminal,kurt_only,load_pipeline (invariant)
FEMTO,Bearing1_1,42,Transformer-AD,transformer_ad,aggregate,20,3.0,2011-01-01 03:39:30,2011-01-01 07:47:00,4.12,3.1333333333333333,0.9916666666666667,,0.7595959595959596,0.0,100.0,True,62,3,1,True,False,terminal,kurt_only,load_pipeline (invariant)
FEMTO,Bearing1_1,42,RMS-Trend (kσ),rms_trend,decimate,1,0.17,2011-01-01 03:39:30,2011-01-01 07:47:00,4.12,0.06111111111111111,4.063888888888889,,0.014814814814814814,0.06111111111111111,0.0,True,224,10,3,False,False,terminal,kurt_only,load_pipeline (invariant)
FEMTO,Bearing1_1,42,3σ Rule (σ=3.0),three_sigma,decimate,1,0.17,2011-01-01 03:39:30,2011-01-01 07:47:00,4.12,0.15833333333333333,3.966666666666667,,0.03838383838383838,0.15833333333333333,0.0,True,224,10,3,False,False,terminal,kurt_only,load_pipeline (invariant)
FEMTO,Bearing1_1,42,"EWMA (λ=0.2, k=3.0)",ewma,decimate,1,0.17,2011-01-01 03:39:30,2011-01-01 07:47:00,4.12,0.15833333333333333,3.966666666666667,,0.03838383838383838,0.15833333333333333,0.0,True,224,10,3,False,False,terminal,kurt_only,load_pipeline (invariant)
FEMTO,Bearing1_1,42,"CUSUM (k=0.5, h=5.0)",cusum,decimate,1,0.17,2011-01-01 03:39:30,2011-01-01 07:47:00,4.12,0.4222222222222222,3.702777777777778,,0.10235690235690235,0.4222222222222222,0.0,True,224,10,3,False,False,terminal,kurt_only,load_pipeline (invariant)
FEMTO,Bearing1_1,42,Hotelling T²,hotelling_t2,decimate,1,0.17,2011-01-01 03:39:30,2011-01-01 07:47:00,4.12,0.575,3.55,,0.13939393939393938,0.575,0.0,True,224,10,3,False,False,terminal,kurt_only,load_pipeline (invariant)
FEMTO,Bearing1_1,42,Isolation Forest,isolation_forest,decimate,1,0.17,2011-01-01 03:39:30,2011-01-01 07:47:00,4.12,0.17222222222222222,3.952777777777778,,0.041750841750841754,0.17222222222222222,0.0,True,224,10,3,False,False,terminal,kurt_only,load_pipeline (invariant)
FEMTO,Bearing1_1,42,Deep SVDD,deep_svdd,decimate,1,0.17,2011-01-01 03:39:30,2011-01-01 07:47:00,4.12,0.0,,,0.0,0.0,0.0,False,224,10,3,False,False,terminal,kurt_only,load_pipeline (invariant)
FEMTO,Bearing1_1,42,LSTM-Autoencoder,lstm_ae,decimate,1,0.17,2011-01-01 03:39:30,2011-01-01 07:47:00,4.12,3.1166666666666667,1.0083333333333333,,0.7555555555555555,0.0,100.0,True,224,10,3,False,False,terminal,kurt_only,load_pipeline (invariant)
FEMTO,Bearing1_1,42,TCN-Autoencoder,tcn,decimate,1,0.17,2011-01-01 03:39:30,2011-01-01 07:47:00,4.12,3.1166666666666667,1.0083333333333333,,0.7555555555555555,0.0,100.0,True,224,10,3,False,False,terminal,kurt_only,load_pipeline (invariant)
FEMTO,Bearing1_1,42,Transformer-AD,transformer_ad,decimate,1,0.17,2011-01-01 03:39:30,2011-01-01 07:47:00,4.12,3.1166666666666667,1.0083333333333333,,0.7555555555555555,0.0,100.0,True,224,10,3,False,False,terminal,kurt_only,load_pipeline (invariant)
FEMTO,Bearing1_1,42,RMS-Trend (kσ),rms_trend,decimate,2,0.33,2011-01-01 03:39:30,2011-01-01 07:47:00,4.12,0.10555555555555556,4.019444444444445,,0.02558922558922559,0.10555555555555556,0.0,True,280,5,4,False,False,terminal,kurt_only,load_pipeline (invariant)
FEMTO,Bearing1_1,42,3σ Rule (σ=3.0),three_sigma,decimate,2,0.33,2011-01-01 03:39:30,2011-01-01 07:47:00,4.12,0.5833333333333334,3.5416666666666665,,0.14141414141414144,0.5833333333333334,0.0,True,280,5,4,False,False,terminal,kurt_only,load_pipeline (invariant)
FEMTO,Bearing1_1,42,"EWMA (λ=0.2, k=3.0)",ewma,decimate,2,0.33,2011-01-01 03:39:30,2011-01-01 07:47:00,4.12,0.16111111111111112,3.963888888888889,,0.03905723905723906,0.16111111111111112,0.0,True,280,5,4,False,False,terminal,kurt_only,load_pipeline (invariant)
FEMTO,Bearing1_1,42,"CUSUM (k=0.5, h=5.0)",cusum,decimate,2,0.33,2011-01-01 03:39:30,2011-01-01 07:47:00,4.12,0.6166666666666667,3.5083333333333333,,0.14949494949494951,0.6166666666666667,0.0,True,280,5,4,False,False,terminal,kurt_only,load_pipeline (invariant)
FEMTO,Bearing1_1,42,Hotelling T²,hotelling_t2,decimate,2,0.33,2011-01-01 03:39:30,2011-01-01 07:47:00,4.12,2.1055555555555556,2.0194444444444444,,0.5104377104377105,2.1055555555555556,0.0,True,280,5,4,False,False,terminal,kurt_only,load_pipeline (invariant)
FEMTO,Bearing1_1,42,Isolation Forest,isolation_forest,decimate,2,0.33,2011-01-01 03:39:30,2011-01-01 07:47:00,4.12,1.8388888888888888,2.286111111111111,,0.4457912457912458,1.8388888888888888,0.0,True,280,5,4,False,False,terminal,kurt_only,load_pipeline (invariant)
FEMTO,Bearing1_1,42,Deep SVDD,deep_svdd,decimate,2,0.33,2011-01-01 03:39:30,2011-01-01 07:47:00,4.12,0.05,4.075,,0.012121212121212121,0.05,0.0,True,280,5,4,False,False,terminal,kurt_only,load_pipeline (invariant)
FEMTO,Bearing1_1,42,LSTM-Autoencoder,lstm_ae,decimate,2,0.33,2011-01-01 03:39:30,2011-01-01 07:47:00,4.12,3.1166666666666667,1.0083333333333333,,0.7555555555555555,0.0,100.0,True,280,5,4,False,False,terminal,kurt_only,load_pipeline (invariant)
FEMTO,Bearing1_1,42,TCN-Autoencoder,tcn,decimate,2,0.33,2011-01-01 03:39:30,2011-01-01 07:47:00,4.12,3.1166666666666667,1.0083333333333333,,0.7555555555555555,0.0,100.0,True,280,5,4,False,False,terminal,kurt_only,load_pipeline (invariant)
FEMTO,Bearing1_1,42,Transformer-AD,transformer_ad,decimate,2,0.33,2011-01-01 03:39:30,2011-01-01 07:47:00,4.12,3.1166666666666667,1.0083333333333333,,0.7555555555555555,0.0,100.0,True,280,5,4,False,False,terminal,kurt_only,load_pipeline (invariant)
FEMTO,Bearing1_1,42,RMS-Trend (kσ),rms_trend,decimate,5,0.83,2011-01-01 03:39:30,2011-01-01 07:47:00,4.12,2.5194444444444444,1.6055555555555556,,0.6107744107744107,2.5194444444444444,0.0,True,224,3,2,True,False,terminal,kurt_only,load_pipeline (invariant)
FEMTO,Bearing1_1,42,3σ Rule (σ=3.0),three_sigma,decimate,5,0.83,2011-01-01 03:39:30,2011-01-01 07:47:00,4.12,2.5194444444444444,1.6055555555555556,,0.6107744107744107,2.5194444444444444,0.0,True,224,3,2,True,False,terminal,kurt_only,load_pipeline (invariant)
FEMTO,Bearing1_1,42,"EWMA (λ=0.2, k=3.0)",ewma,decimate,5,0.83,2011-01-01 03:39:30,2011-01-01 07:47:00,4.12,0.15833333333333333,3.966666666666667,,0.03838383838383838,0.15833333333333333,0.0,True,224,3,2,True,False,terminal,kurt_only,load_pipeline (invariant)
FEMTO,Bearing1_1,42,"CUSUM (k=0.5, h=5.0)",cusum,decimate,5,0.83,2011-01-01 03:39:30,2011-01-01 07:47:00,4.12,0.15833333333333333,3.966666666666667,,0.03838383838383838,0.15833333333333333,0.0,True,224,3,2,True,False,terminal,kurt_only,load_pipeline (invariant)
FEMTO,Bearing1_1,42,Hotelling T²,hotelling_t2,decimate,5,0.83,2011-01-01 03:39:30,2011-01-01 07:47:00,4.12,2.811111111111111,1.3138888888888889,,0.6814814814814815,2.811111111111111,0.0,True,224,3,2,True,False,terminal,kurt_only,load_pipeline (invariant)
FEMTO,Bearing1_1,42,Isolation Forest,isolation_forest,decimate,5,0.83,2011-01-01 03:39:30,2011-01-01 07:47:00,4.12,2.8666666666666667,1.2583333333333333,,0.694949494949495,2.8666666666666667,0.0,True,224,3,2,True,False,terminal,kurt_only,load_pipeline (invariant)
FEMTO,Bearing1_1,42,Deep SVDD,deep_svdd,decimate,5,0.83,2011-01-01 03:39:30,2011-01-01 07:47:00,4.12,0.06111111111111111,4.063888888888889,,0.014814814814814814,0.06111111111111111,0.0,True,224,3,2,True,False,terminal,kurt_only,load_pipeline (invariant)
FEMTO,Bearing1_1,42,LSTM-Autoencoder,lstm_ae,decimate,5,0.83,2011-01-01 03:39:30,2011-01-01 07:47:00,4.12,3.1166666666666667,1.0083333333333333,,0.7555555555555555,0.0,100.0,True,224,3,2,True,False,terminal,kurt_only,load_pipeline (invariant)
FEMTO,Bearing1_1,42,TCN-Autoencoder,tcn,decimate,5,0.83,2011-01-01 03:39:30,2011-01-01 07:47:00,4.12,3.1166666666666667,1.0083333333333333,,0.7555555555555555,0.0,100.0,True,224,3,2,True,False,terminal,kurt_only,load_pipeline (invariant)
FEMTO,Bearing1_1,42,Transformer-AD,transformer_ad,decimate,5,0.83,2011-01-01 03:39:30,2011-01-01 07:47:00,4.12,3.1166666666666667,1.0083333333333333,,0.7555555555555555,0.0,100.0,True,224,3,2,True,False,terminal,kurt_only,load_pipeline (invariant)
FEMTO,Bearing1_1,42,RMS-Trend (kσ),rms_trend,decimate,10,1.67,2011-01-01 03:39:30,2011-01-01 07:47:00,4.12,0.8111111111111111,3.313888888888889,,0.19663299663299663,0.8111111111111111,0.0,True,112,3,1,True,False,terminal,kurt_only,load_pipeline (invariant)
FEMTO,Bearing1_1,42,3σ Rule (σ=3.0),three_sigma,decimate,10,1.67,2011-01-01 03:39:30,2011-01-01 07:47:00,4.12,1.3111111111111111,2.813888888888889,,0.3178451178451178,1.3111111111111111,0.0,True,112,3,1,True,False,terminal,kurt_only,load_pipeline (invariant)
FEMTO,Bearing1_1,42,"EWMA (λ=0.2, k=3.0)",ewma,decimate,10,1.67,2011-01-01 03:39:30,2011-01-01 07:47:00,4.12,0.17222222222222222,3.952777777777778,,0.041750841750841754,0.17222222222222222,0.0,True,112,3,1,True,False,terminal,kurt_only,load_pipeline (invariant)
FEMTO,Bearing1_1,42,"CUSUM (k=0.5, h=5.0)",cusum,decimate,10,1.67,2011-01-01 03:39:30,2011-01-01 07:47:00,4.12,0.25555555555555554,3.8694444444444445,,0.06195286195286195,0.25555555555555554,0.0,True,112,3,1,True,False,terminal,kurt_only,load_pipeline (invariant)
FEMTO,Bearing1_1,42,Hotelling T²,hotelling_t2,decimate,10,1.67,2011-01-01 03:39:30,2011-01-01 07:47:00,4.12,3.1166666666666667,1.0083333333333333,,0.7555555555555555,0.0,33.33333333333333,True,112,3,1,True,False,terminal,kurt_only,load_pipeline (invariant)
FEMTO,Bearing1_1,42,Isolation Forest,isolation_forest,decimate,10,1.67,2011-01-01 03:39:30,2011-01-01 07:47:00,4.12,2.533333333333333,1.5916666666666666,,0.6141414141414141,2.533333333333333,0.0,True,112,3,1,True,False,terminal,kurt_only,load_pipeline (invariant)
FEMTO,Bearing1_1,42,Deep SVDD,deep_svdd,decimate,10,1.67,2011-01-01 03:39:30,2011-01-01 07:47:00,4.12,0.03333333333333333,4.091666666666667,,0.00808080808080808,0.03333333333333333,0.0,True,112,3,1,True,False,terminal,kurt_only,load_pipeline (invariant)
FEMTO,Bearing1_1,42,LSTM-Autoencoder,lstm_ae,decimate,10,1.67,2011-01-01 03:39:30,2011-01-01 07:47:00,4.12,3.1166666666666667,1.0083333333333333,,0.7555555555555555,0.0,100.0,True,112,3,1,True,False,terminal,kurt_only,load_pipeline (invariant)
FEMTO,Bearing1_1,42,TCN-Autoencoder,tcn,decimate,10,1.67,2011-01-01 03:39:30,2011-01-01 07:47:00,4.12,3.1166666666666667,1.0083333333333333,,0.7555555555555555,0.0,100.0,True,112,3,1,True,False,terminal,kurt_only,load_pipeline (invariant)
FEMTO,Bearing1_1,42,Transformer-AD,transformer_ad,decimate,10,1.67,2011-01-01 03:39:30,2011-01-01 07:47:00,4.12,3.1166666666666667,1.0083333333333333,,0.7555555555555555,0.0,100.0,True,112,3,1,True,False,terminal,kurt_only,load_pipeline (invariant)
FEMTO,Bearing1_1,42,RMS-Trend (kσ),rms_trend,decimate,20,3.33,2011-01-01 03:39:30,2011-01-01 07:47:00,4.12,0.11666666666666667,4.008333333333334,,0.028282828282828285,0.11666666666666667,0.0,True,56,3,1,True,False,terminal,kurt_only,load_pipeline (invariant)
FEMTO,Bearing1_1,42,3σ Rule (σ=3.0),three_sigma,decimate,20,3.33,2011-01-01 03:39:30,2011-01-01 07:47:00,4.12,0.11666666666666667,4.008333333333334,,0.028282828282828285,0.11666666666666667,0.0,True,56,3,1,True,False,terminal,kurt_only,load_pipeline (invariant)
FEMTO,Bearing1_1,42,"EWMA (λ=0.2, k=3.0)",ewma,decimate,20,3.33,2011-01-01 03:39:30,2011-01-01 07:47:00,4.12,0.11666666666666667,4.008333333333334,,0.028282828282828285,0.11666666666666667,0.0,True,56,3,1,True,False,terminal,kurt_only,load_pipeline (invariant)
FEMTO,Bearing1_1,42,"CUSUM (k=0.5, h=5.0)",cusum,decimate,20,3.33,2011-01-01 03:39:30,2011-01-01 07:47:00,4.12,0.06111111111111111,4.063888888888889,,0.014814814814814814,0.06111111111111111,0.0,True,56,3,1,True,False,terminal,kurt_only,load_pipeline (invariant)
FEMTO,Bearing1_1,42,Hotelling T²,hotelling_t2,decimate,20,3.33,2011-01-01 03:39:30,2011-01-01 07:47:00,4.12,3.1166666666666667,1.0083333333333333,,0.7555555555555555,0.0,33.33333333333333,True,56,3,1,True,False,terminal,kurt_only,load_pipeline (invariant)
FEMTO,Bearing1_1,42,Isolation Forest,isolation_forest,decimate,20,3.33,2011-01-01 03:39:30,2011-01-01 07:47:00,4.12,0.0,,,0.0,0.0,0.0,False,56,3,1,True,False,terminal,kurt_only,load_pipeline (invariant)
FEMTO,Bearing1_1,42,Deep SVDD,deep_svdd,decimate,20,3.33,2011-01-01 03:39:30,2011-01-01 07:47:00,4.12,0.06111111111111111,4.063888888888889,,0.014814814814814814,0.06111111111111111,0.0,True,56,3,1,True,False,terminal,kurt_only,load_pipeline (invariant)
FEMTO,Bearing1_1,42,LSTM-Autoencoder,lstm_ae,decimate,20,3.33,2011-01-01 03:39:30,2011-01-01 07:47:00,4.12,3.1166666666666667,1.0083333333333333,,0.7555555555555555,0.0,100.0,True,56,3,1,True,False,terminal,kurt_only,load_pipeline (invariant)
FEMTO,Bearing1_1,42,TCN-Autoencoder,tcn,decimate,20,3.33,2011-01-01 03:39:30,2011-01-01 07:47:00,4.12,3.1166666666666667,1.0083333333333333,,0.7555555555555555,0.0,100.0,True,56,3,1,True,False,terminal,kurt_only,load_pipeline (invariant)
FEMTO,Bearing1_1,42,Transformer-AD,transformer_ad,decimate,20,3.33,2011-01-01 03:39:30,2011-01-01 07:47:00,4.12,3.1166666666666667,1.0083333333333333,,0.7555555555555555,0.0,100.0,True,56,3,1,True,False,terminal,kurt_only,load_pipeline (invariant)
FEMTO,Bearing1_2,42,RMS-Trend (kσ),rms_trend,aggregate,1,0.17,,2011-01-01 02:25:00,,0.0,,0.0,,0.0,0.0,False,70,10,3,False,False,terminal,kurt_only,load_pipeline (invariant)
FEMTO,Bearing1_2,42,3σ Rule (σ=3.0),three_sigma,aggregate,1,0.17,,2011-01-01 02:25:00,,0.125,,0.0,,0.125,0.0,True,70,10,3,False,False,terminal,kurt_only,load_pipeline (invariant)
FEMTO,Bearing1_2,42,"EWMA (λ=0.2, k=3.0)",ewma,aggregate,1,0.17,,2011-01-01 02:25:00,,0.125,,0.0,,0.125,0.0,True,70,10,3,False,False,terminal,kurt_only,load_pipeline (invariant)
FEMTO,Bearing1_2,42,"CUSUM (k=0.5, h=5.0)",cusum,aggregate,1,0.17,,2011-01-01 02:25:00,,0.125,,0.0,,0.125,0.0,True,70,10,3,False,False,terminal,kurt_only,load_pipeline (invariant)
FEMTO,Bearing1_2,42,Hotelling T²,hotelling_t2,aggregate,1,0.17,,2011-01-01 02:25:00,,0.125,,0.0,,0.125,0.0,True,70,10,3,False,False,terminal,kurt_only,load_pipeline (invariant)
FEMTO,Bearing1_2,42,Isolation Forest,isolation_forest,aggregate,1,0.17,,2011-01-01 02:25:00,,0.125,,0.0,,0.125,0.0,True,70,10,3,False,False,terminal,kurt_only,load_pipeline (invariant)
FEMTO,Bearing1_2,42,Deep SVDD,deep_svdd,aggregate,1,0.17,,2011-01-01 02:25:00,,0.0,,0.0,,0.0,0.0,False,70,10,3,False,False,terminal,kurt_only,load_pipeline (invariant)
FEMTO,Bearing1_2,42,LSTM-Autoencoder,lstm_ae,aggregate,1,0.17,,2011-01-01 02:25:00,,0.1388888888888889,,0.0,,0.1388888888888889,0.0,True,70,10,3,False,False,terminal,kurt_only,load_pipeline (invariant)
FEMTO,Bearing1_2,42,TCN-Autoencoder,tcn,aggregate,1,0.17,,2011-01-01 02:25:00,,0.5694444444444444,,0.0,,0.5694444444444444,0.0,True,70,10,3,False,False,terminal,kurt_only,load_pipeline (invariant)
FEMTO,Bearing1_2,42,Transformer-AD,transformer_ad,aggregate,1,0.17,,2011-01-01 02:25:00,,0.18055555555555555,,0.0,,0.18055555555555555,0.0,True,70,10,3,False,False,terminal,kurt_only,load_pipeline (invariant)
FEMTO,Bearing1_2,42,RMS-Trend (kσ),rms_trend,aggregate,2,1.0,,2011-01-01 02:25:00,,0.0,,0.0,,0.0,0.0,False,29,5,4,False,False,terminal,kurt_only,load_pipeline (invariant)
FEMTO,Bearing1_2,42,3σ Rule (σ=3.0),three_sigma,aggregate,2,1.0,,2011-01-01 02:25:00,,0.15,,0.0,,0.15,0.0,True,29,5,4,False,False,terminal,kurt_only,load_pipeline (invariant)
FEMTO,Bearing1_2,42,"EWMA (λ=0.2, k=3.0)",ewma,aggregate,2,1.0,,2011-01-01 02:25:00,,0.15,,0.0,,0.15,0.0,True,29,5,4,False,False,terminal,kurt_only,load_pipeline (invariant)
FEMTO,Bearing1_2,42,"CUSUM (k=0.5, h=5.0)",cusum,aggregate,2,1.0,,2011-01-01 02:25:00,,0.15,,0.0,,0.15,0.0,True,29,5,4,False,False,terminal,kurt_only,load_pipeline (invariant)
FEMTO,Bearing1_2,42,Hotelling T²,hotelling_t2,aggregate,2,1.0,,2011-01-01 02:25:00,,0.9833333333333333,,100.0,,0.0,100.0,False,29,5,4,False,False,terminal,kurt_only,load_pipeline (invariant)
FEMTO,Bearing1_2,42,Isolation Forest,isolation_forest,aggregate,2,1.0,,2011-01-01 02:25:00,,0.15,,0.0,,0.15,0.0,True,29,5,4,False,False,terminal,kurt_only,load_pipeline (invariant)
FEMTO,Bearing1_2,42,Deep SVDD,deep_svdd,aggregate,2,1.0,,2011-01-01 02:25:00,,0.0,,0.0,,0.0,0.0,False,29,5,4,False,False,terminal,kurt_only,load_pipeline (invariant)
FEMTO,Bearing1_2,42,LSTM-Autoencoder,lstm_ae,aggregate,2,1.0,,2011-01-01 02:25:00,,,,,,,,False,29,5,4,False,False,terminal,kurt_only,load_pipeline (invariant)
FEMTO,Bearing1_2,42,TCN-Autoencoder,tcn,aggregate,2,1.0,,2011-01-01 02:25:00,,,,,,,,False,29,5,4,False,False,terminal,kurt_only,load_pipeline (invariant)
FEMTO,Bearing1_2,42,Transformer-AD,transformer_ad,aggregate,2,1.0,,2011-01-01 02:25:00,,,,,,,,False,29,5,4,False,False,terminal,kurt_only,load_pipeline (invariant)
FEMTO,Bearing1_2,42,RMS-Trend (kσ),rms_trend,aggregate,5,1.0,,2011-01-01 02:25:00,,0.0,,0.0,,0.0,0.0,False,58,3,2,True,False,terminal,kurt_only,load_pipeline (invariant)
FEMTO,Bearing1_2,42,3σ Rule (σ=3.0),three_sigma,aggregate,5,1.0,,2011-01-01 02:25:00,,0.13333333333333333,,0.0,,0.13333333333333333,0.0,True,58,3,2,True,False,terminal,kurt_only,load_pipeline (invariant)
FEMTO,Bearing1_2,42,"EWMA (λ=0.2, k=3.0)",ewma,aggregate,5,1.0,,2011-01-01 02:25:00,,0.9,,0.0,,0.9,0.0,True,58,3,2,True,False,terminal,kurt_only,load_pipeline (invariant)
FEMTO,Bearing1_2,42,"CUSUM (k=0.5, h=5.0)",cusum,aggregate,5,1.0,,2011-01-01 02:25:00,,0.13333333333333333,,0.0,,0.13333333333333333,0.0,True,58,3,2,True,False,terminal,kurt_only,load_pipeline (invariant)
FEMTO,Bearing1_2,42,Hotelling T²,hotelling_t2,aggregate,5,1.0,,2011-01-01 02:25:00,,0.9166666666666666,,0.0,,0.9166666666666666,0.0,True,58,3,2,True,False,terminal,kurt_only,load_pipeline (invariant)
FEMTO,Bearing1_2,42,Isolation Forest,isolation_forest,aggregate,5,1.0,,2011-01-01 02:25:00,,0.06666666666666667,,0.0,,0.06666666666666667,0.0,True,58,3,2,True,False,terminal,kurt_only,load_pipeline (invariant)
FEMTO,Bearing1_2,42,Deep SVDD,deep_svdd,aggregate,5,1.0,,2011-01-01 02:25:00,,0.0,,0.0,,0.0,0.0,False,58,3,2,True,False,terminal,kurt_only,load_pipeline (invariant)
FEMTO,Bearing1_2,42,LSTM-Autoencoder,lstm_ae,aggregate,5,1.0,,2011-01-01 02:25:00,,0.48333333333333334,,0.0,,0.48333333333333334,0.0,True,58,3,2,True,False,terminal,kurt_only,load_pipeline (invariant)
FEMTO,Bearing1_2,42,TCN-Autoencoder,tcn,aggregate,5,1.0,,2011-01-01 02:25:00,,0.48333333333333334,,0.0,,0.48333333333333334,0.0,True,58,3,2,True,False,terminal,kurt_only,load_pipeline (invariant)
FEMTO,Bearing1_2,42,Transformer-AD,transformer_ad,aggregate,5,1.0,,2011-01-01 02:25:00,,0.48333333333333334,,0.0,,0.48333333333333334,0.0,True,58,3,2,True,False,terminal,kurt_only,load_pipeline (invariant)
FEMTO,Bearing1_2,42,RMS-Trend (kσ),rms_trend,aggregate,10,2.0,,2011-01-01 02:25:00,,0.05,,0.0,,0.05,0.0,True,29,3,1,True,False,terminal,kurt_only,load_pipeline (invariant)
FEMTO,Bearing1_2,42,3σ Rule (σ=3.0),three_sigma,aggregate,10,2.0,,2011-01-01 02:25:00,,0.2833333333333333,,0.0,,0.2833333333333333,0.0,True,29,3,1,True,False,terminal,kurt_only,load_pipeline (invariant)
FEMTO,Bearing1_2,42,"EWMA (λ=0.2, k=3.0)",ewma,aggregate,10,2.0,,2011-01-01 02:25:00,,0.2833333333333333,,0.0,,0.2833333333333333,0.0,True,29,3,1,True,False,terminal,kurt_only,load_pipeline (invariant)
FEMTO,Bearing1_2,42,"CUSUM (k=0.5, h=5.0)",cusum,aggregate,10,2.0,,2011-01-01 02:25:00,,0.2833333333333333,,0.0,,0.2833333333333333,0.0,True,29,3,1,True,False,terminal,kurt_only,load_pipeline (invariant)
FEMTO,Bearing1_2,42,Hotelling T²,hotelling_t2,aggregate,10,2.0,,2011-01-01 02:25:00,,0.9833333333333333,,100.0,,0.0,100.0,False,29,3,1,True,False,terminal,kurt_only,load_pipeline (invariant)
FEMTO,Bearing1_2,42,Isolation Forest,isolation_forest,aggregate,10,2.0,,2011-01-01 02:25:00,,0.08333333333333333,,0.0,,0.08333333333333333,0.0,True,29,3,1,True,False,terminal,kurt_only,load_pipeline (invariant)
FEMTO,Bearing1_2,42,Deep SVDD,deep_svdd,aggregate,10,2.0,,2011-01-01 02:25:00,,0.05,,0.0,,0.05,0.0,True,29,3,1,True,False,terminal,kurt_only,load_pipeline (invariant)
FEMTO,Bearing1_2,42,LSTM-Autoencoder,lstm_ae,aggregate,10,2.0,,2011-01-01 02:25:00,,,,,,,,False,29,3,1,True,False,terminal,kurt_only,load_pipeline (invariant)
FEMTO,Bearing1_2,42,TCN-Autoencoder,tcn,aggregate,10,2.0,,2011-01-01 02:25:00,,,,,,,,False,29,3,1,True,False,terminal,kurt_only,load_pipeline (invariant)
FEMTO,Bearing1_2,42,Transformer-AD,transformer_ad,aggregate,10,2.0,,2011-01-01 02:25:00,,,,,,,,False,29,3,1,True,False,terminal,kurt_only,load_pipeline (invariant)
FEMTO,Bearing1_2,42,RMS-Trend (kσ),rms_trend,aggregate,20,3.0,,2011-01-01 02:25:00,,0.06666666666666667,,0.0,,0.06666666666666667,0.0,True,19,3,1,True,False,terminal,kurt_only,load_pipeline (invariant)
FEMTO,Bearing1_2,42,3σ Rule (σ=3.0),three_sigma,aggregate,20,3.0,,2011-01-01 02:25:00,,0.31666666666666665,,0.0,,0.31666666666666665,0.0,True,19,3,1,True,False,terminal,kurt_only,load_pipeline (invariant)
FEMTO,Bearing1_2,42,"EWMA (λ=0.2, k=3.0)",ewma,aggregate,20,3.0,,2011-01-01 02:25:00,,0.8666666666666667,,0.0,,0.8666666666666667,0.0,True,19,3,1,True,False,terminal,kurt_only,load_pipeline (invariant)
FEMTO,Bearing1_2,42,"CUSUM (k=0.5, h=5.0)",cusum,aggregate,20,3.0,,2011-01-01 02:25:00,,0.8166666666666667,,0.0,,0.8166666666666667,0.0,True,19,3,1,True,False,terminal,kurt_only,load_pipeline (invariant)
FEMTO,Bearing1_2,42,Hotelling T²,hotelling_t2,aggregate,20,3.0,,2011-01-01 02:25:00,,0.9666666666666667,,100.0,,0.0,100.0,False,19,3,1,True,False,terminal,kurt_only,load_pipeline (invariant)
FEMTO,Bearing1_2,42,Isolation Forest,isolation_forest,aggregate,20,3.0,,2011-01-01 02:25:00,,0.06666666666666667,,0.0,,0.06666666666666667,0.0,True,19,3,1,True,False,terminal,kurt_only,load_pipeline (invariant)
FEMTO,Bearing1_2,42,Deep SVDD,deep_svdd,aggregate,20,3.0,,2011-01-01 02:25:00,,0.06666666666666667,,0.0,,0.06666666666666667,0.0,True,19,3,1,True,False,terminal,kurt_only,load_pipeline (invariant)
FEMTO,Bearing1_2,42,LSTM-Autoencoder,lstm_ae,aggregate,20,3.0,,2011-01-01 02:25:00,,,,,,,,False,19,3,1,True,False,terminal,kurt_only,load_pipeline (invariant)
FEMTO,Bearing1_2,42,TCN-Autoencoder,tcn,aggregate,20,3.0,,2011-01-01 02:25:00,,,,,,,,False,19,3,1,True,False,terminal,kurt_only,load_pipeline (invariant)
FEMTO,Bearing1_2,42,Transformer-AD,transformer_ad,aggregate,20,3.0,,2011-01-01 02:25:00,,,,,,,,False,19,3,1,True,False,terminal,kurt_only,load_pipeline (invariant)
FEMTO,Bearing1_2,42,RMS-Trend (kσ),rms_trend,decimate,1,0.17,,2011-01-01 02:25:00,,0.0,,0.0,,0.0,0.0,False,70,10,3,False,False,terminal,kurt_only,load_pipeline (invariant)
FEMTO,Bearing1_2,42,3σ Rule (σ=3.0),three_sigma,decimate,1,0.17,,2011-01-01 02:25:00,,0.125,,0.0,,0.125,0.0,True,70,10,3,False,False,terminal,kurt_only,load_pipeline (invariant)
FEMTO,Bearing1_2,42,"EWMA (λ=0.2, k=3.0)",ewma,decimate,1,0.17,,2011-01-01 02:25:00,,0.125,,0.0,,0.125,0.0,True,70,10,3,False,False,terminal,kurt_only,load_pipeline (invariant)
FEMTO,Bearing1_2,42,"CUSUM (k=0.5, h=5.0)",cusum,decimate,1,0.17,,2011-01-01 02:25:00,,0.125,,0.0,,0.125,0.0,True,70,10,3,False,False,terminal,kurt_only,load_pipeline (invariant)
FEMTO,Bearing1_2,42,Hotelling T²,hotelling_t2,decimate,1,0.17,,2011-01-01 02:25:00,,0.125,,0.0,,0.125,0.0,True,70,10,3,False,False,terminal,kurt_only,load_pipeline (invariant)
FEMTO,Bearing1_2,42,Isolation Forest,isolation_forest,decimate,1,0.17,,2011-01-01 02:25:00,,0.125,,0.0,,0.125,0.0,True,70,10,3,False,False,terminal,kurt_only,load_pipeline (invariant)
FEMTO,Bearing1_2,42,Deep SVDD,deep_svdd,decimate,1,0.17,,2011-01-01 02:25:00,,0.0,,0.0,,0.0,0.0,False,70,10,3,False,False,terminal,kurt_only,load_pipeline (invariant)
FEMTO,Bearing1_2,42,LSTM-Autoencoder,lstm_ae,decimate,1,0.17,,2011-01-01 02:25:00,,0.1388888888888889,,0.0,,0.1388888888888889,0.0,True,70,10,3,False,False,terminal,kurt_only,load_pipeline (invariant)
FEMTO,Bearing1_2,42,TCN-Autoencoder,tcn,decimate,1,0.17,,2011-01-01 02:25:00,,0.5694444444444444,,0.0,,0.5694444444444444,0.0,True,70,10,3,False,False,terminal,kurt_only,load_pipeline (invariant)
FEMTO,Bearing1_2,42,Transformer-AD,transformer_ad,decimate,1,0.17,,2011-01-01 02:25:00,,0.18055555555555555,,0.0,,0.18055555555555555,0.0,True,70,10,3,False,False,terminal,kurt_only,load_pipeline (invariant)
FEMTO,Bearing1_2,42,RMS-Trend (kσ),rms_trend,decimate,2,0.33,,2011-01-01 02:25:00,,0.0,,0.0,,0.0,0.0,False,87,5,4,False,False,terminal,kurt_only,load_pipeline (invariant)
FEMTO,Bearing1_2,42,3σ Rule (σ=3.0),three_sigma,decimate,2,0.33,,2011-01-01 02:25:00,,0.12777777777777777,,0.0,,0.12777777777777777,0.0,True,87,5,4,False,False,terminal,kurt_only,load_pipeline (invariant)
FEMTO,Bearing1_2,42,"EWMA (λ=0.2, k=3.0)",ewma,decimate,2,0.33,,2011-01-01 02:25:00,,0.9055555555555556,,0.0,,0.9055555555555556,0.0,True,87,5,4,False,False,terminal,kurt_only,load_pipeline (invariant)
FEMTO,Bearing1_2,42,"CUSUM (k=0.5, h=5.0)",cusum,decimate,2,0.33,,2011-01-01 02:25:00,,0.8944444444444445,,0.0,,0.8944444444444445,0.0,True,87,5,4,False,False,terminal,kurt_only,load_pipeline (invariant)
FEMTO,Bearing1_2,42,Hotelling T²,hotelling_t2,decimate,2,0.33,,2011-01-01 02:25:00,,0.12777777777777777,,0.0,,0.12777777777777777,0.0,True,87,5,4,False,False,terminal,kurt_only,load_pipeline (invariant)
FEMTO,Bearing1_2,42,Isolation Forest,isolation_forest,decimate,2,0.33,,2011-01-01 02:25:00,,0.0,,0.0,,0.0,0.0,False,87,5,4,False,False,terminal,kurt_only,load_pipeline (invariant)
FEMTO,Bearing1_2,42,Deep SVDD,deep_svdd,decimate,2,0.33,,2011-01-01 02:25:00,,0.0,,0.0,,0.0,0.0,False,87,5,4,False,False,terminal,kurt_only,load_pipeline (invariant)
FEMTO,Bearing1_2,42,LSTM-Autoencoder,lstm_ae,decimate,2,0.33,,2011-01-01 02:25:00,,0.65,,0.0,,0.65,0.0,True,87,5,4,False,False,terminal,kurt_only,load_pipeline (invariant)
FEMTO,Bearing1_2,42,TCN-Autoencoder,tcn,decimate,2,0.33,,2011-01-01 02:25:00,,0.65,,0.0,,0.65,0.0,True,87,5,4,False,False,terminal,kurt_only,load_pipeline (invariant)
FEMTO,Bearing1_2,42,Transformer-AD,transformer_ad,decimate,2,0.33,,2011-01-01 02:25:00,,0.65,,0.0,,0.65,0.0,True,87,5,4,False,False,terminal,kurt_only,load_pipeline (invariant)
FEMTO,Bearing1_2,42,RMS-Trend (kσ),rms_trend,decimate,5,0.83,,2011-01-01 02:25:00,,0.0,,0.0,,0.0,0.0,False,70,3,2,True,False,terminal,kurt_only,load_pipeline (invariant)
FEMTO,Bearing1_2,42,3σ Rule (σ=3.0),three_sigma,decimate,5,0.83,,2011-01-01 02:25:00,,0.05555555555555555,,0.0,,0.05555555555555555,0.0,True,70,3,2,True,False,terminal,kurt_only,load_pipeline (invariant)
FEMTO,Bearing1_2,42,"EWMA (λ=0.2, k=3.0)",ewma,decimate,5,0.83,,2011-01-01 02:25:00,,0.041666666666666664,,0.0,,0.041666666666666664,0.0,True,70,3,2,True,False,terminal,kurt_only,load_pipeline (invariant)
FEMTO,Bearing1_2,42,"CUSUM (k=0.5, h=5.0)",cusum,decimate,5,0.83,,2011-01-01 02:25:00,,0.027777777777777776,,0.0,,0.027777777777777776,0.0,True,70,3,2,True,False,terminal,kurt_only,load_pipeline (invariant)
FEMTO,Bearing1_2,42,Hotelling T²,hotelling_t2,decimate,5,0.83,,2011-01-01 02:25:00,,0.125,,0.0,,0.125,0.0,True,70,3,2,True,False,terminal,kurt_only,load_pipeline (invariant)
FEMTO,Bearing1_2,42,Isolation Forest,isolation_forest,decimate,5,0.83,,2011-01-01 02:25:00,,0.0,,0.0,,0.0,0.0,False,70,3,2,True,False,terminal,kurt_only,load_pipeline (invariant)
FEMTO,Bearing1_2,42,Deep SVDD,deep_svdd,decimate,5,0.83,,2011-01-01 02:25:00,,0.0,,0.0,,0.0,0.0,False,70,3,2,True,False,terminal,kurt_only,load_pipeline (invariant)
FEMTO,Bearing1_2,42,LSTM-Autoencoder,lstm_ae,decimate,5,0.83,,2011-01-01 02:25:00,,0.5694444444444444,,0.0,,0.5694444444444444,0.0,True,70,3,2,True,False,terminal,kurt_only,load_pipeline (invariant)
FEMTO,Bearing1_2,42,TCN-Autoencoder,tcn,decimate,5,0.83,,2011-01-01 02:25:00,,0.5694444444444444,,0.0,,0.5694444444444444,0.0,True,70,3,2,True,False,terminal,kurt_only,load_pipeline (invariant)
FEMTO,Bearing1_2,42,Transformer-AD,transformer_ad,decimate,5,0.83,,2011-01-01 02:25:00,,0.5694444444444444,,0.0,,0.5694444444444444,0.0,True,70,3,2,True,False,terminal,kurt_only,load_pipeline (invariant)
FEMTO,Bearing1_2,42,RMS-Trend (kσ),rms_trend,decimate,10,1.67,,2011-01-01 02:25:00,,0.027777777777777776,,0.0,,0.027777777777777776,0.0,True,35,3,1,True,False,terminal,kurt_only,load_pipeline (invariant)
FEMTO,Bearing1_2,42,3σ Rule (σ=3.0),three_sigma,decimate,10,1.67,,2011-01-01 02:25:00,,0.9444444444444444,,50.0,,0.0,50.0,False,35,3,1,True,False,terminal,kurt_only,load_pipeline (invariant)
FEMTO,Bearing1_2,42,"EWMA (λ=0.2, k=3.0)",ewma,decimate,10,1.67,,2011-01-01 02:25:00,,0.9444444444444444,,50.0,,0.0,50.0,False,35,3,1,True,False,terminal,kurt_only,load_pipeline (invariant)
FEMTO,Bearing1_2,42,"CUSUM (k=0.5, h=5.0)",cusum,decimate,10,1.67,,2011-01-01 02:25:00,,0.9444444444444444,,50.0,,0.0,50.0,False,35,3,1,True,False,terminal,kurt_only,load_pipeline (invariant)
FEMTO,Bearing1_2,42,Hotelling T²,hotelling_t2,decimate,10,1.67,,2011-01-01 02:25:00,,0.9722222222222222,,100.0,,0.0,100.0,False,35,3,1,True,False,terminal,kurt_only,load_pipeline (invariant)
FEMTO,Bearing1_2,42,Isolation Forest,isolation_forest,decimate,10,1.67,,2011-01-01 02:25:00,,0.9722222222222222,,100.0,,0.0,100.0,False,35,3,1,True,False,terminal,kurt_only,load_pipeline (invariant)
FEMTO,Bearing1_2,42,Deep SVDD,deep_svdd,decimate,10,1.67,,2011-01-01 02:25:00,,0.027777777777777776,,0.0,,0.027777777777777776,0.0,True,35,3,1,True,False,terminal,kurt_only,load_pipeline (invariant)
FEMTO,Bearing1_2,42,LSTM-Autoencoder,lstm_ae,decimate,10,1.67,,2011-01-01 02:25:00,,0.9722222222222222,,100.0,,0.0,100.0,False,35,3,1,True,False,terminal,kurt_only,load_pipeline (invariant)
FEMTO,Bearing1_2,42,TCN-Autoencoder,tcn,decimate,10,1.67,,2011-01-01 02:25:00,,0.9722222222222222,,100.0,,0.0,100.0,False,35,3,1,True,False,terminal,kurt_only,load_pipeline (invariant)
FEMTO,Bearing1_2,42,Transformer-AD,transformer_ad,decimate,10,1.67,,2011-01-01 02:25:00,,0.9722222222222222,,100.0,,0.0,100.0,False,35,3,1,True,False,terminal,kurt_only,load_pipeline (invariant)
FEMTO,Bearing1_2,42,RMS-Trend (kσ),rms_trend,decimate,20,3.33,,2011-01-01 02:25:00,,0.08333333333333333,,0.0,,0.08333333333333333,0.0,True,17,3,1,True,False,terminal,kurt_only,load_pipeline (invariant)
FEMTO,Bearing1_2,42,3σ Rule (σ=3.0),three_sigma,decimate,20,3.33,,2011-01-01 02:25:00,,0.9166666666666666,,0.0,,0.9166666666666666,0.0,True,17,3,1,True,False,terminal,kurt_only,load_pipeline (invariant)
FEMTO,Bearing1_2,42,"EWMA (λ=0.2, k=3.0)",ewma,decimate,20,3.33,,2011-01-01 02:25:00,,0.4166666666666667,,0.0,,0.4166666666666667,0.0,True,17,3,1,True,False,terminal,kurt_only,load_pipeline (invariant)
FEMTO,Bearing1_2,42,"CUSUM (k=0.5, h=5.0)",cusum,decimate,20,3.33,,2011-01-01 02:25:00,,0.9166666666666666,,0.0,,0.9166666666666666,0.0,True,17,3,1,True,False,terminal,kurt_only,load_pipeline (invariant)
FEMTO,Bearing1_2,42,Hotelling T²,hotelling_t2,decimate,20,3.33,,2011-01-01 02:25:00,,0.9166666666666666,,0.0,,0.9166666666666666,0.0,True,17,3,1,True,False,terminal,kurt_only,load_pipeline (invariant)
FEMTO,Bearing1_2,42,Isolation Forest,isolation_forest,decimate,20,3.33,,2011-01-01 02:25:00,,0.9166666666666666,,0.0,,0.9166666666666666,0.0,True,17,3,1,True,False,terminal,kurt_only,load_pipeline (invariant)
FEMTO,Bearing1_2,42,Deep SVDD,deep_svdd,decimate,20,3.33,,2011-01-01 02:25:00,,0.08333333333333333,,0.0,,0.08333333333333333,0.0,True,17,3,1,True,False,terminal,kurt_only,load_pipeline (invariant)
FEMTO,Bearing1_2,42,LSTM-Autoencoder,lstm_ae,decimate,20,3.33,,2011-01-01 02:25:00,,,,,,,,False,17,3,1,True,False,terminal,kurt_only,load_pipeline (invariant)
FEMTO,Bearing1_2,42,TCN-Autoencoder,tcn,decimate,20,3.33,,2011-01-01 02:25:00,,,,,,,,False,17,3,1,True,False,terminal,kurt_only,load_pipeline (invariant)
FEMTO,Bearing1_2,42,Transformer-AD,transformer_ad,decimate,20,3.33,,2011-01-01 02:25:00,,,,,,,,False,17,3,1,True,False,terminal,kurt_only,load_pipeline (invariant)
FEMTO,Bearing2_1,42,RMS-Trend (kσ),rms_trend,aggregate,1,0.17,2011-01-01 02:16:20,2011-01-01 02:31:40,0.26,0.18055555555555555,0.075,0.0,0.7065217391304348,0.18055555555555555,0.0,True,73,10,3,False,False,terminal,kurt_only,load_pipeline (invariant)
FEMTO,Bearing2_1,42,3σ Rule (σ=3.0),three_sigma,aggregate,1,0.17,2011-01-01 02:16:20,2011-01-01 02:31:40,0.26,0.8055555555555556,,14.545454545454545,3.1521739130434785,0.8055555555555556,0.0,False,73,10,3,False,False,terminal,kurt_only,load_pipeline (invariant)
FEMTO,Bearing2_1,42,"EWMA (λ=0.2, k=3.0)",ewma,aggregate,1,0.17,2011-01-01 02:16:20,2011-01-01 02:31:40,0.26,0.8472222222222222,,27.27272727272727,3.315217391304348,0.8472222222222222,0.0,False,73,10,3,False,False,terminal,kurt_only,load_pipeline (invariant)
FEMTO,Bearing2_1,42,"CUSUM (k=0.5, h=5.0)",cusum,aggregate,1,0.17,2011-01-01 02:16:20,2011-01-01 02:31:40,0.26,0.8472222222222222,,78.18181818181819,3.315217391304348,0.8472222222222222,0.0,False,73,10,3,False,False,terminal,kurt_only,load_pipeline (invariant)
FEMTO,Bearing2_1,42,Hotelling T²,hotelling_t2,aggregate,1,0.17,2011-01-01 02:16:20,2011-01-01 02:31:40,0.26,0.8055555555555556,,20.0,3.1521739130434785,0.8055555555555556,0.0,False,73,10,3,False,False,terminal,kurt_only,load_pipeline (invariant)
FEMTO,Bearing2_1,42,Isolation Forest,isolation_forest,aggregate,1,0.17,2011-01-01 02:16:20,2011-01-01 02:31:40,0.26,0.8055555555555556,,9.090909090909092,3.1521739130434785,0.8055555555555556,0.0,True,73,10,3,False,False,terminal,kurt_only,load_pipeline (invariant)
FEMTO,Bearing2_1,42,Deep SVDD,deep_svdd,aggregate,1,0.17,2011-01-01 02:16:20,2011-01-01 02:31:40,0.26,0.0,,0.0,0.0,0.0,0.0,False,73,10,3,False,False,terminal,kurt_only,load_pipeline (invariant)
FEMTO,Bearing2_1,42,LSTM-Autoencoder,lstm_ae,aggregate,1,0.17,2011-01-01 02:16:20,2011-01-01 02:31:40,0.26,1.0138888888888888,,100.0,3.967391304347826,0.0,100.0,False,73,10,3,False,False,terminal,kurt_only,load_pipeline (invariant)
FEMTO,Bearing2_1,42,TCN-Autoencoder,tcn,aggregate,1,0.17,2011-01-01 02:16:20,2011-01-01 02:31:40,0.26,1.0138888888888888,,100.0,3.967391304347826,0.0,100.0,False,73,10,3,False,False,terminal,kurt_only,load_pipeline (invariant)
FEMTO,Bearing2_1,42,Transformer-AD,transformer_ad,aggregate,1,0.17,2011-01-01 02:16:20,2011-01-01 02:31:40,0.26,0.6111111111111112,,41.81818181818181,2.3913043478260874,0.6111111111111112,0.0,False,73,10,3,False,False,terminal,kurt_only,load_pipeline (invariant)
FEMTO,Bearing2_1,42,RMS-Trend (kσ),rms_trend,aggregate,2,1.0,2011-01-01 02:16:20,2011-01-01 02:31:40,0.26,0.0,,0.0,0.0,0.0,0.0,False,30,5,4,False,False,terminal,kurt_only,load_pipeline (invariant)
FEMTO,Bearing2_1,42,3σ Rule (σ=3.0),three_sigma,aggregate,2,1.0,2011-01-01 02:16:20,2011-01-01 02:31:40,0.26,0.8611111111111112,,29.166666666666668,3.3695652173913047,0.8611111111111112,0.0,False,30,5,4,False,False,terminal,kurt_only,load_pipeline (invariant)
FEMTO,Bearing2_1,42,"EWMA (λ=0.2, k=3.0)",ewma,aggregate,2,1.0,2011-01-01 02:16:20,2011-01-01 02:31:40,0.26,0.8611111111111112,,45.83333333333333,3.3695652173913047,0.8611111111111112,0.0,False,30,5,4,False,False,terminal,kurt_only,load_pipeline (invariant)
FEMTO,Bearing2_1,42,"CUSUM (k=0.5, h=5.0)",cusum,aggregate,2,1.0,2011-01-01 02:16:20,2011-01-01 02:31:40,0.26,0.8277777777777777,,75.0,3.239130434782609,0.8277777777777777,0.0,False,30,5,4,False,False,terminal,kurt_only,load_pipeline (invariant)
FEMTO,Bearing2_1,42,Hotelling T²,hotelling_t2,aggregate,2,1.0,2011-01-01 02:16:20,2011-01-01 02:31:40,0.26,0.9277777777777778,,41.66666666666667,3.6304347826086962,0.9277777777777778,0.0,False,30,5,4,False,False,terminal,kurt_only,load_pipeline (invariant)
FEMTO,Bearing2_1,42,Isolation Forest,isolation_forest,aggregate,2,1.0,2011-01-01 02:16:20,2011-01-01 02:31:40,0.26,0.29444444444444445,,8.333333333333332,1.1521739130434785,0.29444444444444445,0.0,True,30,5,4,False,False,terminal,kurt_only,load_pipeline (invariant)
FEMTO,Bearing2_1,42,Deep SVDD,deep_svdd,aggregate,2,1.0,2011-01-01 02:16:20,2011-01-01 02:31:40,0.26,0.0,,0.0,0.0,0.0,0.0,False,30,5,4,False,False,terminal,kurt_only,load_pipeline (invariant)
FEMTO,Bearing2_1,42,LSTM-Autoencoder,lstm_ae,aggregate,2,1.0,2011-01-01 02:16:20,2011-01-01 02:31:40,0.26,1.0277777777777777,,100.0,4.021739130434782,0.0,100.0,False,30,5,4,False,False,terminal,kurt_only,load_pipeline (invariant)
FEMTO,Bearing2_1,42,TCN-Autoencoder,tcn,aggregate,2,1.0,2011-01-01 02:16:20,2011-01-01 02:31:40,0.26,1.0277777777777777,,100.0,4.021739130434782,0.0,100.0,False,30,5,4,False,False,terminal,kurt_only,load_pipeline (invariant)
FEMTO,Bearing2_1,42,Transformer-AD,transformer_ad,aggregate,2,1.0,2011-01-01 02:16:20,2011-01-01 02:31:40,0.26,1.0277777777777777,,100.0,4.021739130434782,0.0,100.0,False,30,5,4,False,False,terminal,kurt_only,load_pipeline (invariant)
FEMTO,Bearing2_1,42,RMS-Trend (kσ),rms_trend,aggregate,5,1.0,2011-01-01 02:16:20,2011-01-01 02:31:40,0.26,0.22777777777777777,0.027777777777777776,0.0,0.891304347826087,0.22777777777777777,0.0,True,60,3,2,True,False,terminal,kurt_only,load_pipeline (invariant)
FEMTO,Bearing2_1,42,3σ Rule (σ=3.0),three_sigma,aggregate,5,1.0,2011-01-01 02:16:20,2011-01-01 02:31:40,0.26,0.8611111111111112,,13.043478260869565,3.3695652173913047,0.8611111111111112,0.0,False,60,3,2,True,False,terminal,kurt_only,load_pipeline (invariant)
FEMTO,Bearing2_1,42,"EWMA (λ=0.2, k=3.0)",ewma,aggregate,5,1.0,2011-01-01 02:16:20,2011-01-01 02:31:40,0.26,0.8611111111111112,,30.434782608695656,3.3695652173913047,0.8611111111111112,0.0,False,60,3,2,True,False,terminal,kurt_only,load_pipeline (invariant)
FEMTO,Bearing2_1,42,"CUSUM (k=0.5, h=5.0)",cusum,aggregate,5,1.0,2011-01-01 02:16:20,2011-01-01 02:31:40,0.26,0.8444444444444444,,78.26086956521739,3.304347826086957,0.8444444444444444,0.0,False,60,3,2,True,False,terminal,kurt_only,load_pipeline (invariant)
FEMTO,Bearing2_1,42,Hotelling T²,hotelling_t2,aggregate,5,1.0,2011-01-01 02:16:20,2011-01-01 02:31:40,0.26,0.8611111111111112,,23.91304347826087,3.3695652173913047,0.8611111111111112,0.0,False,60,3,2,True,False,terminal,kurt_only,load_pipeline (invariant)
FEMTO,Bearing2_1,42,Isolation Forest,isolation_forest,aggregate,5,1.0,2011-01-01 02:16:20,2011-01-01 02:31:40,0.26,0.8611111111111112,,17.391304347826086,3.3695652173913047,0.8611111111111112,0.0,False,60,3,2,True,False,terminal,kurt_only,load_pipeline (invariant)
FEMTO,Bearing2_1,42,Deep SVDD,deep_svdd,aggregate,5,1.0,2011-01-01 02:16:20,2011-01-01 02:31:40,0.26,0.0,,0.0,0.0,0.0,0.0,False,60,3,2,True,False,terminal,kurt_only,load_pipeline (invariant)
FEMTO,Bearing2_1,42,LSTM-Autoencoder,lstm_ae,aggregate,5,1.0,2011-01-01 02:16:20,2011-01-01 02:31:40,0.26,1.011111111111111,,100.0,3.956521739130435,0.0,100.0,False,60,3,2,True,False,terminal,kurt_only,load_pipeline (invariant)
FEMTO,Bearing2_1,42,TCN-Autoencoder,tcn,aggregate,5,1.0,2011-01-01 02:16:20,2011-01-01 02:31:40,0.26,1.011111111111111,,100.0,3.956521739130435,0.0,100.0,False,60,3,2,True,False,terminal,kurt_only,load_pipeline (invariant)
FEMTO,Bearing2_1,42,Transformer-AD,transformer_ad,aggregate,5,1.0,2011-01-01 02:16:20,2011-01-01 02:31:40,0.26,1.011111111111111,,100.0,3.956521739130435,0.0,100.0,False,60,3,2,True,False,terminal,kurt_only,load_pipeline (invariant)
FEMTO,Bearing2_1,42,RMS-Trend (kσ),rms_trend,aggregate,10,2.0,2011-01-01 02:16:20,2011-01-01 02:31:40,0.26,0.22777777777777777,0.027777777777777776,0.0,0.891304347826087,0.22777777777777777,0.0,True,30,3,1,True,False,terminal,kurt_only,load_pipeline (invariant)
FEMTO,Bearing2_1,42,3σ Rule (σ=3.0),three_sigma,aggregate,10,2.0,2011-01-01 02:16:20,2011-01-01 02:31:40,0.26,0.29444444444444445,,8.333333333333332,1.1521739130434785,0.29444444444444445,0.0,True,30,3,1,True,False,terminal,kurt_only,load_pipeline (invariant)
FEMTO,Bearing2_1,42,"EWMA (λ=0.2, k=3.0)",ewma,aggregate,10,2.0,2011-01-01 02:16:20,2011-01-01 02:31:40,0.26,0.8277777777777777,,29.166666666666668,3.239130434782609,0.8277777777777777,0.0,False,30,3,1,True,False,terminal,kurt_only,load_pipeline (invariant)
FEMTO,Bearing2_1,42,"CUSUM (k=0.5, h=5.0)",cusum,aggregate,10,2.0,2011-01-01 02:16:20,2011-01-01 02:31:40,0.26,0.8277777777777777,,75.0,3.239130434782609,0.8277777777777777,0.0,False,30,3,1,True,False,terminal,kurt_only,load_pipeline (invariant)
FEMTO,Bearing2_1,42,Hotelling T²,hotelling_t2,aggregate,10,2.0,2011-01-01 02:16:20,2011-01-01 02:31:40,0.26,0.9611111111111111,,37.5,3.7608695652173916,0.9611111111111111,0.0,False,30,3,1,True,False,terminal,kurt_only,load_pipeline (invariant)
FEMTO,Bearing2_1,42,Isolation Forest,isolation_forest,aggregate,10,2.0,2011-01-01 02:16:20,2011-01-01 02:31:40,0.26,0.9611111111111111,,37.5,3.7608695652173916,0.9611111111111111,0.0,False,30,3,1,True,False,terminal,kurt_only,load_pipeline (invariant)
FEMTO,Bearing2_1,42,Deep SVDD,deep_svdd,aggregate,10,2.0,2011-01-01 02:16:20,2011-01-01 02:31:40,0.26,0.06111111111111111,0.19444444444444445,0.0,0.2391304347826087,0.06111111111111111,0.0,True,30,3,1,True,False,terminal,kurt_only,load_pipeline (invariant)
FEMTO,Bearing2_1,42,LSTM-Autoencoder,lstm_ae,aggregate,10,2.0,2011-01-01 02:16:20,2011-01-01 02:31:40,0.26,1.0277777777777777,,100.0,4.021739130434782,0.0,100.0,False,30,3,1,True,False,terminal,kurt_only,load_pipeline (invariant)
FEMTO,Bearing2_1,42,TCN-Autoencoder,tcn,aggregate,10,2.0,2011-01-01 02:16:20,2011-01-01 02:31:40,0.26,1.0277777777777777,,100.0,4.021739130434782,0.0,100.0,False,30,3,1,True,False,terminal,kurt_only,load_pipeline (invariant)
FEMTO,Bearing2_1,42,Transformer-AD,transformer_ad,aggregate,10,2.0,2011-01-01 02:16:20,2011-01-01 02:31:40,0.26,1.0277777777777777,,100.0,4.021739130434782,0.0,100.0,False,30,3,1,True,False,terminal,kurt_only,load_pipeline (invariant)
FEMTO,Bearing2_1,42,RMS-Trend (kσ),rms_trend,aggregate,20,3.0,2011-01-01 02:16:20,2011-01-01 02:31:40,0.26,0.07777777777777778,0.17777777777777778,0.0,0.30434782608695654,0.07777777777777778,0.0,True,20,3,1,True,False,terminal,kurt_only,load_pipeline (invariant)
FEMTO,Bearing2_1,42,3σ Rule (σ=3.0),three_sigma,aggregate,20,3.0,2011-01-01 02:16:20,2011-01-01 02:31:40,0.26,0.2777777777777778,,6.25,1.0869565217391306,0.2777777777777778,0.0,True,20,3,1,True,False,terminal,kurt_only,load_pipeline (invariant)
FEMTO,Bearing2_1,42,"EWMA (λ=0.2, k=3.0)",ewma,aggregate,20,3.0,2011-01-01 02:16:20,2011-01-01 02:31:40,0.26,0.8277777777777777,,37.5,3.239130434782609,0.8277777777777777,0.0,False,20,3,1,True,False,terminal,kurt_only,load_pipeline (invariant)
FEMTO,Bearing2_1,42,"CUSUM (k=0.5, h=5.0)",cusum,aggregate,20,3.0,2011-01-01 02:16:20,2011-01-01 02:31:40,0.26,0.8277777777777777,,75.0,3.239130434782609,0.8277777777777777,0.0,False,20,3,1,True,False,terminal,kurt_only,load_pipeline (invariant)
FEMTO,Bearing2_1,42,Hotelling T²,hotelling_t2,aggregate,20,3.0,2011-01-01 02:16:20,2011-01-01 02:31:40,0.26,0.9777777777777777,,62.5,3.8260869565217392,0.0,50.0,False,20,3,1,True,False,terminal,kurt_only,load_pipeline (invariant)
FEMTO,Bearing2_1,42,Isolation Forest,isolation_forest,aggregate,20,3.0,2011-01-01 02:16:20,2011-01-01 02:31:40,0.26,0.22777777777777777,0.027777777777777776,0.0,0.891304347826087,0.22777777777777777,0.0,True,20,3,1,True,False,terminal,kurt_only,load_pipeline (invariant)
FEMTO,Bearing2_1,42,Deep SVDD,deep_svdd,aggregate,20,3.0,2011-01-01 02:16:20,2011-01-01 02:31:40,0.26,0.07777777777777778,0.17777777777777778,0.0,0.30434782608695654,0.07777777777777778,0.0,True,20,3,1,True,False,terminal,kurt_only,load_pipeline (invariant)
FEMTO,Bearing2_1,42,LSTM-Autoencoder,lstm_ae,aggregate,20,3.0,2011-01-01 02:16:20,2011-01-01 02:31:40,0.26,,,,,,,False,20,3,1,True,False,terminal,kurt_only,load_pipeline (invariant)
FEMTO,Bearing2_1,42,TCN-Autoencoder,tcn,aggregate,20,3.0,2011-01-01 02:16:20,2011-01-01 02:31:40,0.26,,,,,,,False,20,3,1,True,False,terminal,kurt_only,load_pipeline (invariant)
FEMTO,Bearing2_1,42,Transformer-AD,transformer_ad,aggregate,20,3.0,2011-01-01 02:16:20,2011-01-01 02:31:40,0.26,,,,,,,False,20,3,1,True,False,terminal,kurt_only,load_pipeline (invariant)
FEMTO,Bearing2_1,42,RMS-Trend (kσ),rms_trend,decimate,1,0.17,2011-01-01 02:16:20,2011-01-01 02:31:40,0.26,0.18055555555555555,0.075,0.0,0.7065217391304348,0.18055555555555555,0.0,True,73,10,3,False,False,terminal,kurt_only,load_pipeline (invariant)
FEMTO,Bearing2_1,42,3σ Rule (σ=3.0),three_sigma,decimate,1,0.17,2011-01-01 02:16:20,2011-01-01 02:31:40,0.26,0.8055555555555556,,14.545454545454545,3.1521739130434785,0.8055555555555556,0.0,False,73,10,3,False,False,terminal,kurt_only,load_pipeline (invariant)
FEMTO,Bearing2_1,42,"EWMA (λ=0.2, k=3.0)",ewma,decimate,1,0.17,2011-01-01 02:16:20,2011-01-01 02:31:40,0.26,0.8472222222222222,,27.27272727272727,3.315217391304348,0.8472222222222222,0.0,False,73,10,3,False,False,terminal,kurt_only,load_pipeline (invariant)
FEMTO,Bearing2_1,42,"CUSUM (k=0.5, h=5.0)",cusum,decimate,1,0.17,2011-01-01 02:16:20,2011-01-01 02:31:40,0.26,0.8472222222222222,,78.18181818181819,3.315217391304348,0.8472222222222222,0.0,False,73,10,3,False,False,terminal,kurt_only,load_pipeline (invariant)
FEMTO,Bearing2_1,42,Hotelling T²,hotelling_t2,decimate,1,0.17,2011-01-01 02:16:20,2011-01-01 02:31:40,0.26,0.8055555555555556,,20.0,3.1521739130434785,0.8055555555555556,0.0,False,73,10,3,False,False,terminal,kurt_only,load_pipeline (invariant)
FEMTO,Bearing2_1,42,Isolation Forest,isolation_forest,decimate,1,0.17,2011-01-01 02:16:20,2011-01-01 02:31:40,0.26,0.8055555555555556,,9.090909090909092,3.1521739130434785,0.8055555555555556,0.0,True,73,10,3,False,False,terminal,kurt_only,load_pipeline (invariant)
FEMTO,Bearing2_1,42,Deep SVDD,deep_svdd,decimate,1,0.17,2011-01-01 02:16:20,2011-01-01 02:31:40,0.26,0.0,,0.0,0.0,0.0,0.0,False,73,10,3,False,False,terminal,kurt_only,load_pipeline (invariant)
FEMTO,Bearing2_1,42,LSTM-Autoencoder,lstm_ae,decimate,1,0.17,2011-01-01 02:16:20,2011-01-01 02:31:40,0.26,1.0138888888888888,,100.0,3.967391304347826,0.0,100.0,False,73,10,3,False,False,terminal,kurt_only,load_pipeline (invariant)
FEMTO,Bearing2_1,42,TCN-Autoencoder,tcn,decimate,1,0.17,2011-01-01 02:16:20,2011-01-01 02:31:40,0.26,1.0138888888888888,,100.0,3.967391304347826,0.0,100.0,False,73,10,3,False,False,terminal,kurt_only,load_pipeline (invariant)
FEMTO,Bearing2_1,42,Transformer-AD,transformer_ad,decimate,1,0.17,2011-01-01 02:16:20,2011-01-01 02:31:40,0.26,0.6111111111111112,,41.81818181818181,2.3913043478260874,0.6111111111111112,0.0,False,73,10,3,False,False,terminal,kurt_only,load_pipeline (invariant)
FEMTO,Bearing2_1,42,RMS-Trend (kσ),rms_trend,decimate,2,0.33,2011-01-01 02:16:20,2011-01-01 02:31:40,0.26,0.38333333333333336,,7.246376811594203,1.5000000000000002,0.38333333333333336,0.0,True,91,5,4,False,False,terminal,kurt_only,load_pipeline (invariant)
FEMTO,Bearing2_1,42,3σ Rule (σ=3.0),three_sigma,decimate,2,0.33,2011-01-01 02:16:20,2011-01-01 02:31:40,0.26,0.7388888888888889,,13.043478260869565,2.8913043478260874,0.7388888888888889,0.0,False,91,5,4,False,False,terminal,kurt_only,load_pipeline (invariant)
FEMTO,Bearing2_1,42,"EWMA (λ=0.2, k=3.0)",ewma,decimate,2,0.33,2011-01-01 02:16:20,2011-01-01 02:31:40,0.26,0.25,0.005555555555555556,0.0,0.9782608695652175,0.25,0.0,True,91,5,4,False,False,terminal,kurt_only,load_pipeline (invariant)
FEMTO,Bearing2_1,42,"CUSUM (k=0.5, h=5.0)",cusum,decimate,2,0.33,2011-01-01 02:16:20,2011-01-01 02:31:40,0.26,0.2388888888888889,0.016666666666666666,0.0,0.9347826086956523,0.2388888888888889,0.0,True,91,5,4,False,False,terminal,kurt_only,load_pipeline (invariant)
FEMTO,Bearing2_1,42,Hotelling T²,hotelling_t2,decimate,2,0.33,2011-01-01 02:16:20,2011-01-01 02:31:40,0.26,0.8944444444444445,,21.73913043478261,3.5000000000000004,0.8944444444444445,0.0,False,91,5,4,False,False,terminal,kurt_only,load_pipeline (invariant)
FEMTO,Bearing2_1,42,Isolation Forest,isolation_forest,decimate,2,0.33,2011-01-01 02:16:20,2011-01-01 02:31:40,0.26,0.7388888888888889,,14.492753623188406,2.8913043478260874,0.7388888888888889,0.0,False,91,5,4,False,False,terminal,kurt_only,load_pipeline (invariant)
FEMTO,Bearing2_1,42,Deep SVDD,deep_svdd,decimate,2,0.33,2011-01-01 02:16:20,2011-01-01 02:31:40,0.26,0.0,,0.0,0.0,0.0,0.0,False,91,5,4,False,False,terminal,kurt_only,load_pipeline (invariant)
FEMTO,Bearing2_1,42,LSTM-Autoencoder,lstm_ae,decimate,2,0.33,2011-01-01 02:16:20,2011-01-01 02:31:40,0.26,1.0166666666666666,,100.0,3.9782608695652173,0.0,100.0,False,91,5,4,False,False,terminal,kurt_only,load_pipeline (invariant)
FEMTO,Bearing2_1,42,TCN-Autoencoder,tcn,decimate,2,0.33,2011-01-01 02:16:20,2011-01-01 02:31:40,0.26,1.0166666666666666,,100.0,3.9782608695652173,0.0,100.0,False,91,5,4,False,False,terminal,kurt_only,load_pipeline (invariant)
FEMTO,Bearing2_1,42,Transformer-AD,transformer_ad,decimate,2,0.33,2011-01-01 02:16:20,2011-01-01 02:31:40,0.26,0.6944444444444444,,52.17391304347826,2.717391304347826,0.6944444444444444,0.0,False,91,5,4,False,False,terminal,kurt_only,load_pipeline (invariant)
FEMTO,Bearing2_1,42,RMS-Trend (kσ),rms_trend,decimate,5,0.83,2011-01-01 02:16:20,2011-01-01 02:31:40,0.26,0.0,,0.0,0.0,0.0,0.0,False,73,3,2,True,False,terminal,kurt_only,load_pipeline (invariant)
FEMTO,Bearing2_1,42,3σ Rule (σ=3.0),three_sigma,decimate,5,0.83,2011-01-01 02:16:20,2011-01-01 02:31:40,0.26,0.8611111111111112,,38.18181818181819,3.3695652173913047,0.8611111111111112,0.0,False,73,3,2,True,False,terminal,kurt_only,load_pipeline (invariant)
FEMTO,Bearing2_1,42,"EWMA (λ=0.2, k=3.0)",ewma,decimate,5,0.83,2011-01-01 02:16:20,2011-01-01 02:31:40,0.26,0.8611111111111112,,61.81818181818181,3.3695652173913047,0.8611111111111112,0.0,False,73,3,2,True,False,terminal,kurt_only,load_pipeline (invariant)
FEMTO,Bearing2_1,42,"CUSUM (k=0.5, h=5.0)",cusum,decimate,5,0.83,2011-01-01 02:16:20,2011-01-01 02:31:40,0.26,0.8472222222222222,,78.18181818181819,3.315217391304348,0.8472222222222222,0.0,False,73,3,2,True,False,terminal,kurt_only,load_pipeline (invariant)
FEMTO,Bearing2_1,42,Hotelling T²,hotelling_t2,decimate,5,0.83,2011-01-01 02:16:20,2011-01-01 02:31:40,0.26,0.8611111111111112,,40.0,3.3695652173913047,0.8611111111111112,0.0,False,73,3,2,True,False,terminal,kurt_only,load_pipeline (invariant)
FEMTO,Bearing2_1,42,Isolation Forest,isolation_forest,decimate,5,0.83,2011-01-01 02:16:20,2011-01-01 02:31:40,0.26,0.8611111111111112,,29.09090909090909,3.3695652173913047,0.8611111111111112,0.0,False,73,3,2,True,False,terminal,kurt_only,load_pipeline (invariant)
FEMTO,Bearing2_1,42,Deep SVDD,deep_svdd,decimate,5,0.83,2011-01-01 02:16:20,2011-01-01 02:31:40,0.26,0.1527777777777778,0.10277777777777777,0.0,0.5978260869565218,0.1527777777777778,0.0,True,73,3,2,True,False,terminal,kurt_only,load_pipeline (invariant)
FEMTO,Bearing2_1,42,LSTM-Autoencoder,lstm_ae,decimate,5,0.83,2011-01-01 02:16:20,2011-01-01 02:31:40,0.26,1.0138888888888888,,100.0,3.967391304347826,0.0,100.0,False,73,3,2,True,False,terminal,kurt_only,load_pipeline (invariant)
FEMTO,Bearing2_1,42,TCN-Autoencoder,tcn,decimate,5,0.83,2011-01-01 02:16:20,2011-01-01 02:31:40,0.26,1.0138888888888888,,100.0,3.967391304347826,0.0,100.0,False,73,3,2,True,False,terminal,kurt_only,load_pipeline (invariant)
FEMTO,Bearing2_1,42,Transformer-AD,transformer_ad,decimate,5,0.83,2011-01-01 02:16:20,2011-01-01 02:31:40,0.26,1.0138888888888888,,100.0,3.967391304347826,0.0,100.0,False,73,3,2,True,False,terminal,kurt_only,load_pipeline (invariant)
FEMTO,Bearing2_1,42,RMS-Trend (kσ),rms_trend,decimate,10,1.67,2011-01-01 02:16:20,2011-01-01 02:31:40,0.26,0.16666666666666666,0.08888888888888889,0.0,0.6521739130434783,0.16666666666666666,0.0,True,36,3,1,True,False,terminal,kurt_only,load_pipeline (invariant)
FEMTO,Bearing2_1,42,3σ Rule (σ=3.0),three_sigma,decimate,10,1.67,2011-01-01 02:16:20,2011-01-01 02:31:40,0.26,0.4166666666666667,,18.51851851851852,1.6304347826086958,0.4166666666666667,0.0,False,36,3,1,True,False,terminal,kurt_only,load_pipeline (invariant)
FEMTO,Bearing2_1,42,"EWMA (λ=0.2, k=3.0)",ewma,decimate,10,1.67,2011-01-01 02:16:20,2011-01-01 02:31:40,0.26,0.4166666666666667,,22.22222222222222,1.6304347826086958,0.4166666666666667,0.0,False,36,3,1,True,False,terminal,kurt_only,load_pipeline (invariant)
FEMTO,Bearing2_1,42,"CUSUM (k=0.5, h=5.0)",cusum,decimate,10,1.67,2011-01-01 02:16:20,2011-01-01 02:31:40,0.26,0.4166666666666667,,22.22222222222222,1.6304347826086958,0.4166666666666667,0.0,False,36,3,1,True,False,terminal,kurt_only,load_pipeline (invariant)
FEMTO,Bearing2_1,42,Hotelling T²,hotelling_t2,decimate,10,1.67,2011-01-01 02:16:20,2011-01-01 02:31:40,0.26,0.4166666666666667,,18.51851851851852,1.6304347826086958,0.4166666666666667,0.0,False,36,3,1,True,False,terminal,kurt_only,load_pipeline (invariant)
FEMTO,Bearing2_1,42,Isolation Forest,isolation_forest,decimate,10,1.67,2011-01-01 02:16:20,2011-01-01 02:31:40,0.26,0.4166666666666667,,18.51851851851852,1.6304347826086958,0.4166666666666667,0.0,False,36,3,1,True,False,terminal,kurt_only,load_pipeline (invariant)
FEMTO,Bearing2_1,42,Deep SVDD,deep_svdd,decimate,10,1.67,2011-01-01 02:16:20,2011-01-01 02:31:40,0.26,0.16666666666666666,0.08888888888888889,0.0,0.6521739130434783,0.16666666666666666,0.0,True,36,3,1,True,False,terminal,kurt_only,load_pipeline (invariant)
FEMTO,Bearing2_1,42,LSTM-Autoencoder,lstm_ae,decimate,10,1.67,2011-01-01 02:16:20,2011-01-01 02:31:40,0.26,1.0,,100.0,3.91304347826087,0.0,100.0,False,36,3,1,True,False,terminal,kurt_only,load_pipeline (invariant)
FEMTO,Bearing2_1,42,TCN-Autoencoder,tcn,decimate,10,1.67,2011-01-01 02:16:20,2011-01-01 02:31:40,0.26,1.0,,100.0,3.91304347826087,0.0,100.0,False,36,3,1,True,False,terminal,kurt_only,load_pipeline (invariant)
FEMTO,Bearing2_1,42,Transformer-AD,transformer_ad,decimate,10,1.67,2011-01-01 02:16:20,2011-01-01 02:31:40,0.26,1.0,,100.0,3.91304347826087,0.0,100.0,False,36,3,1,True,False,terminal,kurt_only,load_pipeline (invariant)
FEMTO,Bearing2_1,42,RMS-Trend (kσ),rms_trend,decimate,20,3.33,2011-01-01 02:16:20,2011-01-01 02:31:40,0.26,0.19444444444444445,0.06111111111111111,0.0,0.7608695652173914,0.19444444444444445,0.0,True,18,3,1,True,False,terminal,kurt_only,load_pipeline (invariant)
FEMTO,Bearing2_1,42,3σ Rule (σ=3.0),three_sigma,decimate,20,3.33,2011-01-01 02:16:20,2011-01-01 02:31:40,0.26,0.8055555555555556,,28.57142857142857,3.1521739130434785,0.8055555555555556,0.0,False,18,3,1,True,False,terminal,kurt_only,load_pipeline (invariant)
FEMTO,Bearing2_1,42,"EWMA (λ=0.2, k=3.0)",ewma,decimate,20,3.33,2011-01-01 02:16:20,2011-01-01 02:31:40,0.26,0.5833333333333334,,42.857142857142854,2.2826086956521743,0.5833333333333334,0.0,False,18,3,1,True,False,terminal,kurt_only,load_pipeline (invariant)
FEMTO,Bearing2_1,42,"CUSUM (k=0.5, h=5.0)",cusum,decimate,20,3.33,2011-01-01 02:16:20,2011-01-01 02:31:40,0.26,0.5833333333333334,,42.857142857142854,2.2826086956521743,0.5833333333333334,0.0,False,18,3,1,True,False,terminal,kurt_only,load_pipeline (invariant)
FEMTO,Bearing2_1,42,Hotelling T²,hotelling_t2,decimate,20,3.33,2011-01-01 02:16:20,2011-01-01 02:31:40,0.26,0.8055555555555556,,28.57142857142857,3.1521739130434785,0.8055555555555556,0.0,False,18,3,1,True,False,terminal,kurt_only,load_pipeline (invariant)
FEMTO,Bearing2_1,42,Isolation Forest,isolation_forest,decimate,20,3.33,2011-01-01 02:16:20,2011-01-01 02:31:40,0.26,0.4166666666666667,,14.285714285714285,1.6304347826086958,0.4166666666666667,0.0,False,18,3,1,True,False,terminal,kurt_only,load_pipeline (invariant)
FEMTO,Bearing2_1,42,Deep SVDD,deep_svdd,decimate,20,3.33,2011-01-01 02:16:20,2011-01-01 02:31:40,0.26,0.19444444444444445,0.06111111111111111,0.0,0.7608695652173914,0.19444444444444445,0.0,True,18,3,1,True,False,terminal,kurt_only,load_pipeline (invariant)
FEMTO,Bearing2_1,42,LSTM-Autoencoder,lstm_ae,decimate,20,3.33,2011-01-01 02:16:20,2011-01-01 02:31:40,0.26,,,,,,,False,18,3,1,True,False,terminal,kurt_only,load_pipeline (invariant)
FEMTO,Bearing2_1,42,TCN-Autoencoder,tcn,decimate,20,3.33,2011-01-01 02:16:20,2011-01-01 02:31:40,0.26,,,,,,,False,18,3,1,True,False,terminal,kurt_only,load_pipeline (invariant)
FEMTO,Bearing2_1,42,Transformer-AD,transformer_ad,decimate,20,3.33,2011-01-01 02:16:20,2011-01-01 02:31:40,0.26,,,,,,,False,18,3,1,True,False,terminal,kurt_only,load_pipeline (invariant)
FEMTO,Bearing2_2,42,RMS-Trend (kσ),rms_trend,aggregate,1,0.17,2011-01-01 02:05:10,2011-01-01 02:12:40,0.12,0.0,,0.0,0.0,0.0,0.0,False,64,10,3,False,False,terminal,kurt_only,load_pipeline (invariant)
FEMTO,Bearing2_2,42,3σ Rule (σ=3.0),three_sigma,aggregate,1,0.17,2011-01-01 02:05:10,2011-01-01 02:12:40,0.12,0.12777777777777777,,1.7857142857142856,1.0222222222222221,0.12777777777777777,0.0,True,64,10,3,False,False,terminal,kurt_only,load_pipeline (invariant)
FEMTO,Bearing2_2,42,"EWMA (λ=0.2, k=3.0)",ewma,aggregate,1,0.17,2011-01-01 02:05:10,2011-01-01 02:12:40,0.12,0.8638888888888889,,28.57142857142857,6.911111111111111,0.0,50.0,False,64,10,3,False,False,terminal,kurt_only,load_pipeline (invariant)
FEMTO,Bearing2_2,42,"CUSUM (k=0.5, h=5.0)",cusum,aggregate,1,0.17,2011-01-01 02:05:10,2011-01-01 02:12:40,0.12,0.8361111111111111,,92.85714285714286,6.688888888888889,0.8361111111111111,0.0,False,64,10,3,False,False,terminal,kurt_only,load_pipeline (invariant)
FEMTO,Bearing2_2,42,Hotelling T²,hotelling_t2,aggregate,1,0.17,2011-01-01 02:05:10,2011-01-01 02:12:40,0.12,0.8777777777777778,,26.785714285714285,7.022222222222222,0.0,75.0,False,64,10,3,False,False,terminal,kurt_only,load_pipeline (invariant)
FEMTO,Bearing2_2,42,Isolation Forest,isolation_forest,aggregate,1,0.17,2011-01-01 02:05:10,2011-01-01 02:12:40,0.12,0.8916666666666667,,23.214285714285715,7.133333333333334,0.0,100.0,False,64,10,3,False,False,terminal,kurt_only,load_pipeline (invariant)
FEMTO,Bearing2_2,42,Deep SVDD,deep_svdd,aggregate,1,0.17,2011-01-01 02:05:10,2011-01-01 02:12:40,0.12,0.0,,0.0,0.0,0.0,0.0,False,64,10,3,False,False,terminal,kurt_only,load_pipeline (invariant)
FEMTO,Bearing2_2,42,LSTM-Autoencoder,lstm_ae,aggregate,1,0.17,2011-01-01 02:05:10,2011-01-01 02:12:40,0.12,0.8916666666666667,,100.0,7.133333333333334,0.0,100.0,False,64,10,3,False,False,terminal,kurt_only,load_pipeline (invariant)
FEMTO,Bearing2_2,42,TCN-Autoencoder,tcn,aggregate,1,0.17,2011-01-01 02:05:10,2011-01-01 02:12:40,0.12,0.8916666666666667,,100.0,7.133333333333334,0.0,100.0,False,64,10,3,False,False,terminal,kurt_only,load_pipeline (invariant)
FEMTO,Bearing2_2,42,Transformer-AD,transformer_ad,aggregate,1,0.17,2011-01-01 02:05:10,2011-01-01 02:12:40,0.12,0.8916666666666667,,100.0,7.133333333333334,0.0,100.0,False,64,10,3,False,False,terminal,kurt_only,load_pipeline (invariant)
FEMTO,Bearing2_2,42,RMS-Trend (kσ),rms_trend,aggregate,2,1.0,2011-01-01 02:05:10,2011-01-01 02:12:40,0.12,0.0,,0.0,0.0,0.0,0.0,False,26,5,4,False,False,terminal,kurt_only,load_pipeline (invariant)
FEMTO,Bearing2_2,42,3σ Rule (σ=3.0),three_sigma,aggregate,2,1.0,2011-01-01 02:05:10,2011-01-01 02:12:40,0.12,0.14444444444444443,,4.3478260869565215,1.1555555555555554,0.14444444444444443,0.0,True,26,5,4,False,False,terminal,kurt_only,load_pipeline (invariant)
FEMTO,Bearing2_2,42,"EWMA (λ=0.2, k=3.0)",ewma,aggregate,2,1.0,2011-01-01 02:05:10,2011-01-01 02:12:40,0.12,0.14444444444444443,,4.3478260869565215,1.1555555555555554,0.14444444444444443,0.0,True,26,5,4,False,False,terminal,kurt_only,load_pipeline (invariant)
FEMTO,Bearing2_2,42,"CUSUM (k=0.5, h=5.0)",cusum,aggregate,2,1.0,2011-01-01 02:05:10,2011-01-01 02:12:40,0.12,0.7111111111111111,,78.26086956521739,5.688888888888889,0.7111111111111111,0.0,False,26,5,4,False,False,terminal,kurt_only,load_pipeline (invariant)
FEMTO,Bearing2_2,42,Hotelling T²,hotelling_t2,aggregate,2,1.0,2011-01-01 02:05:10,2011-01-01 02:12:40,0.12,0.8111111111111111,,39.130434782608695,6.488888888888889,0.8111111111111111,0.0,False,26,5,4,False,False,terminal,kurt_only,load_pipeline (invariant)
FEMTO,Bearing2_2,42,Isolation Forest,isolation_forest,aggregate,2,1.0,2011-01-01 02:05:10,2011-01-01 02:12:40,0.12,0.14444444444444443,,4.3478260869565215,1.1555555555555554,0.14444444444444443,0.0,True,26,5,4,False,False,terminal,kurt_only,load_pipeline (invariant)
FEMTO,Bearing2_2,42,Deep SVDD,deep_svdd,aggregate,2,1.0,2011-01-01 02:05:10,2011-01-01 02:12:40,0.12,0.0,,0.0,0.0,0.0,0.0,False,26,5,4,False,False,terminal,kurt_only,load_pipeline (invariant)
FEMTO,Bearing2_2,42,LSTM-Autoencoder,lstm_ae,aggregate,2,1.0,2011-01-01 02:05:10,2011-01-01 02:12:40,0.12,,,,,,,False,26,5,4,False,False,terminal,kurt_only,load_pipeline (invariant)
FEMTO,Bearing2_2,42,TCN-Autoencoder,tcn,aggregate,2,1.0,2011-01-01 02:05:10,2011-01-01 02:12:40,0.12,,,,,,,False,26,5,4,False,False,terminal,kurt_only,load_pipeline (invariant)
FEMTO,Bearing2_2,42,Transformer-AD,transformer_ad,aggregate,2,1.0,2011-01-01 02:05:10,2011-01-01 02:12:40,0.12,,,,,,,False,26,5,4,False,False,terminal,kurt_only,load_pipeline (invariant)
FEMTO,Bearing2_2,42,RMS-Trend (kσ),rms_trend,aggregate,5,1.0,2011-01-01 02:05:10,2011-01-01 02:12:40,0.12,0.0,,0.0,0.0,0.0,0.0,False,53,3,2,True,False,terminal,kurt_only,load_pipeline (invariant)
FEMTO,Bearing2_2,42,3σ Rule (σ=3.0),three_sigma,aggregate,5,1.0,2011-01-01 02:05:10,2011-01-01 02:12:40,0.12,0.8944444444444445,,10.638297872340425,7.155555555555556,0.0,100.0,False,53,3,2,True,False,terminal,kurt_only,load_pipeline (invariant)
FEMTO,Bearing2_2,42,"EWMA (λ=0.2, k=3.0)",ewma,aggregate,5,1.0,2011-01-01 02:05:10,2011-01-01 02:12:40,0.12,0.8611111111111112,,31.914893617021278,6.888888888888889,0.0,33.33333333333333,False,53,3,2,True,False,terminal,kurt_only,load_pipeline (invariant)
FEMTO,Bearing2_2,42,"CUSUM (k=0.5, h=5.0)",cusum,aggregate,5,1.0,2011-01-01 02:05:10,2011-01-01 02:12:40,0.12,0.7944444444444444,,87.2340425531915,6.355555555555555,0.7944444444444444,0.0,False,53,3,2,True,False,terminal,kurt_only,load_pipeline (invariant)
FEMTO,Bearing2_2,42,Hotelling T²,hotelling_t2,aggregate,5,1.0,2011-01-01 02:05:10,2011-01-01 02:12:40,0.12,0.8611111111111112,,27.659574468085108,6.888888888888889,0.0,33.33333333333333,False,53,3,2,True,False,terminal,kurt_only,load_pipeline (invariant)
FEMTO,Bearing2_2,42,Isolation Forest,isolation_forest,aggregate,5,1.0,2011-01-01 02:05:10,2011-01-01 02:12:40,0.12,0.8944444444444445,,31.914893617021278,7.155555555555556,0.0,100.0,False,53,3,2,True,False,terminal,kurt_only,load_pipeline (invariant)
FEMTO,Bearing2_2,42,Deep SVDD,deep_svdd,aggregate,5,1.0,2011-01-01 02:05:10,2011-01-01 02:12:40,0.12,0.0,,0.0,0.0,0.0,0.0,False,53,3,2,True,False,terminal,kurt_only,load_pipeline (invariant)
FEMTO,Bearing2_2,42,LSTM-Autoencoder,lstm_ae,aggregate,5,1.0,2011-01-01 02:05:10,2011-01-01 02:12:40,0.12,0.8944444444444445,,100.0,7.155555555555556,0.0,100.0,False,53,3,2,True,False,terminal,kurt_only,load_pipeline (invariant)
FEMTO,Bearing2_2,42,TCN-Autoencoder,tcn,aggregate,5,1.0,2011-01-01 02:05:10,2011-01-01 02:12:40,0.12,0.8944444444444445,,100.0,7.155555555555556,0.0,100.0,False,53,3,2,True,False,terminal,kurt_only,load_pipeline (invariant)
FEMTO,Bearing2_2,42,Transformer-AD,transformer_ad,aggregate,5,1.0,2011-01-01 02:05:10,2011-01-01 02:12:40,0.12,0.8944444444444445,,100.0,7.155555555555556,0.0,100.0,False,53,3,2,True,False,terminal,kurt_only,load_pipeline (invariant)
FEMTO,Bearing2_2,42,RMS-Trend (kσ),rms_trend,aggregate,10,2.0,2011-01-01 02:05:10,2011-01-01 02:12:40,0.12,0.044444444444444446,0.08055555555555556,0.0,0.35555555555555557,0.044444444444444446,0.0,True,26,3,1,True,False,terminal,kurt_only,load_pipeline (invariant)
FEMTO,Bearing2_2,42,3σ Rule (σ=3.0),three_sigma,aggregate,10,2.0,2011-01-01 02:05:10,2011-01-01 02:12:40,0.12,0.8111111111111111,,39.130434782608695,6.488888888888889,0.8111111111111111,0.0,False,26,3,1,True,False,terminal,kurt_only,load_pipeline (invariant)
FEMTO,Bearing2_2,42,"EWMA (λ=0.2, k=3.0)",ewma,aggregate,10,2.0,2011-01-01 02:05:10,2011-01-01 02:12:40,0.12,0.7777777777777778,,47.82608695652174,6.222222222222222,0.7777777777777778,0.0,False,26,3,1,True,False,terminal,kurt_only,load_pipeline (invariant)
FEMTO,Bearing2_2,42,"CUSUM (k=0.5, h=5.0)",cusum,aggregate,10,2.0,2011-01-01 02:05:10,2011-01-01 02:12:40,0.12,0.7444444444444445,,82.6086956521739,5.955555555555556,0.7444444444444445,0.0,False,26,3,1,True,False,terminal,kurt_only,load_pipeline (invariant)
FEMTO,Bearing2_2,42,Hotelling T²,hotelling_t2,aggregate,10,2.0,2011-01-01 02:05:10,2011-01-01 02:12:40,0.12,0.8777777777777778,,100.0,7.022222222222222,0.0,100.0,False,26,3,1,True,False,terminal,kurt_only,load_pipeline (invariant)
FEMTO,Bearing2_2,42,Isolation Forest,isolation_forest,aggregate,10,2.0,2011-01-01 02:05:10,2011-01-01 02:12:40,0.12,0.8777777777777778,,13.043478260869565,7.022222222222222,0.0,50.0,False,26,3,1,True,False,terminal,kurt_only,load_pipeline (invariant)
FEMTO,Bearing2_2,42,Deep SVDD,deep_svdd,aggregate,10,2.0,2011-01-01 02:05:10,2011-01-01 02:12:40,0.12,0.044444444444444446,0.08055555555555556,0.0,0.35555555555555557,0.044444444444444446,0.0,True,26,3,1,True,False,terminal,kurt_only,load_pipeline (invariant)
FEMTO,Bearing2_2,42,LSTM-Autoencoder,lstm_ae,aggregate,10,2.0,2011-01-01 02:05:10,2011-01-01 02:12:40,0.12,,,,,,,False,26,3,1,True,False,terminal,kurt_only,load_pipeline (invariant)
FEMTO,Bearing2_2,42,TCN-Autoencoder,tcn,aggregate,10,2.0,2011-01-01 02:05:10,2011-01-01 02:12:40,0.12,,,,,,,False,26,3,1,True,False,terminal,kurt_only,load_pipeline (invariant)
FEMTO,Bearing2_2,42,Transformer-AD,transformer_ad,aggregate,10,2.0,2011-01-01 02:05:10,2011-01-01 02:12:40,0.12,,,,,,,False,26,3,1,True,False,terminal,kurt_only,load_pipeline (invariant)
FEMTO,Bearing2_2,42,RMS-Trend (kσ),rms_trend,aggregate,20,3.0,2011-01-01 02:05:10,2011-01-01 02:12:40,0.12,0.06111111111111111,0.06388888888888888,0.0,0.4888888888888889,0.06111111111111111,0.0,True,18,3,1,True,False,terminal,kurt_only,load_pipeline (invariant)
FEMTO,Bearing2_2,42,3σ Rule (σ=3.0),three_sigma,aggregate,20,3.0,2011-01-01 02:05:10,2011-01-01 02:12:40,0.12,0.16111111111111112,,6.25,1.288888888888889,0.16111111111111112,0.0,True,18,3,1,True,False,terminal,kurt_only,load_pipeline (invariant)
FEMTO,Bearing2_2,42,"EWMA (λ=0.2, k=3.0)",ewma,aggregate,20,3.0,2011-01-01 02:05:10,2011-01-01 02:12:40,0.12,0.8111111111111111,,50.0,6.488888888888889,0.8111111111111111,0.0,False,18,3,1,True,False,terminal,kurt_only,load_pipeline (invariant)
FEMTO,Bearing2_2,42,"CUSUM (k=0.5, h=5.0)",cusum,aggregate,20,3.0,2011-01-01 02:05:10,2011-01-01 02:12:40,0.12,0.7611111111111111,,81.25,6.088888888888889,0.7611111111111111,0.0,False,18,3,1,True,False,terminal,kurt_only,load_pipeline (invariant)
FEMTO,Bearing2_2,42,Hotelling T²,hotelling_t2,aggregate,20,3.0,2011-01-01 02:05:10,2011-01-01 02:12:40,0.12,0.9111111111111111,,93.75,7.288888888888889,0.0,100.0,False,18,3,1,True,False,terminal,kurt_only,load_pipeline (invariant)
FEMTO,Bearing2_2,42,Isolation Forest,isolation_forest,aggregate,20,3.0,2011-01-01 02:05:10,2011-01-01 02:12:40,0.12,0.16111111111111112,,6.25,1.288888888888889,0.16111111111111112,0.0,True,18,3,1,True,False,terminal,kurt_only,load_pipeline (invariant)
FEMTO,Bearing2_2,42,Deep SVDD,deep_svdd,aggregate,20,3.0,2011-01-01 02:05:10,2011-01-01 02:12:40,0.12,0.06111111111111111,0.06388888888888888,0.0,0.4888888888888889,0.06111111111111111,0.0,True,18,3,1,True,False,terminal,kurt_only,load_pipeline (invariant)
FEMTO,Bearing2_2,42,LSTM-Autoencoder,lstm_ae,aggregate,20,3.0,2011-01-01 02:05:10,2011-01-01 02:12:40,0.12,,,,,,,False,18,3,1,True,False,terminal,kurt_only,load_pipeline (invariant)
FEMTO,Bearing2_2,42,TCN-Autoencoder,tcn,aggregate,20,3.0,2011-01-01 02:05:10,2011-01-01 02:12:40,0.12,,,,,,,False,18,3,1,True,False,terminal,kurt_only,load_pipeline (invariant)
FEMTO,Bearing2_2,42,Transformer-AD,transformer_ad,aggregate,20,3.0,2011-01-01 02:05:10,2011-01-01 02:12:40,0.12,,,,,,,False,18,3,1,True,False,terminal,kurt_only,load_pipeline (invariant)
FEMTO,Bearing2_2,42,RMS-Trend (kσ),rms_trend,decimate,1,0.17,2011-01-01 02:05:10,2011-01-01 02:12:40,0.12,0.0,,0.0,0.0,0.0,0.0,False,64,10,3,False,False,terminal,kurt_only,load_pipeline (invariant)
FEMTO,Bearing2_2,42,3σ Rule (σ=3.0),three_sigma,decimate,1,0.17,2011-01-01 02:05:10,2011-01-01 02:12:40,0.12,0.12777777777777777,,1.7857142857142856,1.0222222222222221,0.12777777777777777,0.0,True,64,10,3,False,False,terminal,kurt_only,load_pipeline (invariant)
FEMTO,Bearing2_2,42,"EWMA (λ=0.2, k=3.0)",ewma,decimate,1,0.17,2011-01-01 02:05:10,2011-01-01 02:12:40,0.12,0.8638888888888889,,28.57142857142857,6.911111111111111,0.0,50.0,False,64,10,3,False,False,terminal,kurt_only,load_pipeline (invariant)
FEMTO,Bearing2_2,42,"CUSUM (k=0.5, h=5.0)",cusum,decimate,1,0.17,2011-01-01 02:05:10,2011-01-01 02:12:40,0.12,0.8361111111111111,,92.85714285714286,6.688888888888889,0.8361111111111111,0.0,False,64,10,3,False,False,terminal,kurt_only,load_pipeline (invariant)
FEMTO,Bearing2_2,42,Hotelling T²,hotelling_t2,decimate,1,0.17,2011-01-01 02:05:10,2011-01-01 02:12:40,0.12,0.8777777777777778,,26.785714285714285,7.022222222222222,0.0,75.0,False,64,10,3,False,False,terminal,kurt_only,load_pipeline (invariant)
FEMTO,Bearing2_2,42,Isolation Forest,isolation_forest,decimate,1,0.17,2011-01-01 02:05:10,2011-01-01 02:12:40,0.12,0.8916666666666667,,23.214285714285715,7.133333333333334,0.0,100.0,False,64,10,3,False,False,terminal,kurt_only,load_pipeline (invariant)
FEMTO,Bearing2_2,42,Deep SVDD,deep_svdd,decimate,1,0.17,2011-01-01 02:05:10,2011-01-01 02:12:40,0.12,0.0,,0.0,0.0,0.0,0.0,False,64,10,3,False,False,terminal,kurt_only,load_pipeline (invariant)
FEMTO,Bearing2_2,42,LSTM-Autoencoder,lstm_ae,decimate,1,0.17,2011-01-01 02:05:10,2011-01-01 02:12:40,0.12,0.8916666666666667,,100.0,7.133333333333334,0.0,100.0,False,64,10,3,False,False,terminal,kurt_only,load_pipeline (invariant)
FEMTO,Bearing2_2,42,TCN-Autoencoder,tcn,decimate,1,0.17,2011-01-01 02:05:10,2011-01-01 02:12:40,0.12,0.8916666666666667,,100.0,7.133333333333334,0.0,100.0,False,64,10,3,False,False,terminal,kurt_only,load_pipeline (invariant)
FEMTO,Bearing2_2,42,Transformer-AD,transformer_ad,decimate,1,0.17,2011-01-01 02:05:10,2011-01-01 02:12:40,0.12,0.8916666666666667,,100.0,7.133333333333334,0.0,100.0,False,64,10,3,False,False,terminal,kurt_only,load_pipeline (invariant)
FEMTO,Bearing2_2,42,RMS-Trend (kσ),rms_trend,decimate,2,0.33,2011-01-01 02:05:10,2011-01-01 02:12:40,0.12,0.0,,0.0,0.0,0.0,0.0,False,80,5,4,False,False,terminal,kurt_only,load_pipeline (invariant)
FEMTO,Bearing2_2,42,3σ Rule (σ=3.0),three_sigma,decimate,2,0.33,2011-01-01 02:05:10,2011-01-01 02:12:40,0.12,0.13333333333333333,,1.4492753623188406,1.0666666666666667,0.13333333333333333,0.0,True,80,5,4,False,False,terminal,kurt_only,load_pipeline (invariant)
FEMTO,Bearing2_2,42,"EWMA (λ=0.2, k=3.0)",ewma,decimate,2,0.33,2011-01-01 02:05:10,2011-01-01 02:12:40,0.12,0.8444444444444444,,27.536231884057973,6.7555555555555555,0.0,20.0,False,80,5,4,False,False,terminal,kurt_only,load_pipeline (invariant)
FEMTO,Bearing2_2,42,"CUSUM (k=0.5, h=5.0)",cusum,decimate,2,0.33,2011-01-01 02:05:10,2011-01-01 02:12:40,0.12,0.8111111111111111,,89.85507246376811,6.488888888888889,0.8111111111111111,0.0,False,80,5,4,False,False,terminal,kurt_only,load_pipeline (invariant)
FEMTO,Bearing2_2,42,Hotelling T²,hotelling_t2,decimate,2,0.33,2011-01-01 02:05:10,2011-01-01 02:12:40,0.12,0.13333333333333333,,1.4492753623188406,1.0666666666666667,0.13333333333333333,0.0,True,80,5,4,False,False,terminal,kurt_only,load_pipeline (invariant)
FEMTO,Bearing2_2,42,Isolation Forest,isolation_forest,decimate,2,0.33,2011-01-01 02:05:10,2011-01-01 02:12:40,0.12,0.13333333333333333,,1.4492753623188406,1.0666666666666667,0.13333333333333333,0.0,True,80,5,4,False,False,terminal,kurt_only,load_pipeline (invariant)
FEMTO,Bearing2_2,42,Deep SVDD,deep_svdd,decimate,2,0.33,2011-01-01 02:05:10,2011-01-01 02:12:40,0.12,0.0,,0.0,0.0,0.0,0.0,False,80,5,4,False,False,terminal,kurt_only,load_pipeline (invariant)
FEMTO,Bearing2_2,42,LSTM-Autoencoder,lstm_ae,decimate,2,0.33,2011-01-01 02:05:10,2011-01-01 02:12:40,0.12,0.8888888888888888,,100.0,7.111111111111111,0.0,100.0,False,80,5,4,False,False,terminal,kurt_only,load_pipeline (invariant)
FEMTO,Bearing2_2,42,TCN-Autoencoder,tcn,decimate,2,0.33,2011-01-01 02:05:10,2011-01-01 02:12:40,0.12,0.8888888888888888,,100.0,7.111111111111111,0.0,100.0,False,80,5,4,False,False,terminal,kurt_only,load_pipeline (invariant)
FEMTO,Bearing2_2,42,Transformer-AD,transformer_ad,decimate,2,0.33,2011-01-01 02:05:10,2011-01-01 02:12:40,0.12,0.5666666666666667,,40.57971014492754,4.533333333333333,0.5666666666666667,0.0,False,80,5,4,False,False,terminal,kurt_only,load_pipeline (invariant)
FEMTO,Bearing2_2,42,RMS-Trend (kσ),rms_trend,decimate,5,0.83,2011-01-01 02:05:10,2011-01-01 02:12:40,0.12,0.0,,0.0,0.0,0.0,0.0,False,64,3,2,True,False,terminal,kurt_only,load_pipeline (invariant)
FEMTO,Bearing2_2,42,3σ Rule (σ=3.0),three_sigma,decimate,5,0.83,2011-01-01 02:05:10,2011-01-01 02:12:40,0.12,0.8916666666666667,,12.5,7.133333333333334,0.0,50.0,False,64,3,2,True,False,terminal,kurt_only,load_pipeline (invariant)
FEMTO,Bearing2_2,42,"EWMA (λ=0.2, k=3.0)",ewma,decimate,5,0.83,2011-01-01 02:05:10,2011-01-01 02:12:40,0.12,0.8777777777777778,,42.857142857142854,7.022222222222222,0.0,75.0,False,64,3,2,True,False,terminal,kurt_only,load_pipeline (invariant)
FEMTO,Bearing2_2,42,"CUSUM (k=0.5, h=5.0)",cusum,decimate,5,0.83,2011-01-01 02:05:10,2011-01-01 02:12:40,0.12,0.8361111111111111,,92.85714285714286,6.688888888888889,0.8361111111111111,0.0,False,64,3,2,True,False,terminal,kurt_only,load_pipeline (invariant)
FEMTO,Bearing2_2,42,Hotelling T²,hotelling_t2,decimate,5,0.83,2011-01-01 02:05:10,2011-01-01 02:12:40,0.12,0.8916666666666667,,10.714285714285714,7.133333333333334,0.0,75.0,False,64,3,2,True,False,terminal,kurt_only,load_pipeline (invariant)
FEMTO,Bearing2_2,42,Isolation Forest,isolation_forest,decimate,5,0.83,2011-01-01 02:05:10,2011-01-01 02:12:40,0.12,0.8916666666666667,,14.285714285714285,7.133333333333334,0.0,100.0,False,64,3,2,True,False,terminal,kurt_only,load_pipeline (invariant)
FEMTO,Bearing2_2,42,Deep SVDD,deep_svdd,decimate,5,0.83,2011-01-01 02:05:10,2011-01-01 02:12:40,0.12,0.0,,0.0,0.0,0.0,0.0,False,64,3,2,True,False,terminal,kurt_only,load_pipeline (invariant)
FEMTO,Bearing2_2,42,LSTM-Autoencoder,lstm_ae,decimate,5,0.83,2011-01-01 02:05:10,2011-01-01 02:12:40,0.12,0.8916666666666667,,100.0,7.133333333333334,0.0,100.0,False,64,3,2,True,False,terminal,kurt_only,load_pipeline (invariant)
FEMTO,Bearing2_2,42,TCN-Autoencoder,tcn,decimate,5,0.83,2011-01-01 02:05:10,2011-01-01 02:12:40,0.12,0.8916666666666667,,100.0,7.133333333333334,0.0,100.0,False,64,3,2,True,False,terminal,kurt_only,load_pipeline (invariant)
FEMTO,Bearing2_2,42,Transformer-AD,transformer_ad,decimate,5,0.83,2011-01-01 02:05:10,2011-01-01 02:12:40,0.12,0.8916666666666667,,100.0,7.133333333333334,0.0,100.0,False,64,3,2,True,False,terminal,kurt_only,load_pipeline (invariant)
FEMTO,Bearing2_2,42,RMS-Trend (kσ),rms_trend,decimate,10,1.67,2011-01-01 02:05:10,2011-01-01 02:12:40,0.12,0.044444444444444446,0.08055555555555556,0.0,0.35555555555555557,0.044444444444444446,0.0,True,32,3,1,True,False,terminal,kurt_only,load_pipeline (invariant)
FEMTO,Bearing2_2,42,3σ Rule (σ=3.0),three_sigma,decimate,10,1.67,2011-01-01 02:05:10,2011-01-01 02:12:40,0.12,0.9055555555555556,,41.37931034482759,7.2444444444444445,0.0,100.0,False,32,3,1,True,False,terminal,kurt_only,load_pipeline (invariant)
FEMTO,Bearing2_2,42,"EWMA (λ=0.2, k=3.0)",ewma,decimate,10,1.67,2011-01-01 02:05:10,2011-01-01 02:12:40,0.12,0.9055555555555556,,96.55172413793103,7.2444444444444445,0.0,100.0,False,32,3,1,True,False,terminal,kurt_only,load_pipeline (invariant)
FEMTO,Bearing2_2,42,"CUSUM (k=0.5, h=5.0)",cusum,decimate,10,1.67,2011-01-01 02:05:10,2011-01-01 02:12:40,0.12,0.9055555555555556,,100.0,7.2444444444444445,0.0,100.0,False,32,3,1,True,False,terminal,kurt_only,load_pipeline (invariant)
FEMTO,Bearing2_2,42,Hotelling T²,hotelling_t2,decimate,10,1.67,2011-01-01 02:05:10,2011-01-01 02:12:40,0.12,0.9055555555555556,,58.620689655172406,7.2444444444444445,0.0,100.0,False,32,3,1,True,False,terminal,kurt_only,load_pipeline (invariant)
FEMTO,Bearing2_2,42,Isolation Forest,isolation_forest,decimate,10,1.67,2011-01-01 02:05:10,2011-01-01 02:12:40,0.12,0.9055555555555556,,68.96551724137932,7.2444444444444445,0.0,100.0,False,32,3,1,True,False,terminal,kurt_only,load_pipeline (invariant)
FEMTO,Bearing2_2,42,Deep SVDD,deep_svdd,decimate,10,1.67,2011-01-01 02:05:10,2011-01-01 02:12:40,0.12,0.044444444444444446,0.08055555555555556,0.0,0.35555555555555557,0.044444444444444446,0.0,True,32,3,1,True,False,terminal,kurt_only,load_pipeline (invariant)
FEMTO,Bearing2_2,42,LSTM-Autoencoder,lstm_ae,decimate,10,1.67,2011-01-01 02:05:10,2011-01-01 02:12:40,0.12,0.9055555555555556,,100.0,7.2444444444444445,0.0,100.0,False,32,3,1,True,False,terminal,kurt_only,load_pipeline (invariant)
FEMTO,Bearing2_2,42,TCN-Autoencoder,tcn,decimate,10,1.67,2011-01-01 02:05:10,2011-01-01 02:12:40,0.12,0.9055555555555556,,100.0,7.2444444444444445,0.0,100.0,False,32,3,1,True,False,terminal,kurt_only,load_pipeline (invariant)
FEMTO,Bearing2_2,42,Transformer-AD,transformer_ad,decimate,10,1.67,2011-01-01 02:05:10,2011-01-01 02:12:40,0.12,0.9055555555555556,,100.0,7.2444444444444445,0.0,100.0,False,32,3,1,True,False,terminal,kurt_only,load_pipeline (invariant)
FEMTO,Bearing2_2,42,RMS-Trend (kσ),rms_trend,decimate,20,3.33,2011-01-01 02:05:10,2011-01-01 02:12:40,0.12,0.1,0.025,0.0,0.8,0.1,0.0,True,16,3,1,True,False,terminal,kurt_only,load_pipeline (invariant)
FEMTO,Bearing2_2,42,3σ Rule (σ=3.0),three_sigma,decimate,20,3.33,2011-01-01 02:05:10,2011-01-01 02:12:40,0.12,0.26666666666666666,,20.0,2.1333333333333333,0.26666666666666666,0.0,False,16,3,1,True,False,terminal,kurt_only,load_pipeline (invariant)
FEMTO,Bearing2_2,42,"EWMA (λ=0.2, k=3.0)",ewma,decimate,20,3.33,2011-01-01 02:05:10,2011-01-01 02:12:40,0.12,0.9333333333333333,,100.0,7.466666666666667,0.0,100.0,False,16,3,1,True,False,terminal,kurt_only,load_pipeline (invariant)
FEMTO,Bearing2_2,42,"CUSUM (k=0.5, h=5.0)",cusum,decimate,20,3.33,2011-01-01 02:05:10,2011-01-01 02:12:40,0.12,0.9333333333333333,,100.0,7.466666666666667,0.0,100.0,False,16,3,1,True,False,terminal,kurt_only,load_pipeline (invariant)
FEMTO,Bearing2_2,42,Hotelling T²,hotelling_t2,decimate,20,3.33,2011-01-01 02:05:10,2011-01-01 02:12:40,0.12,0.9333333333333333,,100.0,7.466666666666667,0.0,100.0,False,16,3,1,True,False,terminal,kurt_only,load_pipeline (invariant)
FEMTO,Bearing2_2,42,Isolation Forest,isolation_forest,decimate,20,3.33,2011-01-01 02:05:10,2011-01-01 02:12:40,0.12,0.9333333333333333,,46.666666666666664,7.466666666666667,0.0,100.0,False,16,3,1,True,False,terminal,kurt_only,load_pipeline (invariant)
FEMTO,Bearing2_2,42,Deep SVDD,deep_svdd,decimate,20,3.33,2011-01-01 02:05:10,2011-01-01 02:12:40,0.12,0.1,0.025,0.0,0.8,0.1,0.0,True,16,3,1,True,False,terminal,kurt_only,load_pipeline (invariant)
FEMTO,Bearing2_2,42,LSTM-Autoencoder,lstm_ae,decimate,20,3.33,2011-01-01 02:05:10,2011-01-01 02:12:40,0.12,,,,,,,False,16,3,1,True,False,terminal,kurt_only,load_pipeline (invariant)
FEMTO,Bearing2_2,42,TCN-Autoencoder,tcn,decimate,20,3.33,2011-01-01 02:05:10,2011-01-01 02:12:40,0.12,,,,,,,False,16,3,1,True,False,terminal,kurt_only,load_pipeline (invariant)
FEMTO,Bearing2_2,42,Transformer-AD,transformer_ad,decimate,20,3.33,2011-01-01 02:05:10,2011-01-01 02:12:40,0.12,,,,,,,False,16,3,1,True,False,terminal,kurt_only,load_pipeline (invariant)
FEMTO,Bearing3_1,42,RMS-Trend (kσ),rms_trend,aggregate,1,0.17,2011-01-01 01:21:00,2011-01-01 01:25:40,0.08,0.0,,0.0,0.0,0.0,0.0,False,41,10,3,False,False,terminal,kurt_only,load_pipeline (invariant)
FEMTO,Bearing3_1,42,3σ Rule (σ=3.0),three_sigma,aggregate,1,0.17,2011-01-01 01:21:00,2011-01-01 01:25:40,0.08,0.06666666666666667,0.011111111111111112,0.0,0.8571428571428571,0.06666666666666667,0.0,True,41,10,3,False,False,terminal,kurt_only,load_pipeline (invariant)
FEMTO,Bearing3_1,42,"EWMA (λ=0.2, k=3.0)",ewma,aggregate,1,0.17,2011-01-01 01:21:00,2011-01-01 01:25:40,0.08,0.06666666666666667,0.011111111111111112,0.0,0.8571428571428571,0.06666666666666667,0.0,True,41,10,3,False,False,terminal,kurt_only,load_pipeline (invariant)
FEMTO,Bearing3_1,42,"CUSUM (k=0.5, h=5.0)",cusum,aggregate,1,0.17,2011-01-01 01:21:00,2011-01-01 01:25:40,0.08,0.06666666666666667,0.011111111111111112,0.0,0.8571428571428571,0.06666666666666667,0.0,True,41,10,3,False,False,terminal,kurt_only,load_pipeline (invariant)
FEMTO,Bearing3_1,42,Hotelling T²,hotelling_t2,aggregate,1,0.17,2011-01-01 01:21:00,2011-01-01 01:25:40,0.08,0.08055555555555556,,2.7777777777777777,1.0357142857142858,0.08055555555555556,0.0,True,41,10,3,False,False,terminal,kurt_only,load_pipeline (invariant)
FEMTO,Bearing3_1,42,Isolation Forest,isolation_forest,aggregate,1,0.17,2011-01-01 01:21:00,2011-01-01 01:25:40,0.08,0.06666666666666667,0.011111111111111112,0.0,0.8571428571428571,0.06666666666666667,0.0,True,41,10,3,False,False,terminal,kurt_only,load_pipeline (invariant)
FEMTO,Bearing3_1,42,Deep SVDD,deep_svdd,aggregate,1,0.17,2011-01-01 01:21:00,2011-01-01 01:25:40,0.08,0.0,,0.0,0.0,0.0,0.0,False,41,10,3,False,False,terminal,kurt_only,load_pipeline (invariant)
FEMTO,Bearing3_1,42,LSTM-Autoencoder,lstm_ae,aggregate,1,0.17,2011-01-01 01:21:00,2011-01-01 01:25:40,0.08,0.08055555555555556,,2.7777777777777777,1.0357142857142858,0.08055555555555556,0.0,True,41,10,3,False,False,terminal,kurt_only,load_pipeline (invariant)
FEMTO,Bearing3_1,42,TCN-Autoencoder,tcn,aggregate,1,0.17,2011-01-01 01:21:00,2011-01-01 01:25:40,0.08,0.09444444444444444,,5.555555555555555,1.2142857142857142,0.09444444444444444,0.0,True,41,10,3,False,False,terminal,kurt_only,load_pipeline (invariant)
FEMTO,Bearing3_1,42,Transformer-AD,transformer_ad,aggregate,1,0.17,2011-01-01 01:21:00,2011-01-01 01:25:40,0.08,0.08055555555555556,,2.7777777777777777,1.0357142857142858,0.08055555555555556,0.0,True,41,10,3,False,False,terminal,kurt_only,load_pipeline (invariant)
FEMTO,Bearing3_1,42,RMS-Trend (kσ),rms_trend,aggregate,2,1.0,2011-01-01 01:21:00,2011-01-01 01:25:40,0.08,0.0,,0.0,0.0,0.0,0.0,False,17,5,4,False,False,terminal,kurt_only,load_pipeline (invariant)
FEMTO,Bearing3_1,42,3σ Rule (σ=3.0),three_sigma,aggregate,2,1.0,2011-01-01 01:21:00,2011-01-01 01:25:40,0.08,0.0,,0.0,0.0,0.0,0.0,False,17,5,4,False,False,terminal,kurt_only,load_pipeline (invariant)
FEMTO,Bearing3_1,42,"EWMA (λ=0.2, k=3.0)",ewma,aggregate,2,1.0,2011-01-01 01:21:00,2011-01-01 01:25:40,0.08,0.0,,0.0,0.0,0.0,0.0,False,17,5,4,False,False,terminal,kurt_only,load_pipeline (invariant)
FEMTO,Bearing3_1,42,"CUSUM (k=0.5, h=5.0)",cusum,aggregate,2,1.0,2011-01-01 01:21:00,2011-01-01 01:25:40,0.08,0.0,,0.0,0.0,0.0,0.0,False,17,5,4,False,False,terminal,kurt_only,load_pipeline (invariant)
FEMTO,Bearing3_1,42,Hotelling T²,hotelling_t2,aggregate,2,1.0,2011-01-01 01:21:00,2011-01-01 01:25:40,0.08,0.0,,0.0,0.0,0.0,0.0,False,17,5,4,False,False,terminal,kurt_only,load_pipeline (invariant)
FEMTO,Bearing3_1,42,Isolation Forest,isolation_forest,aggregate,2,1.0,2011-01-01 01:21:00,2011-01-01 01:25:40,0.08,0.0,,0.0,0.0,0.0,0.0,False,17,5,4,False,False,terminal,kurt_only,load_pipeline (invariant)
FEMTO,Bearing3_1,42,Deep SVDD,deep_svdd,aggregate,2,1.0,2011-01-01 01:21:00,2011-01-01 01:25:40,0.08,0.0,,0.0,0.0,0.0,0.0,False,17,5,4,False,False,terminal,kurt_only,load_pipeline (invariant)
FEMTO,Bearing3_1,42,LSTM-Autoencoder,lstm_ae,aggregate,2,1.0,2011-01-01 01:21:00,2011-01-01 01:25:40,0.08,,,,,,,False,17,5,4,False,False,terminal,kurt_only,load_pipeline (invariant)
FEMTO,Bearing3_1,42,TCN-Autoencoder,tcn,aggregate,2,1.0,2011-01-01 01:21:00,2011-01-01 01:25:40,0.08,,,,,,,False,17,5,4,False,False,terminal,kurt_only,load_pipeline (invariant)
FEMTO,Bearing3_1,42,Transformer-AD,transformer_ad,aggregate,2,1.0,2011-01-01 01:21:00,2011-01-01 01:25:40,0.08,,,,,,,False,17,5,4,False,False,terminal,kurt_only,load_pipeline (invariant)
FEMTO,Bearing3_1,42,RMS-Trend (kσ),rms_trend,aggregate,5,1.0,2011-01-01 01:21:00,2011-01-01 01:25:40,0.08,0.07777777777777778,0.0,0.0,1.0,0.07777777777777778,0.0,True,34,3,2,True,False,terminal,kurt_only,load_pipeline (invariant)
FEMTO,Bearing3_1,42,3σ Rule (σ=3.0),three_sigma,aggregate,5,1.0,2011-01-01 01:21:00,2011-01-01 01:25:40,0.08,0.09444444444444444,,3.3333333333333335,1.2142857142857142,0.09444444444444444,0.0,True,34,3,2,True,False,terminal,kurt_only,load_pipeline (invariant)
FEMTO,Bearing3_1,42,"EWMA (λ=0.2, k=3.0)",ewma,aggregate,5,1.0,2011-01-01 01:21:00,2011-01-01 01:25:40,0.08,0.09444444444444444,,3.3333333333333335,1.2142857142857142,0.09444444444444444,0.0,True,34,3,2,True,False,terminal,kurt_only,load_pipeline (invariant)
FEMTO,Bearing3_1,42,"CUSUM (k=0.5, h=5.0)",cusum,aggregate,5,1.0,2011-01-01 01:21:00,2011-01-01 01:25:40,0.08,0.09444444444444444,,3.3333333333333335,1.2142857142857142,0.09444444444444444,0.0,True,34,3,2,True,False,terminal,kurt_only,load_pipeline (invariant)
FEMTO,Bearing3_1,42,Hotelling T²,hotelling_t2,aggregate,5,1.0,2011-01-01 01:21:00,2011-01-01 01:25:40,0.08,0.19444444444444445,,20.0,2.5,0.19444444444444445,0.0,False,34,3,2,True,False,terminal,kurt_only,load_pipeline (invariant)
FEMTO,Bearing3_1,42,Isolation Forest,isolation_forest,aggregate,5,1.0,2011-01-01 01:21:00,2011-01-01 01:25:40,0.08,0.09444444444444444,,3.3333333333333335,1.2142857142857142,0.09444444444444444,0.0,True,34,3,2,True,False,terminal,kurt_only,load_pipeline (invariant)
FEMTO,Bearing3_1,42,Deep SVDD,deep_svdd,aggregate,5,1.0,2011-01-01 01:21:00,2011-01-01 01:25:40,0.08,0.07777777777777778,0.0,0.0,1.0,0.07777777777777778,0.0,True,34,3,2,True,False,terminal,kurt_only,load_pipeline (invariant)
FEMTO,Bearing3_1,42,LSTM-Autoencoder,lstm_ae,aggregate,5,1.0,2011-01-01 01:21:00,2011-01-01 01:25:40,0.08,0.5777777777777777,,100.0,7.428571428571428,0.0,100.0,False,34,3,2,True,False,terminal,kurt_only,load_pipeline (invariant)
FEMTO,Bearing3_1,42,TCN-Autoencoder,tcn,aggregate,5,1.0,2011-01-01 01:21:00,2011-01-01 01:25:40,0.08,0.5777777777777777,,100.0,7.428571428571428,0.0,100.0,False,34,3,2,True,False,terminal,kurt_only,load_pipeline (invariant)
FEMTO,Bearing3_1,42,Transformer-AD,transformer_ad,aggregate,5,1.0,2011-01-01 01:21:00,2011-01-01 01:25:40,0.08,0.5777777777777777,,100.0,7.428571428571428,0.0,100.0,False,34,3,2,True,False,terminal,kurt_only,load_pipeline (invariant)
FEMTO,Bearing3_1,42,RMS-Trend (kσ),rms_trend,aggregate,10,2.0,2011-01-01 01:21:00,2011-01-01 01:25:40,0.08,0.09444444444444444,,6.25,1.2142857142857142,0.09444444444444444,0.0,True,17,3,1,True,False,terminal,kurt_only,load_pipeline (invariant)
FEMTO,Bearing3_1,42,3σ Rule (σ=3.0),three_sigma,aggregate,10,2.0,2011-01-01 01:21:00,2011-01-01 01:25:40,0.08,0.12777777777777777,,12.5,1.6428571428571428,0.12777777777777777,0.0,False,17,3,1,True,False,terminal,kurt_only,load_pipeline (invariant)
FEMTO,Bearing3_1,42,"EWMA (λ=0.2, k=3.0)",ewma,aggregate,10,2.0,2011-01-01 01:21:00,2011-01-01 01:25:40,0.08,0.12777777777777777,,12.5,1.6428571428571428,0.12777777777777777,0.0,False,17,3,1,True,False,terminal,kurt_only,load_pipeline (invariant)
FEMTO,Bearing3_1,42,"CUSUM (k=0.5, h=5.0)",cusum,aggregate,10,2.0,2011-01-01 01:21:00,2011-01-01 01:25:40,0.08,0.12777777777777777,,12.5,1.6428571428571428,0.12777777777777777,0.0,False,17,3,1,True,False,terminal,kurt_only,load_pipeline (invariant)
FEMTO,Bearing3_1,42,Hotelling T²,hotelling_t2,aggregate,10,2.0,2011-01-01 01:21:00,2011-01-01 01:25:40,0.08,0.5944444444444444,,68.75,7.642857142857142,0.0,100.0,False,17,3,1,True,False,terminal,kurt_only,load_pipeline (invariant)
FEMTO,Bearing3_1,42,Isolation Forest,isolation_forest,aggregate,10,2.0,2011-01-01 01:21:00,2011-01-01 01:25:40,0.08,0.09444444444444444,,6.25,1.2142857142857142,0.09444444444444444,0.0,True,17,3,1,True,False,terminal,kurt_only,load_pipeline (invariant)
FEMTO,Bearing3_1,42,Deep SVDD,deep_svdd,aggregate,10,2.0,2011-01-01 01:21:00,2011-01-01 01:25:40,0.08,0.09444444444444444,,6.25,1.2142857142857142,0.09444444444444444,0.0,True,17,3,1,True,False,terminal,kurt_only,load_pipeline (invariant)
FEMTO,Bearing3_1,42,LSTM-Autoencoder,lstm_ae,aggregate,10,2.0,2011-01-01 01:21:00,2011-01-01 01:25:40,0.08,,,,,,,False,17,3,1,True,False,terminal,kurt_only,load_pipeline (invariant)
FEMTO,Bearing3_1,42,TCN-Autoencoder,tcn,aggregate,10,2.0,2011-01-01 01:21:00,2011-01-01 01:25:40,0.08,,,,,,,False,17,3,1,True,False,terminal,kurt_only,load_pipeline (invariant)
FEMTO,Bearing3_1,42,Transformer-AD,transformer_ad,aggregate,10,2.0,2011-01-01 01:21:00,2011-01-01 01:25:40,0.08,,,,,,,False,17,3,1,True,False,terminal,kurt_only,load_pipeline (invariant)
FEMTO,Bearing3_1,42,RMS-Trend (kσ),rms_trend,aggregate,20,3.0,2011-01-01 01:21:00,2011-01-01 01:25:40,0.08,0.07777777777777778,0.0,0.0,1.0,0.07777777777777778,0.0,True,11,3,1,True,False,terminal,kurt_only,load_pipeline (invariant)
FEMTO,Bearing3_1,42,3σ Rule (σ=3.0),three_sigma,aggregate,20,3.0,2011-01-01 01:21:00,2011-01-01 01:25:40,0.08,0.12777777777777777,,10.0,1.6428571428571428,0.12777777777777777,0.0,True,11,3,1,True,False,terminal,kurt_only,load_pipeline (invariant)
FEMTO,Bearing3_1,42,"EWMA (λ=0.2, k=3.0)",ewma,aggregate,20,3.0,2011-01-01 01:21:00,2011-01-01 01:25:40,0.08,0.12777777777777777,,10.0,1.6428571428571428,0.12777777777777777,0.0,True,11,3,1,True,False,terminal,kurt_only,load_pipeline (invariant)
FEMTO,Bearing3_1,42,"CUSUM (k=0.5, h=5.0)",cusum,aggregate,20,3.0,2011-01-01 01:21:00,2011-01-01 01:25:40,0.08,0.12777777777777777,,10.0,1.6428571428571428,0.12777777777777777,0.0,True,11,3,1,True,False,terminal,kurt_only,load_pipeline (invariant)
FEMTO,Bearing3_1,42,Hotelling T²,hotelling_t2,aggregate,20,3.0,2011-01-01 01:21:00,2011-01-01 01:25:40,0.08,0.5777777777777777,,70.0,7.428571428571428,0.0,100.0,False,11,3,1,True,False,terminal,kurt_only,load_pipeline (invariant)
FEMTO,Bearing3_1,42,Isolation Forest,isolation_forest,aggregate,20,3.0,2011-01-01 01:21:00,2011-01-01 01:25:40,0.08,0.12777777777777777,,10.0,1.6428571428571428,0.12777777777777777,0.0,True,11,3,1,True,False,terminal,kurt_only,load_pipeline (invariant)
FEMTO,Bearing3_1,42,Deep SVDD,deep_svdd,aggregate,20,3.0,2011-01-01 01:21:00,2011-01-01 01:25:40,0.08,0.12777777777777777,,10.0,1.6428571428571428,0.12777777777777777,0.0,True,11,3,1,True,False,terminal,kurt_only,load_pipeline (invariant)
FEMTO,Bearing3_1,42,LSTM-Autoencoder,lstm_ae,aggregate,20,3.0,2011-01-01 01:21:00,2011-01-01 01:25:40,0.08,,,,,,,False,11,3,1,True,False,terminal,kurt_only,load_pipeline (invariant)
FEMTO,Bearing3_1,42,TCN-Autoencoder,tcn,aggregate,20,3.0,2011-01-01 01:21:00,2011-01-01 01:25:40,0.08,,,,,,,False,11,3,1,True,False,terminal,kurt_only,load_pipeline (invariant)
FEMTO,Bearing3_1,42,Transformer-AD,transformer_ad,aggregate,20,3.0,2011-01-01 01:21:00,2011-01-01 01:25:40,0.08,,,,,,,False,11,3,1,True,False,terminal,kurt_only,load_pipeline (invariant)
FEMTO,Bearing3_1,42,RMS-Trend (kσ),rms_trend,decimate,1,0.17,2011-01-01 01:21:00,2011-01-01 01:25:40,0.08,0.0,,0.0,0.0,0.0,0.0,False,41,10,3,False,False,terminal,kurt_only,load_pipeline (invariant)
FEMTO,Bearing3_1,42,3σ Rule (σ=3.0),three_sigma,decimate,1,0.17,2011-01-01 01:21:00,2011-01-01 01:25:40,0.08,0.06666666666666667,0.011111111111111112,0.0,0.8571428571428571,0.06666666666666667,0.0,True,41,10,3,False,False,terminal,kurt_only,load_pipeline (invariant)
FEMTO,Bearing3_1,42,"EWMA (λ=0.2, k=3.0)",ewma,decimate,1,0.17,2011-01-01 01:21:00,2011-01-01 01:25:40,0.08,0.06666666666666667,0.011111111111111112,0.0,0.8571428571428571,0.06666666666666667,0.0,True,41,10,3,False,False,terminal,kurt_only,load_pipeline (invariant)
FEMTO,Bearing3_1,42,"CUSUM (k=0.5, h=5.0)",cusum,decimate,1,0.17,2011-01-01 01:21:00,2011-01-01 01:25:40,0.08,0.06666666666666667,0.011111111111111112,0.0,0.8571428571428571,0.06666666666666667,0.0,True,41,10,3,False,False,terminal,kurt_only,load_pipeline (invariant)
FEMTO,Bearing3_1,42,Hotelling T²,hotelling_t2,decimate,1,0.17,2011-01-01 01:21:00,2011-01-01 01:25:40,0.08,0.08055555555555556,,2.7777777777777777,1.0357142857142858,0.08055555555555556,0.0,True,41,10,3,False,False,terminal,kurt_only,load_pipeline (invariant)
FEMTO,Bearing3_1,42,Isolation Forest,isolation_forest,decimate,1,0.17,2011-01-01 01:21:00,2011-01-01 01:25:40,0.08,0.06666666666666667,0.011111111111111112,0.0,0.8571428571428571,0.06666666666666667,0.0,True,41,10,3,False,False,terminal,kurt_only,load_pipeline (invariant)
FEMTO,Bearing3_1,42,Deep SVDD,deep_svdd,decimate,1,0.17,2011-01-01 01:21:00,2011-01-01 01:25:40,0.08,0.0,,0.0,0.0,0.0,0.0,False,41,10,3,False,False,terminal,kurt_only,load_pipeline (invariant)
FEMTO,Bearing3_1,42,LSTM-Autoencoder,lstm_ae,decimate,1,0.17,2011-01-01 01:21:00,2011-01-01 01:25:40,0.08,0.08055555555555556,,2.7777777777777777,1.0357142857142858,0.08055555555555556,0.0,True,41,10,3,False,False,terminal,kurt_only,load_pipeline (invariant)
FEMTO,Bearing3_1,42,TCN-Autoencoder,tcn,decimate,1,0.17,2011-01-01 01:21:00,2011-01-01 01:25:40,0.08,0.09444444444444444,,5.555555555555555,1.2142857142857142,0.09444444444444444,0.0,True,41,10,3,False,False,terminal,kurt_only,load_pipeline (invariant)
FEMTO,Bearing3_1,42,Transformer-AD,transformer_ad,decimate,1,0.17,2011-01-01 01:21:00,2011-01-01 01:25:40,0.08,0.08055555555555556,,2.7777777777777777,1.0357142857142858,0.08055555555555556,0.0,True,41,10,3,False,False,terminal,kurt_only,load_pipeline (invariant)
FEMTO,Bearing3_1,42,RMS-Trend (kσ),rms_trend,decimate,2,0.33,2011-01-01 01:21:00,2011-01-01 01:25:40,0.08,0.0,,0.0,0.0,0.0,0.0,False,51,5,4,False,False,terminal,kurt_only,load_pipeline (invariant)
FEMTO,Bearing3_1,42,3σ Rule (σ=3.0),three_sigma,decimate,2,0.33,2011-01-01 01:21:00,2011-01-01 01:25:40,0.08,0.07222222222222222,0.005555555555555556,0.0,0.9285714285714285,0.07222222222222222,0.0,True,51,5,4,False,False,terminal,kurt_only,load_pipeline (invariant)
FEMTO,Bearing3_1,42,"EWMA (λ=0.2, k=3.0)",ewma,decimate,2,0.33,2011-01-01 01:21:00,2011-01-01 01:25:40,0.08,0.07222222222222222,0.005555555555555556,0.0,0.9285714285714285,0.07222222222222222,0.0,True,51,5,4,False,False,terminal,kurt_only,load_pipeline (invariant)
FEMTO,Bearing3_1,42,"CUSUM (k=0.5, h=5.0)",cusum,decimate,2,0.33,2011-01-01 01:21:00,2011-01-01 01:25:40,0.08,0.07222222222222222,0.005555555555555556,0.0,0.9285714285714285,0.07222222222222222,0.0,True,51,5,4,False,False,terminal,kurt_only,load_pipeline (invariant)
FEMTO,Bearing3_1,42,Hotelling T²,hotelling_t2,decimate,2,0.33,2011-01-01 01:21:00,2011-01-01 01:25:40,0.08,0.08333333333333333,,2.2222222222222223,1.0714285714285714,0.08333333333333333,0.0,True,51,5,4,False,False,terminal,kurt_only,load_pipeline (invariant)
FEMTO,Bearing3_1,42,Isolation Forest,isolation_forest,decimate,2,0.33,2011-01-01 01:21:00,2011-01-01 01:25:40,0.08,0.07222222222222222,0.005555555555555556,0.0,0.9285714285714285,0.07222222222222222,0.0,True,51,5,4,False,False,terminal,kurt_only,load_pipeline (invariant)
FEMTO,Bearing3_1,42,Deep SVDD,deep_svdd,decimate,2,0.33,2011-01-01 01:21:00,2011-01-01 01:25:40,0.08,0.0,,0.0,0.0,0.0,0.0,False,51,5,4,False,False,terminal,kurt_only,load_pipeline (invariant)
FEMTO,Bearing3_1,42,LSTM-Autoencoder,lstm_ae,decimate,2,0.33,2011-01-01 01:21:00,2011-01-01 01:25:40,0.08,0.07222222222222222,0.005555555555555556,0.0,0.9285714285714285,0.07222222222222222,0.0,True,51,5,4,False,False,terminal,kurt_only,load_pipeline (invariant)
FEMTO,Bearing3_1,42,TCN-Autoencoder,tcn,decimate,2,0.33,2011-01-01 01:21:00,2011-01-01 01:25:40,0.08,0.07222222222222222,0.005555555555555556,0.0,0.9285714285714285,0.07222222222222222,0.0,True,51,5,4,False,False,terminal,kurt_only,load_pipeline (invariant)
FEMTO,Bearing3_1,42,Transformer-AD,transformer_ad,decimate,2,0.33,2011-01-01 01:21:00,2011-01-01 01:25:40,0.08,0.07222222222222222,0.005555555555555556,0.0,0.9285714285714285,0.07222222222222222,0.0,True,51,5,4,False,False,terminal,kurt_only,load_pipeline (invariant)
FEMTO,Bearing3_1,42,RMS-Trend (kσ),rms_trend,decimate,5,0.83,2011-01-01 01:21:00,2011-01-01 01:25:40,0.08,0.08055555555555556,,2.7027027027027026,1.0357142857142858,0.08055555555555556,0.0,True,41,3,2,True,False,terminal,kurt_only,load_pipeline (invariant)
FEMTO,Bearing3_1,42,3σ Rule (σ=3.0),three_sigma,decimate,5,0.83,2011-01-01 01:21:00,2011-01-01 01:25:40,0.08,0.08055555555555556,,2.7027027027027026,1.0357142857142858,0.08055555555555556,0.0,True,41,3,2,True,False,terminal,kurt_only,load_pipeline (invariant)
FEMTO,Bearing3_1,42,"EWMA (λ=0.2, k=3.0)",ewma,decimate,5,0.83,2011-01-01 01:21:00,2011-01-01 01:25:40,0.08,0.08055555555555556,,2.7027027027027026,1.0357142857142858,0.08055555555555556,0.0,True,41,3,2,True,False,terminal,kurt_only,load_pipeline (invariant)
FEMTO,Bearing3_1,42,"CUSUM (k=0.5, h=5.0)",cusum,decimate,5,0.83,2011-01-01 01:21:00,2011-01-01 01:25:40,0.08,0.08055555555555556,,2.7027027027027026,1.0357142857142858,0.08055555555555556,0.0,True,41,3,2,True,False,terminal,kurt_only,load_pipeline (invariant)
FEMTO,Bearing3_1,42,Hotelling T²,hotelling_t2,decimate,5,0.83,2011-01-01 01:21:00,2011-01-01 01:25:40,0.08,0.08055555555555556,,2.7027027027027026,1.0357142857142858,0.08055555555555556,0.0,True,41,3,2,True,False,terminal,kurt_only,load_pipeline (invariant)
FEMTO,Bearing3_1,42,Isolation Forest,isolation_forest,decimate,5,0.83,2011-01-01 01:21:00,2011-01-01 01:25:40,0.08,0.08055555555555556,,2.7027027027027026,1.0357142857142858,0.08055555555555556,0.0,True,41,3,2,True,False,terminal,kurt_only,load_pipeline (invariant)
FEMTO,Bearing3_1,42,Deep SVDD,deep_svdd,decimate,5,0.83,2011-01-01 01:21:00,2011-01-01 01:25:40,0.08,0.06666666666666667,0.011111111111111112,0.0,0.8571428571428571,0.06666666666666667,0.0,True,41,3,2,True,False,terminal,kurt_only,load_pipeline (invariant)
FEMTO,Bearing3_1,42,LSTM-Autoencoder,lstm_ae,decimate,5,0.83,2011-01-01 01:21:00,2011-01-01 01:25:40,0.08,0.5805555555555556,,100.0,7.464285714285714,0.0,100.0,False,41,3,2,True,False,terminal,kurt_only,load_pipeline (invariant)
FEMTO,Bearing3_1,42,TCN-Autoencoder,tcn,decimate,5,0.83,2011-01-01 01:21:00,2011-01-01 01:25:40,0.08,0.5805555555555556,,100.0,7.464285714285714,0.0,100.0,False,41,3,2,True,False,terminal,kurt_only,load_pipeline (invariant)
FEMTO,Bearing3_1,42,Transformer-AD,transformer_ad,decimate,5,0.83,2011-01-01 01:21:00,2011-01-01 01:25:40,0.08,0.5805555555555556,,100.0,7.464285714285714,0.0,100.0,False,41,3,2,True,False,terminal,kurt_only,load_pipeline (invariant)
FEMTO,Bearing3_1,42,RMS-Trend (kσ),rms_trend,decimate,10,1.67,2011-01-01 01:21:00,2011-01-01 01:25:40,0.08,0.06666666666666667,0.011111111111111112,0.0,0.8571428571428571,0.06666666666666667,0.0,True,20,3,1,True,False,terminal,kurt_only,load_pipeline (invariant)
FEMTO,Bearing3_1,42,3σ Rule (σ=3.0),three_sigma,decimate,10,1.67,2011-01-01 01:21:00,2011-01-01 01:25:40,0.08,0.09444444444444444,,5.555555555555555,1.2142857142857142,0.09444444444444444,0.0,True,20,3,1,True,False,terminal,kurt_only,load_pipeline (invariant)
FEMTO,Bearing3_1,42,"EWMA (λ=0.2, k=3.0)",ewma,decimate,10,1.67,2011-01-01 01:21:00,2011-01-01 01:25:40,0.08,0.09444444444444444,,5.555555555555555,1.2142857142857142,0.09444444444444444,0.0,True,20,3,1,True,False,terminal,kurt_only,load_pipeline (invariant)
FEMTO,Bearing3_1,42,"CUSUM (k=0.5, h=5.0)",cusum,decimate,10,1.67,2011-01-01 01:21:00,2011-01-01 01:25:40,0.08,0.09444444444444444,,5.555555555555555,1.2142857142857142,0.09444444444444444,0.0,True,20,3,1,True,False,terminal,kurt_only,load_pipeline (invariant)
FEMTO,Bearing3_1,42,Hotelling T²,hotelling_t2,decimate,10,1.67,2011-01-01 01:21:00,2011-01-01 01:25:40,0.08,0.5111111111111111,,27.77777777777778,6.571428571428571,0.5111111111111111,0.0,False,20,3,1,True,False,terminal,kurt_only,load_pipeline (invariant)
FEMTO,Bearing3_1,42,Isolation Forest,isolation_forest,decimate,10,1.67,2011-01-01 01:21:00,2011-01-01 01:25:40,0.08,0.09444444444444444,,5.555555555555555,1.2142857142857142,0.09444444444444444,0.0,True,20,3,1,True,False,terminal,kurt_only,load_pipeline (invariant)
FEMTO,Bearing3_1,42,Deep SVDD,deep_svdd,decimate,10,1.67,2011-01-01 01:21:00,2011-01-01 01:25:40,0.08,0.03888888888888889,0.03888888888888889,0.0,0.5,0.03888888888888889,0.0,True,20,3,1,True,False,terminal,kurt_only,load_pipeline (invariant)
FEMTO,Bearing3_1,42,LSTM-Autoencoder,lstm_ae,decimate,10,1.67,2011-01-01 01:21:00,2011-01-01 01:25:40,0.08,,,,,,,False,20,3,1,True,False,terminal,kurt_only,load_pipeline (invariant)
FEMTO,Bearing3_1,42,TCN-Autoencoder,tcn,decimate,10,1.67,2011-01-01 01:21:00,2011-01-01 01:25:40,0.08,,,,,,,False,20,3,1,True,False,terminal,kurt_only,load_pipeline (invariant)
FEMTO,Bearing3_1,42,Transformer-AD,transformer_ad,decimate,10,1.67,2011-01-01 01:21:00,2011-01-01 01:25:40,0.08,,,,,,,False,20,3,1,True,False,terminal,kurt_only,load_pipeline (invariant)
FEMTO,Bearing3_1,42,RMS-Trend (kσ),rms_trend,decimate,20,3.33,2011-01-01 01:21:00,2011-01-01 01:25:40,0.08,0.09444444444444444,,10.0,1.2142857142857142,0.09444444444444444,0.0,True,10,3,1,True,False,terminal,kurt_only,load_pipeline (invariant)
FEMTO,Bearing3_1,42,3σ Rule (σ=3.0),three_sigma,decimate,20,3.33,2011-01-01 01:21:00,2011-01-01 01:25:40,0.08,0.09444444444444444,,10.0,1.2142857142857142,0.09444444444444444,0.0,True,10,3,1,True,False,terminal,kurt_only,load_pipeline (invariant)
FEMTO,Bearing3_1,42,"EWMA (λ=0.2, k=3.0)",ewma,decimate,20,3.33,2011-01-01 01:21:00,2011-01-01 01:25:40,0.08,0.42777777777777776,,70.0,5.5,0.42777777777777776,0.0,False,10,3,1,True,False,terminal,kurt_only,load_pipeline (invariant)
FEMTO,Bearing3_1,42,"CUSUM (k=0.5, h=5.0)",cusum,decimate,20,3.33,2011-01-01 01:21:00,2011-01-01 01:25:40,0.08,0.42777777777777776,,70.0,5.5,0.42777777777777776,0.0,False,10,3,1,True,False,terminal,kurt_only,load_pipeline (invariant)
FEMTO,Bearing3_1,42,Hotelling T²,hotelling_t2,decimate,20,3.33,2011-01-01 01:21:00,2011-01-01 01:25:40,0.08,0.5944444444444444,,100.0,7.642857142857142,0.0,100.0,False,10,3,1,True,False,terminal,kurt_only,load_pipeline (invariant)
FEMTO,Bearing3_1,42,Isolation Forest,isolation_forest,decimate,20,3.33,2011-01-01 01:21:00,2011-01-01 01:25:40,0.08,0.09444444444444444,,10.0,1.2142857142857142,0.09444444444444444,0.0,True,10,3,1,True,False,terminal,kurt_only,load_pipeline (invariant)
FEMTO,Bearing3_1,42,Deep SVDD,deep_svdd,decimate,20,3.33,2011-01-01 01:21:00,2011-01-01 01:25:40,0.08,0.09444444444444444,,10.0,1.2142857142857142,0.09444444444444444,0.0,True,10,3,1,True,False,terminal,kurt_only,load_pipeline (invariant)
FEMTO,Bearing3_1,42,LSTM-Autoencoder,lstm_ae,decimate,20,3.33,2011-01-01 01:21:00,2011-01-01 01:25:40,0.08,,,,,,,False,10,3,1,True,False,terminal,kurt_only,load_pipeline (invariant)
FEMTO,Bearing3_1,42,TCN-Autoencoder,tcn,decimate,20,3.33,2011-01-01 01:21:00,2011-01-01 01:25:40,0.08,,,,,,,False,10,3,1,True,False,terminal,kurt_only,load_pipeline (invariant)
FEMTO,Bearing3_1,42,Transformer-AD,transformer_ad,decimate,20,3.33,2011-01-01 01:21:00,2011-01-01 01:25:40,0.08,,,,,,,False,10,3,1,True,False,terminal,kurt_only,load_pipeline (invariant)
FEMTO,Bearing3_2,42,RMS-Trend (kσ),rms_trend,aggregate,1,0.17,2011-01-01 04:01:00,2011-01-01 04:32:40,0.53,0.044444444444444446,0.48333333333333334,0.0,0.08421052631578947,0.044444444444444446,0.0,True,131,10,3,False,False,terminal,kurt_only,load_pipeline (invariant)
FEMTO,Bearing3_2,42,3σ Rule (σ=3.0),three_sigma,aggregate,1,0.17,2011-01-01 04:01:00,2011-01-01 04:32:40,0.53,0.044444444444444446,0.48333333333333334,0.0,0.08421052631578947,0.044444444444444446,0.0,True,131,10,3,False,False,terminal,kurt_only,load_pipeline (invariant)
FEMTO,Bearing3_2,42,"EWMA (λ=0.2, k=3.0)",ewma,aggregate,1,0.17,2011-01-01 04:01:00,2011-01-01 04:32:40,0.53,0.1,0.42777777777777776,0.0,0.18947368421052632,0.1,0.0,True,131,10,3,False,False,terminal,kurt_only,load_pipeline (invariant)
FEMTO,Bearing3_2,42,"CUSUM (k=0.5, h=5.0)",cusum,aggregate,1,0.17,2011-01-01 04:01:00,2011-01-01 04:32:40,0.53,0.35,0.17777777777777778,0.0,0.6631578947368421,0.35,0.0,True,131,10,3,False,False,terminal,kurt_only,load_pipeline (invariant)
FEMTO,Bearing3_2,42,Hotelling T²,hotelling_t2,aggregate,1,0.17,2011-01-01 04:01:00,2011-01-01 04:32:40,0.53,0.5722222222222222,,4.25531914893617,1.0842105263157893,0.5722222222222222,0.0,True,131,10,3,False,False,terminal,kurt_only,load_pipeline (invariant)
FEMTO,Bearing3_2,42,Isolation Forest,isolation_forest,aggregate,1,0.17,2011-01-01 04:01:00,2011-01-01 04:32:40,0.53,0.5305555555555556,,1.0638297872340425,1.0052631578947369,0.5305555555555556,0.0,True,131,10,3,False,False,terminal,kurt_only,load_pipeline (invariant)
FEMTO,Bearing3_2,42,Deep SVDD,deep_svdd,aggregate,1,0.17,2011-01-01 04:01:00,2011-01-01 04:32:40,0.53,0.0,,0.0,0.0,0.0,0.0,False,131,10,3,False,False,terminal,kurt_only,load_pipeline (invariant)
FEMTO,Bearing3_2,42,LSTM-Autoencoder,lstm_ae,aggregate,1,0.17,2011-01-01 04:01:00,2011-01-01 04:32:40,0.53,0.5305555555555556,,1.0638297872340425,1.0052631578947369,0.5305555555555556,0.0,True,131,10,3,False,False,terminal,kurt_only,load_pipeline (invariant)
FEMTO,Bearing3_2,42,TCN-Autoencoder,tcn,aggregate,1,0.17,2011-01-01 04:01:00,2011-01-01 04:32:40,0.53,0.5444444444444444,,2.127659574468085,1.031578947368421,0.5444444444444444,0.0,True,131,10,3,False,False,terminal,kurt_only,load_pipeline (invariant)
FEMTO,Bearing3_2,42,Transformer-AD,transformer_ad,aggregate,1,0.17,2011-01-01 04:01:00,2011-01-01 04:32:40,0.53,0.5166666666666667,0.011111111111111112,0.0,0.9789473684210527,0.5166666666666667,0.0,True,131,10,3,False,False,terminal,kurt_only,load_pipeline (invariant)
FEMTO,Bearing3_2,42,RMS-Trend (kσ),rms_trend,aggregate,2,1.0,2011-01-01 04:01:00,2011-01-01 04:32:40,0.53,0.0,,0.0,0.0,0.0,0.0,False,54,5,4,False,False,terminal,kurt_only,load_pipeline (invariant)
FEMTO,Bearing3_2,42,3σ Rule (σ=3.0),three_sigma,aggregate,2,1.0,2011-01-01 04:01:00,2011-01-01 04:32:40,0.53,0.14444444444444443,0.38333333333333336,0.0,0.27368421052631575,0.14444444444444443,0.0,True,54,5,4,False,False,terminal,kurt_only,load_pipeline (invariant)
FEMTO,Bearing3_2,42,"EWMA (λ=0.2, k=3.0)",ewma,aggregate,2,1.0,2011-01-01 04:01:00,2011-01-01 04:32:40,0.53,0.5444444444444444,,2.564102564102564,1.031578947368421,0.5444444444444444,0.0,True,54,5,4,False,False,terminal,kurt_only,load_pipeline (invariant)
FEMTO,Bearing3_2,42,"CUSUM (k=0.5, h=5.0)",cusum,aggregate,2,1.0,2011-01-01 04:01:00,2011-01-01 04:32:40,0.53,0.5111111111111111,0.016666666666666666,0.0,0.9684210526315788,0.5111111111111111,0.0,True,54,5,4,False,False,terminal,kurt_only,load_pipeline (invariant)
FEMTO,Bearing3_2,42,Hotelling T²,hotelling_t2,aggregate,2,1.0,2011-01-01 04:01:00,2011-01-01 04:32:40,0.53,0.5777777777777777,,5.128205128205128,1.094736842105263,0.5777777777777777,0.0,True,54,5,4,False,False,terminal,kurt_only,load_pipeline (invariant)
FEMTO,Bearing3_2,42,Isolation Forest,isolation_forest,aggregate,2,1.0,2011-01-01 04:01:00,2011-01-01 04:32:40,0.53,0.0,,0.0,0.0,0.0,0.0,False,54,5,4,False,False,terminal,kurt_only,load_pipeline (invariant)
FEMTO,Bearing3_2,42,Deep SVDD,deep_svdd,aggregate,2,1.0,2011-01-01 04:01:00,2011-01-01 04:32:40,0.53,0.0,,0.0,0.0,0.0,0.0,False,54,5,4,False,False,terminal,kurt_only,load_pipeline (invariant)
FEMTO,Bearing3_2,42,LSTM-Autoencoder,lstm_ae,aggregate,2,1.0,2011-01-01 04:01:00,2011-01-01 04:32:40,0.53,0.5777777777777777,,5.128205128205128,1.094736842105263,0.5777777777777777,0.0,True,54,5,4,False,False,terminal,kurt_only,load_pipeline (invariant)
FEMTO,Bearing3_2,42,TCN-Autoencoder,tcn,aggregate,2,1.0,2011-01-01 04:01:00,2011-01-01 04:32:40,0.53,0.5444444444444444,,2.564102564102564,1.031578947368421,0.5444444444444444,0.0,True,54,5,4,False,False,terminal,kurt_only,load_pipeline (invariant)
FEMTO,Bearing3_2,42,Transformer-AD,transformer_ad,aggregate,2,1.0,2011-01-01 04:01:00,2011-01-01 04:32:40,0.53,0.5444444444444444,,2.564102564102564,1.031578947368421,0.5444444444444444,0.0,True,54,5,4,False,False,terminal,kurt_only,load_pipeline (invariant)
FEMTO,Bearing3_2,42,RMS-Trend (kσ),rms_trend,aggregate,5,1.0,2011-01-01 04:01:00,2011-01-01 04:32:40,0.53,0.044444444444444446,0.48333333333333334,0.0,0.08421052631578947,0.044444444444444446,0.0,True,109,3,2,True,False,terminal,kurt_only,load_pipeline (invariant)
FEMTO,Bearing3_2,42,3σ Rule (σ=3.0),three_sigma,aggregate,5,1.0,2011-01-01 04:01:00,2011-01-01 04:32:40,0.53,0.5777777777777777,,3.8461538461538463,1.094736842105263,0.5777777777777777,0.0,True,109,3,2,True,False,terminal,kurt_only,load_pipeline (invariant)
FEMTO,Bearing3_2,42,"EWMA (λ=0.2, k=3.0)",ewma,aggregate,5,1.0,2011-01-01 04:01:00,2011-01-01 04:32:40,0.53,0.5444444444444444,,1.282051282051282,1.031578947368421,0.5444444444444444,0.0,True,109,3,2,True,False,terminal,kurt_only,load_pipeline (invariant)
FEMTO,Bearing3_2,42,"CUSUM (k=0.5, h=5.0)",cusum,aggregate,5,1.0,2011-01-01 04:01:00,2011-01-01 04:32:40,0.53,0.5111111111111111,0.016666666666666666,0.0,0.9684210526315788,0.5111111111111111,0.0,True,109,3,2,True,False,terminal,kurt_only,load_pipeline (invariant)
FEMTO,Bearing3_2,42,Hotelling T²,hotelling_t2,aggregate,5,1.0,2011-01-01 04:01:00,2011-01-01 04:32:40,0.53,0.5777777777777777,,3.8461538461538463,1.094736842105263,0.5777777777777777,0.0,True,109,3,2,True,False,terminal,kurt_only,load_pipeline (invariant)
FEMTO,Bearing3_2,42,Isolation Forest,isolation_forest,aggregate,5,1.0,2011-01-01 04:01:00,2011-01-01 04:32:40,0.53,0.5777777777777777,,3.8461538461538463,1.094736842105263,0.5777777777777777,0.0,True,109,3,2,True,False,terminal,kurt_only,load_pipeline (invariant)
FEMTO,Bearing3_2,42,Deep SVDD,deep_svdd,aggregate,5,1.0,2011-01-01 04:01:00,2011-01-01 04:32:40,0.53,0.044444444444444446,0.48333333333333334,0.0,0.08421052631578947,0.044444444444444446,0.0,True,109,3,2,True,False,terminal,kurt_only,load_pipeline (invariant)
FEMTO,Bearing3_2,42,LSTM-Autoencoder,lstm_ae,aggregate,5,1.0,2011-01-01 04:01:00,2011-01-01 04:32:40,0.53,0.5611111111111111,,2.564102564102564,1.063157894736842,0.5611111111111111,0.0,True,109,3,2,True,False,terminal,kurt_only,load_pipeline (invariant)
FEMTO,Bearing3_2,42,TCN-Autoencoder,tcn,aggregate,5,1.0,2011-01-01 04:01:00,2011-01-01 04:32:40,0.53,0.5611111111111111,,2.564102564102564,1.063157894736842,0.5611111111111111,0.0,True,109,3,2,True,False,terminal,kurt_only,load_pipeline (invariant)
FEMTO,Bearing3_2,42,Transformer-AD,transformer_ad,aggregate,5,1.0,2011-01-01 04:01:00,2011-01-01 04:32:40,0.53,0.5611111111111111,,2.564102564102564,1.063157894736842,0.5611111111111111,0.0,True,109,3,2,True,False,terminal,kurt_only,load_pipeline (invariant)
FEMTO,Bearing3_2,42,RMS-Trend (kσ),rms_trend,aggregate,10,2.0,2011-01-01 04:01:00,2011-01-01 04:32:40,0.53,0.07777777777777778,0.45,0.0,0.14736842105263157,0.07777777777777778,0.0,True,54,3,1,True,False,terminal,kurt_only,load_pipeline (invariant)
FEMTO,Bearing3_2,42,3σ Rule (σ=3.0),three_sigma,aggregate,10,2.0,2011-01-01 04:01:00,2011-01-01 04:32:40,0.53,0.5777777777777777,,5.128205128205128,1.094736842105263,0.5777777777777777,0.0,True,54,3,1,True,False,terminal,kurt_only,load_pipeline (invariant)
FEMTO,Bearing3_2,42,"EWMA (λ=0.2, k=3.0)",ewma,aggregate,10,2.0,2011-01-01 04:01:00,2011-01-01 04:32:40,0.53,0.5777777777777777,,5.128205128205128,1.094736842105263,0.5777777777777777,0.0,True,54,3,1,True,False,terminal,kurt_only,load_pipeline (invariant)
FEMTO,Bearing3_2,42,"CUSUM (k=0.5, h=5.0)",cusum,aggregate,10,2.0,2011-01-01 04:01:00,2011-01-01 04:32:40,0.53,0.5444444444444444,,2.564102564102564,1.031578947368421,0.5444444444444444,0.0,True,54,3,1,True,False,terminal,kurt_only,load_pipeline (invariant)
FEMTO,Bearing3_2,42,Hotelling T²,hotelling_t2,aggregate,10,2.0,2011-01-01 04:01:00,2011-01-01 04:32:40,0.53,0.6111111111111112,,7.6923076923076925,1.1578947368421053,0.6111111111111112,0.0,True,54,3,1,True,False,terminal,kurt_only,load_pipeline (invariant)
FEMTO,Bearing3_2,42,Isolation Forest,isolation_forest,aggregate,10,2.0,2011-01-01 04:01:00,2011-01-01 04:32:40,0.53,0.6111111111111112,,7.6923076923076925,1.1578947368421053,0.6111111111111112,0.0,True,54,3,1,True,False,terminal,kurt_only,load_pipeline (invariant)
FEMTO,Bearing3_2,42,Deep SVDD,deep_svdd,aggregate,10,2.0,2011-01-01 04:01:00,2011-01-01 04:32:40,0.53,0.044444444444444446,0.48333333333333334,0.0,0.08421052631578947,0.044444444444444446,0.0,True,54,3,1,True,False,terminal,kurt_only,load_pipeline (invariant)
FEMTO,Bearing3_2,42,LSTM-Autoencoder,lstm_ae,aggregate,10,2.0,2011-01-01 04:01:00,2011-01-01 04:32:40,0.53,0.5777777777777777,,5.128205128205128,1.094736842105263,0.5777777777777777,0.0,True,54,3,1,True,False,terminal,kurt_only,load_pipeline (invariant)
FEMTO,Bearing3_2,42,TCN-Autoencoder,tcn,aggregate,10,2.0,2011-01-01 04:01:00,2011-01-01 04:32:40,0.53,0.5777777777777777,,5.128205128205128,1.094736842105263,0.5777777777777777,0.0,True,54,3,1,True,False,terminal,kurt_only,load_pipeline (invariant)
FEMTO,Bearing3_2,42,Transformer-AD,transformer_ad,aggregate,10,2.0,2011-01-01 04:01:00,2011-01-01 04:32:40,0.53,0.5777777777777777,,5.128205128205128,1.094736842105263,0.5777777777777777,0.0,True,54,3,1,True,False,terminal,kurt_only,load_pipeline (invariant)
FEMTO,Bearing3_2,42,RMS-Trend (kσ),rms_trend,aggregate,20,3.0,2011-01-01 04:01:00,2011-01-01 04:32:40,0.53,0.09444444444444444,0.43333333333333335,0.0,0.17894736842105263,0.09444444444444444,0.0,True,36,3,1,True,False,terminal,kurt_only,load_pipeline (invariant)
FEMTO,Bearing3_2,42,3σ Rule (σ=3.0),three_sigma,aggregate,20,3.0,2011-01-01 04:01:00,2011-01-01 04:32:40,0.53,0.5944444444444444,,7.4074074074074066,1.1263157894736842,0.5944444444444444,0.0,True,36,3,1,True,False,terminal,kurt_only,load_pipeline (invariant)
FEMTO,Bearing3_2,42,"EWMA (λ=0.2, k=3.0)",ewma,aggregate,20,3.0,2011-01-01 04:01:00,2011-01-01 04:32:40,0.53,0.5944444444444444,,7.4074074074074066,1.1263157894736842,0.5944444444444444,0.0,True,36,3,1,True,False,terminal,kurt_only,load_pipeline (invariant)
FEMTO,Bearing3_2,42,"CUSUM (k=0.5, h=5.0)",cusum,aggregate,20,3.0,2011-01-01 04:01:00,2011-01-01 04:32:40,0.53,0.5444444444444444,,3.7037037037037033,1.031578947368421,0.5444444444444444,0.0,True,36,3,1,True,False,terminal,kurt_only,load_pipeline (invariant)
FEMTO,Bearing3_2,42,Hotelling T²,hotelling_t2,aggregate,20,3.0,2011-01-01 04:01:00,2011-01-01 04:32:40,0.53,0.6444444444444445,,11.11111111111111,1.2210526315789474,0.6444444444444445,0.0,False,36,3,1,True,False,terminal,kurt_only,load_pipeline (invariant)
FEMTO,Bearing3_2,42,Isolation Forest,isolation_forest,aggregate,20,3.0,2011-01-01 04:01:00,2011-01-01 04:32:40,0.53,0.5944444444444444,,7.4074074074074066,1.1263157894736842,0.5944444444444444,0.0,True,36,3,1,True,False,terminal,kurt_only,load_pipeline (invariant)
FEMTO,Bearing3_2,42,Deep SVDD,deep_svdd,aggregate,20,3.0,2011-01-01 04:01:00,2011-01-01 04:32:40,0.53,0.09444444444444444,0.43333333333333335,0.0,0.17894736842105263,0.09444444444444444,0.0,True,36,3,1,True,False,terminal,kurt_only,load_pipeline (invariant)
FEMTO,Bearing3_2,42,LSTM-Autoencoder,lstm_ae,aggregate,20,3.0,2011-01-01 04:01:00,2011-01-01 04:32:40,0.53,1.8444444444444446,,100.0,3.4947368421052634,0.0,100.0,False,36,3,1,True,False,terminal,kurt_only,load_pipeline (invariant)
FEMTO,Bearing3_2,42,TCN-Autoencoder,tcn,aggregate,20,3.0,2011-01-01 04:01:00,2011-01-01 04:32:40,0.53,1.8444444444444446,,100.0,3.4947368421052634,0.0,100.0,False,36,3,1,True,False,terminal,kurt_only,load_pipeline (invariant)
FEMTO,Bearing3_2,42,Transformer-AD,transformer_ad,aggregate,20,3.0,2011-01-01 04:01:00,2011-01-01 04:32:40,0.53,1.8444444444444446,,100.0,3.4947368421052634,0.0,100.0,False,36,3,1,True,False,terminal,kurt_only,load_pipeline (invariant)
FEMTO,Bearing3_2,42,RMS-Trend (kσ),rms_trend,decimate,1,0.17,2011-01-01 04:01:00,2011-01-01 04:32:40,0.53,0.044444444444444446,0.48333333333333334,0.0,0.08421052631578947,0.044444444444444446,0.0,True,131,10,3,False,False,terminal,kurt_only,load_pipeline (invariant)
FEMTO,Bearing3_2,42,3σ Rule (σ=3.0),three_sigma,decimate,1,0.17,2011-01-01 04:01:00,2011-01-01 04:32:40,0.53,0.044444444444444446,0.48333333333333334,0.0,0.08421052631578947,0.044444444444444446,0.0,True,131,10,3,False,False,terminal,kurt_only,load_pipeline (invariant)
FEMTO,Bearing3_2,42,"EWMA (λ=0.2, k=3.0)",ewma,decimate,1,0.17,2011-01-01 04:01:00,2011-01-01 04:32:40,0.53,0.1,0.42777777777777776,0.0,0.18947368421052632,0.1,0.0,True,131,10,3,False,False,terminal,kurt_only,load_pipeline (invariant)
FEMTO,Bearing3_2,42,"CUSUM (k=0.5, h=5.0)",cusum,decimate,1,0.17,2011-01-01 04:01:00,2011-01-01 04:32:40,0.53,0.35,0.17777777777777778,0.0,0.6631578947368421,0.35,0.0,True,131,10,3,False,False,terminal,kurt_only,load_pipeline (invariant)
FEMTO,Bearing3_2,42,Hotelling T²,hotelling_t2,decimate,1,0.17,2011-01-01 04:01:00,2011-01-01 04:32:40,0.53,0.5722222222222222,,4.25531914893617,1.0842105263157893,0.5722222222222222,0.0,True,131,10,3,False,False,terminal,kurt_only,load_pipeline (invariant)
FEMTO,Bearing3_2,42,Isolation Forest,isolation_forest,decimate,1,0.17,2011-01-01 04:01:00,2011-01-01 04:32:40,0.53,0.5305555555555556,,1.0638297872340425,1.0052631578947369,0.5305555555555556,0.0,True,131,10,3,False,False,terminal,kurt_only,load_pipeline (invariant)
FEMTO,Bearing3_2,42,Deep SVDD,deep_svdd,decimate,1,0.17,2011-01-01 04:01:00,2011-01-01 04:32:40,0.53,0.0,,0.0,0.0,0.0,0.0,False,131,10,3,False,False,terminal,kurt_only,load_pipeline (invariant)
FEMTO,Bearing3_2,42,LSTM-Autoencoder,lstm_ae,decimate,1,0.17,2011-01-01 04:01:00,2011-01-01 04:32:40,0.53,0.5305555555555556,,1.0638297872340425,1.0052631578947369,0.5305555555555556,0.0,True,131,10,3,False,False,terminal,kurt_only,load_pipeline (invariant)
FEMTO,Bearing3_2,42,TCN-Autoencoder,tcn,decimate,1,0.17,2011-01-01 04:01:00,2011-01-01 04:32:40,0.53,0.5444444444444444,,2.127659574468085,1.031578947368421,0.5444444444444444,0.0,True,131,10,3,False,False,terminal,kurt_only,load_pipeline (invariant)
FEMTO,Bearing3_2,42,Transformer-AD,transformer_ad,decimate,1,0.17,2011-01-01 04:01:00,2011-01-01 04:32:40,0.53,0.5166666666666667,0.011111111111111112,0.0,0.9789473684210527,0.5166666666666667,0.0,True,131,10,3,False,False,terminal,kurt_only,load_pipeline (invariant)
FEMTO,Bearing3_2,42,RMS-Trend (kσ),rms_trend,decimate,2,0.33,2011-01-01 04:01:00,2011-01-01 04:32:40,0.53,0.5666666666666667,,3.418803418803419,1.0736842105263158,0.5666666666666667,0.0,True,164,5,4,False,False,terminal,kurt_only,load_pipeline (invariant)
FEMTO,Bearing3_2,42,3σ Rule (σ=3.0),three_sigma,decimate,2,0.33,2011-01-01 04:01:00,2011-01-01 04:32:40,0.53,0.5666666666666667,,3.418803418803419,1.0736842105263158,0.5666666666666667,0.0,True,164,5,4,False,False,terminal,kurt_only,load_pipeline (invariant)
FEMTO,Bearing3_2,42,"EWMA (λ=0.2, k=3.0)",ewma,decimate,2,0.33,2011-01-01 04:01:00,2011-01-01 04:32:40,0.53,0.05555555555555555,0.4722222222222222,0.0,0.10526315789473684,0.05555555555555555,0.0,True,164,5,4,False,False,terminal,kurt_only,load_pipeline (invariant)
FEMTO,Bearing3_2,42,"CUSUM (k=0.5, h=5.0)",cusum,decimate,2,0.33,2011-01-01 04:01:00,2011-01-01 04:32:40,0.53,0.05555555555555555,0.4722222222222222,0.0,0.10526315789473684,0.05555555555555555,0.0,True,164,5,4,False,False,terminal,kurt_only,load_pipeline (invariant)
FEMTO,Bearing3_2,42,Hotelling T²,hotelling_t2,decimate,2,0.33,2011-01-01 04:01:00,2011-01-01 04:32:40,0.53,0.5777777777777777,,4.273504273504273,1.094736842105263,0.5777777777777777,0.0,True,164,5,4,False,False,terminal,kurt_only,load_pipeline (invariant)
FEMTO,Bearing3_2,42,Isolation Forest,isolation_forest,decimate,2,0.33,2011-01-01 04:01:00,2011-01-01 04:32:40,0.53,0.5777777777777777,,4.273504273504273,1.094736842105263,0.5777777777777777,0.0,True,164,5,4,False,False,terminal,kurt_only,load_pipeline (invariant)
FEMTO,Bearing3_2,42,Deep SVDD,deep_svdd,decimate,2,0.33,2011-01-01 04:01:00,2011-01-01 04:32:40,0.53,0.0,,0.0,0.0,0.0,0.0,False,164,5,4,False,False,terminal,kurt_only,load_pipeline (invariant)
FEMTO,Bearing3_2,42,LSTM-Autoencoder,lstm_ae,decimate,2,0.33,2011-01-01 04:01:00,2011-01-01 04:32:40,0.53,0.5555555555555556,,2.564102564102564,1.0526315789473684,0.5555555555555556,0.0,True,164,5,4,False,False,terminal,kurt_only,load_pipeline (invariant)
FEMTO,Bearing3_2,42,TCN-Autoencoder,tcn,decimate,2,0.33,2011-01-01 04:01:00,2011-01-01 04:32:40,0.53,0.5666666666666667,,3.418803418803419,1.0736842105263158,0.5666666666666667,0.0,True,164,5,4,False,False,terminal,kurt_only,load_pipeline (invariant)
FEMTO,Bearing3_2,42,Transformer-AD,transformer_ad,decimate,2,0.33,2011-01-01 04:01:00,2011-01-01 04:32:40,0.53,0.5444444444444444,,1.7094017094017095,1.031578947368421,0.5444444444444444,0.0,True,164,5,4,False,False,terminal,kurt_only,load_pipeline (invariant)
FEMTO,Bearing3_2,42,RMS-Trend (kσ),rms_trend,decimate,5,0.83,2011-01-01 04:01:00,2011-01-01 04:32:40,0.53,0.030555555555555555,0.49722222222222223,0.0,0.05789473684210526,0.030555555555555555,0.0,True,131,3,2,True,False,terminal,kurt_only,load_pipeline (invariant)
FEMTO,Bearing3_2,42,3σ Rule (σ=3.0),three_sigma,decimate,5,0.83,2011-01-01 04:01:00,2011-01-01 04:32:40,0.53,0.5861111111111111,,5.319148936170213,1.1105263157894738,0.5861111111111111,0.0,True,131,3,2,True,False,terminal,kurt_only,load_pipeline (invariant)
FEMTO,Bearing3_2,42,"EWMA (λ=0.2, k=3.0)",ewma,decimate,5,0.83,2011-01-01 04:01:00,2011-01-01 04:32:40,0.53,0.5722222222222222,,4.25531914893617,1.0842105263157893,0.5722222222222222,0.0,True,131,3,2,True,False,terminal,kurt_only,load_pipeline (invariant)
FEMTO,Bearing3_2,42,"CUSUM (k=0.5, h=5.0)",cusum,decimate,5,0.83,2011-01-01 04:01:00,2011-01-01 04:32:40,0.53,0.5722222222222222,,4.25531914893617,1.0842105263157893,0.5722222222222222,0.0,True,131,3,2,True,False,terminal,kurt_only,load_pipeline (invariant)
FEMTO,Bearing3_2,42,Hotelling T²,hotelling_t2,decimate,5,0.83,2011-01-01 04:01:00,2011-01-01 04:32:40,0.53,0.5861111111111111,,5.319148936170213,1.1105263157894738,0.5861111111111111,0.0,True,131,3,2,True,False,terminal,kurt_only,load_pipeline (invariant)
FEMTO,Bearing3_2,42,Isolation Forest,isolation_forest,decimate,5,0.83,2011-01-01 04:01:00,2011-01-01 04:32:40,0.53,0.5861111111111111,,5.319148936170213,1.1105263157894738,0.5861111111111111,0.0,True,131,3,2,True,False,terminal,kurt_only,load_pipeline (invariant)
FEMTO,Bearing3_2,42,Deep SVDD,deep_svdd,decimate,5,0.83,2011-01-01 04:01:00,2011-01-01 04:32:40,0.53,0.0,,0.0,0.0,0.0,0.0,False,131,3,2,True,False,terminal,kurt_only,load_pipeline (invariant)
FEMTO,Bearing3_2,42,LSTM-Autoencoder,lstm_ae,decimate,5,0.83,2011-01-01 04:01:00,2011-01-01 04:32:40,0.53,1.3083333333333333,,6.382978723404255,2.4789473684210526,1.3083333333333333,0.0,True,131,3,2,True,False,terminal,kurt_only,load_pipeline (invariant)
FEMTO,Bearing3_2,42,TCN-Autoencoder,tcn,decimate,5,0.83,2011-01-01 04:01:00,2011-01-01 04:32:40,0.53,0.5722222222222222,,4.25531914893617,1.0842105263157893,0.5722222222222222,0.0,True,131,3,2,True,False,terminal,kurt_only,load_pipeline (invariant)
FEMTO,Bearing3_2,42,Transformer-AD,transformer_ad,decimate,5,0.83,2011-01-01 04:01:00,2011-01-01 04:32:40,0.53,0.5722222222222222,,4.25531914893617,1.0842105263157893,0.5722222222222222,0.0,True,131,3,2,True,False,terminal,kurt_only,load_pipeline (invariant)
FEMTO,Bearing3_2,42,RMS-Trend (kσ),rms_trend,decimate,10,1.67,2011-01-01 04:01:00,2011-01-01 04:32:40,0.53,0.044444444444444446,0.48333333333333334,0.0,0.08421052631578947,0.044444444444444446,0.0,True,65,3,1,True,False,terminal,kurt_only,load_pipeline (invariant)
FEMTO,Bearing3_2,42,3σ Rule (σ=3.0),three_sigma,decimate,10,1.67,2011-01-01 04:01:00,2011-01-01 04:32:40,0.53,0.6,,6.382978723404255,1.1368421052631579,0.6,0.0,True,65,3,1,True,False,terminal,kurt_only,load_pipeline (invariant)
FEMTO,Bearing3_2,42,"EWMA (λ=0.2, k=3.0)",ewma,decimate,10,1.67,2011-01-01 04:01:00,2011-01-01 04:32:40,0.53,0.5722222222222222,,4.25531914893617,1.0842105263157893,0.5722222222222222,0.0,True,65,3,1,True,False,terminal,kurt_only,load_pipeline (invariant)
FEMTO,Bearing3_2,42,"CUSUM (k=0.5, h=5.0)",cusum,decimate,10,1.67,2011-01-01 04:01:00,2011-01-01 04:32:40,0.53,0.5444444444444444,,2.127659574468085,1.031578947368421,0.5444444444444444,0.0,True,65,3,1,True,False,terminal,kurt_only,load_pipeline (invariant)
FEMTO,Bearing3_2,42,Hotelling T²,hotelling_t2,decimate,10,1.67,2011-01-01 04:01:00,2011-01-01 04:32:40,0.53,0.6,,6.382978723404255,1.1368421052631579,0.6,0.0,True,65,3,1,True,False,terminal,kurt_only,load_pipeline (invariant)
FEMTO,Bearing3_2,42,Isolation Forest,isolation_forest,decimate,10,1.67,2011-01-01 04:01:00,2011-01-01 04:32:40,0.53,0.6,,6.382978723404255,1.1368421052631579,0.6,0.0,True,65,3,1,True,False,terminal,kurt_only,load_pipeline (invariant)
FEMTO,Bearing3_2,42,Deep SVDD,deep_svdd,decimate,10,1.67,2011-01-01 04:01:00,2011-01-01 04:32:40,0.53,0.044444444444444446,0.48333333333333334,0.0,0.08421052631578947,0.044444444444444446,0.0,True,65,3,1,True,False,terminal,kurt_only,load_pipeline (invariant)
FEMTO,Bearing3_2,42,LSTM-Autoencoder,lstm_ae,decimate,10,1.67,2011-01-01 04:01:00,2011-01-01 04:32:40,0.53,0.5722222222222222,,4.25531914893617,1.0842105263157893,0.5722222222222222,0.0,True,65,3,1,True,False,terminal,kurt_only,load_pipeline (invariant)
FEMTO,Bearing3_2,42,TCN-Autoencoder,tcn,decimate,10,1.67,2011-01-01 04:01:00,2011-01-01 04:32:40,0.53,0.5722222222222222,,4.25531914893617,1.0842105263157893,0.5722222222222222,0.0,True,65,3,1,True,False,terminal,kurt_only,load_pipeline (invariant)
FEMTO,Bearing3_2,42,Transformer-AD,transformer_ad,decimate,10,1.67,2011-01-01 04:01:00,2011-01-01 04:32:40,0.53,0.5722222222222222,,4.25531914893617,1.0842105263157893,0.5722222222222222,0.0,True,65,3,1,True,False,terminal,kurt_only,load_pipeline (invariant)
FEMTO,Bearing3_2,42,RMS-Trend (kσ),rms_trend,decimate,20,3.33,2011-01-01 04:01:00,2011-01-01 04:32:40,0.53,0.1,0.42777777777777776,0.0,0.18947368421052632,0.1,0.0,True,32,3,1,True,False,terminal,kurt_only,load_pipeline (invariant)
FEMTO,Bearing3_2,42,3σ Rule (σ=3.0),three_sigma,decimate,20,3.33,2011-01-01 04:01:00,2011-01-01 04:32:40,0.53,0.6,,8.333333333333332,1.1368421052631579,0.6,0.0,True,32,3,1,True,False,terminal,kurt_only,load_pipeline (invariant)
FEMTO,Bearing3_2,42,"EWMA (λ=0.2, k=3.0)",ewma,decimate,20,3.33,2011-01-01 04:01:00,2011-01-01 04:32:40,0.53,0.6,,8.333333333333332,1.1368421052631579,0.6,0.0,True,32,3,1,True,False,terminal,kurt_only,load_pipeline (invariant)
FEMTO,Bearing3_2,42,"CUSUM (k=0.5, h=5.0)",cusum,decimate,20,3.33,2011-01-01 04:01:00,2011-01-01 04:32:40,0.53,0.6,,8.333333333333332,1.1368421052631579,0.6,0.0,True,32,3,1,True,False,terminal,kurt_only,load_pipeline (invariant)
FEMTO,Bearing3_2,42,Hotelling T²,hotelling_t2,decimate,20,3.33,2011-01-01 04:01:00,2011-01-01 04:32:40,0.53,0.6,,8.333333333333332,1.1368421052631579,0.6,0.0,True,32,3,1,True,False,terminal,kurt_only,load_pipeline (invariant)
FEMTO,Bearing3_2,42,Isolation Forest,isolation_forest,decimate,20,3.33,2011-01-01 04:01:00,2011-01-01 04:32:40,0.53,0.6,,8.333333333333332,1.1368421052631579,0.6,0.0,True,32,3,1,True,False,terminal,kurt_only,load_pipeline (invariant)
FEMTO,Bearing3_2,42,Deep SVDD,deep_svdd,decimate,20,3.33,2011-01-01 04:01:00,2011-01-01 04:32:40,0.53,0.1,0.42777777777777776,0.0,0.18947368421052632,0.1,0.0,True,32,3,1,True,False,terminal,kurt_only,load_pipeline (invariant)
FEMTO,Bearing3_2,42,LSTM-Autoencoder,lstm_ae,decimate,20,3.33,2011-01-01 04:01:00,2011-01-01 04:32:40,0.53,1.8222222222222222,,100.0,3.4526315789473685,0.0,100.0,False,32,3,1,True,False,terminal,kurt_only,load_pipeline (invariant)
FEMTO,Bearing3_2,42,TCN-Autoencoder,tcn,decimate,20,3.33,2011-01-01 04:01:00,2011-01-01 04:32:40,0.53,1.8222222222222222,,100.0,3.4526315789473685,0.0,100.0,False,32,3,1,True,False,terminal,kurt_only,load_pipeline (invariant)
FEMTO,Bearing3_2,42,Transformer-AD,transformer_ad,decimate,20,3.33,2011-01-01 04:01:00,2011-01-01 04:32:40,0.53,1.8222222222222222,,100.0,3.4526315789473685,0.0,100.0,False,32,3,1,True,False,terminal,kurt_only,load_pipeline (invariant)
FEMTO,Bearing1_1,42,One-Class SVM (nu=0.05),one_class_svm,aggregate,1,0.17,2011-01-01 03:39:30,2011-01-01 07:47:00,4.12,1.7694444444444444,2.3555555555555556,,0.4289562289562289,1.7694444444444444,0.0,True,224,10,3,False,False,terminal,kurt_only,load_pipeline (invariant)
FEMTO,Bearing1_1,42,One-Class SVM (nu=0.05),one_class_svm,aggregate,2,1.0,2011-01-01 03:39:30,2011-01-01 07:47:00,4.12,2.25,1.875,,0.5454545454545454,2.25,0.0,True,93,5,4,False,False,terminal,kurt_only,load_pipeline (invariant)
FEMTO,Bearing1_1,42,One-Class SVM (nu=0.05),one_class_svm,aggregate,5,1.0,2011-01-01 03:39:30,2011-01-01 07:47:00,4.12,2.2,1.925,,0.5333333333333333,2.2,0.0,True,187,3,2,True,False,terminal,kurt_only,load_pipeline (invariant)
FEMTO,Bearing1_1,42,One-Class SVM (nu=0.05),one_class_svm,aggregate,10,2.0,2011-01-01 03:39:30,2011-01-01 07:47:00,4.12,2.45,1.675,,0.593939393939394,2.45,0.0,True,93,3,1,True,False,terminal,kurt_only,load_pipeline (invariant)
FEMTO,Bearing1_1,42,One-Class SVM (nu=0.05),one_class_svm,aggregate,20,3.0,2011-01-01 03:39:30,2011-01-01 07:47:00,4.12,1.9333333333333333,2.191666666666667,,0.4686868686868687,1.9333333333333333,0.0,True,62,3,1,True,False,terminal,kurt_only,load_pipeline (invariant)
FEMTO,Bearing1_1,42,One-Class SVM (nu=0.05),one_class_svm,decimate,1,0.17,2011-01-01 03:39:30,2011-01-01 07:47:00,4.12,1.7694444444444444,2.3555555555555556,,0.4289562289562289,1.7694444444444444,0.0,True,224,10,3,False,False,terminal,kurt_only,load_pipeline (invariant)
FEMTO,Bearing1_1,42,One-Class SVM (nu=0.05),one_class_svm,decimate,2,0.33,2011-01-01 03:39:30,2011-01-01 07:47:00,4.12,1.0833333333333333,3.0416666666666665,,0.2626262626262626,1.0833333333333333,0.0,True,280,5,4,False,False,terminal,kurt_only,load_pipeline (invariant)
FEMTO,Bearing1_1,42,One-Class SVM (nu=0.05),one_class_svm,decimate,5,0.83,2011-01-01 03:39:30,2011-01-01 07:47:00,4.12,2.5194444444444444,1.6055555555555556,,0.6107744107744107,2.5194444444444444,0.0,True,224,3,2,True,False,terminal,kurt_only,load_pipeline (invariant)
FEMTO,Bearing1_1,42,One-Class SVM (nu=0.05),one_class_svm,decimate,10,1.67,2011-01-01 03:39:30,2011-01-01 07:47:00,4.12,2.088888888888889,2.036111111111111,,0.5063973063973064,2.088888888888889,0.0,True,112,3,1,True,False,terminal,kurt_only,load_pipeline (invariant)
FEMTO,Bearing1_1,42,One-Class SVM (nu=0.05),one_class_svm,decimate,20,3.33,2011-01-01 03:39:30,2011-01-01 07:47:00,4.12,2.561111111111111,1.5638888888888889,,0.6208754208754208,2.561111111111111,0.0,True,56,3,1,True,False,terminal,kurt_only,load_pipeline (invariant)
FEMTO,Bearing1_2,42,One-Class SVM (nu=0.05),one_class_svm,aggregate,1,0.17,,2011-01-01 02:25:00,,0.9722222222222222,,75.0,,0.0,75.0,False,70,10,3,False,False,terminal,kurt_only,load_pipeline (invariant)
FEMTO,Bearing1_2,42,One-Class SVM (nu=0.05),one_class_svm,aggregate,2,1.0,,2011-01-01 02:25:00,,0.9833333333333333,,100.0,,0.0,100.0,False,29,5,4,False,False,terminal,kurt_only,load_pipeline (invariant)
FEMTO,Bearing1_2,42,One-Class SVM (nu=0.05),one_class_svm,aggregate,5,1.0,,2011-01-01 02:25:00,,0.9666666666666667,,66.66666666666666,,0.0,66.66666666666666,False,58,3,2,True,False,terminal,kurt_only,load_pipeline (invariant)
FEMTO,Bearing1_2,42,One-Class SVM (nu=0.05),one_class_svm,aggregate,10,2.0,,2011-01-01 02:25:00,,0.9833333333333333,,100.0,,0.0,100.0,False,29,3,1,True,False,terminal,kurt_only,load_pipeline (invariant)
FEMTO,Bearing1_2,42,One-Class SVM (nu=0.05),one_class_svm,aggregate,20,3.0,,2011-01-01 02:25:00,,0.9666666666666667,,100.0,,0.0,100.0,False,19,3,1,True,False,terminal,kurt_only,load_pipeline (invariant)
FEMTO,Bearing1_2,42,One-Class SVM (nu=0.05),one_class_svm,decimate,1,0.17,,2011-01-01 02:25:00,,0.9722222222222222,,75.0,,0.0,75.0,False,70,10,3,False,False,terminal,kurt_only,load_pipeline (invariant)
FEMTO,Bearing1_2,42,One-Class SVM (nu=0.05),one_class_svm,decimate,2,0.33,,2011-01-01 02:25:00,,0.8944444444444445,,0.0,,0.8944444444444445,0.0,True,87,5,4,False,False,terminal,kurt_only,load_pipeline (invariant)
FEMTO,Bearing1_2,42,One-Class SVM (nu=0.05),one_class_svm,decimate,5,0.83,,2011-01-01 02:25:00,,0.9722222222222222,,50.0,,0.0,50.0,False,70,3,2,True,False,terminal,kurt_only,load_pipeline (invariant)
FEMTO,Bearing1_2,42,One-Class SVM (nu=0.05),one_class_svm,decimate,10,1.67,,2011-01-01 02:25:00,,0.9722222222222222,,100.0,,0.0,100.0,False,35,3,1,True,False,terminal,kurt_only,load_pipeline (invariant)
FEMTO,Bearing1_2,42,One-Class SVM (nu=0.05),one_class_svm,decimate,20,3.33,,2011-01-01 02:25:00,,0.9722222222222222,,100.0,,0.0,100.0,False,17,3,1,True,False,terminal,kurt_only,load_pipeline (invariant)
FEMTO,Bearing2_1,42,One-Class SVM (nu=0.05),one_class_svm,aggregate,1,0.17,2011-01-01 02:16:20,2011-01-01 02:31:40,0.26,0.9305555555555556,,45.45454545454545,3.6413043478260874,0.9305555555555556,0.0,False,73,10,3,False,False,terminal,kurt_only,load_pipeline (invariant)
FEMTO,Bearing2_1,42,One-Class SVM (nu=0.05),one_class_svm,aggregate,2,1.0,2011-01-01 02:16:20,2011-01-01 02:31:40,0.26,0.9611111111111111,,75.0,3.7608695652173916,0.9611111111111111,0.0,False,30,5,4,False,False,terminal,kurt_only,load_pipeline (invariant)
FEMTO,Bearing2_1,42,One-Class SVM (nu=0.05),one_class_svm,aggregate,5,1.0,2011-01-01 02:16:20,2011-01-01 02:31:40,0.26,0.9444444444444444,,56.52173913043478,3.6956521739130435,0.9444444444444444,0.0,False,60,3,2,True,False,terminal,kurt_only,load_pipeline (invariant)
FEMTO,Bearing2_1,42,One-Class SVM (nu=0.05),one_class_svm,aggregate,10,2.0,2011-01-01 02:16:20,2011-01-01 02:31:40,0.26,1.0277777777777777,,70.83333333333334,4.021739130434782,0.0,50.0,False,30,3,1,True,False,terminal,kurt_only,load_pipeline (invariant)
FEMTO,Bearing2_1,42,One-Class SVM (nu=0.05),one_class_svm,aggregate,20,3.0,2011-01-01 02:16:20,2011-01-01 02:31:40,0.26,0.9777777777777777,,50.0,3.8260869565217392,0.0,50.0,False,20,3,1,True,False,terminal,kurt_only,load_pipeline (invariant)
FEMTO,Bearing2_1,42,One-Class SVM (nu=0.05),one_class_svm,decimate,1,0.17,2011-01-01 02:16:20,2011-01-01 02:31:40,0.26,0.9305555555555556,,45.45454545454545,3.6413043478260874,0.9305555555555556,0.0,False,73,10,3,False,False,terminal,kurt_only,load_pipeline (invariant)
FEMTO,Bearing2_1,42,One-Class SVM (nu=0.05),one_class_svm,decimate,2,0.33,2011-01-01 02:16:20,2011-01-01 02:31:40,0.26,0.7388888888888889,,14.492753623188406,2.8913043478260874,0.7388888888888889,0.0,False,91,5,4,False,False,terminal,kurt_only,load_pipeline (invariant)
FEMTO,Bearing2_1,42,One-Class SVM (nu=0.05),one_class_svm,decimate,5,0.83,2011-01-01 02:16:20,2011-01-01 02:31:40,0.26,0.9722222222222222,,58.18181818181818,3.804347826086957,0.0,25.0,False,73,3,2,True,False,terminal,kurt_only,load_pipeline (invariant)
FEMTO,Bearing2_1,42,One-Class SVM (nu=0.05),one_class_svm,decimate,10,1.67,2011-01-01 02:16:20,2011-01-01 02:31:40,0.26,0.9166666666666666,,48.148148148148145,3.5869565217391304,0.9166666666666666,0.0,False,36,3,1,True,False,terminal,kurt_only,load_pipeline (invariant)
FEMTO,Bearing2_1,42,One-Class SVM (nu=0.05),one_class_svm,decimate,20,3.33,2011-01-01 02:16:20,2011-01-01 02:31:40,0.26,0.8055555555555556,,28.57142857142857,3.1521739130434785,0.8055555555555556,0.0,False,18,3,1,True,False,terminal,kurt_only,load_pipeline (invariant)
FEMTO,Bearing2_2,42,One-Class SVM (nu=0.05),one_class_svm,aggregate,1,0.17,2011-01-01 02:05:10,2011-01-01 02:12:40,0.12,0.8916666666666667,,85.71428571428571,7.133333333333334,0.0,100.0,False,64,10,3,False,False,terminal,kurt_only,load_pipeline (invariant)
FEMTO,Bearing2_2,42,One-Class SVM (nu=0.05),one_class_svm,aggregate,2,1.0,2011-01-01 02:05:10,2011-01-01 02:12:40,0.12,0.8777777777777778,,100.0,7.022222222222222,0.0,100.0,False,26,5,4,False,False,terminal,kurt_only,load_pipeline (invariant)
FEMTO,Bearing2_2,42,One-Class SVM (nu=0.05),one_class_svm,aggregate,5,1.0,2011-01-01 02:05:10,2011-01-01 02:12:40,0.12,0.8944444444444445,,97.87234042553192,7.155555555555556,0.0,100.0,False,53,3,2,True,False,terminal,kurt_only,load_pipeline (invariant)
FEMTO,Bearing2_2,42,One-Class SVM (nu=0.05),one_class_svm,aggregate,10,2.0,2011-01-01 02:05:10,2011-01-01 02:12:40,0.12,0.8777777777777778,,100.0,7.022222222222222,0.0,100.0,False,26,3,1,True,False,terminal,kurt_only,load_pipeline (invariant)
FEMTO,Bearing2_2,42,One-Class SVM (nu=0.05),one_class_svm,aggregate,20,3.0,2011-01-01 02:05:10,2011-01-01 02:12:40,0.12,0.9111111111111111,,100.0,7.288888888888889,0.0,100.0,False,18,3,1,True,False,terminal,kurt_only,load_pipeline (invariant)
FEMTO,Bearing2_2,42,One-Class SVM (nu=0.05),one_class_svm,decimate,1,0.17,2011-01-01 02:05:10,2011-01-01 02:12:40,0.12,0.8916666666666667,,85.71428571428571,7.133333333333334,0.0,100.0,False,64,10,3,False,False,terminal,kurt_only,load_pipeline (invariant)
FEMTO,Bearing2_2,42,One-Class SVM (nu=0.05),one_class_svm,decimate,2,0.33,2011-01-01 02:05:10,2011-01-01 02:12:40,0.12,0.8888888888888888,,47.82608695652174,7.111111111111111,0.0,100.0,False,80,5,4,False,False,terminal,kurt_only,load_pipeline (invariant)
FEMTO,Bearing2_2,42,One-Class SVM (nu=0.05),one_class_svm,decimate,5,0.83,2011-01-01 02:05:10,2011-01-01 02:12:40,0.12,0.8916666666666667,,76.78571428571429,7.133333333333334,0.0,100.0,False,64,3,2,True,False,terminal,kurt_only,load_pipeline (invariant)
FEMTO,Bearing2_2,42,One-Class SVM (nu=0.05),one_class_svm,decimate,10,1.67,2011-01-01 02:05:10,2011-01-01 02:12:40,0.12,0.9055555555555556,,96.55172413793103,7.2444444444444445,0.0,100.0,False,32,3,1,True,False,terminal,kurt_only,load_pipeline (invariant)
FEMTO,Bearing2_2,42,One-Class SVM (nu=0.05),one_class_svm,decimate,20,3.33,2011-01-01 02:05:10,2011-01-01 02:12:40,0.12,0.9333333333333333,,100.0,7.466666666666667,0.0,100.0,False,16,3,1,True,False,terminal,kurt_only,load_pipeline (invariant)
FEMTO,Bearing3_1,42,One-Class SVM (nu=0.05),one_class_svm,aggregate,1,0.17,2011-01-01 01:21:00,2011-01-01 01:25:40,0.08,0.5666666666666667,,69.44444444444444,7.285714285714286,0.0,100.0,False,41,10,3,False,False,terminal,kurt_only,load_pipeline (invariant)
FEMTO,Bearing3_1,42,One-Class SVM (nu=0.05),one_class_svm,aggregate,2,1.0,2011-01-01 01:21:00,2011-01-01 01:25:40,0.08,0.42777777777777776,,68.75,5.5,0.42777777777777776,0.0,False,17,5,4,False,False,terminal,kurt_only,load_pipeline (invariant)
FEMTO,Bearing3_1,42,One-Class SVM (nu=0.05),one_class_svm,aggregate,5,1.0,2011-01-01 01:21:00,2011-01-01 01:25:40,0.08,0.5777777777777777,,80.0,7.428571428571428,0.0,100.0,False,34,3,2,True,False,terminal,kurt_only,load_pipeline (invariant)
FEMTO,Bearing3_1,42,One-Class SVM (nu=0.05),one_class_svm,aggregate,10,2.0,2011-01-01 01:21:00,2011-01-01 01:25:40,0.08,0.5944444444444444,,100.0,7.642857142857142,0.0,100.0,False,17,3,1,True,False,terminal,kurt_only,load_pipeline (invariant)
FEMTO,Bearing3_1,42,One-Class SVM (nu=0.05),one_class_svm,aggregate,20,3.0,2011-01-01 01:21:00,2011-01-01 01:25:40,0.08,0.5777777777777777,,100.0,7.428571428571428,0.0,100.0,False,11,3,1,True,False,terminal,kurt_only,load_pipeline (invariant)
FEMTO,Bearing3_1,42,One-Class SVM (nu=0.05),one_class_svm,decimate,1,0.17,2011-01-01 01:21:00,2011-01-01 01:25:40,0.08,0.5666666666666667,,69.44444444444444,7.285714285714286,0.0,100.0,False,41,10,3,False,False,terminal,kurt_only,load_pipeline (invariant)
FEMTO,Bearing3_1,42,One-Class SVM (nu=0.05),one_class_svm,decimate,2,0.33,2011-01-01 01:21:00,2011-01-01 01:25:40,0.08,0.29444444444444445,,44.44444444444444,3.7857142857142856,0.29444444444444445,0.0,False,51,5,4,False,False,terminal,kurt_only,load_pipeline (invariant)
FEMTO,Bearing3_1,42,One-Class SVM (nu=0.05),one_class_svm,decimate,5,0.83,2011-01-01 01:21:00,2011-01-01 01:25:40,0.08,0.5111111111111111,,67.56756756756756,6.571428571428571,0.5111111111111111,0.0,False,41,3,2,True,False,terminal,kurt_only,load_pipeline (invariant)
FEMTO,Bearing3_1,42,One-Class SVM (nu=0.05),one_class_svm,decimate,10,1.67,2011-01-01 01:21:00,2011-01-01 01:25:40,0.08,0.5111111111111111,,83.33333333333334,6.571428571428571,0.5111111111111111,0.0,False,20,3,1,True,False,terminal,kurt_only,load_pipeline (invariant)
FEMTO,Bearing3_1,42,One-Class SVM (nu=0.05),one_class_svm,decimate,20,3.33,2011-01-01 01:21:00,2011-01-01 01:25:40,0.08,0.5944444444444444,,100.0,7.642857142857142,0.0,100.0,False,10,3,1,True,False,terminal,kurt_only,load_pipeline (invariant)
FEMTO,Bearing3_2,42,One-Class SVM (nu=0.05),one_class_svm,aggregate,1,0.17,2011-01-01 04:01:00,2011-01-01 04:32:40,0.53,0.5722222222222222,,4.25531914893617,1.0842105263157893,0.5722222222222222,0.0,True,131,10,3,False,False,terminal,kurt_only,load_pipeline (invariant)
FEMTO,Bearing3_2,42,One-Class SVM (nu=0.05),one_class_svm,aggregate,2,1.0,2011-01-01 04:01:00,2011-01-01 04:32:40,0.53,0.6111111111111112,,7.6923076923076925,1.1578947368421053,0.6111111111111112,0.0,True,54,5,4,False,False,terminal,kurt_only,load_pipeline (invariant)
FEMTO,Bearing3_2,42,One-Class SVM (nu=0.05),one_class_svm,aggregate,5,1.0,2011-01-01 04:01:00,2011-01-01 04:32:40,0.53,0.6111111111111112,,6.41025641025641,1.1578947368421053,0.6111111111111112,0.0,True,109,3,2,True,False,terminal,kurt_only,load_pipeline (invariant)
FEMTO,Bearing3_2,42,One-Class SVM (nu=0.05),one_class_svm,aggregate,10,2.0,2011-01-01 04:01:00,2011-01-01 04:32:40,0.53,0.6777777777777778,,10.256410256410255,1.2842105263157895,0.6777777777777778,0.0,False,54,3,1,True,False,terminal,kurt_only,load_pipeline (invariant)
FEMTO,Bearing3_2,42,One-Class SVM (nu=0.05),one_class_svm,aggregate,20,3.0,2011-01-01 04:01:00,2011-01-01 04:32:40,0.53,1.1444444444444444,,22.22222222222222,2.1684210526315786,1.1444444444444444,0.0,False,36,3,1,True,False,terminal,kurt_only,load_pipeline (invariant)
FEMTO,Bearing3_2,42,One-Class SVM (nu=0.05),one_class_svm,decimate,1,0.17,2011-01-01 04:01:00,2011-01-01 04:32:40,0.53,0.5722222222222222,,4.25531914893617,1.0842105263157893,0.5722222222222222,0.0,True,131,10,3,False,False,terminal,kurt_only,load_pipeline (invariant)
FEMTO,Bearing3_2,42,One-Class SVM (nu=0.05),one_class_svm,decimate,2,0.33,2011-01-01 04:01:00,2011-01-01 04:32:40,0.53,0.5666666666666667,,3.418803418803419,1.0736842105263158,0.5666666666666667,0.0,True,164,5,4,False,False,terminal,kurt_only,load_pipeline (invariant)
FEMTO,Bearing3_2,42,One-Class SVM (nu=0.05),one_class_svm,decimate,5,0.83,2011-01-01 04:01:00,2011-01-01 04:32:40,0.53,1.1,,10.638297872340425,2.0842105263157897,1.1,0.0,False,131,3,2,True,False,terminal,kurt_only,load_pipeline (invariant)
FEMTO,Bearing3_2,42,One-Class SVM (nu=0.05),one_class_svm,decimate,10,1.67,2011-01-01 04:01:00,2011-01-01 04:32:40,0.53,1.7666666666666666,,55.319148936170215,3.3473684210526313,0.0,50.0,False,65,3,1,True,False,terminal,kurt_only,load_pipeline (invariant)
FEMTO,Bearing3_2,42,One-Class SVM (nu=0.05),one_class_svm,decimate,20,3.33,2011-01-01 04:01:00,2011-01-01 04:32:40,0.53,1.7666666666666666,,50.0,3.3473684210526313,0.0,50.0,False,32,3,1,True,False,terminal,kurt_only,load_pipeline (invariant)
