dataset,run,seed,method,short_name,mode,factor,effective_interval_min,t_onset,t_fail,max_lead_hours,lead_time_hours,detection_delay_hours,far_preonset_pct,lead_norm,vlt_legacy_hours,far_legacy_pct,valid_alarm,n_test_windows,window_rows,persistence_windows,window_floored,control,onset_method,onset_indicator,feature_mode
FEMTO,Bearing1_1,42,RMS-Trend (kσ),rms_trend,aggregate,1,0.17,2011-01-01 07:33:10,2011-01-01 07:47:00,0.23,0.06111111111111111,0.16944444444444445,0.0,0.2650602409638554,0.06111111111111111,0.0,True,224,10,3,False,False,terminal,pca1,load_pipeline (invariant)
FEMTO,Bearing1_1,42,3σ Rule (σ=3.0),three_sigma,aggregate,1,0.17,2011-01-01 07:33:10,2011-01-01 07:47:00,0.23,0.15833333333333333,0.07222222222222222,0.0,0.6867469879518071,0.15833333333333333,0.0,True,224,10,3,False,False,terminal,pca1,load_pipeline (invariant)
FEMTO,Bearing1_1,42,"EWMA (λ=0.2, k=3.0)",ewma,aggregate,1,0.17,2011-01-01 07:33:10,2011-01-01 07:47:00,0.23,0.15833333333333333,0.07222222222222222,0.0,0.6867469879518071,0.15833333333333333,0.0,True,224,10,3,False,False,terminal,pca1,load_pipeline (invariant)
FEMTO,Bearing1_1,42,"CUSUM (k=0.5, h=5.0)",cusum,aggregate,1,0.17,2011-01-01 07:33:10,2011-01-01 07:47:00,0.23,0.4222222222222222,,6.730769230769231,1.8313253012048192,0.4222222222222222,0.0,True,224,10,3,False,False,terminal,pca1,load_pipeline (invariant)
FEMTO,Bearing1_1,42,Hotelling T²,hotelling_t2,aggregate,1,0.17,2011-01-01 07:33:10,2011-01-01 07:47:00,0.23,0.575,,11.538461538461538,2.4939759036144573,0.575,0.0,False,224,10,3,False,False,terminal,pca1,load_pipeline (invariant)
FEMTO,Bearing1_1,42,Isolation Forest,isolation_forest,aggregate,1,0.17,2011-01-01 07:33:10,2011-01-01 07:47:00,0.23,0.17222222222222222,0.058333333333333334,0.0,0.7469879518072289,0.17222222222222222,0.0,True,224,10,3,False,False,terminal,pca1,load_pipeline (invariant)
FEMTO,Bearing1_1,42,Deep SVDD,deep_svdd,aggregate,1,0.17,2011-01-01 07:33:10,2011-01-01 07:47:00,0.23,0.0,,0.0,0.0,0.0,0.0,False,224,10,3,False,False,terminal,pca1,load_pipeline (invariant)
FEMTO,Bearing1_1,42,LSTM-Autoencoder,lstm_ae,aggregate,1,0.17,2011-01-01 07:33:10,2011-01-01 07:47:00,0.23,3.1166666666666667,,100.0,13.518072289156626,0.0,100.0,False,224,10,3,False,False,terminal,pca1,load_pipeline (invariant)
FEMTO,Bearing1_1,42,TCN-Autoencoder,tcn,aggregate,1,0.17,2011-01-01 07:33:10,2011-01-01 07:47:00,0.23,3.1166666666666667,,100.0,13.518072289156626,0.0,100.0,False,224,10,3,False,False,terminal,pca1,load_pipeline (invariant)
FEMTO,Bearing1_1,42,Transformer-AD,transformer_ad,aggregate,1,0.17,2011-01-01 07:33:10,2011-01-01 07:47:00,0.23,3.1166666666666667,,100.0,13.518072289156626,0.0,100.0,False,224,10,3,False,False,terminal,pca1,load_pipeline (invariant)
FEMTO,Bearing1_1,42,RMS-Trend (kσ),rms_trend,aggregate,2,1.0,2011-01-01 07:33:10,2011-01-01 07:47:00,0.23,0.0,,0.0,0.0,0.0,0.0,False,93,5,4,False,False,terminal,pca1,load_pipeline (invariant)
FEMTO,Bearing1_1,42,3σ Rule (σ=3.0),three_sigma,aggregate,2,1.0,2011-01-01 07:33:10,2011-01-01 07:47:00,0.23,0.21666666666666667,0.013888888888888888,0.0,0.9397590361445783,0.21666666666666667,0.0,True,93,5,4,False,False,terminal,pca1,load_pipeline (invariant)
FEMTO,Bearing1_1,42,"EWMA (λ=0.2, k=3.0)",ewma,aggregate,2,1.0,2011-01-01 07:33:10,2011-01-01 07:47:00,0.23,0.21666666666666667,0.013888888888888888,0.0,0.9397590361445783,0.21666666666666667,0.0,True,93,5,4,False,False,terminal,pca1,load_pipeline (invariant)
FEMTO,Bearing1_1,42,"CUSUM (k=0.5, h=5.0)",cusum,aggregate,2,1.0,2011-01-01 07:33:10,2011-01-01 07:47:00,0.23,0.5833333333333334,,12.643678160919542,2.5301204819277108,0.5833333333333334,0.0,False,93,5,4,False,False,terminal,pca1,load_pipeline (invariant)
FEMTO,Bearing1_1,42,Hotelling T²,hotelling_t2,aggregate,2,1.0,2011-01-01 07:33:10,2011-01-01 07:47:00,0.23,2.15,,58.620689655172406,9.325301204819276,2.15,0.0,False,93,5,4,False,False,terminal,pca1,load_pipeline (invariant)
FEMTO,Bearing1_1,42,Isolation Forest,isolation_forest,aggregate,2,1.0,2011-01-01 07:33:10,2011-01-01 07:47:00,0.23,0.5833333333333334,,11.494252873563218,2.5301204819277108,0.5833333333333334,0.0,False,93,5,4,False,False,terminal,pca1,load_pipeline (invariant)
FEMTO,Bearing1_1,42,Deep SVDD,deep_svdd,aggregate,2,1.0,2011-01-01 07:33:10,2011-01-01 07:47:00,0.23,0.0,,0.0,0.0,0.0,0.0,False,93,5,4,False,False,terminal,pca1,load_pipeline (invariant)
FEMTO,Bearing1_1,42,LSTM-Autoencoder,lstm_ae,aggregate,2,1.0,2011-01-01 07:33:10,2011-01-01 07:47:00,0.23,3.1166666666666667,,100.0,13.518072289156626,0.0,100.0,False,93,5,4,False,False,terminal,pca1,load_pipeline (invariant)
FEMTO,Bearing1_1,42,TCN-Autoencoder,tcn,aggregate,2,1.0,2011-01-01 07:33:10,2011-01-01 07:47:00,0.23,3.1166666666666667,,100.0,13.518072289156626,0.0,100.0,False,93,5,4,False,False,terminal,pca1,load_pipeline (invariant)
FEMTO,Bearing1_1,42,Transformer-AD,transformer_ad,aggregate,2,1.0,2011-01-01 07:33:10,2011-01-01 07:47:00,0.23,3.1166666666666667,,100.0,13.518072289156626,0.0,100.0,False,93,5,4,False,False,terminal,pca1,load_pipeline (invariant)
FEMTO,Bearing1_1,42,RMS-Trend (kσ),rms_trend,aggregate,5,1.0,2011-01-01 07:33:10,2011-01-01 07:47:00,0.23,0.16666666666666666,0.06388888888888888,0.0,0.7228915662650601,0.16666666666666666,0.0,True,187,3,2,True,False,terminal,pca1,load_pipeline (invariant)
FEMTO,Bearing1_1,42,3σ Rule (σ=3.0),three_sigma,aggregate,5,1.0,2011-01-01 07:33:10,2011-01-01 07:47:00,0.23,0.16666666666666666,0.06388888888888888,0.0,0.7228915662650601,0.16666666666666666,0.0,True,187,3,2,True,False,terminal,pca1,load_pipeline (invariant)
FEMTO,Bearing1_1,42,"EWMA (λ=0.2, k=3.0)",ewma,aggregate,5,1.0,2011-01-01 07:33:10,2011-01-01 07:47:00,0.23,0.16666666666666666,0.06388888888888888,0.0,0.7228915662650601,0.16666666666666666,0.0,True,187,3,2,True,False,terminal,pca1,load_pipeline (invariant)
FEMTO,Bearing1_1,42,"CUSUM (k=0.5, h=5.0)",cusum,aggregate,5,1.0,2011-01-01 07:33:10,2011-01-01 07:47:00,0.23,0.4,,6.321839080459771,1.7349397590361446,0.4,0.0,True,187,3,2,True,False,terminal,pca1,load_pipeline (invariant)
FEMTO,Bearing1_1,42,Hotelling T²,hotelling_t2,aggregate,5,1.0,2011-01-01 07:33:10,2011-01-01 07:47:00,0.23,1.6833333333333333,,45.40229885057471,7.301204819277108,1.6833333333333333,0.0,False,187,3,2,True,False,terminal,pca1,load_pipeline (invariant)
FEMTO,Bearing1_1,42,Isolation Forest,isolation_forest,aggregate,5,1.0,2011-01-01 07:33:10,2011-01-01 07:47:00,0.23,1.5333333333333334,,27.011494252873565,6.650602409638554,1.5333333333333334,0.0,False,187,3,2,True,False,terminal,pca1,load_pipeline (invariant)
FEMTO,Bearing1_1,42,Deep SVDD,deep_svdd,aggregate,5,1.0,2011-01-01 07:33:10,2011-01-01 07:47:00,0.23,0.03333333333333333,0.19722222222222222,0.0,0.14457831325301204,0.03333333333333333,0.0,True,187,3,2,True,False,terminal,pca1,load_pipeline (invariant)
FEMTO,Bearing1_1,42,LSTM-Autoencoder,lstm_ae,aggregate,5,1.0,2011-01-01 07:33:10,2011-01-01 07:47:00,0.23,2.6166666666666667,,82.75862068965517,11.349397590361445,2.6166666666666667,0.0,False,187,3,2,True,False,terminal,pca1,load_pipeline (invariant)
FEMTO,Bearing1_1,42,TCN-Autoencoder,tcn,aggregate,5,1.0,2011-01-01 07:33:10,2011-01-01 07:47:00,0.23,3.1166666666666667,,100.0,13.518072289156626,0.0,100.0,False,187,3,2,True,False,terminal,pca1,load_pipeline (invariant)
FEMTO,Bearing1_1,42,Transformer-AD,transformer_ad,aggregate,5,1.0,2011-01-01 07:33:10,2011-01-01 07:47:00,0.23,3.1166666666666667,,100.0,13.518072289156626,0.0,100.0,False,187,3,2,True,False,terminal,pca1,load_pipeline (invariant)
FEMTO,Bearing1_1,42,RMS-Trend (kσ),rms_trend,aggregate,10,2.0,2011-01-01 07:33:10,2011-01-01 07:47:00,0.23,0.15,0.08055555555555556,0.0,0.6506024096385542,0.15,0.0,True,93,3,1,True,False,terminal,pca1,load_pipeline (invariant)
FEMTO,Bearing1_1,42,3σ Rule (σ=3.0),three_sigma,aggregate,10,2.0,2011-01-01 07:33:10,2011-01-01 07:47:00,0.23,0.18333333333333332,0.04722222222222222,0.0,0.7951807228915662,0.18333333333333332,0.0,True,93,3,1,True,False,terminal,pca1,load_pipeline (invariant)
FEMTO,Bearing1_1,42,"EWMA (λ=0.2, k=3.0)",ewma,aggregate,10,2.0,2011-01-01 07:33:10,2011-01-01 07:47:00,0.23,0.18333333333333332,0.04722222222222222,0.0,0.7951807228915662,0.18333333333333332,0.0,True,93,3,1,True,False,terminal,pca1,load_pipeline (invariant)
FEMTO,Bearing1_1,42,"CUSUM (k=0.5, h=5.0)",cusum,aggregate,10,2.0,2011-01-01 07:33:10,2011-01-01 07:47:00,0.23,0.5166666666666667,,10.344827586206897,2.2409638554216866,0.5166666666666667,0.0,False,93,3,1,True,False,terminal,pca1,load_pipeline (invariant)
FEMTO,Bearing1_1,42,Hotelling T²,hotelling_t2,aggregate,10,2.0,2011-01-01 07:33:10,2011-01-01 07:47:00,0.23,2.216666666666667,,63.2183908045977,9.614457831325302,2.216666666666667,0.0,False,93,3,1,True,False,terminal,pca1,load_pipeline (invariant)
FEMTO,Bearing1_1,42,Isolation Forest,isolation_forest,aggregate,10,2.0,2011-01-01 07:33:10,2011-01-01 07:47:00,0.23,0.18333333333333332,0.04722222222222222,0.0,0.7951807228915662,0.18333333333333332,0.0,True,93,3,1,True,False,terminal,pca1,load_pipeline (invariant)
FEMTO,Bearing1_1,42,Deep SVDD,deep_svdd,aggregate,10,2.0,2011-01-01 07:33:10,2011-01-01 07:47:00,0.23,0.05,0.18055555555555555,0.0,0.21686746987951808,0.05,0.0,True,93,3,1,True,False,terminal,pca1,load_pipeline (invariant)
FEMTO,Bearing1_1,42,LSTM-Autoencoder,lstm_ae,aggregate,10,2.0,2011-01-01 07:33:10,2011-01-01 07:47:00,0.23,3.1166666666666667,,100.0,13.518072289156626,0.0,100.0,False,93,3,1,True,False,terminal,pca1,load_pipeline (invariant)
FEMTO,Bearing1_1,42,TCN-Autoencoder,tcn,aggregate,10,2.0,2011-01-01 07:33:10,2011-01-01 07:47:00,0.23,3.1166666666666667,,100.0,13.518072289156626,0.0,100.0,False,93,3,1,True,False,terminal,pca1,load_pipeline (invariant)
FEMTO,Bearing1_1,42,Transformer-AD,transformer_ad,aggregate,10,2.0,2011-01-01 07:33:10,2011-01-01 07:47:00,0.23,3.1166666666666667,,100.0,13.518072289156626,0.0,100.0,False,93,3,1,True,False,terminal,pca1,load_pipeline (invariant)
FEMTO,Bearing1_1,42,RMS-Trend (kσ),rms_trend,aggregate,20,3.0,2011-01-01 07:33:10,2011-01-01 07:47:00,0.23,0.18333333333333332,0.04722222222222222,0.0,0.7951807228915662,0.18333333333333332,0.0,True,62,3,1,True,False,terminal,pca1,load_pipeline (invariant)
FEMTO,Bearing1_1,42,3σ Rule (σ=3.0),three_sigma,aggregate,20,3.0,2011-01-01 07:33:10,2011-01-01 07:47:00,0.23,0.18333333333333332,0.04722222222222222,0.0,0.7951807228915662,0.18333333333333332,0.0,True,62,3,1,True,False,terminal,pca1,load_pipeline (invariant)
FEMTO,Bearing1_1,42,"EWMA (λ=0.2, k=3.0)",ewma,aggregate,20,3.0,2011-01-01 07:33:10,2011-01-01 07:47:00,0.23,0.23333333333333334,,1.694915254237288,1.0120481927710843,0.23333333333333334,0.0,True,62,3,1,True,False,terminal,pca1,load_pipeline (invariant)
FEMTO,Bearing1_1,42,"CUSUM (k=0.5, h=5.0)",cusum,aggregate,20,3.0,2011-01-01 07:33:10,2011-01-01 07:47:00,0.23,0.3333333333333333,,5.084745762711865,1.4457831325301203,0.3333333333333333,0.0,True,62,3,1,True,False,terminal,pca1,load_pipeline (invariant)
FEMTO,Bearing1_1,42,Hotelling T²,hotelling_t2,aggregate,20,3.0,2011-01-01 07:33:10,2011-01-01 07:47:00,0.23,2.8833333333333333,,88.13559322033898,12.506024096385541,2.8833333333333333,0.0,False,62,3,1,True,False,terminal,pca1,load_pipeline (invariant)
FEMTO,Bearing1_1,42,Isolation Forest,isolation_forest,aggregate,20,3.0,2011-01-01 07:33:10,2011-01-01 07:47:00,0.23,0.23333333333333334,,1.694915254237288,1.0120481927710843,0.23333333333333334,0.0,True,62,3,1,True,False,terminal,pca1,load_pipeline (invariant)
FEMTO,Bearing1_1,42,Deep SVDD,deep_svdd,aggregate,20,3.0,2011-01-01 07:33:10,2011-01-01 07:47:00,0.23,0.08333333333333333,0.14722222222222223,0.0,0.36144578313253006,0.08333333333333333,0.0,True,62,3,1,True,False,terminal,pca1,load_pipeline (invariant)
FEMTO,Bearing1_1,42,LSTM-Autoencoder,lstm_ae,aggregate,20,3.0,2011-01-01 07:33:10,2011-01-01 07:47:00,0.23,3.1333333333333333,,100.0,13.590361445783131,0.0,100.0,False,62,3,1,True,False,terminal,pca1,load_pipeline (invariant)
FEMTO,Bearing1_1,42,TCN-Autoencoder,tcn,aggregate,20,3.0,2011-01-01 07:33:10,2011-01-01 07:47:00,0.23,3.1333333333333333,,100.0,13.590361445783131,0.0,100.0,False,62,3,1,True,False,terminal,pca1,load_pipeline (invariant)
FEMTO,Bearing1_1,42,Transformer-AD,transformer_ad,aggregate,20,3.0,2011-01-01 07:33:10,2011-01-01 07:47:00,0.23,3.1333333333333333,,100.0,13.590361445783131,0.0,100.0,False,62,3,1,True,False,terminal,pca1,load_pipeline (invariant)
FEMTO,Bearing1_1,42,RMS-Trend (kσ),rms_trend,decimate,1,0.17,2011-01-01 07:33:10,2011-01-01 07:47:00,0.23,0.06111111111111111,0.16944444444444445,0.0,0.2650602409638554,0.06111111111111111,0.0,True,224,10,3,False,False,terminal,pca1,load_pipeline (invariant)
FEMTO,Bearing1_1,42,3σ Rule (σ=3.0),three_sigma,decimate,1,0.17,2011-01-01 07:33:10,2011-01-01 07:47:00,0.23,0.15833333333333333,0.07222222222222222,0.0,0.6867469879518071,0.15833333333333333,0.0,True,224,10,3,False,False,terminal,pca1,load_pipeline (invariant)
FEMTO,Bearing1_1,42,"EWMA (λ=0.2, k=3.0)",ewma,decimate,1,0.17,2011-01-01 07:33:10,2011-01-01 07:47:00,0.23,0.15833333333333333,0.07222222222222222,0.0,0.6867469879518071,0.15833333333333333,0.0,True,224,10,3,False,False,terminal,pca1,load_pipeline (invariant)
FEMTO,Bearing1_1,42,"CUSUM (k=0.5, h=5.0)",cusum,decimate,1,0.17,2011-01-01 07:33:10,2011-01-01 07:47:00,0.23,0.4222222222222222,,6.730769230769231,1.8313253012048192,0.4222222222222222,0.0,True,224,10,3,False,False,terminal,pca1,load_pipeline (invariant)
FEMTO,Bearing1_1,42,Hotelling T²,hotelling_t2,decimate,1,0.17,2011-01-01 07:33:10,2011-01-01 07:47:00,0.23,0.575,,11.538461538461538,2.4939759036144573,0.575,0.0,False,224,10,3,False,False,terminal,pca1,load_pipeline (invariant)
FEMTO,Bearing1_1,42,Isolation Forest,isolation_forest,decimate,1,0.17,2011-01-01 07:33:10,2011-01-01 07:47:00,0.23,0.17222222222222222,0.058333333333333334,0.0,0.7469879518072289,0.17222222222222222,0.0,True,224,10,3,False,False,terminal,pca1,load_pipeline (invariant)
FEMTO,Bearing1_1,42,Deep SVDD,deep_svdd,decimate,1,0.17,2011-01-01 07:33:10,2011-01-01 07:47:00,0.23,0.0,,0.0,0.0,0.0,0.0,False,224,10,3,False,False,terminal,pca1,load_pipeline (invariant)
FEMTO,Bearing1_1,42,LSTM-Autoencoder,lstm_ae,decimate,1,0.17,2011-01-01 07:33:10,2011-01-01 07:47:00,0.23,3.1166666666666667,,100.0,13.518072289156626,0.0,100.0,False,224,10,3,False,False,terminal,pca1,load_pipeline (invariant)
FEMTO,Bearing1_1,42,TCN-Autoencoder,tcn,decimate,1,0.17,2011-01-01 07:33:10,2011-01-01 07:47:00,0.23,3.1166666666666667,,100.0,13.518072289156626,0.0,100.0,False,224,10,3,False,False,terminal,pca1,load_pipeline (invariant)
FEMTO,Bearing1_1,42,Transformer-AD,transformer_ad,decimate,1,0.17,2011-01-01 07:33:10,2011-01-01 07:47:00,0.23,3.1166666666666667,,100.0,13.518072289156626,0.0,100.0,False,224,10,3,False,False,terminal,pca1,load_pipeline (invariant)
FEMTO,Bearing1_1,42,RMS-Trend (kσ),rms_trend,decimate,2,0.33,2011-01-01 07:33:10,2011-01-01 07:47:00,0.23,0.10555555555555556,0.125,0.0,0.4578313253012048,0.10555555555555556,0.0,True,280,5,4,False,False,terminal,pca1,load_pipeline (invariant)
FEMTO,Bearing1_1,42,3σ Rule (σ=3.0),three_sigma,decimate,2,0.33,2011-01-01 07:33:10,2011-01-01 07:47:00,0.23,0.5833333333333334,,2.307692307692308,2.5301204819277108,0.5833333333333334,0.0,True,280,5,4,False,False,terminal,pca1,load_pipeline (invariant)
FEMTO,Bearing1_1,42,"EWMA (λ=0.2, k=3.0)",ewma,decimate,2,0.33,2011-01-01 07:33:10,2011-01-01 07:47:00,0.23,0.16111111111111112,0.06944444444444445,0.0,0.6987951807228916,0.16111111111111112,0.0,True,280,5,4,False,False,terminal,pca1,load_pipeline (invariant)
FEMTO,Bearing1_1,42,"CUSUM (k=0.5, h=5.0)",cusum,decimate,2,0.33,2011-01-01 07:33:10,2011-01-01 07:47:00,0.23,0.6166666666666667,,13.461538461538462,2.674698795180723,0.6166666666666667,0.0,False,280,5,4,False,False,terminal,pca1,load_pipeline (invariant)
FEMTO,Bearing1_1,42,Hotelling T²,hotelling_t2,decimate,2,0.33,2011-01-01 07:33:10,2011-01-01 07:47:00,0.23,2.1055555555555556,,52.69230769230769,9.132530120481928,2.1055555555555556,0.0,False,280,5,4,False,False,terminal,pca1,load_pipeline (invariant)
FEMTO,Bearing1_1,42,Isolation Forest,isolation_forest,decimate,2,0.33,2011-01-01 07:33:10,2011-01-01 07:47:00,0.23,1.8388888888888888,,37.30769230769231,7.97590361445783,1.8388888888888888,0.0,False,280,5,4,False,False,terminal,pca1,load_pipeline (invariant)
FEMTO,Bearing1_1,42,Deep SVDD,deep_svdd,decimate,2,0.33,2011-01-01 07:33:10,2011-01-01 07:47:00,0.23,0.05,0.18055555555555555,0.0,0.21686746987951808,0.05,0.0,True,280,5,4,False,False,terminal,pca1,load_pipeline (invariant)
FEMTO,Bearing1_1,42,LSTM-Autoencoder,lstm_ae,decimate,2,0.33,2011-01-01 07:33:10,2011-01-01 07:47:00,0.23,3.1166666666666667,,100.0,13.518072289156626,0.0,100.0,False,280,5,4,False,False,terminal,pca1,load_pipeline (invariant)
FEMTO,Bearing1_1,42,TCN-Autoencoder,tcn,decimate,2,0.33,2011-01-01 07:33:10,2011-01-01 07:47:00,0.23,3.1166666666666667,,100.0,13.518072289156626,0.0,100.0,False,280,5,4,False,False,terminal,pca1,load_pipeline (invariant)
FEMTO,Bearing1_1,42,Transformer-AD,transformer_ad,decimate,2,0.33,2011-01-01 07:33:10,2011-01-01 07:47:00,0.23,3.1166666666666667,,100.0,13.518072289156626,0.0,100.0,False,280,5,4,False,False,terminal,pca1,load_pipeline (invariant)
FEMTO,Bearing1_1,42,RMS-Trend (kσ),rms_trend,decimate,5,0.83,2011-01-01 07:33:10,2011-01-01 07:47:00,0.23,2.5194444444444444,,51.92307692307693,10.927710843373493,2.5194444444444444,0.0,False,224,3,2,True,False,terminal,pca1,load_pipeline (invariant)
FEMTO,Bearing1_1,42,3σ Rule (σ=3.0),three_sigma,decimate,5,0.83,2011-01-01 07:33:10,2011-01-01 07:47:00,0.23,2.5194444444444444,,47.59615384615385,10.927710843373493,2.5194444444444444,0.0,False,224,3,2,True,False,terminal,pca1,load_pipeline (invariant)
FEMTO,Bearing1_1,42,"EWMA (λ=0.2, k=3.0)",ewma,decimate,5,0.83,2011-01-01 07:33:10,2011-01-01 07:47:00,0.23,0.15833333333333333,0.07222222222222222,0.0,0.6867469879518071,0.15833333333333333,0.0,True,224,3,2,True,False,terminal,pca1,load_pipeline (invariant)
FEMTO,Bearing1_1,42,"CUSUM (k=0.5, h=5.0)",cusum,decimate,5,0.83,2011-01-01 07:33:10,2011-01-01 07:47:00,0.23,0.15833333333333333,0.07222222222222222,0.0,0.6867469879518071,0.15833333333333333,0.0,True,224,3,2,True,False,terminal,pca1,load_pipeline (invariant)
FEMTO,Bearing1_1,42,Hotelling T²,hotelling_t2,decimate,5,0.83,2011-01-01 07:33:10,2011-01-01 07:47:00,0.23,2.811111111111111,,80.28846153846155,12.192771084337348,2.811111111111111,0.0,False,224,3,2,True,False,terminal,pca1,load_pipeline (invariant)
FEMTO,Bearing1_1,42,Isolation Forest,isolation_forest,decimate,5,0.83,2011-01-01 07:33:10,2011-01-01 07:47:00,0.23,2.8666666666666667,,83.65384615384616,12.433734939759036,2.8666666666666667,0.0,False,224,3,2,True,False,terminal,pca1,load_pipeline (invariant)
FEMTO,Bearing1_1,42,Deep SVDD,deep_svdd,decimate,5,0.83,2011-01-01 07:33:10,2011-01-01 07:47:00,0.23,0.06111111111111111,0.16944444444444445,0.0,0.2650602409638554,0.06111111111111111,0.0,True,224,3,2,True,False,terminal,pca1,load_pipeline (invariant)
FEMTO,Bearing1_1,42,LSTM-Autoencoder,lstm_ae,decimate,5,0.83,2011-01-01 07:33:10,2011-01-01 07:47:00,0.23,3.1166666666666667,,100.0,13.518072289156626,0.0,100.0,False,224,3,2,True,False,terminal,pca1,load_pipeline (invariant)
FEMTO,Bearing1_1,42,TCN-Autoencoder,tcn,decimate,5,0.83,2011-01-01 07:33:10,2011-01-01 07:47:00,0.23,3.1166666666666667,,100.0,13.518072289156626,0.0,100.0,False,224,3,2,True,False,terminal,pca1,load_pipeline (invariant)
FEMTO,Bearing1_1,42,Transformer-AD,transformer_ad,decimate,5,0.83,2011-01-01 07:33:10,2011-01-01 07:47:00,0.23,3.1166666666666667,,100.0,13.518072289156626,0.0,100.0,False,224,3,2,True,False,terminal,pca1,load_pipeline (invariant)
FEMTO,Bearing1_1,42,RMS-Trend (kσ),rms_trend,decimate,10,1.67,2011-01-01 07:33:10,2011-01-01 07:47:00,0.23,0.8111111111111111,,10.576923076923077,3.5180722891566263,0.8111111111111111,0.0,False,112,3,1,True,False,terminal,pca1,load_pipeline (invariant)
FEMTO,Bearing1_1,42,3σ Rule (σ=3.0),three_sigma,decimate,10,1.67,2011-01-01 07:33:10,2011-01-01 07:47:00,0.23,1.3111111111111111,,31.73076923076923,5.686746987951807,1.3111111111111111,0.0,False,112,3,1,True,False,terminal,pca1,load_pipeline (invariant)
FEMTO,Bearing1_1,42,"EWMA (λ=0.2, k=3.0)",ewma,decimate,10,1.67,2011-01-01 07:33:10,2011-01-01 07:47:00,0.23,0.17222222222222222,0.058333333333333334,0.0,0.7469879518072289,0.17222222222222222,0.0,True,112,3,1,True,False,terminal,pca1,load_pipeline (invariant)
FEMTO,Bearing1_1,42,"CUSUM (k=0.5, h=5.0)",cusum,decimate,10,1.67,2011-01-01 07:33:10,2011-01-01 07:47:00,0.23,0.25555555555555554,,0.9615384615384616,1.1084337349397588,0.25555555555555554,0.0,True,112,3,1,True,False,terminal,pca1,load_pipeline (invariant)
FEMTO,Bearing1_1,42,Hotelling T²,hotelling_t2,decimate,10,1.67,2011-01-01 07:33:10,2011-01-01 07:47:00,0.23,3.1166666666666667,,90.38461538461539,13.518072289156626,0.0,33.33333333333333,False,112,3,1,True,False,terminal,pca1,load_pipeline (invariant)
FEMTO,Bearing1_1,42,Isolation Forest,isolation_forest,decimate,10,1.67,2011-01-01 07:33:10,2011-01-01 07:47:00,0.23,2.533333333333333,,63.46153846153846,10.987951807228914,2.533333333333333,0.0,False,112,3,1,True,False,terminal,pca1,load_pipeline (invariant)
FEMTO,Bearing1_1,42,Deep SVDD,deep_svdd,decimate,10,1.67,2011-01-01 07:33:10,2011-01-01 07:47:00,0.23,0.03333333333333333,0.19722222222222222,0.0,0.14457831325301204,0.03333333333333333,0.0,True,112,3,1,True,False,terminal,pca1,load_pipeline (invariant)
FEMTO,Bearing1_1,42,LSTM-Autoencoder,lstm_ae,decimate,10,1.67,2011-01-01 07:33:10,2011-01-01 07:47:00,0.23,3.1166666666666667,,100.0,13.518072289156626,0.0,100.0,False,112,3,1,True,False,terminal,pca1,load_pipeline (invariant)
FEMTO,Bearing1_1,42,TCN-Autoencoder,tcn,decimate,10,1.67,2011-01-01 07:33:10,2011-01-01 07:47:00,0.23,3.1166666666666667,,100.0,13.518072289156626,0.0,100.0,False,112,3,1,True,False,terminal,pca1,load_pipeline (invariant)
FEMTO,Bearing1_1,42,Transformer-AD,transformer_ad,decimate,10,1.67,2011-01-01 07:33:10,2011-01-01 07:47:00,0.23,3.1166666666666667,,100.0,13.518072289156626,0.0,100.0,False,112,3,1,True,False,terminal,pca1,load_pipeline (invariant)
FEMTO,Bearing1_1,42,RMS-Trend (kσ),rms_trend,decimate,20,3.33,2011-01-01 07:33:10,2011-01-01 07:47:00,0.23,0.11666666666666667,0.11388888888888889,0.0,0.5060240963855421,0.11666666666666667,0.0,True,56,3,1,True,False,terminal,pca1,load_pipeline (invariant)
FEMTO,Bearing1_1,42,3σ Rule (σ=3.0),three_sigma,decimate,20,3.33,2011-01-01 07:33:10,2011-01-01 07:47:00,0.23,0.11666666666666667,0.11388888888888889,0.0,0.5060240963855421,0.11666666666666667,0.0,True,56,3,1,True,False,terminal,pca1,load_pipeline (invariant)
FEMTO,Bearing1_1,42,"EWMA (λ=0.2, k=3.0)",ewma,decimate,20,3.33,2011-01-01 07:33:10,2011-01-01 07:47:00,0.23,0.11666666666666667,0.11388888888888889,0.0,0.5060240963855421,0.11666666666666667,0.0,True,56,3,1,True,False,terminal,pca1,load_pipeline (invariant)
FEMTO,Bearing1_1,42,"CUSUM (k=0.5, h=5.0)",cusum,decimate,20,3.33,2011-01-01 07:33:10,2011-01-01 07:47:00,0.23,0.06111111111111111,0.16944444444444445,0.0,0.2650602409638554,0.06111111111111111,0.0,True,56,3,1,True,False,terminal,pca1,load_pipeline (invariant)
FEMTO,Bearing1_1,42,Hotelling T²,hotelling_t2,decimate,20,3.33,2011-01-01 07:33:10,2011-01-01 07:47:00,0.23,3.1166666666666667,,92.3076923076923,13.518072289156626,0.0,33.33333333333333,False,56,3,1,True,False,terminal,pca1,load_pipeline (invariant)
FEMTO,Bearing1_1,42,Isolation Forest,isolation_forest,decimate,20,3.33,2011-01-01 07:33:10,2011-01-01 07:47:00,0.23,0.0,,0.0,0.0,0.0,0.0,False,56,3,1,True,False,terminal,pca1,load_pipeline (invariant)
FEMTO,Bearing1_1,42,Deep SVDD,deep_svdd,decimate,20,3.33,2011-01-01 07:33:10,2011-01-01 07:47:00,0.23,0.06111111111111111,0.16944444444444445,0.0,0.2650602409638554,0.06111111111111111,0.0,True,56,3,1,True,False,terminal,pca1,load_pipeline (invariant)
FEMTO,Bearing1_1,42,LSTM-Autoencoder,lstm_ae,decimate,20,3.33,2011-01-01 07:33:10,2011-01-01 07:47:00,0.23,3.1166666666666667,,100.0,13.518072289156626,0.0,100.0,False,56,3,1,True,False,terminal,pca1,load_pipeline (invariant)
FEMTO,Bearing1_1,42,TCN-Autoencoder,tcn,decimate,20,3.33,2011-01-01 07:33:10,2011-01-01 07:47:00,0.23,3.1166666666666667,,100.0,13.518072289156626,0.0,100.0,False,56,3,1,True,False,terminal,pca1,load_pipeline (invariant)
FEMTO,Bearing1_1,42,Transformer-AD,transformer_ad,decimate,20,3.33,2011-01-01 07:33:10,2011-01-01 07:47:00,0.23,3.1166666666666667,,100.0,13.518072289156626,0.0,100.0,False,56,3,1,True,False,terminal,pca1,load_pipeline (invariant)
FEMTO,Bearing1_2,42,RMS-Trend (kσ),rms_trend,aggregate,1,0.17,,2011-01-01 02:25:00,,0.0,,0.0,,0.0,0.0,False,70,10,3,False,False,terminal,pca1,load_pipeline (invariant)
FEMTO,Bearing1_2,42,3σ Rule (σ=3.0),three_sigma,aggregate,1,0.17,,2011-01-01 02:25:00,,0.125,,0.0,,0.125,0.0,True,70,10,3,False,False,terminal,pca1,load_pipeline (invariant)
FEMTO,Bearing1_2,42,"EWMA (λ=0.2, k=3.0)",ewma,aggregate,1,0.17,,2011-01-01 02:25:00,,0.125,,0.0,,0.125,0.0,True,70,10,3,False,False,terminal,pca1,load_pipeline (invariant)
FEMTO,Bearing1_2,42,"CUSUM (k=0.5, h=5.0)",cusum,aggregate,1,0.17,,2011-01-01 02:25:00,,0.125,,0.0,,0.125,0.0,True,70,10,3,False,False,terminal,pca1,load_pipeline (invariant)
FEMTO,Bearing1_2,42,Hotelling T²,hotelling_t2,aggregate,1,0.17,,2011-01-01 02:25:00,,0.125,,0.0,,0.125,0.0,True,70,10,3,False,False,terminal,pca1,load_pipeline (invariant)
FEMTO,Bearing1_2,42,Isolation Forest,isolation_forest,aggregate,1,0.17,,2011-01-01 02:25:00,,0.125,,0.0,,0.125,0.0,True,70,10,3,False,False,terminal,pca1,load_pipeline (invariant)
FEMTO,Bearing1_2,42,Deep SVDD,deep_svdd,aggregate,1,0.17,,2011-01-01 02:25:00,,0.0,,0.0,,0.0,0.0,False,70,10,3,False,False,terminal,pca1,load_pipeline (invariant)
FEMTO,Bearing1_2,42,LSTM-Autoencoder,lstm_ae,aggregate,1,0.17,,2011-01-01 02:25:00,,0.1388888888888889,,0.0,,0.1388888888888889,0.0,True,70,10,3,False,False,terminal,pca1,load_pipeline (invariant)
FEMTO,Bearing1_2,42,TCN-Autoencoder,tcn,aggregate,1,0.17,,2011-01-01 02:25:00,,0.5694444444444444,,0.0,,0.5694444444444444,0.0,True,70,10,3,False,False,terminal,pca1,load_pipeline (invariant)
FEMTO,Bearing1_2,42,Transformer-AD,transformer_ad,aggregate,1,0.17,,2011-01-01 02:25:00,,0.18055555555555555,,0.0,,0.18055555555555555,0.0,True,70,10,3,False,False,terminal,pca1,load_pipeline (invariant)
FEMTO,Bearing1_2,42,RMS-Trend (kσ),rms_trend,aggregate,2,1.0,,2011-01-01 02:25:00,,0.0,,0.0,,0.0,0.0,False,29,5,4,False,False,terminal,pca1,load_pipeline (invariant)
FEMTO,Bearing1_2,42,3σ Rule (σ=3.0),three_sigma,aggregate,2,1.0,,2011-01-01 02:25:00,,0.15,,0.0,,0.15,0.0,True,29,5,4,False,False,terminal,pca1,load_pipeline (invariant)
FEMTO,Bearing1_2,42,"EWMA (λ=0.2, k=3.0)",ewma,aggregate,2,1.0,,2011-01-01 02:25:00,,0.15,,0.0,,0.15,0.0,True,29,5,4,False,False,terminal,pca1,load_pipeline (invariant)
FEMTO,Bearing1_2,42,"CUSUM (k=0.5, h=5.0)",cusum,aggregate,2,1.0,,2011-01-01 02:25:00,,0.15,,0.0,,0.15,0.0,True,29,5,4,False,False,terminal,pca1,load_pipeline (invariant)
FEMTO,Bearing1_2,42,Hotelling T²,hotelling_t2,aggregate,2,1.0,,2011-01-01 02:25:00,,0.9833333333333333,,100.0,,0.0,100.0,False,29,5,4,False,False,terminal,pca1,load_pipeline (invariant)
FEMTO,Bearing1_2,42,Isolation Forest,isolation_forest,aggregate,2,1.0,,2011-01-01 02:25:00,,0.15,,0.0,,0.15,0.0,True,29,5,4,False,False,terminal,pca1,load_pipeline (invariant)
FEMTO,Bearing1_2,42,Deep SVDD,deep_svdd,aggregate,2,1.0,,2011-01-01 02:25:00,,0.0,,0.0,,0.0,0.0,False,29,5,4,False,False,terminal,pca1,load_pipeline (invariant)
FEMTO,Bearing1_2,42,LSTM-Autoencoder,lstm_ae,aggregate,2,1.0,,2011-01-01 02:25:00,,,,,,,,False,29,5,4,False,False,terminal,pca1,load_pipeline (invariant)
FEMTO,Bearing1_2,42,TCN-Autoencoder,tcn,aggregate,2,1.0,,2011-01-01 02:25:00,,,,,,,,False,29,5,4,False,False,terminal,pca1,load_pipeline (invariant)
FEMTO,Bearing1_2,42,Transformer-AD,transformer_ad,aggregate,2,1.0,,2011-01-01 02:25:00,,,,,,,,False,29,5,4,False,False,terminal,pca1,load_pipeline (invariant)
FEMTO,Bearing1_2,42,RMS-Trend (kσ),rms_trend,aggregate,5,1.0,,2011-01-01 02:25:00,,0.0,,0.0,,0.0,0.0,False,58,3,2,True,False,terminal,pca1,load_pipeline (invariant)
FEMTO,Bearing1_2,42,3σ Rule (σ=3.0),three_sigma,aggregate,5,1.0,,2011-01-01 02:25:00,,0.13333333333333333,,0.0,,0.13333333333333333,0.0,True,58,3,2,True,False,terminal,pca1,load_pipeline (invariant)
FEMTO,Bearing1_2,42,"EWMA (λ=0.2, k=3.0)",ewma,aggregate,5,1.0,,2011-01-01 02:25:00,,0.9,,0.0,,0.9,0.0,True,58,3,2,True,False,terminal,pca1,load_pipeline (invariant)
FEMTO,Bearing1_2,42,"CUSUM (k=0.5, h=5.0)",cusum,aggregate,5,1.0,,2011-01-01 02:25:00,,0.13333333333333333,,0.0,,0.13333333333333333,0.0,True,58,3,2,True,False,terminal,pca1,load_pipeline (invariant)
FEMTO,Bearing1_2,42,Hotelling T²,hotelling_t2,aggregate,5,1.0,,2011-01-01 02:25:00,,0.9166666666666666,,0.0,,0.9166666666666666,0.0,True,58,3,2,True,False,terminal,pca1,load_pipeline (invariant)
FEMTO,Bearing1_2,42,Isolation Forest,isolation_forest,aggregate,5,1.0,,2011-01-01 02:25:00,,0.06666666666666667,,0.0,,0.06666666666666667,0.0,True,58,3,2,True,False,terminal,pca1,load_pipeline (invariant)
FEMTO,Bearing1_2,42,Deep SVDD,deep_svdd,aggregate,5,1.0,,2011-01-01 02:25:00,,0.0,,0.0,,0.0,0.0,False,58,3,2,True,False,terminal,pca1,load_pipeline (invariant)
FEMTO,Bearing1_2,42,LSTM-Autoencoder,lstm_ae,aggregate,5,1.0,,2011-01-01 02:25:00,,0.48333333333333334,,0.0,,0.48333333333333334,0.0,True,58,3,2,True,False,terminal,pca1,load_pipeline (invariant)
FEMTO,Bearing1_2,42,TCN-Autoencoder,tcn,aggregate,5,1.0,,2011-01-01 02:25:00,,0.48333333333333334,,0.0,,0.48333333333333334,0.0,True,58,3,2,True,False,terminal,pca1,load_pipeline (invariant)
FEMTO,Bearing1_2,42,Transformer-AD,transformer_ad,aggregate,5,1.0,,2011-01-01 02:25:00,,0.48333333333333334,,0.0,,0.48333333333333334,0.0,True,58,3,2,True,False,terminal,pca1,load_pipeline (invariant)
FEMTO,Bearing1_2,42,RMS-Trend (kσ),rms_trend,aggregate,10,2.0,,2011-01-01 02:25:00,,0.05,,0.0,,0.05,0.0,True,29,3,1,True,False,terminal,pca1,load_pipeline (invariant)
FEMTO,Bearing1_2,42,3σ Rule (σ=3.0),three_sigma,aggregate,10,2.0,,2011-01-01 02:25:00,,0.2833333333333333,,0.0,,0.2833333333333333,0.0,True,29,3,1,True,False,terminal,pca1,load_pipeline (invariant)
FEMTO,Bearing1_2,42,"EWMA (λ=0.2, k=3.0)",ewma,aggregate,10,2.0,,2011-01-01 02:25:00,,0.2833333333333333,,0.0,,0.2833333333333333,0.0,True,29,3,1,True,False,terminal,pca1,load_pipeline (invariant)
FEMTO,Bearing1_2,42,"CUSUM (k=0.5, h=5.0)",cusum,aggregate,10,2.0,,2011-01-01 02:25:00,,0.2833333333333333,,0.0,,0.2833333333333333,0.0,True,29,3,1,True,False,terminal,pca1,load_pipeline (invariant)
FEMTO,Bearing1_2,42,Hotelling T²,hotelling_t2,aggregate,10,2.0,,2011-01-01 02:25:00,,0.9833333333333333,,100.0,,0.0,100.0,False,29,3,1,True,False,terminal,pca1,load_pipeline (invariant)
FEMTO,Bearing1_2,42,Isolation Forest,isolation_forest,aggregate,10,2.0,,2011-01-01 02:25:00,,0.08333333333333333,,0.0,,0.08333333333333333,0.0,True,29,3,1,True,False,terminal,pca1,load_pipeline (invariant)
FEMTO,Bearing1_2,42,Deep SVDD,deep_svdd,aggregate,10,2.0,,2011-01-01 02:25:00,,0.05,,0.0,,0.05,0.0,True,29,3,1,True,False,terminal,pca1,load_pipeline (invariant)
FEMTO,Bearing1_2,42,LSTM-Autoencoder,lstm_ae,aggregate,10,2.0,,2011-01-01 02:25:00,,,,,,,,False,29,3,1,True,False,terminal,pca1,load_pipeline (invariant)
FEMTO,Bearing1_2,42,TCN-Autoencoder,tcn,aggregate,10,2.0,,2011-01-01 02:25:00,,,,,,,,False,29,3,1,True,False,terminal,pca1,load_pipeline (invariant)
FEMTO,Bearing1_2,42,Transformer-AD,transformer_ad,aggregate,10,2.0,,2011-01-01 02:25:00,,,,,,,,False,29,3,1,True,False,terminal,pca1,load_pipeline (invariant)
FEMTO,Bearing1_2,42,RMS-Trend (kσ),rms_trend,aggregate,20,3.0,,2011-01-01 02:25:00,,0.06666666666666667,,0.0,,0.06666666666666667,0.0,True,19,3,1,True,False,terminal,pca1,load_pipeline (invariant)
FEMTO,Bearing1_2,42,3σ Rule (σ=3.0),three_sigma,aggregate,20,3.0,,2011-01-01 02:25:00,,0.31666666666666665,,0.0,,0.31666666666666665,0.0,True,19,3,1,True,False,terminal,pca1,load_pipeline (invariant)
FEMTO,Bearing1_2,42,"EWMA (λ=0.2, k=3.0)",ewma,aggregate,20,3.0,,2011-01-01 02:25:00,,0.8666666666666667,,0.0,,0.8666666666666667,0.0,True,19,3,1,True,False,terminal,pca1,load_pipeline (invariant)
FEMTO,Bearing1_2,42,"CUSUM (k=0.5, h=5.0)",cusum,aggregate,20,3.0,,2011-01-01 02:25:00,,0.8166666666666667,,0.0,,0.8166666666666667,0.0,True,19,3,1,True,False,terminal,pca1,load_pipeline (invariant)
FEMTO,Bearing1_2,42,Hotelling T²,hotelling_t2,aggregate,20,3.0,,2011-01-01 02:25:00,,0.9666666666666667,,100.0,,0.0,100.0,False,19,3,1,True,False,terminal,pca1,load_pipeline (invariant)
FEMTO,Bearing1_2,42,Isolation Forest,isolation_forest,aggregate,20,3.0,,2011-01-01 02:25:00,,0.06666666666666667,,0.0,,0.06666666666666667,0.0,True,19,3,1,True,False,terminal,pca1,load_pipeline (invariant)
FEMTO,Bearing1_2,42,Deep SVDD,deep_svdd,aggregate,20,3.0,,2011-01-01 02:25:00,,0.06666666666666667,,0.0,,0.06666666666666667,0.0,True,19,3,1,True,False,terminal,pca1,load_pipeline (invariant)
FEMTO,Bearing1_2,42,LSTM-Autoencoder,lstm_ae,aggregate,20,3.0,,2011-01-01 02:25:00,,,,,,,,False,19,3,1,True,False,terminal,pca1,load_pipeline (invariant)
FEMTO,Bearing1_2,42,TCN-Autoencoder,tcn,aggregate,20,3.0,,2011-01-01 02:25:00,,,,,,,,False,19,3,1,True,False,terminal,pca1,load_pipeline (invariant)
FEMTO,Bearing1_2,42,Transformer-AD,transformer_ad,aggregate,20,3.0,,2011-01-01 02:25:00,,,,,,,,False,19,3,1,True,False,terminal,pca1,load_pipeline (invariant)
FEMTO,Bearing1_2,42,RMS-Trend (kσ),rms_trend,decimate,1,0.17,,2011-01-01 02:25:00,,0.0,,0.0,,0.0,0.0,False,70,10,3,False,False,terminal,pca1,load_pipeline (invariant)
FEMTO,Bearing1_2,42,3σ Rule (σ=3.0),three_sigma,decimate,1,0.17,,2011-01-01 02:25:00,,0.125,,0.0,,0.125,0.0,True,70,10,3,False,False,terminal,pca1,load_pipeline (invariant)
FEMTO,Bearing1_2,42,"EWMA (λ=0.2, k=3.0)",ewma,decimate,1,0.17,,2011-01-01 02:25:00,,0.125,,0.0,,0.125,0.0,True,70,10,3,False,False,terminal,pca1,load_pipeline (invariant)
FEMTO,Bearing1_2,42,"CUSUM (k=0.5, h=5.0)",cusum,decimate,1,0.17,,2011-01-01 02:25:00,,0.125,,0.0,,0.125,0.0,True,70,10,3,False,False,terminal,pca1,load_pipeline (invariant)
FEMTO,Bearing1_2,42,Hotelling T²,hotelling_t2,decimate,1,0.17,,2011-01-01 02:25:00,,0.125,,0.0,,0.125,0.0,True,70,10,3,False,False,terminal,pca1,load_pipeline (invariant)
FEMTO,Bearing1_2,42,Isolation Forest,isolation_forest,decimate,1,0.17,,2011-01-01 02:25:00,,0.125,,0.0,,0.125,0.0,True,70,10,3,False,False,terminal,pca1,load_pipeline (invariant)
FEMTO,Bearing1_2,42,Deep SVDD,deep_svdd,decimate,1,0.17,,2011-01-01 02:25:00,,0.0,,0.0,,0.0,0.0,False,70,10,3,False,False,terminal,pca1,load_pipeline (invariant)
FEMTO,Bearing1_2,42,LSTM-Autoencoder,lstm_ae,decimate,1,0.17,,2011-01-01 02:25:00,,0.1388888888888889,,0.0,,0.1388888888888889,0.0,True,70,10,3,False,False,terminal,pca1,load_pipeline (invariant)
FEMTO,Bearing1_2,42,TCN-Autoencoder,tcn,decimate,1,0.17,,2011-01-01 02:25:00,,0.5694444444444444,,0.0,,0.5694444444444444,0.0,True,70,10,3,False,False,terminal,pca1,load_pipeline (invariant)
FEMTO,Bearing1_2,42,Transformer-AD,transformer_ad,decimate,1,0.17,,2011-01-01 02:25:00,,0.18055555555555555,,0.0,,0.18055555555555555,0.0,True,70,10,3,False,False,terminal,pca1,load_pipeline (invariant)
FEMTO,Bearing1_2,42,RMS-Trend (kσ),rms_trend,decimate,2,0.33,,2011-01-01 02:25:00,,0.0,,0.0,,0.0,0.0,False,87,5,4,False,False,terminal,pca1,load_pipeline (invariant)
FEMTO,Bearing1_2,42,3σ Rule (σ=3.0),three_sigma,decimate,2,0.33,,2011-01-01 02:25:00,,0.12777777777777777,,0.0,,0.12777777777777777,0.0,True,87,5,4,False,False,terminal,pca1,load_pipeline (invariant)
FEMTO,Bearing1_2,42,"EWMA (λ=0.2, k=3.0)",ewma,decimate,2,0.33,,2011-01-01 02:25:00,,0.9055555555555556,,0.0,,0.9055555555555556,0.0,True,87,5,4,False,False,terminal,pca1,load_pipeline (invariant)
FEMTO,Bearing1_2,42,"CUSUM (k=0.5, h=5.0)",cusum,decimate,2,0.33,,2011-01-01 02:25:00,,0.8944444444444445,,0.0,,0.8944444444444445,0.0,True,87,5,4,False,False,terminal,pca1,load_pipeline (invariant)
FEMTO,Bearing1_2,42,Hotelling T²,hotelling_t2,decimate,2,0.33,,2011-01-01 02:25:00,,0.12777777777777777,,0.0,,0.12777777777777777,0.0,True,87,5,4,False,False,terminal,pca1,load_pipeline (invariant)
FEMTO,Bearing1_2,42,Isolation Forest,isolation_forest,decimate,2,0.33,,2011-01-01 02:25:00,,0.0,,0.0,,0.0,0.0,False,87,5,4,False,False,terminal,pca1,load_pipeline (invariant)
FEMTO,Bearing1_2,42,Deep SVDD,deep_svdd,decimate,2,0.33,,2011-01-01 02:25:00,,0.0,,0.0,,0.0,0.0,False,87,5,4,False,False,terminal,pca1,load_pipeline (invariant)
FEMTO,Bearing1_2,42,LSTM-Autoencoder,lstm_ae,decimate,2,0.33,,2011-01-01 02:25:00,,0.65,,0.0,,0.65,0.0,True,87,5,4,False,False,terminal,pca1,load_pipeline (invariant)
FEMTO,Bearing1_2,42,TCN-Autoencoder,tcn,decimate,2,0.33,,2011-01-01 02:25:00,,0.65,,0.0,,0.65,0.0,True,87,5,4,False,False,terminal,pca1,load_pipeline (invariant)
FEMTO,Bearing1_2,42,Transformer-AD,transformer_ad,decimate,2,0.33,,2011-01-01 02:25:00,,0.65,,0.0,,0.65,0.0,True,87,5,4,False,False,terminal,pca1,load_pipeline (invariant)
FEMTO,Bearing1_2,42,RMS-Trend (kσ),rms_trend,decimate,5,0.83,,2011-01-01 02:25:00,,0.0,,0.0,,0.0,0.0,False,70,3,2,True,False,terminal,pca1,load_pipeline (invariant)
FEMTO,Bearing1_2,42,3σ Rule (σ=3.0),three_sigma,decimate,5,0.83,,2011-01-01 02:25:00,,0.05555555555555555,,0.0,,0.05555555555555555,0.0,True,70,3,2,True,False,terminal,pca1,load_pipeline (invariant)
FEMTO,Bearing1_2,42,"EWMA (λ=0.2, k=3.0)",ewma,decimate,5,0.83,,2011-01-01 02:25:00,,0.041666666666666664,,0.0,,0.041666666666666664,0.0,True,70,3,2,True,False,terminal,pca1,load_pipeline (invariant)
FEMTO,Bearing1_2,42,"CUSUM (k=0.5, h=5.0)",cusum,decimate,5,0.83,,2011-01-01 02:25:00,,0.027777777777777776,,0.0,,0.027777777777777776,0.0,True,70,3,2,True,False,terminal,pca1,load_pipeline (invariant)
FEMTO,Bearing1_2,42,Hotelling T²,hotelling_t2,decimate,5,0.83,,2011-01-01 02:25:00,,0.125,,0.0,,0.125,0.0,True,70,3,2,True,False,terminal,pca1,load_pipeline (invariant)
FEMTO,Bearing1_2,42,Isolation Forest,isolation_forest,decimate,5,0.83,,2011-01-01 02:25:00,,0.0,,0.0,,0.0,0.0,False,70,3,2,True,False,terminal,pca1,load_pipeline (invariant)
FEMTO,Bearing1_2,42,Deep SVDD,deep_svdd,decimate,5,0.83,,2011-01-01 02:25:00,,0.0,,0.0,,0.0,0.0,False,70,3,2,True,False,terminal,pca1,load_pipeline (invariant)
FEMTO,Bearing1_2,42,LSTM-Autoencoder,lstm_ae,decimate,5,0.83,,2011-01-01 02:25:00,,0.5694444444444444,,0.0,,0.5694444444444444,0.0,True,70,3,2,True,False,terminal,pca1,load_pipeline (invariant)
FEMTO,Bearing1_2,42,TCN-Autoencoder,tcn,decimate,5,0.83,,2011-01-01 02:25:00,,0.5694444444444444,,0.0,,0.5694444444444444,0.0,True,70,3,2,True,False,terminal,pca1,load_pipeline (invariant)
FEMTO,Bearing1_2,42,Transformer-AD,transformer_ad,decimate,5,0.83,,2011-01-01 02:25:00,,0.5694444444444444,,0.0,,0.5694444444444444,0.0,True,70,3,2,True,False,terminal,pca1,load_pipeline (invariant)
FEMTO,Bearing1_2,42,RMS-Trend (kσ),rms_trend,decimate,10,1.67,,2011-01-01 02:25:00,,0.027777777777777776,,0.0,,0.027777777777777776,0.0,True,35,3,1,True,False,terminal,pca1,load_pipeline (invariant)
FEMTO,Bearing1_2,42,3σ Rule (σ=3.0),three_sigma,decimate,10,1.67,,2011-01-01 02:25:00,,0.9444444444444444,,50.0,,0.0,50.0,False,35,3,1,True,False,terminal,pca1,load_pipeline (invariant)
FEMTO,Bearing1_2,42,"EWMA (λ=0.2, k=3.0)",ewma,decimate,10,1.67,,2011-01-01 02:25:00,,0.9444444444444444,,50.0,,0.0,50.0,False,35,3,1,True,False,terminal,pca1,load_pipeline (invariant)
FEMTO,Bearing1_2,42,"CUSUM (k=0.5, h=5.0)",cusum,decimate,10,1.67,,2011-01-01 02:25:00,,0.9444444444444444,,50.0,,0.0,50.0,False,35,3,1,True,False,terminal,pca1,load_pipeline (invariant)
FEMTO,Bearing1_2,42,Hotelling T²,hotelling_t2,decimate,10,1.67,,2011-01-01 02:25:00,,0.9722222222222222,,100.0,,0.0,100.0,False,35,3,1,True,False,terminal,pca1,load_pipeline (invariant)
FEMTO,Bearing1_2,42,Isolation Forest,isolation_forest,decimate,10,1.67,,2011-01-01 02:25:00,,0.9722222222222222,,100.0,,0.0,100.0,False,35,3,1,True,False,terminal,pca1,load_pipeline (invariant)
FEMTO,Bearing1_2,42,Deep SVDD,deep_svdd,decimate,10,1.67,,2011-01-01 02:25:00,,0.027777777777777776,,0.0,,0.027777777777777776,0.0,True,35,3,1,True,False,terminal,pca1,load_pipeline (invariant)
FEMTO,Bearing1_2,42,LSTM-Autoencoder,lstm_ae,decimate,10,1.67,,2011-01-01 02:25:00,,0.9722222222222222,,100.0,,0.0,100.0,False,35,3,1,True,False,terminal,pca1,load_pipeline (invariant)
FEMTO,Bearing1_2,42,TCN-Autoencoder,tcn,decimate,10,1.67,,2011-01-01 02:25:00,,0.9722222222222222,,100.0,,0.0,100.0,False,35,3,1,True,False,terminal,pca1,load_pipeline (invariant)
FEMTO,Bearing1_2,42,Transformer-AD,transformer_ad,decimate,10,1.67,,2011-01-01 02:25:00,,0.9722222222222222,,100.0,,0.0,100.0,False,35,3,1,True,False,terminal,pca1,load_pipeline (invariant)
FEMTO,Bearing1_2,42,RMS-Trend (kσ),rms_trend,decimate,20,3.33,,2011-01-01 02:25:00,,0.08333333333333333,,0.0,,0.08333333333333333,0.0,True,17,3,1,True,False,terminal,pca1,load_pipeline (invariant)
FEMTO,Bearing1_2,42,3σ Rule (σ=3.0),three_sigma,decimate,20,3.33,,2011-01-01 02:25:00,,0.9166666666666666,,0.0,,0.9166666666666666,0.0,True,17,3,1,True,False,terminal,pca1,load_pipeline (invariant)
FEMTO,Bearing1_2,42,"EWMA (λ=0.2, k=3.0)",ewma,decimate,20,3.33,,2011-01-01 02:25:00,,0.4166666666666667,,0.0,,0.4166666666666667,0.0,True,17,3,1,True,False,terminal,pca1,load_pipeline (invariant)
FEMTO,Bearing1_2,42,"CUSUM (k=0.5, h=5.0)",cusum,decimate,20,3.33,,2011-01-01 02:25:00,,0.9166666666666666,,0.0,,0.9166666666666666,0.0,True,17,3,1,True,False,terminal,pca1,load_pipeline (invariant)
FEMTO,Bearing1_2,42,Hotelling T²,hotelling_t2,decimate,20,3.33,,2011-01-01 02:25:00,,0.9166666666666666,,0.0,,0.9166666666666666,0.0,True,17,3,1,True,False,terminal,pca1,load_pipeline (invariant)
FEMTO,Bearing1_2,42,Isolation Forest,isolation_forest,decimate,20,3.33,,2011-01-01 02:25:00,,0.9166666666666666,,0.0,,0.9166666666666666,0.0,True,17,3,1,True,False,terminal,pca1,load_pipeline (invariant)
FEMTO,Bearing1_2,42,Deep SVDD,deep_svdd,decimate,20,3.33,,2011-01-01 02:25:00,,0.08333333333333333,,0.0,,0.08333333333333333,0.0,True,17,3,1,True,False,terminal,pca1,load_pipeline (invariant)
FEMTO,Bearing1_2,42,LSTM-Autoencoder,lstm_ae,decimate,20,3.33,,2011-01-01 02:25:00,,,,,,,,False,17,3,1,True,False,terminal,pca1,load_pipeline (invariant)
FEMTO,Bearing1_2,42,TCN-Autoencoder,tcn,decimate,20,3.33,,2011-01-01 02:25:00,,,,,,,,False,17,3,1,True,False,terminal,pca1,load_pipeline (invariant)
FEMTO,Bearing1_2,42,Transformer-AD,transformer_ad,decimate,20,3.33,,2011-01-01 02:25:00,,,,,,,,False,17,3,1,True,False,terminal,pca1,load_pipeline (invariant)
FEMTO,Bearing2_1,42,RMS-Trend (kσ),rms_trend,aggregate,1,0.17,2011-01-01 02:29:40,2011-01-01 02:31:40,0.03,0.18055555555555555,,9.859154929577464,5.416666666666667,0.18055555555555555,0.0,True,73,10,3,False,False,terminal,pca1,load_pipeline (invariant)
FEMTO,Bearing2_1,42,3σ Rule (σ=3.0),three_sigma,aggregate,1,0.17,2011-01-01 02:29:40,2011-01-01 02:31:40,0.03,0.8055555555555556,,29.577464788732392,24.166666666666668,0.8055555555555556,0.0,False,73,10,3,False,False,terminal,pca1,load_pipeline (invariant)
FEMTO,Bearing2_1,42,"EWMA (λ=0.2, k=3.0)",ewma,aggregate,1,0.17,2011-01-01 02:29:40,2011-01-01 02:31:40,0.03,0.8472222222222222,,43.66197183098591,25.416666666666668,0.8472222222222222,0.0,False,73,10,3,False,False,terminal,pca1,load_pipeline (invariant)
FEMTO,Bearing2_1,42,"CUSUM (k=0.5, h=5.0)",cusum,aggregate,1,0.17,2011-01-01 02:29:40,2011-01-01 02:31:40,0.03,0.8472222222222222,,83.09859154929578,25.416666666666668,0.8472222222222222,0.0,False,73,10,3,False,False,terminal,pca1,load_pipeline (invariant)
FEMTO,Bearing2_1,42,Hotelling T²,hotelling_t2,aggregate,1,0.17,2011-01-01 02:29:40,2011-01-01 02:31:40,0.03,0.8055555555555556,,36.61971830985916,24.166666666666668,0.8055555555555556,0.0,False,73,10,3,False,False,terminal,pca1,load_pipeline (invariant)
FEMTO,Bearing2_1,42,Isolation Forest,isolation_forest,aggregate,1,0.17,2011-01-01 02:29:40,2011-01-01 02:31:40,0.03,0.8055555555555556,,25.352112676056336,24.166666666666668,0.8055555555555556,0.0,False,73,10,3,False,False,terminal,pca1,load_pipeline (invariant)
FEMTO,Bearing2_1,42,Deep SVDD,deep_svdd,aggregate,1,0.17,2011-01-01 02:29:40,2011-01-01 02:31:40,0.03,0.0,,0.0,0.0,0.0,0.0,False,73,10,3,False,False,terminal,pca1,load_pipeline (invariant)
FEMTO,Bearing2_1,42,LSTM-Autoencoder,lstm_ae,aggregate,1,0.17,2011-01-01 02:29:40,2011-01-01 02:31:40,0.03,1.0138888888888888,,100.0,30.416666666666664,0.0,100.0,False,73,10,3,False,False,terminal,pca1,load_pipeline (invariant)
FEMTO,Bearing2_1,42,TCN-Autoencoder,tcn,aggregate,1,0.17,2011-01-01 02:29:40,2011-01-01 02:31:40,0.03,1.0138888888888888,,100.0,30.416666666666664,0.0,100.0,False,73,10,3,False,False,terminal,pca1,load_pipeline (invariant)
FEMTO,Bearing2_1,42,Transformer-AD,transformer_ad,aggregate,1,0.17,2011-01-01 02:29:40,2011-01-01 02:31:40,0.03,0.6111111111111112,,54.929577464788736,18.333333333333336,0.6111111111111112,0.0,False,73,10,3,False,False,terminal,pca1,load_pipeline (invariant)
FEMTO,Bearing2_1,42,RMS-Trend (kσ),rms_trend,aggregate,2,1.0,2011-01-01 02:29:40,2011-01-01 02:31:40,0.03,0.0,,0.0,0.0,0.0,0.0,False,30,5,4,False,False,terminal,pca1,load_pipeline (invariant)
FEMTO,Bearing2_1,42,3σ Rule (σ=3.0),three_sigma,aggregate,2,1.0,2011-01-01 02:29:40,2011-01-01 02:31:40,0.03,0.8611111111111112,,43.333333333333336,25.833333333333336,0.8611111111111112,0.0,False,30,5,4,False,False,terminal,pca1,load_pipeline (invariant)
FEMTO,Bearing2_1,42,"EWMA (λ=0.2, k=3.0)",ewma,aggregate,2,1.0,2011-01-01 02:29:40,2011-01-01 02:31:40,0.03,0.8611111111111112,,56.666666666666664,25.833333333333336,0.8611111111111112,0.0,False,30,5,4,False,False,terminal,pca1,load_pipeline (invariant)
FEMTO,Bearing2_1,42,"CUSUM (k=0.5, h=5.0)",cusum,aggregate,2,1.0,2011-01-01 02:29:40,2011-01-01 02:31:40,0.03,0.8277777777777777,,80.0,24.833333333333332,0.8277777777777777,0.0,False,30,5,4,False,False,terminal,pca1,load_pipeline (invariant)
FEMTO,Bearing2_1,42,Hotelling T²,hotelling_t2,aggregate,2,1.0,2011-01-01 02:29:40,2011-01-01 02:31:40,0.03,0.9277777777777778,,53.333333333333336,27.833333333333336,0.9277777777777778,0.0,False,30,5,4,False,False,terminal,pca1,load_pipeline (invariant)
FEMTO,Bearing2_1,42,Isolation Forest,isolation_forest,aggregate,2,1.0,2011-01-01 02:29:40,2011-01-01 02:31:40,0.03,0.29444444444444445,,26.666666666666668,8.833333333333334,0.29444444444444445,0.0,False,30,5,4,False,False,terminal,pca1,load_pipeline (invariant)
FEMTO,Bearing2_1,42,Deep SVDD,deep_svdd,aggregate,2,1.0,2011-01-01 02:29:40,2011-01-01 02:31:40,0.03,0.0,,0.0,0.0,0.0,0.0,False,30,5,4,False,False,terminal,pca1,load_pipeline (invariant)
FEMTO,Bearing2_1,42,LSTM-Autoencoder,lstm_ae,aggregate,2,1.0,2011-01-01 02:29:40,2011-01-01 02:31:40,0.03,1.0277777777777777,,100.0,30.833333333333332,0.0,100.0,False,30,5,4,False,False,terminal,pca1,load_pipeline (invariant)
FEMTO,Bearing2_1,42,TCN-Autoencoder,tcn,aggregate,2,1.0,2011-01-01 02:29:40,2011-01-01 02:31:40,0.03,1.0277777777777777,,100.0,30.833333333333332,0.0,100.0,False,30,5,4,False,False,terminal,pca1,load_pipeline (invariant)
FEMTO,Bearing2_1,42,Transformer-AD,transformer_ad,aggregate,2,1.0,2011-01-01 02:29:40,2011-01-01 02:31:40,0.03,1.0277777777777777,,100.0,30.833333333333332,0.0,100.0,False,30,5,4,False,False,terminal,pca1,load_pipeline (invariant)
FEMTO,Bearing2_1,42,RMS-Trend (kσ),rms_trend,aggregate,5,1.0,2011-01-01 02:29:40,2011-01-01 02:31:40,0.03,0.22777777777777777,,11.864406779661017,6.833333333333333,0.22777777777777777,0.0,False,60,3,2,True,False,terminal,pca1,load_pipeline (invariant)
FEMTO,Bearing2_1,42,3σ Rule (σ=3.0),three_sigma,aggregate,5,1.0,2011-01-01 02:29:40,2011-01-01 02:31:40,0.03,0.8611111111111112,,27.11864406779661,25.833333333333336,0.8611111111111112,0.0,False,60,3,2,True,False,terminal,pca1,load_pipeline (invariant)
FEMTO,Bearing2_1,42,"EWMA (λ=0.2, k=3.0)",ewma,aggregate,5,1.0,2011-01-01 02:29:40,2011-01-01 02:31:40,0.03,0.8611111111111112,,45.76271186440678,25.833333333333336,0.8611111111111112,0.0,False,60,3,2,True,False,terminal,pca1,load_pipeline (invariant)
FEMTO,Bearing2_1,42,"CUSUM (k=0.5, h=5.0)",cusum,aggregate,5,1.0,2011-01-01 02:29:40,2011-01-01 02:31:40,0.03,0.8444444444444444,,83.05084745762711,25.333333333333332,0.8444444444444444,0.0,False,60,3,2,True,False,terminal,pca1,load_pipeline (invariant)
FEMTO,Bearing2_1,42,Hotelling T²,hotelling_t2,aggregate,5,1.0,2011-01-01 02:29:40,2011-01-01 02:31:40,0.03,0.8611111111111112,,40.67796610169492,25.833333333333336,0.8611111111111112,0.0,False,60,3,2,True,False,terminal,pca1,load_pipeline (invariant)
FEMTO,Bearing2_1,42,Isolation Forest,isolation_forest,aggregate,5,1.0,2011-01-01 02:29:40,2011-01-01 02:31:40,0.03,0.8611111111111112,,32.20338983050847,25.833333333333336,0.8611111111111112,0.0,False,60,3,2,True,False,terminal,pca1,load_pipeline (invariant)
FEMTO,Bearing2_1,42,Deep SVDD,deep_svdd,aggregate,5,1.0,2011-01-01 02:29:40,2011-01-01 02:31:40,0.03,0.0,,0.0,0.0,0.0,0.0,False,60,3,2,True,False,terminal,pca1,load_pipeline (invariant)
FEMTO,Bearing2_1,42,LSTM-Autoencoder,lstm_ae,aggregate,5,1.0,2011-01-01 02:29:40,2011-01-01 02:31:40,0.03,1.011111111111111,,100.0,30.333333333333332,0.0,100.0,False,60,3,2,True,False,terminal,pca1,load_pipeline (invariant)
FEMTO,Bearing2_1,42,TCN-Autoencoder,tcn,aggregate,5,1.0,2011-01-01 02:29:40,2011-01-01 02:31:40,0.03,1.011111111111111,,100.0,30.333333333333332,0.0,100.0,False,60,3,2,True,False,terminal,pca1,load_pipeline (invariant)
FEMTO,Bearing2_1,42,Transformer-AD,transformer_ad,aggregate,5,1.0,2011-01-01 02:29:40,2011-01-01 02:31:40,0.03,1.011111111111111,,100.0,30.333333333333332,0.0,100.0,False,60,3,2,True,False,terminal,pca1,load_pipeline (invariant)
FEMTO,Bearing2_1,42,RMS-Trend (kσ),rms_trend,aggregate,10,2.0,2011-01-01 02:29:40,2011-01-01 02:31:40,0.03,0.22777777777777777,,13.333333333333334,6.833333333333333,0.22777777777777777,0.0,False,30,3,1,True,False,terminal,pca1,load_pipeline (invariant)
FEMTO,Bearing2_1,42,3σ Rule (σ=3.0),three_sigma,aggregate,10,2.0,2011-01-01 02:29:40,2011-01-01 02:31:40,0.03,0.29444444444444445,,26.666666666666668,8.833333333333334,0.29444444444444445,0.0,False,30,3,1,True,False,terminal,pca1,load_pipeline (invariant)
FEMTO,Bearing2_1,42,"EWMA (λ=0.2, k=3.0)",ewma,aggregate,10,2.0,2011-01-01 02:29:40,2011-01-01 02:31:40,0.03,0.8277777777777777,,43.333333333333336,24.833333333333332,0.8277777777777777,0.0,False,30,3,1,True,False,terminal,pca1,load_pipeline (invariant)
FEMTO,Bearing2_1,42,"CUSUM (k=0.5, h=5.0)",cusum,aggregate,10,2.0,2011-01-01 02:29:40,2011-01-01 02:31:40,0.03,0.8277777777777777,,80.0,24.833333333333332,0.8277777777777777,0.0,False,30,3,1,True,False,terminal,pca1,load_pipeline (invariant)
FEMTO,Bearing2_1,42,Hotelling T²,hotelling_t2,aggregate,10,2.0,2011-01-01 02:29:40,2011-01-01 02:31:40,0.03,0.9611111111111111,,50.0,28.833333333333336,0.9611111111111111,0.0,False,30,3,1,True,False,terminal,pca1,load_pipeline (invariant)
FEMTO,Bearing2_1,42,Isolation Forest,isolation_forest,aggregate,10,2.0,2011-01-01 02:29:40,2011-01-01 02:31:40,0.03,0.9611111111111111,,50.0,28.833333333333336,0.9611111111111111,0.0,False,30,3,1,True,False,terminal,pca1,load_pipeline (invariant)
FEMTO,Bearing2_1,42,Deep SVDD,deep_svdd,aggregate,10,2.0,2011-01-01 02:29:40,2011-01-01 02:31:40,0.03,0.06111111111111111,,3.3333333333333335,1.8333333333333333,0.06111111111111111,0.0,True,30,3,1,True,False,terminal,pca1,load_pipeline (invariant)
FEMTO,Bearing2_1,42,LSTM-Autoencoder,lstm_ae,aggregate,10,2.0,2011-01-01 02:29:40,2011-01-01 02:31:40,0.03,1.0277777777777777,,100.0,30.833333333333332,0.0,100.0,False,30,3,1,True,False,terminal,pca1,load_pipeline (invariant)
FEMTO,Bearing2_1,42,TCN-Autoencoder,tcn,aggregate,10,2.0,2011-01-01 02:29:40,2011-01-01 02:31:40,0.03,1.0277777777777777,,100.0,30.833333333333332,0.0,100.0,False,30,3,1,True,False,terminal,pca1,load_pipeline (invariant)
FEMTO,Bearing2_1,42,Transformer-AD,transformer_ad,aggregate,10,2.0,2011-01-01 02:29:40,2011-01-01 02:31:40,0.03,1.0277777777777777,,100.0,30.833333333333332,0.0,100.0,False,30,3,1,True,False,terminal,pca1,load_pipeline (invariant)
FEMTO,Bearing2_1,42,RMS-Trend (kσ),rms_trend,aggregate,20,3.0,2011-01-01 02:29:40,2011-01-01 02:31:40,0.03,0.07777777777777778,,5.0,2.3333333333333335,0.07777777777777778,0.0,True,20,3,1,True,False,terminal,pca1,load_pipeline (invariant)
FEMTO,Bearing2_1,42,3σ Rule (σ=3.0),three_sigma,aggregate,20,3.0,2011-01-01 02:29:40,2011-01-01 02:31:40,0.03,0.2777777777777778,,25.0,8.333333333333334,0.2777777777777778,0.0,False,20,3,1,True,False,terminal,pca1,load_pipeline (invariant)
FEMTO,Bearing2_1,42,"EWMA (λ=0.2, k=3.0)",ewma,aggregate,20,3.0,2011-01-01 02:29:40,2011-01-01 02:31:40,0.03,0.8277777777777777,,50.0,24.833333333333332,0.8277777777777777,0.0,False,20,3,1,True,False,terminal,pca1,load_pipeline (invariant)
FEMTO,Bearing2_1,42,"CUSUM (k=0.5, h=5.0)",cusum,aggregate,20,3.0,2011-01-01 02:29:40,2011-01-01 02:31:40,0.03,0.8277777777777777,,80.0,24.833333333333332,0.8277777777777777,0.0,False,20,3,1,True,False,terminal,pca1,load_pipeline (invariant)
FEMTO,Bearing2_1,42,Hotelling T²,hotelling_t2,aggregate,20,3.0,2011-01-01 02:29:40,2011-01-01 02:31:40,0.03,0.9777777777777777,,70.0,29.333333333333332,0.0,50.0,False,20,3,1,True,False,terminal,pca1,load_pipeline (invariant)
FEMTO,Bearing2_1,42,Isolation Forest,isolation_forest,aggregate,20,3.0,2011-01-01 02:29:40,2011-01-01 02:31:40,0.03,0.22777777777777777,,15.0,6.833333333333333,0.22777777777777777,0.0,False,20,3,1,True,False,terminal,pca1,load_pipeline (invariant)
FEMTO,Bearing2_1,42,Deep SVDD,deep_svdd,aggregate,20,3.0,2011-01-01 02:29:40,2011-01-01 02:31:40,0.03,0.07777777777777778,,5.0,2.3333333333333335,0.07777777777777778,0.0,True,20,3,1,True,False,terminal,pca1,load_pipeline (invariant)
FEMTO,Bearing2_1,42,LSTM-Autoencoder,lstm_ae,aggregate,20,3.0,2011-01-01 02:29:40,2011-01-01 02:31:40,0.03,,,,,,,False,20,3,1,True,False,terminal,pca1,load_pipeline (invariant)
FEMTO,Bearing2_1,42,TCN-Autoencoder,tcn,aggregate,20,3.0,2011-01-01 02:29:40,2011-01-01 02:31:40,0.03,,,,,,,False,20,3,1,True,False,terminal,pca1,load_pipeline (invariant)
FEMTO,Bearing2_1,42,Transformer-AD,transformer_ad,aggregate,20,3.0,2011-01-01 02:29:40,2011-01-01 02:31:40,0.03,,,,,,,False,20,3,1,True,False,terminal,pca1,load_pipeline (invariant)
FEMTO,Bearing2_1,42,RMS-Trend (kσ),rms_trend,decimate,1,0.17,2011-01-01 02:29:40,2011-01-01 02:31:40,0.03,0.18055555555555555,,9.859154929577464,5.416666666666667,0.18055555555555555,0.0,True,73,10,3,False,False,terminal,pca1,load_pipeline (invariant)
FEMTO,Bearing2_1,42,3σ Rule (σ=3.0),three_sigma,decimate,1,0.17,2011-01-01 02:29:40,2011-01-01 02:31:40,0.03,0.8055555555555556,,29.577464788732392,24.166666666666668,0.8055555555555556,0.0,False,73,10,3,False,False,terminal,pca1,load_pipeline (invariant)
FEMTO,Bearing2_1,42,"EWMA (λ=0.2, k=3.0)",ewma,decimate,1,0.17,2011-01-01 02:29:40,2011-01-01 02:31:40,0.03,0.8472222222222222,,43.66197183098591,25.416666666666668,0.8472222222222222,0.0,False,73,10,3,False,False,terminal,pca1,load_pipeline (invariant)
FEMTO,Bearing2_1,42,"CUSUM (k=0.5, h=5.0)",cusum,decimate,1,0.17,2011-01-01 02:29:40,2011-01-01 02:31:40,0.03,0.8472222222222222,,83.09859154929578,25.416666666666668,0.8472222222222222,0.0,False,73,10,3,False,False,terminal,pca1,load_pipeline (invariant)
FEMTO,Bearing2_1,42,Hotelling T²,hotelling_t2,decimate,1,0.17,2011-01-01 02:29:40,2011-01-01 02:31:40,0.03,0.8055555555555556,,36.61971830985916,24.166666666666668,0.8055555555555556,0.0,False,73,10,3,False,False,terminal,pca1,load_pipeline (invariant)
FEMTO,Bearing2_1,42,Isolation Forest,isolation_forest,decimate,1,0.17,2011-01-01 02:29:40,2011-01-01 02:31:40,0.03,0.8055555555555556,,25.352112676056336,24.166666666666668,0.8055555555555556,0.0,False,73,10,3,False,False,terminal,pca1,load_pipeline (invariant)
FEMTO,Bearing2_1,42,Deep SVDD,deep_svdd,decimate,1,0.17,2011-01-01 02:29:40,2011-01-01 02:31:40,0.03,0.0,,0.0,0.0,0.0,0.0,False,73,10,3,False,False,terminal,pca1,load_pipeline (invariant)
FEMTO,Bearing2_1,42,LSTM-Autoencoder,lstm_ae,decimate,1,0.17,2011-01-01 02:29:40,2011-01-01 02:31:40,0.03,1.0138888888888888,,100.0,30.416666666666664,0.0,100.0,False,73,10,3,False,False,terminal,pca1,load_pipeline (invariant)
FEMTO,Bearing2_1,42,TCN-Autoencoder,tcn,decimate,1,0.17,2011-01-01 02:29:40,2011-01-01 02:31:40,0.03,1.0138888888888888,,100.0,30.416666666666664,0.0,100.0,False,73,10,3,False,False,terminal,pca1,load_pipeline (invariant)
FEMTO,Bearing2_1,42,Transformer-AD,transformer_ad,decimate,1,0.17,2011-01-01 02:29:40,2011-01-01 02:31:40,0.03,0.6111111111111112,,54.929577464788736,18.333333333333336,0.6111111111111112,0.0,False,73,10,3,False,False,terminal,pca1,load_pipeline (invariant)
FEMTO,Bearing2_1,42,RMS-Trend (kσ),rms_trend,decimate,2,0.33,2011-01-01 02:29:40,2011-01-01 02:31:40,0.03,0.38333333333333336,,23.595505617977526,11.500000000000002,0.38333333333333336,0.0,False,91,5,4,False,False,terminal,pca1,load_pipeline (invariant)
FEMTO,Bearing2_1,42,3σ Rule (σ=3.0),three_sigma,decimate,2,0.33,2011-01-01 02:29:40,2011-01-01 02:31:40,0.03,0.7388888888888889,,25.842696629213485,22.166666666666668,0.7388888888888889,0.0,False,91,5,4,False,False,terminal,pca1,load_pipeline (invariant)
FEMTO,Bearing2_1,42,"EWMA (λ=0.2, k=3.0)",ewma,decimate,2,0.33,2011-01-01 02:29:40,2011-01-01 02:31:40,0.03,0.25,,22.47191011235955,7.5,0.25,0.0,False,91,5,4,False,False,terminal,pca1,load_pipeline (invariant)
FEMTO,Bearing2_1,42,"CUSUM (k=0.5, h=5.0)",cusum,decimate,2,0.33,2011-01-01 02:29:40,2011-01-01 02:31:40,0.03,0.2388888888888889,,21.34831460674157,7.166666666666667,0.2388888888888889,0.0,False,91,5,4,False,False,terminal,pca1,load_pipeline (invariant)
FEMTO,Bearing2_1,42,Hotelling T²,hotelling_t2,decimate,2,0.33,2011-01-01 02:29:40,2011-01-01 02:31:40,0.03,0.8944444444444445,,38.20224719101123,26.833333333333336,0.8944444444444445,0.0,False,91,5,4,False,False,terminal,pca1,load_pipeline (invariant)
FEMTO,Bearing2_1,42,Isolation Forest,isolation_forest,decimate,2,0.33,2011-01-01 02:29:40,2011-01-01 02:31:40,0.03,0.7388888888888889,,26.96629213483146,22.166666666666668,0.7388888888888889,0.0,False,91,5,4,False,False,terminal,pca1,load_pipeline (invariant)
FEMTO,Bearing2_1,42,Deep SVDD,deep_svdd,decimate,2,0.33,2011-01-01 02:29:40,2011-01-01 02:31:40,0.03,0.0,,0.0,0.0,0.0,0.0,False,91,5,4,False,False,terminal,pca1,load_pipeline (invariant)
FEMTO,Bearing2_1,42,LSTM-Autoencoder,lstm_ae,decimate,2,0.33,2011-01-01 02:29:40,2011-01-01 02:31:40,0.03,1.0166666666666666,,100.0,30.5,0.0,100.0,False,91,5,4,False,False,terminal,pca1,load_pipeline (invariant)
FEMTO,Bearing2_1,42,TCN-Autoencoder,tcn,decimate,2,0.33,2011-01-01 02:29:40,2011-01-01 02:31:40,0.03,1.0166666666666666,,100.0,30.5,0.0,100.0,False,91,5,4,False,False,terminal,pca1,load_pipeline (invariant)
FEMTO,Bearing2_1,42,Transformer-AD,transformer_ad,decimate,2,0.33,2011-01-01 02:29:40,2011-01-01 02:31:40,0.03,0.6944444444444444,,62.92134831460674,20.833333333333332,0.6944444444444444,0.0,False,91,5,4,False,False,terminal,pca1,load_pipeline (invariant)
FEMTO,Bearing2_1,42,RMS-Trend (kσ),rms_trend,decimate,5,0.83,2011-01-01 02:29:40,2011-01-01 02:31:40,0.03,0.0,,0.0,0.0,0.0,0.0,False,73,3,2,True,False,terminal,pca1,load_pipeline (invariant)
FEMTO,Bearing2_1,42,3σ Rule (σ=3.0),three_sigma,decimate,5,0.83,2011-01-01 02:29:40,2011-01-01 02:31:40,0.03,0.8611111111111112,,52.112676056338024,25.833333333333336,0.8611111111111112,0.0,False,73,3,2,True,False,terminal,pca1,load_pipeline (invariant)
FEMTO,Bearing2_1,42,"EWMA (λ=0.2, k=3.0)",ewma,decimate,5,0.83,2011-01-01 02:29:40,2011-01-01 02:31:40,0.03,0.8611111111111112,,70.4225352112676,25.833333333333336,0.8611111111111112,0.0,False,73,3,2,True,False,terminal,pca1,load_pipeline (invariant)
FEMTO,Bearing2_1,42,"CUSUM (k=0.5, h=5.0)",cusum,decimate,5,0.83,2011-01-01 02:29:40,2011-01-01 02:31:40,0.03,0.8472222222222222,,83.09859154929578,25.416666666666668,0.8472222222222222,0.0,False,73,3,2,True,False,terminal,pca1,load_pipeline (invariant)
FEMTO,Bearing2_1,42,Hotelling T²,hotelling_t2,decimate,5,0.83,2011-01-01 02:29:40,2011-01-01 02:31:40,0.03,0.8611111111111112,,53.52112676056338,25.833333333333336,0.8611111111111112,0.0,False,73,3,2,True,False,terminal,pca1,load_pipeline (invariant)
FEMTO,Bearing2_1,42,Isolation Forest,isolation_forest,decimate,5,0.83,2011-01-01 02:29:40,2011-01-01 02:31:40,0.03,0.8611111111111112,,45.07042253521127,25.833333333333336,0.8611111111111112,0.0,False,73,3,2,True,False,terminal,pca1,load_pipeline (invariant)
FEMTO,Bearing2_1,42,Deep SVDD,deep_svdd,decimate,5,0.83,2011-01-01 02:29:40,2011-01-01 02:31:40,0.03,0.1527777777777778,,4.225352112676056,4.583333333333334,0.1527777777777778,0.0,True,73,3,2,True,False,terminal,pca1,load_pipeline (invariant)
FEMTO,Bearing2_1,42,LSTM-Autoencoder,lstm_ae,decimate,5,0.83,2011-01-01 02:29:40,2011-01-01 02:31:40,0.03,1.0138888888888888,,100.0,30.416666666666664,0.0,100.0,False,73,3,2,True,False,terminal,pca1,load_pipeline (invariant)
FEMTO,Bearing2_1,42,TCN-Autoencoder,tcn,decimate,5,0.83,2011-01-01 02:29:40,2011-01-01 02:31:40,0.03,1.0138888888888888,,100.0,30.416666666666664,0.0,100.0,False,73,3,2,True,False,terminal,pca1,load_pipeline (invariant)
FEMTO,Bearing2_1,42,Transformer-AD,transformer_ad,decimate,5,0.83,2011-01-01 02:29:40,2011-01-01 02:31:40,0.03,1.0138888888888888,,100.0,30.416666666666664,0.0,100.0,False,73,3,2,True,False,terminal,pca1,load_pipeline (invariant)
FEMTO,Bearing2_1,42,RMS-Trend (kσ),rms_trend,decimate,10,1.67,2011-01-01 02:29:40,2011-01-01 02:31:40,0.03,0.16666666666666666,,2.857142857142857,5.0,0.16666666666666666,0.0,True,36,3,1,True,False,terminal,pca1,load_pipeline (invariant)
FEMTO,Bearing2_1,42,3σ Rule (σ=3.0),three_sigma,decimate,10,1.67,2011-01-01 02:29:40,2011-01-01 02:31:40,0.03,0.4166666666666667,,37.142857142857146,12.5,0.4166666666666667,0.0,False,36,3,1,True,False,terminal,pca1,load_pipeline (invariant)
FEMTO,Bearing2_1,42,"EWMA (λ=0.2, k=3.0)",ewma,decimate,10,1.67,2011-01-01 02:29:40,2011-01-01 02:31:40,0.03,0.4166666666666667,,40.0,12.5,0.4166666666666667,0.0,False,36,3,1,True,False,terminal,pca1,load_pipeline (invariant)
FEMTO,Bearing2_1,42,"CUSUM (k=0.5, h=5.0)",cusum,decimate,10,1.67,2011-01-01 02:29:40,2011-01-01 02:31:40,0.03,0.4166666666666667,,40.0,12.5,0.4166666666666667,0.0,False,36,3,1,True,False,terminal,pca1,load_pipeline (invariant)
FEMTO,Bearing2_1,42,Hotelling T²,hotelling_t2,decimate,10,1.67,2011-01-01 02:29:40,2011-01-01 02:31:40,0.03,0.4166666666666667,,37.142857142857146,12.5,0.4166666666666667,0.0,False,36,3,1,True,False,terminal,pca1,load_pipeline (invariant)
FEMTO,Bearing2_1,42,Isolation Forest,isolation_forest,decimate,10,1.67,2011-01-01 02:29:40,2011-01-01 02:31:40,0.03,0.4166666666666667,,37.142857142857146,12.5,0.4166666666666667,0.0,False,36,3,1,True,False,terminal,pca1,load_pipeline (invariant)
FEMTO,Bearing2_1,42,Deep SVDD,deep_svdd,decimate,10,1.67,2011-01-01 02:29:40,2011-01-01 02:31:40,0.03,0.16666666666666666,,8.571428571428571,5.0,0.16666666666666666,0.0,True,36,3,1,True,False,terminal,pca1,load_pipeline (invariant)
FEMTO,Bearing2_1,42,LSTM-Autoencoder,lstm_ae,decimate,10,1.67,2011-01-01 02:29:40,2011-01-01 02:31:40,0.03,1.0,,100.0,30.0,0.0,100.0,False,36,3,1,True,False,terminal,pca1,load_pipeline (invariant)
FEMTO,Bearing2_1,42,TCN-Autoencoder,tcn,decimate,10,1.67,2011-01-01 02:29:40,2011-01-01 02:31:40,0.03,1.0,,100.0,30.0,0.0,100.0,False,36,3,1,True,False,terminal,pca1,load_pipeline (invariant)
FEMTO,Bearing2_1,42,Transformer-AD,transformer_ad,decimate,10,1.67,2011-01-01 02:29:40,2011-01-01 02:31:40,0.03,1.0,,100.0,30.0,0.0,100.0,False,36,3,1,True,False,terminal,pca1,load_pipeline (invariant)
FEMTO,Bearing2_1,42,RMS-Trend (kσ),rms_trend,decimate,20,3.33,2011-01-01 02:29:40,2011-01-01 02:31:40,0.03,0.19444444444444445,,5.555555555555555,5.833333333333334,0.19444444444444445,0.0,True,18,3,1,True,False,terminal,pca1,load_pipeline (invariant)
FEMTO,Bearing2_1,42,3σ Rule (σ=3.0),three_sigma,decimate,20,3.33,2011-01-01 02:29:40,2011-01-01 02:31:40,0.03,0.8055555555555556,,44.44444444444444,24.166666666666668,0.8055555555555556,0.0,False,18,3,1,True,False,terminal,pca1,load_pipeline (invariant)
FEMTO,Bearing2_1,42,"EWMA (λ=0.2, k=3.0)",ewma,decimate,20,3.33,2011-01-01 02:29:40,2011-01-01 02:31:40,0.03,0.5833333333333334,,55.55555555555556,17.5,0.5833333333333334,0.0,False,18,3,1,True,False,terminal,pca1,load_pipeline (invariant)
FEMTO,Bearing2_1,42,"CUSUM (k=0.5, h=5.0)",cusum,decimate,20,3.33,2011-01-01 02:29:40,2011-01-01 02:31:40,0.03,0.5833333333333334,,55.55555555555556,17.5,0.5833333333333334,0.0,False,18,3,1,True,False,terminal,pca1,load_pipeline (invariant)
FEMTO,Bearing2_1,42,Hotelling T²,hotelling_t2,decimate,20,3.33,2011-01-01 02:29:40,2011-01-01 02:31:40,0.03,0.8055555555555556,,44.44444444444444,24.166666666666668,0.8055555555555556,0.0,False,18,3,1,True,False,terminal,pca1,load_pipeline (invariant)
FEMTO,Bearing2_1,42,Isolation Forest,isolation_forest,decimate,20,3.33,2011-01-01 02:29:40,2011-01-01 02:31:40,0.03,0.4166666666666667,,33.33333333333333,12.5,0.4166666666666667,0.0,False,18,3,1,True,False,terminal,pca1,load_pipeline (invariant)
FEMTO,Bearing2_1,42,Deep SVDD,deep_svdd,decimate,20,3.33,2011-01-01 02:29:40,2011-01-01 02:31:40,0.03,0.19444444444444445,,11.11111111111111,5.833333333333334,0.19444444444444445,0.0,False,18,3,1,True,False,terminal,pca1,load_pipeline (invariant)
FEMTO,Bearing2_1,42,LSTM-Autoencoder,lstm_ae,decimate,20,3.33,2011-01-01 02:29:40,2011-01-01 02:31:40,0.03,,,,,,,False,18,3,1,True,False,terminal,pca1,load_pipeline (invariant)
FEMTO,Bearing2_1,42,TCN-Autoencoder,tcn,decimate,20,3.33,2011-01-01 02:29:40,2011-01-01 02:31:40,0.03,,,,,,,False,18,3,1,True,False,terminal,pca1,load_pipeline (invariant)
FEMTO,Bearing2_1,42,Transformer-AD,transformer_ad,decimate,20,3.33,2011-01-01 02:29:40,2011-01-01 02:31:40,0.03,,,,,,,False,18,3,1,True,False,terminal,pca1,load_pipeline (invariant)
FEMTO,Bearing2_2,42,RMS-Trend (kσ),rms_trend,aggregate,1,0.17,2011-01-01 02:06:40,2011-01-01 02:12:40,0.1,0.0,,0.0,0.0,0.0,0.0,False,64,10,3,False,False,terminal,pca1,load_pipeline (invariant)
FEMTO,Bearing2_2,42,3σ Rule (σ=3.0),three_sigma,aggregate,1,0.17,2011-01-01 02:06:40,2011-01-01 02:12:40,0.1,0.12777777777777777,,3.508771929824561,1.2777777777777777,0.12777777777777777,0.0,True,64,10,3,False,False,terminal,pca1,load_pipeline (invariant)
FEMTO,Bearing2_2,42,"EWMA (λ=0.2, k=3.0)",ewma,aggregate,1,0.17,2011-01-01 02:06:40,2011-01-01 02:12:40,0.1,0.8638888888888889,,29.82456140350877,8.63888888888889,0.0,50.0,False,64,10,3,False,False,terminal,pca1,load_pipeline (invariant)
FEMTO,Bearing2_2,42,"CUSUM (k=0.5, h=5.0)",cusum,aggregate,1,0.17,2011-01-01 02:06:40,2011-01-01 02:12:40,0.1,0.8361111111111111,,92.98245614035088,8.36111111111111,0.8361111111111111,0.0,False,64,10,3,False,False,terminal,pca1,load_pipeline (invariant)
FEMTO,Bearing2_2,42,Hotelling T²,hotelling_t2,aggregate,1,0.17,2011-01-01 02:06:40,2011-01-01 02:12:40,0.1,0.8777777777777778,,28.07017543859649,8.777777777777777,0.0,75.0,False,64,10,3,False,False,terminal,pca1,load_pipeline (invariant)
FEMTO,Bearing2_2,42,Isolation Forest,isolation_forest,aggregate,1,0.17,2011-01-01 02:06:40,2011-01-01 02:12:40,0.1,0.8916666666666667,,24.561403508771928,8.916666666666666,0.0,100.0,False,64,10,3,False,False,terminal,pca1,load_pipeline (invariant)
FEMTO,Bearing2_2,42,Deep SVDD,deep_svdd,aggregate,1,0.17,2011-01-01 02:06:40,2011-01-01 02:12:40,0.1,0.0,,0.0,0.0,0.0,0.0,False,64,10,3,False,False,terminal,pca1,load_pipeline (invariant)
FEMTO,Bearing2_2,42,LSTM-Autoencoder,lstm_ae,aggregate,1,0.17,2011-01-01 02:06:40,2011-01-01 02:12:40,0.1,0.8916666666666667,,100.0,8.916666666666666,0.0,100.0,False,64,10,3,False,False,terminal,pca1,load_pipeline (invariant)
FEMTO,Bearing2_2,42,TCN-Autoencoder,tcn,aggregate,1,0.17,2011-01-01 02:06:40,2011-01-01 02:12:40,0.1,0.8916666666666667,,100.0,8.916666666666666,0.0,100.0,False,64,10,3,False,False,terminal,pca1,load_pipeline (invariant)
FEMTO,Bearing2_2,42,Transformer-AD,transformer_ad,aggregate,1,0.17,2011-01-01 02:06:40,2011-01-01 02:12:40,0.1,0.8916666666666667,,100.0,8.916666666666666,0.0,100.0,False,64,10,3,False,False,terminal,pca1,load_pipeline (invariant)
FEMTO,Bearing2_2,42,RMS-Trend (kσ),rms_trend,aggregate,2,1.0,2011-01-01 02:06:40,2011-01-01 02:12:40,0.1,0.0,,0.0,0.0,0.0,0.0,False,26,5,4,False,False,terminal,pca1,load_pipeline (invariant)
FEMTO,Bearing2_2,42,3σ Rule (σ=3.0),three_sigma,aggregate,2,1.0,2011-01-01 02:06:40,2011-01-01 02:12:40,0.1,0.14444444444444443,,8.333333333333332,1.4444444444444442,0.14444444444444443,0.0,True,26,5,4,False,False,terminal,pca1,load_pipeline (invariant)
FEMTO,Bearing2_2,42,"EWMA (λ=0.2, k=3.0)",ewma,aggregate,2,1.0,2011-01-01 02:06:40,2011-01-01 02:12:40,0.1,0.14444444444444443,,8.333333333333332,1.4444444444444442,0.14444444444444443,0.0,True,26,5,4,False,False,terminal,pca1,load_pipeline (invariant)
FEMTO,Bearing2_2,42,"CUSUM (k=0.5, h=5.0)",cusum,aggregate,2,1.0,2011-01-01 02:06:40,2011-01-01 02:12:40,0.1,0.7111111111111111,,79.16666666666666,7.111111111111111,0.7111111111111111,0.0,False,26,5,4,False,False,terminal,pca1,load_pipeline (invariant)
FEMTO,Bearing2_2,42,Hotelling T²,hotelling_t2,aggregate,2,1.0,2011-01-01 02:06:40,2011-01-01 02:12:40,0.1,0.8111111111111111,,41.66666666666667,8.11111111111111,0.8111111111111111,0.0,False,26,5,4,False,False,terminal,pca1,load_pipeline (invariant)
FEMTO,Bearing2_2,42,Isolation Forest,isolation_forest,aggregate,2,1.0,2011-01-01 02:06:40,2011-01-01 02:12:40,0.1,0.14444444444444443,,8.333333333333332,1.4444444444444442,0.14444444444444443,0.0,True,26,5,4,False,False,terminal,pca1,load_pipeline (invariant)
FEMTO,Bearing2_2,42,Deep SVDD,deep_svdd,aggregate,2,1.0,2011-01-01 02:06:40,2011-01-01 02:12:40,0.1,0.0,,0.0,0.0,0.0,0.0,False,26,5,4,False,False,terminal,pca1,load_pipeline (invariant)
FEMTO,Bearing2_2,42,LSTM-Autoencoder,lstm_ae,aggregate,2,1.0,2011-01-01 02:06:40,2011-01-01 02:12:40,0.1,,,,,,,False,26,5,4,False,False,terminal,pca1,load_pipeline (invariant)
FEMTO,Bearing2_2,42,TCN-Autoencoder,tcn,aggregate,2,1.0,2011-01-01 02:06:40,2011-01-01 02:12:40,0.1,,,,,,,False,26,5,4,False,False,terminal,pca1,load_pipeline (invariant)
FEMTO,Bearing2_2,42,Transformer-AD,transformer_ad,aggregate,2,1.0,2011-01-01 02:06:40,2011-01-01 02:12:40,0.1,,,,,,,False,26,5,4,False,False,terminal,pca1,load_pipeline (invariant)
FEMTO,Bearing2_2,42,RMS-Trend (kσ),rms_trend,aggregate,5,1.0,2011-01-01 02:06:40,2011-01-01 02:12:40,0.1,0.0,,0.0,0.0,0.0,0.0,False,53,3,2,True,False,terminal,pca1,load_pipeline (invariant)
FEMTO,Bearing2_2,42,3σ Rule (σ=3.0),three_sigma,aggregate,5,1.0,2011-01-01 02:06:40,2011-01-01 02:12:40,0.1,0.8944444444444445,,12.5,8.944444444444445,0.0,100.0,False,53,3,2,True,False,terminal,pca1,load_pipeline (invariant)
FEMTO,Bearing2_2,42,"EWMA (λ=0.2, k=3.0)",ewma,aggregate,5,1.0,2011-01-01 02:06:40,2011-01-01 02:12:40,0.1,0.8611111111111112,,33.33333333333333,8.61111111111111,0.0,33.33333333333333,False,53,3,2,True,False,terminal,pca1,load_pipeline (invariant)
FEMTO,Bearing2_2,42,"CUSUM (k=0.5, h=5.0)",cusum,aggregate,5,1.0,2011-01-01 02:06:40,2011-01-01 02:12:40,0.1,0.7944444444444444,,87.5,7.944444444444444,0.7944444444444444,0.0,False,53,3,2,True,False,terminal,pca1,load_pipeline (invariant)
FEMTO,Bearing2_2,42,Hotelling T²,hotelling_t2,aggregate,5,1.0,2011-01-01 02:06:40,2011-01-01 02:12:40,0.1,0.8611111111111112,,29.166666666666668,8.61111111111111,0.0,33.33333333333333,False,53,3,2,True,False,terminal,pca1,load_pipeline (invariant)
FEMTO,Bearing2_2,42,Isolation Forest,isolation_forest,aggregate,5,1.0,2011-01-01 02:06:40,2011-01-01 02:12:40,0.1,0.8944444444444445,,33.33333333333333,8.944444444444445,0.0,100.0,False,53,3,2,True,False,terminal,pca1,load_pipeline (invariant)
FEMTO,Bearing2_2,42,Deep SVDD,deep_svdd,aggregate,5,1.0,2011-01-01 02:06:40,2011-01-01 02:12:40,0.1,0.0,,0.0,0.0,0.0,0.0,False,53,3,2,True,False,terminal,pca1,load_pipeline (invariant)
FEMTO,Bearing2_2,42,LSTM-Autoencoder,lstm_ae,aggregate,5,1.0,2011-01-01 02:06:40,2011-01-01 02:12:40,0.1,0.8944444444444445,,100.0,8.944444444444445,0.0,100.0,False,53,3,2,True,False,terminal,pca1,load_pipeline (invariant)
FEMTO,Bearing2_2,42,TCN-Autoencoder,tcn,aggregate,5,1.0,2011-01-01 02:06:40,2011-01-01 02:12:40,0.1,0.8944444444444445,,100.0,8.944444444444445,0.0,100.0,False,53,3,2,True,False,terminal,pca1,load_pipeline (invariant)
FEMTO,Bearing2_2,42,Transformer-AD,transformer_ad,aggregate,5,1.0,2011-01-01 02:06:40,2011-01-01 02:12:40,0.1,0.8944444444444445,,100.0,8.944444444444445,0.0,100.0,False,53,3,2,True,False,terminal,pca1,load_pipeline (invariant)
FEMTO,Bearing2_2,42,RMS-Trend (kσ),rms_trend,aggregate,10,2.0,2011-01-01 02:06:40,2011-01-01 02:12:40,0.1,0.044444444444444446,0.05555555555555555,0.0,0.4444444444444444,0.044444444444444446,0.0,True,26,3,1,True,False,terminal,pca1,load_pipeline (invariant)
FEMTO,Bearing2_2,42,3σ Rule (σ=3.0),three_sigma,aggregate,10,2.0,2011-01-01 02:06:40,2011-01-01 02:12:40,0.1,0.8111111111111111,,41.66666666666667,8.11111111111111,0.8111111111111111,0.0,False,26,3,1,True,False,terminal,pca1,load_pipeline (invariant)
FEMTO,Bearing2_2,42,"EWMA (λ=0.2, k=3.0)",ewma,aggregate,10,2.0,2011-01-01 02:06:40,2011-01-01 02:12:40,0.1,0.7777777777777778,,50.0,7.777777777777778,0.7777777777777778,0.0,False,26,3,1,True,False,terminal,pca1,load_pipeline (invariant)
FEMTO,Bearing2_2,42,"CUSUM (k=0.5, h=5.0)",cusum,aggregate,10,2.0,2011-01-01 02:06:40,2011-01-01 02:12:40,0.1,0.7444444444444445,,83.33333333333334,7.444444444444445,0.7444444444444445,0.0,False,26,3,1,True,False,terminal,pca1,load_pipeline (invariant)
FEMTO,Bearing2_2,42,Hotelling T²,hotelling_t2,aggregate,10,2.0,2011-01-01 02:06:40,2011-01-01 02:12:40,0.1,0.8777777777777778,,100.0,8.777777777777777,0.0,100.0,False,26,3,1,True,False,terminal,pca1,load_pipeline (invariant)
FEMTO,Bearing2_2,42,Isolation Forest,isolation_forest,aggregate,10,2.0,2011-01-01 02:06:40,2011-01-01 02:12:40,0.1,0.8777777777777778,,16.666666666666664,8.777777777777777,0.0,50.0,False,26,3,1,True,False,terminal,pca1,load_pipeline (invariant)
FEMTO,Bearing2_2,42,Deep SVDD,deep_svdd,aggregate,10,2.0,2011-01-01 02:06:40,2011-01-01 02:12:40,0.1,0.044444444444444446,0.05555555555555555,0.0,0.4444444444444444,0.044444444444444446,0.0,True,26,3,1,True,False,terminal,pca1,load_pipeline (invariant)
FEMTO,Bearing2_2,42,LSTM-Autoencoder,lstm_ae,aggregate,10,2.0,2011-01-01 02:06:40,2011-01-01 02:12:40,0.1,,,,,,,False,26,3,1,True,False,terminal,pca1,load_pipeline (invariant)
FEMTO,Bearing2_2,42,TCN-Autoencoder,tcn,aggregate,10,2.0,2011-01-01 02:06:40,2011-01-01 02:12:40,0.1,,,,,,,False,26,3,1,True,False,terminal,pca1,load_pipeline (invariant)
FEMTO,Bearing2_2,42,Transformer-AD,transformer_ad,aggregate,10,2.0,2011-01-01 02:06:40,2011-01-01 02:12:40,0.1,,,,,,,False,26,3,1,True,False,terminal,pca1,load_pipeline (invariant)
FEMTO,Bearing2_2,42,RMS-Trend (kσ),rms_trend,aggregate,20,3.0,2011-01-01 02:06:40,2011-01-01 02:12:40,0.1,0.06111111111111111,0.03888888888888889,0.0,0.611111111111111,0.06111111111111111,0.0,True,18,3,1,True,False,terminal,pca1,load_pipeline (invariant)
FEMTO,Bearing2_2,42,3σ Rule (σ=3.0),three_sigma,aggregate,20,3.0,2011-01-01 02:06:40,2011-01-01 02:12:40,0.1,0.16111111111111112,,11.76470588235294,1.6111111111111112,0.16111111111111112,0.0,False,18,3,1,True,False,terminal,pca1,load_pipeline (invariant)
FEMTO,Bearing2_2,42,"EWMA (λ=0.2, k=3.0)",ewma,aggregate,20,3.0,2011-01-01 02:06:40,2011-01-01 02:12:40,0.1,0.8111111111111111,,52.94117647058824,8.11111111111111,0.8111111111111111,0.0,False,18,3,1,True,False,terminal,pca1,load_pipeline (invariant)
FEMTO,Bearing2_2,42,"CUSUM (k=0.5, h=5.0)",cusum,aggregate,20,3.0,2011-01-01 02:06:40,2011-01-01 02:12:40,0.1,0.7611111111111111,,82.35294117647058,7.611111111111111,0.7611111111111111,0.0,False,18,3,1,True,False,terminal,pca1,load_pipeline (invariant)
FEMTO,Bearing2_2,42,Hotelling T²,hotelling_t2,aggregate,20,3.0,2011-01-01 02:06:40,2011-01-01 02:12:40,0.1,0.9111111111111111,,94.11764705882352,9.11111111111111,0.0,100.0,False,18,3,1,True,False,terminal,pca1,load_pipeline (invariant)
FEMTO,Bearing2_2,42,Isolation Forest,isolation_forest,aggregate,20,3.0,2011-01-01 02:06:40,2011-01-01 02:12:40,0.1,0.16111111111111112,,11.76470588235294,1.6111111111111112,0.16111111111111112,0.0,False,18,3,1,True,False,terminal,pca1,load_pipeline (invariant)
FEMTO,Bearing2_2,42,Deep SVDD,deep_svdd,aggregate,20,3.0,2011-01-01 02:06:40,2011-01-01 02:12:40,0.1,0.06111111111111111,0.03888888888888889,0.0,0.611111111111111,0.06111111111111111,0.0,True,18,3,1,True,False,terminal,pca1,load_pipeline (invariant)
FEMTO,Bearing2_2,42,LSTM-Autoencoder,lstm_ae,aggregate,20,3.0,2011-01-01 02:06:40,2011-01-01 02:12:40,0.1,,,,,,,False,18,3,1,True,False,terminal,pca1,load_pipeline (invariant)
FEMTO,Bearing2_2,42,TCN-Autoencoder,tcn,aggregate,20,3.0,2011-01-01 02:06:40,2011-01-01 02:12:40,0.1,,,,,,,False,18,3,1,True,False,terminal,pca1,load_pipeline (invariant)
FEMTO,Bearing2_2,42,Transformer-AD,transformer_ad,aggregate,20,3.0,2011-01-01 02:06:40,2011-01-01 02:12:40,0.1,,,,,,,False,18,3,1,True,False,terminal,pca1,load_pipeline (invariant)
FEMTO,Bearing2_2,42,RMS-Trend (kσ),rms_trend,decimate,1,0.17,2011-01-01 02:06:40,2011-01-01 02:12:40,0.1,0.0,,0.0,0.0,0.0,0.0,False,64,10,3,False,False,terminal,pca1,load_pipeline (invariant)
FEMTO,Bearing2_2,42,3σ Rule (σ=3.0),three_sigma,decimate,1,0.17,2011-01-01 02:06:40,2011-01-01 02:12:40,0.1,0.12777777777777777,,3.508771929824561,1.2777777777777777,0.12777777777777777,0.0,True,64,10,3,False,False,terminal,pca1,load_pipeline (invariant)
FEMTO,Bearing2_2,42,"EWMA (λ=0.2, k=3.0)",ewma,decimate,1,0.17,2011-01-01 02:06:40,2011-01-01 02:12:40,0.1,0.8638888888888889,,29.82456140350877,8.63888888888889,0.0,50.0,False,64,10,3,False,False,terminal,pca1,load_pipeline (invariant)
FEMTO,Bearing2_2,42,"CUSUM (k=0.5, h=5.0)",cusum,decimate,1,0.17,2011-01-01 02:06:40,2011-01-01 02:12:40,0.1,0.8361111111111111,,92.98245614035088,8.36111111111111,0.8361111111111111,0.0,False,64,10,3,False,False,terminal,pca1,load_pipeline (invariant)
FEMTO,Bearing2_2,42,Hotelling T²,hotelling_t2,decimate,1,0.17,2011-01-01 02:06:40,2011-01-01 02:12:40,0.1,0.8777777777777778,,28.07017543859649,8.777777777777777,0.0,75.0,False,64,10,3,False,False,terminal,pca1,load_pipeline (invariant)
FEMTO,Bearing2_2,42,Isolation Forest,isolation_forest,decimate,1,0.17,2011-01-01 02:06:40,2011-01-01 02:12:40,0.1,0.8916666666666667,,24.561403508771928,8.916666666666666,0.0,100.0,False,64,10,3,False,False,terminal,pca1,load_pipeline (invariant)
FEMTO,Bearing2_2,42,Deep SVDD,deep_svdd,decimate,1,0.17,2011-01-01 02:06:40,2011-01-01 02:12:40,0.1,0.0,,0.0,0.0,0.0,0.0,False,64,10,3,False,False,terminal,pca1,load_pipeline (invariant)
FEMTO,Bearing2_2,42,LSTM-Autoencoder,lstm_ae,decimate,1,0.17,2011-01-01 02:06:40,2011-01-01 02:12:40,0.1,0.8916666666666667,,100.0,8.916666666666666,0.0,100.0,False,64,10,3,False,False,terminal,pca1,load_pipeline (invariant)
FEMTO,Bearing2_2,42,TCN-Autoencoder,tcn,decimate,1,0.17,2011-01-01 02:06:40,2011-01-01 02:12:40,0.1,0.8916666666666667,,100.0,8.916666666666666,0.0,100.0,False,64,10,3,False,False,terminal,pca1,load_pipeline (invariant)
FEMTO,Bearing2_2,42,Transformer-AD,transformer_ad,decimate,1,0.17,2011-01-01 02:06:40,2011-01-01 02:12:40,0.1,0.8916666666666667,,100.0,8.916666666666666,0.0,100.0,False,64,10,3,False,False,terminal,pca1,load_pipeline (invariant)
FEMTO,Bearing2_2,42,RMS-Trend (kσ),rms_trend,decimate,2,0.33,2011-01-01 02:06:40,2011-01-01 02:12:40,0.1,0.0,,0.0,0.0,0.0,0.0,False,80,5,4,False,False,terminal,pca1,load_pipeline (invariant)
FEMTO,Bearing2_2,42,3σ Rule (σ=3.0),three_sigma,decimate,2,0.33,2011-01-01 02:06:40,2011-01-01 02:12:40,0.1,0.13333333333333333,,4.225352112676056,1.3333333333333333,0.13333333333333333,0.0,True,80,5,4,False,False,terminal,pca1,load_pipeline (invariant)
FEMTO,Bearing2_2,42,"EWMA (λ=0.2, k=3.0)",ewma,decimate,2,0.33,2011-01-01 02:06:40,2011-01-01 02:12:40,0.1,0.8444444444444444,,29.577464788732392,8.444444444444445,0.0,20.0,False,80,5,4,False,False,terminal,pca1,load_pipeline (invariant)
FEMTO,Bearing2_2,42,"CUSUM (k=0.5, h=5.0)",cusum,decimate,2,0.33,2011-01-01 02:06:40,2011-01-01 02:12:40,0.1,0.8111111111111111,,90.14084507042254,8.11111111111111,0.8111111111111111,0.0,False,80,5,4,False,False,terminal,pca1,load_pipeline (invariant)
FEMTO,Bearing2_2,42,Hotelling T²,hotelling_t2,decimate,2,0.33,2011-01-01 02:06:40,2011-01-01 02:12:40,0.1,0.13333333333333333,,4.225352112676056,1.3333333333333333,0.13333333333333333,0.0,True,80,5,4,False,False,terminal,pca1,load_pipeline (invariant)
FEMTO,Bearing2_2,42,Isolation Forest,isolation_forest,decimate,2,0.33,2011-01-01 02:06:40,2011-01-01 02:12:40,0.1,0.13333333333333333,,4.225352112676056,1.3333333333333333,0.13333333333333333,0.0,True,80,5,4,False,False,terminal,pca1,load_pipeline (invariant)
FEMTO,Bearing2_2,42,Deep SVDD,deep_svdd,decimate,2,0.33,2011-01-01 02:06:40,2011-01-01 02:12:40,0.1,0.0,,0.0,0.0,0.0,0.0,False,80,5,4,False,False,terminal,pca1,load_pipeline (invariant)
FEMTO,Bearing2_2,42,LSTM-Autoencoder,lstm_ae,decimate,2,0.33,2011-01-01 02:06:40,2011-01-01 02:12:40,0.1,0.8888888888888888,,100.0,8.888888888888888,0.0,100.0,False,80,5,4,False,False,terminal,pca1,load_pipeline (invariant)
FEMTO,Bearing2_2,42,TCN-Autoencoder,tcn,decimate,2,0.33,2011-01-01 02:06:40,2011-01-01 02:12:40,0.1,0.8888888888888888,,100.0,8.888888888888888,0.0,100.0,False,80,5,4,False,False,terminal,pca1,load_pipeline (invariant)
FEMTO,Bearing2_2,42,Transformer-AD,transformer_ad,decimate,2,0.33,2011-01-01 02:06:40,2011-01-01 02:12:40,0.1,0.5666666666666667,,42.25352112676056,5.666666666666666,0.5666666666666667,0.0,False,80,5,4,False,False,terminal,pca1,load_pipeline (invariant)
FEMTO,Bearing2_2,42,RMS-Trend (kσ),rms_trend,decimate,5,0.83,2011-01-01 02:06:40,2011-01-01 02:12:40,0.1,0.0,,0.0,0.0,0.0,0.0,False,64,3,2,True,False,terminal,pca1,load_pipeline (invariant)
FEMTO,Bearing2_2,42,3σ Rule (σ=3.0),three_sigma,decimate,5,0.83,2011-01-01 02:06:40,2011-01-01 02:12:40,0.1,0.8916666666666667,,14.035087719298245,8.916666666666666,0.0,50.0,False,64,3,2,True,False,terminal,pca1,load_pipeline (invariant)
FEMTO,Bearing2_2,42,"EWMA (λ=0.2, k=3.0)",ewma,decimate,5,0.83,2011-01-01 02:06:40,2011-01-01 02:12:40,0.1,0.8777777777777778,,43.859649122807014,8.777777777777777,0.0,75.0,False,64,3,2,True,False,terminal,pca1,load_pipeline (invariant)
FEMTO,Bearing2_2,42,"CUSUM (k=0.5, h=5.0)",cusum,decimate,5,0.83,2011-01-01 02:06:40,2011-01-01 02:12:40,0.1,0.8361111111111111,,92.98245614035088,8.36111111111111,0.8361111111111111,0.0,False,64,3,2,True,False,terminal,pca1,load_pipeline (invariant)
FEMTO,Bearing2_2,42,Hotelling T²,hotelling_t2,decimate,5,0.83,2011-01-01 02:06:40,2011-01-01 02:12:40,0.1,0.8916666666666667,,12.280701754385964,8.916666666666666,0.0,75.0,False,64,3,2,True,False,terminal,pca1,load_pipeline (invariant)
FEMTO,Bearing2_2,42,Isolation Forest,isolation_forest,decimate,5,0.83,2011-01-01 02:06:40,2011-01-01 02:12:40,0.1,0.8916666666666667,,15.789473684210526,8.916666666666666,0.0,100.0,False,64,3,2,True,False,terminal,pca1,load_pipeline (invariant)
FEMTO,Bearing2_2,42,Deep SVDD,deep_svdd,decimate,5,0.83,2011-01-01 02:06:40,2011-01-01 02:12:40,0.1,0.0,,0.0,0.0,0.0,0.0,False,64,3,2,True,False,terminal,pca1,load_pipeline (invariant)
FEMTO,Bearing2_2,42,LSTM-Autoencoder,lstm_ae,decimate,5,0.83,2011-01-01 02:06:40,2011-01-01 02:12:40,0.1,0.8916666666666667,,100.0,8.916666666666666,0.0,100.0,False,64,3,2,True,False,terminal,pca1,load_pipeline (invariant)
FEMTO,Bearing2_2,42,TCN-Autoencoder,tcn,decimate,5,0.83,2011-01-01 02:06:40,2011-01-01 02:12:40,0.1,0.8916666666666667,,100.0,8.916666666666666,0.0,100.0,False,64,3,2,True,False,terminal,pca1,load_pipeline (invariant)
FEMTO,Bearing2_2,42,Transformer-AD,transformer_ad,decimate,5,0.83,2011-01-01 02:06:40,2011-01-01 02:12:40,0.1,0.8916666666666667,,100.0,8.916666666666666,0.0,100.0,False,64,3,2,True,False,terminal,pca1,load_pipeline (invariant)
FEMTO,Bearing2_2,42,RMS-Trend (kσ),rms_trend,decimate,10,1.67,2011-01-01 02:06:40,2011-01-01 02:12:40,0.1,0.044444444444444446,0.05555555555555555,0.0,0.4444444444444444,0.044444444444444446,0.0,True,32,3,1,True,False,terminal,pca1,load_pipeline (invariant)
FEMTO,Bearing2_2,42,3σ Rule (σ=3.0),three_sigma,decimate,10,1.67,2011-01-01 02:06:40,2011-01-01 02:12:40,0.1,0.9055555555555556,,41.37931034482759,9.055555555555555,0.0,100.0,False,32,3,1,True,False,terminal,pca1,load_pipeline (invariant)
FEMTO,Bearing2_2,42,"EWMA (λ=0.2, k=3.0)",ewma,decimate,10,1.67,2011-01-01 02:06:40,2011-01-01 02:12:40,0.1,0.9055555555555556,,96.55172413793103,9.055555555555555,0.0,100.0,False,32,3,1,True,False,terminal,pca1,load_pipeline (invariant)
FEMTO,Bearing2_2,42,"CUSUM (k=0.5, h=5.0)",cusum,decimate,10,1.67,2011-01-01 02:06:40,2011-01-01 02:12:40,0.1,0.9055555555555556,,100.0,9.055555555555555,0.0,100.0,False,32,3,1,True,False,terminal,pca1,load_pipeline (invariant)
FEMTO,Bearing2_2,42,Hotelling T²,hotelling_t2,decimate,10,1.67,2011-01-01 02:06:40,2011-01-01 02:12:40,0.1,0.9055555555555556,,58.620689655172406,9.055555555555555,0.0,100.0,False,32,3,1,True,False,terminal,pca1,load_pipeline (invariant)
FEMTO,Bearing2_2,42,Isolation Forest,isolation_forest,decimate,10,1.67,2011-01-01 02:06:40,2011-01-01 02:12:40,0.1,0.9055555555555556,,68.96551724137932,9.055555555555555,0.0,100.0,False,32,3,1,True,False,terminal,pca1,load_pipeline (invariant)
FEMTO,Bearing2_2,42,Deep SVDD,deep_svdd,decimate,10,1.67,2011-01-01 02:06:40,2011-01-01 02:12:40,0.1,0.044444444444444446,0.05555555555555555,0.0,0.4444444444444444,0.044444444444444446,0.0,True,32,3,1,True,False,terminal,pca1,load_pipeline (invariant)
FEMTO,Bearing2_2,42,LSTM-Autoencoder,lstm_ae,decimate,10,1.67,2011-01-01 02:06:40,2011-01-01 02:12:40,0.1,0.9055555555555556,,100.0,9.055555555555555,0.0,100.0,False,32,3,1,True,False,terminal,pca1,load_pipeline (invariant)
FEMTO,Bearing2_2,42,TCN-Autoencoder,tcn,decimate,10,1.67,2011-01-01 02:06:40,2011-01-01 02:12:40,0.1,0.9055555555555556,,100.0,9.055555555555555,0.0,100.0,False,32,3,1,True,False,terminal,pca1,load_pipeline (invariant)
FEMTO,Bearing2_2,42,Transformer-AD,transformer_ad,decimate,10,1.67,2011-01-01 02:06:40,2011-01-01 02:12:40,0.1,0.9055555555555556,,100.0,9.055555555555555,0.0,100.0,False,32,3,1,True,False,terminal,pca1,load_pipeline (invariant)
FEMTO,Bearing2_2,42,RMS-Trend (kσ),rms_trend,decimate,20,3.33,2011-01-01 02:06:40,2011-01-01 02:12:40,0.1,0.1,0.0,0.0,1.0,0.1,0.0,True,16,3,1,True,False,terminal,pca1,load_pipeline (invariant)
FEMTO,Bearing2_2,42,3σ Rule (σ=3.0),three_sigma,decimate,20,3.33,2011-01-01 02:06:40,2011-01-01 02:12:40,0.1,0.26666666666666666,,20.0,2.6666666666666665,0.26666666666666666,0.0,False,16,3,1,True,False,terminal,pca1,load_pipeline (invariant)
FEMTO,Bearing2_2,42,"EWMA (λ=0.2, k=3.0)",ewma,decimate,20,3.33,2011-01-01 02:06:40,2011-01-01 02:12:40,0.1,0.9333333333333333,,100.0,9.333333333333332,0.0,100.0,False,16,3,1,True,False,terminal,pca1,load_pipeline (invariant)
FEMTO,Bearing2_2,42,"CUSUM (k=0.5, h=5.0)",cusum,decimate,20,3.33,2011-01-01 02:06:40,2011-01-01 02:12:40,0.1,0.9333333333333333,,100.0,9.333333333333332,0.0,100.0,False,16,3,1,True,False,terminal,pca1,load_pipeline (invariant)
FEMTO,Bearing2_2,42,Hotelling T²,hotelling_t2,decimate,20,3.33,2011-01-01 02:06:40,2011-01-01 02:12:40,0.1,0.9333333333333333,,100.0,9.333333333333332,0.0,100.0,False,16,3,1,True,False,terminal,pca1,load_pipeline (invariant)
FEMTO,Bearing2_2,42,Isolation Forest,isolation_forest,decimate,20,3.33,2011-01-01 02:06:40,2011-01-01 02:12:40,0.1,0.9333333333333333,,46.666666666666664,9.333333333333332,0.0,100.0,False,16,3,1,True,False,terminal,pca1,load_pipeline (invariant)
FEMTO,Bearing2_2,42,Deep SVDD,deep_svdd,decimate,20,3.33,2011-01-01 02:06:40,2011-01-01 02:12:40,0.1,0.1,0.0,0.0,1.0,0.1,0.0,True,16,3,1,True,False,terminal,pca1,load_pipeline (invariant)
FEMTO,Bearing2_2,42,LSTM-Autoencoder,lstm_ae,decimate,20,3.33,2011-01-01 02:06:40,2011-01-01 02:12:40,0.1,,,,,,,False,16,3,1,True,False,terminal,pca1,load_pipeline (invariant)
FEMTO,Bearing2_2,42,TCN-Autoencoder,tcn,decimate,20,3.33,2011-01-01 02:06:40,2011-01-01 02:12:40,0.1,,,,,,,False,16,3,1,True,False,terminal,pca1,load_pipeline (invariant)
FEMTO,Bearing2_2,42,Transformer-AD,transformer_ad,decimate,20,3.33,2011-01-01 02:06:40,2011-01-01 02:12:40,0.1,,,,,,,False,16,3,1,True,False,terminal,pca1,load_pipeline (invariant)
FEMTO,Bearing3_1,42,RMS-Trend (kσ),rms_trend,aggregate,1,0.17,2011-01-01 01:21:40,2011-01-01 01:25:40,0.07,0.0,,0.0,0.0,0.0,0.0,False,41,10,3,False,False,terminal,pca1,load_pipeline (invariant)
FEMTO,Bearing3_1,42,3σ Rule (σ=3.0),three_sigma,aggregate,1,0.17,2011-01-01 01:21:40,2011-01-01 01:25:40,0.07,0.06666666666666667,0.0,0.0,1.0,0.06666666666666667,0.0,True,41,10,3,False,False,terminal,pca1,load_pipeline (invariant)
FEMTO,Bearing3_1,42,"EWMA (λ=0.2, k=3.0)",ewma,aggregate,1,0.17,2011-01-01 01:21:40,2011-01-01 01:25:40,0.07,0.06666666666666667,0.0,0.0,1.0,0.06666666666666667,0.0,True,41,10,3,False,False,terminal,pca1,load_pipeline (invariant)
FEMTO,Bearing3_1,42,"CUSUM (k=0.5, h=5.0)",cusum,aggregate,1,0.17,2011-01-01 01:21:40,2011-01-01 01:25:40,0.07,0.06666666666666667,0.0,0.0,1.0,0.06666666666666667,0.0,True,41,10,3,False,False,terminal,pca1,load_pipeline (invariant)
FEMTO,Bearing3_1,42,Hotelling T²,hotelling_t2,aggregate,1,0.17,2011-01-01 01:21:40,2011-01-01 01:25:40,0.07,0.08055555555555556,,2.7777777777777777,1.2083333333333335,0.08055555555555556,0.0,True,41,10,3,False,False,terminal,pca1,load_pipeline (invariant)
FEMTO,Bearing3_1,42,Isolation Forest,isolation_forest,aggregate,1,0.17,2011-01-01 01:21:40,2011-01-01 01:25:40,0.07,0.06666666666666667,0.0,0.0,1.0,0.06666666666666667,0.0,True,41,10,3,False,False,terminal,pca1,load_pipeline (invariant)
FEMTO,Bearing3_1,42,Deep SVDD,deep_svdd,aggregate,1,0.17,2011-01-01 01:21:40,2011-01-01 01:25:40,0.07,0.0,,0.0,0.0,0.0,0.0,False,41,10,3,False,False,terminal,pca1,load_pipeline (invariant)
FEMTO,Bearing3_1,42,LSTM-Autoencoder,lstm_ae,aggregate,1,0.17,2011-01-01 01:21:40,2011-01-01 01:25:40,0.07,0.08055555555555556,,2.7777777777777777,1.2083333333333335,0.08055555555555556,0.0,True,41,10,3,False,False,terminal,pca1,load_pipeline (invariant)
FEMTO,Bearing3_1,42,TCN-Autoencoder,tcn,aggregate,1,0.17,2011-01-01 01:21:40,2011-01-01 01:25:40,0.07,0.09444444444444444,,5.555555555555555,1.4166666666666667,0.09444444444444444,0.0,True,41,10,3,False,False,terminal,pca1,load_pipeline (invariant)
FEMTO,Bearing3_1,42,Transformer-AD,transformer_ad,aggregate,1,0.17,2011-01-01 01:21:40,2011-01-01 01:25:40,0.07,0.08055555555555556,,2.7777777777777777,1.2083333333333335,0.08055555555555556,0.0,True,41,10,3,False,False,terminal,pca1,load_pipeline (invariant)
FEMTO,Bearing3_1,42,RMS-Trend (kσ),rms_trend,aggregate,2,1.0,2011-01-01 01:21:40,2011-01-01 01:25:40,0.07,0.0,,0.0,0.0,0.0,0.0,False,17,5,4,False,False,terminal,pca1,load_pipeline (invariant)
FEMTO,Bearing3_1,42,3σ Rule (σ=3.0),three_sigma,aggregate,2,1.0,2011-01-01 01:21:40,2011-01-01 01:25:40,0.07,0.0,,0.0,0.0,0.0,0.0,False,17,5,4,False,False,terminal,pca1,load_pipeline (invariant)
FEMTO,Bearing3_1,42,"EWMA (λ=0.2, k=3.0)",ewma,aggregate,2,1.0,2011-01-01 01:21:40,2011-01-01 01:25:40,0.07,0.0,,0.0,0.0,0.0,0.0,False,17,5,4,False,False,terminal,pca1,load_pipeline (invariant)
FEMTO,Bearing3_1,42,"CUSUM (k=0.5, h=5.0)",cusum,aggregate,2,1.0,2011-01-01 01:21:40,2011-01-01 01:25:40,0.07,0.0,,0.0,0.0,0.0,0.0,False,17,5,4,False,False,terminal,pca1,load_pipeline (invariant)
FEMTO,Bearing3_1,42,Hotelling T²,hotelling_t2,aggregate,2,1.0,2011-01-01 01:21:40,2011-01-01 01:25:40,0.07,0.0,,0.0,0.0,0.0,0.0,False,17,5,4,False,False,terminal,pca1,load_pipeline (invariant)
FEMTO,Bearing3_1,42,Isolation Forest,isolation_forest,aggregate,2,1.0,2011-01-01 01:21:40,2011-01-01 01:25:40,0.07,0.0,,0.0,0.0,0.0,0.0,False,17,5,4,False,False,terminal,pca1,load_pipeline (invariant)
FEMTO,Bearing3_1,42,Deep SVDD,deep_svdd,aggregate,2,1.0,2011-01-01 01:21:40,2011-01-01 01:25:40,0.07,0.0,,0.0,0.0,0.0,0.0,False,17,5,4,False,False,terminal,pca1,load_pipeline (invariant)
FEMTO,Bearing3_1,42,LSTM-Autoencoder,lstm_ae,aggregate,2,1.0,2011-01-01 01:21:40,2011-01-01 01:25:40,0.07,,,,,,,False,17,5,4,False,False,terminal,pca1,load_pipeline (invariant)
FEMTO,Bearing3_1,42,TCN-Autoencoder,tcn,aggregate,2,1.0,2011-01-01 01:21:40,2011-01-01 01:25:40,0.07,,,,,,,False,17,5,4,False,False,terminal,pca1,load_pipeline (invariant)
FEMTO,Bearing3_1,42,Transformer-AD,transformer_ad,aggregate,2,1.0,2011-01-01 01:21:40,2011-01-01 01:25:40,0.07,,,,,,,False,17,5,4,False,False,terminal,pca1,load_pipeline (invariant)
FEMTO,Bearing3_1,42,RMS-Trend (kσ),rms_trend,aggregate,5,1.0,2011-01-01 01:21:40,2011-01-01 01:25:40,0.07,0.07777777777777778,,3.225806451612903,1.1666666666666667,0.07777777777777778,0.0,True,34,3,2,True,False,terminal,pca1,load_pipeline (invariant)
FEMTO,Bearing3_1,42,3σ Rule (σ=3.0),three_sigma,aggregate,5,1.0,2011-01-01 01:21:40,2011-01-01 01:25:40,0.07,0.09444444444444444,,6.451612903225806,1.4166666666666667,0.09444444444444444,0.0,True,34,3,2,True,False,terminal,pca1,load_pipeline (invariant)
FEMTO,Bearing3_1,42,"EWMA (λ=0.2, k=3.0)",ewma,aggregate,5,1.0,2011-01-01 01:21:40,2011-01-01 01:25:40,0.07,0.09444444444444444,,6.451612903225806,1.4166666666666667,0.09444444444444444,0.0,True,34,3,2,True,False,terminal,pca1,load_pipeline (invariant)
FEMTO,Bearing3_1,42,"CUSUM (k=0.5, h=5.0)",cusum,aggregate,5,1.0,2011-01-01 01:21:40,2011-01-01 01:25:40,0.07,0.09444444444444444,,6.451612903225806,1.4166666666666667,0.09444444444444444,0.0,True,34,3,2,True,False,terminal,pca1,load_pipeline (invariant)
FEMTO,Bearing3_1,42,Hotelling T²,hotelling_t2,aggregate,5,1.0,2011-01-01 01:21:40,2011-01-01 01:25:40,0.07,0.19444444444444445,,22.58064516129032,2.916666666666667,0.19444444444444445,0.0,False,34,3,2,True,False,terminal,pca1,load_pipeline (invariant)
FEMTO,Bearing3_1,42,Isolation Forest,isolation_forest,aggregate,5,1.0,2011-01-01 01:21:40,2011-01-01 01:25:40,0.07,0.09444444444444444,,6.451612903225806,1.4166666666666667,0.09444444444444444,0.0,True,34,3,2,True,False,terminal,pca1,load_pipeline (invariant)
FEMTO,Bearing3_1,42,Deep SVDD,deep_svdd,aggregate,5,1.0,2011-01-01 01:21:40,2011-01-01 01:25:40,0.07,0.07777777777777778,,3.225806451612903,1.1666666666666667,0.07777777777777778,0.0,True,34,3,2,True,False,terminal,pca1,load_pipeline (invariant)
FEMTO,Bearing3_1,42,LSTM-Autoencoder,lstm_ae,aggregate,5,1.0,2011-01-01 01:21:40,2011-01-01 01:25:40,0.07,0.5777777777777777,,100.0,8.666666666666666,0.0,100.0,False,34,3,2,True,False,terminal,pca1,load_pipeline (invariant)
FEMTO,Bearing3_1,42,TCN-Autoencoder,tcn,aggregate,5,1.0,2011-01-01 01:21:40,2011-01-01 01:25:40,0.07,0.5777777777777777,,100.0,8.666666666666666,0.0,100.0,False,34,3,2,True,False,terminal,pca1,load_pipeline (invariant)
FEMTO,Bearing3_1,42,Transformer-AD,transformer_ad,aggregate,5,1.0,2011-01-01 01:21:40,2011-01-01 01:25:40,0.07,0.5777777777777777,,100.0,8.666666666666666,0.0,100.0,False,34,3,2,True,False,terminal,pca1,load_pipeline (invariant)
FEMTO,Bearing3_1,42,RMS-Trend (kσ),rms_trend,aggregate,10,2.0,2011-01-01 01:21:40,2011-01-01 01:25:40,0.07,0.09444444444444444,,6.25,1.4166666666666667,0.09444444444444444,0.0,True,17,3,1,True,False,terminal,pca1,load_pipeline (invariant)
FEMTO,Bearing3_1,42,3σ Rule (σ=3.0),three_sigma,aggregate,10,2.0,2011-01-01 01:21:40,2011-01-01 01:25:40,0.07,0.12777777777777777,,12.5,1.9166666666666665,0.12777777777777777,0.0,False,17,3,1,True,False,terminal,pca1,load_pipeline (invariant)
FEMTO,Bearing3_1,42,"EWMA (λ=0.2, k=3.0)",ewma,aggregate,10,2.0,2011-01-01 01:21:40,2011-01-01 01:25:40,0.07,0.12777777777777777,,12.5,1.9166666666666665,0.12777777777777777,0.0,False,17,3,1,True,False,terminal,pca1,load_pipeline (invariant)
FEMTO,Bearing3_1,42,"CUSUM (k=0.5, h=5.0)",cusum,aggregate,10,2.0,2011-01-01 01:21:40,2011-01-01 01:25:40,0.07,0.12777777777777777,,12.5,1.9166666666666665,0.12777777777777777,0.0,False,17,3,1,True,False,terminal,pca1,load_pipeline (invariant)
FEMTO,Bearing3_1,42,Hotelling T²,hotelling_t2,aggregate,10,2.0,2011-01-01 01:21:40,2011-01-01 01:25:40,0.07,0.5944444444444444,,68.75,8.916666666666666,0.0,100.0,False,17,3,1,True,False,terminal,pca1,load_pipeline (invariant)
FEMTO,Bearing3_1,42,Isolation Forest,isolation_forest,aggregate,10,2.0,2011-01-01 01:21:40,2011-01-01 01:25:40,0.07,0.09444444444444444,,6.25,1.4166666666666667,0.09444444444444444,0.0,True,17,3,1,True,False,terminal,pca1,load_pipeline (invariant)
FEMTO,Bearing3_1,42,Deep SVDD,deep_svdd,aggregate,10,2.0,2011-01-01 01:21:40,2011-01-01 01:25:40,0.07,0.09444444444444444,,6.25,1.4166666666666667,0.09444444444444444,0.0,True,17,3,1,True,False,terminal,pca1,load_pipeline (invariant)
FEMTO,Bearing3_1,42,LSTM-Autoencoder,lstm_ae,aggregate,10,2.0,2011-01-01 01:21:40,2011-01-01 01:25:40,0.07,,,,,,,False,17,3,1,True,False,terminal,pca1,load_pipeline (invariant)
FEMTO,Bearing3_1,42,TCN-Autoencoder,tcn,aggregate,10,2.0,2011-01-01 01:21:40,2011-01-01 01:25:40,0.07,,,,,,,False,17,3,1,True,False,terminal,pca1,load_pipeline (invariant)
FEMTO,Bearing3_1,42,Transformer-AD,transformer_ad,aggregate,10,2.0,2011-01-01 01:21:40,2011-01-01 01:25:40,0.07,,,,,,,False,17,3,1,True,False,terminal,pca1,load_pipeline (invariant)
FEMTO,Bearing3_1,42,RMS-Trend (kσ),rms_trend,aggregate,20,3.0,2011-01-01 01:21:40,2011-01-01 01:25:40,0.07,0.07777777777777778,,9.090909090909092,1.1666666666666667,0.07777777777777778,0.0,True,11,3,1,True,False,terminal,pca1,load_pipeline (invariant)
FEMTO,Bearing3_1,42,3σ Rule (σ=3.0),three_sigma,aggregate,20,3.0,2011-01-01 01:21:40,2011-01-01 01:25:40,0.07,0.12777777777777777,,18.181818181818183,1.9166666666666665,0.12777777777777777,0.0,False,11,3,1,True,False,terminal,pca1,load_pipeline (invariant)
FEMTO,Bearing3_1,42,"EWMA (λ=0.2, k=3.0)",ewma,aggregate,20,3.0,2011-01-01 01:21:40,2011-01-01 01:25:40,0.07,0.12777777777777777,,18.181818181818183,1.9166666666666665,0.12777777777777777,0.0,False,11,3,1,True,False,terminal,pca1,load_pipeline (invariant)
FEMTO,Bearing3_1,42,"CUSUM (k=0.5, h=5.0)",cusum,aggregate,20,3.0,2011-01-01 01:21:40,2011-01-01 01:25:40,0.07,0.12777777777777777,,18.181818181818183,1.9166666666666665,0.12777777777777777,0.0,False,11,3,1,True,False,terminal,pca1,load_pipeline (invariant)
FEMTO,Bearing3_1,42,Hotelling T²,hotelling_t2,aggregate,20,3.0,2011-01-01 01:21:40,2011-01-01 01:25:40,0.07,0.5777777777777777,,72.72727272727273,8.666666666666666,0.0,100.0,False,11,3,1,True,False,terminal,pca1,load_pipeline (invariant)
FEMTO,Bearing3_1,42,Isolation Forest,isolation_forest,aggregate,20,3.0,2011-01-01 01:21:40,2011-01-01 01:25:40,0.07,0.12777777777777777,,18.181818181818183,1.9166666666666665,0.12777777777777777,0.0,False,11,3,1,True,False,terminal,pca1,load_pipeline (invariant)
FEMTO,Bearing3_1,42,Deep SVDD,deep_svdd,aggregate,20,3.0,2011-01-01 01:21:40,2011-01-01 01:25:40,0.07,0.12777777777777777,,18.181818181818183,1.9166666666666665,0.12777777777777777,0.0,False,11,3,1,True,False,terminal,pca1,load_pipeline (invariant)
FEMTO,Bearing3_1,42,LSTM-Autoencoder,lstm_ae,aggregate,20,3.0,2011-01-01 01:21:40,2011-01-01 01:25:40,0.07,,,,,,,False,11,3,1,True,False,terminal,pca1,load_pipeline (invariant)
FEMTO,Bearing3_1,42,TCN-Autoencoder,tcn,aggregate,20,3.0,2011-01-01 01:21:40,2011-01-01 01:25:40,0.07,,,,,,,False,11,3,1,True,False,terminal,pca1,load_pipeline (invariant)
FEMTO,Bearing3_1,42,Transformer-AD,transformer_ad,aggregate,20,3.0,2011-01-01 01:21:40,2011-01-01 01:25:40,0.07,,,,,,,False,11,3,1,True,False,terminal,pca1,load_pipeline (invariant)
FEMTO,Bearing3_1,42,RMS-Trend (kσ),rms_trend,decimate,1,0.17,2011-01-01 01:21:40,2011-01-01 01:25:40,0.07,0.0,,0.0,0.0,0.0,0.0,False,41,10,3,False,False,terminal,pca1,load_pipeline (invariant)
FEMTO,Bearing3_1,42,3σ Rule (σ=3.0),three_sigma,decimate,1,0.17,2011-01-01 01:21:40,2011-01-01 01:25:40,0.07,0.06666666666666667,0.0,0.0,1.0,0.06666666666666667,0.0,True,41,10,3,False,False,terminal,pca1,load_pipeline (invariant)
FEMTO,Bearing3_1,42,"EWMA (λ=0.2, k=3.0)",ewma,decimate,1,0.17,2011-01-01 01:21:40,2011-01-01 01:25:40,0.07,0.06666666666666667,0.0,0.0,1.0,0.06666666666666667,0.0,True,41,10,3,False,False,terminal,pca1,load_pipeline (invariant)
FEMTO,Bearing3_1,42,"CUSUM (k=0.5, h=5.0)",cusum,decimate,1,0.17,2011-01-01 01:21:40,2011-01-01 01:25:40,0.07,0.06666666666666667,0.0,0.0,1.0,0.06666666666666667,0.0,True,41,10,3,False,False,terminal,pca1,load_pipeline (invariant)
FEMTO,Bearing3_1,42,Hotelling T²,hotelling_t2,decimate,1,0.17,2011-01-01 01:21:40,2011-01-01 01:25:40,0.07,0.08055555555555556,,2.7777777777777777,1.2083333333333335,0.08055555555555556,0.0,True,41,10,3,False,False,terminal,pca1,load_pipeline (invariant)
FEMTO,Bearing3_1,42,Isolation Forest,isolation_forest,decimate,1,0.17,2011-01-01 01:21:40,2011-01-01 01:25:40,0.07,0.06666666666666667,0.0,0.0,1.0,0.06666666666666667,0.0,True,41,10,3,False,False,terminal,pca1,load_pipeline (invariant)
FEMTO,Bearing3_1,42,Deep SVDD,deep_svdd,decimate,1,0.17,2011-01-01 01:21:40,2011-01-01 01:25:40,0.07,0.0,,0.0,0.0,0.0,0.0,False,41,10,3,False,False,terminal,pca1,load_pipeline (invariant)
FEMTO,Bearing3_1,42,LSTM-Autoencoder,lstm_ae,decimate,1,0.17,2011-01-01 01:21:40,2011-01-01 01:25:40,0.07,0.08055555555555556,,2.7777777777777777,1.2083333333333335,0.08055555555555556,0.0,True,41,10,3,False,False,terminal,pca1,load_pipeline (invariant)
FEMTO,Bearing3_1,42,TCN-Autoencoder,tcn,decimate,1,0.17,2011-01-01 01:21:40,2011-01-01 01:25:40,0.07,0.09444444444444444,,5.555555555555555,1.4166666666666667,0.09444444444444444,0.0,True,41,10,3,False,False,terminal,pca1,load_pipeline (invariant)
FEMTO,Bearing3_1,42,Transformer-AD,transformer_ad,decimate,1,0.17,2011-01-01 01:21:40,2011-01-01 01:25:40,0.07,0.08055555555555556,,2.7777777777777777,1.2083333333333335,0.08055555555555556,0.0,True,41,10,3,False,False,terminal,pca1,load_pipeline (invariant)
FEMTO,Bearing3_1,42,RMS-Trend (kσ),rms_trend,decimate,2,0.33,2011-01-01 01:21:40,2011-01-01 01:25:40,0.07,0.0,,0.0,0.0,0.0,0.0,False,51,5,4,False,False,terminal,pca1,load_pipeline (invariant)
FEMTO,Bearing3_1,42,3σ Rule (σ=3.0),three_sigma,decimate,2,0.33,2011-01-01 01:21:40,2011-01-01 01:25:40,0.07,0.07222222222222222,,2.1739130434782608,1.0833333333333333,0.07222222222222222,0.0,True,51,5,4,False,False,terminal,pca1,load_pipeline (invariant)
FEMTO,Bearing3_1,42,"EWMA (λ=0.2, k=3.0)",ewma,decimate,2,0.33,2011-01-01 01:21:40,2011-01-01 01:25:40,0.07,0.07222222222222222,,2.1739130434782608,1.0833333333333333,0.07222222222222222,0.0,True,51,5,4,False,False,terminal,pca1,load_pipeline (invariant)
FEMTO,Bearing3_1,42,"CUSUM (k=0.5, h=5.0)",cusum,decimate,2,0.33,2011-01-01 01:21:40,2011-01-01 01:25:40,0.07,0.07222222222222222,,2.1739130434782608,1.0833333333333333,0.07222222222222222,0.0,True,51,5,4,False,False,terminal,pca1,load_pipeline (invariant)
FEMTO,Bearing3_1,42,Hotelling T²,hotelling_t2,decimate,2,0.33,2011-01-01 01:21:40,2011-01-01 01:25:40,0.07,0.08333333333333333,,4.3478260869565215,1.25,0.08333333333333333,0.0,True,51,5,4,False,False,terminal,pca1,load_pipeline (invariant)
FEMTO,Bearing3_1,42,Isolation Forest,isolation_forest,decimate,2,0.33,2011-01-01 01:21:40,2011-01-01 01:25:40,0.07,0.07222222222222222,,2.1739130434782608,1.0833333333333333,0.07222222222222222,0.0,True,51,5,4,False,False,terminal,pca1,load_pipeline (invariant)
FEMTO,Bearing3_1,42,Deep SVDD,deep_svdd,decimate,2,0.33,2011-01-01 01:21:40,2011-01-01 01:25:40,0.07,0.0,,0.0,0.0,0.0,0.0,False,51,5,4,False,False,terminal,pca1,load_pipeline (invariant)
FEMTO,Bearing3_1,42,LSTM-Autoencoder,lstm_ae,decimate,2,0.33,2011-01-01 01:21:40,2011-01-01 01:25:40,0.07,0.07222222222222222,,2.1739130434782608,1.0833333333333333,0.07222222222222222,0.0,True,51,5,4,False,False,terminal,pca1,load_pipeline (invariant)
FEMTO,Bearing3_1,42,TCN-Autoencoder,tcn,decimate,2,0.33,2011-01-01 01:21:40,2011-01-01 01:25:40,0.07,0.07222222222222222,,2.1739130434782608,1.0833333333333333,0.07222222222222222,0.0,True,51,5,4,False,False,terminal,pca1,load_pipeline (invariant)
FEMTO,Bearing3_1,42,Transformer-AD,transformer_ad,decimate,2,0.33,2011-01-01 01:21:40,2011-01-01 01:25:40,0.07,0.07222222222222222,,2.1739130434782608,1.0833333333333333,0.07222222222222222,0.0,True,51,5,4,False,False,terminal,pca1,load_pipeline (invariant)
FEMTO,Bearing3_1,42,RMS-Trend (kσ),rms_trend,decimate,5,0.83,2011-01-01 01:21:40,2011-01-01 01:25:40,0.07,0.08055555555555556,,2.7027027027027026,1.2083333333333335,0.08055555555555556,0.0,True,41,3,2,True,False,terminal,pca1,load_pipeline (invariant)
FEMTO,Bearing3_1,42,3σ Rule (σ=3.0),three_sigma,decimate,5,0.83,2011-01-01 01:21:40,2011-01-01 01:25:40,0.07,0.08055555555555556,,2.7027027027027026,1.2083333333333335,0.08055555555555556,0.0,True,41,3,2,True,False,terminal,pca1,load_pipeline (invariant)
FEMTO,Bearing3_1,42,"EWMA (λ=0.2, k=3.0)",ewma,decimate,5,0.83,2011-01-01 01:21:40,2011-01-01 01:25:40,0.07,0.08055555555555556,,2.7027027027027026,1.2083333333333335,0.08055555555555556,0.0,True,41,3,2,True,False,terminal,pca1,load_pipeline (invariant)
FEMTO,Bearing3_1,42,"CUSUM (k=0.5, h=5.0)",cusum,decimate,5,0.83,2011-01-01 01:21:40,2011-01-01 01:25:40,0.07,0.08055555555555556,,2.7027027027027026,1.2083333333333335,0.08055555555555556,0.0,True,41,3,2,True,False,terminal,pca1,load_pipeline (invariant)
FEMTO,Bearing3_1,42,Hotelling T²,hotelling_t2,decimate,5,0.83,2011-01-01 01:21:40,2011-01-01 01:25:40,0.07,0.08055555555555556,,2.7027027027027026,1.2083333333333335,0.08055555555555556,0.0,True,41,3,2,True,False,terminal,pca1,load_pipeline (invariant)
FEMTO,Bearing3_1,42,Isolation Forest,isolation_forest,decimate,5,0.83,2011-01-01 01:21:40,2011-01-01 01:25:40,0.07,0.08055555555555556,,2.7027027027027026,1.2083333333333335,0.08055555555555556,0.0,True,41,3,2,True,False,terminal,pca1,load_pipeline (invariant)
FEMTO,Bearing3_1,42,Deep SVDD,deep_svdd,decimate,5,0.83,2011-01-01 01:21:40,2011-01-01 01:25:40,0.07,0.06666666666666667,0.0,0.0,1.0,0.06666666666666667,0.0,True,41,3,2,True,False,terminal,pca1,load_pipeline (invariant)
FEMTO,Bearing3_1,42,LSTM-Autoencoder,lstm_ae,decimate,5,0.83,2011-01-01 01:21:40,2011-01-01 01:25:40,0.07,0.5805555555555556,,100.0,8.708333333333334,0.0,100.0,False,41,3,2,True,False,terminal,pca1,load_pipeline (invariant)
FEMTO,Bearing3_1,42,TCN-Autoencoder,tcn,decimate,5,0.83,2011-01-01 01:21:40,2011-01-01 01:25:40,0.07,0.5805555555555556,,100.0,8.708333333333334,0.0,100.0,False,41,3,2,True,False,terminal,pca1,load_pipeline (invariant)
FEMTO,Bearing3_1,42,Transformer-AD,transformer_ad,decimate,5,0.83,2011-01-01 01:21:40,2011-01-01 01:25:40,0.07,0.5805555555555556,,100.0,8.708333333333334,0.0,100.0,False,41,3,2,True,False,terminal,pca1,load_pipeline (invariant)
FEMTO,Bearing3_1,42,RMS-Trend (kσ),rms_trend,decimate,10,1.67,2011-01-01 01:21:40,2011-01-01 01:25:40,0.07,0.06666666666666667,0.0,0.0,1.0,0.06666666666666667,0.0,True,20,3,1,True,False,terminal,pca1,load_pipeline (invariant)
FEMTO,Bearing3_1,42,3σ Rule (σ=3.0),three_sigma,decimate,10,1.67,2011-01-01 01:21:40,2011-01-01 01:25:40,0.07,0.09444444444444444,,5.555555555555555,1.4166666666666667,0.09444444444444444,0.0,True,20,3,1,True,False,terminal,pca1,load_pipeline (invariant)
FEMTO,Bearing3_1,42,"EWMA (λ=0.2, k=3.0)",ewma,decimate,10,1.67,2011-01-01 01:21:40,2011-01-01 01:25:40,0.07,0.09444444444444444,,5.555555555555555,1.4166666666666667,0.09444444444444444,0.0,True,20,3,1,True,False,terminal,pca1,load_pipeline (invariant)
FEMTO,Bearing3_1,42,"CUSUM (k=0.5, h=5.0)",cusum,decimate,10,1.67,2011-01-01 01:21:40,2011-01-01 01:25:40,0.07,0.09444444444444444,,5.555555555555555,1.4166666666666667,0.09444444444444444,0.0,True,20,3,1,True,False,terminal,pca1,load_pipeline (invariant)
FEMTO,Bearing3_1,42,Hotelling T²,hotelling_t2,decimate,10,1.67,2011-01-01 01:21:40,2011-01-01 01:25:40,0.07,0.5111111111111111,,27.77777777777778,7.666666666666666,0.5111111111111111,0.0,False,20,3,1,True,False,terminal,pca1,load_pipeline (invariant)
FEMTO,Bearing3_1,42,Isolation Forest,isolation_forest,decimate,10,1.67,2011-01-01 01:21:40,2011-01-01 01:25:40,0.07,0.09444444444444444,,5.555555555555555,1.4166666666666667,0.09444444444444444,0.0,True,20,3,1,True,False,terminal,pca1,load_pipeline (invariant)
FEMTO,Bearing3_1,42,Deep SVDD,deep_svdd,decimate,10,1.67,2011-01-01 01:21:40,2011-01-01 01:25:40,0.07,0.03888888888888889,0.027777777777777776,0.0,0.5833333333333334,0.03888888888888889,0.0,True,20,3,1,True,False,terminal,pca1,load_pipeline (invariant)
FEMTO,Bearing3_1,42,LSTM-Autoencoder,lstm_ae,decimate,10,1.67,2011-01-01 01:21:40,2011-01-01 01:25:40,0.07,,,,,,,False,20,3,1,True,False,terminal,pca1,load_pipeline (invariant)
FEMTO,Bearing3_1,42,TCN-Autoencoder,tcn,decimate,10,1.67,2011-01-01 01:21:40,2011-01-01 01:25:40,0.07,,,,,,,False,20,3,1,True,False,terminal,pca1,load_pipeline (invariant)
FEMTO,Bearing3_1,42,Transformer-AD,transformer_ad,decimate,10,1.67,2011-01-01 01:21:40,2011-01-01 01:25:40,0.07,,,,,,,False,20,3,1,True,False,terminal,pca1,load_pipeline (invariant)
FEMTO,Bearing3_1,42,RMS-Trend (kσ),rms_trend,decimate,20,3.33,2011-01-01 01:21:40,2011-01-01 01:25:40,0.07,0.09444444444444444,,10.0,1.4166666666666667,0.09444444444444444,0.0,True,10,3,1,True,False,terminal,pca1,load_pipeline (invariant)
FEMTO,Bearing3_1,42,3σ Rule (σ=3.0),three_sigma,decimate,20,3.33,2011-01-01 01:21:40,2011-01-01 01:25:40,0.07,0.09444444444444444,,10.0,1.4166666666666667,0.09444444444444444,0.0,True,10,3,1,True,False,terminal,pca1,load_pipeline (invariant)
FEMTO,Bearing3_1,42,"EWMA (λ=0.2, k=3.0)",ewma,decimate,20,3.33,2011-01-01 01:21:40,2011-01-01 01:25:40,0.07,0.42777777777777776,,70.0,6.416666666666666,0.42777777777777776,0.0,False,10,3,1,True,False,terminal,pca1,load_pipeline (invariant)
FEMTO,Bearing3_1,42,"CUSUM (k=0.5, h=5.0)",cusum,decimate,20,3.33,2011-01-01 01:21:40,2011-01-01 01:25:40,0.07,0.42777777777777776,,70.0,6.416666666666666,0.42777777777777776,0.0,False,10,3,1,True,False,terminal,pca1,load_pipeline (invariant)
FEMTO,Bearing3_1,42,Hotelling T²,hotelling_t2,decimate,20,3.33,2011-01-01 01:21:40,2011-01-01 01:25:40,0.07,0.5944444444444444,,100.0,8.916666666666666,0.0,100.0,False,10,3,1,True,False,terminal,pca1,load_pipeline (invariant)
FEMTO,Bearing3_1,42,Isolation Forest,isolation_forest,decimate,20,3.33,2011-01-01 01:21:40,2011-01-01 01:25:40,0.07,0.09444444444444444,,10.0,1.4166666666666667,0.09444444444444444,0.0,True,10,3,1,True,False,terminal,pca1,load_pipeline (invariant)
FEMTO,Bearing3_1,42,Deep SVDD,deep_svdd,decimate,20,3.33,2011-01-01 01:21:40,2011-01-01 01:25:40,0.07,0.09444444444444444,,10.0,1.4166666666666667,0.09444444444444444,0.0,True,10,3,1,True,False,terminal,pca1,load_pipeline (invariant)
FEMTO,Bearing3_1,42,LSTM-Autoencoder,lstm_ae,decimate,20,3.33,2011-01-01 01:21:40,2011-01-01 01:25:40,0.07,,,,,,,False,10,3,1,True,False,terminal,pca1,load_pipeline (invariant)
FEMTO,Bearing3_1,42,TCN-Autoencoder,tcn,decimate,20,3.33,2011-01-01 01:21:40,2011-01-01 01:25:40,0.07,,,,,,,False,10,3,1,True,False,terminal,pca1,load_pipeline (invariant)
FEMTO,Bearing3_1,42,Transformer-AD,transformer_ad,decimate,20,3.33,2011-01-01 01:21:40,2011-01-01 01:25:40,0.07,,,,,,,False,10,3,1,True,False,terminal,pca1,load_pipeline (invariant)
FEMTO,Bearing3_2,42,RMS-Trend (kσ),rms_trend,aggregate,1,0.17,2011-01-01 04:24:00,2011-01-01 04:32:40,0.14,0.044444444444444446,0.1,0.0,0.3076923076923077,0.044444444444444446,0.0,True,131,10,3,False,False,terminal,pca1,load_pipeline (invariant)
FEMTO,Bearing3_2,42,3σ Rule (σ=3.0),three_sigma,aggregate,1,0.17,2011-01-01 04:24:00,2011-01-01 04:32:40,0.14,0.044444444444444446,0.1,0.0,0.3076923076923077,0.044444444444444446,0.0,True,131,10,3,False,False,terminal,pca1,load_pipeline (invariant)
FEMTO,Bearing3_2,42,"EWMA (λ=0.2, k=3.0)",ewma,aggregate,1,0.17,2011-01-01 04:24:00,2011-01-01 04:32:40,0.14,0.1,0.044444444444444446,0.0,0.6923076923076924,0.1,0.0,True,131,10,3,False,False,terminal,pca1,load_pipeline (invariant)
FEMTO,Bearing3_2,42,"CUSUM (k=0.5, h=5.0)",cusum,aggregate,1,0.17,2011-01-01 04:24:00,2011-01-01 04:32:40,0.14,0.35,,2.479338842975207,2.4230769230769234,0.35,0.0,True,131,10,3,False,False,terminal,pca1,load_pipeline (invariant)
FEMTO,Bearing3_2,42,Hotelling T²,hotelling_t2,aggregate,1,0.17,2011-01-01 04:24:00,2011-01-01 04:32:40,0.14,0.5722222222222222,,9.917355371900827,3.9615384615384617,0.5722222222222222,0.0,True,131,10,3,False,False,terminal,pca1,load_pipeline (invariant)
FEMTO,Bearing3_2,42,Isolation Forest,isolation_forest,aggregate,1,0.17,2011-01-01 04:24:00,2011-01-01 04:32:40,0.14,0.5305555555555556,,2.479338842975207,3.6730769230769234,0.5305555555555556,0.0,True,131,10,3,False,False,terminal,pca1,load_pipeline (invariant)
FEMTO,Bearing3_2,42,Deep SVDD,deep_svdd,aggregate,1,0.17,2011-01-01 04:24:00,2011-01-01 04:32:40,0.14,0.0,,0.0,0.0,0.0,0.0,False,131,10,3,False,False,terminal,pca1,load_pipeline (invariant)
FEMTO,Bearing3_2,42,LSTM-Autoencoder,lstm_ae,aggregate,1,0.17,2011-01-01 04:24:00,2011-01-01 04:32:40,0.14,0.5305555555555556,,23.140495867768596,3.6730769230769234,0.5305555555555556,0.0,False,131,10,3,False,False,terminal,pca1,load_pipeline (invariant)
FEMTO,Bearing3_2,42,TCN-Autoencoder,tcn,aggregate,1,0.17,2011-01-01 04:24:00,2011-01-01 04:32:40,0.14,0.5444444444444444,,23.96694214876033,3.769230769230769,0.5444444444444444,0.0,False,131,10,3,False,False,terminal,pca1,load_pipeline (invariant)
FEMTO,Bearing3_2,42,Transformer-AD,transformer_ad,aggregate,1,0.17,2011-01-01 04:24:00,2011-01-01 04:32:40,0.14,0.5166666666666667,,22.31404958677686,3.5769230769230775,0.5166666666666667,0.0,False,131,10,3,False,False,terminal,pca1,load_pipeline (invariant)
FEMTO,Bearing3_2,42,RMS-Trend (kσ),rms_trend,aggregate,2,1.0,2011-01-01 04:24:00,2011-01-01 04:32:40,0.14,0.0,,0.0,0.0,0.0,0.0,False,54,5,4,False,False,terminal,pca1,load_pipeline (invariant)
FEMTO,Bearing3_2,42,3σ Rule (σ=3.0),three_sigma,aggregate,2,1.0,2011-01-01 04:24:00,2011-01-01 04:32:40,0.14,0.14444444444444443,0.0,0.0,1.0,0.14444444444444443,0.0,True,54,5,4,False,False,terminal,pca1,load_pipeline (invariant)
FEMTO,Bearing3_2,42,"EWMA (λ=0.2, k=3.0)",ewma,aggregate,2,1.0,2011-01-01 04:24:00,2011-01-01 04:32:40,0.14,0.5444444444444444,,16.0,3.769230769230769,0.5444444444444444,0.0,False,54,5,4,False,False,terminal,pca1,load_pipeline (invariant)
FEMTO,Bearing3_2,42,"CUSUM (k=0.5, h=5.0)",cusum,aggregate,2,1.0,2011-01-01 04:24:00,2011-01-01 04:32:40,0.14,0.5111111111111111,,22.0,3.5384615384615383,0.5111111111111111,0.0,False,54,5,4,False,False,terminal,pca1,load_pipeline (invariant)
FEMTO,Bearing3_2,42,Hotelling T²,hotelling_t2,aggregate,2,1.0,2011-01-01 04:24:00,2011-01-01 04:32:40,0.14,0.5777777777777777,,18.0,4.0,0.5777777777777777,0.0,False,54,5,4,False,False,terminal,pca1,load_pipeline (invariant)
FEMTO,Bearing3_2,42,Isolation Forest,isolation_forest,aggregate,2,1.0,2011-01-01 04:24:00,2011-01-01 04:32:40,0.14,0.0,,0.0,0.0,0.0,0.0,False,54,5,4,False,False,terminal,pca1,load_pipeline (invariant)
FEMTO,Bearing3_2,42,Deep SVDD,deep_svdd,aggregate,2,1.0,2011-01-01 04:24:00,2011-01-01 04:32:40,0.14,0.0,,0.0,0.0,0.0,0.0,False,54,5,4,False,False,terminal,pca1,load_pipeline (invariant)
FEMTO,Bearing3_2,42,LSTM-Autoencoder,lstm_ae,aggregate,2,1.0,2011-01-01 04:24:00,2011-01-01 04:32:40,0.14,0.5777777777777777,,26.0,4.0,0.5777777777777777,0.0,False,54,5,4,False,False,terminal,pca1,load_pipeline (invariant)
FEMTO,Bearing3_2,42,TCN-Autoencoder,tcn,aggregate,2,1.0,2011-01-01 04:24:00,2011-01-01 04:32:40,0.14,0.5444444444444444,,24.0,3.769230769230769,0.5444444444444444,0.0,False,54,5,4,False,False,terminal,pca1,load_pipeline (invariant)
FEMTO,Bearing3_2,42,Transformer-AD,transformer_ad,aggregate,2,1.0,2011-01-01 04:24:00,2011-01-01 04:32:40,0.14,0.5444444444444444,,24.0,3.769230769230769,0.5444444444444444,0.0,False,54,5,4,False,False,terminal,pca1,load_pipeline (invariant)
FEMTO,Bearing3_2,42,RMS-Trend (kσ),rms_trend,aggregate,5,1.0,2011-01-01 04:24:00,2011-01-01 04:32:40,0.14,0.044444444444444446,0.1,0.0,0.3076923076923077,0.044444444444444446,0.0,True,109,3,2,True,False,terminal,pca1,load_pipeline (invariant)
FEMTO,Bearing3_2,42,3σ Rule (σ=3.0),three_sigma,aggregate,5,1.0,2011-01-01 04:24:00,2011-01-01 04:32:40,0.14,0.5777777777777777,,5.9405940594059405,4.0,0.5777777777777777,0.0,True,109,3,2,True,False,terminal,pca1,load_pipeline (invariant)
FEMTO,Bearing3_2,42,"EWMA (λ=0.2, k=3.0)",ewma,aggregate,5,1.0,2011-01-01 04:24:00,2011-01-01 04:32:40,0.14,0.5444444444444444,,12.871287128712872,3.769230769230769,0.5444444444444444,0.0,False,109,3,2,True,False,terminal,pca1,load_pipeline (invariant)
FEMTO,Bearing3_2,42,"CUSUM (k=0.5, h=5.0)",cusum,aggregate,5,1.0,2011-01-01 04:24:00,2011-01-01 04:32:40,0.14,0.5111111111111111,,21.782178217821784,3.5384615384615383,0.5111111111111111,0.0,False,109,3,2,True,False,terminal,pca1,load_pipeline (invariant)
FEMTO,Bearing3_2,42,Hotelling T²,hotelling_t2,aggregate,5,1.0,2011-01-01 04:24:00,2011-01-01 04:32:40,0.14,0.5777777777777777,,15.841584158415841,4.0,0.5777777777777777,0.0,False,109,3,2,True,False,terminal,pca1,load_pipeline (invariant)
FEMTO,Bearing3_2,42,Isolation Forest,isolation_forest,aggregate,5,1.0,2011-01-01 04:24:00,2011-01-01 04:32:40,0.14,0.5777777777777777,,11.881188118811881,4.0,0.5777777777777777,0.0,False,109,3,2,True,False,terminal,pca1,load_pipeline (invariant)
FEMTO,Bearing3_2,42,Deep SVDD,deep_svdd,aggregate,5,1.0,2011-01-01 04:24:00,2011-01-01 04:32:40,0.14,0.044444444444444446,0.1,0.0,0.3076923076923077,0.044444444444444446,0.0,True,109,3,2,True,False,terminal,pca1,load_pipeline (invariant)
FEMTO,Bearing3_2,42,LSTM-Autoencoder,lstm_ae,aggregate,5,1.0,2011-01-01 04:24:00,2011-01-01 04:32:40,0.14,0.5611111111111111,,24.752475247524753,3.884615384615385,0.5611111111111111,0.0,False,109,3,2,True,False,terminal,pca1,load_pipeline (invariant)
FEMTO,Bearing3_2,42,TCN-Autoencoder,tcn,aggregate,5,1.0,2011-01-01 04:24:00,2011-01-01 04:32:40,0.14,0.5611111111111111,,24.752475247524753,3.884615384615385,0.5611111111111111,0.0,False,109,3,2,True,False,terminal,pca1,load_pipeline (invariant)
FEMTO,Bearing3_2,42,Transformer-AD,transformer_ad,aggregate,5,1.0,2011-01-01 04:24:00,2011-01-01 04:32:40,0.14,0.5611111111111111,,24.752475247524753,3.884615384615385,0.5611111111111111,0.0,False,109,3,2,True,False,terminal,pca1,load_pipeline (invariant)
FEMTO,Bearing3_2,42,RMS-Trend (kσ),rms_trend,aggregate,10,2.0,2011-01-01 04:24:00,2011-01-01 04:32:40,0.14,0.07777777777777778,0.06666666666666667,0.0,0.5384615384615385,0.07777777777777778,0.0,True,54,3,1,True,False,terminal,pca1,load_pipeline (invariant)
FEMTO,Bearing3_2,42,3σ Rule (σ=3.0),three_sigma,aggregate,10,2.0,2011-01-01 04:24:00,2011-01-01 04:32:40,0.14,0.5777777777777777,,4.0,4.0,0.5777777777777777,0.0,True,54,3,1,True,False,terminal,pca1,load_pipeline (invariant)
FEMTO,Bearing3_2,42,"EWMA (λ=0.2, k=3.0)",ewma,aggregate,10,2.0,2011-01-01 04:24:00,2011-01-01 04:32:40,0.14,0.5777777777777777,,20.0,4.0,0.5777777777777777,0.0,False,54,3,1,True,False,terminal,pca1,load_pipeline (invariant)
FEMTO,Bearing3_2,42,"CUSUM (k=0.5, h=5.0)",cusum,aggregate,10,2.0,2011-01-01 04:24:00,2011-01-01 04:32:40,0.14,0.5444444444444444,,24.0,3.769230769230769,0.5444444444444444,0.0,False,54,3,1,True,False,terminal,pca1,load_pipeline (invariant)
FEMTO,Bearing3_2,42,Hotelling T²,hotelling_t2,aggregate,10,2.0,2011-01-01 04:24:00,2011-01-01 04:32:40,0.14,0.6111111111111112,,20.0,4.230769230769232,0.6111111111111112,0.0,False,54,3,1,True,False,terminal,pca1,load_pipeline (invariant)
FEMTO,Bearing3_2,42,Isolation Forest,isolation_forest,aggregate,10,2.0,2011-01-01 04:24:00,2011-01-01 04:32:40,0.14,0.6111111111111112,,10.0,4.230769230769232,0.6111111111111112,0.0,True,54,3,1,True,False,terminal,pca1,load_pipeline (invariant)
FEMTO,Bearing3_2,42,Deep SVDD,deep_svdd,aggregate,10,2.0,2011-01-01 04:24:00,2011-01-01 04:32:40,0.14,0.044444444444444446,0.1,0.0,0.3076923076923077,0.044444444444444446,0.0,True,54,3,1,True,False,terminal,pca1,load_pipeline (invariant)
FEMTO,Bearing3_2,42,LSTM-Autoencoder,lstm_ae,aggregate,10,2.0,2011-01-01 04:24:00,2011-01-01 04:32:40,0.14,0.5777777777777777,,26.0,4.0,0.5777777777777777,0.0,False,54,3,1,True,False,terminal,pca1,load_pipeline (invariant)
FEMTO,Bearing3_2,42,TCN-Autoencoder,tcn,aggregate,10,2.0,2011-01-01 04:24:00,2011-01-01 04:32:40,0.14,0.5777777777777777,,26.0,4.0,0.5777777777777777,0.0,False,54,3,1,True,False,terminal,pca1,load_pipeline (invariant)
FEMTO,Bearing3_2,42,Transformer-AD,transformer_ad,aggregate,10,2.0,2011-01-01 04:24:00,2011-01-01 04:32:40,0.14,0.5777777777777777,,26.0,4.0,0.5777777777777777,0.0,False,54,3,1,True,False,terminal,pca1,load_pipeline (invariant)
FEMTO,Bearing3_2,42,RMS-Trend (kσ),rms_trend,aggregate,20,3.0,2011-01-01 04:24:00,2011-01-01 04:32:40,0.14,0.09444444444444444,0.05,0.0,0.6538461538461539,0.09444444444444444,0.0,True,36,3,1,True,False,terminal,pca1,load_pipeline (invariant)
FEMTO,Bearing3_2,42,3σ Rule (σ=3.0),three_sigma,aggregate,20,3.0,2011-01-01 04:24:00,2011-01-01 04:32:40,0.14,0.5944444444444444,,11.76470588235294,4.115384615384616,0.5944444444444444,0.0,False,36,3,1,True,False,terminal,pca1,load_pipeline (invariant)
FEMTO,Bearing3_2,42,"EWMA (λ=0.2, k=3.0)",ewma,aggregate,20,3.0,2011-01-01 04:24:00,2011-01-01 04:32:40,0.14,0.5944444444444444,,26.47058823529412,4.115384615384616,0.5944444444444444,0.0,False,36,3,1,True,False,terminal,pca1,load_pipeline (invariant)
FEMTO,Bearing3_2,42,"CUSUM (k=0.5, h=5.0)",cusum,aggregate,20,3.0,2011-01-01 04:24:00,2011-01-01 04:32:40,0.14,0.5444444444444444,,23.52941176470588,3.769230769230769,0.5444444444444444,0.0,False,36,3,1,True,False,terminal,pca1,load_pipeline (invariant)
FEMTO,Bearing3_2,42,Hotelling T²,hotelling_t2,aggregate,20,3.0,2011-01-01 04:24:00,2011-01-01 04:32:40,0.14,0.6444444444444445,,23.52941176470588,4.461538461538463,0.6444444444444445,0.0,False,36,3,1,True,False,terminal,pca1,load_pipeline (invariant)
FEMTO,Bearing3_2,42,Isolation Forest,isolation_forest,aggregate,20,3.0,2011-01-01 04:24:00,2011-01-01 04:32:40,0.14,0.5944444444444444,,20.588235294117645,4.115384615384616,0.5944444444444444,0.0,False,36,3,1,True,False,terminal,pca1,load_pipeline (invariant)
FEMTO,Bearing3_2,42,Deep SVDD,deep_svdd,aggregate,20,3.0,2011-01-01 04:24:00,2011-01-01 04:32:40,0.14,0.09444444444444444,0.05,0.0,0.6538461538461539,0.09444444444444444,0.0,True,36,3,1,True,False,terminal,pca1,load_pipeline (invariant)
FEMTO,Bearing3_2,42,LSTM-Autoencoder,lstm_ae,aggregate,20,3.0,2011-01-01 04:24:00,2011-01-01 04:32:40,0.14,1.8444444444444446,,100.0,12.769230769230772,0.0,100.0,False,36,3,1,True,False,terminal,pca1,load_pipeline (invariant)
FEMTO,Bearing3_2,42,TCN-Autoencoder,tcn,aggregate,20,3.0,2011-01-01 04:24:00,2011-01-01 04:32:40,0.14,1.8444444444444446,,100.0,12.769230769230772,0.0,100.0,False,36,3,1,True,False,terminal,pca1,load_pipeline (invariant)
FEMTO,Bearing3_2,42,Transformer-AD,transformer_ad,aggregate,20,3.0,2011-01-01 04:24:00,2011-01-01 04:32:40,0.14,1.8444444444444446,,100.0,12.769230769230772,0.0,100.0,False,36,3,1,True,False,terminal,pca1,load_pipeline (invariant)
FEMTO,Bearing3_2,42,RMS-Trend (kσ),rms_trend,decimate,1,0.17,2011-01-01 04:24:00,2011-01-01 04:32:40,0.14,0.044444444444444446,0.1,0.0,0.3076923076923077,0.044444444444444446,0.0,True,131,10,3,False,False,terminal,pca1,load_pipeline (invariant)
FEMTO,Bearing3_2,42,3σ Rule (σ=3.0),three_sigma,decimate,1,0.17,2011-01-01 04:24:00,2011-01-01 04:32:40,0.14,0.044444444444444446,0.1,0.0,0.3076923076923077,0.044444444444444446,0.0,True,131,10,3,False,False,terminal,pca1,load_pipeline (invariant)
FEMTO,Bearing3_2,42,"EWMA (λ=0.2, k=3.0)",ewma,decimate,1,0.17,2011-01-01 04:24:00,2011-01-01 04:32:40,0.14,0.1,0.044444444444444446,0.0,0.6923076923076924,0.1,0.0,True,131,10,3,False,False,terminal,pca1,load_pipeline (invariant)
FEMTO,Bearing3_2,42,"CUSUM (k=0.5, h=5.0)",cusum,decimate,1,0.17,2011-01-01 04:24:00,2011-01-01 04:32:40,0.14,0.35,,2.479338842975207,2.4230769230769234,0.35,0.0,True,131,10,3,False,False,terminal,pca1,load_pipeline (invariant)
FEMTO,Bearing3_2,42,Hotelling T²,hotelling_t2,decimate,1,0.17,2011-01-01 04:24:00,2011-01-01 04:32:40,0.14,0.5722222222222222,,9.917355371900827,3.9615384615384617,0.5722222222222222,0.0,True,131,10,3,False,False,terminal,pca1,load_pipeline (invariant)
FEMTO,Bearing3_2,42,Isolation Forest,isolation_forest,decimate,1,0.17,2011-01-01 04:24:00,2011-01-01 04:32:40,0.14,0.5305555555555556,,2.479338842975207,3.6730769230769234,0.5305555555555556,0.0,True,131,10,3,False,False,terminal,pca1,load_pipeline (invariant)
FEMTO,Bearing3_2,42,Deep SVDD,deep_svdd,decimate,1,0.17,2011-01-01 04:24:00,2011-01-01 04:32:40,0.14,0.0,,0.0,0.0,0.0,0.0,False,131,10,3,False,False,terminal,pca1,load_pipeline (invariant)
FEMTO,Bearing3_2,42,LSTM-Autoencoder,lstm_ae,decimate,1,0.17,2011-01-01 04:24:00,2011-01-01 04:32:40,0.14,0.5305555555555556,,23.140495867768596,3.6730769230769234,0.5305555555555556,0.0,False,131,10,3,False,False,terminal,pca1,load_pipeline (invariant)
FEMTO,Bearing3_2,42,TCN-Autoencoder,tcn,decimate,1,0.17,2011-01-01 04:24:00,2011-01-01 04:32:40,0.14,0.5444444444444444,,23.96694214876033,3.769230769230769,0.5444444444444444,0.0,False,131,10,3,False,False,terminal,pca1,load_pipeline (invariant)
FEMTO,Bearing3_2,42,Transformer-AD,transformer_ad,decimate,1,0.17,2011-01-01 04:24:00,2011-01-01 04:32:40,0.14,0.5166666666666667,,22.31404958677686,3.5769230769230775,0.5166666666666667,0.0,False,131,10,3,False,False,terminal,pca1,load_pipeline (invariant)
FEMTO,Bearing3_2,42,RMS-Trend (kσ),rms_trend,decimate,2,0.33,2011-01-01 04:24:00,2011-01-01 04:32:40,0.14,0.5666666666666667,,5.960264900662252,3.9230769230769234,0.5666666666666667,0.0,True,164,5,4,False,False,terminal,pca1,load_pipeline (invariant)
FEMTO,Bearing3_2,42,3σ Rule (σ=3.0),three_sigma,decimate,2,0.33,2011-01-01 04:24:00,2011-01-01 04:32:40,0.14,0.5666666666666667,,8.609271523178808,3.9230769230769234,0.5666666666666667,0.0,True,164,5,4,False,False,terminal,pca1,load_pipeline (invariant)
FEMTO,Bearing3_2,42,"EWMA (λ=0.2, k=3.0)",ewma,decimate,2,0.33,2011-01-01 04:24:00,2011-01-01 04:32:40,0.14,0.05555555555555555,0.08888888888888889,0.0,0.38461538461538464,0.05555555555555555,0.0,True,164,5,4,False,False,terminal,pca1,load_pipeline (invariant)
FEMTO,Bearing3_2,42,"CUSUM (k=0.5, h=5.0)",cusum,decimate,2,0.33,2011-01-01 04:24:00,2011-01-01 04:32:40,0.14,0.05555555555555555,0.08888888888888889,0.0,0.38461538461538464,0.05555555555555555,0.0,True,164,5,4,False,False,terminal,pca1,load_pipeline (invariant)
FEMTO,Bearing3_2,42,Hotelling T²,hotelling_t2,decimate,2,0.33,2011-01-01 04:24:00,2011-01-01 04:32:40,0.14,0.5777777777777777,,15.2317880794702,4.0,0.5777777777777777,0.0,False,164,5,4,False,False,terminal,pca1,load_pipeline (invariant)
FEMTO,Bearing3_2,42,Isolation Forest,isolation_forest,decimate,2,0.33,2011-01-01 04:24:00,2011-01-01 04:32:40,0.14,0.5777777777777777,,9.933774834437086,4.0,0.5777777777777777,0.0,True,164,5,4,False,False,terminal,pca1,load_pipeline (invariant)
FEMTO,Bearing3_2,42,Deep SVDD,deep_svdd,decimate,2,0.33,2011-01-01 04:24:00,2011-01-01 04:32:40,0.14,0.0,,0.0,0.0,0.0,0.0,False,164,5,4,False,False,terminal,pca1,load_pipeline (invariant)
FEMTO,Bearing3_2,42,LSTM-Autoencoder,lstm_ae,decimate,2,0.33,2011-01-01 04:24:00,2011-01-01 04:32:40,0.14,0.5555555555555556,,24.503311258278146,3.8461538461538467,0.5555555555555556,0.0,False,164,5,4,False,False,terminal,pca1,load_pipeline (invariant)
FEMTO,Bearing3_2,42,TCN-Autoencoder,tcn,decimate,2,0.33,2011-01-01 04:24:00,2011-01-01 04:32:40,0.14,0.5666666666666667,,25.165562913907287,3.9230769230769234,0.5666666666666667,0.0,False,164,5,4,False,False,terminal,pca1,load_pipeline (invariant)
FEMTO,Bearing3_2,42,Transformer-AD,transformer_ad,decimate,2,0.33,2011-01-01 04:24:00,2011-01-01 04:32:40,0.14,0.5444444444444444,,23.841059602649008,3.769230769230769,0.5444444444444444,0.0,False,164,5,4,False,False,terminal,pca1,load_pipeline (invariant)
FEMTO,Bearing3_2,42,RMS-Trend (kσ),rms_trend,decimate,5,0.83,2011-01-01 04:24:00,2011-01-01 04:32:40,0.14,0.030555555555555555,0.11388888888888889,0.0,0.21153846153846156,0.030555555555555555,0.0,True,131,3,2,True,False,terminal,pca1,load_pipeline (invariant)
FEMTO,Bearing3_2,42,3σ Rule (σ=3.0),three_sigma,decimate,5,0.83,2011-01-01 04:24:00,2011-01-01 04:32:40,0.14,0.5861111111111111,,16.528925619834713,4.057692307692308,0.5861111111111111,0.0,False,131,3,2,True,False,terminal,pca1,load_pipeline (invariant)
FEMTO,Bearing3_2,42,"EWMA (λ=0.2, k=3.0)",ewma,decimate,5,0.83,2011-01-01 04:24:00,2011-01-01 04:32:40,0.14,0.5722222222222222,,23.140495867768596,3.9615384615384617,0.5722222222222222,0.0,False,131,3,2,True,False,terminal,pca1,load_pipeline (invariant)
FEMTO,Bearing3_2,42,"CUSUM (k=0.5, h=5.0)",cusum,decimate,5,0.83,2011-01-01 04:24:00,2011-01-01 04:32:40,0.14,0.5722222222222222,,25.6198347107438,3.9615384615384617,0.5722222222222222,0.0,False,131,3,2,True,False,terminal,pca1,load_pipeline (invariant)
FEMTO,Bearing3_2,42,Hotelling T²,hotelling_t2,decimate,5,0.83,2011-01-01 04:24:00,2011-01-01 04:32:40,0.14,0.5861111111111111,,16.528925619834713,4.057692307692308,0.5861111111111111,0.0,False,131,3,2,True,False,terminal,pca1,load_pipeline (invariant)
FEMTO,Bearing3_2,42,Isolation Forest,isolation_forest,decimate,5,0.83,2011-01-01 04:24:00,2011-01-01 04:32:40,0.14,0.5861111111111111,,16.528925619834713,4.057692307692308,0.5861111111111111,0.0,False,131,3,2,True,False,terminal,pca1,load_pipeline (invariant)
FEMTO,Bearing3_2,42,Deep SVDD,deep_svdd,decimate,5,0.83,2011-01-01 04:24:00,2011-01-01 04:32:40,0.14,0.0,,0.0,0.0,0.0,0.0,False,131,3,2,True,False,terminal,pca1,load_pipeline (invariant)
FEMTO,Bearing3_2,42,LSTM-Autoencoder,lstm_ae,decimate,5,0.83,2011-01-01 04:24:00,2011-01-01 04:32:40,0.14,1.3083333333333333,,27.27272727272727,9.057692307692308,1.3083333333333333,0.0,False,131,3,2,True,False,terminal,pca1,load_pipeline (invariant)
FEMTO,Bearing3_2,42,TCN-Autoencoder,tcn,decimate,5,0.83,2011-01-01 04:24:00,2011-01-01 04:32:40,0.14,0.5722222222222222,,25.6198347107438,3.9615384615384617,0.5722222222222222,0.0,False,131,3,2,True,False,terminal,pca1,load_pipeline (invariant)
FEMTO,Bearing3_2,42,Transformer-AD,transformer_ad,decimate,5,0.83,2011-01-01 04:24:00,2011-01-01 04:32:40,0.14,0.5722222222222222,,25.6198347107438,3.9615384615384617,0.5722222222222222,0.0,False,131,3,2,True,False,terminal,pca1,load_pipeline (invariant)
FEMTO,Bearing3_2,42,RMS-Trend (kσ),rms_trend,decimate,10,1.67,2011-01-01 04:24:00,2011-01-01 04:32:40,0.14,0.044444444444444446,0.1,0.0,0.3076923076923077,0.044444444444444446,0.0,True,65,3,1,True,False,terminal,pca1,load_pipeline (invariant)
FEMTO,Bearing3_2,42,3σ Rule (σ=3.0),three_sigma,decimate,10,1.67,2011-01-01 04:24:00,2011-01-01 04:32:40,0.14,0.6,,14.754098360655737,4.153846153846154,0.6,0.0,False,65,3,1,True,False,terminal,pca1,load_pipeline (invariant)
FEMTO,Bearing3_2,42,"EWMA (λ=0.2, k=3.0)",ewma,decimate,10,1.67,2011-01-01 04:24:00,2011-01-01 04:32:40,0.14,0.5722222222222222,,21.311475409836063,3.9615384615384617,0.5722222222222222,0.0,False,65,3,1,True,False,terminal,pca1,load_pipeline (invariant)
FEMTO,Bearing3_2,42,"CUSUM (k=0.5, h=5.0)",cusum,decimate,10,1.67,2011-01-01 04:24:00,2011-01-01 04:32:40,0.14,0.5444444444444444,,24.59016393442623,3.769230769230769,0.5444444444444444,0.0,False,65,3,1,True,False,terminal,pca1,load_pipeline (invariant)
FEMTO,Bearing3_2,42,Hotelling T²,hotelling_t2,decimate,10,1.67,2011-01-01 04:24:00,2011-01-01 04:32:40,0.14,0.6,,19.672131147540984,4.153846153846154,0.6,0.0,False,65,3,1,True,False,terminal,pca1,load_pipeline (invariant)
FEMTO,Bearing3_2,42,Isolation Forest,isolation_forest,decimate,10,1.67,2011-01-01 04:24:00,2011-01-01 04:32:40,0.14,0.6,,14.754098360655737,4.153846153846154,0.6,0.0,False,65,3,1,True,False,terminal,pca1,load_pipeline (invariant)
FEMTO,Bearing3_2,42,Deep SVDD,deep_svdd,decimate,10,1.67,2011-01-01 04:24:00,2011-01-01 04:32:40,0.14,0.044444444444444446,0.1,0.0,0.3076923076923077,0.044444444444444446,0.0,True,65,3,1,True,False,terminal,pca1,load_pipeline (invariant)
FEMTO,Bearing3_2,42,LSTM-Autoencoder,lstm_ae,decimate,10,1.67,2011-01-01 04:24:00,2011-01-01 04:32:40,0.14,0.5722222222222222,,26.229508196721312,3.9615384615384617,0.5722222222222222,0.0,False,65,3,1,True,False,terminal,pca1,load_pipeline (invariant)
FEMTO,Bearing3_2,42,TCN-Autoencoder,tcn,decimate,10,1.67,2011-01-01 04:24:00,2011-01-01 04:32:40,0.14,0.5722222222222222,,26.229508196721312,3.9615384615384617,0.5722222222222222,0.0,False,65,3,1,True,False,terminal,pca1,load_pipeline (invariant)
FEMTO,Bearing3_2,42,Transformer-AD,transformer_ad,decimate,10,1.67,2011-01-01 04:24:00,2011-01-01 04:32:40,0.14,0.5722222222222222,,26.229508196721312,3.9615384615384617,0.5722222222222222,0.0,False,65,3,1,True,False,terminal,pca1,load_pipeline (invariant)
FEMTO,Bearing3_2,42,RMS-Trend (kσ),rms_trend,decimate,20,3.33,2011-01-01 04:24:00,2011-01-01 04:32:40,0.14,0.1,0.044444444444444446,0.0,0.6923076923076924,0.1,0.0,True,32,3,1,True,False,terminal,pca1,load_pipeline (invariant)
FEMTO,Bearing3_2,42,3σ Rule (σ=3.0),three_sigma,decimate,20,3.33,2011-01-01 04:24:00,2011-01-01 04:32:40,0.14,0.6,,19.35483870967742,4.153846153846154,0.6,0.0,False,32,3,1,True,False,terminal,pca1,load_pipeline (invariant)
FEMTO,Bearing3_2,42,"EWMA (λ=0.2, k=3.0)",ewma,decimate,20,3.33,2011-01-01 04:24:00,2011-01-01 04:32:40,0.14,0.6,,29.03225806451613,4.153846153846154,0.6,0.0,False,32,3,1,True,False,terminal,pca1,load_pipeline (invariant)
FEMTO,Bearing3_2,42,"CUSUM (k=0.5, h=5.0)",cusum,decimate,20,3.33,2011-01-01 04:24:00,2011-01-01 04:32:40,0.14,0.6,,29.03225806451613,4.153846153846154,0.6,0.0,False,32,3,1,True,False,terminal,pca1,load_pipeline (invariant)
FEMTO,Bearing3_2,42,Hotelling T²,hotelling_t2,decimate,20,3.33,2011-01-01 04:24:00,2011-01-01 04:32:40,0.14,0.6,,22.58064516129032,4.153846153846154,0.6,0.0,False,32,3,1,True,False,terminal,pca1,load_pipeline (invariant)
FEMTO,Bearing3_2,42,Isolation Forest,isolation_forest,decimate,20,3.33,2011-01-01 04:24:00,2011-01-01 04:32:40,0.14,0.6,,22.58064516129032,4.153846153846154,0.6,0.0,False,32,3,1,True,False,terminal,pca1,load_pipeline (invariant)
FEMTO,Bearing3_2,42,Deep SVDD,deep_svdd,decimate,20,3.33,2011-01-01 04:24:00,2011-01-01 04:32:40,0.14,0.1,0.044444444444444446,0.0,0.6923076923076924,0.1,0.0,True,32,3,1,True,False,terminal,pca1,load_pipeline (invariant)
FEMTO,Bearing3_2,42,LSTM-Autoencoder,lstm_ae,decimate,20,3.33,2011-01-01 04:24:00,2011-01-01 04:32:40,0.14,1.8222222222222222,,100.0,12.615384615384617,0.0,100.0,False,32,3,1,True,False,terminal,pca1,load_pipeline (invariant)
FEMTO,Bearing3_2,42,TCN-Autoencoder,tcn,decimate,20,3.33,2011-01-01 04:24:00,2011-01-01 04:32:40,0.14,1.8222222222222222,,100.0,12.615384615384617,0.0,100.0,False,32,3,1,True,False,terminal,pca1,load_pipeline (invariant)
FEMTO,Bearing3_2,42,Transformer-AD,transformer_ad,decimate,20,3.33,2011-01-01 04:24:00,2011-01-01 04:32:40,0.14,1.8222222222222222,,100.0,12.615384615384617,0.0,100.0,False,32,3,1,True,False,terminal,pca1,load_pipeline (invariant)
FEMTO,Bearing1_1,42,One-Class SVM (nu=0.05),one_class_svm,aggregate,1,0.17,2011-01-01 07:33:10,2011-01-01 07:47:00,0.23,1.7694444444444444,,46.15384615384615,7.674698795180722,1.7694444444444444,0.0,False,224,10,3,False,False,terminal,pca1,load_pipeline (invariant)
FEMTO,Bearing1_1,42,One-Class SVM (nu=0.05),one_class_svm,aggregate,2,1.0,2011-01-01 07:33:10,2011-01-01 07:47:00,0.23,2.25,,64.36781609195403,9.759036144578312,2.25,0.0,False,93,5,4,False,False,terminal,pca1,load_pipeline (invariant)
FEMTO,Bearing1_1,42,One-Class SVM (nu=0.05),one_class_svm,aggregate,5,1.0,2011-01-01 07:33:10,2011-01-01 07:47:00,0.23,2.2,,54.59770114942529,9.542168674698795,2.2,0.0,False,187,3,2,True,False,terminal,pca1,load_pipeline (invariant)
FEMTO,Bearing1_1,42,One-Class SVM (nu=0.05),one_class_svm,aggregate,10,2.0,2011-01-01 07:33:10,2011-01-01 07:47:00,0.23,2.45,,70.11494252873564,10.626506024096386,2.45,0.0,False,93,3,1,True,False,terminal,pca1,load_pipeline (invariant)
FEMTO,Bearing1_1,42,One-Class SVM (nu=0.05),one_class_svm,aggregate,20,3.0,2011-01-01 07:33:10,2011-01-01 07:47:00,0.23,1.9333333333333333,,55.932203389830505,8.385542168674698,1.9333333333333333,0.0,False,62,3,1,True,False,terminal,pca1,load_pipeline (invariant)
FEMTO,Bearing1_1,42,One-Class SVM (nu=0.05),one_class_svm,decimate,1,0.17,2011-01-01 07:33:10,2011-01-01 07:47:00,0.23,1.7694444444444444,,46.15384615384615,7.674698795180722,1.7694444444444444,0.0,False,224,10,3,False,False,terminal,pca1,load_pipeline (invariant)
FEMTO,Bearing1_1,42,One-Class SVM (nu=0.05),one_class_svm,decimate,2,0.33,2011-01-01 07:33:10,2011-01-01 07:47:00,0.23,1.0833333333333333,,10.76923076923077,4.698795180722891,1.0833333333333333,0.0,False,280,5,4,False,False,terminal,pca1,load_pipeline (invariant)
FEMTO,Bearing1_1,42,One-Class SVM (nu=0.05),one_class_svm,decimate,5,0.83,2011-01-01 07:33:10,2011-01-01 07:47:00,0.23,2.5194444444444444,,55.769230769230774,10.927710843373493,2.5194444444444444,0.0,False,224,3,2,True,False,terminal,pca1,load_pipeline (invariant)
FEMTO,Bearing1_1,42,One-Class SVM (nu=0.05),one_class_svm,decimate,10,1.67,2011-01-01 07:33:10,2011-01-01 07:47:00,0.23,2.088888888888889,,38.46153846153847,9.060240963855422,2.088888888888889,0.0,False,112,3,1,True,False,terminal,pca1,load_pipeline (invariant)
FEMTO,Bearing1_1,42,One-Class SVM (nu=0.05),one_class_svm,decimate,20,3.33,2011-01-01 07:33:10,2011-01-01 07:47:00,0.23,2.561111111111111,,55.769230769230774,11.108433734939757,2.561111111111111,0.0,False,56,3,1,True,False,terminal,pca1,load_pipeline (invariant)
FEMTO,Bearing1_2,42,One-Class SVM (nu=0.05),one_class_svm,aggregate,1,0.17,,2011-01-01 02:25:00,,0.9722222222222222,,75.0,,0.0,75.0,False,70,10,3,False,False,terminal,pca1,load_pipeline (invariant)
FEMTO,Bearing1_2,42,One-Class SVM (nu=0.05),one_class_svm,aggregate,2,1.0,,2011-01-01 02:25:00,,0.9833333333333333,,100.0,,0.0,100.0,False,29,5,4,False,False,terminal,pca1,load_pipeline (invariant)
FEMTO,Bearing1_2,42,One-Class SVM (nu=0.05),one_class_svm,aggregate,5,1.0,,2011-01-01 02:25:00,,0.9666666666666667,,66.66666666666666,,0.0,66.66666666666666,False,58,3,2,True,False,terminal,pca1,load_pipeline (invariant)
FEMTO,Bearing1_2,42,One-Class SVM (nu=0.05),one_class_svm,aggregate,10,2.0,,2011-01-01 02:25:00,,0.9833333333333333,,100.0,,0.0,100.0,False,29,3,1,True,False,terminal,pca1,load_pipeline (invariant)
FEMTO,Bearing1_2,42,One-Class SVM (nu=0.05),one_class_svm,aggregate,20,3.0,,2011-01-01 02:25:00,,0.9666666666666667,,100.0,,0.0,100.0,False,19,3,1,True,False,terminal,pca1,load_pipeline (invariant)
FEMTO,Bearing1_2,42,One-Class SVM (nu=0.05),one_class_svm,decimate,1,0.17,,2011-01-01 02:25:00,,0.9722222222222222,,75.0,,0.0,75.0,False,70,10,3,False,False,terminal,pca1,load_pipeline (invariant)
FEMTO,Bearing1_2,42,One-Class SVM (nu=0.05),one_class_svm,decimate,2,0.33,,2011-01-01 02:25:00,,0.8944444444444445,,0.0,,0.8944444444444445,0.0,True,87,5,4,False,False,terminal,pca1,load_pipeline (invariant)
FEMTO,Bearing1_2,42,One-Class SVM (nu=0.05),one_class_svm,decimate,5,0.83,,2011-01-01 02:25:00,,0.9722222222222222,,50.0,,0.0,50.0,False,70,3,2,True,False,terminal,pca1,load_pipeline (invariant)
FEMTO,Bearing1_2,42,One-Class SVM (nu=0.05),one_class_svm,decimate,10,1.67,,2011-01-01 02:25:00,,0.9722222222222222,,100.0,,0.0,100.0,False,35,3,1,True,False,terminal,pca1,load_pipeline (invariant)
FEMTO,Bearing1_2,42,One-Class SVM (nu=0.05),one_class_svm,decimate,20,3.33,,2011-01-01 02:25:00,,0.9722222222222222,,100.0,,0.0,100.0,False,17,3,1,True,False,terminal,pca1,load_pipeline (invariant)
FEMTO,Bearing2_1,42,One-Class SVM (nu=0.05),one_class_svm,aggregate,1,0.17,2011-01-01 02:29:40,2011-01-01 02:31:40,0.03,0.9305555555555556,,57.74647887323944,27.916666666666668,0.9305555555555556,0.0,False,73,10,3,False,False,terminal,pca1,load_pipeline (invariant)
FEMTO,Bearing2_1,42,One-Class SVM (nu=0.05),one_class_svm,aggregate,2,1.0,2011-01-01 02:29:40,2011-01-01 02:31:40,0.03,0.9611111111111111,,80.0,28.833333333333336,0.9611111111111111,0.0,False,30,5,4,False,False,terminal,pca1,load_pipeline (invariant)
FEMTO,Bearing2_1,42,One-Class SVM (nu=0.05),one_class_svm,aggregate,5,1.0,2011-01-01 02:29:40,2011-01-01 02:31:40,0.03,0.9444444444444444,,66.10169491525424,28.333333333333332,0.9444444444444444,0.0,False,60,3,2,True,False,terminal,pca1,load_pipeline (invariant)
FEMTO,Bearing2_1,42,One-Class SVM (nu=0.05),one_class_svm,aggregate,10,2.0,2011-01-01 02:29:40,2011-01-01 02:31:40,0.03,1.0277777777777777,,76.66666666666667,30.833333333333332,0.0,50.0,False,30,3,1,True,False,terminal,pca1,load_pipeline (invariant)
FEMTO,Bearing2_1,42,One-Class SVM (nu=0.05),one_class_svm,aggregate,20,3.0,2011-01-01 02:29:40,2011-01-01 02:31:40,0.03,0.9777777777777777,,60.0,29.333333333333332,0.0,50.0,False,20,3,1,True,False,terminal,pca1,load_pipeline (invariant)
FEMTO,Bearing2_1,42,One-Class SVM (nu=0.05),one_class_svm,decimate,1,0.17,2011-01-01 02:29:40,2011-01-01 02:31:40,0.03,0.9305555555555556,,57.74647887323944,27.916666666666668,0.9305555555555556,0.0,False,73,10,3,False,False,terminal,pca1,load_pipeline (invariant)
FEMTO,Bearing2_1,42,One-Class SVM (nu=0.05),one_class_svm,decimate,2,0.33,2011-01-01 02:29:40,2011-01-01 02:31:40,0.03,0.7388888888888889,,32.58426966292135,22.166666666666668,0.7388888888888889,0.0,False,91,5,4,False,False,terminal,pca1,load_pipeline (invariant)
FEMTO,Bearing2_1,42,One-Class SVM (nu=0.05),one_class_svm,decimate,5,0.83,2011-01-01 02:29:40,2011-01-01 02:31:40,0.03,0.9722222222222222,,67.6056338028169,29.166666666666668,0.0,25.0,False,73,3,2,True,False,terminal,pca1,load_pipeline (invariant)
FEMTO,Bearing2_1,42,One-Class SVM (nu=0.05),one_class_svm,decimate,10,1.67,2011-01-01 02:29:40,2011-01-01 02:31:40,0.03,0.9166666666666666,,60.0,27.5,0.9166666666666666,0.0,False,36,3,1,True,False,terminal,pca1,load_pipeline (invariant)
FEMTO,Bearing2_1,42,One-Class SVM (nu=0.05),one_class_svm,decimate,20,3.33,2011-01-01 02:29:40,2011-01-01 02:31:40,0.03,0.8055555555555556,,44.44444444444444,24.166666666666668,0.8055555555555556,0.0,False,18,3,1,True,False,terminal,pca1,load_pipeline (invariant)
FEMTO,Bearing2_2,42,One-Class SVM (nu=0.05),one_class_svm,aggregate,1,0.17,2011-01-01 02:06:40,2011-01-01 02:12:40,0.1,0.8916666666666667,,85.96491228070175,8.916666666666666,0.0,100.0,False,64,10,3,False,False,terminal,pca1,load_pipeline (invariant)
FEMTO,Bearing2_2,42,One-Class SVM (nu=0.05),one_class_svm,aggregate,2,1.0,2011-01-01 02:06:40,2011-01-01 02:12:40,0.1,0.8777777777777778,,100.0,8.777777777777777,0.0,100.0,False,26,5,4,False,False,terminal,pca1,load_pipeline (invariant)
FEMTO,Bearing2_2,42,One-Class SVM (nu=0.05),one_class_svm,aggregate,5,1.0,2011-01-01 02:06:40,2011-01-01 02:12:40,0.1,0.8944444444444445,,97.91666666666666,8.944444444444445,0.0,100.0,False,53,3,2,True,False,terminal,pca1,load_pipeline (invariant)
FEMTO,Bearing2_2,42,One-Class SVM (nu=0.05),one_class_svm,aggregate,10,2.0,2011-01-01 02:06:40,2011-01-01 02:12:40,0.1,0.8777777777777778,,100.0,8.777777777777777,0.0,100.0,False,26,3,1,True,False,terminal,pca1,load_pipeline (invariant)
FEMTO,Bearing2_2,42,One-Class SVM (nu=0.05),one_class_svm,aggregate,20,3.0,2011-01-01 02:06:40,2011-01-01 02:12:40,0.1,0.9111111111111111,,100.0,9.11111111111111,0.0,100.0,False,18,3,1,True,False,terminal,pca1,load_pipeline (invariant)
FEMTO,Bearing2_2,42,One-Class SVM (nu=0.05),one_class_svm,decimate,1,0.17,2011-01-01 02:06:40,2011-01-01 02:12:40,0.1,0.8916666666666667,,85.96491228070175,8.916666666666666,0.0,100.0,False,64,10,3,False,False,terminal,pca1,load_pipeline (invariant)
FEMTO,Bearing2_2,42,One-Class SVM (nu=0.05),one_class_svm,decimate,2,0.33,2011-01-01 02:06:40,2011-01-01 02:12:40,0.1,0.8888888888888888,,49.29577464788733,8.888888888888888,0.0,100.0,False,80,5,4,False,False,terminal,pca1,load_pipeline (invariant)
FEMTO,Bearing2_2,42,One-Class SVM (nu=0.05),one_class_svm,decimate,5,0.83,2011-01-01 02:06:40,2011-01-01 02:12:40,0.1,0.8916666666666667,,77.19298245614034,8.916666666666666,0.0,100.0,False,64,3,2,True,False,terminal,pca1,load_pipeline (invariant)
FEMTO,Bearing2_2,42,One-Class SVM (nu=0.05),one_class_svm,decimate,10,1.67,2011-01-01 02:06:40,2011-01-01 02:12:40,0.1,0.9055555555555556,,96.55172413793103,9.055555555555555,0.0,100.0,False,32,3,1,True,False,terminal,pca1,load_pipeline (invariant)
FEMTO,Bearing2_2,42,One-Class SVM (nu=0.05),one_class_svm,decimate,20,3.33,2011-01-01 02:06:40,2011-01-01 02:12:40,0.1,0.9333333333333333,,100.0,9.333333333333332,0.0,100.0,False,16,3,1,True,False,terminal,pca1,load_pipeline (invariant)
FEMTO,Bearing3_1,42,One-Class SVM (nu=0.05),one_class_svm,aggregate,1,0.17,2011-01-01 01:21:40,2011-01-01 01:25:40,0.07,0.5666666666666667,,69.44444444444444,8.5,0.0,100.0,False,41,10,3,False,False,terminal,pca1,load_pipeline (invariant)
FEMTO,Bearing3_1,42,One-Class SVM (nu=0.05),one_class_svm,aggregate,2,1.0,2011-01-01 01:21:40,2011-01-01 01:25:40,0.07,0.42777777777777776,,68.75,6.416666666666666,0.42777777777777776,0.0,False,17,5,4,False,False,terminal,pca1,load_pipeline (invariant)
FEMTO,Bearing3_1,42,One-Class SVM (nu=0.05),one_class_svm,aggregate,5,1.0,2011-01-01 01:21:40,2011-01-01 01:25:40,0.07,0.5777777777777777,,80.64516129032258,8.666666666666666,0.0,100.0,False,34,3,2,True,False,terminal,pca1,load_pipeline (invariant)
FEMTO,Bearing3_1,42,One-Class SVM (nu=0.05),one_class_svm,aggregate,10,2.0,2011-01-01 01:21:40,2011-01-01 01:25:40,0.07,0.5944444444444444,,100.0,8.916666666666666,0.0,100.0,False,17,3,1,True,False,terminal,pca1,load_pipeline (invariant)
FEMTO,Bearing3_1,42,One-Class SVM (nu=0.05),one_class_svm,aggregate,20,3.0,2011-01-01 01:21:40,2011-01-01 01:25:40,0.07,0.5777777777777777,,100.0,8.666666666666666,0.0,100.0,False,11,3,1,True,False,terminal,pca1,load_pipeline (invariant)
FEMTO,Bearing3_1,42,One-Class SVM (nu=0.05),one_class_svm,decimate,1,0.17,2011-01-01 01:21:40,2011-01-01 01:25:40,0.07,0.5666666666666667,,69.44444444444444,8.5,0.0,100.0,False,41,10,3,False,False,terminal,pca1,load_pipeline (invariant)
FEMTO,Bearing3_1,42,One-Class SVM (nu=0.05),one_class_svm,decimate,2,0.33,2011-01-01 01:21:40,2011-01-01 01:25:40,0.07,0.29444444444444445,,45.65217391304348,4.416666666666667,0.29444444444444445,0.0,False,51,5,4,False,False,terminal,pca1,load_pipeline (invariant)
FEMTO,Bearing3_1,42,One-Class SVM (nu=0.05),one_class_svm,decimate,5,0.83,2011-01-01 01:21:40,2011-01-01 01:25:40,0.07,0.5111111111111111,,67.56756756756756,7.666666666666666,0.5111111111111111,0.0,False,41,3,2,True,False,terminal,pca1,load_pipeline (invariant)
FEMTO,Bearing3_1,42,One-Class SVM (nu=0.05),one_class_svm,decimate,10,1.67,2011-01-01 01:21:40,2011-01-01 01:25:40,0.07,0.5111111111111111,,83.33333333333334,7.666666666666666,0.5111111111111111,0.0,False,20,3,1,True,False,terminal,pca1,load_pipeline (invariant)
FEMTO,Bearing3_1,42,One-Class SVM (nu=0.05),one_class_svm,decimate,20,3.33,2011-01-01 01:21:40,2011-01-01 01:25:40,0.07,0.5944444444444444,,100.0,8.916666666666666,0.0,100.0,False,10,3,1,True,False,terminal,pca1,load_pipeline (invariant)
FEMTO,Bearing3_2,42,One-Class SVM (nu=0.05),one_class_svm,aggregate,1,0.17,2011-01-01 04:24:00,2011-01-01 04:32:40,0.14,0.5722222222222222,,19.00826446280992,3.9615384615384617,0.5722222222222222,0.0,False,131,10,3,False,False,terminal,pca1,load_pipeline (invariant)
FEMTO,Bearing3_2,42,One-Class SVM (nu=0.05),one_class_svm,aggregate,2,1.0,2011-01-01 04:24:00,2011-01-01 04:32:40,0.14,0.6111111111111112,,20.0,4.230769230769232,0.6111111111111112,0.0,False,54,5,4,False,False,terminal,pca1,load_pipeline (invariant)
FEMTO,Bearing3_2,42,One-Class SVM (nu=0.05),one_class_svm,aggregate,5,1.0,2011-01-01 04:24:00,2011-01-01 04:32:40,0.14,0.6111111111111112,,17.82178217821782,4.230769230769232,0.6111111111111112,0.0,False,109,3,2,True,False,terminal,pca1,load_pipeline (invariant)
FEMTO,Bearing3_2,42,One-Class SVM (nu=0.05),one_class_svm,aggregate,10,2.0,2011-01-01 04:24:00,2011-01-01 04:32:40,0.14,0.6777777777777778,,22.0,4.692307692307693,0.6777777777777778,0.0,False,54,3,1,True,False,terminal,pca1,load_pipeline (invariant)
FEMTO,Bearing3_2,42,One-Class SVM (nu=0.05),one_class_svm,aggregate,20,3.0,2011-01-01 04:24:00,2011-01-01 04:32:40,0.14,1.1444444444444444,,32.35294117647059,7.923076923076923,1.1444444444444444,0.0,False,36,3,1,True,False,terminal,pca1,load_pipeline (invariant)
FEMTO,Bearing3_2,42,One-Class SVM (nu=0.05),one_class_svm,decimate,1,0.17,2011-01-01 04:24:00,2011-01-01 04:32:40,0.14,0.5722222222222222,,19.00826446280992,3.9615384615384617,0.5722222222222222,0.0,False,131,10,3,False,False,terminal,pca1,load_pipeline (invariant)
FEMTO,Bearing3_2,42,One-Class SVM (nu=0.05),one_class_svm,decimate,2,0.33,2011-01-01 04:24:00,2011-01-01 04:32:40,0.14,0.5666666666666667,,8.609271523178808,3.9230769230769234,0.5666666666666667,0.0,True,164,5,4,False,False,terminal,pca1,load_pipeline (invariant)
FEMTO,Bearing3_2,42,One-Class SVM (nu=0.05),one_class_svm,decimate,5,0.83,2011-01-01 04:24:00,2011-01-01 04:32:40,0.14,1.1,,28.92561983471074,7.615384615384617,1.1,0.0,False,131,3,2,True,False,terminal,pca1,load_pipeline (invariant)
FEMTO,Bearing3_2,42,One-Class SVM (nu=0.05),one_class_svm,decimate,10,1.67,2011-01-01 04:24:00,2011-01-01 04:32:40,0.14,1.7666666666666666,,59.01639344262295,12.230769230769232,0.0,50.0,False,65,3,1,True,False,terminal,pca1,load_pipeline (invariant)
FEMTO,Bearing3_2,42,One-Class SVM (nu=0.05),one_class_svm,decimate,20,3.33,2011-01-01 04:24:00,2011-01-01 04:32:40,0.14,1.7666666666666666,,58.06451612903226,12.230769230769232,0.0,50.0,False,32,3,1,True,False,terminal,pca1,load_pipeline (invariant)
