dataset,run,seed,method,short_name,mode,factor,effective_interval_min,t_onset,t_fail,max_lead_hours,lead_time_hours,detection_delay_hours,far_preonset_pct,lead_norm,vlt_legacy_hours,far_legacy_pct,valid_alarm,n_test_windows,window_rows,persistence_windows,window_floored,control,onset_method,onset_indicator,feature_mode
XJTU-SY,Bearing1_1,42,RMS-Trend (kσ),rms_trend,aggregate,1,1.0,,2019-01-01 02:02:00,,0.0,,0.0,,0.0,0.0,False,10,10,3,False,False,terminal,pca1,load_pipeline (invariant)
XJTU-SY,Bearing1_1,42,3σ Rule (σ=3.0),three_sigma,aggregate,1,1.0,,2019-01-01 02:02:00,,0.8666666666666667,,100.0,,0.0,100.0,False,10,10,3,False,False,terminal,pca1,load_pipeline (invariant)
XJTU-SY,Bearing1_1,42,"EWMA (λ=0.2, k=3.0)",ewma,aggregate,1,1.0,,2019-01-01 02:02:00,,0.8666666666666667,,100.0,,0.0,100.0,False,10,10,3,False,False,terminal,pca1,load_pipeline (invariant)
XJTU-SY,Bearing1_1,42,"CUSUM (k=0.5, h=5.0)",cusum,aggregate,1,1.0,,2019-01-01 02:02:00,,0.7833333333333333,,0.0,,0.7833333333333333,0.0,True,10,10,3,False,False,terminal,pca1,load_pipeline (invariant)
XJTU-SY,Bearing1_1,42,Hotelling T²,hotelling_t2,aggregate,1,1.0,,2019-01-01 02:02:00,,0.8666666666666667,,100.0,,0.0,100.0,False,10,10,3,False,False,terminal,pca1,load_pipeline (invariant)
XJTU-SY,Bearing1_1,42,Isolation Forest,isolation_forest,aggregate,1,1.0,,2019-01-01 02:02:00,,0.0,,0.0,,0.0,0.0,False,10,10,3,False,False,terminal,pca1,load_pipeline (invariant)
XJTU-SY,Bearing1_1,42,Deep SVDD,deep_svdd,aggregate,1,1.0,,2019-01-01 02:02:00,,0.0,,0.0,,0.0,0.0,False,10,10,3,False,False,terminal,pca1,load_pipeline (invariant)
XJTU-SY,Bearing1_1,42,LSTM-Autoencoder,lstm_ae,aggregate,1,1.0,,2019-01-01 02:02:00,,,,,,,,False,10,10,3,False,False,terminal,pca1,load_pipeline (invariant)
XJTU-SY,Bearing1_1,42,TCN-Autoencoder,tcn,aggregate,1,1.0,,2019-01-01 02:02:00,,,,,,,,False,10,10,3,False,False,terminal,pca1,load_pipeline (invariant)
XJTU-SY,Bearing1_1,42,Transformer-AD,transformer_ad,aggregate,1,1.0,,2019-01-01 02:02:00,,,,,,,,False,10,10,3,False,False,terminal,pca1,load_pipeline (invariant)
XJTU-SY,Bearing1_1,42,RMS-Trend (kσ),rms_trend,aggregate,2,2.0,,2019-01-01 02:02:00,,0.0,,0.0,,0.0,0.0,False,12,5,4,False,False,terminal,pca1,load_pipeline (invariant)
XJTU-SY,Bearing1_1,42,3σ Rule (σ=3.0),three_sigma,aggregate,2,2.0,,2019-01-01 02:02:00,,0.8333333333333334,,100.0,,0.0,100.0,False,12,5,4,False,False,terminal,pca1,load_pipeline (invariant)
XJTU-SY,Bearing1_1,42,"EWMA (λ=0.2, k=3.0)",ewma,aggregate,2,2.0,,2019-01-01 02:02:00,,0.8333333333333334,,100.0,,0.0,100.0,False,12,5,4,False,False,terminal,pca1,load_pipeline (invariant)
XJTU-SY,Bearing1_1,42,"CUSUM (k=0.5, h=5.0)",cusum,aggregate,2,2.0,,2019-01-01 02:02:00,,0.8333333333333334,,100.0,,0.0,100.0,False,12,5,4,False,False,terminal,pca1,load_pipeline (invariant)
XJTU-SY,Bearing1_1,42,Hotelling T²,hotelling_t2,aggregate,2,2.0,,2019-01-01 02:02:00,,0.8333333333333334,,100.0,,0.0,100.0,False,12,5,4,False,False,terminal,pca1,load_pipeline (invariant)
XJTU-SY,Bearing1_1,42,Isolation Forest,isolation_forest,aggregate,2,2.0,,2019-01-01 02:02:00,,0.0,,0.0,,0.0,0.0,False,12,5,4,False,False,terminal,pca1,load_pipeline (invariant)
XJTU-SY,Bearing1_1,42,Deep SVDD,deep_svdd,aggregate,2,2.0,,2019-01-01 02:02:00,,0.0,,0.0,,0.0,0.0,False,12,5,4,False,False,terminal,pca1,load_pipeline (invariant)
XJTU-SY,Bearing1_1,42,LSTM-Autoencoder,lstm_ae,aggregate,2,2.0,,2019-01-01 02:02:00,,,,,,,,False,12,5,4,False,False,terminal,pca1,load_pipeline (invariant)
XJTU-SY,Bearing1_1,42,TCN-Autoencoder,tcn,aggregate,2,2.0,,2019-01-01 02:02:00,,,,,,,,False,12,5,4,False,False,terminal,pca1,load_pipeline (invariant)
XJTU-SY,Bearing1_1,42,Transformer-AD,transformer_ad,aggregate,2,2.0,,2019-01-01 02:02:00,,,,,,,,False,12,5,4,False,False,terminal,pca1,load_pipeline (invariant)
XJTU-SY,Bearing1_1,42,RMS-Trend (kσ),rms_trend,aggregate,5,5.0,,2019-01-01 02:02:00,,0.0,,0.0,,0.0,0.0,False,10,3,2,True,False,terminal,pca1,load_pipeline (invariant)
XJTU-SY,Bearing1_1,42,3σ Rule (σ=3.0),three_sigma,aggregate,5,5.0,,2019-01-01 02:02:00,,0.8666666666666667,,100.0,,0.0,100.0,False,10,3,2,True,False,terminal,pca1,load_pipeline (invariant)
XJTU-SY,Bearing1_1,42,"EWMA (λ=0.2, k=3.0)",ewma,aggregate,5,5.0,,2019-01-01 02:02:00,,0.8666666666666667,,100.0,,0.0,100.0,False,10,3,2,True,False,terminal,pca1,load_pipeline (invariant)
XJTU-SY,Bearing1_1,42,"CUSUM (k=0.5, h=5.0)",cusum,aggregate,5,5.0,,2019-01-01 02:02:00,,0.8666666666666667,,100.0,,0.0,100.0,False,10,3,2,True,False,terminal,pca1,load_pipeline (invariant)
XJTU-SY,Bearing1_1,42,Hotelling T²,hotelling_t2,aggregate,5,5.0,,2019-01-01 02:02:00,,0.8666666666666667,,100.0,,0.0,100.0,False,10,3,2,True,False,terminal,pca1,load_pipeline (invariant)
XJTU-SY,Bearing1_1,42,Isolation Forest,isolation_forest,aggregate,5,5.0,,2019-01-01 02:02:00,,0.0,,0.0,,0.0,0.0,False,10,3,2,True,False,terminal,pca1,load_pipeline (invariant)
XJTU-SY,Bearing1_1,42,Deep SVDD,deep_svdd,aggregate,5,5.0,,2019-01-01 02:02:00,,0.0,,0.0,,0.0,0.0,False,10,3,2,True,False,terminal,pca1,load_pipeline (invariant)
XJTU-SY,Bearing1_1,42,LSTM-Autoencoder,lstm_ae,aggregate,5,5.0,,2019-01-01 02:02:00,,,,,,,,False,10,3,2,True,False,terminal,pca1,load_pipeline (invariant)
XJTU-SY,Bearing1_1,42,TCN-Autoencoder,tcn,aggregate,5,5.0,,2019-01-01 02:02:00,,,,,,,,False,10,3,2,True,False,terminal,pca1,load_pipeline (invariant)
XJTU-SY,Bearing1_1,42,Transformer-AD,transformer_ad,aggregate,5,5.0,,2019-01-01 02:02:00,,,,,,,,False,10,3,2,True,False,terminal,pca1,load_pipeline (invariant)
XJTU-SY,Bearing1_1,42,RMS-Trend (kσ),rms_trend,aggregate,10,10.0,,2019-01-01 02:02:00,,0.2,,0.0,,0.2,0.0,True,5,3,1,True,False,terminal,pca1,load_pipeline (invariant)
XJTU-SY,Bearing1_1,42,3σ Rule (σ=3.0),three_sigma,aggregate,10,10.0,,2019-01-01 02:02:00,,0.8666666666666667,,100.0,,0.0,100.0,False,5,3,1,True,False,terminal,pca1,load_pipeline (invariant)
XJTU-SY,Bearing1_1,42,"EWMA (λ=0.2, k=3.0)",ewma,aggregate,10,10.0,,2019-01-01 02:02:00,,0.8666666666666667,,100.0,,0.0,100.0,False,5,3,1,True,False,terminal,pca1,load_pipeline (invariant)
XJTU-SY,Bearing1_1,42,"CUSUM (k=0.5, h=5.0)",cusum,aggregate,10,10.0,,2019-01-01 02:02:00,,0.8666666666666667,,100.0,,0.0,100.0,False,5,3,1,True,False,terminal,pca1,load_pipeline (invariant)
XJTU-SY,Bearing1_1,42,Hotelling T²,hotelling_t2,aggregate,10,10.0,,2019-01-01 02:02:00,,0.8666666666666667,,100.0,,0.0,100.0,False,5,3,1,True,False,terminal,pca1,load_pipeline (invariant)
XJTU-SY,Bearing1_1,42,Isolation Forest,isolation_forest,aggregate,10,10.0,,2019-01-01 02:02:00,,0.0,,0.0,,0.0,0.0,False,5,3,1,True,False,terminal,pca1,load_pipeline (invariant)
XJTU-SY,Bearing1_1,42,Deep SVDD,deep_svdd,aggregate,10,10.0,,2019-01-01 02:02:00,,0.2,,0.0,,0.2,0.0,True,5,3,1,True,False,terminal,pca1,load_pipeline (invariant)
XJTU-SY,Bearing1_1,42,LSTM-Autoencoder,lstm_ae,aggregate,10,10.0,,2019-01-01 02:02:00,,,,,,,,False,5,3,1,True,False,terminal,pca1,load_pipeline (invariant)
XJTU-SY,Bearing1_1,42,TCN-Autoencoder,tcn,aggregate,10,10.0,,2019-01-01 02:02:00,,,,,,,,False,5,3,1,True,False,terminal,pca1,load_pipeline (invariant)
XJTU-SY,Bearing1_1,42,Transformer-AD,transformer_ad,aggregate,10,10.0,,2019-01-01 02:02:00,,,,,,,,False,5,3,1,True,False,terminal,pca1,load_pipeline (invariant)
XJTU-SY,Bearing1_1,42,RMS-Trend (kσ),rms_trend,aggregate,20,20.0,,2019-01-01 02:02:00,,0.36666666666666664,,0.0,,0.36666666666666664,0.0,True,2,3,1,True,False,terminal,pca1,load_pipeline (invariant)
XJTU-SY,Bearing1_1,42,3σ Rule (σ=3.0),three_sigma,aggregate,20,20.0,,2019-01-01 02:02:00,,0.7,,100.0,,0.0,100.0,False,2,3,1,True,False,terminal,pca1,load_pipeline (invariant)
XJTU-SY,Bearing1_1,42,"EWMA (λ=0.2, k=3.0)",ewma,aggregate,20,20.0,,2019-01-01 02:02:00,,0.7,,100.0,,0.0,100.0,False,2,3,1,True,False,terminal,pca1,load_pipeline (invariant)
XJTU-SY,Bearing1_1,42,"CUSUM (k=0.5, h=5.0)",cusum,aggregate,20,20.0,,2019-01-01 02:02:00,,0.7,,100.0,,0.0,100.0,False,2,3,1,True,False,terminal,pca1,load_pipeline (invariant)
XJTU-SY,Bearing1_1,42,Hotelling T²,hotelling_t2,aggregate,20,20.0,,2019-01-01 02:02:00,,0.7,,100.0,,0.0,100.0,False,2,3,1,True,False,terminal,pca1,load_pipeline (invariant)
XJTU-SY,Bearing1_1,42,Isolation Forest,isolation_forest,aggregate,20,20.0,,2019-01-01 02:02:00,,0.0,,0.0,,0.0,0.0,False,2,3,1,True,False,terminal,pca1,load_pipeline (invariant)
XJTU-SY,Bearing1_1,42,Deep SVDD,deep_svdd,aggregate,20,20.0,,2019-01-01 02:02:00,,0.7,,100.0,,0.0,100.0,False,2,3,1,True,False,terminal,pca1,load_pipeline (invariant)
XJTU-SY,Bearing1_1,42,LSTM-Autoencoder,lstm_ae,aggregate,20,20.0,,2019-01-01 02:02:00,,,,,,,,False,2,3,1,True,False,terminal,pca1,load_pipeline (invariant)
XJTU-SY,Bearing1_1,42,TCN-Autoencoder,tcn,aggregate,20,20.0,,2019-01-01 02:02:00,,,,,,,,False,2,3,1,True,False,terminal,pca1,load_pipeline (invariant)
XJTU-SY,Bearing1_1,42,Transformer-AD,transformer_ad,aggregate,20,20.0,,2019-01-01 02:02:00,,,,,,,,False,2,3,1,True,False,terminal,pca1,load_pipeline (invariant)
XJTU-SY,Bearing1_1,42,RMS-Trend (kσ),rms_trend,decimate,1,1.0,,2019-01-01 02:02:00,,0.0,,0.0,,0.0,0.0,False,10,10,3,False,False,terminal,pca1,load_pipeline (invariant)
XJTU-SY,Bearing1_1,42,3σ Rule (σ=3.0),three_sigma,decimate,1,1.0,,2019-01-01 02:02:00,,0.8666666666666667,,100.0,,0.0,100.0,False,10,10,3,False,False,terminal,pca1,load_pipeline (invariant)
XJTU-SY,Bearing1_1,42,"EWMA (λ=0.2, k=3.0)",ewma,decimate,1,1.0,,2019-01-01 02:02:00,,0.8666666666666667,,100.0,,0.0,100.0,False,10,10,3,False,False,terminal,pca1,load_pipeline (invariant)
XJTU-SY,Bearing1_1,42,"CUSUM (k=0.5, h=5.0)",cusum,decimate,1,1.0,,2019-01-01 02:02:00,,0.7833333333333333,,0.0,,0.7833333333333333,0.0,True,10,10,3,False,False,terminal,pca1,load_pipeline (invariant)
XJTU-SY,Bearing1_1,42,Hotelling T²,hotelling_t2,decimate,1,1.0,,2019-01-01 02:02:00,,0.8666666666666667,,100.0,,0.0,100.0,False,10,10,3,False,False,terminal,pca1,load_pipeline (invariant)
XJTU-SY,Bearing1_1,42,Isolation Forest,isolation_forest,decimate,1,1.0,,2019-01-01 02:02:00,,0.0,,0.0,,0.0,0.0,False,10,10,3,False,False,terminal,pca1,load_pipeline (invariant)
XJTU-SY,Bearing1_1,42,Deep SVDD,deep_svdd,decimate,1,1.0,,2019-01-01 02:02:00,,0.0,,0.0,,0.0,0.0,False,10,10,3,False,False,terminal,pca1,load_pipeline (invariant)
XJTU-SY,Bearing1_1,42,LSTM-Autoencoder,lstm_ae,decimate,1,1.0,,2019-01-01 02:02:00,,,,,,,,False,10,10,3,False,False,terminal,pca1,load_pipeline (invariant)
XJTU-SY,Bearing1_1,42,TCN-Autoencoder,tcn,decimate,1,1.0,,2019-01-01 02:02:00,,,,,,,,False,10,10,3,False,False,terminal,pca1,load_pipeline (invariant)
XJTU-SY,Bearing1_1,42,Transformer-AD,transformer_ad,decimate,1,1.0,,2019-01-01 02:02:00,,,,,,,,False,10,10,3,False,False,terminal,pca1,load_pipeline (invariant)
XJTU-SY,Bearing1_1,42,RMS-Trend (kσ),rms_trend,decimate,2,2.0,,2019-01-01 02:02:00,,0.0,,0.0,,0.0,0.0,False,12,5,4,False,False,terminal,pca1,load_pipeline (invariant)
XJTU-SY,Bearing1_1,42,3σ Rule (σ=3.0),three_sigma,decimate,2,2.0,,2019-01-01 02:02:00,,0.8333333333333334,,100.0,,0.0,100.0,False,12,5,4,False,False,terminal,pca1,load_pipeline (invariant)
XJTU-SY,Bearing1_1,42,"EWMA (λ=0.2, k=3.0)",ewma,decimate,2,2.0,,2019-01-01 02:02:00,,0.8333333333333334,,100.0,,0.0,100.0,False,12,5,4,False,False,terminal,pca1,load_pipeline (invariant)
XJTU-SY,Bearing1_1,42,"CUSUM (k=0.5, h=5.0)",cusum,decimate,2,2.0,,2019-01-01 02:02:00,,0.8333333333333334,,100.0,,0.0,100.0,False,12,5,4,False,False,terminal,pca1,load_pipeline (invariant)
XJTU-SY,Bearing1_1,42,Hotelling T²,hotelling_t2,decimate,2,2.0,,2019-01-01 02:02:00,,0.8333333333333334,,100.0,,0.0,100.0,False,12,5,4,False,False,terminal,pca1,load_pipeline (invariant)
XJTU-SY,Bearing1_1,42,Isolation Forest,isolation_forest,decimate,2,2.0,,2019-01-01 02:02:00,,0.0,,0.0,,0.0,0.0,False,12,5,4,False,False,terminal,pca1,load_pipeline (invariant)
XJTU-SY,Bearing1_1,42,Deep SVDD,deep_svdd,decimate,2,2.0,,2019-01-01 02:02:00,,0.0,,0.0,,0.0,0.0,False,12,5,4,False,False,terminal,pca1,load_pipeline (invariant)
XJTU-SY,Bearing1_1,42,LSTM-Autoencoder,lstm_ae,decimate,2,2.0,,2019-01-01 02:02:00,,,,,,,,False,12,5,4,False,False,terminal,pca1,load_pipeline (invariant)
XJTU-SY,Bearing1_1,42,TCN-Autoencoder,tcn,decimate,2,2.0,,2019-01-01 02:02:00,,,,,,,,False,12,5,4,False,False,terminal,pca1,load_pipeline (invariant)
XJTU-SY,Bearing1_1,42,Transformer-AD,transformer_ad,decimate,2,2.0,,2019-01-01 02:02:00,,,,,,,,False,12,5,4,False,False,terminal,pca1,load_pipeline (invariant)
XJTU-SY,Bearing1_1,42,RMS-Trend (kσ),rms_trend,decimate,5,5.0,,2019-01-01 02:02:00,,0.0,,0.0,,0.0,0.0,False,10,3,2,True,False,terminal,pca1,load_pipeline (invariant)
XJTU-SY,Bearing1_1,42,3σ Rule (σ=3.0),three_sigma,decimate,5,5.0,,2019-01-01 02:02:00,,0.8666666666666667,,100.0,,0.0,100.0,False,10,3,2,True,False,terminal,pca1,load_pipeline (invariant)
XJTU-SY,Bearing1_1,42,"EWMA (λ=0.2, k=3.0)",ewma,decimate,5,5.0,,2019-01-01 02:02:00,,0.8666666666666667,,100.0,,0.0,100.0,False,10,3,2,True,False,terminal,pca1,load_pipeline (invariant)
XJTU-SY,Bearing1_1,42,"CUSUM (k=0.5, h=5.0)",cusum,decimate,5,5.0,,2019-01-01 02:02:00,,0.8666666666666667,,100.0,,0.0,100.0,False,10,3,2,True,False,terminal,pca1,load_pipeline (invariant)
XJTU-SY,Bearing1_1,42,Hotelling T²,hotelling_t2,decimate,5,5.0,,2019-01-01 02:02:00,,0.8666666666666667,,100.0,,0.0,100.0,False,10,3,2,True,False,terminal,pca1,load_pipeline (invariant)
XJTU-SY,Bearing1_1,42,Isolation Forest,isolation_forest,decimate,5,5.0,,2019-01-01 02:02:00,,0.0,,0.0,,0.0,0.0,False,10,3,2,True,False,terminal,pca1,load_pipeline (invariant)
XJTU-SY,Bearing1_1,42,Deep SVDD,deep_svdd,decimate,5,5.0,,2019-01-01 02:02:00,,0.0,,0.0,,0.0,0.0,False,10,3,2,True,False,terminal,pca1,load_pipeline (invariant)
XJTU-SY,Bearing1_1,42,LSTM-Autoencoder,lstm_ae,decimate,5,5.0,,2019-01-01 02:02:00,,,,,,,,False,10,3,2,True,False,terminal,pca1,load_pipeline (invariant)
XJTU-SY,Bearing1_1,42,TCN-Autoencoder,tcn,decimate,5,5.0,,2019-01-01 02:02:00,,,,,,,,False,10,3,2,True,False,terminal,pca1,load_pipeline (invariant)
XJTU-SY,Bearing1_1,42,Transformer-AD,transformer_ad,decimate,5,5.0,,2019-01-01 02:02:00,,,,,,,,False,10,3,2,True,False,terminal,pca1,load_pipeline (invariant)
XJTU-SY,Bearing1_1,42,RMS-Trend (kσ),rms_trend,decimate,10,10.0,,2019-01-01 02:02:00,,0.2,,0.0,,0.2,0.0,True,5,3,1,True,False,terminal,pca1,load_pipeline (invariant)
XJTU-SY,Bearing1_1,42,3σ Rule (σ=3.0),three_sigma,decimate,10,10.0,,2019-01-01 02:02:00,,0.8666666666666667,,100.0,,0.0,100.0,False,5,3,1,True,False,terminal,pca1,load_pipeline (invariant)
XJTU-SY,Bearing1_1,42,"EWMA (λ=0.2, k=3.0)",ewma,decimate,10,10.0,,2019-01-01 02:02:00,,0.8666666666666667,,100.0,,0.0,100.0,False,5,3,1,True,False,terminal,pca1,load_pipeline (invariant)
XJTU-SY,Bearing1_1,42,"CUSUM (k=0.5, h=5.0)",cusum,decimate,10,10.0,,2019-01-01 02:02:00,,0.8666666666666667,,100.0,,0.0,100.0,False,5,3,1,True,False,terminal,pca1,load_pipeline (invariant)
XJTU-SY,Bearing1_1,42,Hotelling T²,hotelling_t2,decimate,10,10.0,,2019-01-01 02:02:00,,0.8666666666666667,,100.0,,0.0,100.0,False,5,3,1,True,False,terminal,pca1,load_pipeline (invariant)
XJTU-SY,Bearing1_1,42,Isolation Forest,isolation_forest,decimate,10,10.0,,2019-01-01 02:02:00,,0.0,,0.0,,0.0,0.0,False,5,3,1,True,False,terminal,pca1,load_pipeline (invariant)
XJTU-SY,Bearing1_1,42,Deep SVDD,deep_svdd,decimate,10,10.0,,2019-01-01 02:02:00,,0.2,,0.0,,0.2,0.0,True,5,3,1,True,False,terminal,pca1,load_pipeline (invariant)
XJTU-SY,Bearing1_1,42,LSTM-Autoencoder,lstm_ae,decimate,10,10.0,,2019-01-01 02:02:00,,,,,,,,False,5,3,1,True,False,terminal,pca1,load_pipeline (invariant)
XJTU-SY,Bearing1_1,42,TCN-Autoencoder,tcn,decimate,10,10.0,,2019-01-01 02:02:00,,,,,,,,False,5,3,1,True,False,terminal,pca1,load_pipeline (invariant)
XJTU-SY,Bearing1_1,42,Transformer-AD,transformer_ad,decimate,10,10.0,,2019-01-01 02:02:00,,,,,,,,False,5,3,1,True,False,terminal,pca1,load_pipeline (invariant)
XJTU-SY,Bearing1_1,42,RMS-Trend (kσ),rms_trend,decimate,20,20.0,,2019-01-01 02:02:00,,0.36666666666666664,,0.0,,0.36666666666666664,0.0,True,2,3,1,True,False,terminal,pca1,load_pipeline (invariant)
XJTU-SY,Bearing1_1,42,3σ Rule (σ=3.0),three_sigma,decimate,20,20.0,,2019-01-01 02:02:00,,0.7,,100.0,,0.0,100.0,False,2,3,1,True,False,terminal,pca1,load_pipeline (invariant)
XJTU-SY,Bearing1_1,42,"EWMA (λ=0.2, k=3.0)",ewma,decimate,20,20.0,,2019-01-01 02:02:00,,0.7,,100.0,,0.0,100.0,False,2,3,1,True,False,terminal,pca1,load_pipeline (invariant)
XJTU-SY,Bearing1_1,42,"CUSUM (k=0.5, h=5.0)",cusum,decimate,20,20.0,,2019-01-01 02:02:00,,0.7,,100.0,,0.0,100.0,False,2,3,1,True,False,terminal,pca1,load_pipeline (invariant)
XJTU-SY,Bearing1_1,42,Hotelling T²,hotelling_t2,decimate,20,20.0,,2019-01-01 02:02:00,,0.7,,100.0,,0.0,100.0,False,2,3,1,True,False,terminal,pca1,load_pipeline (invariant)
XJTU-SY,Bearing1_1,42,Isolation Forest,isolation_forest,decimate,20,20.0,,2019-01-01 02:02:00,,0.0,,0.0,,0.0,0.0,False,2,3,1,True,False,terminal,pca1,load_pipeline (invariant)
XJTU-SY,Bearing1_1,42,Deep SVDD,deep_svdd,decimate,20,20.0,,2019-01-01 02:02:00,,0.36666666666666664,,0.0,,0.36666666666666664,0.0,True,2,3,1,True,False,terminal,pca1,load_pipeline (invariant)
XJTU-SY,Bearing1_1,42,LSTM-Autoencoder,lstm_ae,decimate,20,20.0,,2019-01-01 02:02:00,,,,,,,,False,2,3,1,True,False,terminal,pca1,load_pipeline (invariant)
XJTU-SY,Bearing1_1,42,TCN-Autoencoder,tcn,decimate,20,20.0,,2019-01-01 02:02:00,,,,,,,,False,2,3,1,True,False,terminal,pca1,load_pipeline (invariant)
XJTU-SY,Bearing1_1,42,Transformer-AD,transformer_ad,decimate,20,20.0,,2019-01-01 02:02:00,,,,,,,,False,2,3,1,True,False,terminal,pca1,load_pipeline (invariant)
XJTU-SY,Bearing1_2,42,RMS-Trend (kσ),rms_trend,aggregate,1,1.0,,2019-01-01 02:40:00,,0.0,,0.0,,0.0,0.0,False,13,10,3,False,False,terminal,pca1,load_pipeline (invariant)
XJTU-SY,Bearing1_2,42,3σ Rule (σ=3.0),three_sigma,aggregate,1,1.0,,2019-01-01 02:40:00,,0.0,,0.0,,0.0,0.0,False,13,10,3,False,False,terminal,pca1,load_pipeline (invariant)
XJTU-SY,Bearing1_2,42,"EWMA (λ=0.2, k=3.0)",ewma,aggregate,1,1.0,,2019-01-01 02:40:00,,0.6666666666666666,,0.0,,0.6666666666666666,0.0,True,13,10,3,False,False,terminal,pca1,load_pipeline (invariant)
XJTU-SY,Bearing1_2,42,"CUSUM (k=0.5, h=5.0)",cusum,aggregate,1,1.0,,2019-01-01 02:40:00,,0.5833333333333334,,0.0,,0.5833333333333334,0.0,True,13,10,3,False,False,terminal,pca1,load_pipeline (invariant)
XJTU-SY,Bearing1_2,42,Hotelling T²,hotelling_t2,aggregate,1,1.0,,2019-01-01 02:40:00,,1.0833333333333333,,100.0,,0.0,100.0,False,13,10,3,False,False,terminal,pca1,load_pipeline (invariant)
XJTU-SY,Bearing1_2,42,Isolation Forest,isolation_forest,aggregate,1,1.0,,2019-01-01 02:40:00,,0.0,,0.0,,0.0,0.0,False,13,10,3,False,False,terminal,pca1,load_pipeline (invariant)
XJTU-SY,Bearing1_2,42,Deep SVDD,deep_svdd,aggregate,1,1.0,,2019-01-01 02:40:00,,0.0,,0.0,,0.0,0.0,False,13,10,3,False,False,terminal,pca1,load_pipeline (invariant)
XJTU-SY,Bearing1_2,42,LSTM-Autoencoder,lstm_ae,aggregate,1,1.0,,2019-01-01 02:40:00,,,,,,,,False,13,10,3,False,False,terminal,pca1,load_pipeline (invariant)
XJTU-SY,Bearing1_2,42,TCN-Autoencoder,tcn,aggregate,1,1.0,,2019-01-01 02:40:00,,,,,,,,False,13,10,3,False,False,terminal,pca1,load_pipeline (invariant)
XJTU-SY,Bearing1_2,42,Transformer-AD,transformer_ad,aggregate,1,1.0,,2019-01-01 02:40:00,,,,,,,,False,13,10,3,False,False,terminal,pca1,load_pipeline (invariant)
XJTU-SY,Bearing1_2,42,RMS-Trend (kσ),rms_trend,aggregate,2,2.0,,2019-01-01 02:40:00,,0.0,,0.0,,0.0,0.0,False,16,5,4,False,False,terminal,pca1,load_pipeline (invariant)
XJTU-SY,Bearing1_2,42,3σ Rule (σ=3.0),three_sigma,aggregate,2,2.0,,2019-01-01 02:40:00,,0.3333333333333333,,0.0,,0.3333333333333333,0.0,True,16,5,4,False,False,terminal,pca1,load_pipeline (invariant)
XJTU-SY,Bearing1_2,42,"EWMA (λ=0.2, k=3.0)",ewma,aggregate,2,2.0,,2019-01-01 02:40:00,,0.6666666666666666,,0.0,,0.6666666666666666,0.0,True,16,5,4,False,False,terminal,pca1,load_pipeline (invariant)
XJTU-SY,Bearing1_2,42,"CUSUM (k=0.5, h=5.0)",cusum,aggregate,2,2.0,,2019-01-01 02:40:00,,0.6666666666666666,,0.0,,0.6666666666666666,0.0,True,16,5,4,False,False,terminal,pca1,load_pipeline (invariant)
XJTU-SY,Bearing1_2,42,Hotelling T²,hotelling_t2,aggregate,2,2.0,,2019-01-01 02:40:00,,1.0666666666666667,,100.0,,0.0,100.0,False,16,5,4,False,False,terminal,pca1,load_pipeline (invariant)
XJTU-SY,Bearing1_2,42,Isolation Forest,isolation_forest,aggregate,2,2.0,,2019-01-01 02:40:00,,0.7333333333333333,,0.0,,0.7333333333333333,0.0,True,16,5,4,False,False,terminal,pca1,load_pipeline (invariant)
XJTU-SY,Bearing1_2,42,Deep SVDD,deep_svdd,aggregate,2,2.0,,2019-01-01 02:40:00,,0.0,,0.0,,0.0,0.0,False,16,5,4,False,False,terminal,pca1,load_pipeline (invariant)
XJTU-SY,Bearing1_2,42,LSTM-Autoencoder,lstm_ae,aggregate,2,2.0,,2019-01-01 02:40:00,,,,,,,,False,16,5,4,False,False,terminal,pca1,load_pipeline (invariant)
XJTU-SY,Bearing1_2,42,TCN-Autoencoder,tcn,aggregate,2,2.0,,2019-01-01 02:40:00,,,,,,,,False,16,5,4,False,False,terminal,pca1,load_pipeline (invariant)
XJTU-SY,Bearing1_2,42,Transformer-AD,transformer_ad,aggregate,2,2.0,,2019-01-01 02:40:00,,,,,,,,False,16,5,4,False,False,terminal,pca1,load_pipeline (invariant)
XJTU-SY,Bearing1_2,42,RMS-Trend (kσ),rms_trend,aggregate,5,5.0,,2019-01-01 02:40:00,,0.0,,0.0,,0.0,0.0,False,13,3,2,True,False,terminal,pca1,load_pipeline (invariant)
XJTU-SY,Bearing1_2,42,3σ Rule (σ=3.0),three_sigma,aggregate,5,5.0,,2019-01-01 02:40:00,,0.16666666666666666,,0.0,,0.16666666666666666,0.0,True,13,3,2,True,False,terminal,pca1,load_pipeline (invariant)
XJTU-SY,Bearing1_2,42,"EWMA (λ=0.2, k=3.0)",ewma,aggregate,5,5.0,,2019-01-01 02:40:00,,0.6666666666666666,,0.0,,0.6666666666666666,0.0,True,13,3,2,True,False,terminal,pca1,load_pipeline (invariant)
XJTU-SY,Bearing1_2,42,"CUSUM (k=0.5, h=5.0)",cusum,aggregate,5,5.0,,2019-01-01 02:40:00,,0.5,,0.0,,0.5,0.0,True,13,3,2,True,False,terminal,pca1,load_pipeline (invariant)
XJTU-SY,Bearing1_2,42,Hotelling T²,hotelling_t2,aggregate,5,5.0,,2019-01-01 02:40:00,,1.0833333333333333,,100.0,,0.0,100.0,False,13,3,2,True,False,terminal,pca1,load_pipeline (invariant)
XJTU-SY,Bearing1_2,42,Isolation Forest,isolation_forest,aggregate,5,5.0,,2019-01-01 02:40:00,,0.25,,0.0,,0.25,0.0,True,13,3,2,True,False,terminal,pca1,load_pipeline (invariant)
XJTU-SY,Bearing1_2,42,Deep SVDD,deep_svdd,aggregate,5,5.0,,2019-01-01 02:40:00,,0.0,,0.0,,0.0,0.0,False,13,3,2,True,False,terminal,pca1,load_pipeline (invariant)
XJTU-SY,Bearing1_2,42,LSTM-Autoencoder,lstm_ae,aggregate,5,5.0,,2019-01-01 02:40:00,,,,,,,,False,13,3,2,True,False,terminal,pca1,load_pipeline (invariant)
XJTU-SY,Bearing1_2,42,TCN-Autoencoder,tcn,aggregate,5,5.0,,2019-01-01 02:40:00,,,,,,,,False,13,3,2,True,False,terminal,pca1,load_pipeline (invariant)
XJTU-SY,Bearing1_2,42,Transformer-AD,transformer_ad,aggregate,5,5.0,,2019-01-01 02:40:00,,,,,,,,False,13,3,2,True,False,terminal,pca1,load_pipeline (invariant)
XJTU-SY,Bearing1_2,42,RMS-Trend (kσ),rms_trend,aggregate,10,10.0,,2019-01-01 02:40:00,,0.16666666666666666,,0.0,,0.16666666666666666,0.0,True,6,3,1,True,False,terminal,pca1,load_pipeline (invariant)
XJTU-SY,Bearing1_2,42,3σ Rule (σ=3.0),three_sigma,aggregate,10,10.0,,2019-01-01 02:40:00,,0.6666666666666666,,0.0,,0.6666666666666666,0.0,True,6,3,1,True,False,terminal,pca1,load_pipeline (invariant)
XJTU-SY,Bearing1_2,42,"EWMA (λ=0.2, k=3.0)",ewma,aggregate,10,10.0,,2019-01-01 02:40:00,,0.6666666666666666,,0.0,,0.6666666666666666,0.0,True,6,3,1,True,False,terminal,pca1,load_pipeline (invariant)
XJTU-SY,Bearing1_2,42,"CUSUM (k=0.5, h=5.0)",cusum,aggregate,10,10.0,,2019-01-01 02:40:00,,0.6666666666666666,,0.0,,0.6666666666666666,0.0,True,6,3,1,True,False,terminal,pca1,load_pipeline (invariant)
XJTU-SY,Bearing1_2,42,Hotelling T²,hotelling_t2,aggregate,10,10.0,,2019-01-01 02:40:00,,0.8333333333333334,,0.0,,0.8333333333333334,0.0,True,6,3,1,True,False,terminal,pca1,load_pipeline (invariant)
XJTU-SY,Bearing1_2,42,Isolation Forest,isolation_forest,aggregate,10,10.0,,2019-01-01 02:40:00,,1.0,,100.0,,0.0,100.0,False,6,3,1,True,False,terminal,pca1,load_pipeline (invariant)
XJTU-SY,Bearing1_2,42,Deep SVDD,deep_svdd,aggregate,10,10.0,,2019-01-01 02:40:00,,0.16666666666666666,,0.0,,0.16666666666666666,0.0,True,6,3,1,True,False,terminal,pca1,load_pipeline (invariant)
XJTU-SY,Bearing1_2,42,LSTM-Autoencoder,lstm_ae,aggregate,10,10.0,,2019-01-01 02:40:00,,,,,,,,False,6,3,1,True,False,terminal,pca1,load_pipeline (invariant)
XJTU-SY,Bearing1_2,42,TCN-Autoencoder,tcn,aggregate,10,10.0,,2019-01-01 02:40:00,,,,,,,,False,6,3,1,True,False,terminal,pca1,load_pipeline (invariant)
XJTU-SY,Bearing1_2,42,Transformer-AD,transformer_ad,aggregate,10,10.0,,2019-01-01 02:40:00,,,,,,,,False,6,3,1,True,False,terminal,pca1,load_pipeline (invariant)
XJTU-SY,Bearing1_2,42,RMS-Trend (kσ),rms_trend,aggregate,20,20.0,,2019-01-01 02:40:00,,0.3333333333333333,,0.0,,0.3333333333333333,0.0,True,3,3,1,True,False,terminal,pca1,load_pipeline (invariant)
XJTU-SY,Bearing1_2,42,3σ Rule (σ=3.0),three_sigma,aggregate,20,20.0,,2019-01-01 02:40:00,,1.0,,100.0,,0.0,100.0,False,3,3,1,True,False,terminal,pca1,load_pipeline (invariant)
XJTU-SY,Bearing1_2,42,"EWMA (λ=0.2, k=3.0)",ewma,aggregate,20,20.0,,2019-01-01 02:40:00,,1.0,,100.0,,0.0,100.0,False,3,3,1,True,False,terminal,pca1,load_pipeline (invariant)
XJTU-SY,Bearing1_2,42,"CUSUM (k=0.5, h=5.0)",cusum,aggregate,20,20.0,,2019-01-01 02:40:00,,1.0,,100.0,,0.0,100.0,False,3,3,1,True,False,terminal,pca1,load_pipeline (invariant)
XJTU-SY,Bearing1_2,42,Hotelling T²,hotelling_t2,aggregate,20,20.0,,2019-01-01 02:40:00,,0.6666666666666666,,0.0,,0.6666666666666666,0.0,True,3,3,1,True,False,terminal,pca1,load_pipeline (invariant)
XJTU-SY,Bearing1_2,42,Isolation Forest,isolation_forest,aggregate,20,20.0,,2019-01-01 02:40:00,,0.0,,0.0,,0.0,0.0,False,3,3,1,True,False,terminal,pca1,load_pipeline (invariant)
XJTU-SY,Bearing1_2,42,Deep SVDD,deep_svdd,aggregate,20,20.0,,2019-01-01 02:40:00,,0.3333333333333333,,0.0,,0.3333333333333333,0.0,True,3,3,1,True,False,terminal,pca1,load_pipeline (invariant)
XJTU-SY,Bearing1_2,42,LSTM-Autoencoder,lstm_ae,aggregate,20,20.0,,2019-01-01 02:40:00,,,,,,,,False,3,3,1,True,False,terminal,pca1,load_pipeline (invariant)
XJTU-SY,Bearing1_2,42,TCN-Autoencoder,tcn,aggregate,20,20.0,,2019-01-01 02:40:00,,,,,,,,False,3,3,1,True,False,terminal,pca1,load_pipeline (invariant)
XJTU-SY,Bearing1_2,42,Transformer-AD,transformer_ad,aggregate,20,20.0,,2019-01-01 02:40:00,,,,,,,,False,3,3,1,True,False,terminal,pca1,load_pipeline (invariant)
XJTU-SY,Bearing1_2,42,RMS-Trend (kσ),rms_trend,decimate,1,1.0,,2019-01-01 02:40:00,,0.0,,0.0,,0.0,0.0,False,13,10,3,False,False,terminal,pca1,load_pipeline (invariant)
XJTU-SY,Bearing1_2,42,3σ Rule (σ=3.0),three_sigma,decimate,1,1.0,,2019-01-01 02:40:00,,0.0,,0.0,,0.0,0.0,False,13,10,3,False,False,terminal,pca1,load_pipeline (invariant)
XJTU-SY,Bearing1_2,42,"EWMA (λ=0.2, k=3.0)",ewma,decimate,1,1.0,,2019-01-01 02:40:00,,0.6666666666666666,,0.0,,0.6666666666666666,0.0,True,13,10,3,False,False,terminal,pca1,load_pipeline (invariant)
XJTU-SY,Bearing1_2,42,"CUSUM (k=0.5, h=5.0)",cusum,decimate,1,1.0,,2019-01-01 02:40:00,,0.5833333333333334,,0.0,,0.5833333333333334,0.0,True,13,10,3,False,False,terminal,pca1,load_pipeline (invariant)
XJTU-SY,Bearing1_2,42,Hotelling T²,hotelling_t2,decimate,1,1.0,,2019-01-01 02:40:00,,1.0833333333333333,,100.0,,0.0,100.0,False,13,10,3,False,False,terminal,pca1,load_pipeline (invariant)
XJTU-SY,Bearing1_2,42,Isolation Forest,isolation_forest,decimate,1,1.0,,2019-01-01 02:40:00,,0.0,,0.0,,0.0,0.0,False,13,10,3,False,False,terminal,pca1,load_pipeline (invariant)
XJTU-SY,Bearing1_2,42,Deep SVDD,deep_svdd,decimate,1,1.0,,2019-01-01 02:40:00,,0.0,,0.0,,0.0,0.0,False,13,10,3,False,False,terminal,pca1,load_pipeline (invariant)
XJTU-SY,Bearing1_2,42,LSTM-Autoencoder,lstm_ae,decimate,1,1.0,,2019-01-01 02:40:00,,,,,,,,False,13,10,3,False,False,terminal,pca1,load_pipeline (invariant)
XJTU-SY,Bearing1_2,42,TCN-Autoencoder,tcn,decimate,1,1.0,,2019-01-01 02:40:00,,,,,,,,False,13,10,3,False,False,terminal,pca1,load_pipeline (invariant)
XJTU-SY,Bearing1_2,42,Transformer-AD,transformer_ad,decimate,1,1.0,,2019-01-01 02:40:00,,,,,,,,False,13,10,3,False,False,terminal,pca1,load_pipeline (invariant)
XJTU-SY,Bearing1_2,42,RMS-Trend (kσ),rms_trend,decimate,2,2.0,,2019-01-01 02:40:00,,0.0,,0.0,,0.0,0.0,False,16,5,4,False,False,terminal,pca1,load_pipeline (invariant)
XJTU-SY,Bearing1_2,42,3σ Rule (σ=3.0),three_sigma,decimate,2,2.0,,2019-01-01 02:40:00,,0.0,,0.0,,0.0,0.0,False,16,5,4,False,False,terminal,pca1,load_pipeline (invariant)
XJTU-SY,Bearing1_2,42,"EWMA (λ=0.2, k=3.0)",ewma,decimate,2,2.0,,2019-01-01 02:40:00,,0.6666666666666666,,0.0,,0.6666666666666666,0.0,True,16,5,4,False,False,terminal,pca1,load_pipeline (invariant)
XJTU-SY,Bearing1_2,42,"CUSUM (k=0.5, h=5.0)",cusum,decimate,2,2.0,,2019-01-01 02:40:00,,0.6,,0.0,,0.6,0.0,True,16,5,4,False,False,terminal,pca1,load_pipeline (invariant)
XJTU-SY,Bearing1_2,42,Hotelling T²,hotelling_t2,decimate,2,2.0,,2019-01-01 02:40:00,,1.0666666666666667,,100.0,,0.0,100.0,False,16,5,4,False,False,terminal,pca1,load_pipeline (invariant)
XJTU-SY,Bearing1_2,42,Isolation Forest,isolation_forest,decimate,2,2.0,,2019-01-01 02:40:00,,0.26666666666666666,,0.0,,0.26666666666666666,0.0,True,16,5,4,False,False,terminal,pca1,load_pipeline (invariant)
XJTU-SY,Bearing1_2,42,Deep SVDD,deep_svdd,decimate,2,2.0,,2019-01-01 02:40:00,,0.0,,0.0,,0.0,0.0,False,16,5,4,False,False,terminal,pca1,load_pipeline (invariant)
XJTU-SY,Bearing1_2,42,LSTM-Autoencoder,lstm_ae,decimate,2,2.0,,2019-01-01 02:40:00,,,,,,,,False,16,5,4,False,False,terminal,pca1,load_pipeline (invariant)
XJTU-SY,Bearing1_2,42,TCN-Autoencoder,tcn,decimate,2,2.0,,2019-01-01 02:40:00,,,,,,,,False,16,5,4,False,False,terminal,pca1,load_pipeline (invariant)
XJTU-SY,Bearing1_2,42,Transformer-AD,transformer_ad,decimate,2,2.0,,2019-01-01 02:40:00,,,,,,,,False,16,5,4,False,False,terminal,pca1,load_pipeline (invariant)
XJTU-SY,Bearing1_2,42,RMS-Trend (kσ),rms_trend,decimate,5,5.0,,2019-01-01 02:40:00,,0.0,,0.0,,0.0,0.0,False,13,3,2,True,False,terminal,pca1,load_pipeline (invariant)
XJTU-SY,Bearing1_2,42,3σ Rule (σ=3.0),three_sigma,decimate,5,5.0,,2019-01-01 02:40:00,,0.16666666666666666,,0.0,,0.16666666666666666,0.0,True,13,3,2,True,False,terminal,pca1,load_pipeline (invariant)
XJTU-SY,Bearing1_2,42,"EWMA (λ=0.2, k=3.0)",ewma,decimate,5,5.0,,2019-01-01 02:40:00,,0.6666666666666666,,0.0,,0.6666666666666666,0.0,True,13,3,2,True,False,terminal,pca1,load_pipeline (invariant)
XJTU-SY,Bearing1_2,42,"CUSUM (k=0.5, h=5.0)",cusum,decimate,5,5.0,,2019-01-01 02:40:00,,0.6666666666666666,,0.0,,0.6666666666666666,0.0,True,13,3,2,True,False,terminal,pca1,load_pipeline (invariant)
XJTU-SY,Bearing1_2,42,Hotelling T²,hotelling_t2,decimate,5,5.0,,2019-01-01 02:40:00,,1.0833333333333333,,100.0,,0.0,100.0,False,13,3,2,True,False,terminal,pca1,load_pipeline (invariant)
XJTU-SY,Bearing1_2,42,Isolation Forest,isolation_forest,decimate,5,5.0,,2019-01-01 02:40:00,,0.6666666666666666,,0.0,,0.6666666666666666,0.0,True,13,3,2,True,False,terminal,pca1,load_pipeline (invariant)
XJTU-SY,Bearing1_2,42,Deep SVDD,deep_svdd,decimate,5,5.0,,2019-01-01 02:40:00,,0.0,,0.0,,0.0,0.0,False,13,3,2,True,False,terminal,pca1,load_pipeline (invariant)
XJTU-SY,Bearing1_2,42,LSTM-Autoencoder,lstm_ae,decimate,5,5.0,,2019-01-01 02:40:00,,,,,,,,False,13,3,2,True,False,terminal,pca1,load_pipeline (invariant)
XJTU-SY,Bearing1_2,42,TCN-Autoencoder,tcn,decimate,5,5.0,,2019-01-01 02:40:00,,,,,,,,False,13,3,2,True,False,terminal,pca1,load_pipeline (invariant)
XJTU-SY,Bearing1_2,42,Transformer-AD,transformer_ad,decimate,5,5.0,,2019-01-01 02:40:00,,,,,,,,False,13,3,2,True,False,terminal,pca1,load_pipeline (invariant)
XJTU-SY,Bearing1_2,42,RMS-Trend (kσ),rms_trend,decimate,10,10.0,,2019-01-01 02:40:00,,0.16666666666666666,,0.0,,0.16666666666666666,0.0,True,6,3,1,True,False,terminal,pca1,load_pipeline (invariant)
XJTU-SY,Bearing1_2,42,3σ Rule (σ=3.0),three_sigma,decimate,10,10.0,,2019-01-01 02:40:00,,0.8333333333333334,,0.0,,0.8333333333333334,0.0,True,6,3,1,True,False,terminal,pca1,load_pipeline (invariant)
XJTU-SY,Bearing1_2,42,"EWMA (λ=0.2, k=3.0)",ewma,decimate,10,10.0,,2019-01-01 02:40:00,,0.8333333333333334,,0.0,,0.8333333333333334,0.0,True,6,3,1,True,False,terminal,pca1,load_pipeline (invariant)
XJTU-SY,Bearing1_2,42,"CUSUM (k=0.5, h=5.0)",cusum,decimate,10,10.0,,2019-01-01 02:40:00,,0.6666666666666666,,0.0,,0.6666666666666666,0.0,True,6,3,1,True,False,terminal,pca1,load_pipeline (invariant)
XJTU-SY,Bearing1_2,42,Hotelling T²,hotelling_t2,decimate,10,10.0,,2019-01-01 02:40:00,,1.0,,100.0,,0.0,100.0,False,6,3,1,True,False,terminal,pca1,load_pipeline (invariant)
XJTU-SY,Bearing1_2,42,Isolation Forest,isolation_forest,decimate,10,10.0,,2019-01-01 02:40:00,,0.3333333333333333,,0.0,,0.3333333333333333,0.0,True,6,3,1,True,False,terminal,pca1,load_pipeline (invariant)
XJTU-SY,Bearing1_2,42,Deep SVDD,deep_svdd,decimate,10,10.0,,2019-01-01 02:40:00,,0.16666666666666666,,0.0,,0.16666666666666666,0.0,True,6,3,1,True,False,terminal,pca1,load_pipeline (invariant)
XJTU-SY,Bearing1_2,42,LSTM-Autoencoder,lstm_ae,decimate,10,10.0,,2019-01-01 02:40:00,,,,,,,,False,6,3,1,True,False,terminal,pca1,load_pipeline (invariant)
XJTU-SY,Bearing1_2,42,TCN-Autoencoder,tcn,decimate,10,10.0,,2019-01-01 02:40:00,,,,,,,,False,6,3,1,True,False,terminal,pca1,load_pipeline (invariant)
XJTU-SY,Bearing1_2,42,Transformer-AD,transformer_ad,decimate,10,10.0,,2019-01-01 02:40:00,,,,,,,,False,6,3,1,True,False,terminal,pca1,load_pipeline (invariant)
XJTU-SY,Bearing1_2,42,RMS-Trend (kσ),rms_trend,decimate,20,20.0,,2019-01-01 02:40:00,,0.3333333333333333,,0.0,,0.3333333333333333,0.0,True,3,3,1,True,False,terminal,pca1,load_pipeline (invariant)
XJTU-SY,Bearing1_2,42,3σ Rule (σ=3.0),three_sigma,decimate,20,20.0,,2019-01-01 02:40:00,,1.0,,100.0,,0.0,100.0,False,3,3,1,True,False,terminal,pca1,load_pipeline (invariant)
XJTU-SY,Bearing1_2,42,"EWMA (λ=0.2, k=3.0)",ewma,decimate,20,20.0,,2019-01-01 02:40:00,,1.0,,100.0,,0.0,100.0,False,3,3,1,True,False,terminal,pca1,load_pipeline (invariant)
XJTU-SY,Bearing1_2,42,"CUSUM (k=0.5, h=5.0)",cusum,decimate,20,20.0,,2019-01-01 02:40:00,,1.0,,100.0,,0.0,100.0,False,3,3,1,True,False,terminal,pca1,load_pipeline (invariant)
XJTU-SY,Bearing1_2,42,Hotelling T²,hotelling_t2,decimate,20,20.0,,2019-01-01 02:40:00,,0.3333333333333333,,0.0,,0.3333333333333333,0.0,True,3,3,1,True,False,terminal,pca1,load_pipeline (invariant)
XJTU-SY,Bearing1_2,42,Isolation Forest,isolation_forest,decimate,20,20.0,,2019-01-01 02:40:00,,1.0,,100.0,,0.0,100.0,False,3,3,1,True,False,terminal,pca1,load_pipeline (invariant)
XJTU-SY,Bearing1_2,42,Deep SVDD,deep_svdd,decimate,20,20.0,,2019-01-01 02:40:00,,0.3333333333333333,,0.0,,0.3333333333333333,0.0,True,3,3,1,True,False,terminal,pca1,load_pipeline (invariant)
XJTU-SY,Bearing1_2,42,LSTM-Autoencoder,lstm_ae,decimate,20,20.0,,2019-01-01 02:40:00,,,,,,,,False,3,3,1,True,False,terminal,pca1,load_pipeline (invariant)
XJTU-SY,Bearing1_2,42,TCN-Autoencoder,tcn,decimate,20,20.0,,2019-01-01 02:40:00,,,,,,,,False,3,3,1,True,False,terminal,pca1,load_pipeline (invariant)
XJTU-SY,Bearing1_2,42,Transformer-AD,transformer_ad,decimate,20,20.0,,2019-01-01 02:40:00,,,,,,,,False,3,3,1,True,False,terminal,pca1,load_pipeline (invariant)
XJTU-SY,Bearing1_3,42,RMS-Trend (kσ),rms_trend,aggregate,1,1.0,2019-01-01 02:12:00,2019-01-01 02:37:00,0.42,0.0,,0.0,0.0,0.0,0.0,False,12,10,3,False,False,terminal,pca1,load_pipeline (invariant)
XJTU-SY,Bearing1_3,42,3σ Rule (σ=3.0),three_sigma,aggregate,1,1.0,2019-01-01 02:12:00,2019-01-01 02:37:00,0.42,1.0333333333333334,,100.0,2.48,0.0,100.0,False,12,10,3,False,False,terminal,pca1,load_pipeline (invariant)
XJTU-SY,Bearing1_3,42,"EWMA (λ=0.2, k=3.0)",ewma,aggregate,1,1.0,2019-01-01 02:12:00,2019-01-01 02:37:00,0.42,1.0333333333333334,,100.0,2.48,0.0,100.0,False,12,10,3,False,False,terminal,pca1,load_pipeline (invariant)
XJTU-SY,Bearing1_3,42,"CUSUM (k=0.5, h=5.0)",cusum,aggregate,1,1.0,2019-01-01 02:12:00,2019-01-01 02:37:00,0.42,1.0333333333333334,,100.0,2.48,0.0,100.0,False,12,10,3,False,False,terminal,pca1,load_pipeline (invariant)
XJTU-SY,Bearing1_3,42,Hotelling T²,hotelling_t2,aggregate,1,1.0,2019-01-01 02:12:00,2019-01-01 02:37:00,0.42,1.0333333333333334,,100.0,2.48,0.0,100.0,False,12,10,3,False,False,terminal,pca1,load_pipeline (invariant)
XJTU-SY,Bearing1_3,42,Isolation Forest,isolation_forest,aggregate,1,1.0,2019-01-01 02:12:00,2019-01-01 02:37:00,0.42,1.0333333333333334,,87.5,2.48,0.0,100.0,False,12,10,3,False,False,terminal,pca1,load_pipeline (invariant)
XJTU-SY,Bearing1_3,42,Deep SVDD,deep_svdd,aggregate,1,1.0,2019-01-01 02:12:00,2019-01-01 02:37:00,0.42,0.0,,0.0,0.0,0.0,0.0,False,12,10,3,False,False,terminal,pca1,load_pipeline (invariant)
XJTU-SY,Bearing1_3,42,LSTM-Autoencoder,lstm_ae,aggregate,1,1.0,2019-01-01 02:12:00,2019-01-01 02:37:00,0.42,,,,,,,False,12,10,3,False,False,terminal,pca1,load_pipeline (invariant)
XJTU-SY,Bearing1_3,42,TCN-Autoencoder,tcn,aggregate,1,1.0,2019-01-01 02:12:00,2019-01-01 02:37:00,0.42,,,,,,,False,12,10,3,False,False,terminal,pca1,load_pipeline (invariant)
XJTU-SY,Bearing1_3,42,Transformer-AD,transformer_ad,aggregate,1,1.0,2019-01-01 02:12:00,2019-01-01 02:37:00,0.42,,,,,,,False,12,10,3,False,False,terminal,pca1,load_pipeline (invariant)
XJTU-SY,Bearing1_3,42,RMS-Trend (kσ),rms_trend,aggregate,2,2.0,2019-01-01 02:12:00,2019-01-01 02:37:00,0.42,0.0,,0.0,0.0,0.0,0.0,False,16,5,4,False,False,terminal,pca1,load_pipeline (invariant)
XJTU-SY,Bearing1_3,42,3σ Rule (σ=3.0),three_sigma,aggregate,2,2.0,2019-01-01 02:12:00,2019-01-01 02:37:00,0.42,1.0833333333333333,,100.0,2.5999999999999996,0.0,100.0,False,16,5,4,False,False,terminal,pca1,load_pipeline (invariant)
XJTU-SY,Bearing1_3,42,"EWMA (λ=0.2, k=3.0)",ewma,aggregate,2,2.0,2019-01-01 02:12:00,2019-01-01 02:37:00,0.42,1.0166666666666666,,90.0,2.44,1.0166666666666666,0.0,False,16,5,4,False,False,terminal,pca1,load_pipeline (invariant)
XJTU-SY,Bearing1_3,42,"CUSUM (k=0.5, h=5.0)",cusum,aggregate,2,2.0,2019-01-01 02:12:00,2019-01-01 02:37:00,0.42,1.0166666666666666,,90.0,2.44,1.0166666666666666,0.0,False,16,5,4,False,False,terminal,pca1,load_pipeline (invariant)
XJTU-SY,Bearing1_3,42,Hotelling T²,hotelling_t2,aggregate,2,2.0,2019-01-01 02:12:00,2019-01-01 02:37:00,0.42,1.0833333333333333,,100.0,2.5999999999999996,0.0,100.0,False,16,5,4,False,False,terminal,pca1,load_pipeline (invariant)
XJTU-SY,Bearing1_3,42,Isolation Forest,isolation_forest,aggregate,2,2.0,2019-01-01 02:12:00,2019-01-01 02:37:00,0.42,1.0833333333333333,,60.0,2.5999999999999996,0.0,100.0,False,16,5,4,False,False,terminal,pca1,load_pipeline (invariant)
XJTU-SY,Bearing1_3,42,Deep SVDD,deep_svdd,aggregate,2,2.0,2019-01-01 02:12:00,2019-01-01 02:37:00,0.42,0.0,,0.0,0.0,0.0,0.0,False,16,5,4,False,False,terminal,pca1,load_pipeline (invariant)
XJTU-SY,Bearing1_3,42,LSTM-Autoencoder,lstm_ae,aggregate,2,2.0,2019-01-01 02:12:00,2019-01-01 02:37:00,0.42,,,,,,,False,16,5,4,False,False,terminal,pca1,load_pipeline (invariant)
XJTU-SY,Bearing1_3,42,TCN-Autoencoder,tcn,aggregate,2,2.0,2019-01-01 02:12:00,2019-01-01 02:37:00,0.42,,,,,,,False,16,5,4,False,False,terminal,pca1,load_pipeline (invariant)
XJTU-SY,Bearing1_3,42,Transformer-AD,transformer_ad,aggregate,2,2.0,2019-01-01 02:12:00,2019-01-01 02:37:00,0.42,,,,,,,False,16,5,4,False,False,terminal,pca1,load_pipeline (invariant)
XJTU-SY,Bearing1_3,42,RMS-Trend (kσ),rms_trend,aggregate,5,5.0,2019-01-01 02:12:00,2019-01-01 02:37:00,0.42,0.2,0.21666666666666667,0.0,0.48,0.2,0.0,True,12,3,2,True,False,terminal,pca1,load_pipeline (invariant)
XJTU-SY,Bearing1_3,42,3σ Rule (σ=3.0),three_sigma,aggregate,5,5.0,2019-01-01 02:12:00,2019-01-01 02:37:00,0.42,1.0333333333333334,,100.0,2.48,0.0,100.0,False,12,3,2,True,False,terminal,pca1,load_pipeline (invariant)
XJTU-SY,Bearing1_3,42,"EWMA (λ=0.2, k=3.0)",ewma,aggregate,5,5.0,2019-01-01 02:12:00,2019-01-01 02:37:00,0.42,1.0333333333333334,,100.0,2.48,0.0,100.0,False,12,3,2,True,False,terminal,pca1,load_pipeline (invariant)
XJTU-SY,Bearing1_3,42,"CUSUM (k=0.5, h=5.0)",cusum,aggregate,5,5.0,2019-01-01 02:12:00,2019-01-01 02:37:00,0.42,1.0333333333333334,,100.0,2.48,0.0,100.0,False,12,3,2,True,False,terminal,pca1,load_pipeline (invariant)
XJTU-SY,Bearing1_3,42,Hotelling T²,hotelling_t2,aggregate,5,5.0,2019-01-01 02:12:00,2019-01-01 02:37:00,0.42,1.0333333333333334,,100.0,2.48,0.0,100.0,False,12,3,2,True,False,terminal,pca1,load_pipeline (invariant)
XJTU-SY,Bearing1_3,42,Isolation Forest,isolation_forest,aggregate,5,5.0,2019-01-01 02:12:00,2019-01-01 02:37:00,0.42,1.0333333333333334,,100.0,2.48,0.0,100.0,False,12,3,2,True,False,terminal,pca1,load_pipeline (invariant)
XJTU-SY,Bearing1_3,42,Deep SVDD,deep_svdd,aggregate,5,5.0,2019-01-01 02:12:00,2019-01-01 02:37:00,0.42,0.0,,0.0,0.0,0.0,0.0,False,12,3,2,True,False,terminal,pca1,load_pipeline (invariant)
XJTU-SY,Bearing1_3,42,LSTM-Autoencoder,lstm_ae,aggregate,5,5.0,2019-01-01 02:12:00,2019-01-01 02:37:00,0.42,,,,,,,False,12,3,2,True,False,terminal,pca1,load_pipeline (invariant)
XJTU-SY,Bearing1_3,42,TCN-Autoencoder,tcn,aggregate,5,5.0,2019-01-01 02:12:00,2019-01-01 02:37:00,0.42,,,,,,,False,12,3,2,True,False,terminal,pca1,load_pipeline (invariant)
XJTU-SY,Bearing1_3,42,Transformer-AD,transformer_ad,aggregate,5,5.0,2019-01-01 02:12:00,2019-01-01 02:37:00,0.42,,,,,,,False,12,3,2,True,False,terminal,pca1,load_pipeline (invariant)
XJTU-SY,Bearing1_3,42,RMS-Trend (kσ),rms_trend,aggregate,10,10.0,2019-01-01 02:12:00,2019-01-01 02:37:00,0.42,0.2833333333333333,0.13333333333333333,0.0,0.6799999999999999,0.2833333333333333,0.0,True,6,3,1,True,False,terminal,pca1,load_pipeline (invariant)
XJTU-SY,Bearing1_3,42,3σ Rule (σ=3.0),three_sigma,aggregate,10,10.0,2019-01-01 02:12:00,2019-01-01 02:37:00,0.42,1.1166666666666667,,100.0,2.68,0.0,100.0,False,6,3,1,True,False,terminal,pca1,load_pipeline (invariant)
XJTU-SY,Bearing1_3,42,"EWMA (λ=0.2, k=3.0)",ewma,aggregate,10,10.0,2019-01-01 02:12:00,2019-01-01 02:37:00,0.42,1.1166666666666667,,100.0,2.68,0.0,100.0,False,6,3,1,True,False,terminal,pca1,load_pipeline (invariant)
XJTU-SY,Bearing1_3,42,"CUSUM (k=0.5, h=5.0)",cusum,aggregate,10,10.0,2019-01-01 02:12:00,2019-01-01 02:37:00,0.42,1.1166666666666667,,100.0,2.68,0.0,100.0,False,6,3,1,True,False,terminal,pca1,load_pipeline (invariant)
XJTU-SY,Bearing1_3,42,Hotelling T²,hotelling_t2,aggregate,10,10.0,2019-01-01 02:12:00,2019-01-01 02:37:00,0.42,1.1166666666666667,,100.0,2.68,0.0,100.0,False,6,3,1,True,False,terminal,pca1,load_pipeline (invariant)
XJTU-SY,Bearing1_3,42,Isolation Forest,isolation_forest,aggregate,10,10.0,2019-01-01 02:12:00,2019-01-01 02:37:00,0.42,1.1166666666666667,,60.0,2.68,0.0,100.0,False,6,3,1,True,False,terminal,pca1,load_pipeline (invariant)
XJTU-SY,Bearing1_3,42,Deep SVDD,deep_svdd,aggregate,10,10.0,2019-01-01 02:12:00,2019-01-01 02:37:00,0.42,0.2833333333333333,0.13333333333333333,0.0,0.6799999999999999,0.2833333333333333,0.0,True,6,3,1,True,False,terminal,pca1,load_pipeline (invariant)
XJTU-SY,Bearing1_3,42,LSTM-Autoencoder,lstm_ae,aggregate,10,10.0,2019-01-01 02:12:00,2019-01-01 02:37:00,0.42,,,,,,,False,6,3,1,True,False,terminal,pca1,load_pipeline (invariant)
XJTU-SY,Bearing1_3,42,TCN-Autoencoder,tcn,aggregate,10,10.0,2019-01-01 02:12:00,2019-01-01 02:37:00,0.42,,,,,,,False,6,3,1,True,False,terminal,pca1,load_pipeline (invariant)
XJTU-SY,Bearing1_3,42,Transformer-AD,transformer_ad,aggregate,10,10.0,2019-01-01 02:12:00,2019-01-01 02:37:00,0.42,,,,,,,False,6,3,1,True,False,terminal,pca1,load_pipeline (invariant)
XJTU-SY,Bearing1_3,42,RMS-Trend (kσ),rms_trend,decimate,1,1.0,2019-01-01 02:12:00,2019-01-01 02:37:00,0.42,0.0,,0.0,0.0,0.0,0.0,False,12,10,3,False,False,terminal,pca1,load_pipeline (invariant)
XJTU-SY,Bearing1_3,42,3σ Rule (σ=3.0),three_sigma,decimate,1,1.0,2019-01-01 02:12:00,2019-01-01 02:37:00,0.42,1.0333333333333334,,100.0,2.48,0.0,100.0,False,12,10,3,False,False,terminal,pca1,load_pipeline (invariant)
XJTU-SY,Bearing1_3,42,"EWMA (λ=0.2, k=3.0)",ewma,decimate,1,1.0,2019-01-01 02:12:00,2019-01-01 02:37:00,0.42,1.0333333333333334,,100.0,2.48,0.0,100.0,False,12,10,3,False,False,terminal,pca1,load_pipeline (invariant)
XJTU-SY,Bearing1_3,42,"CUSUM (k=0.5, h=5.0)",cusum,decimate,1,1.0,2019-01-01 02:12:00,2019-01-01 02:37:00,0.42,1.0333333333333334,,100.0,2.48,0.0,100.0,False,12,10,3,False,False,terminal,pca1,load_pipeline (invariant)
XJTU-SY,Bearing1_3,42,Hotelling T²,hotelling_t2,decimate,1,1.0,2019-01-01 02:12:00,2019-01-01 02:37:00,0.42,1.0333333333333334,,100.0,2.48,0.0,100.0,False,12,10,3,False,False,terminal,pca1,load_pipeline (invariant)
XJTU-SY,Bearing1_3,42,Isolation Forest,isolation_forest,decimate,1,1.0,2019-01-01 02:12:00,2019-01-01 02:37:00,0.42,1.0333333333333334,,87.5,2.48,0.0,100.0,False,12,10,3,False,False,terminal,pca1,load_pipeline (invariant)
XJTU-SY,Bearing1_3,42,Deep SVDD,deep_svdd,decimate,1,1.0,2019-01-01 02:12:00,2019-01-01 02:37:00,0.42,0.0,,0.0,0.0,0.0,0.0,False,12,10,3,False,False,terminal,pca1,load_pipeline (invariant)
XJTU-SY,Bearing1_3,42,LSTM-Autoencoder,lstm_ae,decimate,1,1.0,2019-01-01 02:12:00,2019-01-01 02:37:00,0.42,,,,,,,False,12,10,3,False,False,terminal,pca1,load_pipeline (invariant)
XJTU-SY,Bearing1_3,42,TCN-Autoencoder,tcn,decimate,1,1.0,2019-01-01 02:12:00,2019-01-01 02:37:00,0.42,,,,,,,False,12,10,3,False,False,terminal,pca1,load_pipeline (invariant)
XJTU-SY,Bearing1_3,42,Transformer-AD,transformer_ad,decimate,1,1.0,2019-01-01 02:12:00,2019-01-01 02:37:00,0.42,,,,,,,False,12,10,3,False,False,terminal,pca1,load_pipeline (invariant)
XJTU-SY,Bearing1_3,42,RMS-Trend (kσ),rms_trend,decimate,2,2.0,2019-01-01 02:12:00,2019-01-01 02:37:00,0.42,0.0,,0.0,0.0,0.0,0.0,False,16,5,4,False,False,terminal,pca1,load_pipeline (invariant)
XJTU-SY,Bearing1_3,42,3σ Rule (σ=3.0),three_sigma,decimate,2,2.0,2019-01-01 02:12:00,2019-01-01 02:37:00,0.42,1.0833333333333333,,100.0,2.5999999999999996,0.0,100.0,False,16,5,4,False,False,terminal,pca1,load_pipeline (invariant)
XJTU-SY,Bearing1_3,42,"EWMA (λ=0.2, k=3.0)",ewma,decimate,2,2.0,2019-01-01 02:12:00,2019-01-01 02:37:00,0.42,1.0166666666666666,,90.0,2.44,1.0166666666666666,0.0,False,16,5,4,False,False,terminal,pca1,load_pipeline (invariant)
XJTU-SY,Bearing1_3,42,"CUSUM (k=0.5, h=5.0)",cusum,decimate,2,2.0,2019-01-01 02:12:00,2019-01-01 02:37:00,0.42,1.0166666666666666,,90.0,2.44,1.0166666666666666,0.0,False,16,5,4,False,False,terminal,pca1,load_pipeline (invariant)
XJTU-SY,Bearing1_3,42,Hotelling T²,hotelling_t2,decimate,2,2.0,2019-01-01 02:12:00,2019-01-01 02:37:00,0.42,1.0833333333333333,,100.0,2.5999999999999996,0.0,100.0,False,16,5,4,False,False,terminal,pca1,load_pipeline (invariant)
XJTU-SY,Bearing1_3,42,Isolation Forest,isolation_forest,decimate,2,2.0,2019-01-01 02:12:00,2019-01-01 02:37:00,0.42,1.0833333333333333,,100.0,2.5999999999999996,0.0,100.0,False,16,5,4,False,False,terminal,pca1,load_pipeline (invariant)
XJTU-SY,Bearing1_3,42,Deep SVDD,deep_svdd,decimate,2,2.0,2019-01-01 02:12:00,2019-01-01 02:37:00,0.42,0.0,,0.0,0.0,0.0,0.0,False,16,5,4,False,False,terminal,pca1,load_pipeline (invariant)
XJTU-SY,Bearing1_3,42,LSTM-Autoencoder,lstm_ae,decimate,2,2.0,2019-01-01 02:12:00,2019-01-01 02:37:00,0.42,,,,,,,False,16,5,4,False,False,terminal,pca1,load_pipeline (invariant)
XJTU-SY,Bearing1_3,42,TCN-Autoencoder,tcn,decimate,2,2.0,2019-01-01 02:12:00,2019-01-01 02:37:00,0.42,,,,,,,False,16,5,4,False,False,terminal,pca1,load_pipeline (invariant)
XJTU-SY,Bearing1_3,42,Transformer-AD,transformer_ad,decimate,2,2.0,2019-01-01 02:12:00,2019-01-01 02:37:00,0.42,,,,,,,False,16,5,4,False,False,terminal,pca1,load_pipeline (invariant)
XJTU-SY,Bearing1_3,42,RMS-Trend (kσ),rms_trend,decimate,5,5.0,2019-01-01 02:12:00,2019-01-01 02:37:00,0.42,0.0,,0.0,0.0,0.0,0.0,False,12,3,2,True,False,terminal,pca1,load_pipeline (invariant)
XJTU-SY,Bearing1_3,42,3σ Rule (σ=3.0),three_sigma,decimate,5,5.0,2019-01-01 02:12:00,2019-01-01 02:37:00,0.42,1.0333333333333334,,100.0,2.48,0.0,100.0,False,12,3,2,True,False,terminal,pca1,load_pipeline (invariant)
XJTU-SY,Bearing1_3,42,"EWMA (λ=0.2, k=3.0)",ewma,decimate,5,5.0,2019-01-01 02:12:00,2019-01-01 02:37:00,0.42,1.0333333333333334,,100.0,2.48,0.0,100.0,False,12,3,2,True,False,terminal,pca1,load_pipeline (invariant)
XJTU-SY,Bearing1_3,42,"CUSUM (k=0.5, h=5.0)",cusum,decimate,5,5.0,2019-01-01 02:12:00,2019-01-01 02:37:00,0.42,1.0333333333333334,,100.0,2.48,0.0,100.0,False,12,3,2,True,False,terminal,pca1,load_pipeline (invariant)
XJTU-SY,Bearing1_3,42,Hotelling T²,hotelling_t2,decimate,5,5.0,2019-01-01 02:12:00,2019-01-01 02:37:00,0.42,1.0333333333333334,,100.0,2.48,0.0,100.0,False,12,3,2,True,False,terminal,pca1,load_pipeline (invariant)
XJTU-SY,Bearing1_3,42,Isolation Forest,isolation_forest,decimate,5,5.0,2019-01-01 02:12:00,2019-01-01 02:37:00,0.42,1.0333333333333334,,62.5,2.48,0.0,100.0,False,12,3,2,True,False,terminal,pca1,load_pipeline (invariant)
XJTU-SY,Bearing1_3,42,Deep SVDD,deep_svdd,decimate,5,5.0,2019-01-01 02:12:00,2019-01-01 02:37:00,0.42,0.0,,0.0,0.0,0.0,0.0,False,12,3,2,True,False,terminal,pca1,load_pipeline (invariant)
XJTU-SY,Bearing1_3,42,LSTM-Autoencoder,lstm_ae,decimate,5,5.0,2019-01-01 02:12:00,2019-01-01 02:37:00,0.42,,,,,,,False,12,3,2,True,False,terminal,pca1,load_pipeline (invariant)
XJTU-SY,Bearing1_3,42,TCN-Autoencoder,tcn,decimate,5,5.0,2019-01-01 02:12:00,2019-01-01 02:37:00,0.42,,,,,,,False,12,3,2,True,False,terminal,pca1,load_pipeline (invariant)
XJTU-SY,Bearing1_3,42,Transformer-AD,transformer_ad,decimate,5,5.0,2019-01-01 02:12:00,2019-01-01 02:37:00,0.42,,,,,,,False,12,3,2,True,False,terminal,pca1,load_pipeline (invariant)
XJTU-SY,Bearing1_3,42,RMS-Trend (kσ),rms_trend,decimate,10,10.0,2019-01-01 02:12:00,2019-01-01 02:37:00,0.42,0.2833333333333333,0.13333333333333333,0.0,0.6799999999999999,0.2833333333333333,0.0,True,6,3,1,True,False,terminal,pca1,load_pipeline (invariant)
XJTU-SY,Bearing1_3,42,3σ Rule (σ=3.0),three_sigma,decimate,10,10.0,2019-01-01 02:12:00,2019-01-01 02:37:00,0.42,1.1166666666666667,,100.0,2.68,0.0,100.0,False,6,3,1,True,False,terminal,pca1,load_pipeline (invariant)
XJTU-SY,Bearing1_3,42,"EWMA (λ=0.2, k=3.0)",ewma,decimate,10,10.0,2019-01-01 02:12:00,2019-01-01 02:37:00,0.42,1.1166666666666667,,100.0,2.68,0.0,100.0,False,6,3,1,True,False,terminal,pca1,load_pipeline (invariant)
XJTU-SY,Bearing1_3,42,"CUSUM (k=0.5, h=5.0)",cusum,decimate,10,10.0,2019-01-01 02:12:00,2019-01-01 02:37:00,0.42,1.1166666666666667,,100.0,2.68,0.0,100.0,False,6,3,1,True,False,terminal,pca1,load_pipeline (invariant)
XJTU-SY,Bearing1_3,42,Hotelling T²,hotelling_t2,decimate,10,10.0,2019-01-01 02:12:00,2019-01-01 02:37:00,0.42,1.1166666666666667,,100.0,2.68,0.0,100.0,False,6,3,1,True,False,terminal,pca1,load_pipeline (invariant)
XJTU-SY,Bearing1_3,42,Isolation Forest,isolation_forest,decimate,10,10.0,2019-01-01 02:12:00,2019-01-01 02:37:00,0.42,0.95,,60.0,2.28,0.95,0.0,False,6,3,1,True,False,terminal,pca1,load_pipeline (invariant)
XJTU-SY,Bearing1_3,42,Deep SVDD,deep_svdd,decimate,10,10.0,2019-01-01 02:12:00,2019-01-01 02:37:00,0.42,0.2833333333333333,0.13333333333333333,0.0,0.6799999999999999,0.2833333333333333,0.0,True,6,3,1,True,False,terminal,pca1,load_pipeline (invariant)
XJTU-SY,Bearing1_3,42,LSTM-Autoencoder,lstm_ae,decimate,10,10.0,2019-01-01 02:12:00,2019-01-01 02:37:00,0.42,,,,,,,False,6,3,1,True,False,terminal,pca1,load_pipeline (invariant)
XJTU-SY,Bearing1_3,42,TCN-Autoencoder,tcn,decimate,10,10.0,2019-01-01 02:12:00,2019-01-01 02:37:00,0.42,,,,,,,False,6,3,1,True,False,terminal,pca1,load_pipeline (invariant)
XJTU-SY,Bearing1_3,42,Transformer-AD,transformer_ad,decimate,10,10.0,2019-01-01 02:12:00,2019-01-01 02:37:00,0.42,,,,,,,False,6,3,1,True,False,terminal,pca1,load_pipeline (invariant)
XJTU-SY,Bearing1_4,42,RMS-Trend (kσ),rms_trend,aggregate,1,1.0,2019-01-01 01:23:00,2019-01-01 02:01:00,0.63,0.0,,0.0,0.0,0.0,0.0,False,10,10,3,False,False,terminal,pca1,load_pipeline (invariant)
XJTU-SY,Bearing1_4,42,3σ Rule (σ=3.0),three_sigma,aggregate,1,1.0,2019-01-01 01:23:00,2019-01-01 02:01:00,0.63,0.6833333333333333,,33.33333333333333,1.0789473684210527,0.6833333333333333,0.0,False,10,10,3,False,False,terminal,pca1,load_pipeline (invariant)
XJTU-SY,Bearing1_4,42,"EWMA (λ=0.2, k=3.0)",ewma,aggregate,1,1.0,2019-01-01 01:23:00,2019-01-01 02:01:00,0.63,0.7666666666666667,,66.66666666666666,1.210526315789474,0.7666666666666667,0.0,False,10,10,3,False,False,terminal,pca1,load_pipeline (invariant)
XJTU-SY,Bearing1_4,42,"CUSUM (k=0.5, h=5.0)",cusum,aggregate,1,1.0,2019-01-01 01:23:00,2019-01-01 02:01:00,0.63,0.7666666666666667,,66.66666666666666,1.210526315789474,0.7666666666666667,0.0,False,10,10,3,False,False,terminal,pca1,load_pipeline (invariant)
XJTU-SY,Bearing1_4,42,Hotelling T²,hotelling_t2,aggregate,1,1.0,2019-01-01 01:23:00,2019-01-01 02:01:00,0.63,0.85,,100.0,1.3421052631578947,0.0,100.0,False,10,10,3,False,False,terminal,pca1,load_pipeline (invariant)
XJTU-SY,Bearing1_4,42,Isolation Forest,isolation_forest,aggregate,1,1.0,2019-01-01 01:23:00,2019-01-01 02:01:00,0.63,0.6833333333333333,,33.33333333333333,1.0789473684210527,0.6833333333333333,0.0,False,10,10,3,False,False,terminal,pca1,load_pipeline (invariant)
XJTU-SY,Bearing1_4,42,Deep SVDD,deep_svdd,aggregate,1,1.0,2019-01-01 01:23:00,2019-01-01 02:01:00,0.63,0.0,,0.0,0.0,0.0,0.0,False,10,10,3,False,False,terminal,pca1,load_pipeline (invariant)
XJTU-SY,Bearing1_4,42,LSTM-Autoencoder,lstm_ae,aggregate,1,1.0,2019-01-01 01:23:00,2019-01-01 02:01:00,0.63,,,,,,,False,10,10,3,False,False,terminal,pca1,load_pipeline (invariant)
XJTU-SY,Bearing1_4,42,TCN-Autoencoder,tcn,aggregate,1,1.0,2019-01-01 01:23:00,2019-01-01 02:01:00,0.63,,,,,,,False,10,10,3,False,False,terminal,pca1,load_pipeline (invariant)
XJTU-SY,Bearing1_4,42,Transformer-AD,transformer_ad,aggregate,1,1.0,2019-01-01 01:23:00,2019-01-01 02:01:00,0.63,,,,,,,False,10,10,3,False,False,terminal,pca1,load_pipeline (invariant)
XJTU-SY,Bearing1_4,42,RMS-Trend (kσ),rms_trend,aggregate,2,2.0,2019-01-01 01:23:00,2019-01-01 02:01:00,0.63,0.0,,0.0,0.0,0.0,0.0,False,12,5,4,False,False,terminal,pca1,load_pipeline (invariant)
XJTU-SY,Bearing1_4,42,3σ Rule (σ=3.0),three_sigma,aggregate,2,2.0,2019-01-01 01:23:00,2019-01-01 02:01:00,0.63,0.75,,66.66666666666666,1.1842105263157896,0.75,0.0,False,12,5,4,False,False,terminal,pca1,load_pipeline (invariant)
XJTU-SY,Bearing1_4,42,"EWMA (λ=0.2, k=3.0)",ewma,aggregate,2,2.0,2019-01-01 01:23:00,2019-01-01 02:01:00,0.63,0.75,,66.66666666666666,1.1842105263157896,0.75,0.0,False,12,5,4,False,False,terminal,pca1,load_pipeline (invariant)
XJTU-SY,Bearing1_4,42,"CUSUM (k=0.5, h=5.0)",cusum,aggregate,2,2.0,2019-01-01 01:23:00,2019-01-01 02:01:00,0.63,0.75,,66.66666666666666,1.1842105263157896,0.75,0.0,False,12,5,4,False,False,terminal,pca1,load_pipeline (invariant)
XJTU-SY,Bearing1_4,42,Hotelling T²,hotelling_t2,aggregate,2,2.0,2019-01-01 01:23:00,2019-01-01 02:01:00,0.63,0.8166666666666667,,100.0,1.2894736842105263,0.0,100.0,False,12,5,4,False,False,terminal,pca1,load_pipeline (invariant)
XJTU-SY,Bearing1_4,42,Isolation Forest,isolation_forest,aggregate,2,2.0,2019-01-01 01:23:00,2019-01-01 02:01:00,0.63,0.75,,66.66666666666666,1.1842105263157896,0.75,0.0,False,12,5,4,False,False,terminal,pca1,load_pipeline (invariant)
XJTU-SY,Bearing1_4,42,Deep SVDD,deep_svdd,aggregate,2,2.0,2019-01-01 01:23:00,2019-01-01 02:01:00,0.63,0.0,,0.0,0.0,0.0,0.0,False,12,5,4,False,False,terminal,pca1,load_pipeline (invariant)
XJTU-SY,Bearing1_4,42,LSTM-Autoencoder,lstm_ae,aggregate,2,2.0,2019-01-01 01:23:00,2019-01-01 02:01:00,0.63,,,,,,,False,12,5,4,False,False,terminal,pca1,load_pipeline (invariant)
XJTU-SY,Bearing1_4,42,TCN-Autoencoder,tcn,aggregate,2,2.0,2019-01-01 01:23:00,2019-01-01 02:01:00,0.63,,,,,,,False,12,5,4,False,False,terminal,pca1,load_pipeline (invariant)
XJTU-SY,Bearing1_4,42,Transformer-AD,transformer_ad,aggregate,2,2.0,2019-01-01 01:23:00,2019-01-01 02:01:00,0.63,,,,,,,False,12,5,4,False,False,terminal,pca1,load_pipeline (invariant)
XJTU-SY,Bearing1_4,42,RMS-Trend (kσ),rms_trend,aggregate,5,5.0,2019-01-01 01:23:00,2019-01-01 02:01:00,0.63,0.0,,0.0,0.0,0.0,0.0,False,10,3,2,True,False,terminal,pca1,load_pipeline (invariant)
XJTU-SY,Bearing1_4,42,3σ Rule (σ=3.0),three_sigma,aggregate,5,5.0,2019-01-01 01:23:00,2019-01-01 02:01:00,0.63,0.7666666666666667,,66.66666666666666,1.210526315789474,0.7666666666666667,0.0,False,10,3,2,True,False,terminal,pca1,load_pipeline (invariant)
XJTU-SY,Bearing1_4,42,"EWMA (λ=0.2, k=3.0)",ewma,aggregate,5,5.0,2019-01-01 01:23:00,2019-01-01 02:01:00,0.63,0.7666666666666667,,66.66666666666666,1.210526315789474,0.7666666666666667,0.0,False,10,3,2,True,False,terminal,pca1,load_pipeline (invariant)
XJTU-SY,Bearing1_4,42,"CUSUM (k=0.5, h=5.0)",cusum,aggregate,5,5.0,2019-01-01 01:23:00,2019-01-01 02:01:00,0.63,0.7666666666666667,,66.66666666666666,1.210526315789474,0.7666666666666667,0.0,False,10,3,2,True,False,terminal,pca1,load_pipeline (invariant)
XJTU-SY,Bearing1_4,42,Hotelling T²,hotelling_t2,aggregate,5,5.0,2019-01-01 01:23:00,2019-01-01 02:01:00,0.63,0.85,,100.0,1.3421052631578947,0.0,100.0,False,10,3,2,True,False,terminal,pca1,load_pipeline (invariant)
XJTU-SY,Bearing1_4,42,Isolation Forest,isolation_forest,aggregate,5,5.0,2019-01-01 01:23:00,2019-01-01 02:01:00,0.63,0.0,,0.0,0.0,0.0,0.0,False,10,3,2,True,False,terminal,pca1,load_pipeline (invariant)
XJTU-SY,Bearing1_4,42,Deep SVDD,deep_svdd,aggregate,5,5.0,2019-01-01 01:23:00,2019-01-01 02:01:00,0.63,0.0,,0.0,0.0,0.0,0.0,False,10,3,2,True,False,terminal,pca1,load_pipeline (invariant)
XJTU-SY,Bearing1_4,42,LSTM-Autoencoder,lstm_ae,aggregate,5,5.0,2019-01-01 01:23:00,2019-01-01 02:01:00,0.63,,,,,,,False,10,3,2,True,False,terminal,pca1,load_pipeline (invariant)
XJTU-SY,Bearing1_4,42,TCN-Autoencoder,tcn,aggregate,5,5.0,2019-01-01 01:23:00,2019-01-01 02:01:00,0.63,,,,,,,False,10,3,2,True,False,terminal,pca1,load_pipeline (invariant)
XJTU-SY,Bearing1_4,42,Transformer-AD,transformer_ad,aggregate,5,5.0,2019-01-01 01:23:00,2019-01-01 02:01:00,0.63,,,,,,,False,10,3,2,True,False,terminal,pca1,load_pipeline (invariant)
XJTU-SY,Bearing1_4,42,RMS-Trend (kσ),rms_trend,aggregate,10,10.0,2019-01-01 01:23:00,2019-01-01 02:01:00,0.63,0.18333333333333332,0.45,0.0,0.2894736842105263,0.18333333333333332,0.0,True,5,3,1,True,False,terminal,pca1,load_pipeline (invariant)
XJTU-SY,Bearing1_4,42,3σ Rule (σ=3.0),three_sigma,aggregate,10,10.0,2019-01-01 01:23:00,2019-01-01 02:01:00,0.63,0.85,,100.0,1.3421052631578947,0.0,100.0,False,5,3,1,True,False,terminal,pca1,load_pipeline (invariant)
XJTU-SY,Bearing1_4,42,"EWMA (λ=0.2, k=3.0)",ewma,aggregate,10,10.0,2019-01-01 01:23:00,2019-01-01 02:01:00,0.63,0.85,,100.0,1.3421052631578947,0.0,100.0,False,5,3,1,True,False,terminal,pca1,load_pipeline (invariant)
XJTU-SY,Bearing1_4,42,"CUSUM (k=0.5, h=5.0)",cusum,aggregate,10,10.0,2019-01-01 01:23:00,2019-01-01 02:01:00,0.63,0.85,,100.0,1.3421052631578947,0.0,100.0,False,5,3,1,True,False,terminal,pca1,load_pipeline (invariant)
XJTU-SY,Bearing1_4,42,Hotelling T²,hotelling_t2,aggregate,10,10.0,2019-01-01 01:23:00,2019-01-01 02:01:00,0.63,0.85,,100.0,1.3421052631578947,0.0,100.0,False,5,3,1,True,False,terminal,pca1,load_pipeline (invariant)
XJTU-SY,Bearing1_4,42,Isolation Forest,isolation_forest,aggregate,10,10.0,2019-01-01 01:23:00,2019-01-01 02:01:00,0.63,0.18333333333333332,0.45,0.0,0.2894736842105263,0.18333333333333332,0.0,True,5,3,1,True,False,terminal,pca1,load_pipeline (invariant)
XJTU-SY,Bearing1_4,42,Deep SVDD,deep_svdd,aggregate,10,10.0,2019-01-01 01:23:00,2019-01-01 02:01:00,0.63,0.18333333333333332,0.45,0.0,0.2894736842105263,0.18333333333333332,0.0,True,5,3,1,True,False,terminal,pca1,load_pipeline (invariant)
XJTU-SY,Bearing1_4,42,LSTM-Autoencoder,lstm_ae,aggregate,10,10.0,2019-01-01 01:23:00,2019-01-01 02:01:00,0.63,,,,,,,False,5,3,1,True,False,terminal,pca1,load_pipeline (invariant)
XJTU-SY,Bearing1_4,42,TCN-Autoencoder,tcn,aggregate,10,10.0,2019-01-01 01:23:00,2019-01-01 02:01:00,0.63,,,,,,,False,5,3,1,True,False,terminal,pca1,load_pipeline (invariant)
XJTU-SY,Bearing1_4,42,Transformer-AD,transformer_ad,aggregate,10,10.0,2019-01-01 01:23:00,2019-01-01 02:01:00,0.63,,,,,,,False,5,3,1,True,False,terminal,pca1,load_pipeline (invariant)
XJTU-SY,Bearing1_4,42,RMS-Trend (kσ),rms_trend,aggregate,20,20.0,2019-01-01 01:23:00,2019-01-01 02:01:00,0.63,0.35,0.2833333333333333,0.0,0.5526315789473684,0.35,0.0,True,2,3,1,True,False,terminal,pca1,load_pipeline (invariant)
XJTU-SY,Bearing1_4,42,3σ Rule (σ=3.0),three_sigma,aggregate,20,20.0,2019-01-01 01:23:00,2019-01-01 02:01:00,0.63,0.6833333333333333,,100.0,1.0789473684210527,0.0,100.0,False,2,3,1,True,False,terminal,pca1,load_pipeline (invariant)
XJTU-SY,Bearing1_4,42,"EWMA (λ=0.2, k=3.0)",ewma,aggregate,20,20.0,2019-01-01 01:23:00,2019-01-01 02:01:00,0.63,0.6833333333333333,,100.0,1.0789473684210527,0.0,100.0,False,2,3,1,True,False,terminal,pca1,load_pipeline (invariant)
XJTU-SY,Bearing1_4,42,"CUSUM (k=0.5, h=5.0)",cusum,aggregate,20,20.0,2019-01-01 01:23:00,2019-01-01 02:01:00,0.63,0.6833333333333333,,100.0,1.0789473684210527,0.0,100.0,False,2,3,1,True,False,terminal,pca1,load_pipeline (invariant)
XJTU-SY,Bearing1_4,42,Hotelling T²,hotelling_t2,aggregate,20,20.0,2019-01-01 01:23:00,2019-01-01 02:01:00,0.63,0.6833333333333333,,100.0,1.0789473684210527,0.0,100.0,False,2,3,1,True,False,terminal,pca1,load_pipeline (invariant)
XJTU-SY,Bearing1_4,42,Isolation Forest,isolation_forest,aggregate,20,20.0,2019-01-01 01:23:00,2019-01-01 02:01:00,0.63,0.0,,0.0,0.0,0.0,0.0,False,2,3,1,True,False,terminal,pca1,load_pipeline (invariant)
XJTU-SY,Bearing1_4,42,Deep SVDD,deep_svdd,aggregate,20,20.0,2019-01-01 01:23:00,2019-01-01 02:01:00,0.63,0.35,0.2833333333333333,0.0,0.5526315789473684,0.35,0.0,True,2,3,1,True,False,terminal,pca1,load_pipeline (invariant)
XJTU-SY,Bearing1_4,42,LSTM-Autoencoder,lstm_ae,aggregate,20,20.0,2019-01-01 01:23:00,2019-01-01 02:01:00,0.63,,,,,,,False,2,3,1,True,False,terminal,pca1,load_pipeline (invariant)
XJTU-SY,Bearing1_4,42,TCN-Autoencoder,tcn,aggregate,20,20.0,2019-01-01 01:23:00,2019-01-01 02:01:00,0.63,,,,,,,False,2,3,1,True,False,terminal,pca1,load_pipeline (invariant)
XJTU-SY,Bearing1_4,42,Transformer-AD,transformer_ad,aggregate,20,20.0,2019-01-01 01:23:00,2019-01-01 02:01:00,0.63,,,,,,,False,2,3,1,True,False,terminal,pca1,load_pipeline (invariant)
XJTU-SY,Bearing1_4,42,RMS-Trend (kσ),rms_trend,decimate,1,1.0,2019-01-01 01:23:00,2019-01-01 02:01:00,0.63,0.0,,0.0,0.0,0.0,0.0,False,10,10,3,False,False,terminal,pca1,load_pipeline (invariant)
XJTU-SY,Bearing1_4,42,3σ Rule (σ=3.0),three_sigma,decimate,1,1.0,2019-01-01 01:23:00,2019-01-01 02:01:00,0.63,0.6833333333333333,,33.33333333333333,1.0789473684210527,0.6833333333333333,0.0,False,10,10,3,False,False,terminal,pca1,load_pipeline (invariant)
XJTU-SY,Bearing1_4,42,"EWMA (λ=0.2, k=3.0)",ewma,decimate,1,1.0,2019-01-01 01:23:00,2019-01-01 02:01:00,0.63,0.7666666666666667,,66.66666666666666,1.210526315789474,0.7666666666666667,0.0,False,10,10,3,False,False,terminal,pca1,load_pipeline (invariant)
XJTU-SY,Bearing1_4,42,"CUSUM (k=0.5, h=5.0)",cusum,decimate,1,1.0,2019-01-01 01:23:00,2019-01-01 02:01:00,0.63,0.7666666666666667,,66.66666666666666,1.210526315789474,0.7666666666666667,0.0,False,10,10,3,False,False,terminal,pca1,load_pipeline (invariant)
XJTU-SY,Bearing1_4,42,Hotelling T²,hotelling_t2,decimate,1,1.0,2019-01-01 01:23:00,2019-01-01 02:01:00,0.63,0.85,,100.0,1.3421052631578947,0.0,100.0,False,10,10,3,False,False,terminal,pca1,load_pipeline (invariant)
XJTU-SY,Bearing1_4,42,Isolation Forest,isolation_forest,decimate,1,1.0,2019-01-01 01:23:00,2019-01-01 02:01:00,0.63,0.6833333333333333,,33.33333333333333,1.0789473684210527,0.6833333333333333,0.0,False,10,10,3,False,False,terminal,pca1,load_pipeline (invariant)
XJTU-SY,Bearing1_4,42,Deep SVDD,deep_svdd,decimate,1,1.0,2019-01-01 01:23:00,2019-01-01 02:01:00,0.63,0.0,,0.0,0.0,0.0,0.0,False,10,10,3,False,False,terminal,pca1,load_pipeline (invariant)
XJTU-SY,Bearing1_4,42,LSTM-Autoencoder,lstm_ae,decimate,1,1.0,2019-01-01 01:23:00,2019-01-01 02:01:00,0.63,,,,,,,False,10,10,3,False,False,terminal,pca1,load_pipeline (invariant)
XJTU-SY,Bearing1_4,42,TCN-Autoencoder,tcn,decimate,1,1.0,2019-01-01 01:23:00,2019-01-01 02:01:00,0.63,,,,,,,False,10,10,3,False,False,terminal,pca1,load_pipeline (invariant)
XJTU-SY,Bearing1_4,42,Transformer-AD,transformer_ad,decimate,1,1.0,2019-01-01 01:23:00,2019-01-01 02:01:00,0.63,,,,,,,False,10,10,3,False,False,terminal,pca1,load_pipeline (invariant)
XJTU-SY,Bearing1_4,42,RMS-Trend (kσ),rms_trend,decimate,2,2.0,2019-01-01 01:23:00,2019-01-01 02:01:00,0.63,0.0,,0.0,0.0,0.0,0.0,False,12,5,4,False,False,terminal,pca1,load_pipeline (invariant)
XJTU-SY,Bearing1_4,42,3σ Rule (σ=3.0),three_sigma,decimate,2,2.0,2019-01-01 01:23:00,2019-01-01 02:01:00,0.63,0.75,,66.66666666666666,1.1842105263157896,0.75,0.0,False,12,5,4,False,False,terminal,pca1,load_pipeline (invariant)
XJTU-SY,Bearing1_4,42,"EWMA (λ=0.2, k=3.0)",ewma,decimate,2,2.0,2019-01-01 01:23:00,2019-01-01 02:01:00,0.63,0.75,,66.66666666666666,1.1842105263157896,0.75,0.0,False,12,5,4,False,False,terminal,pca1,load_pipeline (invariant)
XJTU-SY,Bearing1_4,42,"CUSUM (k=0.5, h=5.0)",cusum,decimate,2,2.0,2019-01-01 01:23:00,2019-01-01 02:01:00,0.63,0.75,,66.66666666666666,1.1842105263157896,0.75,0.0,False,12,5,4,False,False,terminal,pca1,load_pipeline (invariant)
XJTU-SY,Bearing1_4,42,Hotelling T²,hotelling_t2,decimate,2,2.0,2019-01-01 01:23:00,2019-01-01 02:01:00,0.63,0.8166666666666667,,100.0,1.2894736842105263,0.0,100.0,False,12,5,4,False,False,terminal,pca1,load_pipeline (invariant)
XJTU-SY,Bearing1_4,42,Isolation Forest,isolation_forest,decimate,2,2.0,2019-01-01 01:23:00,2019-01-01 02:01:00,0.63,0.75,,66.66666666666666,1.1842105263157896,0.75,0.0,False,12,5,4,False,False,terminal,pca1,load_pipeline (invariant)
XJTU-SY,Bearing1_4,42,Deep SVDD,deep_svdd,decimate,2,2.0,2019-01-01 01:23:00,2019-01-01 02:01:00,0.63,0.0,,0.0,0.0,0.0,0.0,False,12,5,4,False,False,terminal,pca1,load_pipeline (invariant)
XJTU-SY,Bearing1_4,42,LSTM-Autoencoder,lstm_ae,decimate,2,2.0,2019-01-01 01:23:00,2019-01-01 02:01:00,0.63,,,,,,,False,12,5,4,False,False,terminal,pca1,load_pipeline (invariant)
XJTU-SY,Bearing1_4,42,TCN-Autoencoder,tcn,decimate,2,2.0,2019-01-01 01:23:00,2019-01-01 02:01:00,0.63,,,,,,,False,12,5,4,False,False,terminal,pca1,load_pipeline (invariant)
XJTU-SY,Bearing1_4,42,Transformer-AD,transformer_ad,decimate,2,2.0,2019-01-01 01:23:00,2019-01-01 02:01:00,0.63,,,,,,,False,12,5,4,False,False,terminal,pca1,load_pipeline (invariant)
XJTU-SY,Bearing1_4,42,RMS-Trend (kσ),rms_trend,decimate,5,5.0,2019-01-01 01:23:00,2019-01-01 02:01:00,0.63,0.0,,0.0,0.0,0.0,0.0,False,10,3,2,True,False,terminal,pca1,load_pipeline (invariant)
XJTU-SY,Bearing1_4,42,3σ Rule (σ=3.0),three_sigma,decimate,5,5.0,2019-01-01 01:23:00,2019-01-01 02:01:00,0.63,0.0,,0.0,0.0,0.0,0.0,False,10,3,2,True,False,terminal,pca1,load_pipeline (invariant)
XJTU-SY,Bearing1_4,42,"EWMA (λ=0.2, k=3.0)",ewma,decimate,5,5.0,2019-01-01 01:23:00,2019-01-01 02:01:00,0.63,0.7666666666666667,,66.66666666666666,1.210526315789474,0.7666666666666667,0.0,False,10,3,2,True,False,terminal,pca1,load_pipeline (invariant)
XJTU-SY,Bearing1_4,42,"CUSUM (k=0.5, h=5.0)",cusum,decimate,5,5.0,2019-01-01 01:23:00,2019-01-01 02:01:00,0.63,0.7666666666666667,,66.66666666666666,1.210526315789474,0.7666666666666667,0.0,False,10,3,2,True,False,terminal,pca1,load_pipeline (invariant)
XJTU-SY,Bearing1_4,42,Hotelling T²,hotelling_t2,decimate,5,5.0,2019-01-01 01:23:00,2019-01-01 02:01:00,0.63,0.85,,100.0,1.3421052631578947,0.0,100.0,False,10,3,2,True,False,terminal,pca1,load_pipeline (invariant)
XJTU-SY,Bearing1_4,42,Isolation Forest,isolation_forest,decimate,5,5.0,2019-01-01 01:23:00,2019-01-01 02:01:00,0.63,0.7666666666666667,,66.66666666666666,1.210526315789474,0.7666666666666667,0.0,False,10,3,2,True,False,terminal,pca1,load_pipeline (invariant)
XJTU-SY,Bearing1_4,42,Deep SVDD,deep_svdd,decimate,5,5.0,2019-01-01 01:23:00,2019-01-01 02:01:00,0.63,0.5166666666666667,0.11666666666666667,0.0,0.8157894736842106,0.5166666666666667,0.0,True,10,3,2,True,False,terminal,pca1,load_pipeline (invariant)
XJTU-SY,Bearing1_4,42,LSTM-Autoencoder,lstm_ae,decimate,5,5.0,2019-01-01 01:23:00,2019-01-01 02:01:00,0.63,,,,,,,False,10,3,2,True,False,terminal,pca1,load_pipeline (invariant)
XJTU-SY,Bearing1_4,42,TCN-Autoencoder,tcn,decimate,5,5.0,2019-01-01 01:23:00,2019-01-01 02:01:00,0.63,,,,,,,False,10,3,2,True,False,terminal,pca1,load_pipeline (invariant)
XJTU-SY,Bearing1_4,42,Transformer-AD,transformer_ad,decimate,5,5.0,2019-01-01 01:23:00,2019-01-01 02:01:00,0.63,,,,,,,False,10,3,2,True,False,terminal,pca1,load_pipeline (invariant)
XJTU-SY,Bearing1_4,42,RMS-Trend (kσ),rms_trend,decimate,10,10.0,2019-01-01 01:23:00,2019-01-01 02:01:00,0.63,0.6833333333333333,,50.0,1.0789473684210527,0.6833333333333333,0.0,False,5,3,1,True,False,terminal,pca1,load_pipeline (invariant)
XJTU-SY,Bearing1_4,42,3σ Rule (σ=3.0),three_sigma,decimate,10,10.0,2019-01-01 01:23:00,2019-01-01 02:01:00,0.63,0.85,,100.0,1.3421052631578947,0.0,100.0,False,5,3,1,True,False,terminal,pca1,load_pipeline (invariant)
XJTU-SY,Bearing1_4,42,"EWMA (λ=0.2, k=3.0)",ewma,decimate,10,10.0,2019-01-01 01:23:00,2019-01-01 02:01:00,0.63,0.85,,100.0,1.3421052631578947,0.0,100.0,False,5,3,1,True,False,terminal,pca1,load_pipeline (invariant)
XJTU-SY,Bearing1_4,42,"CUSUM (k=0.5, h=5.0)",cusum,decimate,10,10.0,2019-01-01 01:23:00,2019-01-01 02:01:00,0.63,0.85,,100.0,1.3421052631578947,0.0,100.0,False,5,3,1,True,False,terminal,pca1,load_pipeline (invariant)
XJTU-SY,Bearing1_4,42,Hotelling T²,hotelling_t2,decimate,10,10.0,2019-01-01 01:23:00,2019-01-01 02:01:00,0.63,0.85,,100.0,1.3421052631578947,0.0,100.0,False,5,3,1,True,False,terminal,pca1,load_pipeline (invariant)
XJTU-SY,Bearing1_4,42,Isolation Forest,isolation_forest,decimate,10,10.0,2019-01-01 01:23:00,2019-01-01 02:01:00,0.63,0.0,,0.0,0.0,0.0,0.0,False,5,3,1,True,False,terminal,pca1,load_pipeline (invariant)
XJTU-SY,Bearing1_4,42,Deep SVDD,deep_svdd,decimate,10,10.0,2019-01-01 01:23:00,2019-01-01 02:01:00,0.63,0.5166666666666667,0.11666666666666667,0.0,0.8157894736842106,0.5166666666666667,0.0,True,5,3,1,True,False,terminal,pca1,load_pipeline (invariant)
XJTU-SY,Bearing1_4,42,LSTM-Autoencoder,lstm_ae,decimate,10,10.0,2019-01-01 01:23:00,2019-01-01 02:01:00,0.63,,,,,,,False,5,3,1,True,False,terminal,pca1,load_pipeline (invariant)
XJTU-SY,Bearing1_4,42,TCN-Autoencoder,tcn,decimate,10,10.0,2019-01-01 01:23:00,2019-01-01 02:01:00,0.63,,,,,,,False,5,3,1,True,False,terminal,pca1,load_pipeline (invariant)
XJTU-SY,Bearing1_4,42,Transformer-AD,transformer_ad,decimate,10,10.0,2019-01-01 01:23:00,2019-01-01 02:01:00,0.63,,,,,,,False,5,3,1,True,False,terminal,pca1,load_pipeline (invariant)
XJTU-SY,Bearing1_4,42,RMS-Trend (kσ),rms_trend,decimate,20,20.0,2019-01-01 01:23:00,2019-01-01 02:01:00,0.63,0.6833333333333333,,100.0,1.0789473684210527,0.0,100.0,False,2,3,1,True,False,terminal,pca1,load_pipeline (invariant)
XJTU-SY,Bearing1_4,42,3σ Rule (σ=3.0),three_sigma,decimate,20,20.0,2019-01-01 01:23:00,2019-01-01 02:01:00,0.63,0.6833333333333333,,100.0,1.0789473684210527,0.0,100.0,False,2,3,1,True,False,terminal,pca1,load_pipeline (invariant)
XJTU-SY,Bearing1_4,42,"EWMA (λ=0.2, k=3.0)",ewma,decimate,20,20.0,2019-01-01 01:23:00,2019-01-01 02:01:00,0.63,0.6833333333333333,,100.0,1.0789473684210527,0.0,100.0,False,2,3,1,True,False,terminal,pca1,load_pipeline (invariant)
XJTU-SY,Bearing1_4,42,"CUSUM (k=0.5, h=5.0)",cusum,decimate,20,20.0,2019-01-01 01:23:00,2019-01-01 02:01:00,0.63,0.6833333333333333,,100.0,1.0789473684210527,0.0,100.0,False,2,3,1,True,False,terminal,pca1,load_pipeline (invariant)
XJTU-SY,Bearing1_4,42,Hotelling T²,hotelling_t2,decimate,20,20.0,2019-01-01 01:23:00,2019-01-01 02:01:00,0.63,0.6833333333333333,,100.0,1.0789473684210527,0.0,100.0,False,2,3,1,True,False,terminal,pca1,load_pipeline (invariant)
XJTU-SY,Bearing1_4,42,Isolation Forest,isolation_forest,decimate,20,20.0,2019-01-01 01:23:00,2019-01-01 02:01:00,0.63,0.0,,0.0,0.0,0.0,0.0,False,2,3,1,True,False,terminal,pca1,load_pipeline (invariant)
XJTU-SY,Bearing1_4,42,Deep SVDD,deep_svdd,decimate,20,20.0,2019-01-01 01:23:00,2019-01-01 02:01:00,0.63,0.35,0.2833333333333333,0.0,0.5526315789473684,0.35,0.0,True,2,3,1,True,False,terminal,pca1,load_pipeline (invariant)
XJTU-SY,Bearing1_4,42,LSTM-Autoencoder,lstm_ae,decimate,20,20.0,2019-01-01 01:23:00,2019-01-01 02:01:00,0.63,,,,,,,False,2,3,1,True,False,terminal,pca1,load_pipeline (invariant)
XJTU-SY,Bearing1_4,42,TCN-Autoencoder,tcn,decimate,20,20.0,2019-01-01 01:23:00,2019-01-01 02:01:00,0.63,,,,,,,False,2,3,1,True,False,terminal,pca1,load_pipeline (invariant)
XJTU-SY,Bearing1_4,42,Transformer-AD,transformer_ad,decimate,20,20.0,2019-01-01 01:23:00,2019-01-01 02:01:00,0.63,,,,,,,False,2,3,1,True,False,terminal,pca1,load_pipeline (invariant)
XJTU-SY,Bearing1_5,42,RMS-Trend (kσ),rms_trend,aggregate,1,1.0,2019-01-01 00:34:00,2019-01-01 00:51:00,0.28,0.0,,0.0,0.0,0.0,0.0,False,4,10,3,False,False,terminal,pca1,load_pipeline (invariant)
XJTU-SY,Bearing1_5,42,3σ Rule (σ=3.0),three_sigma,aggregate,1,1.0,2019-01-01 00:34:00,2019-01-01 00:51:00,0.28,0.35,,100.0,1.2352941176470589,0.0,100.0,False,4,10,3,False,False,terminal,pca1,load_pipeline (invariant)
XJTU-SY,Bearing1_5,42,"EWMA (λ=0.2, k=3.0)",ewma,aggregate,1,1.0,2019-01-01 00:34:00,2019-01-01 00:51:00,0.28,0.35,,100.0,1.2352941176470589,0.0,100.0,False,4,10,3,False,False,terminal,pca1,load_pipeline (invariant)
XJTU-SY,Bearing1_5,42,"CUSUM (k=0.5, h=5.0)",cusum,aggregate,1,1.0,2019-01-01 00:34:00,2019-01-01 00:51:00,0.28,0.35,,100.0,1.2352941176470589,0.0,100.0,False,4,10,3,False,False,terminal,pca1,load_pipeline (invariant)
XJTU-SY,Bearing1_5,42,Hotelling T²,hotelling_t2,aggregate,1,1.0,2019-01-01 00:34:00,2019-01-01 00:51:00,0.28,0.35,,100.0,1.2352941176470589,0.0,100.0,False,4,10,3,False,False,terminal,pca1,load_pipeline (invariant)
XJTU-SY,Bearing1_5,42,Isolation Forest,isolation_forest,aggregate,1,1.0,2019-01-01 00:34:00,2019-01-01 00:51:00,0.28,0.0,,0.0,0.0,0.0,0.0,False,4,10,3,False,False,terminal,pca1,load_pipeline (invariant)
XJTU-SY,Bearing1_5,42,Deep SVDD,deep_svdd,aggregate,1,1.0,2019-01-01 00:34:00,2019-01-01 00:51:00,0.28,0.0,,0.0,0.0,0.0,0.0,False,4,10,3,False,False,terminal,pca1,load_pipeline (invariant)
XJTU-SY,Bearing1_5,42,LSTM-Autoencoder,lstm_ae,aggregate,1,1.0,2019-01-01 00:34:00,2019-01-01 00:51:00,0.28,,,,,,,False,4,10,3,False,False,terminal,pca1,load_pipeline (invariant)
XJTU-SY,Bearing1_5,42,TCN-Autoencoder,tcn,aggregate,1,1.0,2019-01-01 00:34:00,2019-01-01 00:51:00,0.28,,,,,,,False,4,10,3,False,False,terminal,pca1,load_pipeline (invariant)
XJTU-SY,Bearing1_5,42,Transformer-AD,transformer_ad,aggregate,1,1.0,2019-01-01 00:34:00,2019-01-01 00:51:00,0.28,,,,,,,False,4,10,3,False,False,terminal,pca1,load_pipeline (invariant)
XJTU-SY,Bearing1_5,42,RMS-Trend (kσ),rms_trend,aggregate,2,2.0,2019-01-01 00:34:00,2019-01-01 00:51:00,0.28,0.0,,0.0,0.0,0.0,0.0,False,5,5,4,False,False,terminal,pca1,load_pipeline (invariant)
XJTU-SY,Bearing1_5,42,3σ Rule (σ=3.0),three_sigma,aggregate,2,2.0,2019-01-01 00:34:00,2019-01-01 00:51:00,0.28,0.38333333333333336,,100.0,1.3529411764705883,0.0,100.0,False,5,5,4,False,False,terminal,pca1,load_pipeline (invariant)
XJTU-SY,Bearing1_5,42,"EWMA (λ=0.2, k=3.0)",ewma,aggregate,2,2.0,2019-01-01 00:34:00,2019-01-01 00:51:00,0.28,0.38333333333333336,,100.0,1.3529411764705883,0.0,100.0,False,5,5,4,False,False,terminal,pca1,load_pipeline (invariant)
XJTU-SY,Bearing1_5,42,"CUSUM (k=0.5, h=5.0)",cusum,aggregate,2,2.0,2019-01-01 00:34:00,2019-01-01 00:51:00,0.28,0.38333333333333336,,100.0,1.3529411764705883,0.0,100.0,False,5,5,4,False,False,terminal,pca1,load_pipeline (invariant)
XJTU-SY,Bearing1_5,42,Hotelling T²,hotelling_t2,aggregate,2,2.0,2019-01-01 00:34:00,2019-01-01 00:51:00,0.28,0.38333333333333336,,100.0,1.3529411764705883,0.0,100.0,False,5,5,4,False,False,terminal,pca1,load_pipeline (invariant)
XJTU-SY,Bearing1_5,42,Isolation Forest,isolation_forest,aggregate,2,2.0,2019-01-01 00:34:00,2019-01-01 00:51:00,0.28,0.0,,0.0,0.0,0.0,0.0,False,5,5,4,False,False,terminal,pca1,load_pipeline (invariant)
XJTU-SY,Bearing1_5,42,Deep SVDD,deep_svdd,aggregate,2,2.0,2019-01-01 00:34:00,2019-01-01 00:51:00,0.28,0.0,,0.0,0.0,0.0,0.0,False,5,5,4,False,False,terminal,pca1,load_pipeline (invariant)
XJTU-SY,Bearing1_5,42,LSTM-Autoencoder,lstm_ae,aggregate,2,2.0,2019-01-01 00:34:00,2019-01-01 00:51:00,0.28,,,,,,,False,5,5,4,False,False,terminal,pca1,load_pipeline (invariant)
XJTU-SY,Bearing1_5,42,TCN-Autoencoder,tcn,aggregate,2,2.0,2019-01-01 00:34:00,2019-01-01 00:51:00,0.28,,,,,,,False,5,5,4,False,False,terminal,pca1,load_pipeline (invariant)
XJTU-SY,Bearing1_5,42,Transformer-AD,transformer_ad,aggregate,2,2.0,2019-01-01 00:34:00,2019-01-01 00:51:00,0.28,,,,,,,False,5,5,4,False,False,terminal,pca1,load_pipeline (invariant)
XJTU-SY,Bearing1_5,42,RMS-Trend (kσ),rms_trend,aggregate,5,5.0,2019-01-01 00:34:00,2019-01-01 00:51:00,0.28,0.0,,0.0,0.0,0.0,0.0,False,4,3,2,True,False,terminal,pca1,load_pipeline (invariant)
XJTU-SY,Bearing1_5,42,3σ Rule (σ=3.0),three_sigma,aggregate,5,5.0,2019-01-01 00:34:00,2019-01-01 00:51:00,0.28,0.35,,100.0,1.2352941176470589,0.0,100.0,False,4,3,2,True,False,terminal,pca1,load_pipeline (invariant)
XJTU-SY,Bearing1_5,42,"EWMA (λ=0.2, k=3.0)",ewma,aggregate,5,5.0,2019-01-01 00:34:00,2019-01-01 00:51:00,0.28,0.35,,100.0,1.2352941176470589,0.0,100.0,False,4,3,2,True,False,terminal,pca1,load_pipeline (invariant)
XJTU-SY,Bearing1_5,42,"CUSUM (k=0.5, h=5.0)",cusum,aggregate,5,5.0,2019-01-01 00:34:00,2019-01-01 00:51:00,0.28,0.35,,100.0,1.2352941176470589,0.0,100.0,False,4,3,2,True,False,terminal,pca1,load_pipeline (invariant)
XJTU-SY,Bearing1_5,42,Hotelling T²,hotelling_t2,aggregate,5,5.0,2019-01-01 00:34:00,2019-01-01 00:51:00,0.28,0.35,,100.0,1.2352941176470589,0.0,100.0,False,4,3,2,True,False,terminal,pca1,load_pipeline (invariant)
XJTU-SY,Bearing1_5,42,Isolation Forest,isolation_forest,aggregate,5,5.0,2019-01-01 00:34:00,2019-01-01 00:51:00,0.28,0.0,,0.0,0.0,0.0,0.0,False,4,3,2,True,False,terminal,pca1,load_pipeline (invariant)
XJTU-SY,Bearing1_5,42,Deep SVDD,deep_svdd,aggregate,5,5.0,2019-01-01 00:34:00,2019-01-01 00:51:00,0.28,0.0,,0.0,0.0,0.0,0.0,False,4,3,2,True,False,terminal,pca1,load_pipeline (invariant)
XJTU-SY,Bearing1_5,42,LSTM-Autoencoder,lstm_ae,aggregate,5,5.0,2019-01-01 00:34:00,2019-01-01 00:51:00,0.28,,,,,,,False,4,3,2,True,False,terminal,pca1,load_pipeline (invariant)
XJTU-SY,Bearing1_5,42,TCN-Autoencoder,tcn,aggregate,5,5.0,2019-01-01 00:34:00,2019-01-01 00:51:00,0.28,,,,,,,False,4,3,2,True,False,terminal,pca1,load_pipeline (invariant)
XJTU-SY,Bearing1_5,42,Transformer-AD,transformer_ad,aggregate,5,5.0,2019-01-01 00:34:00,2019-01-01 00:51:00,0.28,,,,,,,False,4,3,2,True,False,terminal,pca1,load_pipeline (invariant)
XJTU-SY,Bearing1_5,42,RMS-Trend (kσ),rms_trend,decimate,1,1.0,2019-01-01 00:34:00,2019-01-01 00:51:00,0.28,0.0,,0.0,0.0,0.0,0.0,False,4,10,3,False,False,terminal,pca1,load_pipeline (invariant)
XJTU-SY,Bearing1_5,42,3σ Rule (σ=3.0),three_sigma,decimate,1,1.0,2019-01-01 00:34:00,2019-01-01 00:51:00,0.28,0.35,,100.0,1.2352941176470589,0.0,100.0,False,4,10,3,False,False,terminal,pca1,load_pipeline (invariant)
XJTU-SY,Bearing1_5,42,"EWMA (λ=0.2, k=3.0)",ewma,decimate,1,1.0,2019-01-01 00:34:00,2019-01-01 00:51:00,0.28,0.35,,100.0,1.2352941176470589,0.0,100.0,False,4,10,3,False,False,terminal,pca1,load_pipeline (invariant)
XJTU-SY,Bearing1_5,42,"CUSUM (k=0.5, h=5.0)",cusum,decimate,1,1.0,2019-01-01 00:34:00,2019-01-01 00:51:00,0.28,0.35,,100.0,1.2352941176470589,0.0,100.0,False,4,10,3,False,False,terminal,pca1,load_pipeline (invariant)
XJTU-SY,Bearing1_5,42,Hotelling T²,hotelling_t2,decimate,1,1.0,2019-01-01 00:34:00,2019-01-01 00:51:00,0.28,0.35,,100.0,1.2352941176470589,0.0,100.0,False,4,10,3,False,False,terminal,pca1,load_pipeline (invariant)
XJTU-SY,Bearing1_5,42,Isolation Forest,isolation_forest,decimate,1,1.0,2019-01-01 00:34:00,2019-01-01 00:51:00,0.28,0.0,,0.0,0.0,0.0,0.0,False,4,10,3,False,False,terminal,pca1,load_pipeline (invariant)
XJTU-SY,Bearing1_5,42,Deep SVDD,deep_svdd,decimate,1,1.0,2019-01-01 00:34:00,2019-01-01 00:51:00,0.28,0.0,,0.0,0.0,0.0,0.0,False,4,10,3,False,False,terminal,pca1,load_pipeline (invariant)
XJTU-SY,Bearing1_5,42,LSTM-Autoencoder,lstm_ae,decimate,1,1.0,2019-01-01 00:34:00,2019-01-01 00:51:00,0.28,,,,,,,False,4,10,3,False,False,terminal,pca1,load_pipeline (invariant)
XJTU-SY,Bearing1_5,42,TCN-Autoencoder,tcn,decimate,1,1.0,2019-01-01 00:34:00,2019-01-01 00:51:00,0.28,,,,,,,False,4,10,3,False,False,terminal,pca1,load_pipeline (invariant)
XJTU-SY,Bearing1_5,42,Transformer-AD,transformer_ad,decimate,1,1.0,2019-01-01 00:34:00,2019-01-01 00:51:00,0.28,,,,,,,False,4,10,3,False,False,terminal,pca1,load_pipeline (invariant)
XJTU-SY,Bearing1_5,42,RMS-Trend (kσ),rms_trend,decimate,2,2.0,2019-01-01 00:34:00,2019-01-01 00:51:00,0.28,0.0,,0.0,0.0,0.0,0.0,False,5,5,4,False,False,terminal,pca1,load_pipeline (invariant)
XJTU-SY,Bearing1_5,42,3σ Rule (σ=3.0),three_sigma,decimate,2,2.0,2019-01-01 00:34:00,2019-01-01 00:51:00,0.28,0.38333333333333336,,100.0,1.3529411764705883,0.0,100.0,False,5,5,4,False,False,terminal,pca1,load_pipeline (invariant)
XJTU-SY,Bearing1_5,42,"EWMA (λ=0.2, k=3.0)",ewma,decimate,2,2.0,2019-01-01 00:34:00,2019-01-01 00:51:00,0.28,0.38333333333333336,,100.0,1.3529411764705883,0.0,100.0,False,5,5,4,False,False,terminal,pca1,load_pipeline (invariant)
XJTU-SY,Bearing1_5,42,"CUSUM (k=0.5, h=5.0)",cusum,decimate,2,2.0,2019-01-01 00:34:00,2019-01-01 00:51:00,0.28,0.38333333333333336,,100.0,1.3529411764705883,0.0,100.0,False,5,5,4,False,False,terminal,pca1,load_pipeline (invariant)
XJTU-SY,Bearing1_5,42,Hotelling T²,hotelling_t2,decimate,2,2.0,2019-01-01 00:34:00,2019-01-01 00:51:00,0.28,0.38333333333333336,,100.0,1.3529411764705883,0.0,100.0,False,5,5,4,False,False,terminal,pca1,load_pipeline (invariant)
XJTU-SY,Bearing1_5,42,Isolation Forest,isolation_forest,decimate,2,2.0,2019-01-01 00:34:00,2019-01-01 00:51:00,0.28,0.38333333333333336,,100.0,1.3529411764705883,0.0,100.0,False,5,5,4,False,False,terminal,pca1,load_pipeline (invariant)
XJTU-SY,Bearing1_5,42,Deep SVDD,deep_svdd,decimate,2,2.0,2019-01-01 00:34:00,2019-01-01 00:51:00,0.28,0.0,,0.0,0.0,0.0,0.0,False,5,5,4,False,False,terminal,pca1,load_pipeline (invariant)
XJTU-SY,Bearing1_5,42,LSTM-Autoencoder,lstm_ae,decimate,2,2.0,2019-01-01 00:34:00,2019-01-01 00:51:00,0.28,,,,,,,False,5,5,4,False,False,terminal,pca1,load_pipeline (invariant)
XJTU-SY,Bearing1_5,42,TCN-Autoencoder,tcn,decimate,2,2.0,2019-01-01 00:34:00,2019-01-01 00:51:00,0.28,,,,,,,False,5,5,4,False,False,terminal,pca1,load_pipeline (invariant)
XJTU-SY,Bearing1_5,42,Transformer-AD,transformer_ad,decimate,2,2.0,2019-01-01 00:34:00,2019-01-01 00:51:00,0.28,,,,,,,False,5,5,4,False,False,terminal,pca1,load_pipeline (invariant)
XJTU-SY,Bearing1_5,42,RMS-Trend (kσ),rms_trend,decimate,5,5.0,2019-01-01 00:34:00,2019-01-01 00:51:00,0.28,0.0,,0.0,0.0,0.0,0.0,False,4,3,2,True,False,terminal,pca1,load_pipeline (invariant)
XJTU-SY,Bearing1_5,42,3σ Rule (σ=3.0),three_sigma,decimate,5,5.0,2019-01-01 00:34:00,2019-01-01 00:51:00,0.28,0.35,,100.0,1.2352941176470589,0.0,100.0,False,4,3,2,True,False,terminal,pca1,load_pipeline (invariant)
XJTU-SY,Bearing1_5,42,"EWMA (λ=0.2, k=3.0)",ewma,decimate,5,5.0,2019-01-01 00:34:00,2019-01-01 00:51:00,0.28,0.35,,100.0,1.2352941176470589,0.0,100.0,False,4,3,2,True,False,terminal,pca1,load_pipeline (invariant)
XJTU-SY,Bearing1_5,42,"CUSUM (k=0.5, h=5.0)",cusum,decimate,5,5.0,2019-01-01 00:34:00,2019-01-01 00:51:00,0.28,0.35,,100.0,1.2352941176470589,0.0,100.0,False,4,3,2,True,False,terminal,pca1,load_pipeline (invariant)
XJTU-SY,Bearing1_5,42,Hotelling T²,hotelling_t2,decimate,5,5.0,2019-01-01 00:34:00,2019-01-01 00:51:00,0.28,0.35,,100.0,1.2352941176470589,0.0,100.0,False,4,3,2,True,False,terminal,pca1,load_pipeline (invariant)
XJTU-SY,Bearing1_5,42,Isolation Forest,isolation_forest,decimate,5,5.0,2019-01-01 00:34:00,2019-01-01 00:51:00,0.28,0.35,,100.0,1.2352941176470589,0.0,100.0,False,4,3,2,True,False,terminal,pca1,load_pipeline (invariant)
XJTU-SY,Bearing1_5,42,Deep SVDD,deep_svdd,decimate,5,5.0,2019-01-01 00:34:00,2019-01-01 00:51:00,0.28,0.0,,0.0,0.0,0.0,0.0,False,4,3,2,True,False,terminal,pca1,load_pipeline (invariant)
XJTU-SY,Bearing1_5,42,LSTM-Autoencoder,lstm_ae,decimate,5,5.0,2019-01-01 00:34:00,2019-01-01 00:51:00,0.28,,,,,,,False,4,3,2,True,False,terminal,pca1,load_pipeline (invariant)
XJTU-SY,Bearing1_5,42,TCN-Autoencoder,tcn,decimate,5,5.0,2019-01-01 00:34:00,2019-01-01 00:51:00,0.28,,,,,,,False,4,3,2,True,False,terminal,pca1,load_pipeline (invariant)
XJTU-SY,Bearing1_5,42,Transformer-AD,transformer_ad,decimate,5,5.0,2019-01-01 00:34:00,2019-01-01 00:51:00,0.28,,,,,,,False,4,3,2,True,False,terminal,pca1,load_pipeline (invariant)
XJTU-SY,Bearing2_1,42,RMS-Trend (kσ),rms_trend,aggregate,1,1.0,2019-01-01 07:32:00,2019-01-01 08:10:00,0.63,0.0,,0.0,0.0,0.0,0.0,False,39,10,3,False,False,terminal,pca1,load_pipeline (invariant)
XJTU-SY,Bearing2_1,42,3σ Rule (σ=3.0),three_sigma,aggregate,1,1.0,2019-01-01 07:32:00,2019-01-01 08:10:00,0.63,0.6666666666666666,,3.125,1.0526315789473684,0.6666666666666666,0.0,True,39,10,3,False,False,terminal,pca1,load_pipeline (invariant)
XJTU-SY,Bearing2_1,42,"EWMA (λ=0.2, k=3.0)",ewma,aggregate,1,1.0,2019-01-01 07:32:00,2019-01-01 08:10:00,0.63,0.6666666666666666,,3.125,1.0526315789473684,0.6666666666666666,0.0,True,39,10,3,False,False,terminal,pca1,load_pipeline (invariant)
XJTU-SY,Bearing2_1,42,"CUSUM (k=0.5, h=5.0)",cusum,aggregate,1,1.0,2019-01-01 07:32:00,2019-01-01 08:10:00,0.63,0.6666666666666666,,3.125,1.0526315789473684,0.6666666666666666,0.0,True,39,10,3,False,False,terminal,pca1,load_pipeline (invariant)
XJTU-SY,Bearing2_1,42,Hotelling T²,hotelling_t2,aggregate,1,1.0,2019-01-01 07:32:00,2019-01-01 08:10:00,0.63,1.4166666666666667,,18.75,2.236842105263158,1.4166666666666667,0.0,False,39,10,3,False,False,terminal,pca1,load_pipeline (invariant)
XJTU-SY,Bearing2_1,42,Isolation Forest,isolation_forest,aggregate,1,1.0,2019-01-01 07:32:00,2019-01-01 08:10:00,0.63,0.6666666666666666,,3.125,1.0526315789473684,0.6666666666666666,0.0,True,39,10,3,False,False,terminal,pca1,load_pipeline (invariant)
XJTU-SY,Bearing2_1,42,Deep SVDD,deep_svdd,aggregate,1,1.0,2019-01-01 07:32:00,2019-01-01 08:10:00,0.63,0.0,,0.0,0.0,0.0,0.0,False,39,10,3,False,False,terminal,pca1,load_pipeline (invariant)
XJTU-SY,Bearing2_1,42,LSTM-Autoencoder,lstm_ae,aggregate,1,1.0,2019-01-01 07:32:00,2019-01-01 08:10:00,0.63,3.25,,100.0,5.131578947368421,0.0,100.0,False,39,10,3,False,False,terminal,pca1,load_pipeline (invariant)
XJTU-SY,Bearing2_1,42,TCN-Autoencoder,tcn,aggregate,1,1.0,2019-01-01 07:32:00,2019-01-01 08:10:00,0.63,3.25,,100.0,5.131578947368421,0.0,100.0,False,39,10,3,False,False,terminal,pca1,load_pipeline (invariant)
XJTU-SY,Bearing2_1,42,Transformer-AD,transformer_ad,aggregate,1,1.0,2019-01-01 07:32:00,2019-01-01 08:10:00,0.63,3.25,,100.0,5.131578947368421,0.0,100.0,False,39,10,3,False,False,terminal,pca1,load_pipeline (invariant)
XJTU-SY,Bearing2_1,42,RMS-Trend (kσ),rms_trend,aggregate,2,2.0,2019-01-01 07:32:00,2019-01-01 08:10:00,0.63,0.0,,0.0,0.0,0.0,0.0,False,49,5,4,False,False,terminal,pca1,load_pipeline (invariant)
XJTU-SY,Bearing2_1,42,3σ Rule (σ=3.0),three_sigma,aggregate,2,2.0,2019-01-01 07:32:00,2019-01-01 08:10:00,0.63,0.7,,2.5,1.1052631578947367,0.7,0.0,True,49,5,4,False,False,terminal,pca1,load_pipeline (invariant)
XJTU-SY,Bearing2_1,42,"EWMA (λ=0.2, k=3.0)",ewma,aggregate,2,2.0,2019-01-01 07:32:00,2019-01-01 08:10:00,0.63,0.7,,2.5,1.1052631578947367,0.7,0.0,True,49,5,4,False,False,terminal,pca1,load_pipeline (invariant)
XJTU-SY,Bearing2_1,42,"CUSUM (k=0.5, h=5.0)",cusum,aggregate,2,2.0,2019-01-01 07:32:00,2019-01-01 08:10:00,0.63,0.7,,2.5,1.1052631578947367,0.7,0.0,True,49,5,4,False,False,terminal,pca1,load_pipeline (invariant)
XJTU-SY,Bearing2_1,42,Hotelling T²,hotelling_t2,aggregate,2,2.0,2019-01-01 07:32:00,2019-01-01 08:10:00,0.63,1.5,,17.5,2.368421052631579,1.5,0.0,False,49,5,4,False,False,terminal,pca1,load_pipeline (invariant)
XJTU-SY,Bearing2_1,42,Isolation Forest,isolation_forest,aggregate,2,2.0,2019-01-01 07:32:00,2019-01-01 08:10:00,0.63,0.7,,2.5,1.1052631578947367,0.7,0.0,True,49,5,4,False,False,terminal,pca1,load_pipeline (invariant)
XJTU-SY,Bearing2_1,42,Deep SVDD,deep_svdd,aggregate,2,2.0,2019-01-01 07:32:00,2019-01-01 08:10:00,0.63,0.0,,0.0,0.0,0.0,0.0,False,49,5,4,False,False,terminal,pca1,load_pipeline (invariant)
XJTU-SY,Bearing2_1,42,LSTM-Autoencoder,lstm_ae,aggregate,2,2.0,2019-01-01 07:32:00,2019-01-01 08:10:00,0.63,1.3,,25.0,2.0526315789473686,1.3,0.0,False,49,5,4,False,False,terminal,pca1,load_pipeline (invariant)
XJTU-SY,Bearing2_1,42,TCN-Autoencoder,tcn,aggregate,2,2.0,2019-01-01 07:32:00,2019-01-01 08:10:00,0.63,3.3,,100.0,5.2105263157894735,0.0,100.0,False,49,5,4,False,False,terminal,pca1,load_pipeline (invariant)
XJTU-SY,Bearing2_1,42,Transformer-AD,transformer_ad,aggregate,2,2.0,2019-01-01 07:32:00,2019-01-01 08:10:00,0.63,3.3,,100.0,5.2105263157894735,0.0,100.0,False,49,5,4,False,False,terminal,pca1,load_pipeline (invariant)
XJTU-SY,Bearing2_1,42,RMS-Trend (kσ),rms_trend,aggregate,5,5.0,2019-01-01 07:32:00,2019-01-01 08:10:00,0.63,0.0,,0.0,0.0,0.0,0.0,False,39,3,2,True,False,terminal,pca1,load_pipeline (invariant)
XJTU-SY,Bearing2_1,42,3σ Rule (σ=3.0),three_sigma,aggregate,5,5.0,2019-01-01 07:32:00,2019-01-01 08:10:00,0.63,0.75,,6.25,1.1842105263157896,0.75,0.0,True,39,3,2,True,False,terminal,pca1,load_pipeline (invariant)
XJTU-SY,Bearing2_1,42,"EWMA (λ=0.2, k=3.0)",ewma,aggregate,5,5.0,2019-01-01 07:32:00,2019-01-01 08:10:00,0.63,0.75,,6.25,1.1842105263157896,0.75,0.0,True,39,3,2,True,False,terminal,pca1,load_pipeline (invariant)
XJTU-SY,Bearing2_1,42,"CUSUM (k=0.5, h=5.0)",cusum,aggregate,5,5.0,2019-01-01 07:32:00,2019-01-01 08:10:00,0.63,0.75,,6.25,1.1842105263157896,0.75,0.0,True,39,3,2,True,False,terminal,pca1,load_pipeline (invariant)
XJTU-SY,Bearing2_1,42,Hotelling T²,hotelling_t2,aggregate,5,5.0,2019-01-01 07:32:00,2019-01-01 08:10:00,0.63,2.0833333333333335,,46.875,3.2894736842105265,2.0833333333333335,0.0,False,39,3,2,True,False,terminal,pca1,load_pipeline (invariant)
XJTU-SY,Bearing2_1,42,Isolation Forest,isolation_forest,aggregate,5,5.0,2019-01-01 07:32:00,2019-01-01 08:10:00,0.63,0.75,,6.25,1.1842105263157896,0.75,0.0,True,39,3,2,True,False,terminal,pca1,load_pipeline (invariant)
XJTU-SY,Bearing2_1,42,Deep SVDD,deep_svdd,aggregate,5,5.0,2019-01-01 07:32:00,2019-01-01 08:10:00,0.63,0.0,,0.0,0.0,0.0,0.0,False,39,3,2,True,False,terminal,pca1,load_pipeline (invariant)
XJTU-SY,Bearing2_1,42,LSTM-Autoencoder,lstm_ae,aggregate,5,5.0,2019-01-01 07:32:00,2019-01-01 08:10:00,0.63,3.25,,100.0,5.131578947368421,0.0,100.0,False,39,3,2,True,False,terminal,pca1,load_pipeline (invariant)
XJTU-SY,Bearing2_1,42,TCN-Autoencoder,tcn,aggregate,5,5.0,2019-01-01 07:32:00,2019-01-01 08:10:00,0.63,3.25,,100.0,5.131578947368421,0.0,100.0,False,39,3,2,True,False,terminal,pca1,load_pipeline (invariant)
XJTU-SY,Bearing2_1,42,Transformer-AD,transformer_ad,aggregate,5,5.0,2019-01-01 07:32:00,2019-01-01 08:10:00,0.63,3.25,,100.0,5.131578947368421,0.0,100.0,False,39,3,2,True,False,terminal,pca1,load_pipeline (invariant)
XJTU-SY,Bearing2_1,42,RMS-Trend (kσ),rms_trend,aggregate,10,10.0,2019-01-01 07:32:00,2019-01-01 08:10:00,0.63,0.16666666666666666,0.4666666666666667,0.0,0.2631578947368421,0.16666666666666666,0.0,True,20,3,1,True,False,terminal,pca1,load_pipeline (invariant)
XJTU-SY,Bearing2_1,42,3σ Rule (σ=3.0),three_sigma,aggregate,10,10.0,2019-01-01 07:32:00,2019-01-01 08:10:00,0.63,0.8333333333333334,,11.76470588235294,1.3157894736842106,0.8333333333333334,0.0,False,20,3,1,True,False,terminal,pca1,load_pipeline (invariant)
XJTU-SY,Bearing2_1,42,"EWMA (λ=0.2, k=3.0)",ewma,aggregate,10,10.0,2019-01-01 07:32:00,2019-01-01 08:10:00,0.63,0.8333333333333334,,11.76470588235294,1.3157894736842106,0.8333333333333334,0.0,False,20,3,1,True,False,terminal,pca1,load_pipeline (invariant)
XJTU-SY,Bearing2_1,42,"CUSUM (k=0.5, h=5.0)",cusum,aggregate,10,10.0,2019-01-01 07:32:00,2019-01-01 08:10:00,0.63,0.8333333333333334,,11.76470588235294,1.3157894736842106,0.8333333333333334,0.0,False,20,3,1,True,False,terminal,pca1,load_pipeline (invariant)
XJTU-SY,Bearing2_1,42,Hotelling T²,hotelling_t2,aggregate,10,10.0,2019-01-01 07:32:00,2019-01-01 08:10:00,0.63,3.0,,88.23529411764706,4.736842105263158,3.0,0.0,False,20,3,1,True,False,terminal,pca1,load_pipeline (invariant)
XJTU-SY,Bearing2_1,42,Isolation Forest,isolation_forest,aggregate,10,10.0,2019-01-01 07:32:00,2019-01-01 08:10:00,0.63,0.8333333333333334,,11.76470588235294,1.3157894736842106,0.8333333333333334,0.0,False,20,3,1,True,False,terminal,pca1,load_pipeline (invariant)
XJTU-SY,Bearing2_1,42,Deep SVDD,deep_svdd,aggregate,10,10.0,2019-01-01 07:32:00,2019-01-01 08:10:00,0.63,0.16666666666666666,0.4666666666666667,0.0,0.2631578947368421,0.16666666666666666,0.0,True,20,3,1,True,False,terminal,pca1,load_pipeline (invariant)
XJTU-SY,Bearing2_1,42,LSTM-Autoencoder,lstm_ae,aggregate,10,10.0,2019-01-01 07:32:00,2019-01-01 08:10:00,0.63,,,,,,,False,20,3,1,True,False,terminal,pca1,load_pipeline (invariant)
XJTU-SY,Bearing2_1,42,TCN-Autoencoder,tcn,aggregate,10,10.0,2019-01-01 07:32:00,2019-01-01 08:10:00,0.63,,,,,,,False,20,3,1,True,False,terminal,pca1,load_pipeline (invariant)
XJTU-SY,Bearing2_1,42,Transformer-AD,transformer_ad,aggregate,10,10.0,2019-01-01 07:32:00,2019-01-01 08:10:00,0.63,,,,,,,False,20,3,1,True,False,terminal,pca1,load_pipeline (invariant)
XJTU-SY,Bearing2_1,42,RMS-Trend (kσ),rms_trend,aggregate,20,20.0,2019-01-01 07:32:00,2019-01-01 08:10:00,0.63,0.5,0.13333333333333333,0.0,0.7894736842105263,0.5,0.0,True,10,3,1,True,False,terminal,pca1,load_pipeline (invariant)
XJTU-SY,Bearing2_1,42,3σ Rule (σ=3.0),three_sigma,aggregate,20,20.0,2019-01-01 07:32:00,2019-01-01 08:10:00,0.63,1.1666666666666667,,22.22222222222222,1.842105263157895,1.1666666666666667,0.0,False,10,3,1,True,False,terminal,pca1,load_pipeline (invariant)
XJTU-SY,Bearing2_1,42,"EWMA (λ=0.2, k=3.0)",ewma,aggregate,20,20.0,2019-01-01 07:32:00,2019-01-01 08:10:00,0.63,1.8333333333333333,,44.44444444444444,2.8947368421052633,1.8333333333333333,0.0,False,10,3,1,True,False,terminal,pca1,load_pipeline (invariant)
XJTU-SY,Bearing2_1,42,"CUSUM (k=0.5, h=5.0)",cusum,aggregate,20,20.0,2019-01-01 07:32:00,2019-01-01 08:10:00,0.63,1.5,,33.33333333333333,2.368421052631579,1.5,0.0,False,10,3,1,True,False,terminal,pca1,load_pipeline (invariant)
XJTU-SY,Bearing2_1,42,Hotelling T²,hotelling_t2,aggregate,20,20.0,2019-01-01 07:32:00,2019-01-01 08:10:00,0.63,3.5,,100.0,5.526315789473684,0.0,100.0,False,10,3,1,True,False,terminal,pca1,load_pipeline (invariant)
XJTU-SY,Bearing2_1,42,Isolation Forest,isolation_forest,aggregate,20,20.0,2019-01-01 07:32:00,2019-01-01 08:10:00,0.63,0.0,,0.0,0.0,0.0,0.0,False,10,3,1,True,False,terminal,pca1,load_pipeline (invariant)
XJTU-SY,Bearing2_1,42,Deep SVDD,deep_svdd,aggregate,20,20.0,2019-01-01 07:32:00,2019-01-01 08:10:00,0.63,0.5,0.13333333333333333,0.0,0.7894736842105263,0.5,0.0,True,10,3,1,True,False,terminal,pca1,load_pipeline (invariant)
XJTU-SY,Bearing2_1,42,LSTM-Autoencoder,lstm_ae,aggregate,20,20.0,2019-01-01 07:32:00,2019-01-01 08:10:00,0.63,,,,,,,False,10,3,1,True,False,terminal,pca1,load_pipeline (invariant)
XJTU-SY,Bearing2_1,42,TCN-Autoencoder,tcn,aggregate,20,20.0,2019-01-01 07:32:00,2019-01-01 08:10:00,0.63,,,,,,,False,10,3,1,True,False,terminal,pca1,load_pipeline (invariant)
XJTU-SY,Bearing2_1,42,Transformer-AD,transformer_ad,aggregate,20,20.0,2019-01-01 07:32:00,2019-01-01 08:10:00,0.63,,,,,,,False,10,3,1,True,False,terminal,pca1,load_pipeline (invariant)
XJTU-SY,Bearing2_1,42,RMS-Trend (kσ),rms_trend,decimate,1,1.0,2019-01-01 07:32:00,2019-01-01 08:10:00,0.63,0.0,,0.0,0.0,0.0,0.0,False,39,10,3,False,False,terminal,pca1,load_pipeline (invariant)
XJTU-SY,Bearing2_1,42,3σ Rule (σ=3.0),three_sigma,decimate,1,1.0,2019-01-01 07:32:00,2019-01-01 08:10:00,0.63,0.6666666666666666,,3.125,1.0526315789473684,0.6666666666666666,0.0,True,39,10,3,False,False,terminal,pca1,load_pipeline (invariant)
XJTU-SY,Bearing2_1,42,"EWMA (λ=0.2, k=3.0)",ewma,decimate,1,1.0,2019-01-01 07:32:00,2019-01-01 08:10:00,0.63,0.6666666666666666,,3.125,1.0526315789473684,0.6666666666666666,0.0,True,39,10,3,False,False,terminal,pca1,load_pipeline (invariant)
XJTU-SY,Bearing2_1,42,"CUSUM (k=0.5, h=5.0)",cusum,decimate,1,1.0,2019-01-01 07:32:00,2019-01-01 08:10:00,0.63,0.6666666666666666,,3.125,1.0526315789473684,0.6666666666666666,0.0,True,39,10,3,False,False,terminal,pca1,load_pipeline (invariant)
XJTU-SY,Bearing2_1,42,Hotelling T²,hotelling_t2,decimate,1,1.0,2019-01-01 07:32:00,2019-01-01 08:10:00,0.63,1.4166666666666667,,18.75,2.236842105263158,1.4166666666666667,0.0,False,39,10,3,False,False,terminal,pca1,load_pipeline (invariant)
XJTU-SY,Bearing2_1,42,Isolation Forest,isolation_forest,decimate,1,1.0,2019-01-01 07:32:00,2019-01-01 08:10:00,0.63,0.6666666666666666,,3.125,1.0526315789473684,0.6666666666666666,0.0,True,39,10,3,False,False,terminal,pca1,load_pipeline (invariant)
XJTU-SY,Bearing2_1,42,Deep SVDD,deep_svdd,decimate,1,1.0,2019-01-01 07:32:00,2019-01-01 08:10:00,0.63,0.0,,0.0,0.0,0.0,0.0,False,39,10,3,False,False,terminal,pca1,load_pipeline (invariant)
XJTU-SY,Bearing2_1,42,LSTM-Autoencoder,lstm_ae,decimate,1,1.0,2019-01-01 07:32:00,2019-01-01 08:10:00,0.63,3.25,,100.0,5.131578947368421,0.0,100.0,False,39,10,3,False,False,terminal,pca1,load_pipeline (invariant)
XJTU-SY,Bearing2_1,42,TCN-Autoencoder,tcn,decimate,1,1.0,2019-01-01 07:32:00,2019-01-01 08:10:00,0.63,3.25,,100.0,5.131578947368421,0.0,100.0,False,39,10,3,False,False,terminal,pca1,load_pipeline (invariant)
XJTU-SY,Bearing2_1,42,Transformer-AD,transformer_ad,decimate,1,1.0,2019-01-01 07:32:00,2019-01-01 08:10:00,0.63,3.25,,100.0,5.131578947368421,0.0,100.0,False,39,10,3,False,False,terminal,pca1,load_pipeline (invariant)
XJTU-SY,Bearing2_1,42,RMS-Trend (kσ),rms_trend,decimate,2,2.0,2019-01-01 07:32:00,2019-01-01 08:10:00,0.63,0.0,,0.0,0.0,0.0,0.0,False,49,5,4,False,False,terminal,pca1,load_pipeline (invariant)
XJTU-SY,Bearing2_1,42,3σ Rule (σ=3.0),three_sigma,decimate,2,2.0,2019-01-01 07:32:00,2019-01-01 08:10:00,0.63,0.7,,2.5,1.1052631578947367,0.7,0.0,True,49,5,4,False,False,terminal,pca1,load_pipeline (invariant)
XJTU-SY,Bearing2_1,42,"EWMA (λ=0.2, k=3.0)",ewma,decimate,2,2.0,2019-01-01 07:32:00,2019-01-01 08:10:00,0.63,0.7,,2.5,1.1052631578947367,0.7,0.0,True,49,5,4,False,False,terminal,pca1,load_pipeline (invariant)
XJTU-SY,Bearing2_1,42,"CUSUM (k=0.5, h=5.0)",cusum,decimate,2,2.0,2019-01-01 07:32:00,2019-01-01 08:10:00,0.63,0.7,,2.5,1.1052631578947367,0.7,0.0,True,49,5,4,False,False,terminal,pca1,load_pipeline (invariant)
XJTU-SY,Bearing2_1,42,Hotelling T²,hotelling_t2,decimate,2,2.0,2019-01-01 07:32:00,2019-01-01 08:10:00,0.63,0.7,,2.5,1.1052631578947367,0.7,0.0,True,49,5,4,False,False,terminal,pca1,load_pipeline (invariant)
XJTU-SY,Bearing2_1,42,Isolation Forest,isolation_forest,decimate,2,2.0,2019-01-01 07:32:00,2019-01-01 08:10:00,0.63,0.7,,2.5,1.1052631578947367,0.7,0.0,True,49,5,4,False,False,terminal,pca1,load_pipeline (invariant)
XJTU-SY,Bearing2_1,42,Deep SVDD,deep_svdd,decimate,2,2.0,2019-01-01 07:32:00,2019-01-01 08:10:00,0.63,0.0,,0.0,0.0,0.0,0.0,False,49,5,4,False,False,terminal,pca1,load_pipeline (invariant)
XJTU-SY,Bearing2_1,42,LSTM-Autoencoder,lstm_ae,decimate,2,2.0,2019-01-01 07:32:00,2019-01-01 08:10:00,0.63,3.3,,100.0,5.2105263157894735,0.0,100.0,False,49,5,4,False,False,terminal,pca1,load_pipeline (invariant)
XJTU-SY,Bearing2_1,42,TCN-Autoencoder,tcn,decimate,2,2.0,2019-01-01 07:32:00,2019-01-01 08:10:00,0.63,3.3,,100.0,5.2105263157894735,0.0,100.0,False,49,5,4,False,False,terminal,pca1,load_pipeline (invariant)
XJTU-SY,Bearing2_1,42,Transformer-AD,transformer_ad,decimate,2,2.0,2019-01-01 07:32:00,2019-01-01 08:10:00,0.63,3.3,,100.0,5.2105263157894735,0.0,100.0,False,49,5,4,False,False,terminal,pca1,load_pipeline (invariant)
XJTU-SY,Bearing2_1,42,RMS-Trend (kσ),rms_trend,decimate,5,5.0,2019-01-01 07:32:00,2019-01-01 08:10:00,0.63,0.0,,0.0,0.0,0.0,0.0,False,39,3,2,True,False,terminal,pca1,load_pipeline (invariant)
XJTU-SY,Bearing2_1,42,3σ Rule (σ=3.0),three_sigma,decimate,5,5.0,2019-01-01 07:32:00,2019-01-01 08:10:00,0.63,0.6666666666666666,,3.125,1.0526315789473684,0.6666666666666666,0.0,True,39,3,2,True,False,terminal,pca1,load_pipeline (invariant)
XJTU-SY,Bearing2_1,42,"EWMA (λ=0.2, k=3.0)",ewma,decimate,5,5.0,2019-01-01 07:32:00,2019-01-01 08:10:00,0.63,0.6666666666666666,,3.125,1.0526315789473684,0.6666666666666666,0.0,True,39,3,2,True,False,terminal,pca1,load_pipeline (invariant)
XJTU-SY,Bearing2_1,42,"CUSUM (k=0.5, h=5.0)",cusum,decimate,5,5.0,2019-01-01 07:32:00,2019-01-01 08:10:00,0.63,0.6666666666666666,,3.125,1.0526315789473684,0.6666666666666666,0.0,True,39,3,2,True,False,terminal,pca1,load_pipeline (invariant)
XJTU-SY,Bearing2_1,42,Hotelling T²,hotelling_t2,decimate,5,5.0,2019-01-01 07:32:00,2019-01-01 08:10:00,0.63,0.6666666666666666,,3.125,1.0526315789473684,0.6666666666666666,0.0,True,39,3,2,True,False,terminal,pca1,load_pipeline (invariant)
XJTU-SY,Bearing2_1,42,Isolation Forest,isolation_forest,decimate,5,5.0,2019-01-01 07:32:00,2019-01-01 08:10:00,0.63,0.6666666666666666,,3.125,1.0526315789473684,0.6666666666666666,0.0,True,39,3,2,True,False,terminal,pca1,load_pipeline (invariant)
XJTU-SY,Bearing2_1,42,Deep SVDD,deep_svdd,decimate,5,5.0,2019-01-01 07:32:00,2019-01-01 08:10:00,0.63,0.0,,0.0,0.0,0.0,0.0,False,39,3,2,True,False,terminal,pca1,load_pipeline (invariant)
XJTU-SY,Bearing2_1,42,LSTM-Autoencoder,lstm_ae,decimate,5,5.0,2019-01-01 07:32:00,2019-01-01 08:10:00,0.63,0.75,,6.25,1.1842105263157896,0.75,0.0,True,39,3,2,True,False,terminal,pca1,load_pipeline (invariant)
XJTU-SY,Bearing2_1,42,TCN-Autoencoder,tcn,decimate,5,5.0,2019-01-01 07:32:00,2019-01-01 08:10:00,0.63,3.25,,100.0,5.131578947368421,0.0,100.0,False,39,3,2,True,False,terminal,pca1,load_pipeline (invariant)
XJTU-SY,Bearing2_1,42,Transformer-AD,transformer_ad,decimate,5,5.0,2019-01-01 07:32:00,2019-01-01 08:10:00,0.63,3.25,,100.0,5.131578947368421,0.0,100.0,False,39,3,2,True,False,terminal,pca1,load_pipeline (invariant)
XJTU-SY,Bearing2_1,42,RMS-Trend (kσ),rms_trend,decimate,10,10.0,2019-01-01 07:32:00,2019-01-01 08:10:00,0.63,0.16666666666666666,0.4666666666666667,0.0,0.2631578947368421,0.16666666666666666,0.0,True,20,3,1,True,False,terminal,pca1,load_pipeline (invariant)
XJTU-SY,Bearing2_1,42,3σ Rule (σ=3.0),three_sigma,decimate,10,10.0,2019-01-01 07:32:00,2019-01-01 08:10:00,0.63,0.6666666666666666,,5.88235294117647,1.0526315789473684,0.6666666666666666,0.0,True,20,3,1,True,False,terminal,pca1,load_pipeline (invariant)
XJTU-SY,Bearing2_1,42,"EWMA (λ=0.2, k=3.0)",ewma,decimate,10,10.0,2019-01-01 07:32:00,2019-01-01 08:10:00,0.63,0.6666666666666666,,5.88235294117647,1.0526315789473684,0.6666666666666666,0.0,True,20,3,1,True,False,terminal,pca1,load_pipeline (invariant)
XJTU-SY,Bearing2_1,42,"CUSUM (k=0.5, h=5.0)",cusum,decimate,10,10.0,2019-01-01 07:32:00,2019-01-01 08:10:00,0.63,0.6666666666666666,,5.88235294117647,1.0526315789473684,0.6666666666666666,0.0,True,20,3,1,True,False,terminal,pca1,load_pipeline (invariant)
XJTU-SY,Bearing2_1,42,Hotelling T²,hotelling_t2,decimate,10,10.0,2019-01-01 07:32:00,2019-01-01 08:10:00,0.63,1.0,,11.76470588235294,1.5789473684210527,1.0,0.0,False,20,3,1,True,False,terminal,pca1,load_pipeline (invariant)
XJTU-SY,Bearing2_1,42,Isolation Forest,isolation_forest,decimate,10,10.0,2019-01-01 07:32:00,2019-01-01 08:10:00,0.63,0.6666666666666666,,5.88235294117647,1.0526315789473684,0.6666666666666666,0.0,True,20,3,1,True,False,terminal,pca1,load_pipeline (invariant)
XJTU-SY,Bearing2_1,42,Deep SVDD,deep_svdd,decimate,10,10.0,2019-01-01 07:32:00,2019-01-01 08:10:00,0.63,0.16666666666666666,0.4666666666666667,0.0,0.2631578947368421,0.16666666666666666,0.0,True,20,3,1,True,False,terminal,pca1,load_pipeline (invariant)
XJTU-SY,Bearing2_1,42,LSTM-Autoencoder,lstm_ae,decimate,10,10.0,2019-01-01 07:32:00,2019-01-01 08:10:00,0.63,,,,,,,False,20,3,1,True,False,terminal,pca1,load_pipeline (invariant)
XJTU-SY,Bearing2_1,42,TCN-Autoencoder,tcn,decimate,10,10.0,2019-01-01 07:32:00,2019-01-01 08:10:00,0.63,,,,,,,False,20,3,1,True,False,terminal,pca1,load_pipeline (invariant)
XJTU-SY,Bearing2_1,42,Transformer-AD,transformer_ad,decimate,10,10.0,2019-01-01 07:32:00,2019-01-01 08:10:00,0.63,,,,,,,False,20,3,1,True,False,terminal,pca1,load_pipeline (invariant)
XJTU-SY,Bearing2_1,42,RMS-Trend (kσ),rms_trend,decimate,20,20.0,2019-01-01 07:32:00,2019-01-01 08:10:00,0.63,0.5,0.13333333333333333,0.0,0.7894736842105263,0.5,0.0,True,10,3,1,True,False,terminal,pca1,load_pipeline (invariant)
XJTU-SY,Bearing2_1,42,3σ Rule (σ=3.0),three_sigma,decimate,20,20.0,2019-01-01 07:32:00,2019-01-01 08:10:00,0.63,0.8333333333333334,,11.11111111111111,1.3157894736842106,0.8333333333333334,0.0,False,10,3,1,True,False,terminal,pca1,load_pipeline (invariant)
XJTU-SY,Bearing2_1,42,"EWMA (λ=0.2, k=3.0)",ewma,decimate,20,20.0,2019-01-01 07:32:00,2019-01-01 08:10:00,0.63,2.1666666666666665,,55.55555555555556,3.4210526315789473,2.1666666666666665,0.0,False,10,3,1,True,False,terminal,pca1,load_pipeline (invariant)
XJTU-SY,Bearing2_1,42,"CUSUM (k=0.5, h=5.0)",cusum,decimate,20,20.0,2019-01-01 07:32:00,2019-01-01 08:10:00,0.63,1.5,,33.33333333333333,2.368421052631579,1.5,0.0,False,10,3,1,True,False,terminal,pca1,load_pipeline (invariant)
XJTU-SY,Bearing2_1,42,Hotelling T²,hotelling_t2,decimate,20,20.0,2019-01-01 07:32:00,2019-01-01 08:10:00,0.63,3.5,,100.0,5.526315789473684,0.0,100.0,False,10,3,1,True,False,terminal,pca1,load_pipeline (invariant)
XJTU-SY,Bearing2_1,42,Isolation Forest,isolation_forest,decimate,20,20.0,2019-01-01 07:32:00,2019-01-01 08:10:00,0.63,0.8333333333333334,,11.11111111111111,1.3157894736842106,0.8333333333333334,0.0,False,10,3,1,True,False,terminal,pca1,load_pipeline (invariant)
XJTU-SY,Bearing2_1,42,Deep SVDD,deep_svdd,decimate,20,20.0,2019-01-01 07:32:00,2019-01-01 08:10:00,0.63,0.5,0.13333333333333333,0.0,0.7894736842105263,0.5,0.0,True,10,3,1,True,False,terminal,pca1,load_pipeline (invariant)
XJTU-SY,Bearing2_1,42,LSTM-Autoencoder,lstm_ae,decimate,20,20.0,2019-01-01 07:32:00,2019-01-01 08:10:00,0.63,,,,,,,False,10,3,1,True,False,terminal,pca1,load_pipeline (invariant)
XJTU-SY,Bearing2_1,42,TCN-Autoencoder,tcn,decimate,20,20.0,2019-01-01 07:32:00,2019-01-01 08:10:00,0.63,,,,,,,False,10,3,1,True,False,terminal,pca1,load_pipeline (invariant)
XJTU-SY,Bearing2_1,42,Transformer-AD,transformer_ad,decimate,20,20.0,2019-01-01 07:32:00,2019-01-01 08:10:00,0.63,,,,,,,False,10,3,1,True,False,terminal,pca1,load_pipeline (invariant)
XJTU-SY,Bearing2_2,42,RMS-Trend (kσ),rms_trend,aggregate,1,1.0,,2019-01-01 02:40:00,,0.0,,0.0,,0.0,0.0,False,13,10,3,False,False,terminal,pca1,load_pipeline (invariant)
XJTU-SY,Bearing2_2,42,3σ Rule (σ=3.0),three_sigma,aggregate,1,1.0,,2019-01-01 02:40:00,,0.0,,0.0,,0.0,0.0,False,13,10,3,False,False,terminal,pca1,load_pipeline (invariant)
XJTU-SY,Bearing2_2,42,"EWMA (λ=0.2, k=3.0)",ewma,aggregate,1,1.0,,2019-01-01 02:40:00,,0.9166666666666666,,0.0,,0.9166666666666666,0.0,True,13,10,3,False,False,terminal,pca1,load_pipeline (invariant)
XJTU-SY,Bearing2_2,42,"CUSUM (k=0.5, h=5.0)",cusum,aggregate,1,1.0,,2019-01-01 02:40:00,,0.8333333333333334,,0.0,,0.8333333333333334,0.0,True,13,10,3,False,False,terminal,pca1,load_pipeline (invariant)
XJTU-SY,Bearing2_2,42,Hotelling T²,hotelling_t2,aggregate,1,1.0,,2019-01-01 02:40:00,,1.0833333333333333,,100.0,,0.0,100.0,False,13,10,3,False,False,terminal,pca1,load_pipeline (invariant)
XJTU-SY,Bearing2_2,42,Isolation Forest,isolation_forest,aggregate,1,1.0,,2019-01-01 02:40:00,,0.0,,0.0,,0.0,0.0,False,13,10,3,False,False,terminal,pca1,load_pipeline (invariant)
XJTU-SY,Bearing2_2,42,Deep SVDD,deep_svdd,aggregate,1,1.0,,2019-01-01 02:40:00,,0.0,,0.0,,0.0,0.0,False,13,10,3,False,False,terminal,pca1,load_pipeline (invariant)
XJTU-SY,Bearing2_2,42,LSTM-Autoencoder,lstm_ae,aggregate,1,1.0,,2019-01-01 02:40:00,,,,,,,,False,13,10,3,False,False,terminal,pca1,load_pipeline (invariant)
XJTU-SY,Bearing2_2,42,TCN-Autoencoder,tcn,aggregate,1,1.0,,2019-01-01 02:40:00,,,,,,,,False,13,10,3,False,False,terminal,pca1,load_pipeline (invariant)
XJTU-SY,Bearing2_2,42,Transformer-AD,transformer_ad,aggregate,1,1.0,,2019-01-01 02:40:00,,,,,,,,False,13,10,3,False,False,terminal,pca1,load_pipeline (invariant)
XJTU-SY,Bearing2_2,42,RMS-Trend (kσ),rms_trend,aggregate,2,2.0,,2019-01-01 02:40:00,,0.0,,0.0,,0.0,0.0,False,16,5,4,False,False,terminal,pca1,load_pipeline (invariant)
XJTU-SY,Bearing2_2,42,3σ Rule (σ=3.0),three_sigma,aggregate,2,2.0,,2019-01-01 02:40:00,,1.0666666666666667,,100.0,,0.0,100.0,False,16,5,4,False,False,terminal,pca1,load_pipeline (invariant)
XJTU-SY,Bearing2_2,42,"EWMA (λ=0.2, k=3.0)",ewma,aggregate,2,2.0,,2019-01-01 02:40:00,,1.0,,0.0,,1.0,0.0,True,16,5,4,False,False,terminal,pca1,load_pipeline (invariant)
XJTU-SY,Bearing2_2,42,"CUSUM (k=0.5, h=5.0)",cusum,aggregate,2,2.0,,2019-01-01 02:40:00,,0.9333333333333333,,0.0,,0.9333333333333333,0.0,True,16,5,4,False,False,terminal,pca1,load_pipeline (invariant)
XJTU-SY,Bearing2_2,42,Hotelling T²,hotelling_t2,aggregate,2,2.0,,2019-01-01 02:40:00,,1.0666666666666667,,100.0,,0.0,100.0,False,16,5,4,False,False,terminal,pca1,load_pipeline (invariant)
XJTU-SY,Bearing2_2,42,Isolation Forest,isolation_forest,aggregate,2,2.0,,2019-01-01 02:40:00,,0.0,,0.0,,0.0,0.0,False,16,5,4,False,False,terminal,pca1,load_pipeline (invariant)
XJTU-SY,Bearing2_2,42,Deep SVDD,deep_svdd,aggregate,2,2.0,,2019-01-01 02:40:00,,0.0,,0.0,,0.0,0.0,False,16,5,4,False,False,terminal,pca1,load_pipeline (invariant)
XJTU-SY,Bearing2_2,42,LSTM-Autoencoder,lstm_ae,aggregate,2,2.0,,2019-01-01 02:40:00,,,,,,,,False,16,5,4,False,False,terminal,pca1,load_pipeline (invariant)
XJTU-SY,Bearing2_2,42,TCN-Autoencoder,tcn,aggregate,2,2.0,,2019-01-01 02:40:00,,,,,,,,False,16,5,4,False,False,terminal,pca1,load_pipeline (invariant)
XJTU-SY,Bearing2_2,42,Transformer-AD,transformer_ad,aggregate,2,2.0,,2019-01-01 02:40:00,,,,,,,,False,16,5,4,False,False,terminal,pca1,load_pipeline (invariant)
XJTU-SY,Bearing2_2,42,RMS-Trend (kσ),rms_trend,aggregate,5,5.0,,2019-01-01 02:40:00,,0.0,,0.0,,0.0,0.0,False,13,3,2,True,False,terminal,pca1,load_pipeline (invariant)
XJTU-SY,Bearing2_2,42,3σ Rule (σ=3.0),three_sigma,aggregate,5,5.0,,2019-01-01 02:40:00,,1.0,,0.0,,1.0,0.0,True,13,3,2,True,False,terminal,pca1,load_pipeline (invariant)
XJTU-SY,Bearing2_2,42,"EWMA (λ=0.2, k=3.0)",ewma,aggregate,5,5.0,,2019-01-01 02:40:00,,1.0,,0.0,,1.0,0.0,True,13,3,2,True,False,terminal,pca1,load_pipeline (invariant)
XJTU-SY,Bearing2_2,42,"CUSUM (k=0.5, h=5.0)",cusum,aggregate,5,5.0,,2019-01-01 02:40:00,,1.0,,0.0,,1.0,0.0,True,13,3,2,True,False,terminal,pca1,load_pipeline (invariant)
XJTU-SY,Bearing2_2,42,Hotelling T²,hotelling_t2,aggregate,5,5.0,,2019-01-01 02:40:00,,1.0833333333333333,,100.0,,0.0,100.0,False,13,3,2,True,False,terminal,pca1,load_pipeline (invariant)
XJTU-SY,Bearing2_2,42,Isolation Forest,isolation_forest,aggregate,5,5.0,,2019-01-01 02:40:00,,0.25,,0.0,,0.25,0.0,True,13,3,2,True,False,terminal,pca1,load_pipeline (invariant)
XJTU-SY,Bearing2_2,42,Deep SVDD,deep_svdd,aggregate,5,5.0,,2019-01-01 02:40:00,,0.0,,0.0,,0.0,0.0,False,13,3,2,True,False,terminal,pca1,load_pipeline (invariant)
XJTU-SY,Bearing2_2,42,LSTM-Autoencoder,lstm_ae,aggregate,5,5.0,,2019-01-01 02:40:00,,,,,,,,False,13,3,2,True,False,terminal,pca1,load_pipeline (invariant)
XJTU-SY,Bearing2_2,42,TCN-Autoencoder,tcn,aggregate,5,5.0,,2019-01-01 02:40:00,,,,,,,,False,13,3,2,True,False,terminal,pca1,load_pipeline (invariant)
XJTU-SY,Bearing2_2,42,Transformer-AD,transformer_ad,aggregate,5,5.0,,2019-01-01 02:40:00,,,,,,,,False,13,3,2,True,False,terminal,pca1,load_pipeline (invariant)
XJTU-SY,Bearing2_2,42,RMS-Trend (kσ),rms_trend,aggregate,10,10.0,,2019-01-01 02:40:00,,0.16666666666666666,,0.0,,0.16666666666666666,0.0,True,6,3,1,True,False,terminal,pca1,load_pipeline (invariant)
XJTU-SY,Bearing2_2,42,3σ Rule (σ=3.0),three_sigma,aggregate,10,10.0,,2019-01-01 02:40:00,,1.0,,100.0,,0.0,100.0,False,6,3,1,True,False,terminal,pca1,load_pipeline (invariant)
XJTU-SY,Bearing2_2,42,"EWMA (λ=0.2, k=3.0)",ewma,aggregate,10,10.0,,2019-01-01 02:40:00,,1.0,,100.0,,0.0,100.0,False,6,3,1,True,False,terminal,pca1,load_pipeline (invariant)
XJTU-SY,Bearing2_2,42,"CUSUM (k=0.5, h=5.0)",cusum,aggregate,10,10.0,,2019-01-01 02:40:00,,0.8333333333333334,,0.0,,0.8333333333333334,0.0,True,6,3,1,True,False,terminal,pca1,load_pipeline (invariant)
XJTU-SY,Bearing2_2,42,Hotelling T²,hotelling_t2,aggregate,10,10.0,,2019-01-01 02:40:00,,1.0,,100.0,,0.0,100.0,False,6,3,1,True,False,terminal,pca1,load_pipeline (invariant)
XJTU-SY,Bearing2_2,42,Isolation Forest,isolation_forest,aggregate,10,10.0,,2019-01-01 02:40:00,,0.0,,0.0,,0.0,0.0,False,6,3,1,True,False,terminal,pca1,load_pipeline (invariant)
XJTU-SY,Bearing2_2,42,Deep SVDD,deep_svdd,aggregate,10,10.0,,2019-01-01 02:40:00,,0.16666666666666666,,0.0,,0.16666666666666666,0.0,True,6,3,1,True,False,terminal,pca1,load_pipeline (invariant)
XJTU-SY,Bearing2_2,42,LSTM-Autoencoder,lstm_ae,aggregate,10,10.0,,2019-01-01 02:40:00,,,,,,,,False,6,3,1,True,False,terminal,pca1,load_pipeline (invariant)
XJTU-SY,Bearing2_2,42,TCN-Autoencoder,tcn,aggregate,10,10.0,,2019-01-01 02:40:00,,,,,,,,False,6,3,1,True,False,terminal,pca1,load_pipeline (invariant)
XJTU-SY,Bearing2_2,42,Transformer-AD,transformer_ad,aggregate,10,10.0,,2019-01-01 02:40:00,,,,,,,,False,6,3,1,True,False,terminal,pca1,load_pipeline (invariant)
XJTU-SY,Bearing2_2,42,RMS-Trend (kσ),rms_trend,aggregate,20,20.0,,2019-01-01 02:40:00,,0.3333333333333333,,0.0,,0.3333333333333333,0.0,True,3,3,1,True,False,terminal,pca1,load_pipeline (invariant)
XJTU-SY,Bearing2_2,42,3σ Rule (σ=3.0),three_sigma,aggregate,20,20.0,,2019-01-01 02:40:00,,1.0,,100.0,,0.0,100.0,False,3,3,1,True,False,terminal,pca1,load_pipeline (invariant)
XJTU-SY,Bearing2_2,42,"EWMA (λ=0.2, k=3.0)",ewma,aggregate,20,20.0,,2019-01-01 02:40:00,,1.0,,100.0,,0.0,100.0,False,3,3,1,True,False,terminal,pca1,load_pipeline (invariant)
XJTU-SY,Bearing2_2,42,"CUSUM (k=0.5, h=5.0)",cusum,aggregate,20,20.0,,2019-01-01 02:40:00,,1.0,,100.0,,0.0,100.0,False,3,3,1,True,False,terminal,pca1,load_pipeline (invariant)
XJTU-SY,Bearing2_2,42,Hotelling T²,hotelling_t2,aggregate,20,20.0,,2019-01-01 02:40:00,,1.0,,100.0,,0.0,100.0,False,3,3,1,True,False,terminal,pca1,load_pipeline (invariant)
XJTU-SY,Bearing2_2,42,Isolation Forest,isolation_forest,aggregate,20,20.0,,2019-01-01 02:40:00,,0.0,,0.0,,0.0,0.0,False,3,3,1,True,False,terminal,pca1,load_pipeline (invariant)
XJTU-SY,Bearing2_2,42,Deep SVDD,deep_svdd,aggregate,20,20.0,,2019-01-01 02:40:00,,1.0,,100.0,,0.0,100.0,False,3,3,1,True,False,terminal,pca1,load_pipeline (invariant)
XJTU-SY,Bearing2_2,42,LSTM-Autoencoder,lstm_ae,aggregate,20,20.0,,2019-01-01 02:40:00,,,,,,,,False,3,3,1,True,False,terminal,pca1,load_pipeline (invariant)
XJTU-SY,Bearing2_2,42,TCN-Autoencoder,tcn,aggregate,20,20.0,,2019-01-01 02:40:00,,,,,,,,False,3,3,1,True,False,terminal,pca1,load_pipeline (invariant)
XJTU-SY,Bearing2_2,42,Transformer-AD,transformer_ad,aggregate,20,20.0,,2019-01-01 02:40:00,,,,,,,,False,3,3,1,True,False,terminal,pca1,load_pipeline (invariant)
XJTU-SY,Bearing2_2,42,RMS-Trend (kσ),rms_trend,decimate,1,1.0,,2019-01-01 02:40:00,,0.0,,0.0,,0.0,0.0,False,13,10,3,False,False,terminal,pca1,load_pipeline (invariant)
XJTU-SY,Bearing2_2,42,3σ Rule (σ=3.0),three_sigma,decimate,1,1.0,,2019-01-01 02:40:00,,0.0,,0.0,,0.0,0.0,False,13,10,3,False,False,terminal,pca1,load_pipeline (invariant)
XJTU-SY,Bearing2_2,42,"EWMA (λ=0.2, k=3.0)",ewma,decimate,1,1.0,,2019-01-01 02:40:00,,0.9166666666666666,,0.0,,0.9166666666666666,0.0,True,13,10,3,False,False,terminal,pca1,load_pipeline (invariant)
XJTU-SY,Bearing2_2,42,"CUSUM (k=0.5, h=5.0)",cusum,decimate,1,1.0,,2019-01-01 02:40:00,,0.8333333333333334,,0.0,,0.8333333333333334,0.0,True,13,10,3,False,False,terminal,pca1,load_pipeline (invariant)
XJTU-SY,Bearing2_2,42,Hotelling T²,hotelling_t2,decimate,1,1.0,,2019-01-01 02:40:00,,1.0833333333333333,,100.0,,0.0,100.0,False,13,10,3,False,False,terminal,pca1,load_pipeline (invariant)
XJTU-SY,Bearing2_2,42,Isolation Forest,isolation_forest,decimate,1,1.0,,2019-01-01 02:40:00,,0.0,,0.0,,0.0,0.0,False,13,10,3,False,False,terminal,pca1,load_pipeline (invariant)
XJTU-SY,Bearing2_2,42,Deep SVDD,deep_svdd,decimate,1,1.0,,2019-01-01 02:40:00,,0.0,,0.0,,0.0,0.0,False,13,10,3,False,False,terminal,pca1,load_pipeline (invariant)
XJTU-SY,Bearing2_2,42,LSTM-Autoencoder,lstm_ae,decimate,1,1.0,,2019-01-01 02:40:00,,,,,,,,False,13,10,3,False,False,terminal,pca1,load_pipeline (invariant)
XJTU-SY,Bearing2_2,42,TCN-Autoencoder,tcn,decimate,1,1.0,,2019-01-01 02:40:00,,,,,,,,False,13,10,3,False,False,terminal,pca1,load_pipeline (invariant)
XJTU-SY,Bearing2_2,42,Transformer-AD,transformer_ad,decimate,1,1.0,,2019-01-01 02:40:00,,,,,,,,False,13,10,3,False,False,terminal,pca1,load_pipeline (invariant)
XJTU-SY,Bearing2_2,42,RMS-Trend (kσ),rms_trend,decimate,2,2.0,,2019-01-01 02:40:00,,0.0,,0.0,,0.0,0.0,False,16,5,4,False,False,terminal,pca1,load_pipeline (invariant)
XJTU-SY,Bearing2_2,42,3σ Rule (σ=3.0),three_sigma,decimate,2,2.0,,2019-01-01 02:40:00,,1.0,,0.0,,1.0,0.0,True,16,5,4,False,False,terminal,pca1,load_pipeline (invariant)
XJTU-SY,Bearing2_2,42,"EWMA (λ=0.2, k=3.0)",ewma,decimate,2,2.0,,2019-01-01 02:40:00,,0.9333333333333333,,0.0,,0.9333333333333333,0.0,True,16,5,4,False,False,terminal,pca1,load_pipeline (invariant)
XJTU-SY,Bearing2_2,42,"CUSUM (k=0.5, h=5.0)",cusum,decimate,2,2.0,,2019-01-01 02:40:00,,0.9333333333333333,,0.0,,0.9333333333333333,0.0,True,16,5,4,False,False,terminal,pca1,load_pipeline (invariant)
XJTU-SY,Bearing2_2,42,Hotelling T²,hotelling_t2,decimate,2,2.0,,2019-01-01 02:40:00,,1.0666666666666667,,100.0,,0.0,100.0,False,16,5,4,False,False,terminal,pca1,load_pipeline (invariant)
XJTU-SY,Bearing2_2,42,Isolation Forest,isolation_forest,decimate,2,2.0,,2019-01-01 02:40:00,,0.0,,0.0,,0.0,0.0,False,16,5,4,False,False,terminal,pca1,load_pipeline (invariant)
XJTU-SY,Bearing2_2,42,Deep SVDD,deep_svdd,decimate,2,2.0,,2019-01-01 02:40:00,,0.0,,0.0,,0.0,0.0,False,16,5,4,False,False,terminal,pca1,load_pipeline (invariant)
XJTU-SY,Bearing2_2,42,LSTM-Autoencoder,lstm_ae,decimate,2,2.0,,2019-01-01 02:40:00,,,,,,,,False,16,5,4,False,False,terminal,pca1,load_pipeline (invariant)
XJTU-SY,Bearing2_2,42,TCN-Autoencoder,tcn,decimate,2,2.0,,2019-01-01 02:40:00,,,,,,,,False,16,5,4,False,False,terminal,pca1,load_pipeline (invariant)
XJTU-SY,Bearing2_2,42,Transformer-AD,transformer_ad,decimate,2,2.0,,2019-01-01 02:40:00,,,,,,,,False,16,5,4,False,False,terminal,pca1,load_pipeline (invariant)
XJTU-SY,Bearing2_2,42,RMS-Trend (kσ),rms_trend,decimate,5,5.0,,2019-01-01 02:40:00,,0.0,,0.0,,0.0,0.0,False,13,3,2,True,False,terminal,pca1,load_pipeline (invariant)
XJTU-SY,Bearing2_2,42,3σ Rule (σ=3.0),three_sigma,decimate,5,5.0,,2019-01-01 02:40:00,,1.0833333333333333,,100.0,,0.0,100.0,False,13,3,2,True,False,terminal,pca1,load_pipeline (invariant)
XJTU-SY,Bearing2_2,42,"EWMA (λ=0.2, k=3.0)",ewma,decimate,5,5.0,,2019-01-01 02:40:00,,1.0,,0.0,,1.0,0.0,True,13,3,2,True,False,terminal,pca1,load_pipeline (invariant)
XJTU-SY,Bearing2_2,42,"CUSUM (k=0.5, h=5.0)",cusum,decimate,5,5.0,,2019-01-01 02:40:00,,1.0,,0.0,,1.0,0.0,True,13,3,2,True,False,terminal,pca1,load_pipeline (invariant)
XJTU-SY,Bearing2_2,42,Hotelling T²,hotelling_t2,decimate,5,5.0,,2019-01-01 02:40:00,,1.0833333333333333,,100.0,,0.0,100.0,False,13,3,2,True,False,terminal,pca1,load_pipeline (invariant)
XJTU-SY,Bearing2_2,42,Isolation Forest,isolation_forest,decimate,5,5.0,,2019-01-01 02:40:00,,0.25,,0.0,,0.25,0.0,True,13,3,2,True,False,terminal,pca1,load_pipeline (invariant)
XJTU-SY,Bearing2_2,42,Deep SVDD,deep_svdd,decimate,5,5.0,,2019-01-01 02:40:00,,0.0,,0.0,,0.0,0.0,False,13,3,2,True,False,terminal,pca1,load_pipeline (invariant)
XJTU-SY,Bearing2_2,42,LSTM-Autoencoder,lstm_ae,decimate,5,5.0,,2019-01-01 02:40:00,,,,,,,,False,13,3,2,True,False,terminal,pca1,load_pipeline (invariant)
XJTU-SY,Bearing2_2,42,TCN-Autoencoder,tcn,decimate,5,5.0,,2019-01-01 02:40:00,,,,,,,,False,13,3,2,True,False,terminal,pca1,load_pipeline (invariant)
XJTU-SY,Bearing2_2,42,Transformer-AD,transformer_ad,decimate,5,5.0,,2019-01-01 02:40:00,,,,,,,,False,13,3,2,True,False,terminal,pca1,load_pipeline (invariant)
XJTU-SY,Bearing2_2,42,RMS-Trend (kσ),rms_trend,decimate,10,10.0,,2019-01-01 02:40:00,,0.16666666666666666,,0.0,,0.16666666666666666,0.0,True,6,3,1,True,False,terminal,pca1,load_pipeline (invariant)
XJTU-SY,Bearing2_2,42,3σ Rule (σ=3.0),three_sigma,decimate,10,10.0,,2019-01-01 02:40:00,,1.0,,100.0,,0.0,100.0,False,6,3,1,True,False,terminal,pca1,load_pipeline (invariant)
XJTU-SY,Bearing2_2,42,"EWMA (λ=0.2, k=3.0)",ewma,decimate,10,10.0,,2019-01-01 02:40:00,,1.0,,100.0,,0.0,100.0,False,6,3,1,True,False,terminal,pca1,load_pipeline (invariant)
XJTU-SY,Bearing2_2,42,"CUSUM (k=0.5, h=5.0)",cusum,decimate,10,10.0,,2019-01-01 02:40:00,,1.0,,100.0,,0.0,100.0,False,6,3,1,True,False,terminal,pca1,load_pipeline (invariant)
XJTU-SY,Bearing2_2,42,Hotelling T²,hotelling_t2,decimate,10,10.0,,2019-01-01 02:40:00,,1.0,,100.0,,0.0,100.0,False,6,3,1,True,False,terminal,pca1,load_pipeline (invariant)
XJTU-SY,Bearing2_2,42,Isolation Forest,isolation_forest,decimate,10,10.0,,2019-01-01 02:40:00,,0.16666666666666666,,0.0,,0.16666666666666666,0.0,True,6,3,1,True,False,terminal,pca1,load_pipeline (invariant)
XJTU-SY,Bearing2_2,42,Deep SVDD,deep_svdd,decimate,10,10.0,,2019-01-01 02:40:00,,0.16666666666666666,,0.0,,0.16666666666666666,0.0,True,6,3,1,True,False,terminal,pca1,load_pipeline (invariant)
XJTU-SY,Bearing2_2,42,LSTM-Autoencoder,lstm_ae,decimate,10,10.0,,2019-01-01 02:40:00,,,,,,,,False,6,3,1,True,False,terminal,pca1,load_pipeline (invariant)
XJTU-SY,Bearing2_2,42,TCN-Autoencoder,tcn,decimate,10,10.0,,2019-01-01 02:40:00,,,,,,,,False,6,3,1,True,False,terminal,pca1,load_pipeline (invariant)
XJTU-SY,Bearing2_2,42,Transformer-AD,transformer_ad,decimate,10,10.0,,2019-01-01 02:40:00,,,,,,,,False,6,3,1,True,False,terminal,pca1,load_pipeline (invariant)
XJTU-SY,Bearing2_2,42,RMS-Trend (kσ),rms_trend,decimate,20,20.0,,2019-01-01 02:40:00,,0.3333333333333333,,0.0,,0.3333333333333333,0.0,True,3,3,1,True,False,terminal,pca1,load_pipeline (invariant)
XJTU-SY,Bearing2_2,42,3σ Rule (σ=3.0),three_sigma,decimate,20,20.0,,2019-01-01 02:40:00,,1.0,,100.0,,0.0,100.0,False,3,3,1,True,False,terminal,pca1,load_pipeline (invariant)
XJTU-SY,Bearing2_2,42,"EWMA (λ=0.2, k=3.0)",ewma,decimate,20,20.0,,2019-01-01 02:40:00,,1.0,,100.0,,0.0,100.0,False,3,3,1,True,False,terminal,pca1,load_pipeline (invariant)
XJTU-SY,Bearing2_2,42,"CUSUM (k=0.5, h=5.0)",cusum,decimate,20,20.0,,2019-01-01 02:40:00,,1.0,,100.0,,0.0,100.0,False,3,3,1,True,False,terminal,pca1,load_pipeline (invariant)
XJTU-SY,Bearing2_2,42,Hotelling T²,hotelling_t2,decimate,20,20.0,,2019-01-01 02:40:00,,1.0,,100.0,,0.0,100.0,False,3,3,1,True,False,terminal,pca1,load_pipeline (invariant)
XJTU-SY,Bearing2_2,42,Isolation Forest,isolation_forest,decimate,20,20.0,,2019-01-01 02:40:00,,1.0,,100.0,,0.0,100.0,False,3,3,1,True,False,terminal,pca1,load_pipeline (invariant)
XJTU-SY,Bearing2_2,42,Deep SVDD,deep_svdd,decimate,20,20.0,,2019-01-01 02:40:00,,0.3333333333333333,,0.0,,0.3333333333333333,0.0,True,3,3,1,True,False,terminal,pca1,load_pipeline (invariant)
XJTU-SY,Bearing2_2,42,LSTM-Autoencoder,lstm_ae,decimate,20,20.0,,2019-01-01 02:40:00,,,,,,,,False,3,3,1,True,False,terminal,pca1,load_pipeline (invariant)
XJTU-SY,Bearing2_2,42,TCN-Autoencoder,tcn,decimate,20,20.0,,2019-01-01 02:40:00,,,,,,,,False,3,3,1,True,False,terminal,pca1,load_pipeline (invariant)
XJTU-SY,Bearing2_2,42,Transformer-AD,transformer_ad,decimate,20,20.0,,2019-01-01 02:40:00,,,,,,,,False,3,3,1,True,False,terminal,pca1,load_pipeline (invariant)
XJTU-SY,Bearing2_3,42,RMS-Trend (kσ),rms_trend,aggregate,1,1.0,2019-01-01 07:54:00,2019-01-01 08:52:00,0.97,0.0,,0.0,0.0,0.0,0.0,False,42,10,3,False,False,terminal,pca1,load_pipeline (invariant)
XJTU-SY,Bearing2_3,42,3σ Rule (σ=3.0),three_sigma,aggregate,1,1.0,2019-01-01 07:54:00,2019-01-01 08:52:00,0.97,3.533333333333333,,100.0,3.655172413793103,0.0,100.0,False,42,10,3,False,False,terminal,pca1,load_pipeline (invariant)
XJTU-SY,Bearing2_3,42,"EWMA (λ=0.2, k=3.0)",ewma,aggregate,1,1.0,2019-01-01 07:54:00,2019-01-01 08:52:00,0.97,3.45,,96.7741935483871,3.5689655172413794,0.0,66.66666666666666,False,42,10,3,False,False,terminal,pca1,load_pipeline (invariant)
XJTU-SY,Bearing2_3,42,"CUSUM (k=0.5, h=5.0)",cusum,aggregate,1,1.0,2019-01-01 07:54:00,2019-01-01 08:52:00,0.97,3.45,,96.7741935483871,3.5689655172413794,0.0,66.66666666666666,False,42,10,3,False,False,terminal,pca1,load_pipeline (invariant)
XJTU-SY,Bearing2_3,42,Hotelling T²,hotelling_t2,aggregate,1,1.0,2019-01-01 07:54:00,2019-01-01 08:52:00,0.97,3.533333333333333,,100.0,3.655172413793103,0.0,100.0,False,42,10,3,False,False,terminal,pca1,load_pipeline (invariant)
XJTU-SY,Bearing2_3,42,Isolation Forest,isolation_forest,aggregate,1,1.0,2019-01-01 07:54:00,2019-01-01 08:52:00,0.97,3.533333333333333,,100.0,3.655172413793103,0.0,100.0,False,42,10,3,False,False,terminal,pca1,load_pipeline (invariant)
XJTU-SY,Bearing2_3,42,Deep SVDD,deep_svdd,aggregate,1,1.0,2019-01-01 07:54:00,2019-01-01 08:52:00,0.97,0.0,,0.0,0.0,0.0,0.0,False,42,10,3,False,False,terminal,pca1,load_pipeline (invariant)
XJTU-SY,Bearing2_3,42,LSTM-Autoencoder,lstm_ae,aggregate,1,1.0,2019-01-01 07:54:00,2019-01-01 08:52:00,0.97,3.533333333333333,,100.0,3.655172413793103,0.0,100.0,False,42,10,3,False,False,terminal,pca1,load_pipeline (invariant)
XJTU-SY,Bearing2_3,42,TCN-Autoencoder,tcn,aggregate,1,1.0,2019-01-01 07:54:00,2019-01-01 08:52:00,0.97,3.533333333333333,,100.0,3.655172413793103,0.0,100.0,False,42,10,3,False,False,terminal,pca1,load_pipeline (invariant)
XJTU-SY,Bearing2_3,42,Transformer-AD,transformer_ad,aggregate,1,1.0,2019-01-01 07:54:00,2019-01-01 08:52:00,0.97,3.533333333333333,,100.0,3.655172413793103,0.0,100.0,False,42,10,3,False,False,terminal,pca1,load_pipeline (invariant)
XJTU-SY,Bearing2_3,42,RMS-Trend (kσ),rms_trend,aggregate,2,2.0,2019-01-01 07:54:00,2019-01-01 08:52:00,0.97,0.0,,0.0,0.0,0.0,0.0,False,53,5,4,False,False,terminal,pca1,load_pipeline (invariant)
XJTU-SY,Bearing2_3,42,3σ Rule (σ=3.0),three_sigma,aggregate,2,2.0,2019-01-01 07:54:00,2019-01-01 08:52:00,0.97,3.533333333333333,,100.0,3.655172413793103,0.0,100.0,False,53,5,4,False,False,terminal,pca1,load_pipeline (invariant)
XJTU-SY,Bearing2_3,42,"EWMA (λ=0.2, k=3.0)",ewma,aggregate,2,2.0,2019-01-01 07:54:00,2019-01-01 08:52:00,0.97,3.533333333333333,,100.0,3.655172413793103,0.0,100.0,False,53,5,4,False,False,terminal,pca1,load_pipeline (invariant)
XJTU-SY,Bearing2_3,42,"CUSUM (k=0.5, h=5.0)",cusum,aggregate,2,2.0,2019-01-01 07:54:00,2019-01-01 08:52:00,0.97,3.466666666666667,,97.43589743589743,3.586206896551724,0.0,66.66666666666666,False,53,5,4,False,False,terminal,pca1,load_pipeline (invariant)
XJTU-SY,Bearing2_3,42,Hotelling T²,hotelling_t2,aggregate,2,2.0,2019-01-01 07:54:00,2019-01-01 08:52:00,0.97,3.533333333333333,,100.0,3.655172413793103,0.0,100.0,False,53,5,4,False,False,terminal,pca1,load_pipeline (invariant)
XJTU-SY,Bearing2_3,42,Isolation Forest,isolation_forest,aggregate,2,2.0,2019-01-01 07:54:00,2019-01-01 08:52:00,0.97,3.2666666666666666,,89.74358974358975,3.3793103448275863,3.2666666666666666,0.0,False,53,5,4,False,False,terminal,pca1,load_pipeline (invariant)
XJTU-SY,Bearing2_3,42,Deep SVDD,deep_svdd,aggregate,2,2.0,2019-01-01 07:54:00,2019-01-01 08:52:00,0.97,0.0,,0.0,0.0,0.0,0.0,False,53,5,4,False,False,terminal,pca1,load_pipeline (invariant)
XJTU-SY,Bearing2_3,42,LSTM-Autoencoder,lstm_ae,aggregate,2,2.0,2019-01-01 07:54:00,2019-01-01 08:52:00,0.97,3.533333333333333,,100.0,3.655172413793103,0.0,100.0,False,53,5,4,False,False,terminal,pca1,load_pipeline (invariant)
XJTU-SY,Bearing2_3,42,TCN-Autoencoder,tcn,aggregate,2,2.0,2019-01-01 07:54:00,2019-01-01 08:52:00,0.97,3.533333333333333,,100.0,3.655172413793103,0.0,100.0,False,53,5,4,False,False,terminal,pca1,load_pipeline (invariant)
XJTU-SY,Bearing2_3,42,Transformer-AD,transformer_ad,aggregate,2,2.0,2019-01-01 07:54:00,2019-01-01 08:52:00,0.97,3.533333333333333,,100.0,3.655172413793103,0.0,100.0,False,53,5,4,False,False,terminal,pca1,load_pipeline (invariant)
XJTU-SY,Bearing2_3,42,RMS-Trend (kσ),rms_trend,aggregate,5,5.0,2019-01-01 07:54:00,2019-01-01 08:52:00,0.97,0.0,,0.0,0.0,0.0,0.0,False,42,3,2,True,False,terminal,pca1,load_pipeline (invariant)
XJTU-SY,Bearing2_3,42,3σ Rule (σ=3.0),three_sigma,aggregate,5,5.0,2019-01-01 07:54:00,2019-01-01 08:52:00,0.97,3.533333333333333,,100.0,3.655172413793103,0.0,100.0,False,42,3,2,True,False,terminal,pca1,load_pipeline (invariant)
XJTU-SY,Bearing2_3,42,"EWMA (λ=0.2, k=3.0)",ewma,aggregate,5,5.0,2019-01-01 07:54:00,2019-01-01 08:52:00,0.97,3.533333333333333,,100.0,3.655172413793103,0.0,100.0,False,42,3,2,True,False,terminal,pca1,load_pipeline (invariant)
XJTU-SY,Bearing2_3,42,"CUSUM (k=0.5, h=5.0)",cusum,aggregate,5,5.0,2019-01-01 07:54:00,2019-01-01 08:52:00,0.97,3.533333333333333,,100.0,3.655172413793103,0.0,100.0,False,42,3,2,True,False,terminal,pca1,load_pipeline (invariant)
XJTU-SY,Bearing2_3,42,Hotelling T²,hotelling_t2,aggregate,5,5.0,2019-01-01 07:54:00,2019-01-01 08:52:00,0.97,3.533333333333333,,100.0,3.655172413793103,0.0,100.0,False,42,3,2,True,False,terminal,pca1,load_pipeline (invariant)
XJTU-SY,Bearing2_3,42,Isolation Forest,isolation_forest,aggregate,5,5.0,2019-01-01 07:54:00,2019-01-01 08:52:00,0.97,3.533333333333333,,100.0,3.655172413793103,0.0,100.0,False,42,3,2,True,False,terminal,pca1,load_pipeline (invariant)
XJTU-SY,Bearing2_3,42,Deep SVDD,deep_svdd,aggregate,5,5.0,2019-01-01 07:54:00,2019-01-01 08:52:00,0.97,0.0,,0.0,0.0,0.0,0.0,False,42,3,2,True,False,terminal,pca1,load_pipeline (invariant)
XJTU-SY,Bearing2_3,42,LSTM-Autoencoder,lstm_ae,aggregate,5,5.0,2019-01-01 07:54:00,2019-01-01 08:52:00,0.97,3.533333333333333,,100.0,3.655172413793103,0.0,100.0,False,42,3,2,True,False,terminal,pca1,load_pipeline (invariant)
XJTU-SY,Bearing2_3,42,TCN-Autoencoder,tcn,aggregate,5,5.0,2019-01-01 07:54:00,2019-01-01 08:52:00,0.97,3.533333333333333,,100.0,3.655172413793103,0.0,100.0,False,42,3,2,True,False,terminal,pca1,load_pipeline (invariant)
XJTU-SY,Bearing2_3,42,Transformer-AD,transformer_ad,aggregate,5,5.0,2019-01-01 07:54:00,2019-01-01 08:52:00,0.97,3.533333333333333,,100.0,3.655172413793103,0.0,100.0,False,42,3,2,True,False,terminal,pca1,load_pipeline (invariant)
XJTU-SY,Bearing2_3,42,RMS-Trend (kσ),rms_trend,aggregate,10,10.0,2019-01-01 07:54:00,2019-01-01 08:52:00,0.97,0.5333333333333333,0.43333333333333335,0.0,0.5517241379310345,0.5333333333333333,0.0,True,21,3,1,True,False,terminal,pca1,load_pipeline (invariant)
XJTU-SY,Bearing2_3,42,3σ Rule (σ=3.0),three_sigma,aggregate,10,10.0,2019-01-01 07:54:00,2019-01-01 08:52:00,0.97,3.533333333333333,,100.0,3.655172413793103,0.0,100.0,False,21,3,1,True,False,terminal,pca1,load_pipeline (invariant)
XJTU-SY,Bearing2_3,42,"EWMA (λ=0.2, k=3.0)",ewma,aggregate,10,10.0,2019-01-01 07:54:00,2019-01-01 08:52:00,0.97,3.533333333333333,,100.0,3.655172413793103,0.0,100.0,False,21,3,1,True,False,terminal,pca1,load_pipeline (invariant)
XJTU-SY,Bearing2_3,42,"CUSUM (k=0.5, h=5.0)",cusum,aggregate,10,10.0,2019-01-01 07:54:00,2019-01-01 08:52:00,0.97,3.533333333333333,,100.0,3.655172413793103,0.0,100.0,False,21,3,1,True,False,terminal,pca1,load_pipeline (invariant)
XJTU-SY,Bearing2_3,42,Hotelling T²,hotelling_t2,aggregate,10,10.0,2019-01-01 07:54:00,2019-01-01 08:52:00,0.97,3.533333333333333,,100.0,3.655172413793103,0.0,100.0,False,21,3,1,True,False,terminal,pca1,load_pipeline (invariant)
XJTU-SY,Bearing2_3,42,Isolation Forest,isolation_forest,aggregate,10,10.0,2019-01-01 07:54:00,2019-01-01 08:52:00,0.97,3.533333333333333,,68.75,3.655172413793103,0.0,100.0,False,21,3,1,True,False,terminal,pca1,load_pipeline (invariant)
XJTU-SY,Bearing2_3,42,Deep SVDD,deep_svdd,aggregate,10,10.0,2019-01-01 07:54:00,2019-01-01 08:52:00,0.97,0.5333333333333333,0.43333333333333335,0.0,0.5517241379310345,0.5333333333333333,0.0,True,21,3,1,True,False,terminal,pca1,load_pipeline (invariant)
XJTU-SY,Bearing2_3,42,LSTM-Autoencoder,lstm_ae,aggregate,10,10.0,2019-01-01 07:54:00,2019-01-01 08:52:00,0.97,,,,,,,False,21,3,1,True,False,terminal,pca1,load_pipeline (invariant)
XJTU-SY,Bearing2_3,42,TCN-Autoencoder,tcn,aggregate,10,10.0,2019-01-01 07:54:00,2019-01-01 08:52:00,0.97,,,,,,,False,21,3,1,True,False,terminal,pca1,load_pipeline (invariant)
XJTU-SY,Bearing2_3,42,Transformer-AD,transformer_ad,aggregate,10,10.0,2019-01-01 07:54:00,2019-01-01 08:52:00,0.97,,,,,,,False,21,3,1,True,False,terminal,pca1,load_pipeline (invariant)
XJTU-SY,Bearing2_3,42,RMS-Trend (kσ),rms_trend,aggregate,20,20.0,2019-01-01 07:54:00,2019-01-01 08:52:00,0.97,0.5333333333333333,0.43333333333333335,0.0,0.5517241379310345,0.5333333333333333,0.0,True,10,3,1,True,False,terminal,pca1,load_pipeline (invariant)
XJTU-SY,Bearing2_3,42,3σ Rule (σ=3.0),three_sigma,aggregate,20,20.0,2019-01-01 07:54:00,2019-01-01 08:52:00,0.97,3.533333333333333,,100.0,3.655172413793103,0.0,100.0,False,10,3,1,True,False,terminal,pca1,load_pipeline (invariant)
XJTU-SY,Bearing2_3,42,"EWMA (λ=0.2, k=3.0)",ewma,aggregate,20,20.0,2019-01-01 07:54:00,2019-01-01 08:52:00,0.97,3.533333333333333,,100.0,3.655172413793103,0.0,100.0,False,10,3,1,True,False,terminal,pca1,load_pipeline (invariant)
XJTU-SY,Bearing2_3,42,"CUSUM (k=0.5, h=5.0)",cusum,aggregate,20,20.0,2019-01-01 07:54:00,2019-01-01 08:52:00,0.97,3.533333333333333,,100.0,3.655172413793103,0.0,100.0,False,10,3,1,True,False,terminal,pca1,load_pipeline (invariant)
XJTU-SY,Bearing2_3,42,Hotelling T²,hotelling_t2,aggregate,20,20.0,2019-01-01 07:54:00,2019-01-01 08:52:00,0.97,3.533333333333333,,100.0,3.655172413793103,0.0,100.0,False,10,3,1,True,False,terminal,pca1,load_pipeline (invariant)
XJTU-SY,Bearing2_3,42,Isolation Forest,isolation_forest,aggregate,20,20.0,2019-01-01 07:54:00,2019-01-01 08:52:00,0.97,3.533333333333333,,100.0,3.655172413793103,0.0,100.0,False,10,3,1,True,False,terminal,pca1,load_pipeline (invariant)
XJTU-SY,Bearing2_3,42,Deep SVDD,deep_svdd,aggregate,20,20.0,2019-01-01 07:54:00,2019-01-01 08:52:00,0.97,0.5333333333333333,0.43333333333333335,0.0,0.5517241379310345,0.5333333333333333,0.0,True,10,3,1,True,False,terminal,pca1,load_pipeline (invariant)
XJTU-SY,Bearing2_3,42,LSTM-Autoencoder,lstm_ae,aggregate,20,20.0,2019-01-01 07:54:00,2019-01-01 08:52:00,0.97,,,,,,,False,10,3,1,True,False,terminal,pca1,load_pipeline (invariant)
XJTU-SY,Bearing2_3,42,TCN-Autoencoder,tcn,aggregate,20,20.0,2019-01-01 07:54:00,2019-01-01 08:52:00,0.97,,,,,,,False,10,3,1,True,False,terminal,pca1,load_pipeline (invariant)
XJTU-SY,Bearing2_3,42,Transformer-AD,transformer_ad,aggregate,20,20.0,2019-01-01 07:54:00,2019-01-01 08:52:00,0.97,,,,,,,False,10,3,1,True,False,terminal,pca1,load_pipeline (invariant)
XJTU-SY,Bearing2_3,42,RMS-Trend (kσ),rms_trend,decimate,1,1.0,2019-01-01 07:54:00,2019-01-01 08:52:00,0.97,0.0,,0.0,0.0,0.0,0.0,False,42,10,3,False,False,terminal,pca1,load_pipeline (invariant)
XJTU-SY,Bearing2_3,42,3σ Rule (σ=3.0),three_sigma,decimate,1,1.0,2019-01-01 07:54:00,2019-01-01 08:52:00,0.97,3.533333333333333,,100.0,3.655172413793103,0.0,100.0,False,42,10,3,False,False,terminal,pca1,load_pipeline (invariant)
XJTU-SY,Bearing2_3,42,"EWMA (λ=0.2, k=3.0)",ewma,decimate,1,1.0,2019-01-01 07:54:00,2019-01-01 08:52:00,0.97,3.45,,96.7741935483871,3.5689655172413794,0.0,66.66666666666666,False,42,10,3,False,False,terminal,pca1,load_pipeline (invariant)
XJTU-SY,Bearing2_3,42,"CUSUM (k=0.5, h=5.0)",cusum,decimate,1,1.0,2019-01-01 07:54:00,2019-01-01 08:52:00,0.97,3.45,,96.7741935483871,3.5689655172413794,0.0,66.66666666666666,False,42,10,3,False,False,terminal,pca1,load_pipeline (invariant)
XJTU-SY,Bearing2_3,42,Hotelling T²,hotelling_t2,decimate,1,1.0,2019-01-01 07:54:00,2019-01-01 08:52:00,0.97,3.533333333333333,,100.0,3.655172413793103,0.0,100.0,False,42,10,3,False,False,terminal,pca1,load_pipeline (invariant)
XJTU-SY,Bearing2_3,42,Isolation Forest,isolation_forest,decimate,1,1.0,2019-01-01 07:54:00,2019-01-01 08:52:00,0.97,3.533333333333333,,100.0,3.655172413793103,0.0,100.0,False,42,10,3,False,False,terminal,pca1,load_pipeline (invariant)
XJTU-SY,Bearing2_3,42,Deep SVDD,deep_svdd,decimate,1,1.0,2019-01-01 07:54:00,2019-01-01 08:52:00,0.97,0.0,,0.0,0.0,0.0,0.0,False,42,10,3,False,False,terminal,pca1,load_pipeline (invariant)
XJTU-SY,Bearing2_3,42,LSTM-Autoencoder,lstm_ae,decimate,1,1.0,2019-01-01 07:54:00,2019-01-01 08:52:00,0.97,3.533333333333333,,100.0,3.655172413793103,0.0,100.0,False,42,10,3,False,False,terminal,pca1,load_pipeline (invariant)
XJTU-SY,Bearing2_3,42,TCN-Autoencoder,tcn,decimate,1,1.0,2019-01-01 07:54:00,2019-01-01 08:52:00,0.97,3.533333333333333,,100.0,3.655172413793103,0.0,100.0,False,42,10,3,False,False,terminal,pca1,load_pipeline (invariant)
XJTU-SY,Bearing2_3,42,Transformer-AD,transformer_ad,decimate,1,1.0,2019-01-01 07:54:00,2019-01-01 08:52:00,0.97,3.533333333333333,,100.0,3.655172413793103,0.0,100.0,False,42,10,3,False,False,terminal,pca1,load_pipeline (invariant)
XJTU-SY,Bearing2_3,42,RMS-Trend (kσ),rms_trend,decimate,2,2.0,2019-01-01 07:54:00,2019-01-01 08:52:00,0.97,0.0,,0.0,0.0,0.0,0.0,False,53,5,4,False,False,terminal,pca1,load_pipeline (invariant)
XJTU-SY,Bearing2_3,42,3σ Rule (σ=3.0),three_sigma,decimate,2,2.0,2019-01-01 07:54:00,2019-01-01 08:52:00,0.97,3.533333333333333,,100.0,3.655172413793103,0.0,100.0,False,53,5,4,False,False,terminal,pca1,load_pipeline (invariant)
XJTU-SY,Bearing2_3,42,"EWMA (λ=0.2, k=3.0)",ewma,decimate,2,2.0,2019-01-01 07:54:00,2019-01-01 08:52:00,0.97,3.466666666666667,,97.43589743589743,3.586206896551724,0.0,66.66666666666666,False,53,5,4,False,False,terminal,pca1,load_pipeline (invariant)
XJTU-SY,Bearing2_3,42,"CUSUM (k=0.5, h=5.0)",cusum,decimate,2,2.0,2019-01-01 07:54:00,2019-01-01 08:52:00,0.97,3.466666666666667,,97.43589743589743,3.586206896551724,0.0,66.66666666666666,False,53,5,4,False,False,terminal,pca1,load_pipeline (invariant)
XJTU-SY,Bearing2_3,42,Hotelling T²,hotelling_t2,decimate,2,2.0,2019-01-01 07:54:00,2019-01-01 08:52:00,0.97,3.533333333333333,,100.0,3.655172413793103,0.0,100.0,False,53,5,4,False,False,terminal,pca1,load_pipeline (invariant)
XJTU-SY,Bearing2_3,42,Isolation Forest,isolation_forest,decimate,2,2.0,2019-01-01 07:54:00,2019-01-01 08:52:00,0.97,3.2,,61.53846153846154,3.310344827586207,3.2,0.0,False,53,5,4,False,False,terminal,pca1,load_pipeline (invariant)
XJTU-SY,Bearing2_3,42,Deep SVDD,deep_svdd,decimate,2,2.0,2019-01-01 07:54:00,2019-01-01 08:52:00,0.97,0.0,,0.0,0.0,0.0,0.0,False,53,5,4,False,False,terminal,pca1,load_pipeline (invariant)
XJTU-SY,Bearing2_3,42,LSTM-Autoencoder,lstm_ae,decimate,2,2.0,2019-01-01 07:54:00,2019-01-01 08:52:00,0.97,3.533333333333333,,100.0,3.655172413793103,0.0,100.0,False,53,5,4,False,False,terminal,pca1,load_pipeline (invariant)
XJTU-SY,Bearing2_3,42,TCN-Autoencoder,tcn,decimate,2,2.0,2019-01-01 07:54:00,2019-01-01 08:52:00,0.97,3.533333333333333,,100.0,3.655172413793103,0.0,100.0,False,53,5,4,False,False,terminal,pca1,load_pipeline (invariant)
XJTU-SY,Bearing2_3,42,Transformer-AD,transformer_ad,decimate,2,2.0,2019-01-01 07:54:00,2019-01-01 08:52:00,0.97,3.533333333333333,,100.0,3.655172413793103,0.0,100.0,False,53,5,4,False,False,terminal,pca1,load_pipeline (invariant)
XJTU-SY,Bearing2_3,42,RMS-Trend (kσ),rms_trend,decimate,5,5.0,2019-01-01 07:54:00,2019-01-01 08:52:00,0.97,0.0,,0.0,0.0,0.0,0.0,False,42,3,2,True,False,terminal,pca1,load_pipeline (invariant)
XJTU-SY,Bearing2_3,42,3σ Rule (σ=3.0),three_sigma,decimate,5,5.0,2019-01-01 07:54:00,2019-01-01 08:52:00,0.97,3.533333333333333,,100.0,3.655172413793103,0.0,100.0,False,42,3,2,True,False,terminal,pca1,load_pipeline (invariant)
XJTU-SY,Bearing2_3,42,"EWMA (λ=0.2, k=3.0)",ewma,decimate,5,5.0,2019-01-01 07:54:00,2019-01-01 08:52:00,0.97,3.533333333333333,,100.0,3.655172413793103,0.0,100.0,False,42,3,2,True,False,terminal,pca1,load_pipeline (invariant)
XJTU-SY,Bearing2_3,42,"CUSUM (k=0.5, h=5.0)",cusum,decimate,5,5.0,2019-01-01 07:54:00,2019-01-01 08:52:00,0.97,3.533333333333333,,100.0,3.655172413793103,0.0,100.0,False,42,3,2,True,False,terminal,pca1,load_pipeline (invariant)
XJTU-SY,Bearing2_3,42,Hotelling T²,hotelling_t2,decimate,5,5.0,2019-01-01 07:54:00,2019-01-01 08:52:00,0.97,3.533333333333333,,100.0,3.655172413793103,0.0,100.0,False,42,3,2,True,False,terminal,pca1,load_pipeline (invariant)
XJTU-SY,Bearing2_3,42,Isolation Forest,isolation_forest,decimate,5,5.0,2019-01-01 07:54:00,2019-01-01 08:52:00,0.97,3.533333333333333,,100.0,3.655172413793103,0.0,100.0,False,42,3,2,True,False,terminal,pca1,load_pipeline (invariant)
XJTU-SY,Bearing2_3,42,Deep SVDD,deep_svdd,decimate,5,5.0,2019-01-01 07:54:00,2019-01-01 08:52:00,0.97,0.2,0.7666666666666667,0.0,0.20689655172413793,0.2,0.0,True,42,3,2,True,False,terminal,pca1,load_pipeline (invariant)
XJTU-SY,Bearing2_3,42,LSTM-Autoencoder,lstm_ae,decimate,5,5.0,2019-01-01 07:54:00,2019-01-01 08:52:00,0.97,3.533333333333333,,100.0,3.655172413793103,0.0,100.0,False,42,3,2,True,False,terminal,pca1,load_pipeline (invariant)
XJTU-SY,Bearing2_3,42,TCN-Autoencoder,tcn,decimate,5,5.0,2019-01-01 07:54:00,2019-01-01 08:52:00,0.97,3.533333333333333,,100.0,3.655172413793103,0.0,100.0,False,42,3,2,True,False,terminal,pca1,load_pipeline (invariant)
XJTU-SY,Bearing2_3,42,Transformer-AD,transformer_ad,decimate,5,5.0,2019-01-01 07:54:00,2019-01-01 08:52:00,0.97,3.533333333333333,,100.0,3.655172413793103,0.0,100.0,False,42,3,2,True,False,terminal,pca1,load_pipeline (invariant)
XJTU-SY,Bearing2_3,42,RMS-Trend (kσ),rms_trend,decimate,10,10.0,2019-01-01 07:54:00,2019-01-01 08:52:00,0.97,0.36666666666666664,0.6,0.0,0.3793103448275862,0.36666666666666664,0.0,True,21,3,1,True,False,terminal,pca1,load_pipeline (invariant)
XJTU-SY,Bearing2_3,42,3σ Rule (σ=3.0),three_sigma,decimate,10,10.0,2019-01-01 07:54:00,2019-01-01 08:52:00,0.97,3.533333333333333,,100.0,3.655172413793103,0.0,100.0,False,21,3,1,True,False,terminal,pca1,load_pipeline (invariant)
XJTU-SY,Bearing2_3,42,"EWMA (λ=0.2, k=3.0)",ewma,decimate,10,10.0,2019-01-01 07:54:00,2019-01-01 08:52:00,0.97,3.533333333333333,,100.0,3.655172413793103,0.0,100.0,False,21,3,1,True,False,terminal,pca1,load_pipeline (invariant)
XJTU-SY,Bearing2_3,42,"CUSUM (k=0.5, h=5.0)",cusum,decimate,10,10.0,2019-01-01 07:54:00,2019-01-01 08:52:00,0.97,3.533333333333333,,100.0,3.655172413793103,0.0,100.0,False,21,3,1,True,False,terminal,pca1,load_pipeline (invariant)
XJTU-SY,Bearing2_3,42,Hotelling T²,hotelling_t2,decimate,10,10.0,2019-01-01 07:54:00,2019-01-01 08:52:00,0.97,3.533333333333333,,100.0,3.655172413793103,0.0,100.0,False,21,3,1,True,False,terminal,pca1,load_pipeline (invariant)
XJTU-SY,Bearing2_3,42,Isolation Forest,isolation_forest,decimate,10,10.0,2019-01-01 07:54:00,2019-01-01 08:52:00,0.97,3.533333333333333,,93.75,3.655172413793103,0.0,100.0,False,21,3,1,True,False,terminal,pca1,load_pipeline (invariant)
XJTU-SY,Bearing2_3,42,Deep SVDD,deep_svdd,decimate,10,10.0,2019-01-01 07:54:00,2019-01-01 08:52:00,0.97,0.36666666666666664,0.6,0.0,0.3793103448275862,0.36666666666666664,0.0,True,21,3,1,True,False,terminal,pca1,load_pipeline (invariant)
XJTU-SY,Bearing2_3,42,LSTM-Autoencoder,lstm_ae,decimate,10,10.0,2019-01-01 07:54:00,2019-01-01 08:52:00,0.97,,,,,,,False,21,3,1,True,False,terminal,pca1,load_pipeline (invariant)
XJTU-SY,Bearing2_3,42,TCN-Autoencoder,tcn,decimate,10,10.0,2019-01-01 07:54:00,2019-01-01 08:52:00,0.97,,,,,,,False,21,3,1,True,False,terminal,pca1,load_pipeline (invariant)
XJTU-SY,Bearing2_3,42,Transformer-AD,transformer_ad,decimate,10,10.0,2019-01-01 07:54:00,2019-01-01 08:52:00,0.97,,,,,,,False,21,3,1,True,False,terminal,pca1,load_pipeline (invariant)
XJTU-SY,Bearing2_3,42,RMS-Trend (kσ),rms_trend,decimate,20,20.0,2019-01-01 07:54:00,2019-01-01 08:52:00,0.97,0.5333333333333333,0.43333333333333335,0.0,0.5517241379310345,0.5333333333333333,0.0,True,10,3,1,True,False,terminal,pca1,load_pipeline (invariant)
XJTU-SY,Bearing2_3,42,3σ Rule (σ=3.0),three_sigma,decimate,20,20.0,2019-01-01 07:54:00,2019-01-01 08:52:00,0.97,3.533333333333333,,100.0,3.655172413793103,0.0,100.0,False,10,3,1,True,False,terminal,pca1,load_pipeline (invariant)
XJTU-SY,Bearing2_3,42,"EWMA (λ=0.2, k=3.0)",ewma,decimate,20,20.0,2019-01-01 07:54:00,2019-01-01 08:52:00,0.97,3.533333333333333,,100.0,3.655172413793103,0.0,100.0,False,10,3,1,True,False,terminal,pca1,load_pipeline (invariant)
XJTU-SY,Bearing2_3,42,"CUSUM (k=0.5, h=5.0)",cusum,decimate,20,20.0,2019-01-01 07:54:00,2019-01-01 08:52:00,0.97,3.533333333333333,,100.0,3.655172413793103,0.0,100.0,False,10,3,1,True,False,terminal,pca1,load_pipeline (invariant)
XJTU-SY,Bearing2_3,42,Hotelling T²,hotelling_t2,decimate,20,20.0,2019-01-01 07:54:00,2019-01-01 08:52:00,0.97,3.533333333333333,,100.0,3.655172413793103,0.0,100.0,False,10,3,1,True,False,terminal,pca1,load_pipeline (invariant)
XJTU-SY,Bearing2_3,42,Isolation Forest,isolation_forest,decimate,20,20.0,2019-01-01 07:54:00,2019-01-01 08:52:00,0.97,3.533333333333333,,87.5,3.655172413793103,0.0,100.0,False,10,3,1,True,False,terminal,pca1,load_pipeline (invariant)
XJTU-SY,Bearing2_3,42,Deep SVDD,deep_svdd,decimate,20,20.0,2019-01-01 07:54:00,2019-01-01 08:52:00,0.97,0.5333333333333333,0.43333333333333335,0.0,0.5517241379310345,0.5333333333333333,0.0,True,10,3,1,True,False,terminal,pca1,load_pipeline (invariant)
XJTU-SY,Bearing2_3,42,LSTM-Autoencoder,lstm_ae,decimate,20,20.0,2019-01-01 07:54:00,2019-01-01 08:52:00,0.97,,,,,,,False,10,3,1,True,False,terminal,pca1,load_pipeline (invariant)
XJTU-SY,Bearing2_3,42,TCN-Autoencoder,tcn,decimate,20,20.0,2019-01-01 07:54:00,2019-01-01 08:52:00,0.97,,,,,,,False,10,3,1,True,False,terminal,pca1,load_pipeline (invariant)
XJTU-SY,Bearing2_3,42,Transformer-AD,transformer_ad,decimate,20,20.0,2019-01-01 07:54:00,2019-01-01 08:52:00,0.97,,,,,,,False,10,3,1,True,False,terminal,pca1,load_pipeline (invariant)
XJTU-SY,Bearing2_4,42,RMS-Trend (kσ),rms_trend,aggregate,1,1.0,2019-01-01 00:33:00,2019-01-01 00:41:00,0.13,0.0,,0.0,0.0,0.0,0.0,False,3,10,3,False,False,terminal,pca1,load_pipeline (invariant)
XJTU-SY,Bearing2_4,42,3σ Rule (σ=3.0),three_sigma,aggregate,1,1.0,2019-01-01 00:33:00,2019-01-01 00:41:00,0.13,0.26666666666666666,,100.0,2.0,0.0,100.0,False,3,10,3,False,False,terminal,pca1,load_pipeline (invariant)
XJTU-SY,Bearing2_4,42,"EWMA (λ=0.2, k=3.0)",ewma,aggregate,1,1.0,2019-01-01 00:33:00,2019-01-01 00:41:00,0.13,0.26666666666666666,,100.0,2.0,0.0,100.0,False,3,10,3,False,False,terminal,pca1,load_pipeline (invariant)
XJTU-SY,Bearing2_4,42,"CUSUM (k=0.5, h=5.0)",cusum,aggregate,1,1.0,2019-01-01 00:33:00,2019-01-01 00:41:00,0.13,0.26666666666666666,,100.0,2.0,0.0,100.0,False,3,10,3,False,False,terminal,pca1,load_pipeline (invariant)
XJTU-SY,Bearing2_4,42,Hotelling T²,hotelling_t2,aggregate,1,1.0,2019-01-01 00:33:00,2019-01-01 00:41:00,0.13,0.26666666666666666,,100.0,2.0,0.0,100.0,False,3,10,3,False,False,terminal,pca1,load_pipeline (invariant)
XJTU-SY,Bearing2_4,42,Isolation Forest,isolation_forest,aggregate,1,1.0,2019-01-01 00:33:00,2019-01-01 00:41:00,0.13,0.26666666666666666,,100.0,2.0,0.0,100.0,False,3,10,3,False,False,terminal,pca1,load_pipeline (invariant)
XJTU-SY,Bearing2_4,42,Deep SVDD,deep_svdd,aggregate,1,1.0,2019-01-01 00:33:00,2019-01-01 00:41:00,0.13,0.0,,0.0,0.0,0.0,0.0,False,3,10,3,False,False,terminal,pca1,load_pipeline (invariant)
XJTU-SY,Bearing2_4,42,LSTM-Autoencoder,lstm_ae,aggregate,1,1.0,2019-01-01 00:33:00,2019-01-01 00:41:00,0.13,,,,,,,False,3,10,3,False,False,terminal,pca1,load_pipeline (invariant)
XJTU-SY,Bearing2_4,42,TCN-Autoencoder,tcn,aggregate,1,1.0,2019-01-01 00:33:00,2019-01-01 00:41:00,0.13,,,,,,,False,3,10,3,False,False,terminal,pca1,load_pipeline (invariant)
XJTU-SY,Bearing2_4,42,Transformer-AD,transformer_ad,aggregate,1,1.0,2019-01-01 00:33:00,2019-01-01 00:41:00,0.13,,,,,,,False,3,10,3,False,False,terminal,pca1,load_pipeline (invariant)
XJTU-SY,Bearing2_4,42,RMS-Trend (kσ),rms_trend,aggregate,2,2.0,2019-01-01 00:33:00,2019-01-01 00:41:00,0.13,0.0,,0.0,0.0,0.0,0.0,False,4,5,4,False,False,terminal,pca1,load_pipeline (invariant)
XJTU-SY,Bearing2_4,42,3σ Rule (σ=3.0),three_sigma,aggregate,2,2.0,2019-01-01 00:33:00,2019-01-01 00:41:00,0.13,0.2833333333333333,,100.0,2.125,0.0,100.0,False,4,5,4,False,False,terminal,pca1,load_pipeline (invariant)
XJTU-SY,Bearing2_4,42,"EWMA (λ=0.2, k=3.0)",ewma,aggregate,2,2.0,2019-01-01 00:33:00,2019-01-01 00:41:00,0.13,0.2833333333333333,,100.0,2.125,0.0,100.0,False,4,5,4,False,False,terminal,pca1,load_pipeline (invariant)
XJTU-SY,Bearing2_4,42,"CUSUM (k=0.5, h=5.0)",cusum,aggregate,2,2.0,2019-01-01 00:33:00,2019-01-01 00:41:00,0.13,0.2833333333333333,,100.0,2.125,0.0,100.0,False,4,5,4,False,False,terminal,pca1,load_pipeline (invariant)
XJTU-SY,Bearing2_4,42,Hotelling T²,hotelling_t2,aggregate,2,2.0,2019-01-01 00:33:00,2019-01-01 00:41:00,0.13,0.2833333333333333,,100.0,2.125,0.0,100.0,False,4,5,4,False,False,terminal,pca1,load_pipeline (invariant)
XJTU-SY,Bearing2_4,42,Isolation Forest,isolation_forest,aggregate,2,2.0,2019-01-01 00:33:00,2019-01-01 00:41:00,0.13,0.0,,0.0,0.0,0.0,0.0,False,4,5,4,False,False,terminal,pca1,load_pipeline (invariant)
XJTU-SY,Bearing2_4,42,Deep SVDD,deep_svdd,aggregate,2,2.0,2019-01-01 00:33:00,2019-01-01 00:41:00,0.13,0.0,,0.0,0.0,0.0,0.0,False,4,5,4,False,False,terminal,pca1,load_pipeline (invariant)
XJTU-SY,Bearing2_4,42,LSTM-Autoencoder,lstm_ae,aggregate,2,2.0,2019-01-01 00:33:00,2019-01-01 00:41:00,0.13,,,,,,,False,4,5,4,False,False,terminal,pca1,load_pipeline (invariant)
XJTU-SY,Bearing2_4,42,TCN-Autoencoder,tcn,aggregate,2,2.0,2019-01-01 00:33:00,2019-01-01 00:41:00,0.13,,,,,,,False,4,5,4,False,False,terminal,pca1,load_pipeline (invariant)
XJTU-SY,Bearing2_4,42,Transformer-AD,transformer_ad,aggregate,2,2.0,2019-01-01 00:33:00,2019-01-01 00:41:00,0.13,,,,,,,False,4,5,4,False,False,terminal,pca1,load_pipeline (invariant)
XJTU-SY,Bearing2_4,42,RMS-Trend (kσ),rms_trend,aggregate,5,5.0,2019-01-01 00:33:00,2019-01-01 00:41:00,0.13,0.0,,0.0,0.0,0.0,0.0,False,3,3,2,True,False,terminal,pca1,load_pipeline (invariant)
XJTU-SY,Bearing2_4,42,3σ Rule (σ=3.0),three_sigma,aggregate,5,5.0,2019-01-01 00:33:00,2019-01-01 00:41:00,0.13,0.26666666666666666,,100.0,2.0,0.0,100.0,False,3,3,2,True,False,terminal,pca1,load_pipeline (invariant)
XJTU-SY,Bearing2_4,42,"EWMA (λ=0.2, k=3.0)",ewma,aggregate,5,5.0,2019-01-01 00:33:00,2019-01-01 00:41:00,0.13,0.26666666666666666,,100.0,2.0,0.0,100.0,False,3,3,2,True,False,terminal,pca1,load_pipeline (invariant)
XJTU-SY,Bearing2_4,42,"CUSUM (k=0.5, h=5.0)",cusum,aggregate,5,5.0,2019-01-01 00:33:00,2019-01-01 00:41:00,0.13,0.26666666666666666,,100.0,2.0,0.0,100.0,False,3,3,2,True,False,terminal,pca1,load_pipeline (invariant)
XJTU-SY,Bearing2_4,42,Hotelling T²,hotelling_t2,aggregate,5,5.0,2019-01-01 00:33:00,2019-01-01 00:41:00,0.13,0.26666666666666666,,100.0,2.0,0.0,100.0,False,3,3,2,True,False,terminal,pca1,load_pipeline (invariant)
XJTU-SY,Bearing2_4,42,Isolation Forest,isolation_forest,aggregate,5,5.0,2019-01-01 00:33:00,2019-01-01 00:41:00,0.13,0.0,,0.0,0.0,0.0,0.0,False,3,3,2,True,False,terminal,pca1,load_pipeline (invariant)
XJTU-SY,Bearing2_4,42,Deep SVDD,deep_svdd,aggregate,5,5.0,2019-01-01 00:33:00,2019-01-01 00:41:00,0.13,0.0,,0.0,0.0,0.0,0.0,False,3,3,2,True,False,terminal,pca1,load_pipeline (invariant)
XJTU-SY,Bearing2_4,42,LSTM-Autoencoder,lstm_ae,aggregate,5,5.0,2019-01-01 00:33:00,2019-01-01 00:41:00,0.13,,,,,,,False,3,3,2,True,False,terminal,pca1,load_pipeline (invariant)
XJTU-SY,Bearing2_4,42,TCN-Autoencoder,tcn,aggregate,5,5.0,2019-01-01 00:33:00,2019-01-01 00:41:00,0.13,,,,,,,False,3,3,2,True,False,terminal,pca1,load_pipeline (invariant)
XJTU-SY,Bearing2_4,42,Transformer-AD,transformer_ad,aggregate,5,5.0,2019-01-01 00:33:00,2019-01-01 00:41:00,0.13,,,,,,,False,3,3,2,True,False,terminal,pca1,load_pipeline (invariant)
XJTU-SY,Bearing2_4,42,RMS-Trend (kσ),rms_trend,decimate,1,1.0,2019-01-01 00:33:00,2019-01-01 00:41:00,0.13,0.0,,0.0,0.0,0.0,0.0,False,3,10,3,False,False,terminal,pca1,load_pipeline (invariant)
XJTU-SY,Bearing2_4,42,3σ Rule (σ=3.0),three_sigma,decimate,1,1.0,2019-01-01 00:33:00,2019-01-01 00:41:00,0.13,0.26666666666666666,,100.0,2.0,0.0,100.0,False,3,10,3,False,False,terminal,pca1,load_pipeline (invariant)
XJTU-SY,Bearing2_4,42,"EWMA (λ=0.2, k=3.0)",ewma,decimate,1,1.0,2019-01-01 00:33:00,2019-01-01 00:41:00,0.13,0.26666666666666666,,100.0,2.0,0.0,100.0,False,3,10,3,False,False,terminal,pca1,load_pipeline (invariant)
XJTU-SY,Bearing2_4,42,"CUSUM (k=0.5, h=5.0)",cusum,decimate,1,1.0,2019-01-01 00:33:00,2019-01-01 00:41:00,0.13,0.26666666666666666,,100.0,2.0,0.0,100.0,False,3,10,3,False,False,terminal,pca1,load_pipeline (invariant)
XJTU-SY,Bearing2_4,42,Hotelling T²,hotelling_t2,decimate,1,1.0,2019-01-01 00:33:00,2019-01-01 00:41:00,0.13,0.26666666666666666,,100.0,2.0,0.0,100.0,False,3,10,3,False,False,terminal,pca1,load_pipeline (invariant)
XJTU-SY,Bearing2_4,42,Isolation Forest,isolation_forest,decimate,1,1.0,2019-01-01 00:33:00,2019-01-01 00:41:00,0.13,0.26666666666666666,,100.0,2.0,0.0,100.0,False,3,10,3,False,False,terminal,pca1,load_pipeline (invariant)
XJTU-SY,Bearing2_4,42,Deep SVDD,deep_svdd,decimate,1,1.0,2019-01-01 00:33:00,2019-01-01 00:41:00,0.13,0.0,,0.0,0.0,0.0,0.0,False,3,10,3,False,False,terminal,pca1,load_pipeline (invariant)
XJTU-SY,Bearing2_4,42,LSTM-Autoencoder,lstm_ae,decimate,1,1.0,2019-01-01 00:33:00,2019-01-01 00:41:00,0.13,,,,,,,False,3,10,3,False,False,terminal,pca1,load_pipeline (invariant)
XJTU-SY,Bearing2_4,42,TCN-Autoencoder,tcn,decimate,1,1.0,2019-01-01 00:33:00,2019-01-01 00:41:00,0.13,,,,,,,False,3,10,3,False,False,terminal,pca1,load_pipeline (invariant)
XJTU-SY,Bearing2_4,42,Transformer-AD,transformer_ad,decimate,1,1.0,2019-01-01 00:33:00,2019-01-01 00:41:00,0.13,,,,,,,False,3,10,3,False,False,terminal,pca1,load_pipeline (invariant)
XJTU-SY,Bearing2_4,42,RMS-Trend (kσ),rms_trend,decimate,2,2.0,2019-01-01 00:33:00,2019-01-01 00:41:00,0.13,0.0,,0.0,0.0,0.0,0.0,False,4,5,4,False,False,terminal,pca1,load_pipeline (invariant)
XJTU-SY,Bearing2_4,42,3σ Rule (σ=3.0),three_sigma,decimate,2,2.0,2019-01-01 00:33:00,2019-01-01 00:41:00,0.13,0.2833333333333333,,100.0,2.125,0.0,100.0,False,4,5,4,False,False,terminal,pca1,load_pipeline (invariant)
XJTU-SY,Bearing2_4,42,"EWMA (λ=0.2, k=3.0)",ewma,decimate,2,2.0,2019-01-01 00:33:00,2019-01-01 00:41:00,0.13,0.2833333333333333,,100.0,2.125,0.0,100.0,False,4,5,4,False,False,terminal,pca1,load_pipeline (invariant)
XJTU-SY,Bearing2_4,42,"CUSUM (k=0.5, h=5.0)",cusum,decimate,2,2.0,2019-01-01 00:33:00,2019-01-01 00:41:00,0.13,0.2833333333333333,,100.0,2.125,0.0,100.0,False,4,5,4,False,False,terminal,pca1,load_pipeline (invariant)
XJTU-SY,Bearing2_4,42,Hotelling T²,hotelling_t2,decimate,2,2.0,2019-01-01 00:33:00,2019-01-01 00:41:00,0.13,0.2833333333333333,,100.0,2.125,0.0,100.0,False,4,5,4,False,False,terminal,pca1,load_pipeline (invariant)
XJTU-SY,Bearing2_4,42,Isolation Forest,isolation_forest,decimate,2,2.0,2019-01-01 00:33:00,2019-01-01 00:41:00,0.13,0.0,,0.0,0.0,0.0,0.0,False,4,5,4,False,False,terminal,pca1,load_pipeline (invariant)
XJTU-SY,Bearing2_4,42,Deep SVDD,deep_svdd,decimate,2,2.0,2019-01-01 00:33:00,2019-01-01 00:41:00,0.13,0.0,,0.0,0.0,0.0,0.0,False,4,5,4,False,False,terminal,pca1,load_pipeline (invariant)
XJTU-SY,Bearing2_4,42,LSTM-Autoencoder,lstm_ae,decimate,2,2.0,2019-01-01 00:33:00,2019-01-01 00:41:00,0.13,,,,,,,False,4,5,4,False,False,terminal,pca1,load_pipeline (invariant)
XJTU-SY,Bearing2_4,42,TCN-Autoencoder,tcn,decimate,2,2.0,2019-01-01 00:33:00,2019-01-01 00:41:00,0.13,,,,,,,False,4,5,4,False,False,terminal,pca1,load_pipeline (invariant)
XJTU-SY,Bearing2_4,42,Transformer-AD,transformer_ad,decimate,2,2.0,2019-01-01 00:33:00,2019-01-01 00:41:00,0.13,,,,,,,False,4,5,4,False,False,terminal,pca1,load_pipeline (invariant)
XJTU-SY,Bearing2_4,42,RMS-Trend (kσ),rms_trend,decimate,5,5.0,2019-01-01 00:33:00,2019-01-01 00:41:00,0.13,0.0,,0.0,0.0,0.0,0.0,False,3,3,2,True,False,terminal,pca1,load_pipeline (invariant)
XJTU-SY,Bearing2_4,42,3σ Rule (σ=3.0),three_sigma,decimate,5,5.0,2019-01-01 00:33:00,2019-01-01 00:41:00,0.13,0.26666666666666666,,100.0,2.0,0.0,100.0,False,3,3,2,True,False,terminal,pca1,load_pipeline (invariant)
XJTU-SY,Bearing2_4,42,"EWMA (λ=0.2, k=3.0)",ewma,decimate,5,5.0,2019-01-01 00:33:00,2019-01-01 00:41:00,0.13,0.26666666666666666,,100.0,2.0,0.0,100.0,False,3,3,2,True,False,terminal,pca1,load_pipeline (invariant)
XJTU-SY,Bearing2_4,42,"CUSUM (k=0.5, h=5.0)",cusum,decimate,5,5.0,2019-01-01 00:33:00,2019-01-01 00:41:00,0.13,0.26666666666666666,,100.0,2.0,0.0,100.0,False,3,3,2,True,False,terminal,pca1,load_pipeline (invariant)
XJTU-SY,Bearing2_4,42,Hotelling T²,hotelling_t2,decimate,5,5.0,2019-01-01 00:33:00,2019-01-01 00:41:00,0.13,0.26666666666666666,,100.0,2.0,0.0,100.0,False,3,3,2,True,False,terminal,pca1,load_pipeline (invariant)
XJTU-SY,Bearing2_4,42,Isolation Forest,isolation_forest,decimate,5,5.0,2019-01-01 00:33:00,2019-01-01 00:41:00,0.13,0.26666666666666666,,100.0,2.0,0.0,100.0,False,3,3,2,True,False,terminal,pca1,load_pipeline (invariant)
XJTU-SY,Bearing2_4,42,Deep SVDD,deep_svdd,decimate,5,5.0,2019-01-01 00:33:00,2019-01-01 00:41:00,0.13,0.0,,0.0,0.0,0.0,0.0,False,3,3,2,True,False,terminal,pca1,load_pipeline (invariant)
XJTU-SY,Bearing2_4,42,LSTM-Autoencoder,lstm_ae,decimate,5,5.0,2019-01-01 00:33:00,2019-01-01 00:41:00,0.13,,,,,,,False,3,3,2,True,False,terminal,pca1,load_pipeline (invariant)
XJTU-SY,Bearing2_4,42,TCN-Autoencoder,tcn,decimate,5,5.0,2019-01-01 00:33:00,2019-01-01 00:41:00,0.13,,,,,,,False,3,3,2,True,False,terminal,pca1,load_pipeline (invariant)
XJTU-SY,Bearing2_4,42,Transformer-AD,transformer_ad,decimate,5,5.0,2019-01-01 00:33:00,2019-01-01 00:41:00,0.13,,,,,,,False,3,3,2,True,False,terminal,pca1,load_pipeline (invariant)
XJTU-SY,Bearing2_5,42,RMS-Trend (kσ),rms_trend,aggregate,1,1.0,2019-01-01 03:54:00,2019-01-01 05:38:00,1.73,0.0,,0.0,0.0,0.0,0.0,False,27,10,3,False,False,terminal,pca1,load_pipeline (invariant)
XJTU-SY,Bearing2_5,42,3σ Rule (σ=3.0),three_sigma,aggregate,1,1.0,2019-01-01 03:54:00,2019-01-01 05:38:00,1.73,2.3,,100.0,1.3269230769230769,0.0,100.0,False,27,10,3,False,False,terminal,pca1,load_pipeline (invariant)
XJTU-SY,Bearing2_5,42,"EWMA (λ=0.2, k=3.0)",ewma,aggregate,1,1.0,2019-01-01 03:54:00,2019-01-01 05:38:00,1.73,2.3,,100.0,1.3269230769230769,0.0,100.0,False,27,10,3,False,False,terminal,pca1,load_pipeline (invariant)
XJTU-SY,Bearing2_5,42,"CUSUM (k=0.5, h=5.0)",cusum,aggregate,1,1.0,2019-01-01 03:54:00,2019-01-01 05:38:00,1.73,2.3,,100.0,1.3269230769230769,0.0,100.0,False,27,10,3,False,False,terminal,pca1,load_pipeline (invariant)
XJTU-SY,Bearing2_5,42,Hotelling T²,hotelling_t2,aggregate,1,1.0,2019-01-01 03:54:00,2019-01-01 05:38:00,1.73,2.3,,100.0,1.3269230769230769,0.0,100.0,False,27,10,3,False,False,terminal,pca1,load_pipeline (invariant)
XJTU-SY,Bearing2_5,42,Isolation Forest,isolation_forest,aggregate,1,1.0,2019-01-01 03:54:00,2019-01-01 05:38:00,1.73,2.3,,85.71428571428571,1.3269230769230769,0.0,100.0,False,27,10,3,False,False,terminal,pca1,load_pipeline (invariant)
XJTU-SY,Bearing2_5,42,Deep SVDD,deep_svdd,aggregate,1,1.0,2019-01-01 03:54:00,2019-01-01 05:38:00,1.73,0.0,,0.0,0.0,0.0,0.0,False,27,10,3,False,False,terminal,pca1,load_pipeline (invariant)
XJTU-SY,Bearing2_5,42,LSTM-Autoencoder,lstm_ae,aggregate,1,1.0,2019-01-01 03:54:00,2019-01-01 05:38:00,1.73,,,,,,,False,27,10,3,False,False,terminal,pca1,load_pipeline (invariant)
XJTU-SY,Bearing2_5,42,TCN-Autoencoder,tcn,aggregate,1,1.0,2019-01-01 03:54:00,2019-01-01 05:38:00,1.73,,,,,,,False,27,10,3,False,False,terminal,pca1,load_pipeline (invariant)
XJTU-SY,Bearing2_5,42,Transformer-AD,transformer_ad,aggregate,1,1.0,2019-01-01 03:54:00,2019-01-01 05:38:00,1.73,,,,,,,False,27,10,3,False,False,terminal,pca1,load_pipeline (invariant)
XJTU-SY,Bearing2_5,42,RMS-Trend (kσ),rms_trend,aggregate,2,2.0,2019-01-01 03:54:00,2019-01-01 05:38:00,1.73,0.0,,0.0,0.0,0.0,0.0,False,34,5,4,False,False,terminal,pca1,load_pipeline (invariant)
XJTU-SY,Bearing2_5,42,3σ Rule (σ=3.0),three_sigma,aggregate,2,2.0,2019-01-01 03:54:00,2019-01-01 05:38:00,1.73,2.3,,100.0,1.3269230769230769,0.0,100.0,False,34,5,4,False,False,terminal,pca1,load_pipeline (invariant)
XJTU-SY,Bearing2_5,42,"EWMA (λ=0.2, k=3.0)",ewma,aggregate,2,2.0,2019-01-01 03:54:00,2019-01-01 05:38:00,1.73,2.3,,100.0,1.3269230769230769,0.0,100.0,False,34,5,4,False,False,terminal,pca1,load_pipeline (invariant)
XJTU-SY,Bearing2_5,42,"CUSUM (k=0.5, h=5.0)",cusum,aggregate,2,2.0,2019-01-01 03:54:00,2019-01-01 05:38:00,1.73,2.3,,100.0,1.3269230769230769,0.0,100.0,False,34,5,4,False,False,terminal,pca1,load_pipeline (invariant)
XJTU-SY,Bearing2_5,42,Hotelling T²,hotelling_t2,aggregate,2,2.0,2019-01-01 03:54:00,2019-01-01 05:38:00,1.73,2.3,,100.0,1.3269230769230769,0.0,100.0,False,34,5,4,False,False,terminal,pca1,load_pipeline (invariant)
XJTU-SY,Bearing2_5,42,Isolation Forest,isolation_forest,aggregate,2,2.0,2019-01-01 03:54:00,2019-01-01 05:38:00,1.73,2.3,,100.0,1.3269230769230769,0.0,100.0,False,34,5,4,False,False,terminal,pca1,load_pipeline (invariant)
XJTU-SY,Bearing2_5,42,Deep SVDD,deep_svdd,aggregate,2,2.0,2019-01-01 03:54:00,2019-01-01 05:38:00,1.73,0.0,,0.0,0.0,0.0,0.0,False,34,5,4,False,False,terminal,pca1,load_pipeline (invariant)
XJTU-SY,Bearing2_5,42,LSTM-Autoencoder,lstm_ae,aggregate,2,2.0,2019-01-01 03:54:00,2019-01-01 05:38:00,1.73,2.3,,100.0,1.3269230769230769,0.0,100.0,False,34,5,4,False,False,terminal,pca1,load_pipeline (invariant)
XJTU-SY,Bearing2_5,42,TCN-Autoencoder,tcn,aggregate,2,2.0,2019-01-01 03:54:00,2019-01-01 05:38:00,1.73,2.3,,100.0,1.3269230769230769,0.0,100.0,False,34,5,4,False,False,terminal,pca1,load_pipeline (invariant)
XJTU-SY,Bearing2_5,42,Transformer-AD,transformer_ad,aggregate,2,2.0,2019-01-01 03:54:00,2019-01-01 05:38:00,1.73,2.3,,100.0,1.3269230769230769,0.0,100.0,False,34,5,4,False,False,terminal,pca1,load_pipeline (invariant)
XJTU-SY,Bearing2_5,42,RMS-Trend (kσ),rms_trend,aggregate,5,5.0,2019-01-01 03:54:00,2019-01-01 05:38:00,1.73,0.21666666666666667,1.5166666666666666,0.0,0.125,0.21666666666666667,0.0,True,27,3,2,True,False,terminal,pca1,load_pipeline (invariant)
XJTU-SY,Bearing2_5,42,3σ Rule (σ=3.0),three_sigma,aggregate,5,5.0,2019-01-01 03:54:00,2019-01-01 05:38:00,1.73,2.3,,100.0,1.3269230769230769,0.0,100.0,False,27,3,2,True,False,terminal,pca1,load_pipeline (invariant)
XJTU-SY,Bearing2_5,42,"EWMA (λ=0.2, k=3.0)",ewma,aggregate,5,5.0,2019-01-01 03:54:00,2019-01-01 05:38:00,1.73,2.3,,100.0,1.3269230769230769,0.0,100.0,False,27,3,2,True,False,terminal,pca1,load_pipeline (invariant)
XJTU-SY,Bearing2_5,42,"CUSUM (k=0.5, h=5.0)",cusum,aggregate,5,5.0,2019-01-01 03:54:00,2019-01-01 05:38:00,1.73,2.3,,100.0,1.3269230769230769,0.0,100.0,False,27,3,2,True,False,terminal,pca1,load_pipeline (invariant)
XJTU-SY,Bearing2_5,42,Hotelling T²,hotelling_t2,aggregate,5,5.0,2019-01-01 03:54:00,2019-01-01 05:38:00,1.73,2.3,,100.0,1.3269230769230769,0.0,100.0,False,27,3,2,True,False,terminal,pca1,load_pipeline (invariant)
XJTU-SY,Bearing2_5,42,Isolation Forest,isolation_forest,aggregate,5,5.0,2019-01-01 03:54:00,2019-01-01 05:38:00,1.73,2.3,,71.42857142857143,1.3269230769230769,0.0,100.0,False,27,3,2,True,False,terminal,pca1,load_pipeline (invariant)
XJTU-SY,Bearing2_5,42,Deep SVDD,deep_svdd,aggregate,5,5.0,2019-01-01 03:54:00,2019-01-01 05:38:00,1.73,0.6333333333333333,1.1,0.0,0.36538461538461536,0.6333333333333333,0.0,True,27,3,2,True,False,terminal,pca1,load_pipeline (invariant)
XJTU-SY,Bearing2_5,42,LSTM-Autoencoder,lstm_ae,aggregate,5,5.0,2019-01-01 03:54:00,2019-01-01 05:38:00,1.73,,,,,,,False,27,3,2,True,False,terminal,pca1,load_pipeline (invariant)
XJTU-SY,Bearing2_5,42,TCN-Autoencoder,tcn,aggregate,5,5.0,2019-01-01 03:54:00,2019-01-01 05:38:00,1.73,,,,,,,False,27,3,2,True,False,terminal,pca1,load_pipeline (invariant)
XJTU-SY,Bearing2_5,42,Transformer-AD,transformer_ad,aggregate,5,5.0,2019-01-01 03:54:00,2019-01-01 05:38:00,1.73,,,,,,,False,27,3,2,True,False,terminal,pca1,load_pipeline (invariant)
XJTU-SY,Bearing2_5,42,RMS-Trend (kσ),rms_trend,aggregate,10,10.0,2019-01-01 03:54:00,2019-01-01 05:38:00,1.73,0.6333333333333333,1.1,0.0,0.36538461538461536,0.6333333333333333,0.0,True,13,3,1,True,False,terminal,pca1,load_pipeline (invariant)
XJTU-SY,Bearing2_5,42,3σ Rule (σ=3.0),three_sigma,aggregate,10,10.0,2019-01-01 03:54:00,2019-01-01 05:38:00,1.73,2.3,,100.0,1.3269230769230769,0.0,100.0,False,13,3,1,True,False,terminal,pca1,load_pipeline (invariant)
XJTU-SY,Bearing2_5,42,"EWMA (λ=0.2, k=3.0)",ewma,aggregate,10,10.0,2019-01-01 03:54:00,2019-01-01 05:38:00,1.73,2.3,,100.0,1.3269230769230769,0.0,100.0,False,13,3,1,True,False,terminal,pca1,load_pipeline (invariant)
XJTU-SY,Bearing2_5,42,"CUSUM (k=0.5, h=5.0)",cusum,aggregate,10,10.0,2019-01-01 03:54:00,2019-01-01 05:38:00,1.73,2.3,,100.0,1.3269230769230769,0.0,100.0,False,13,3,1,True,False,terminal,pca1,load_pipeline (invariant)
XJTU-SY,Bearing2_5,42,Hotelling T²,hotelling_t2,aggregate,10,10.0,2019-01-01 03:54:00,2019-01-01 05:38:00,1.73,2.3,,100.0,1.3269230769230769,0.0,100.0,False,13,3,1,True,False,terminal,pca1,load_pipeline (invariant)
XJTU-SY,Bearing2_5,42,Isolation Forest,isolation_forest,aggregate,10,10.0,2019-01-01 03:54:00,2019-01-01 05:38:00,1.73,2.3,,100.0,1.3269230769230769,0.0,100.0,False,13,3,1,True,False,terminal,pca1,load_pipeline (invariant)
XJTU-SY,Bearing2_5,42,Deep SVDD,deep_svdd,aggregate,10,10.0,2019-01-01 03:54:00,2019-01-01 05:38:00,1.73,0.3,1.4333333333333333,0.0,0.17307692307692307,0.3,0.0,True,13,3,1,True,False,terminal,pca1,load_pipeline (invariant)
XJTU-SY,Bearing2_5,42,LSTM-Autoencoder,lstm_ae,aggregate,10,10.0,2019-01-01 03:54:00,2019-01-01 05:38:00,1.73,,,,,,,False,13,3,1,True,False,terminal,pca1,load_pipeline (invariant)
XJTU-SY,Bearing2_5,42,TCN-Autoencoder,tcn,aggregate,10,10.0,2019-01-01 03:54:00,2019-01-01 05:38:00,1.73,,,,,,,False,13,3,1,True,False,terminal,pca1,load_pipeline (invariant)
XJTU-SY,Bearing2_5,42,Transformer-AD,transformer_ad,aggregate,10,10.0,2019-01-01 03:54:00,2019-01-01 05:38:00,1.73,,,,,,,False,13,3,1,True,False,terminal,pca1,load_pipeline (invariant)
XJTU-SY,Bearing2_5,42,RMS-Trend (kσ),rms_trend,aggregate,20,20.0,2019-01-01 03:54:00,2019-01-01 05:38:00,1.73,0.6333333333333333,1.1,0.0,0.36538461538461536,0.6333333333333333,0.0,True,6,3,1,True,False,terminal,pca1,load_pipeline (invariant)
XJTU-SY,Bearing2_5,42,3σ Rule (σ=3.0),three_sigma,aggregate,20,20.0,2019-01-01 03:54:00,2019-01-01 05:38:00,1.73,2.3,,100.0,1.3269230769230769,0.0,100.0,False,6,3,1,True,False,terminal,pca1,load_pipeline (invariant)
XJTU-SY,Bearing2_5,42,"EWMA (λ=0.2, k=3.0)",ewma,aggregate,20,20.0,2019-01-01 03:54:00,2019-01-01 05:38:00,1.73,2.3,,100.0,1.3269230769230769,0.0,100.0,False,6,3,1,True,False,terminal,pca1,load_pipeline (invariant)
XJTU-SY,Bearing2_5,42,"CUSUM (k=0.5, h=5.0)",cusum,aggregate,20,20.0,2019-01-01 03:54:00,2019-01-01 05:38:00,1.73,2.3,,100.0,1.3269230769230769,0.0,100.0,False,6,3,1,True,False,terminal,pca1,load_pipeline (invariant)
XJTU-SY,Bearing2_5,42,Hotelling T²,hotelling_t2,aggregate,20,20.0,2019-01-01 03:54:00,2019-01-01 05:38:00,1.73,2.3,,100.0,1.3269230769230769,0.0,100.0,False,6,3,1,True,False,terminal,pca1,load_pipeline (invariant)
XJTU-SY,Bearing2_5,42,Isolation Forest,isolation_forest,aggregate,20,20.0,2019-01-01 03:54:00,2019-01-01 05:38:00,1.73,1.3,0.43333333333333335,0.0,0.75,1.3,0.0,True,6,3,1,True,False,terminal,pca1,load_pipeline (invariant)
XJTU-SY,Bearing2_5,42,Deep SVDD,deep_svdd,aggregate,20,20.0,2019-01-01 03:54:00,2019-01-01 05:38:00,1.73,0.6333333333333333,1.1,0.0,0.36538461538461536,0.6333333333333333,0.0,True,6,3,1,True,False,terminal,pca1,load_pipeline (invariant)
XJTU-SY,Bearing2_5,42,LSTM-Autoencoder,lstm_ae,aggregate,20,20.0,2019-01-01 03:54:00,2019-01-01 05:38:00,1.73,,,,,,,False,6,3,1,True,False,terminal,pca1,load_pipeline (invariant)
XJTU-SY,Bearing2_5,42,TCN-Autoencoder,tcn,aggregate,20,20.0,2019-01-01 03:54:00,2019-01-01 05:38:00,1.73,,,,,,,False,6,3,1,True,False,terminal,pca1,load_pipeline (invariant)
XJTU-SY,Bearing2_5,42,Transformer-AD,transformer_ad,aggregate,20,20.0,2019-01-01 03:54:00,2019-01-01 05:38:00,1.73,,,,,,,False,6,3,1,True,False,terminal,pca1,load_pipeline (invariant)
XJTU-SY,Bearing2_5,42,RMS-Trend (kσ),rms_trend,decimate,1,1.0,2019-01-01 03:54:00,2019-01-01 05:38:00,1.73,0.0,,0.0,0.0,0.0,0.0,False,27,10,3,False,False,terminal,pca1,load_pipeline (invariant)
XJTU-SY,Bearing2_5,42,3σ Rule (σ=3.0),three_sigma,decimate,1,1.0,2019-01-01 03:54:00,2019-01-01 05:38:00,1.73,2.3,,100.0,1.3269230769230769,0.0,100.0,False,27,10,3,False,False,terminal,pca1,load_pipeline (invariant)
XJTU-SY,Bearing2_5,42,"EWMA (λ=0.2, k=3.0)",ewma,decimate,1,1.0,2019-01-01 03:54:00,2019-01-01 05:38:00,1.73,2.3,,100.0,1.3269230769230769,0.0,100.0,False,27,10,3,False,False,terminal,pca1,load_pipeline (invariant)
XJTU-SY,Bearing2_5,42,"CUSUM (k=0.5, h=5.0)",cusum,decimate,1,1.0,2019-01-01 03:54:00,2019-01-01 05:38:00,1.73,2.3,,100.0,1.3269230769230769,0.0,100.0,False,27,10,3,False,False,terminal,pca1,load_pipeline (invariant)
XJTU-SY,Bearing2_5,42,Hotelling T²,hotelling_t2,decimate,1,1.0,2019-01-01 03:54:00,2019-01-01 05:38:00,1.73,2.3,,100.0,1.3269230769230769,0.0,100.0,False,27,10,3,False,False,terminal,pca1,load_pipeline (invariant)
XJTU-SY,Bearing2_5,42,Isolation Forest,isolation_forest,decimate,1,1.0,2019-01-01 03:54:00,2019-01-01 05:38:00,1.73,2.3,,85.71428571428571,1.3269230769230769,0.0,100.0,False,27,10,3,False,False,terminal,pca1,load_pipeline (invariant)
XJTU-SY,Bearing2_5,42,Deep SVDD,deep_svdd,decimate,1,1.0,2019-01-01 03:54:00,2019-01-01 05:38:00,1.73,0.0,,0.0,0.0,0.0,0.0,False,27,10,3,False,False,terminal,pca1,load_pipeline (invariant)
XJTU-SY,Bearing2_5,42,LSTM-Autoencoder,lstm_ae,decimate,1,1.0,2019-01-01 03:54:00,2019-01-01 05:38:00,1.73,,,,,,,False,27,10,3,False,False,terminal,pca1,load_pipeline (invariant)
XJTU-SY,Bearing2_5,42,TCN-Autoencoder,tcn,decimate,1,1.0,2019-01-01 03:54:00,2019-01-01 05:38:00,1.73,,,,,,,False,27,10,3,False,False,terminal,pca1,load_pipeline (invariant)
XJTU-SY,Bearing2_5,42,Transformer-AD,transformer_ad,decimate,1,1.0,2019-01-01 03:54:00,2019-01-01 05:38:00,1.73,,,,,,,False,27,10,3,False,False,terminal,pca1,load_pipeline (invariant)
XJTU-SY,Bearing2_5,42,RMS-Trend (kσ),rms_trend,decimate,2,2.0,2019-01-01 03:54:00,2019-01-01 05:38:00,1.73,0.0,,0.0,0.0,0.0,0.0,False,34,5,4,False,False,terminal,pca1,load_pipeline (invariant)
XJTU-SY,Bearing2_5,42,3σ Rule (σ=3.0),three_sigma,decimate,2,2.0,2019-01-01 03:54:00,2019-01-01 05:38:00,1.73,2.3,,100.0,1.3269230769230769,0.0,100.0,False,34,5,4,False,False,terminal,pca1,load_pipeline (invariant)
XJTU-SY,Bearing2_5,42,"EWMA (λ=0.2, k=3.0)",ewma,decimate,2,2.0,2019-01-01 03:54:00,2019-01-01 05:38:00,1.73,2.3,,100.0,1.3269230769230769,0.0,100.0,False,34,5,4,False,False,terminal,pca1,load_pipeline (invariant)
XJTU-SY,Bearing2_5,42,"CUSUM (k=0.5, h=5.0)",cusum,decimate,2,2.0,2019-01-01 03:54:00,2019-01-01 05:38:00,1.73,2.3,,100.0,1.3269230769230769,0.0,100.0,False,34,5,4,False,False,terminal,pca1,load_pipeline (invariant)
XJTU-SY,Bearing2_5,42,Hotelling T²,hotelling_t2,decimate,2,2.0,2019-01-01 03:54:00,2019-01-01 05:38:00,1.73,2.3,,100.0,1.3269230769230769,0.0,100.0,False,34,5,4,False,False,terminal,pca1,load_pipeline (invariant)
XJTU-SY,Bearing2_5,42,Isolation Forest,isolation_forest,decimate,2,2.0,2019-01-01 03:54:00,2019-01-01 05:38:00,1.73,2.3,,100.0,1.3269230769230769,0.0,100.0,False,34,5,4,False,False,terminal,pca1,load_pipeline (invariant)
XJTU-SY,Bearing2_5,42,Deep SVDD,deep_svdd,decimate,2,2.0,2019-01-01 03:54:00,2019-01-01 05:38:00,1.73,0.0,,0.0,0.0,0.0,0.0,False,34,5,4,False,False,terminal,pca1,load_pipeline (invariant)
XJTU-SY,Bearing2_5,42,LSTM-Autoencoder,lstm_ae,decimate,2,2.0,2019-01-01 03:54:00,2019-01-01 05:38:00,1.73,2.3,,100.0,1.3269230769230769,0.0,100.0,False,34,5,4,False,False,terminal,pca1,load_pipeline (invariant)
XJTU-SY,Bearing2_5,42,TCN-Autoencoder,tcn,decimate,2,2.0,2019-01-01 03:54:00,2019-01-01 05:38:00,1.73,2.3,,100.0,1.3269230769230769,0.0,100.0,False,34,5,4,False,False,terminal,pca1,load_pipeline (invariant)
XJTU-SY,Bearing2_5,42,Transformer-AD,transformer_ad,decimate,2,2.0,2019-01-01 03:54:00,2019-01-01 05:38:00,1.73,2.3,,100.0,1.3269230769230769,0.0,100.0,False,34,5,4,False,False,terminal,pca1,load_pipeline (invariant)
XJTU-SY,Bearing2_5,42,RMS-Trend (kσ),rms_trend,decimate,5,5.0,2019-01-01 03:54:00,2019-01-01 05:38:00,1.73,0.55,1.1833333333333333,0.0,0.31730769230769235,0.55,0.0,True,27,3,2,True,False,terminal,pca1,load_pipeline (invariant)
XJTU-SY,Bearing2_5,42,3σ Rule (σ=3.0),three_sigma,decimate,5,5.0,2019-01-01 03:54:00,2019-01-01 05:38:00,1.73,2.3,,100.0,1.3269230769230769,0.0,100.0,False,27,3,2,True,False,terminal,pca1,load_pipeline (invariant)
XJTU-SY,Bearing2_5,42,"EWMA (λ=0.2, k=3.0)",ewma,decimate,5,5.0,2019-01-01 03:54:00,2019-01-01 05:38:00,1.73,2.3,,100.0,1.3269230769230769,0.0,100.0,False,27,3,2,True,False,terminal,pca1,load_pipeline (invariant)
XJTU-SY,Bearing2_5,42,"CUSUM (k=0.5, h=5.0)",cusum,decimate,5,5.0,2019-01-01 03:54:00,2019-01-01 05:38:00,1.73,2.3,,100.0,1.3269230769230769,0.0,100.0,False,27,3,2,True,False,terminal,pca1,load_pipeline (invariant)
XJTU-SY,Bearing2_5,42,Hotelling T²,hotelling_t2,decimate,5,5.0,2019-01-01 03:54:00,2019-01-01 05:38:00,1.73,2.3,,100.0,1.3269230769230769,0.0,100.0,False,27,3,2,True,False,terminal,pca1,load_pipeline (invariant)
XJTU-SY,Bearing2_5,42,Isolation Forest,isolation_forest,decimate,5,5.0,2019-01-01 03:54:00,2019-01-01 05:38:00,1.73,2.3,,100.0,1.3269230769230769,0.0,100.0,False,27,3,2,True,False,terminal,pca1,load_pipeline (invariant)
XJTU-SY,Bearing2_5,42,Deep SVDD,deep_svdd,decimate,5,5.0,2019-01-01 03:54:00,2019-01-01 05:38:00,1.73,0.0,,0.0,0.0,0.0,0.0,False,27,3,2,True,False,terminal,pca1,load_pipeline (invariant)
XJTU-SY,Bearing2_5,42,LSTM-Autoencoder,lstm_ae,decimate,5,5.0,2019-01-01 03:54:00,2019-01-01 05:38:00,1.73,,,,,,,False,27,3,2,True,False,terminal,pca1,load_pipeline (invariant)
XJTU-SY,Bearing2_5,42,TCN-Autoencoder,tcn,decimate,5,5.0,2019-01-01 03:54:00,2019-01-01 05:38:00,1.73,,,,,,,False,27,3,2,True,False,terminal,pca1,load_pipeline (invariant)
XJTU-SY,Bearing2_5,42,Transformer-AD,transformer_ad,decimate,5,5.0,2019-01-01 03:54:00,2019-01-01 05:38:00,1.73,,,,,,,False,27,3,2,True,False,terminal,pca1,load_pipeline (invariant)
XJTU-SY,Bearing2_5,42,RMS-Trend (kσ),rms_trend,decimate,10,10.0,2019-01-01 03:54:00,2019-01-01 05:38:00,1.73,0.6333333333333333,1.1,0.0,0.36538461538461536,0.6333333333333333,0.0,True,13,3,1,True,False,terminal,pca1,load_pipeline (invariant)
XJTU-SY,Bearing2_5,42,3σ Rule (σ=3.0),three_sigma,decimate,10,10.0,2019-01-01 03:54:00,2019-01-01 05:38:00,1.73,2.3,,100.0,1.3269230769230769,0.0,100.0,False,13,3,1,True,False,terminal,pca1,load_pipeline (invariant)
XJTU-SY,Bearing2_5,42,"EWMA (λ=0.2, k=3.0)",ewma,decimate,10,10.0,2019-01-01 03:54:00,2019-01-01 05:38:00,1.73,2.3,,100.0,1.3269230769230769,0.0,100.0,False,13,3,1,True,False,terminal,pca1,load_pipeline (invariant)
XJTU-SY,Bearing2_5,42,"CUSUM (k=0.5, h=5.0)",cusum,decimate,10,10.0,2019-01-01 03:54:00,2019-01-01 05:38:00,1.73,2.3,,100.0,1.3269230769230769,0.0,100.0,False,13,3,1,True,False,terminal,pca1,load_pipeline (invariant)
XJTU-SY,Bearing2_5,42,Hotelling T²,hotelling_t2,decimate,10,10.0,2019-01-01 03:54:00,2019-01-01 05:38:00,1.73,2.3,,100.0,1.3269230769230769,0.0,100.0,False,13,3,1,True,False,terminal,pca1,load_pipeline (invariant)
XJTU-SY,Bearing2_5,42,Isolation Forest,isolation_forest,decimate,10,10.0,2019-01-01 03:54:00,2019-01-01 05:38:00,1.73,2.3,,100.0,1.3269230769230769,0.0,100.0,False,13,3,1,True,False,terminal,pca1,load_pipeline (invariant)
XJTU-SY,Bearing2_5,42,Deep SVDD,deep_svdd,decimate,10,10.0,2019-01-01 03:54:00,2019-01-01 05:38:00,1.73,0.3,1.4333333333333333,0.0,0.17307692307692307,0.3,0.0,True,13,3,1,True,False,terminal,pca1,load_pipeline (invariant)
XJTU-SY,Bearing2_5,42,LSTM-Autoencoder,lstm_ae,decimate,10,10.0,2019-01-01 03:54:00,2019-01-01 05:38:00,1.73,,,,,,,False,13,3,1,True,False,terminal,pca1,load_pipeline (invariant)
XJTU-SY,Bearing2_5,42,TCN-Autoencoder,tcn,decimate,10,10.0,2019-01-01 03:54:00,2019-01-01 05:38:00,1.73,,,,,,,False,13,3,1,True,False,terminal,pca1,load_pipeline (invariant)
XJTU-SY,Bearing2_5,42,Transformer-AD,transformer_ad,decimate,10,10.0,2019-01-01 03:54:00,2019-01-01 05:38:00,1.73,,,,,,,False,13,3,1,True,False,terminal,pca1,load_pipeline (invariant)
XJTU-SY,Bearing2_5,42,RMS-Trend (kσ),rms_trend,decimate,20,20.0,2019-01-01 03:54:00,2019-01-01 05:38:00,1.73,0.6333333333333333,1.1,0.0,0.36538461538461536,0.6333333333333333,0.0,True,6,3,1,True,False,terminal,pca1,load_pipeline (invariant)
XJTU-SY,Bearing2_5,42,3σ Rule (σ=3.0),three_sigma,decimate,20,20.0,2019-01-01 03:54:00,2019-01-01 05:38:00,1.73,2.3,,100.0,1.3269230769230769,0.0,100.0,False,6,3,1,True,False,terminal,pca1,load_pipeline (invariant)
XJTU-SY,Bearing2_5,42,"EWMA (λ=0.2, k=3.0)",ewma,decimate,20,20.0,2019-01-01 03:54:00,2019-01-01 05:38:00,1.73,2.3,,100.0,1.3269230769230769,0.0,100.0,False,6,3,1,True,False,terminal,pca1,load_pipeline (invariant)
XJTU-SY,Bearing2_5,42,"CUSUM (k=0.5, h=5.0)",cusum,decimate,20,20.0,2019-01-01 03:54:00,2019-01-01 05:38:00,1.73,2.3,,100.0,1.3269230769230769,0.0,100.0,False,6,3,1,True,False,terminal,pca1,load_pipeline (invariant)
XJTU-SY,Bearing2_5,42,Hotelling T²,hotelling_t2,decimate,20,20.0,2019-01-01 03:54:00,2019-01-01 05:38:00,1.73,2.3,,100.0,1.3269230769230769,0.0,100.0,False,6,3,1,True,False,terminal,pca1,load_pipeline (invariant)
XJTU-SY,Bearing2_5,42,Isolation Forest,isolation_forest,decimate,20,20.0,2019-01-01 03:54:00,2019-01-01 05:38:00,1.73,2.3,,100.0,1.3269230769230769,0.0,100.0,False,6,3,1,True,False,terminal,pca1,load_pipeline (invariant)
XJTU-SY,Bearing2_5,42,Deep SVDD,deep_svdd,decimate,20,20.0,2019-01-01 03:54:00,2019-01-01 05:38:00,1.73,0.6333333333333333,1.1,0.0,0.36538461538461536,0.6333333333333333,0.0,True,6,3,1,True,False,terminal,pca1,load_pipeline (invariant)
XJTU-SY,Bearing2_5,42,LSTM-Autoencoder,lstm_ae,decimate,20,20.0,2019-01-01 03:54:00,2019-01-01 05:38:00,1.73,,,,,,,False,6,3,1,True,False,terminal,pca1,load_pipeline (invariant)
XJTU-SY,Bearing2_5,42,TCN-Autoencoder,tcn,decimate,20,20.0,2019-01-01 03:54:00,2019-01-01 05:38:00,1.73,,,,,,,False,6,3,1,True,False,terminal,pca1,load_pipeline (invariant)
XJTU-SY,Bearing2_5,42,Transformer-AD,transformer_ad,decimate,20,20.0,2019-01-01 03:54:00,2019-01-01 05:38:00,1.73,,,,,,,False,6,3,1,True,False,terminal,pca1,load_pipeline (invariant)
XJTU-SY,Bearing1_1,42,One-Class SVM (nu=0.05),one_class_svm,aggregate,1,1.0,,2019-01-01 02:02:00,,0.8666666666666667,,100.0,,0.0,100.0,False,10,10,3,False,False,terminal,pca1,load_pipeline (invariant)
XJTU-SY,Bearing1_1,42,One-Class SVM (nu=0.05),one_class_svm,aggregate,2,2.0,,2019-01-01 02:02:00,,0.8333333333333334,,100.0,,0.0,100.0,False,12,5,4,False,False,terminal,pca1,load_pipeline (invariant)
XJTU-SY,Bearing1_1,42,One-Class SVM (nu=0.05),one_class_svm,aggregate,5,5.0,,2019-01-01 02:02:00,,0.8666666666666667,,100.0,,0.0,100.0,False,10,3,2,True,False,terminal,pca1,load_pipeline (invariant)
XJTU-SY,Bearing1_1,42,One-Class SVM (nu=0.05),one_class_svm,aggregate,10,10.0,,2019-01-01 02:02:00,,0.8666666666666667,,100.0,,0.0,100.0,False,5,3,1,True,False,terminal,pca1,load_pipeline (invariant)
XJTU-SY,Bearing1_1,42,One-Class SVM (nu=0.05),one_class_svm,aggregate,20,20.0,,2019-01-01 02:02:00,,0.7,,100.0,,0.0,100.0,False,2,3,1,True,False,terminal,pca1,load_pipeline (invariant)
XJTU-SY,Bearing1_1,42,One-Class SVM (nu=0.05),one_class_svm,decimate,1,1.0,,2019-01-01 02:02:00,,0.8666666666666667,,100.0,,0.0,100.0,False,10,10,3,False,False,terminal,pca1,load_pipeline (invariant)
XJTU-SY,Bearing1_1,42,One-Class SVM (nu=0.05),one_class_svm,decimate,2,2.0,,2019-01-01 02:02:00,,0.8333333333333334,,100.0,,0.0,100.0,False,12,5,4,False,False,terminal,pca1,load_pipeline (invariant)
XJTU-SY,Bearing1_1,42,One-Class SVM (nu=0.05),one_class_svm,decimate,5,5.0,,2019-01-01 02:02:00,,0.8666666666666667,,100.0,,0.0,100.0,False,10,3,2,True,False,terminal,pca1,load_pipeline (invariant)
XJTU-SY,Bearing1_1,42,One-Class SVM (nu=0.05),one_class_svm,decimate,10,10.0,,2019-01-01 02:02:00,,0.8666666666666667,,100.0,,0.0,100.0,False,5,3,1,True,False,terminal,pca1,load_pipeline (invariant)
XJTU-SY,Bearing1_1,42,One-Class SVM (nu=0.05),one_class_svm,decimate,20,20.0,,2019-01-01 02:02:00,,0.7,,100.0,,0.0,100.0,False,2,3,1,True,False,terminal,pca1,load_pipeline (invariant)
XJTU-SY,Bearing1_2,42,One-Class SVM (nu=0.05),one_class_svm,aggregate,1,1.0,,2019-01-01 02:40:00,,1.0833333333333333,,100.0,,0.0,100.0,False,13,10,3,False,False,terminal,pca1,load_pipeline (invariant)
XJTU-SY,Bearing1_2,42,One-Class SVM (nu=0.05),one_class_svm,aggregate,2,2.0,,2019-01-01 02:40:00,,1.0666666666666667,,100.0,,0.0,100.0,False,16,5,4,False,False,terminal,pca1,load_pipeline (invariant)
XJTU-SY,Bearing1_2,42,One-Class SVM (nu=0.05),one_class_svm,aggregate,5,5.0,,2019-01-01 02:40:00,,1.0833333333333333,,100.0,,0.0,100.0,False,13,3,2,True,False,terminal,pca1,load_pipeline (invariant)
XJTU-SY,Bearing1_2,42,One-Class SVM (nu=0.05),one_class_svm,aggregate,10,10.0,,2019-01-01 02:40:00,,1.0,,100.0,,0.0,100.0,False,6,3,1,True,False,terminal,pca1,load_pipeline (invariant)
XJTU-SY,Bearing1_2,42,One-Class SVM (nu=0.05),one_class_svm,aggregate,20,20.0,,2019-01-01 02:40:00,,1.0,,100.0,,0.0,100.0,False,3,3,1,True,False,terminal,pca1,load_pipeline (invariant)
XJTU-SY,Bearing1_2,42,One-Class SVM (nu=0.05),one_class_svm,decimate,1,1.0,,2019-01-01 02:40:00,,1.0833333333333333,,100.0,,0.0,100.0,False,13,10,3,False,False,terminal,pca1,load_pipeline (invariant)
XJTU-SY,Bearing1_2,42,One-Class SVM (nu=0.05),one_class_svm,decimate,2,2.0,,2019-01-01 02:40:00,,1.0666666666666667,,100.0,,0.0,100.0,False,16,5,4,False,False,terminal,pca1,load_pipeline (invariant)
XJTU-SY,Bearing1_2,42,One-Class SVM (nu=0.05),one_class_svm,decimate,5,5.0,,2019-01-01 02:40:00,,1.0833333333333333,,100.0,,0.0,100.0,False,13,3,2,True,False,terminal,pca1,load_pipeline (invariant)
XJTU-SY,Bearing1_2,42,One-Class SVM (nu=0.05),one_class_svm,decimate,10,10.0,,2019-01-01 02:40:00,,1.0,,100.0,,0.0,100.0,False,6,3,1,True,False,terminal,pca1,load_pipeline (invariant)
XJTU-SY,Bearing1_2,42,One-Class SVM (nu=0.05),one_class_svm,decimate,20,20.0,,2019-01-01 02:40:00,,1.0,,100.0,,0.0,100.0,False,3,3,1,True,False,terminal,pca1,load_pipeline (invariant)
XJTU-SY,Bearing1_3,42,One-Class SVM (nu=0.05),one_class_svm,aggregate,1,1.0,2019-01-01 02:12:00,2019-01-01 02:37:00,0.42,1.0333333333333334,,100.0,2.48,0.0,100.0,False,12,10,3,False,False,terminal,pca1,load_pipeline (invariant)
XJTU-SY,Bearing1_3,42,One-Class SVM (nu=0.05),one_class_svm,aggregate,2,2.0,2019-01-01 02:12:00,2019-01-01 02:37:00,0.42,1.0833333333333333,,100.0,2.5999999999999996,0.0,100.0,False,16,5,4,False,False,terminal,pca1,load_pipeline (invariant)
XJTU-SY,Bearing1_3,42,One-Class SVM (nu=0.05),one_class_svm,aggregate,5,5.0,2019-01-01 02:12:00,2019-01-01 02:37:00,0.42,1.0333333333333334,,100.0,2.48,0.0,100.0,False,12,3,2,True,False,terminal,pca1,load_pipeline (invariant)
XJTU-SY,Bearing1_3,42,One-Class SVM (nu=0.05),one_class_svm,aggregate,10,10.0,2019-01-01 02:12:00,2019-01-01 02:37:00,0.42,1.1166666666666667,,100.0,2.68,0.0,100.0,False,6,3,1,True,False,terminal,pca1,load_pipeline (invariant)
XJTU-SY,Bearing1_3,42,One-Class SVM (nu=0.05),one_class_svm,decimate,1,1.0,2019-01-01 02:12:00,2019-01-01 02:37:00,0.42,1.0333333333333334,,100.0,2.48,0.0,100.0,False,12,10,3,False,False,terminal,pca1,load_pipeline (invariant)
XJTU-SY,Bearing1_3,42,One-Class SVM (nu=0.05),one_class_svm,decimate,2,2.0,2019-01-01 02:12:00,2019-01-01 02:37:00,0.42,1.0833333333333333,,100.0,2.5999999999999996,0.0,100.0,False,16,5,4,False,False,terminal,pca1,load_pipeline (invariant)
XJTU-SY,Bearing1_3,42,One-Class SVM (nu=0.05),one_class_svm,decimate,5,5.0,2019-01-01 02:12:00,2019-01-01 02:37:00,0.42,1.0333333333333334,,100.0,2.48,0.0,100.0,False,12,3,2,True,False,terminal,pca1,load_pipeline (invariant)
XJTU-SY,Bearing1_3,42,One-Class SVM (nu=0.05),one_class_svm,decimate,10,10.0,2019-01-01 02:12:00,2019-01-01 02:37:00,0.42,1.1166666666666667,,100.0,2.68,0.0,100.0,False,6,3,1,True,False,terminal,pca1,load_pipeline (invariant)
XJTU-SY,Bearing1_4,42,One-Class SVM (nu=0.05),one_class_svm,aggregate,1,1.0,2019-01-01 01:23:00,2019-01-01 02:01:00,0.63,0.85,,100.0,1.3421052631578947,0.0,100.0,False,10,10,3,False,False,terminal,pca1,load_pipeline (invariant)
XJTU-SY,Bearing1_4,42,One-Class SVM (nu=0.05),one_class_svm,aggregate,2,2.0,2019-01-01 01:23:00,2019-01-01 02:01:00,0.63,0.8166666666666667,,100.0,1.2894736842105263,0.0,100.0,False,12,5,4,False,False,terminal,pca1,load_pipeline (invariant)
XJTU-SY,Bearing1_4,42,One-Class SVM (nu=0.05),one_class_svm,aggregate,5,5.0,2019-01-01 01:23:00,2019-01-01 02:01:00,0.63,0.85,,100.0,1.3421052631578947,0.0,100.0,False,10,3,2,True,False,terminal,pca1,load_pipeline (invariant)
XJTU-SY,Bearing1_4,42,One-Class SVM (nu=0.05),one_class_svm,aggregate,10,10.0,2019-01-01 01:23:00,2019-01-01 02:01:00,0.63,0.85,,100.0,1.3421052631578947,0.0,100.0,False,5,3,1,True,False,terminal,pca1,load_pipeline (invariant)
XJTU-SY,Bearing1_4,42,One-Class SVM (nu=0.05),one_class_svm,aggregate,20,20.0,2019-01-01 01:23:00,2019-01-01 02:01:00,0.63,0.6833333333333333,,100.0,1.0789473684210527,0.0,100.0,False,2,3,1,True,False,terminal,pca1,load_pipeline (invariant)
XJTU-SY,Bearing1_4,42,One-Class SVM (nu=0.05),one_class_svm,decimate,1,1.0,2019-01-01 01:23:00,2019-01-01 02:01:00,0.63,0.85,,100.0,1.3421052631578947,0.0,100.0,False,10,10,3,False,False,terminal,pca1,load_pipeline (invariant)
XJTU-SY,Bearing1_4,42,One-Class SVM (nu=0.05),one_class_svm,decimate,2,2.0,2019-01-01 01:23:00,2019-01-01 02:01:00,0.63,0.8166666666666667,,100.0,1.2894736842105263,0.0,100.0,False,12,5,4,False,False,terminal,pca1,load_pipeline (invariant)
XJTU-SY,Bearing1_4,42,One-Class SVM (nu=0.05),one_class_svm,decimate,5,5.0,2019-01-01 01:23:00,2019-01-01 02:01:00,0.63,0.85,,100.0,1.3421052631578947,0.0,100.0,False,10,3,2,True,False,terminal,pca1,load_pipeline (invariant)
XJTU-SY,Bearing1_4,42,One-Class SVM (nu=0.05),one_class_svm,decimate,10,10.0,2019-01-01 01:23:00,2019-01-01 02:01:00,0.63,0.85,,100.0,1.3421052631578947,0.0,100.0,False,5,3,1,True,False,terminal,pca1,load_pipeline (invariant)
XJTU-SY,Bearing1_4,42,One-Class SVM (nu=0.05),one_class_svm,decimate,20,20.0,2019-01-01 01:23:00,2019-01-01 02:01:00,0.63,0.6833333333333333,,100.0,1.0789473684210527,0.0,100.0,False,2,3,1,True,False,terminal,pca1,load_pipeline (invariant)
XJTU-SY,Bearing1_5,42,One-Class SVM (nu=0.05),one_class_svm,aggregate,1,1.0,2019-01-01 00:34:00,2019-01-01 00:51:00,0.28,0.35,,100.0,1.2352941176470589,0.0,100.0,False,4,10,3,False,False,terminal,pca1,load_pipeline (invariant)
XJTU-SY,Bearing1_5,42,One-Class SVM (nu=0.05),one_class_svm,aggregate,2,2.0,2019-01-01 00:34:00,2019-01-01 00:51:00,0.28,0.38333333333333336,,100.0,1.3529411764705883,0.0,100.0,False,5,5,4,False,False,terminal,pca1,load_pipeline (invariant)
XJTU-SY,Bearing1_5,42,One-Class SVM (nu=0.05),one_class_svm,aggregate,5,5.0,2019-01-01 00:34:00,2019-01-01 00:51:00,0.28,0.35,,100.0,1.2352941176470589,0.0,100.0,False,4,3,2,True,False,terminal,pca1,load_pipeline (invariant)
XJTU-SY,Bearing1_5,42,One-Class SVM (nu=0.05),one_class_svm,decimate,1,1.0,2019-01-01 00:34:00,2019-01-01 00:51:00,0.28,0.35,,100.0,1.2352941176470589,0.0,100.0,False,4,10,3,False,False,terminal,pca1,load_pipeline (invariant)
XJTU-SY,Bearing1_5,42,One-Class SVM (nu=0.05),one_class_svm,decimate,2,2.0,2019-01-01 00:34:00,2019-01-01 00:51:00,0.28,0.38333333333333336,,100.0,1.3529411764705883,0.0,100.0,False,5,5,4,False,False,terminal,pca1,load_pipeline (invariant)
XJTU-SY,Bearing1_5,42,One-Class SVM (nu=0.05),one_class_svm,decimate,5,5.0,2019-01-01 00:34:00,2019-01-01 00:51:00,0.28,0.35,,100.0,1.2352941176470589,0.0,100.0,False,4,3,2,True,False,terminal,pca1,load_pipeline (invariant)
XJTU-SY,Bearing2_1,42,One-Class SVM (nu=0.05),one_class_svm,aggregate,1,1.0,2019-01-01 07:32:00,2019-01-01 08:10:00,0.63,3.0,,87.5,4.736842105263158,3.0,0.0,False,39,10,3,False,False,terminal,pca1,load_pipeline (invariant)
XJTU-SY,Bearing2_1,42,One-Class SVM (nu=0.05),one_class_svm,aggregate,2,2.0,2019-01-01 07:32:00,2019-01-01 08:10:00,0.63,3.033333333333333,,85.0,4.7894736842105265,3.033333333333333,0.0,False,49,5,4,False,False,terminal,pca1,load_pipeline (invariant)
XJTU-SY,Bearing2_1,42,One-Class SVM (nu=0.05),one_class_svm,aggregate,5,5.0,2019-01-01 07:32:00,2019-01-01 08:10:00,0.63,3.0833333333333335,,93.75,4.86842105263158,3.0833333333333335,0.0,False,39,3,2,True,False,terminal,pca1,load_pipeline (invariant)
XJTU-SY,Bearing2_1,42,One-Class SVM (nu=0.05),one_class_svm,aggregate,10,10.0,2019-01-01 07:32:00,2019-01-01 08:10:00,0.63,3.3333333333333335,,100.0,5.2631578947368425,0.0,100.0,False,20,3,1,True,False,terminal,pca1,load_pipeline (invariant)
XJTU-SY,Bearing2_1,42,One-Class SVM (nu=0.05),one_class_svm,aggregate,20,20.0,2019-01-01 07:32:00,2019-01-01 08:10:00,0.63,3.5,,100.0,5.526315789473684,0.0,100.0,False,10,3,1,True,False,terminal,pca1,load_pipeline (invariant)
XJTU-SY,Bearing2_1,42,One-Class SVM (nu=0.05),one_class_svm,decimate,1,1.0,2019-01-01 07:32:00,2019-01-01 08:10:00,0.63,3.0,,87.5,4.736842105263158,3.0,0.0,False,39,10,3,False,False,terminal,pca1,load_pipeline (invariant)
XJTU-SY,Bearing2_1,42,One-Class SVM (nu=0.05),one_class_svm,decimate,2,2.0,2019-01-01 07:32:00,2019-01-01 08:10:00,0.63,3.3,,87.5,5.2105263157894735,0.0,100.0,False,49,5,4,False,False,terminal,pca1,load_pipeline (invariant)
XJTU-SY,Bearing2_1,42,One-Class SVM (nu=0.05),one_class_svm,decimate,5,5.0,2019-01-01 07:32:00,2019-01-01 08:10:00,0.63,3.1666666666666665,,62.5,5.0,0.0,50.0,False,39,3,2,True,False,terminal,pca1,load_pipeline (invariant)
XJTU-SY,Bearing2_1,42,One-Class SVM (nu=0.05),one_class_svm,decimate,10,10.0,2019-01-01 07:32:00,2019-01-01 08:10:00,0.63,2.6666666666666665,,64.70588235294117,4.2105263157894735,2.6666666666666665,0.0,False,20,3,1,True,False,terminal,pca1,load_pipeline (invariant)
XJTU-SY,Bearing2_1,42,One-Class SVM (nu=0.05),one_class_svm,decimate,20,20.0,2019-01-01 07:32:00,2019-01-01 08:10:00,0.63,3.5,,100.0,5.526315789473684,0.0,100.0,False,10,3,1,True,False,terminal,pca1,load_pipeline (invariant)
XJTU-SY,Bearing2_2,42,One-Class SVM (nu=0.05),one_class_svm,aggregate,1,1.0,,2019-01-01 02:40:00,,1.0833333333333333,,100.0,,0.0,100.0,False,13,10,3,False,False,terminal,pca1,load_pipeline (invariant)
XJTU-SY,Bearing2_2,42,One-Class SVM (nu=0.05),one_class_svm,aggregate,2,2.0,,2019-01-01 02:40:00,,1.0666666666666667,,100.0,,0.0,100.0,False,16,5,4,False,False,terminal,pca1,load_pipeline (invariant)
XJTU-SY,Bearing2_2,42,One-Class SVM (nu=0.05),one_class_svm,aggregate,5,5.0,,2019-01-01 02:40:00,,1.0833333333333333,,100.0,,0.0,100.0,False,13,3,2,True,False,terminal,pca1,load_pipeline (invariant)
XJTU-SY,Bearing2_2,42,One-Class SVM (nu=0.05),one_class_svm,aggregate,10,10.0,,2019-01-01 02:40:00,,1.0,,100.0,,0.0,100.0,False,6,3,1,True,False,terminal,pca1,load_pipeline (invariant)
XJTU-SY,Bearing2_2,42,One-Class SVM (nu=0.05),one_class_svm,aggregate,20,20.0,,2019-01-01 02:40:00,,1.0,,100.0,,0.0,100.0,False,3,3,1,True,False,terminal,pca1,load_pipeline (invariant)
XJTU-SY,Bearing2_2,42,One-Class SVM (nu=0.05),one_class_svm,decimate,1,1.0,,2019-01-01 02:40:00,,1.0833333333333333,,100.0,,0.0,100.0,False,13,10,3,False,False,terminal,pca1,load_pipeline (invariant)
XJTU-SY,Bearing2_2,42,One-Class SVM (nu=0.05),one_class_svm,decimate,2,2.0,,2019-01-01 02:40:00,,1.0666666666666667,,100.0,,0.0,100.0,False,16,5,4,False,False,terminal,pca1,load_pipeline (invariant)
XJTU-SY,Bearing2_2,42,One-Class SVM (nu=0.05),one_class_svm,decimate,5,5.0,,2019-01-01 02:40:00,,1.0833333333333333,,100.0,,0.0,100.0,False,13,3,2,True,False,terminal,pca1,load_pipeline (invariant)
XJTU-SY,Bearing2_2,42,One-Class SVM (nu=0.05),one_class_svm,decimate,10,10.0,,2019-01-01 02:40:00,,1.0,,100.0,,0.0,100.0,False,6,3,1,True,False,terminal,pca1,load_pipeline (invariant)
XJTU-SY,Bearing2_2,42,One-Class SVM (nu=0.05),one_class_svm,decimate,20,20.0,,2019-01-01 02:40:00,,1.0,,100.0,,0.0,100.0,False,3,3,1,True,False,terminal,pca1,load_pipeline (invariant)
XJTU-SY,Bearing2_3,42,One-Class SVM (nu=0.05),one_class_svm,aggregate,1,1.0,2019-01-01 07:54:00,2019-01-01 08:52:00,0.97,3.533333333333333,,100.0,3.655172413793103,0.0,100.0,False,42,10,3,False,False,terminal,pca1,load_pipeline (invariant)
XJTU-SY,Bearing2_3,42,One-Class SVM (nu=0.05),one_class_svm,aggregate,2,2.0,2019-01-01 07:54:00,2019-01-01 08:52:00,0.97,3.533333333333333,,100.0,3.655172413793103,0.0,100.0,False,53,5,4,False,False,terminal,pca1,load_pipeline (invariant)
XJTU-SY,Bearing2_3,42,One-Class SVM (nu=0.05),one_class_svm,aggregate,5,5.0,2019-01-01 07:54:00,2019-01-01 08:52:00,0.97,3.533333333333333,,100.0,3.655172413793103,0.0,100.0,False,42,3,2,True,False,terminal,pca1,load_pipeline (invariant)
XJTU-SY,Bearing2_3,42,One-Class SVM (nu=0.05),one_class_svm,aggregate,10,10.0,2019-01-01 07:54:00,2019-01-01 08:52:00,0.97,3.533333333333333,,100.0,3.655172413793103,0.0,100.0,False,21,3,1,True,False,terminal,pca1,load_pipeline (invariant)
XJTU-SY,Bearing2_3,42,One-Class SVM (nu=0.05),one_class_svm,aggregate,20,20.0,2019-01-01 07:54:00,2019-01-01 08:52:00,0.97,3.533333333333333,,100.0,3.655172413793103,0.0,100.0,False,10,3,1,True,False,terminal,pca1,load_pipeline (invariant)
XJTU-SY,Bearing2_3,42,One-Class SVM (nu=0.05),one_class_svm,decimate,1,1.0,2019-01-01 07:54:00,2019-01-01 08:52:00,0.97,3.533333333333333,,100.0,3.655172413793103,0.0,100.0,False,42,10,3,False,False,terminal,pca1,load_pipeline (invariant)
XJTU-SY,Bearing2_3,42,One-Class SVM (nu=0.05),one_class_svm,decimate,2,2.0,2019-01-01 07:54:00,2019-01-01 08:52:00,0.97,3.533333333333333,,100.0,3.655172413793103,0.0,100.0,False,53,5,4,False,False,terminal,pca1,load_pipeline (invariant)
XJTU-SY,Bearing2_3,42,One-Class SVM (nu=0.05),one_class_svm,decimate,5,5.0,2019-01-01 07:54:00,2019-01-01 08:52:00,0.97,3.533333333333333,,100.0,3.655172413793103,0.0,100.0,False,42,3,2,True,False,terminal,pca1,load_pipeline (invariant)
XJTU-SY,Bearing2_3,42,One-Class SVM (nu=0.05),one_class_svm,decimate,10,10.0,2019-01-01 07:54:00,2019-01-01 08:52:00,0.97,3.533333333333333,,100.0,3.655172413793103,0.0,100.0,False,21,3,1,True,False,terminal,pca1,load_pipeline (invariant)
XJTU-SY,Bearing2_3,42,One-Class SVM (nu=0.05),one_class_svm,decimate,20,20.0,2019-01-01 07:54:00,2019-01-01 08:52:00,0.97,3.533333333333333,,100.0,3.655172413793103,0.0,100.0,False,10,3,1,True,False,terminal,pca1,load_pipeline (invariant)
XJTU-SY,Bearing2_4,42,One-Class SVM (nu=0.05),one_class_svm,aggregate,1,1.0,2019-01-01 00:33:00,2019-01-01 00:41:00,0.13,0.26666666666666666,,100.0,2.0,0.0,100.0,False,3,10,3,False,False,terminal,pca1,load_pipeline (invariant)
XJTU-SY,Bearing2_4,42,One-Class SVM (nu=0.05),one_class_svm,aggregate,2,2.0,2019-01-01 00:33:00,2019-01-01 00:41:00,0.13,0.2833333333333333,,100.0,2.125,0.0,100.0,False,4,5,4,False,False,terminal,pca1,load_pipeline (invariant)
XJTU-SY,Bearing2_4,42,One-Class SVM (nu=0.05),one_class_svm,aggregate,5,5.0,2019-01-01 00:33:00,2019-01-01 00:41:00,0.13,0.26666666666666666,,100.0,2.0,0.0,100.0,False,3,3,2,True,False,terminal,pca1,load_pipeline (invariant)
XJTU-SY,Bearing2_4,42,One-Class SVM (nu=0.05),one_class_svm,decimate,1,1.0,2019-01-01 00:33:00,2019-01-01 00:41:00,0.13,0.26666666666666666,,100.0,2.0,0.0,100.0,False,3,10,3,False,False,terminal,pca1,load_pipeline (invariant)
XJTU-SY,Bearing2_4,42,One-Class SVM (nu=0.05),one_class_svm,decimate,2,2.0,2019-01-01 00:33:00,2019-01-01 00:41:00,0.13,0.2833333333333333,,100.0,2.125,0.0,100.0,False,4,5,4,False,False,terminal,pca1,load_pipeline (invariant)
XJTU-SY,Bearing2_4,42,One-Class SVM (nu=0.05),one_class_svm,decimate,5,5.0,2019-01-01 00:33:00,2019-01-01 00:41:00,0.13,0.26666666666666666,,100.0,2.0,0.0,100.0,False,3,3,2,True,False,terminal,pca1,load_pipeline (invariant)
XJTU-SY,Bearing2_5,42,One-Class SVM (nu=0.05),one_class_svm,aggregate,1,1.0,2019-01-01 03:54:00,2019-01-01 05:38:00,1.73,2.3,,100.0,1.3269230769230769,0.0,100.0,False,27,10,3,False,False,terminal,pca1,load_pipeline (invariant)
XJTU-SY,Bearing2_5,42,One-Class SVM (nu=0.05),one_class_svm,aggregate,2,2.0,2019-01-01 03:54:00,2019-01-01 05:38:00,1.73,2.3,,100.0,1.3269230769230769,0.0,100.0,False,34,5,4,False,False,terminal,pca1,load_pipeline (invariant)
XJTU-SY,Bearing2_5,42,One-Class SVM (nu=0.05),one_class_svm,aggregate,5,5.0,2019-01-01 03:54:00,2019-01-01 05:38:00,1.73,2.3,,100.0,1.3269230769230769,0.0,100.0,False,27,3,2,True,False,terminal,pca1,load_pipeline (invariant)
XJTU-SY,Bearing2_5,42,One-Class SVM (nu=0.05),one_class_svm,aggregate,10,10.0,2019-01-01 03:54:00,2019-01-01 05:38:00,1.73,2.3,,100.0,1.3269230769230769,0.0,100.0,False,13,3,1,True,False,terminal,pca1,load_pipeline (invariant)
XJTU-SY,Bearing2_5,42,One-Class SVM (nu=0.05),one_class_svm,aggregate,20,20.0,2019-01-01 03:54:00,2019-01-01 05:38:00,1.73,2.3,,100.0,1.3269230769230769,0.0,100.0,False,6,3,1,True,False,terminal,pca1,load_pipeline (invariant)
XJTU-SY,Bearing2_5,42,One-Class SVM (nu=0.05),one_class_svm,decimate,1,1.0,2019-01-01 03:54:00,2019-01-01 05:38:00,1.73,2.3,,100.0,1.3269230769230769,0.0,100.0,False,27,10,3,False,False,terminal,pca1,load_pipeline (invariant)
XJTU-SY,Bearing2_5,42,One-Class SVM (nu=0.05),one_class_svm,decimate,2,2.0,2019-01-01 03:54:00,2019-01-01 05:38:00,1.73,2.3,,100.0,1.3269230769230769,0.0,100.0,False,34,5,4,False,False,terminal,pca1,load_pipeline (invariant)
XJTU-SY,Bearing2_5,42,One-Class SVM (nu=0.05),one_class_svm,decimate,5,5.0,2019-01-01 03:54:00,2019-01-01 05:38:00,1.73,2.3,,100.0,1.3269230769230769,0.0,100.0,False,27,3,2,True,False,terminal,pca1,load_pipeline (invariant)
XJTU-SY,Bearing2_5,42,One-Class SVM (nu=0.05),one_class_svm,decimate,10,10.0,2019-01-01 03:54:00,2019-01-01 05:38:00,1.73,2.3,,100.0,1.3269230769230769,0.0,100.0,False,13,3,1,True,False,terminal,pca1,load_pipeline (invariant)
XJTU-SY,Bearing2_5,42,One-Class SVM (nu=0.05),one_class_svm,decimate,20,20.0,2019-01-01 03:54:00,2019-01-01 05:38:00,1.73,2.3,,100.0,1.3269230769230769,0.0,100.0,False,6,3,1,True,False,terminal,pca1,load_pipeline (invariant)
