dataset,run,seed,method,short_name,mode,factor,effective_interval_min,t_onset,t_fail,max_lead_hours,lead_time_hours,detection_delay_hours,far_preonset_pct,lead_norm,vlt_legacy_hours,far_legacy_pct,valid_alarm,n_test_windows,window_rows,persistence_windows,window_floored,control,onset_method,onset_indicator,feature_mode
Ferrara,E1,42,RMS-Trend (kσ),rms_trend,aggregate,1,0.08,2024-01-01 06:44:40,2024-01-01 06:49:40,0.08,0.03611111111111111,0.04722222222222222,0.0,0.4333333333333333,0.03611111111111111,0.0,True,393,10,3,False,False,terminal,kurt_only,load_pipeline (invariant)
Ferrara,E1,42,3σ Rule (σ=3.0),three_sigma,aggregate,1,0.08,2024-01-01 06:44:40,2024-01-01 06:49:40,0.08,0.08472222222222223,,0.2617801047120419,1.0166666666666668,0.08472222222222223,0.0,True,393,10,3,False,False,terminal,kurt_only,load_pipeline (invariant)
Ferrara,E1,42,"EWMA (λ=0.2, k=3.0)",ewma,aggregate,1,0.08,2024-01-01 06:44:40,2024-01-01 06:49:40,0.08,0.08472222222222223,,0.2617801047120419,1.0166666666666668,0.08472222222222223,0.0,True,393,10,3,False,False,terminal,kurt_only,load_pipeline (invariant)
Ferrara,E1,42,"CUSUM (k=0.5, h=5.0)",cusum,aggregate,1,0.08,2024-01-01 06:44:40,2024-01-01 06:49:40,0.08,0.07083333333333333,0.0125,0.0,0.85,0.07083333333333333,0.0,True,393,10,3,False,False,terminal,kurt_only,load_pipeline (invariant)
Ferrara,E1,42,Hotelling T²,hotelling_t2,aggregate,1,0.08,2024-01-01 06:44:40,2024-01-01 06:49:40,0.08,0.08472222222222223,,0.2617801047120419,1.0166666666666668,0.08472222222222223,0.0,True,393,10,3,False,False,terminal,kurt_only,load_pipeline (invariant)
Ferrara,E1,42,Isolation Forest,isolation_forest,aggregate,1,0.08,2024-01-01 06:44:40,2024-01-01 06:49:40,0.08,0.08472222222222223,,0.2617801047120419,1.0166666666666668,0.08472222222222223,0.0,True,393,10,3,False,False,terminal,kurt_only,load_pipeline (invariant)
Ferrara,E1,42,Deep SVDD,deep_svdd,aggregate,1,0.08,2024-01-01 06:44:40,2024-01-01 06:49:40,0.08,0.0,,0.0,0.0,0.0,0.0,False,393,10,3,False,False,terminal,kurt_only,load_pipeline (invariant)
Ferrara,E1,42,LSTM-Autoencoder,lstm_ae,aggregate,1,0.08,2024-01-01 06:44:40,2024-01-01 06:49:40,0.08,2.286111111111111,,8.115183246073299,27.433333333333334,2.286111111111111,0.0,True,393,10,3,False,False,terminal,kurt_only,load_pipeline (invariant)
Ferrara,E1,42,TCN-Autoencoder,tcn,aggregate,1,0.08,2024-01-01 06:44:40,2024-01-01 06:49:40,0.08,2.2930555555555556,,30.36649214659686,27.51666666666667,2.2930555555555556,0.0,False,393,10,3,False,False,terminal,kurt_only,load_pipeline (invariant)
Ferrara,E1,42,Transformer-AD,transformer_ad,aggregate,1,0.08,2024-01-01 06:44:40,2024-01-01 06:49:40,0.08,2.286111111111111,,4.18848167539267,27.433333333333334,2.286111111111111,0.0,True,393,10,3,False,False,terminal,kurt_only,load_pipeline (invariant)
Ferrara,E1,42,RMS-Trend (kσ),rms_trend,aggregate,2,1.0,2024-01-01 06:44:40,2024-01-01 06:49:40,0.08,0.0,,0.0,0.0,0.0,0.0,False,82,5,4,False,False,terminal,kurt_only,load_pipeline (invariant)
Ferrara,E1,42,3σ Rule (σ=3.0),three_sigma,aggregate,2,1.0,2024-01-01 06:44:40,2024-01-01 06:49:40,0.08,0.0,,0.0,0.0,0.0,0.0,False,82,5,4,False,False,terminal,kurt_only,load_pipeline (invariant)
Ferrara,E1,42,"EWMA (λ=0.2, k=3.0)",ewma,aggregate,2,1.0,2024-01-01 06:44:40,2024-01-01 06:49:40,0.08,0.0,,0.0,0.0,0.0,0.0,False,82,5,4,False,False,terminal,kurt_only,load_pipeline (invariant)
Ferrara,E1,42,"CUSUM (k=0.5, h=5.0)",cusum,aggregate,2,1.0,2024-01-01 06:44:40,2024-01-01 06:49:40,0.08,0.0,,0.0,0.0,0.0,0.0,False,82,5,4,False,False,terminal,kurt_only,load_pipeline (invariant)
Ferrara,E1,42,Hotelling T²,hotelling_t2,aggregate,2,1.0,2024-01-01 06:44:40,2024-01-01 06:49:40,0.08,0.0,,0.0,0.0,0.0,0.0,False,82,5,4,False,False,terminal,kurt_only,load_pipeline (invariant)
Ferrara,E1,42,Isolation Forest,isolation_forest,aggregate,2,1.0,2024-01-01 06:44:40,2024-01-01 06:49:40,0.08,0.0,,0.0,0.0,0.0,0.0,False,82,5,4,False,False,terminal,kurt_only,load_pipeline (invariant)
Ferrara,E1,42,Deep SVDD,deep_svdd,aggregate,2,1.0,2024-01-01 06:44:40,2024-01-01 06:49:40,0.08,0.0,,0.0,0.0,0.0,0.0,False,82,5,4,False,False,terminal,kurt_only,load_pipeline (invariant)
Ferrara,E1,42,LSTM-Autoencoder,lstm_ae,aggregate,2,1.0,2024-01-01 06:44:40,2024-01-01 06:49:40,0.08,0.0,,0.0,0.0,0.0,0.0,False,82,5,4,False,False,terminal,kurt_only,load_pipeline (invariant)
Ferrara,E1,42,TCN-Autoencoder,tcn,aggregate,2,1.0,2024-01-01 06:44:40,2024-01-01 06:49:40,0.08,0.0,,0.0,0.0,0.0,0.0,False,82,5,4,False,False,terminal,kurt_only,load_pipeline (invariant)
Ferrara,E1,42,Transformer-AD,transformer_ad,aggregate,2,1.0,2024-01-01 06:44:40,2024-01-01 06:49:40,0.08,0.0,,0.0,0.0,0.0,0.0,False,82,5,4,False,False,terminal,kurt_only,load_pipeline (invariant)
Ferrara,E1,42,RMS-Trend (kσ),rms_trend,aggregate,5,1.0,2024-01-01 06:44:40,2024-01-01 06:49:40,0.08,0.044444444444444446,0.03888888888888889,0.0,0.5333333333333334,0.044444444444444446,0.0,True,164,3,2,True,False,terminal,kurt_only,load_pipeline (invariant)
Ferrara,E1,42,3σ Rule (σ=3.0),three_sigma,aggregate,5,1.0,2024-01-01 06:44:40,2024-01-01 06:49:40,0.08,0.7277777777777777,,2.5,8.733333333333334,0.7277777777777777,0.0,True,164,3,2,True,False,terminal,kurt_only,load_pipeline (invariant)
Ferrara,E1,42,"EWMA (λ=0.2, k=3.0)",ewma,aggregate,5,1.0,2024-01-01 06:44:40,2024-01-01 06:49:40,0.08,0.09444444444444444,,0.625,1.1333333333333333,0.09444444444444444,0.0,True,164,3,2,True,False,terminal,kurt_only,load_pipeline (invariant)
Ferrara,E1,42,"CUSUM (k=0.5, h=5.0)",cusum,aggregate,5,1.0,2024-01-01 06:44:40,2024-01-01 06:49:40,0.08,0.09444444444444444,,0.625,1.1333333333333333,0.09444444444444444,0.0,True,164,3,2,True,False,terminal,kurt_only,load_pipeline (invariant)
Ferrara,E1,42,Hotelling T²,hotelling_t2,aggregate,5,1.0,2024-01-01 06:44:40,2024-01-01 06:49:40,0.08,0.7277777777777777,,2.5,8.733333333333334,0.7277777777777777,0.0,True,164,3,2,True,False,terminal,kurt_only,load_pipeline (invariant)
Ferrara,E1,42,Isolation Forest,isolation_forest,aggregate,5,1.0,2024-01-01 06:44:40,2024-01-01 06:49:40,0.08,0.1111111111111111,,1.25,1.3333333333333333,0.1111111111111111,0.0,True,164,3,2,True,False,terminal,kurt_only,load_pipeline (invariant)
Ferrara,E1,42,Deep SVDD,deep_svdd,aggregate,5,1.0,2024-01-01 06:44:40,2024-01-01 06:49:40,0.08,0.0,,0.0,0.0,0.0,0.0,False,164,3,2,True,False,terminal,kurt_only,load_pipeline (invariant)
Ferrara,E1,42,LSTM-Autoencoder,lstm_ae,aggregate,5,1.0,2024-01-01 06:44:40,2024-01-01 06:49:40,0.08,0.1111111111111111,,1.25,1.3333333333333333,0.1111111111111111,0.0,True,164,3,2,True,False,terminal,kurt_only,load_pipeline (invariant)
Ferrara,E1,42,TCN-Autoencoder,tcn,aggregate,5,1.0,2024-01-01 06:44:40,2024-01-01 06:49:40,0.08,1.9777777777777779,,28.125,23.733333333333334,1.9777777777777779,0.0,False,164,3,2,True,False,terminal,kurt_only,load_pipeline (invariant)
Ferrara,E1,42,Transformer-AD,transformer_ad,aggregate,5,1.0,2024-01-01 06:44:40,2024-01-01 06:49:40,0.08,0.09444444444444444,,0.625,1.1333333333333333,0.09444444444444444,0.0,True,164,3,2,True,False,terminal,kurt_only,load_pipeline (invariant)
Ferrara,E1,42,RMS-Trend (kσ),rms_trend,aggregate,10,1.0,2024-01-01 06:44:40,2024-01-01 06:49:40,0.08,0.09444444444444444,,0.625,1.1333333333333333,0.09444444444444444,0.0,True,164,3,1,True,False,terminal,kurt_only,load_pipeline (invariant)
Ferrara,E1,42,3σ Rule (σ=3.0),three_sigma,aggregate,10,1.0,2024-01-01 06:44:40,2024-01-01 06:49:40,0.08,0.7277777777777777,,2.5,8.733333333333334,0.7277777777777777,0.0,True,164,3,1,True,False,terminal,kurt_only,load_pipeline (invariant)
Ferrara,E1,42,"EWMA (λ=0.2, k=3.0)",ewma,aggregate,10,1.0,2024-01-01 06:44:40,2024-01-01 06:49:40,0.08,0.09444444444444444,,0.625,1.1333333333333333,0.09444444444444444,0.0,True,164,3,1,True,False,terminal,kurt_only,load_pipeline (invariant)
Ferrara,E1,42,"CUSUM (k=0.5, h=5.0)",cusum,aggregate,10,1.0,2024-01-01 06:44:40,2024-01-01 06:49:40,0.08,0.09444444444444444,,0.625,1.1333333333333333,0.09444444444444444,0.0,True,164,3,1,True,False,terminal,kurt_only,load_pipeline (invariant)
Ferrara,E1,42,Hotelling T²,hotelling_t2,aggregate,10,1.0,2024-01-01 06:44:40,2024-01-01 06:49:40,0.08,0.7277777777777777,,2.5,8.733333333333334,0.7277777777777777,0.0,True,164,3,1,True,False,terminal,kurt_only,load_pipeline (invariant)
Ferrara,E1,42,Isolation Forest,isolation_forest,aggregate,10,1.0,2024-01-01 06:44:40,2024-01-01 06:49:40,0.08,0.7277777777777777,,1.875,8.733333333333334,0.7277777777777777,0.0,True,164,3,1,True,False,terminal,kurt_only,load_pipeline (invariant)
Ferrara,E1,42,Deep SVDD,deep_svdd,aggregate,10,1.0,2024-01-01 06:44:40,2024-01-01 06:49:40,0.08,0.027777777777777776,0.05555555555555555,0.0,0.3333333333333333,0.027777777777777776,0.0,True,164,3,1,True,False,terminal,kurt_only,load_pipeline (invariant)
Ferrara,E1,42,LSTM-Autoencoder,lstm_ae,aggregate,10,1.0,2024-01-01 06:44:40,2024-01-01 06:49:40,0.08,0.1111111111111111,,1.25,1.3333333333333333,0.1111111111111111,0.0,True,164,3,1,True,False,terminal,kurt_only,load_pipeline (invariant)
Ferrara,E1,42,TCN-Autoencoder,tcn,aggregate,10,1.0,2024-01-01 06:44:40,2024-01-01 06:49:40,0.08,1.9777777777777779,,28.125,23.733333333333334,1.9777777777777779,0.0,False,164,3,1,True,False,terminal,kurt_only,load_pipeline (invariant)
Ferrara,E1,42,Transformer-AD,transformer_ad,aggregate,10,1.0,2024-01-01 06:44:40,2024-01-01 06:49:40,0.08,0.09444444444444444,,0.625,1.1333333333333333,0.09444444444444444,0.0,True,164,3,1,True,False,terminal,kurt_only,load_pipeline (invariant)
Ferrara,E1,42,RMS-Trend (kσ),rms_trend,aggregate,20,2.0,2024-01-01 06:44:40,2024-01-01 06:49:40,0.08,0.09444444444444444,,1.2345679012345678,1.1333333333333333,0.09444444444444444,0.0,True,82,3,1,True,False,terminal,kurt_only,load_pipeline (invariant)
Ferrara,E1,42,3σ Rule (σ=3.0),three_sigma,aggregate,20,2.0,2024-01-01 06:44:40,2024-01-01 06:49:40,0.08,0.12777777777777777,,2.4691358024691357,1.5333333333333332,0.12777777777777777,0.0,True,82,3,1,True,False,terminal,kurt_only,load_pipeline (invariant)
Ferrara,E1,42,"EWMA (λ=0.2, k=3.0)",ewma,aggregate,20,2.0,2024-01-01 06:44:40,2024-01-01 06:49:40,0.08,0.12777777777777777,,2.4691358024691357,1.5333333333333332,0.12777777777777777,0.0,True,82,3,1,True,False,terminal,kurt_only,load_pipeline (invariant)
Ferrara,E1,42,"CUSUM (k=0.5, h=5.0)",cusum,aggregate,20,2.0,2024-01-01 06:44:40,2024-01-01 06:49:40,0.08,0.12777777777777777,,2.4691358024691357,1.5333333333333332,0.12777777777777777,0.0,True,82,3,1,True,False,terminal,kurt_only,load_pipeline (invariant)
Ferrara,E1,42,Hotelling T²,hotelling_t2,aggregate,20,2.0,2024-01-01 06:44:40,2024-01-01 06:49:40,0.08,0.7277777777777777,,3.7037037037037033,8.733333333333334,0.7277777777777777,0.0,True,82,3,1,True,False,terminal,kurt_only,load_pipeline (invariant)
Ferrara,E1,42,Isolation Forest,isolation_forest,aggregate,20,2.0,2024-01-01 06:44:40,2024-01-01 06:49:40,0.08,0.12777777777777777,,2.4691358024691357,1.5333333333333332,0.12777777777777777,0.0,True,82,3,1,True,False,terminal,kurt_only,load_pipeline (invariant)
Ferrara,E1,42,Deep SVDD,deep_svdd,aggregate,20,2.0,2024-01-01 06:44:40,2024-01-01 06:49:40,0.08,0.06111111111111111,0.022222222222222223,0.0,0.7333333333333334,0.06111111111111111,0.0,True,82,3,1,True,False,terminal,kurt_only,load_pipeline (invariant)
Ferrara,E1,42,LSTM-Autoencoder,lstm_ae,aggregate,20,2.0,2024-01-01 06:44:40,2024-01-01 06:49:40,0.08,1.5944444444444446,,27.160493827160494,19.133333333333336,1.5944444444444446,0.0,False,82,3,1,True,False,terminal,kurt_only,load_pipeline (invariant)
Ferrara,E1,42,TCN-Autoencoder,tcn,aggregate,20,2.0,2024-01-01 06:44:40,2024-01-01 06:49:40,0.08,0.12777777777777777,,2.4691358024691357,1.5333333333333332,0.12777777777777777,0.0,True,82,3,1,True,False,terminal,kurt_only,load_pipeline (invariant)
Ferrara,E1,42,Transformer-AD,transformer_ad,aggregate,20,2.0,2024-01-01 06:44:40,2024-01-01 06:49:40,0.08,0.12777777777777777,,2.4691358024691357,1.5333333333333332,0.12777777777777777,0.0,True,82,3,1,True,False,terminal,kurt_only,load_pipeline (invariant)
Ferrara,E1,42,RMS-Trend (kσ),rms_trend,decimate,1,0.08,2024-01-01 06:44:40,2024-01-01 06:49:40,0.08,0.03611111111111111,0.04722222222222222,0.0,0.4333333333333333,0.03611111111111111,0.0,True,393,10,3,False,False,terminal,kurt_only,load_pipeline (invariant)
Ferrara,E1,42,3σ Rule (σ=3.0),three_sigma,decimate,1,0.08,2024-01-01 06:44:40,2024-01-01 06:49:40,0.08,0.08472222222222223,,0.2617801047120419,1.0166666666666668,0.08472222222222223,0.0,True,393,10,3,False,False,terminal,kurt_only,load_pipeline (invariant)
Ferrara,E1,42,"EWMA (λ=0.2, k=3.0)",ewma,decimate,1,0.08,2024-01-01 06:44:40,2024-01-01 06:49:40,0.08,0.08472222222222223,,0.2617801047120419,1.0166666666666668,0.08472222222222223,0.0,True,393,10,3,False,False,terminal,kurt_only,load_pipeline (invariant)
Ferrara,E1,42,"CUSUM (k=0.5, h=5.0)",cusum,decimate,1,0.08,2024-01-01 06:44:40,2024-01-01 06:49:40,0.08,0.07083333333333333,0.0125,0.0,0.85,0.07083333333333333,0.0,True,393,10,3,False,False,terminal,kurt_only,load_pipeline (invariant)
Ferrara,E1,42,Hotelling T²,hotelling_t2,decimate,1,0.08,2024-01-01 06:44:40,2024-01-01 06:49:40,0.08,0.08472222222222223,,0.2617801047120419,1.0166666666666668,0.08472222222222223,0.0,True,393,10,3,False,False,terminal,kurt_only,load_pipeline (invariant)
Ferrara,E1,42,Isolation Forest,isolation_forest,decimate,1,0.08,2024-01-01 06:44:40,2024-01-01 06:49:40,0.08,0.08472222222222223,,0.2617801047120419,1.0166666666666668,0.08472222222222223,0.0,True,393,10,3,False,False,terminal,kurt_only,load_pipeline (invariant)
Ferrara,E1,42,Deep SVDD,deep_svdd,decimate,1,0.08,2024-01-01 06:44:40,2024-01-01 06:49:40,0.08,0.0,,0.0,0.0,0.0,0.0,False,393,10,3,False,False,terminal,kurt_only,load_pipeline (invariant)
Ferrara,E1,42,LSTM-Autoencoder,lstm_ae,decimate,1,0.08,2024-01-01 06:44:40,2024-01-01 06:49:40,0.08,2.286111111111111,,8.115183246073299,27.433333333333334,2.286111111111111,0.0,True,393,10,3,False,False,terminal,kurt_only,load_pipeline (invariant)
Ferrara,E1,42,TCN-Autoencoder,tcn,decimate,1,0.08,2024-01-01 06:44:40,2024-01-01 06:49:40,0.08,2.2930555555555556,,30.36649214659686,27.51666666666667,2.2930555555555556,0.0,False,393,10,3,False,False,terminal,kurt_only,load_pipeline (invariant)
Ferrara,E1,42,Transformer-AD,transformer_ad,decimate,1,0.08,2024-01-01 06:44:40,2024-01-01 06:49:40,0.08,2.286111111111111,,4.18848167539267,27.433333333333334,2.286111111111111,0.0,True,393,10,3,False,False,terminal,kurt_only,load_pipeline (invariant)
Ferrara,E1,42,RMS-Trend (kσ),rms_trend,decimate,2,0.17,2024-01-01 06:44:40,2024-01-01 06:49:40,0.08,0.022222222222222223,0.06111111111111111,0.0,0.2666666666666667,0.022222222222222223,0.0,True,492,5,4,False,False,terminal,kurt_only,load_pipeline (invariant)
Ferrara,E1,42,3σ Rule (σ=3.0),three_sigma,decimate,2,0.17,2024-01-01 06:44:40,2024-01-01 06:49:40,0.08,0.08888888888888889,,0.20964360587002098,1.0666666666666669,0.08888888888888889,0.0,True,492,5,4,False,False,terminal,kurt_only,load_pipeline (invariant)
Ferrara,E1,42,"EWMA (λ=0.2, k=3.0)",ewma,decimate,2,0.17,2024-01-01 06:44:40,2024-01-01 06:49:40,0.08,0.08333333333333333,0.0,0.0,1.0,0.08333333333333333,0.0,True,492,5,4,False,False,terminal,kurt_only,load_pipeline (invariant)
Ferrara,E1,42,"CUSUM (k=0.5, h=5.0)",cusum,decimate,2,0.17,2024-01-01 06:44:40,2024-01-01 06:49:40,0.08,0.07222222222222222,0.011111111111111112,0.0,0.8666666666666666,0.07222222222222222,0.0,True,492,5,4,False,False,terminal,kurt_only,load_pipeline (invariant)
Ferrara,E1,42,Hotelling T²,hotelling_t2,decimate,2,0.17,2024-01-01 06:44:40,2024-01-01 06:49:40,0.08,0.08888888888888889,,0.20964360587002098,1.0666666666666669,0.08888888888888889,0.0,True,492,5,4,False,False,terminal,kurt_only,load_pipeline (invariant)
Ferrara,E1,42,Isolation Forest,isolation_forest,decimate,2,0.17,2024-01-01 06:44:40,2024-01-01 06:49:40,0.08,0.08888888888888889,,0.20964360587002098,1.0666666666666669,0.08888888888888889,0.0,True,492,5,4,False,False,terminal,kurt_only,load_pipeline (invariant)
Ferrara,E1,42,Deep SVDD,deep_svdd,decimate,2,0.17,2024-01-01 06:44:40,2024-01-01 06:49:40,0.08,0.0,,0.0,0.0,0.0,0.0,False,492,5,4,False,False,terminal,kurt_only,load_pipeline (invariant)
Ferrara,E1,42,LSTM-Autoencoder,lstm_ae,decimate,2,0.17,2024-01-01 06:44:40,2024-01-01 06:49:40,0.08,2.0388888888888888,,14.046121593291405,24.466666666666665,2.0388888888888888,0.0,False,492,5,4,False,False,terminal,kurt_only,load_pipeline (invariant)
Ferrara,E1,42,TCN-Autoencoder,tcn,decimate,2,0.17,2024-01-01 06:44:40,2024-01-01 06:49:40,0.08,2.272222222222222,,33.75262054507338,27.266666666666666,2.272222222222222,0.0,False,492,5,4,False,False,terminal,kurt_only,load_pipeline (invariant)
Ferrara,E1,42,Transformer-AD,transformer_ad,decimate,2,0.17,2024-01-01 06:44:40,2024-01-01 06:49:40,0.08,1.8555555555555556,,6.289308176100629,22.26666666666667,1.8555555555555556,0.0,True,492,5,4,False,False,terminal,kurt_only,load_pipeline (invariant)
Ferrara,E1,42,RMS-Trend (kσ),rms_trend,decimate,5,0.42,2024-01-01 06:44:40,2024-01-01 06:49:40,0.08,0.08472222222222223,,0.2617801047120419,1.0166666666666668,0.08472222222222223,0.0,True,393,3,2,True,False,terminal,kurt_only,load_pipeline (invariant)
Ferrara,E1,42,3σ Rule (σ=3.0),three_sigma,decimate,5,0.42,2024-01-01 06:44:40,2024-01-01 06:49:40,0.08,2.3,,2.094240837696335,27.599999999999998,2.3,0.0,True,393,3,2,True,False,terminal,kurt_only,load_pipeline (invariant)
Ferrara,E1,42,"EWMA (λ=0.2, k=3.0)",ewma,decimate,5,0.42,2024-01-01 06:44:40,2024-01-01 06:49:40,0.08,2.286111111111111,,1.5706806282722512,27.433333333333334,2.286111111111111,0.0,True,393,3,2,True,False,terminal,kurt_only,load_pipeline (invariant)
Ferrara,E1,42,"CUSUM (k=0.5, h=5.0)",cusum,decimate,5,0.42,2024-01-01 06:44:40,2024-01-01 06:49:40,0.08,0.07777777777777778,0.005555555555555556,0.0,0.9333333333333333,0.07777777777777778,0.0,True,393,3,2,True,False,terminal,kurt_only,load_pipeline (invariant)
Ferrara,E1,42,Hotelling T²,hotelling_t2,decimate,5,0.42,2024-01-01 06:44:40,2024-01-01 06:49:40,0.08,2.6333333333333333,,3.664921465968586,31.6,0.0,15.0,True,393,3,2,True,False,terminal,kurt_only,load_pipeline (invariant)
Ferrara,E1,42,Isolation Forest,isolation_forest,decimate,5,0.42,2024-01-01 06:44:40,2024-01-01 06:49:40,0.08,2.3,,2.6178010471204187,27.599999999999998,2.3,0.0,True,393,3,2,True,False,terminal,kurt_only,load_pipeline (invariant)
Ferrara,E1,42,Deep SVDD,deep_svdd,decimate,5,0.42,2024-01-01 06:44:40,2024-01-01 06:49:40,0.08,0.015277777777777777,0.06805555555555555,0.0,0.18333333333333335,0.015277777777777777,0.0,True,393,3,2,True,False,terminal,kurt_only,load_pipeline (invariant)
Ferrara,E1,42,LSTM-Autoencoder,lstm_ae,decimate,5,0.42,2024-01-01 06:44:40,2024-01-01 06:49:40,0.08,2.3,,15.44502617801047,27.599999999999998,2.3,0.0,False,393,3,2,True,False,terminal,kurt_only,load_pipeline (invariant)
Ferrara,E1,42,TCN-Autoencoder,tcn,decimate,5,0.42,2024-01-01 06:44:40,2024-01-01 06:49:40,0.08,2.452777777777778,,26.701570680628272,29.433333333333337,2.452777777777778,0.0,False,393,3,2,True,False,terminal,kurt_only,load_pipeline (invariant)
Ferrara,E1,42,Transformer-AD,transformer_ad,decimate,5,0.42,2024-01-01 06:44:40,2024-01-01 06:49:40,0.08,2.3,,15.706806282722512,27.599999999999998,2.3,0.0,False,393,3,2,True,False,terminal,kurt_only,load_pipeline (invariant)
Ferrara,E1,42,RMS-Trend (kσ),rms_trend,decimate,10,0.83,2024-01-01 06:44:40,2024-01-01 06:49:40,0.08,0.022222222222222223,0.06111111111111111,0.0,0.2666666666666667,0.022222222222222223,0.0,True,196,3,1,True,False,terminal,kurt_only,load_pipeline (invariant)
Ferrara,E1,42,3σ Rule (σ=3.0),three_sigma,decimate,10,0.83,2024-01-01 06:44:40,2024-01-01 06:49:40,0.08,2.2583333333333333,,3.1413612565445024,27.1,2.2583333333333333,0.0,True,196,3,1,True,False,terminal,kurt_only,load_pipeline (invariant)
Ferrara,E1,42,"EWMA (λ=0.2, k=3.0)",ewma,decimate,10,0.83,2024-01-01 06:44:40,2024-01-01 06:49:40,0.08,1.8416666666666666,,2.094240837696335,22.1,1.8416666666666666,0.0,True,196,3,1,True,False,terminal,kurt_only,load_pipeline (invariant)
Ferrara,E1,42,"CUSUM (k=0.5, h=5.0)",cusum,decimate,10,0.83,2024-01-01 06:44:40,2024-01-01 06:49:40,0.08,0.07777777777777778,0.005555555555555556,0.0,0.9333333333333333,0.07777777777777778,0.0,True,196,3,1,True,False,terminal,kurt_only,load_pipeline (invariant)
Ferrara,E1,42,Hotelling T²,hotelling_t2,decimate,10,0.83,2024-01-01 06:44:40,2024-01-01 06:49:40,0.08,2.286111111111111,,5.7591623036649215,27.433333333333334,2.286111111111111,0.0,True,196,3,1,True,False,terminal,kurt_only,load_pipeline (invariant)
Ferrara,E1,42,Isolation Forest,isolation_forest,decimate,10,0.83,2024-01-01 06:44:40,2024-01-01 06:49:40,0.08,2.286111111111111,,4.712041884816754,27.433333333333334,2.286111111111111,0.0,True,196,3,1,True,False,terminal,kurt_only,load_pipeline (invariant)
Ferrara,E1,42,Deep SVDD,deep_svdd,decimate,10,0.83,2024-01-01 06:44:40,2024-01-01 06:49:40,0.08,0.022222222222222223,0.06111111111111111,0.0,0.2666666666666667,0.022222222222222223,0.0,True,196,3,1,True,False,terminal,kurt_only,load_pipeline (invariant)
Ferrara,E1,42,LSTM-Autoencoder,lstm_ae,decimate,10,0.83,2024-01-01 06:44:40,2024-01-01 06:49:40,0.08,2.063888888888889,,26.17801047120419,24.76666666666667,2.063888888888889,0.0,False,196,3,1,True,False,terminal,kurt_only,load_pipeline (invariant)
Ferrara,E1,42,TCN-Autoencoder,tcn,decimate,10,0.83,2024-01-01 06:44:40,2024-01-01 06:49:40,0.08,2.147222222222222,,43.455497382198956,25.766666666666666,2.147222222222222,0.0,False,196,3,1,True,False,terminal,kurt_only,load_pipeline (invariant)
Ferrara,E1,42,Transformer-AD,transformer_ad,decimate,10,0.83,2024-01-01 06:44:40,2024-01-01 06:49:40,0.08,1.9388888888888889,,23.56020942408377,23.26666666666667,1.9388888888888889,0.0,False,196,3,1,True,False,terminal,kurt_only,load_pipeline (invariant)
Ferrara,E1,42,RMS-Trend (kσ),rms_trend,decimate,20,1.67,2024-01-01 06:44:40,2024-01-01 06:49:40,0.08,0.05,0.03333333333333333,0.0,0.6000000000000001,0.05,0.0,True,98,3,1,True,False,terminal,kurt_only,load_pipeline (invariant)
Ferrara,E1,42,3σ Rule (σ=3.0),three_sigma,decimate,20,1.67,2024-01-01 06:44:40,2024-01-01 06:49:40,0.08,1.8833333333333333,,4.166666666666666,22.6,1.8833333333333333,0.0,True,98,3,1,True,False,terminal,kurt_only,load_pipeline (invariant)
Ferrara,E1,42,"EWMA (λ=0.2, k=3.0)",ewma,decimate,20,1.67,2024-01-01 06:44:40,2024-01-01 06:49:40,0.08,1.8277777777777777,,3.125,21.933333333333334,1.8277777777777777,0.0,True,98,3,1,True,False,terminal,kurt_only,load_pipeline (invariant)
Ferrara,E1,42,"CUSUM (k=0.5, h=5.0)",cusum,decimate,20,1.67,2024-01-01 06:44:40,2024-01-01 06:49:40,0.08,0.07777777777777778,0.005555555555555556,0.0,0.9333333333333333,0.07777777777777778,0.0,True,98,3,1,True,False,terminal,kurt_only,load_pipeline (invariant)
Ferrara,E1,42,Hotelling T²,hotelling_t2,decimate,20,1.67,2024-01-01 06:44:40,2024-01-01 06:49:40,0.08,2.3,,7.291666666666667,27.599999999999998,2.3,0.0,True,98,3,1,True,False,terminal,kurt_only,load_pipeline (invariant)
Ferrara,E1,42,Isolation Forest,isolation_forest,decimate,20,1.67,2024-01-01 06:44:40,2024-01-01 06:49:40,0.08,1.8277777777777777,,2.083333333333333,21.933333333333334,1.8277777777777777,0.0,True,98,3,1,True,False,terminal,kurt_only,load_pipeline (invariant)
Ferrara,E1,42,Deep SVDD,deep_svdd,decimate,20,1.67,2024-01-01 06:44:40,2024-01-01 06:49:40,0.08,0.05,0.03333333333333333,0.0,0.6000000000000001,0.05,0.0,True,98,3,1,True,False,terminal,kurt_only,load_pipeline (invariant)
Ferrara,E1,42,LSTM-Autoencoder,lstm_ae,decimate,20,1.67,2024-01-01 06:44:40,2024-01-01 06:49:40,0.08,1.8833333333333333,,34.375,22.6,1.8833333333333333,0.0,False,98,3,1,True,False,terminal,kurt_only,load_pipeline (invariant)
Ferrara,E1,42,TCN-Autoencoder,tcn,decimate,20,1.67,2024-01-01 06:44:40,2024-01-01 06:49:40,0.08,1.8555555555555556,,32.29166666666667,22.26666666666667,1.8555555555555556,0.0,False,98,3,1,True,False,terminal,kurt_only,load_pipeline (invariant)
Ferrara,E1,42,Transformer-AD,transformer_ad,decimate,20,1.67,2024-01-01 06:44:40,2024-01-01 06:49:40,0.08,1.8277777777777777,,22.916666666666664,21.933333333333334,1.8277777777777777,0.0,False,98,3,1,True,False,terminal,kurt_only,load_pipeline (invariant)
Ferrara,E2,42,RMS-Trend (kσ),rms_trend,aggregate,1,0.08,,2024-01-01 02:45:20,,0.10277777777777777,,0.0,,0.10277777777777777,0.0,True,159,10,3,False,False,terminal,kurt_only,load_pipeline (invariant)
Ferrara,E2,42,3σ Rule (σ=3.0),three_sigma,aggregate,1,0.08,,2024-01-01 02:45:20,,0.10972222222222222,,0.0,,0.10972222222222222,0.0,True,159,10,3,False,False,terminal,kurt_only,load_pipeline (invariant)
Ferrara,E2,42,"EWMA (λ=0.2, k=3.0)",ewma,aggregate,1,0.08,,2024-01-01 02:45:20,,0.10972222222222222,,0.0,,0.10972222222222222,0.0,True,159,10,3,False,False,terminal,kurt_only,load_pipeline (invariant)
Ferrara,E2,42,"CUSUM (k=0.5, h=5.0)",cusum,aggregate,1,0.08,,2024-01-01 02:45:20,,0.10277777777777777,,0.0,,0.10277777777777777,0.0,True,159,10,3,False,False,terminal,kurt_only,load_pipeline (invariant)
Ferrara,E2,42,Hotelling T²,hotelling_t2,aggregate,1,0.08,,2024-01-01 02:45:20,,0.10972222222222222,,0.0,,0.10972222222222222,0.0,True,159,10,3,False,False,terminal,kurt_only,load_pipeline (invariant)
Ferrara,E2,42,Isolation Forest,isolation_forest,aggregate,1,0.08,,2024-01-01 02:45:20,,0.8180555555555555,,0.0,,0.8180555555555555,0.0,True,159,10,3,False,False,terminal,kurt_only,load_pipeline (invariant)
Ferrara,E2,42,Deep SVDD,deep_svdd,aggregate,1,0.08,,2024-01-01 02:45:20,,0.0,,0.0,,0.0,0.0,False,159,10,3,False,False,terminal,kurt_only,load_pipeline (invariant)
Ferrara,E2,42,LSTM-Autoencoder,lstm_ae,aggregate,1,0.08,,2024-01-01 02:45:20,,0.8527777777777777,,0.0,,0.8527777777777777,0.0,True,159,10,3,False,False,terminal,kurt_only,load_pipeline (invariant)
Ferrara,E2,42,TCN-Autoencoder,tcn,aggregate,1,0.08,,2024-01-01 02:45:20,,0.8944444444444445,,0.0,,0.8944444444444445,0.0,True,159,10,3,False,False,terminal,kurt_only,load_pipeline (invariant)
Ferrara,E2,42,Transformer-AD,transformer_ad,aggregate,1,0.08,,2024-01-01 02:45:20,,0.7763888888888889,,0.0,,0.7763888888888889,0.0,True,159,10,3,False,False,terminal,kurt_only,load_pipeline (invariant)
Ferrara,E2,42,RMS-Trend (kσ),rms_trend,aggregate,2,1.0,,2024-01-01 02:45:20,,0.0,,0.0,,0.0,0.0,False,33,5,4,False,False,terminal,kurt_only,load_pipeline (invariant)
Ferrara,E2,42,3σ Rule (σ=3.0),three_sigma,aggregate,2,1.0,,2024-01-01 02:45:20,,0.0,,0.0,,0.0,0.0,False,33,5,4,False,False,terminal,kurt_only,load_pipeline (invariant)
Ferrara,E2,42,"EWMA (λ=0.2, k=3.0)",ewma,aggregate,2,1.0,,2024-01-01 02:45:20,,0.0,,0.0,,0.0,0.0,False,33,5,4,False,False,terminal,kurt_only,load_pipeline (invariant)
Ferrara,E2,42,"CUSUM (k=0.5, h=5.0)",cusum,aggregate,2,1.0,,2024-01-01 02:45:20,,0.0,,0.0,,0.0,0.0,False,33,5,4,False,False,terminal,kurt_only,load_pipeline (invariant)
Ferrara,E2,42,Hotelling T²,hotelling_t2,aggregate,2,1.0,,2024-01-01 02:45:20,,0.9888888888888889,,0.0,,0.9888888888888889,0.0,True,33,5,4,False,False,terminal,kurt_only,load_pipeline (invariant)
Ferrara,E2,42,Isolation Forest,isolation_forest,aggregate,2,1.0,,2024-01-01 02:45:20,,0.0,,0.0,,0.0,0.0,False,33,5,4,False,False,terminal,kurt_only,load_pipeline (invariant)
Ferrara,E2,42,Deep SVDD,deep_svdd,aggregate,2,1.0,,2024-01-01 02:45:20,,0.0,,0.0,,0.0,0.0,False,33,5,4,False,False,terminal,kurt_only,load_pipeline (invariant)
Ferrara,E2,42,LSTM-Autoencoder,lstm_ae,aggregate,2,1.0,,2024-01-01 02:45:20,,1.1222222222222222,,100.0,,0.0,100.0,False,33,5,4,False,False,terminal,kurt_only,load_pipeline (invariant)
Ferrara,E2,42,TCN-Autoencoder,tcn,aggregate,2,1.0,,2024-01-01 02:45:20,,1.1222222222222222,,100.0,,0.0,100.0,False,33,5,4,False,False,terminal,kurt_only,load_pipeline (invariant)
Ferrara,E2,42,Transformer-AD,transformer_ad,aggregate,2,1.0,,2024-01-01 02:45:20,,1.1222222222222222,,100.0,,0.0,100.0,False,33,5,4,False,False,terminal,kurt_only,load_pipeline (invariant)
Ferrara,E2,42,RMS-Trend (kσ),rms_trend,aggregate,5,1.0,,2024-01-01 02:45:20,,0.10555555555555556,,0.0,,0.10555555555555556,0.0,True,66,3,2,True,False,terminal,kurt_only,load_pipeline (invariant)
Ferrara,E2,42,3σ Rule (σ=3.0),three_sigma,aggregate,5,1.0,,2024-01-01 02:45:20,,0.12222222222222222,,0.0,,0.12222222222222222,0.0,True,66,3,2,True,False,terminal,kurt_only,load_pipeline (invariant)
Ferrara,E2,42,"EWMA (λ=0.2, k=3.0)",ewma,aggregate,5,1.0,,2024-01-01 02:45:20,,0.12222222222222222,,0.0,,0.12222222222222222,0.0,True,66,3,2,True,False,terminal,kurt_only,load_pipeline (invariant)
Ferrara,E2,42,"CUSUM (k=0.5, h=5.0)",cusum,aggregate,5,1.0,,2024-01-01 02:45:20,,0.12222222222222222,,0.0,,0.12222222222222222,0.0,True,66,3,2,True,False,terminal,kurt_only,load_pipeline (invariant)
Ferrara,E2,42,Hotelling T²,hotelling_t2,aggregate,5,1.0,,2024-01-01 02:45:20,,0.8388888888888889,,0.0,,0.8388888888888889,0.0,True,66,3,2,True,False,terminal,kurt_only,load_pipeline (invariant)
Ferrara,E2,42,Isolation Forest,isolation_forest,aggregate,5,1.0,,2024-01-01 02:45:20,,0.12222222222222222,,0.0,,0.12222222222222222,0.0,True,66,3,2,True,False,terminal,kurt_only,load_pipeline (invariant)
Ferrara,E2,42,Deep SVDD,deep_svdd,aggregate,5,1.0,,2024-01-01 02:45:20,,0.0,,0.0,,0.0,0.0,False,66,3,2,True,False,terminal,kurt_only,load_pipeline (invariant)
Ferrara,E2,42,LSTM-Autoencoder,lstm_ae,aggregate,5,1.0,,2024-01-01 02:45:20,,1.1055555555555556,,100.0,,0.0,100.0,False,66,3,2,True,False,terminal,kurt_only,load_pipeline (invariant)
Ferrara,E2,42,TCN-Autoencoder,tcn,aggregate,5,1.0,,2024-01-01 02:45:20,,1.1055555555555556,,100.0,,0.0,100.0,False,66,3,2,True,False,terminal,kurt_only,load_pipeline (invariant)
Ferrara,E2,42,Transformer-AD,transformer_ad,aggregate,5,1.0,,2024-01-01 02:45:20,,0.4722222222222222,,0.0,,0.4722222222222222,0.0,True,66,3,2,True,False,terminal,kurt_only,load_pipeline (invariant)
Ferrara,E2,42,RMS-Trend (kσ),rms_trend,aggregate,10,1.0,,2024-01-01 02:45:20,,0.10555555555555556,,0.0,,0.10555555555555556,0.0,True,66,3,1,True,False,terminal,kurt_only,load_pipeline (invariant)
Ferrara,E2,42,3σ Rule (σ=3.0),three_sigma,aggregate,10,1.0,,2024-01-01 02:45:20,,0.12222222222222222,,0.0,,0.12222222222222222,0.0,True,66,3,1,True,False,terminal,kurt_only,load_pipeline (invariant)
Ferrara,E2,42,"EWMA (λ=0.2, k=3.0)",ewma,aggregate,10,1.0,,2024-01-01 02:45:20,,0.12222222222222222,,0.0,,0.12222222222222222,0.0,True,66,3,1,True,False,terminal,kurt_only,load_pipeline (invariant)
Ferrara,E2,42,"CUSUM (k=0.5, h=5.0)",cusum,aggregate,10,1.0,,2024-01-01 02:45:20,,0.12222222222222222,,0.0,,0.12222222222222222,0.0,True,66,3,1,True,False,terminal,kurt_only,load_pipeline (invariant)
Ferrara,E2,42,Hotelling T²,hotelling_t2,aggregate,10,1.0,,2024-01-01 02:45:20,,1.0722222222222222,,25.0,,0.0,25.0,False,66,3,1,True,False,terminal,kurt_only,load_pipeline (invariant)
Ferrara,E2,42,Isolation Forest,isolation_forest,aggregate,10,1.0,,2024-01-01 02:45:20,,0.12222222222222222,,0.0,,0.12222222222222222,0.0,True,66,3,1,True,False,terminal,kurt_only,load_pipeline (invariant)
Ferrara,E2,42,Deep SVDD,deep_svdd,aggregate,10,1.0,,2024-01-01 02:45:20,,0.022222222222222223,,0.0,,0.022222222222222223,0.0,True,66,3,1,True,False,terminal,kurt_only,load_pipeline (invariant)
Ferrara,E2,42,LSTM-Autoencoder,lstm_ae,aggregate,10,1.0,,2024-01-01 02:45:20,,1.1055555555555556,,100.0,,0.0,100.0,False,66,3,1,True,False,terminal,kurt_only,load_pipeline (invariant)
Ferrara,E2,42,TCN-Autoencoder,tcn,aggregate,10,1.0,,2024-01-01 02:45:20,,1.1055555555555556,,100.0,,0.0,100.0,False,66,3,1,True,False,terminal,kurt_only,load_pipeline (invariant)
Ferrara,E2,42,Transformer-AD,transformer_ad,aggregate,10,1.0,,2024-01-01 02:45:20,,0.4722222222222222,,0.0,,0.4722222222222222,0.0,True,66,3,1,True,False,terminal,kurt_only,load_pipeline (invariant)
Ferrara,E2,42,RMS-Trend (kσ),rms_trend,aggregate,20,2.0,,2024-01-01 02:45:20,,0.12222222222222222,,0.0,,0.12222222222222222,0.0,True,33,3,1,True,False,terminal,kurt_only,load_pipeline (invariant)
Ferrara,E2,42,3σ Rule (σ=3.0),three_sigma,aggregate,20,2.0,,2024-01-01 02:45:20,,0.15555555555555556,,0.0,,0.15555555555555556,0.0,True,33,3,1,True,False,terminal,kurt_only,load_pipeline (invariant)
Ferrara,E2,42,"EWMA (λ=0.2, k=3.0)",ewma,aggregate,20,2.0,,2024-01-01 02:45:20,,0.15555555555555556,,0.0,,0.15555555555555556,0.0,True,33,3,1,True,False,terminal,kurt_only,load_pipeline (invariant)
Ferrara,E2,42,"CUSUM (k=0.5, h=5.0)",cusum,aggregate,20,2.0,,2024-01-01 02:45:20,,0.15555555555555556,,0.0,,0.15555555555555556,0.0,True,33,3,1,True,False,terminal,kurt_only,load_pipeline (invariant)
Ferrara,E2,42,Hotelling T²,hotelling_t2,aggregate,20,2.0,,2024-01-01 02:45:20,,0.9888888888888889,,0.0,,0.9888888888888889,0.0,True,33,3,1,True,False,terminal,kurt_only,load_pipeline (invariant)
Ferrara,E2,42,Isolation Forest,isolation_forest,aggregate,20,2.0,,2024-01-01 02:45:20,,0.12222222222222222,,0.0,,0.12222222222222222,0.0,True,33,3,1,True,False,terminal,kurt_only,load_pipeline (invariant)
Ferrara,E2,42,Deep SVDD,deep_svdd,aggregate,20,2.0,,2024-01-01 02:45:20,,0.12222222222222222,,0.0,,0.12222222222222222,0.0,True,33,3,1,True,False,terminal,kurt_only,load_pipeline (invariant)
Ferrara,E2,42,LSTM-Autoencoder,lstm_ae,aggregate,20,2.0,,2024-01-01 02:45:20,,1.1222222222222222,,100.0,,0.0,100.0,False,33,3,1,True,False,terminal,kurt_only,load_pipeline (invariant)
Ferrara,E2,42,TCN-Autoencoder,tcn,aggregate,20,2.0,,2024-01-01 02:45:20,,1.1222222222222222,,100.0,,0.0,100.0,False,33,3,1,True,False,terminal,kurt_only,load_pipeline (invariant)
Ferrara,E2,42,Transformer-AD,transformer_ad,aggregate,20,2.0,,2024-01-01 02:45:20,,1.1222222222222222,,100.0,,0.0,100.0,False,33,3,1,True,False,terminal,kurt_only,load_pipeline (invariant)
Ferrara,E2,42,RMS-Trend (kσ),rms_trend,decimate,1,0.08,,2024-01-01 02:45:20,,0.10277777777777777,,0.0,,0.10277777777777777,0.0,True,159,10,3,False,False,terminal,kurt_only,load_pipeline (invariant)
Ferrara,E2,42,3σ Rule (σ=3.0),three_sigma,decimate,1,0.08,,2024-01-01 02:45:20,,0.10972222222222222,,0.0,,0.10972222222222222,0.0,True,159,10,3,False,False,terminal,kurt_only,load_pipeline (invariant)
Ferrara,E2,42,"EWMA (λ=0.2, k=3.0)",ewma,decimate,1,0.08,,2024-01-01 02:45:20,,0.10972222222222222,,0.0,,0.10972222222222222,0.0,True,159,10,3,False,False,terminal,kurt_only,load_pipeline (invariant)
Ferrara,E2,42,"CUSUM (k=0.5, h=5.0)",cusum,decimate,1,0.08,,2024-01-01 02:45:20,,0.10277777777777777,,0.0,,0.10277777777777777,0.0,True,159,10,3,False,False,terminal,kurt_only,load_pipeline (invariant)
Ferrara,E2,42,Hotelling T²,hotelling_t2,decimate,1,0.08,,2024-01-01 02:45:20,,0.10972222222222222,,0.0,,0.10972222222222222,0.0,True,159,10,3,False,False,terminal,kurt_only,load_pipeline (invariant)
Ferrara,E2,42,Isolation Forest,isolation_forest,decimate,1,0.08,,2024-01-01 02:45:20,,0.8180555555555555,,0.0,,0.8180555555555555,0.0,True,159,10,3,False,False,terminal,kurt_only,load_pipeline (invariant)
Ferrara,E2,42,Deep SVDD,deep_svdd,decimate,1,0.08,,2024-01-01 02:45:20,,0.0,,0.0,,0.0,0.0,False,159,10,3,False,False,terminal,kurt_only,load_pipeline (invariant)
Ferrara,E2,42,LSTM-Autoencoder,lstm_ae,decimate,1,0.08,,2024-01-01 02:45:20,,0.8527777777777777,,0.0,,0.8527777777777777,0.0,True,159,10,3,False,False,terminal,kurt_only,load_pipeline (invariant)
Ferrara,E2,42,TCN-Autoencoder,tcn,decimate,1,0.08,,2024-01-01 02:45:20,,0.8944444444444445,,0.0,,0.8944444444444445,0.0,True,159,10,3,False,False,terminal,kurt_only,load_pipeline (invariant)
Ferrara,E2,42,Transformer-AD,transformer_ad,decimate,1,0.08,,2024-01-01 02:45:20,,0.7763888888888889,,0.0,,0.7763888888888889,0.0,True,159,10,3,False,False,terminal,kurt_only,load_pipeline (invariant)
Ferrara,E2,42,RMS-Trend (kσ),rms_trend,decimate,2,0.17,,2024-01-01 02:45:20,,0.0,,0.0,,0.0,0.0,False,198,5,4,False,False,terminal,kurt_only,load_pipeline (invariant)
Ferrara,E2,42,3σ Rule (σ=3.0),three_sigma,decimate,2,0.17,,2024-01-01 02:45:20,,0.1111111111111111,,0.0,,0.1111111111111111,0.0,True,198,5,4,False,False,terminal,kurt_only,load_pipeline (invariant)
Ferrara,E2,42,"EWMA (λ=0.2, k=3.0)",ewma,decimate,2,0.17,,2024-01-01 02:45:20,,0.10555555555555556,,0.0,,0.10555555555555556,0.0,True,198,5,4,False,False,terminal,kurt_only,load_pipeline (invariant)
Ferrara,E2,42,"CUSUM (k=0.5, h=5.0)",cusum,decimate,2,0.17,,2024-01-01 02:45:20,,0.1,,0.0,,0.1,0.0,True,198,5,4,False,False,terminal,kurt_only,load_pipeline (invariant)
Ferrara,E2,42,Hotelling T²,hotelling_t2,decimate,2,0.17,,2024-01-01 02:45:20,,0.1111111111111111,,0.0,,0.1111111111111111,0.0,True,198,5,4,False,False,terminal,kurt_only,load_pipeline (invariant)
Ferrara,E2,42,Isolation Forest,isolation_forest,decimate,2,0.17,,2024-01-01 02:45:20,,0.1111111111111111,,0.0,,0.1111111111111111,0.0,True,198,5,4,False,False,terminal,kurt_only,load_pipeline (invariant)
Ferrara,E2,42,Deep SVDD,deep_svdd,decimate,2,0.17,,2024-01-01 02:45:20,,0.0,,0.0,,0.0,0.0,False,198,5,4,False,False,terminal,kurt_only,load_pipeline (invariant)
Ferrara,E2,42,LSTM-Autoencoder,lstm_ae,decimate,2,0.17,,2024-01-01 02:45:20,,1.1,,100.0,,0.0,100.0,False,198,5,4,False,False,terminal,kurt_only,load_pipeline (invariant)
Ferrara,E2,42,TCN-Autoencoder,tcn,decimate,2,0.17,,2024-01-01 02:45:20,,1.1,,100.0,,0.0,100.0,False,198,5,4,False,False,terminal,kurt_only,load_pipeline (invariant)
Ferrara,E2,42,Transformer-AD,transformer_ad,decimate,2,0.17,,2024-01-01 02:45:20,,0.7222222222222222,,0.0,,0.7222222222222222,0.0,True,198,5,4,False,False,terminal,kurt_only,load_pipeline (invariant)
Ferrara,E2,42,RMS-Trend (kσ),rms_trend,decimate,5,0.42,,2024-01-01 02:45:20,,0.09583333333333334,,0.0,,0.09583333333333334,0.0,True,158,3,2,True,False,terminal,kurt_only,load_pipeline (invariant)
Ferrara,E2,42,3σ Rule (σ=3.0),three_sigma,decimate,5,0.42,,2024-01-01 02:45:20,,0.10972222222222222,,0.0,,0.10972222222222222,0.0,True,158,3,2,True,False,terminal,kurt_only,load_pipeline (invariant)
Ferrara,E2,42,"EWMA (λ=0.2, k=3.0)",ewma,decimate,5,0.42,,2024-01-01 02:45:20,,0.10972222222222222,,0.0,,0.10972222222222222,0.0,True,158,3,2,True,False,terminal,kurt_only,load_pipeline (invariant)
Ferrara,E2,42,"CUSUM (k=0.5, h=5.0)",cusum,decimate,5,0.42,,2024-01-01 02:45:20,,0.10277777777777777,,0.0,,0.10277777777777777,0.0,True,158,3,2,True,False,terminal,kurt_only,load_pipeline (invariant)
Ferrara,E2,42,Hotelling T²,hotelling_t2,decimate,5,0.42,,2024-01-01 02:45:20,,0.10972222222222222,,0.0,,0.10972222222222222,0.0,True,158,3,2,True,False,terminal,kurt_only,load_pipeline (invariant)
Ferrara,E2,42,Isolation Forest,isolation_forest,decimate,5,0.42,,2024-01-01 02:45:20,,0.6027777777777777,,0.0,,0.6027777777777777,0.0,True,158,3,2,True,False,terminal,kurt_only,load_pipeline (invariant)
Ferrara,E2,42,Deep SVDD,deep_svdd,decimate,5,0.42,,2024-01-01 02:45:20,,0.0,,0.0,,0.0,0.0,False,158,3,2,True,False,terminal,kurt_only,load_pipeline (invariant)
Ferrara,E2,42,LSTM-Autoencoder,lstm_ae,decimate,5,0.42,,2024-01-01 02:45:20,,0.8319444444444445,,0.0,,0.8319444444444445,0.0,True,158,3,2,True,False,terminal,kurt_only,load_pipeline (invariant)
Ferrara,E2,42,TCN-Autoencoder,tcn,decimate,5,0.42,,2024-01-01 02:45:20,,0.8805555555555555,,0.0,,0.8805555555555555,0.0,True,158,3,2,True,False,terminal,kurt_only,load_pipeline (invariant)
Ferrara,E2,42,Transformer-AD,transformer_ad,decimate,5,0.42,,2024-01-01 02:45:20,,0.7902777777777777,,0.0,,0.7902777777777777,0.0,True,158,3,2,True,False,terminal,kurt_only,load_pipeline (invariant)
Ferrara,E2,42,RMS-Trend (kσ),rms_trend,decimate,10,0.83,,2024-01-01 02:45:20,,0.10277777777777777,,0.0,,0.10277777777777777,0.0,True,79,3,1,True,False,terminal,kurt_only,load_pipeline (invariant)
Ferrara,E2,42,3σ Rule (σ=3.0),three_sigma,decimate,10,0.83,,2024-01-01 02:45:20,,0.9361111111111111,,0.0,,0.9361111111111111,0.0,True,79,3,1,True,False,terminal,kurt_only,load_pipeline (invariant)
Ferrara,E2,42,"EWMA (λ=0.2, k=3.0)",ewma,decimate,10,0.83,,2024-01-01 02:45:20,,0.11666666666666667,,0.0,,0.11666666666666667,0.0,True,79,3,1,True,False,terminal,kurt_only,load_pipeline (invariant)
Ferrara,E2,42,"CUSUM (k=0.5, h=5.0)",cusum,decimate,10,0.83,,2024-01-01 02:45:20,,0.11666666666666667,,0.0,,0.11666666666666667,0.0,True,79,3,1,True,False,terminal,kurt_only,load_pipeline (invariant)
Ferrara,E2,42,Hotelling T²,hotelling_t2,decimate,10,0.83,,2024-01-01 02:45:20,,0.9361111111111111,,0.0,,0.9361111111111111,0.0,True,79,3,1,True,False,terminal,kurt_only,load_pipeline (invariant)
Ferrara,E2,42,Isolation Forest,isolation_forest,decimate,10,0.83,,2024-01-01 02:45:20,,0.11666666666666667,,0.0,,0.11666666666666667,0.0,True,79,3,1,True,False,terminal,kurt_only,load_pipeline (invariant)
Ferrara,E2,42,Deep SVDD,deep_svdd,decimate,10,0.83,,2024-01-01 02:45:20,,0.10277777777777777,,0.0,,0.10277777777777777,0.0,True,79,3,1,True,False,terminal,kurt_only,load_pipeline (invariant)
Ferrara,E2,42,LSTM-Autoencoder,lstm_ae,decimate,10,0.83,,2024-01-01 02:45:20,,1.1027777777777779,,100.0,,0.0,100.0,False,79,3,1,True,False,terminal,kurt_only,load_pipeline (invariant)
Ferrara,E2,42,TCN-Autoencoder,tcn,decimate,10,0.83,,2024-01-01 02:45:20,,1.1027777777777779,,100.0,,0.0,100.0,False,79,3,1,True,False,terminal,kurt_only,load_pipeline (invariant)
Ferrara,E2,42,Transformer-AD,transformer_ad,decimate,10,0.83,,2024-01-01 02:45:20,,0.21388888888888888,,0.0,,0.21388888888888888,0.0,True,79,3,1,True,False,terminal,kurt_only,load_pipeline (invariant)
Ferrara,E2,42,RMS-Trend (kσ),rms_trend,decimate,20,1.67,,2024-01-01 02:45:20,,0.08888888888888889,,0.0,,0.08888888888888889,0.0,True,40,3,1,True,False,terminal,kurt_only,load_pipeline (invariant)
Ferrara,E2,42,3σ Rule (σ=3.0),three_sigma,decimate,20,1.67,,2024-01-01 02:45:20,,0.9222222222222223,,0.0,,0.9222222222222223,0.0,True,40,3,1,True,False,terminal,kurt_only,load_pipeline (invariant)
Ferrara,E2,42,"EWMA (λ=0.2, k=3.0)",ewma,decimate,20,1.67,,2024-01-01 02:45:20,,0.11666666666666667,,0.0,,0.11666666666666667,0.0,True,40,3,1,True,False,terminal,kurt_only,load_pipeline (invariant)
Ferrara,E2,42,"CUSUM (k=0.5, h=5.0)",cusum,decimate,20,1.67,,2024-01-01 02:45:20,,0.11666666666666667,,0.0,,0.11666666666666667,0.0,True,40,3,1,True,False,terminal,kurt_only,load_pipeline (invariant)
Ferrara,E2,42,Hotelling T²,hotelling_t2,decimate,20,1.67,,2024-01-01 02:45:20,,1.1166666666666667,,33.33333333333333,,0.0,33.33333333333333,False,40,3,1,True,False,terminal,kurt_only,load_pipeline (invariant)
Ferrara,E2,42,Isolation Forest,isolation_forest,decimate,20,1.67,,2024-01-01 02:45:20,,0.11666666666666667,,0.0,,0.11666666666666667,0.0,True,40,3,1,True,False,terminal,kurt_only,load_pipeline (invariant)
Ferrara,E2,42,Deep SVDD,deep_svdd,decimate,20,1.67,,2024-01-01 02:45:20,,0.08888888888888889,,0.0,,0.08888888888888889,0.0,True,40,3,1,True,False,terminal,kurt_only,load_pipeline (invariant)
Ferrara,E2,42,LSTM-Autoencoder,lstm_ae,decimate,20,1.67,,2024-01-01 02:45:20,,1.1166666666666667,,100.0,,0.0,100.0,False,40,3,1,True,False,terminal,kurt_only,load_pipeline (invariant)
Ferrara,E2,42,TCN-Autoencoder,tcn,decimate,20,1.67,,2024-01-01 02:45:20,,1.1166666666666667,,100.0,,0.0,100.0,False,40,3,1,True,False,terminal,kurt_only,load_pipeline (invariant)
Ferrara,E2,42,Transformer-AD,transformer_ad,decimate,20,1.67,,2024-01-01 02:45:20,,1.1166666666666667,,100.0,,0.0,100.0,False,40,3,1,True,False,terminal,kurt_only,load_pipeline (invariant)
Ferrara,E3,42,RMS-Trend (kσ),rms_trend,aggregate,1,0.08,,2024-01-01 03:18:45,,0.0,,0.0,,0.0,0.0,False,191,10,3,False,False,terminal,kurt_only,load_pipeline (invariant)
Ferrara,E3,42,3σ Rule (σ=3.0),three_sigma,aggregate,1,0.08,,2024-01-01 03:18:45,,1.3263888888888888,,100.0,,0.0,100.0,False,191,10,3,False,False,terminal,kurt_only,load_pipeline (invariant)
Ferrara,E3,42,"EWMA (λ=0.2, k=3.0)",ewma,aggregate,1,0.08,,2024-01-01 03:18:45,,1.3194444444444444,,90.0,,0.0,90.0,False,191,10,3,False,False,terminal,kurt_only,load_pipeline (invariant)
Ferrara,E3,42,"CUSUM (k=0.5, h=5.0)",cusum,aggregate,1,0.08,,2024-01-01 03:18:45,,1.3125,,80.0,,0.0,80.0,False,191,10,3,False,False,terminal,kurt_only,load_pipeline (invariant)
Ferrara,E3,42,Hotelling T²,hotelling_t2,aggregate,1,0.08,,2024-01-01 03:18:45,,1.3263888888888888,,100.0,,0.0,100.0,False,191,10,3,False,False,terminal,kurt_only,load_pipeline (invariant)
Ferrara,E3,42,Isolation Forest,isolation_forest,aggregate,1,0.08,,2024-01-01 03:18:45,,1.3263888888888888,,100.0,,0.0,100.0,False,191,10,3,False,False,terminal,kurt_only,load_pipeline (invariant)
Ferrara,E3,42,Deep SVDD,deep_svdd,aggregate,1,0.08,,2024-01-01 03:18:45,,0.041666666666666664,,0.0,,0.041666666666666664,0.0,True,191,10,3,False,False,terminal,kurt_only,load_pipeline (invariant)
Ferrara,E3,42,LSTM-Autoencoder,lstm_ae,aggregate,1,0.08,,2024-01-01 03:18:45,,1.3263888888888888,,100.0,,0.0,100.0,False,191,10,3,False,False,terminal,kurt_only,load_pipeline (invariant)
Ferrara,E3,42,TCN-Autoencoder,tcn,aggregate,1,0.08,,2024-01-01 03:18:45,,1.3263888888888888,,100.0,,0.0,100.0,False,191,10,3,False,False,terminal,kurt_only,load_pipeline (invariant)
Ferrara,E3,42,Transformer-AD,transformer_ad,aggregate,1,0.08,,2024-01-01 03:18:45,,1.3263888888888888,,100.0,,0.0,100.0,False,191,10,3,False,False,terminal,kurt_only,load_pipeline (invariant)
Ferrara,E3,42,RMS-Trend (kσ),rms_trend,aggregate,2,1.0,,2024-01-01 03:18:45,,0.0,,0.0,,0.0,0.0,False,40,5,4,False,False,terminal,kurt_only,load_pipeline (invariant)
Ferrara,E3,42,3σ Rule (σ=3.0),three_sigma,aggregate,2,1.0,,2024-01-01 03:18:45,,1.3458333333333334,,100.0,,0.0,100.0,False,40,5,4,False,False,terminal,kurt_only,load_pipeline (invariant)
Ferrara,E3,42,"EWMA (λ=0.2, k=3.0)",ewma,aggregate,2,1.0,,2024-01-01 03:18:45,,1.3458333333333334,,100.0,,0.0,100.0,False,40,5,4,False,False,terminal,kurt_only,load_pipeline (invariant)
Ferrara,E3,42,"CUSUM (k=0.5, h=5.0)",cusum,aggregate,2,1.0,,2024-01-01 03:18:45,,1.3458333333333334,,100.0,,0.0,100.0,False,40,5,4,False,False,terminal,kurt_only,load_pipeline (invariant)
Ferrara,E3,42,Hotelling T²,hotelling_t2,aggregate,2,1.0,,2024-01-01 03:18:45,,1.3458333333333334,,100.0,,0.0,100.0,False,40,5,4,False,False,terminal,kurt_only,load_pipeline (invariant)
Ferrara,E3,42,Isolation Forest,isolation_forest,aggregate,2,1.0,,2024-01-01 03:18:45,,1.3458333333333334,,100.0,,0.0,100.0,False,40,5,4,False,False,terminal,kurt_only,load_pipeline (invariant)
Ferrara,E3,42,Deep SVDD,deep_svdd,aggregate,2,1.0,,2024-01-01 03:18:45,,0.0,,0.0,,0.0,0.0,False,40,5,4,False,False,terminal,kurt_only,load_pipeline (invariant)
Ferrara,E3,42,LSTM-Autoencoder,lstm_ae,aggregate,2,1.0,,2024-01-01 03:18:45,,1.3458333333333334,,100.0,,0.0,100.0,False,40,5,4,False,False,terminal,kurt_only,load_pipeline (invariant)
Ferrara,E3,42,TCN-Autoencoder,tcn,aggregate,2,1.0,,2024-01-01 03:18:45,,1.3458333333333334,,100.0,,0.0,100.0,False,40,5,4,False,False,terminal,kurt_only,load_pipeline (invariant)
Ferrara,E3,42,Transformer-AD,transformer_ad,aggregate,2,1.0,,2024-01-01 03:18:45,,1.3458333333333334,,100.0,,0.0,100.0,False,40,5,4,False,False,terminal,kurt_only,load_pipeline (invariant)
Ferrara,E3,42,RMS-Trend (kσ),rms_trend,aggregate,5,1.0,,2024-01-01 03:18:45,,0.1125,,0.0,,0.1125,0.0,True,79,3,2,True,False,terminal,kurt_only,load_pipeline (invariant)
Ferrara,E3,42,3σ Rule (σ=3.0),three_sigma,aggregate,5,1.0,,2024-01-01 03:18:45,,1.3291666666666666,,100.0,,0.0,100.0,False,79,3,2,True,False,terminal,kurt_only,load_pipeline (invariant)
Ferrara,E3,42,"EWMA (λ=0.2, k=3.0)",ewma,aggregate,5,1.0,,2024-01-01 03:18:45,,1.3291666666666666,,100.0,,0.0,100.0,False,79,3,2,True,False,terminal,kurt_only,load_pipeline (invariant)
Ferrara,E3,42,"CUSUM (k=0.5, h=5.0)",cusum,aggregate,5,1.0,,2024-01-01 03:18:45,,1.3291666666666666,,100.0,,0.0,100.0,False,79,3,2,True,False,terminal,kurt_only,load_pipeline (invariant)
Ferrara,E3,42,Hotelling T²,hotelling_t2,aggregate,5,1.0,,2024-01-01 03:18:45,,1.3291666666666666,,100.0,,0.0,100.0,False,79,3,2,True,False,terminal,kurt_only,load_pipeline (invariant)
Ferrara,E3,42,Isolation Forest,isolation_forest,aggregate,5,1.0,,2024-01-01 03:18:45,,1.3291666666666666,,100.0,,0.0,100.0,False,79,3,2,True,False,terminal,kurt_only,load_pipeline (invariant)
Ferrara,E3,42,Deep SVDD,deep_svdd,aggregate,5,1.0,,2024-01-01 03:18:45,,0.1125,,0.0,,0.1125,0.0,True,79,3,2,True,False,terminal,kurt_only,load_pipeline (invariant)
Ferrara,E3,42,LSTM-Autoencoder,lstm_ae,aggregate,5,1.0,,2024-01-01 03:18:45,,1.3291666666666666,,100.0,,0.0,100.0,False,79,3,2,True,False,terminal,kurt_only,load_pipeline (invariant)
Ferrara,E3,42,TCN-Autoencoder,tcn,aggregate,5,1.0,,2024-01-01 03:18:45,,1.3291666666666666,,100.0,,0.0,100.0,False,79,3,2,True,False,terminal,kurt_only,load_pipeline (invariant)
Ferrara,E3,42,Transformer-AD,transformer_ad,aggregate,5,1.0,,2024-01-01 03:18:45,,1.3291666666666666,,100.0,,0.0,100.0,False,79,3,2,True,False,terminal,kurt_only,load_pipeline (invariant)
Ferrara,E3,42,RMS-Trend (kσ),rms_trend,aggregate,10,1.0,,2024-01-01 03:18:45,,0.1125,,0.0,,0.1125,0.0,True,79,3,1,True,False,terminal,kurt_only,load_pipeline (invariant)
Ferrara,E3,42,3σ Rule (σ=3.0),three_sigma,aggregate,10,1.0,,2024-01-01 03:18:45,,1.3291666666666666,,100.0,,0.0,100.0,False,79,3,1,True,False,terminal,kurt_only,load_pipeline (invariant)
Ferrara,E3,42,"EWMA (λ=0.2, k=3.0)",ewma,aggregate,10,1.0,,2024-01-01 03:18:45,,1.3291666666666666,,100.0,,0.0,100.0,False,79,3,1,True,False,terminal,kurt_only,load_pipeline (invariant)
Ferrara,E3,42,"CUSUM (k=0.5, h=5.0)",cusum,aggregate,10,1.0,,2024-01-01 03:18:45,,1.3291666666666666,,100.0,,0.0,100.0,False,79,3,1,True,False,terminal,kurt_only,load_pipeline (invariant)
Ferrara,E3,42,Hotelling T²,hotelling_t2,aggregate,10,1.0,,2024-01-01 03:18:45,,1.3291666666666666,,100.0,,0.0,100.0,False,79,3,1,True,False,terminal,kurt_only,load_pipeline (invariant)
Ferrara,E3,42,Isolation Forest,isolation_forest,aggregate,10,1.0,,2024-01-01 03:18:45,,1.3291666666666666,,100.0,,0.0,100.0,False,79,3,1,True,False,terminal,kurt_only,load_pipeline (invariant)
Ferrara,E3,42,Deep SVDD,deep_svdd,aggregate,10,1.0,,2024-01-01 03:18:45,,0.1125,,0.0,,0.1125,0.0,True,79,3,1,True,False,terminal,kurt_only,load_pipeline (invariant)
Ferrara,E3,42,LSTM-Autoencoder,lstm_ae,aggregate,10,1.0,,2024-01-01 03:18:45,,1.3291666666666666,,100.0,,0.0,100.0,False,79,3,1,True,False,terminal,kurt_only,load_pipeline (invariant)
Ferrara,E3,42,TCN-Autoencoder,tcn,aggregate,10,1.0,,2024-01-01 03:18:45,,1.3291666666666666,,100.0,,0.0,100.0,False,79,3,1,True,False,terminal,kurt_only,load_pipeline (invariant)
Ferrara,E3,42,Transformer-AD,transformer_ad,aggregate,10,1.0,,2024-01-01 03:18:45,,1.3291666666666666,,100.0,,0.0,100.0,False,79,3,1,True,False,terminal,kurt_only,load_pipeline (invariant)
Ferrara,E3,42,RMS-Trend (kσ),rms_trend,aggregate,20,2.0,,2024-01-01 03:18:45,,0.1125,,0.0,,0.1125,0.0,True,40,3,1,True,False,terminal,kurt_only,load_pipeline (invariant)
Ferrara,E3,42,3σ Rule (σ=3.0),three_sigma,aggregate,20,2.0,,2024-01-01 03:18:45,,1.3458333333333334,,100.0,,0.0,100.0,False,40,3,1,True,False,terminal,kurt_only,load_pipeline (invariant)
Ferrara,E3,42,"EWMA (λ=0.2, k=3.0)",ewma,aggregate,20,2.0,,2024-01-01 03:18:45,,1.3458333333333334,,100.0,,0.0,100.0,False,40,3,1,True,False,terminal,kurt_only,load_pipeline (invariant)
Ferrara,E3,42,"CUSUM (k=0.5, h=5.0)",cusum,aggregate,20,2.0,,2024-01-01 03:18:45,,1.3458333333333334,,100.0,,0.0,100.0,False,40,3,1,True,False,terminal,kurt_only,load_pipeline (invariant)
Ferrara,E3,42,Hotelling T²,hotelling_t2,aggregate,20,2.0,,2024-01-01 03:18:45,,1.3458333333333334,,100.0,,0.0,100.0,False,40,3,1,True,False,terminal,kurt_only,load_pipeline (invariant)
Ferrara,E3,42,Isolation Forest,isolation_forest,aggregate,20,2.0,,2024-01-01 03:18:45,,1.3458333333333334,,100.0,,0.0,100.0,False,40,3,1,True,False,terminal,kurt_only,load_pipeline (invariant)
Ferrara,E3,42,Deep SVDD,deep_svdd,aggregate,20,2.0,,2024-01-01 03:18:45,,0.17916666666666667,,0.0,,0.17916666666666667,0.0,True,40,3,1,True,False,terminal,kurt_only,load_pipeline (invariant)
Ferrara,E3,42,LSTM-Autoencoder,lstm_ae,aggregate,20,2.0,,2024-01-01 03:18:45,,1.3458333333333334,,100.0,,0.0,100.0,False,40,3,1,True,False,terminal,kurt_only,load_pipeline (invariant)
Ferrara,E3,42,TCN-Autoencoder,tcn,aggregate,20,2.0,,2024-01-01 03:18:45,,1.3458333333333334,,100.0,,0.0,100.0,False,40,3,1,True,False,terminal,kurt_only,load_pipeline (invariant)
Ferrara,E3,42,Transformer-AD,transformer_ad,aggregate,20,2.0,,2024-01-01 03:18:45,,1.3458333333333334,,100.0,,0.0,100.0,False,40,3,1,True,False,terminal,kurt_only,load_pipeline (invariant)
Ferrara,E3,42,RMS-Trend (kσ),rms_trend,decimate,1,0.08,,2024-01-01 03:18:45,,0.0,,0.0,,0.0,0.0,False,191,10,3,False,False,terminal,kurt_only,load_pipeline (invariant)
Ferrara,E3,42,3σ Rule (σ=3.0),three_sigma,decimate,1,0.08,,2024-01-01 03:18:45,,1.3263888888888888,,100.0,,0.0,100.0,False,191,10,3,False,False,terminal,kurt_only,load_pipeline (invariant)
Ferrara,E3,42,"EWMA (λ=0.2, k=3.0)",ewma,decimate,1,0.08,,2024-01-01 03:18:45,,1.3194444444444444,,90.0,,0.0,90.0,False,191,10,3,False,False,terminal,kurt_only,load_pipeline (invariant)
Ferrara,E3,42,"CUSUM (k=0.5, h=5.0)",cusum,decimate,1,0.08,,2024-01-01 03:18:45,,1.3125,,80.0,,0.0,80.0,False,191,10,3,False,False,terminal,kurt_only,load_pipeline (invariant)
Ferrara,E3,42,Hotelling T²,hotelling_t2,decimate,1,0.08,,2024-01-01 03:18:45,,1.3263888888888888,,100.0,,0.0,100.0,False,191,10,3,False,False,terminal,kurt_only,load_pipeline (invariant)
Ferrara,E3,42,Isolation Forest,isolation_forest,decimate,1,0.08,,2024-01-01 03:18:45,,1.3263888888888888,,100.0,,0.0,100.0,False,191,10,3,False,False,terminal,kurt_only,load_pipeline (invariant)
Ferrara,E3,42,Deep SVDD,deep_svdd,decimate,1,0.08,,2024-01-01 03:18:45,,0.041666666666666664,,0.0,,0.041666666666666664,0.0,True,191,10,3,False,False,terminal,kurt_only,load_pipeline (invariant)
Ferrara,E3,42,LSTM-Autoencoder,lstm_ae,decimate,1,0.08,,2024-01-01 03:18:45,,1.3263888888888888,,100.0,,0.0,100.0,False,191,10,3,False,False,terminal,kurt_only,load_pipeline (invariant)
Ferrara,E3,42,TCN-Autoencoder,tcn,decimate,1,0.08,,2024-01-01 03:18:45,,1.3263888888888888,,100.0,,0.0,100.0,False,191,10,3,False,False,terminal,kurt_only,load_pipeline (invariant)
Ferrara,E3,42,Transformer-AD,transformer_ad,decimate,1,0.08,,2024-01-01 03:18:45,,1.3263888888888888,,100.0,,0.0,100.0,False,191,10,3,False,False,terminal,kurt_only,load_pipeline (invariant)
Ferrara,E3,42,RMS-Trend (kσ),rms_trend,decimate,2,0.17,,2024-01-01 03:18:45,,0.02361111111111111,,0.0,,0.02361111111111111,0.0,True,238,5,4,False,False,terminal,kurt_only,load_pipeline (invariant)
Ferrara,E3,42,3σ Rule (σ=3.0),three_sigma,decimate,2,0.17,,2024-01-01 03:18:45,,1.323611111111111,,100.0,,0.0,100.0,False,238,5,4,False,False,terminal,kurt_only,load_pipeline (invariant)
Ferrara,E3,42,"EWMA (λ=0.2, k=3.0)",ewma,decimate,2,0.17,,2024-01-01 03:18:45,,1.3180555555555555,,91.66666666666666,,0.0,91.66666666666666,False,238,5,4,False,False,terminal,kurt_only,load_pipeline (invariant)
Ferrara,E3,42,"CUSUM (k=0.5, h=5.0)",cusum,decimate,2,0.17,,2024-01-01 03:18:45,,1.3125,,83.33333333333334,,0.0,83.33333333333334,False,238,5,4,False,False,terminal,kurt_only,load_pipeline (invariant)
Ferrara,E3,42,Hotelling T²,hotelling_t2,decimate,2,0.17,,2024-01-01 03:18:45,,1.323611111111111,,100.0,,0.0,100.0,False,238,5,4,False,False,terminal,kurt_only,load_pipeline (invariant)
Ferrara,E3,42,Isolation Forest,isolation_forest,decimate,2,0.17,,2024-01-01 03:18:45,,1.323611111111111,,100.0,,0.0,100.0,False,238,5,4,False,False,terminal,kurt_only,load_pipeline (invariant)
Ferrara,E3,42,Deep SVDD,deep_svdd,decimate,2,0.17,,2024-01-01 03:18:45,,0.07916666666666666,,0.0,,0.07916666666666666,0.0,True,238,5,4,False,False,terminal,kurt_only,load_pipeline (invariant)
Ferrara,E3,42,LSTM-Autoencoder,lstm_ae,decimate,2,0.17,,2024-01-01 03:18:45,,1.323611111111111,,100.0,,0.0,100.0,False,238,5,4,False,False,terminal,kurt_only,load_pipeline (invariant)
Ferrara,E3,42,TCN-Autoencoder,tcn,decimate,2,0.17,,2024-01-01 03:18:45,,1.323611111111111,,100.0,,0.0,100.0,False,238,5,4,False,False,terminal,kurt_only,load_pipeline (invariant)
Ferrara,E3,42,Transformer-AD,transformer_ad,decimate,2,0.17,,2024-01-01 03:18:45,,1.323611111111111,,100.0,,0.0,100.0,False,238,5,4,False,False,terminal,kurt_only,load_pipeline (invariant)
Ferrara,E3,42,RMS-Trend (kσ),rms_trend,decimate,5,0.42,,2024-01-01 03:18:45,,0.1111111111111111,,0.0,,0.1111111111111111,0.0,True,191,3,2,True,False,terminal,kurt_only,load_pipeline (invariant)
Ferrara,E3,42,3σ Rule (σ=3.0),three_sigma,decimate,5,0.42,,2024-01-01 03:18:45,,1.3263888888888888,,100.0,,0.0,100.0,False,191,3,2,True,False,terminal,kurt_only,load_pipeline (invariant)
Ferrara,E3,42,"EWMA (λ=0.2, k=3.0)",ewma,decimate,5,0.42,,2024-01-01 03:18:45,,1.3194444444444444,,90.0,,0.0,90.0,False,191,3,2,True,False,terminal,kurt_only,load_pipeline (invariant)
Ferrara,E3,42,"CUSUM (k=0.5, h=5.0)",cusum,decimate,5,0.42,,2024-01-01 03:18:45,,1.3125,,80.0,,0.0,80.0,False,191,3,2,True,False,terminal,kurt_only,load_pipeline (invariant)
Ferrara,E3,42,Hotelling T²,hotelling_t2,decimate,5,0.42,,2024-01-01 03:18:45,,1.3263888888888888,,100.0,,0.0,100.0,False,191,3,2,True,False,terminal,kurt_only,load_pipeline (invariant)
Ferrara,E3,42,Isolation Forest,isolation_forest,decimate,5,0.42,,2024-01-01 03:18:45,,1.3263888888888888,,100.0,,0.0,100.0,False,191,3,2,True,False,terminal,kurt_only,load_pipeline (invariant)
Ferrara,E3,42,Deep SVDD,deep_svdd,decimate,5,0.42,,2024-01-01 03:18:45,,0.041666666666666664,,0.0,,0.041666666666666664,0.0,True,191,3,2,True,False,terminal,kurt_only,load_pipeline (invariant)
Ferrara,E3,42,LSTM-Autoencoder,lstm_ae,decimate,5,0.42,,2024-01-01 03:18:45,,1.3263888888888888,,100.0,,0.0,100.0,False,191,3,2,True,False,terminal,kurt_only,load_pipeline (invariant)
Ferrara,E3,42,TCN-Autoencoder,tcn,decimate,5,0.42,,2024-01-01 03:18:45,,1.3263888888888888,,100.0,,0.0,100.0,False,191,3,2,True,False,terminal,kurt_only,load_pipeline (invariant)
Ferrara,E3,42,Transformer-AD,transformer_ad,decimate,5,0.42,,2024-01-01 03:18:45,,1.3263888888888888,,100.0,,0.0,100.0,False,191,3,2,True,False,terminal,kurt_only,load_pipeline (invariant)
Ferrara,E3,42,RMS-Trend (kσ),rms_trend,decimate,10,0.83,,2024-01-01 03:18:45,,0.1597222222222222,,0.0,,0.1597222222222222,0.0,True,95,3,1,True,False,terminal,kurt_only,load_pipeline (invariant)
Ferrara,E3,42,3σ Rule (σ=3.0),three_sigma,decimate,10,0.83,,2024-01-01 03:18:45,,1.3263888888888888,,100.0,,0.0,100.0,False,95,3,1,True,False,terminal,kurt_only,load_pipeline (invariant)
Ferrara,E3,42,"EWMA (λ=0.2, k=3.0)",ewma,decimate,10,0.83,,2024-01-01 03:18:45,,1.3125,,80.0,,0.0,80.0,False,95,3,1,True,False,terminal,kurt_only,load_pipeline (invariant)
Ferrara,E3,42,"CUSUM (k=0.5, h=5.0)",cusum,decimate,10,0.83,,2024-01-01 03:18:45,,1.3125,,80.0,,0.0,80.0,False,95,3,1,True,False,terminal,kurt_only,load_pipeline (invariant)
Ferrara,E3,42,Hotelling T²,hotelling_t2,decimate,10,0.83,,2024-01-01 03:18:45,,1.3263888888888888,,100.0,,0.0,100.0,False,95,3,1,True,False,terminal,kurt_only,load_pipeline (invariant)
Ferrara,E3,42,Isolation Forest,isolation_forest,decimate,10,0.83,,2024-01-01 03:18:45,,1.3263888888888888,,100.0,,0.0,100.0,False,95,3,1,True,False,terminal,kurt_only,load_pipeline (invariant)
Ferrara,E3,42,Deep SVDD,deep_svdd,decimate,10,0.83,,2024-01-01 03:18:45,,0.11805555555555555,,0.0,,0.11805555555555555,0.0,True,95,3,1,True,False,terminal,kurt_only,load_pipeline (invariant)
Ferrara,E3,42,LSTM-Autoencoder,lstm_ae,decimate,10,0.83,,2024-01-01 03:18:45,,1.3263888888888888,,100.0,,0.0,100.0,False,95,3,1,True,False,terminal,kurt_only,load_pipeline (invariant)
Ferrara,E3,42,TCN-Autoencoder,tcn,decimate,10,0.83,,2024-01-01 03:18:45,,1.3263888888888888,,100.0,,0.0,100.0,False,95,3,1,True,False,terminal,kurt_only,load_pipeline (invariant)
Ferrara,E3,42,Transformer-AD,transformer_ad,decimate,10,0.83,,2024-01-01 03:18:45,,1.3263888888888888,,100.0,,0.0,100.0,False,95,3,1,True,False,terminal,kurt_only,load_pipeline (invariant)
Ferrara,E3,42,RMS-Trend (kσ),rms_trend,decimate,20,1.67,,2024-01-01 03:18:45,,0.11805555555555555,,0.0,,0.11805555555555555,0.0,True,48,3,1,True,False,terminal,kurt_only,load_pipeline (invariant)
Ferrara,E3,42,3σ Rule (σ=3.0),three_sigma,decimate,20,1.67,,2024-01-01 03:18:45,,1.3402777777777777,,100.0,,0.0,100.0,False,48,3,1,True,False,terminal,kurt_only,load_pipeline (invariant)
Ferrara,E3,42,"EWMA (λ=0.2, k=3.0)",ewma,decimate,20,1.67,,2024-01-01 03:18:45,,1.3125,,66.66666666666666,,0.0,66.66666666666666,False,48,3,1,True,False,terminal,kurt_only,load_pipeline (invariant)
Ferrara,E3,42,"CUSUM (k=0.5, h=5.0)",cusum,decimate,20,1.67,,2024-01-01 03:18:45,,1.3125,,66.66666666666666,,0.0,66.66666666666666,False,48,3,1,True,False,terminal,kurt_only,load_pipeline (invariant)
Ferrara,E3,42,Hotelling T²,hotelling_t2,decimate,20,1.67,,2024-01-01 03:18:45,,1.3402777777777777,,100.0,,0.0,100.0,False,48,3,1,True,False,terminal,kurt_only,load_pipeline (invariant)
Ferrara,E3,42,Isolation Forest,isolation_forest,decimate,20,1.67,,2024-01-01 03:18:45,,1.3402777777777777,,100.0,,0.0,100.0,False,48,3,1,True,False,terminal,kurt_only,load_pipeline (invariant)
Ferrara,E3,42,Deep SVDD,deep_svdd,decimate,20,1.67,,2024-01-01 03:18:45,,0.11805555555555555,,0.0,,0.11805555555555555,0.0,True,48,3,1,True,False,terminal,kurt_only,load_pipeline (invariant)
Ferrara,E3,42,LSTM-Autoencoder,lstm_ae,decimate,20,1.67,,2024-01-01 03:18:45,,1.3402777777777777,,100.0,,0.0,100.0,False,48,3,1,True,False,terminal,kurt_only,load_pipeline (invariant)
Ferrara,E3,42,TCN-Autoencoder,tcn,decimate,20,1.67,,2024-01-01 03:18:45,,1.3402777777777777,,100.0,,0.0,100.0,False,48,3,1,True,False,terminal,kurt_only,load_pipeline (invariant)
Ferrara,E3,42,Transformer-AD,transformer_ad,decimate,20,1.67,,2024-01-01 03:18:45,,1.3402777777777777,,100.0,,0.0,100.0,False,48,3,1,True,False,terminal,kurt_only,load_pipeline (invariant)
Ferrara,E4,42,RMS-Trend (kσ),rms_trend,aggregate,1,0.08,,2024-01-01 00:55:40,,0.0,,0.0,,0.0,0.0,False,53,10,3,False,False,terminal,kurt_only,load_pipeline (invariant)
Ferrara,E4,42,3σ Rule (σ=3.0),three_sigma,aggregate,1,0.08,,2024-01-01 00:55:40,,0.12222222222222222,,0.0,,0.12222222222222222,0.0,True,53,10,3,False,False,terminal,kurt_only,load_pipeline (invariant)
Ferrara,E4,42,"EWMA (λ=0.2, k=3.0)",ewma,aggregate,1,0.08,,2024-01-01 00:55:40,,0.12222222222222222,,0.0,,0.12222222222222222,0.0,True,53,10,3,False,False,terminal,kurt_only,load_pipeline (invariant)
Ferrara,E4,42,"CUSUM (k=0.5, h=5.0)",cusum,aggregate,1,0.08,,2024-01-01 00:55:40,,0.12222222222222222,,0.0,,0.12222222222222222,0.0,True,53,10,3,False,False,terminal,kurt_only,load_pipeline (invariant)
Ferrara,E4,42,Hotelling T²,hotelling_t2,aggregate,1,0.08,,2024-01-01 00:55:40,,0.12222222222222222,,0.0,,0.12222222222222222,0.0,True,53,10,3,False,False,terminal,kurt_only,load_pipeline (invariant)
Ferrara,E4,42,Isolation Forest,isolation_forest,aggregate,1,0.08,,2024-01-01 00:55:40,,0.12222222222222222,,0.0,,0.12222222222222222,0.0,True,53,10,3,False,False,terminal,kurt_only,load_pipeline (invariant)
Ferrara,E4,42,Deep SVDD,deep_svdd,aggregate,1,0.08,,2024-01-01 00:55:40,,0.0,,0.0,,0.0,0.0,False,53,10,3,False,False,terminal,kurt_only,load_pipeline (invariant)
Ferrara,E4,42,LSTM-Autoencoder,lstm_ae,aggregate,1,0.08,,2024-01-01 00:55:40,,0.12222222222222222,,0.0,,0.12222222222222222,0.0,True,53,10,3,False,False,terminal,kurt_only,load_pipeline (invariant)
Ferrara,E4,42,TCN-Autoencoder,tcn,aggregate,1,0.08,,2024-01-01 00:55:40,,0.12222222222222222,,0.0,,0.12222222222222222,0.0,True,53,10,3,False,False,terminal,kurt_only,load_pipeline (invariant)
Ferrara,E4,42,Transformer-AD,transformer_ad,aggregate,1,0.08,,2024-01-01 00:55:40,,0.12222222222222222,,0.0,,0.12222222222222222,0.0,True,53,10,3,False,False,terminal,kurt_only,load_pipeline (invariant)
Ferrara,E4,42,RMS-Trend (kσ),rms_trend,aggregate,2,1.0,,2024-01-01 00:55:40,,0.0,,0.0,,0.0,0.0,False,11,5,4,False,False,terminal,kurt_only,load_pipeline (invariant)
Ferrara,E4,42,3σ Rule (σ=3.0),three_sigma,aggregate,2,1.0,,2024-01-01 00:55:40,,0.16111111111111112,,0.0,,0.16111111111111112,0.0,True,11,5,4,False,False,terminal,kurt_only,load_pipeline (invariant)
Ferrara,E4,42,"EWMA (λ=0.2, k=3.0)",ewma,aggregate,2,1.0,,2024-01-01 00:55:40,,0.16111111111111112,,0.0,,0.16111111111111112,0.0,True,11,5,4,False,False,terminal,kurt_only,load_pipeline (invariant)
Ferrara,E4,42,"CUSUM (k=0.5, h=5.0)",cusum,aggregate,2,1.0,,2024-01-01 00:55:40,,0.16111111111111112,,0.0,,0.16111111111111112,0.0,True,11,5,4,False,False,terminal,kurt_only,load_pipeline (invariant)
Ferrara,E4,42,Hotelling T²,hotelling_t2,aggregate,2,1.0,,2024-01-01 00:55:40,,0.39444444444444443,,100.0,,0.0,100.0,False,11,5,4,False,False,terminal,kurt_only,load_pipeline (invariant)
Ferrara,E4,42,Isolation Forest,isolation_forest,aggregate,2,1.0,,2024-01-01 00:55:40,,0.0,,0.0,,0.0,0.0,False,11,5,4,False,False,terminal,kurt_only,load_pipeline (invariant)
Ferrara,E4,42,Deep SVDD,deep_svdd,aggregate,2,1.0,,2024-01-01 00:55:40,,0.0,,0.0,,0.0,0.0,False,11,5,4,False,False,terminal,kurt_only,load_pipeline (invariant)
Ferrara,E4,42,LSTM-Autoencoder,lstm_ae,aggregate,2,1.0,,2024-01-01 00:55:40,,,,,,,,False,11,5,4,False,False,terminal,kurt_only,load_pipeline (invariant)
Ferrara,E4,42,TCN-Autoencoder,tcn,aggregate,2,1.0,,2024-01-01 00:55:40,,,,,,,,False,11,5,4,False,False,terminal,kurt_only,load_pipeline (invariant)
Ferrara,E4,42,Transformer-AD,transformer_ad,aggregate,2,1.0,,2024-01-01 00:55:40,,,,,,,,False,11,5,4,False,False,terminal,kurt_only,load_pipeline (invariant)
Ferrara,E4,42,RMS-Trend (kσ),rms_trend,aggregate,5,1.0,,2024-01-01 00:55:40,,0.0,,0.0,,0.0,0.0,False,22,3,2,True,False,terminal,kurt_only,load_pipeline (invariant)
Ferrara,E4,42,3σ Rule (σ=3.0),three_sigma,aggregate,5,1.0,,2024-01-01 00:55:40,,0.14444444444444443,,0.0,,0.14444444444444443,0.0,True,22,3,2,True,False,terminal,kurt_only,load_pipeline (invariant)
Ferrara,E4,42,"EWMA (λ=0.2, k=3.0)",ewma,aggregate,5,1.0,,2024-01-01 00:55:40,,0.14444444444444443,,0.0,,0.14444444444444443,0.0,True,22,3,2,True,False,terminal,kurt_only,load_pipeline (invariant)
Ferrara,E4,42,"CUSUM (k=0.5, h=5.0)",cusum,aggregate,5,1.0,,2024-01-01 00:55:40,,0.14444444444444443,,0.0,,0.14444444444444443,0.0,True,22,3,2,True,False,terminal,kurt_only,load_pipeline (invariant)
Ferrara,E4,42,Hotelling T²,hotelling_t2,aggregate,5,1.0,,2024-01-01 00:55:40,,0.37777777777777777,,100.0,,0.0,100.0,False,22,3,2,True,False,terminal,kurt_only,load_pipeline (invariant)
Ferrara,E4,42,Isolation Forest,isolation_forest,aggregate,5,1.0,,2024-01-01 00:55:40,,0.14444444444444443,,0.0,,0.14444444444444443,0.0,True,22,3,2,True,False,terminal,kurt_only,load_pipeline (invariant)
Ferrara,E4,42,Deep SVDD,deep_svdd,aggregate,5,1.0,,2024-01-01 00:55:40,,0.0,,0.0,,0.0,0.0,False,22,3,2,True,False,terminal,kurt_only,load_pipeline (invariant)
Ferrara,E4,42,LSTM-Autoencoder,lstm_ae,aggregate,5,1.0,,2024-01-01 00:55:40,,,,,,,,False,22,3,2,True,False,terminal,kurt_only,load_pipeline (invariant)
Ferrara,E4,42,TCN-Autoencoder,tcn,aggregate,5,1.0,,2024-01-01 00:55:40,,,,,,,,False,22,3,2,True,False,terminal,kurt_only,load_pipeline (invariant)
Ferrara,E4,42,Transformer-AD,transformer_ad,aggregate,5,1.0,,2024-01-01 00:55:40,,,,,,,,False,22,3,2,True,False,terminal,kurt_only,load_pipeline (invariant)
Ferrara,E4,42,RMS-Trend (kσ),rms_trend,aggregate,10,1.0,,2024-01-01 00:55:40,,0.06111111111111111,,0.0,,0.06111111111111111,0.0,True,22,3,1,True,False,terminal,kurt_only,load_pipeline (invariant)
Ferrara,E4,42,3σ Rule (σ=3.0),three_sigma,aggregate,10,1.0,,2024-01-01 00:55:40,,0.14444444444444443,,0.0,,0.14444444444444443,0.0,True,22,3,1,True,False,terminal,kurt_only,load_pipeline (invariant)
Ferrara,E4,42,"EWMA (λ=0.2, k=3.0)",ewma,aggregate,10,1.0,,2024-01-01 00:55:40,,0.14444444444444443,,0.0,,0.14444444444444443,0.0,True,22,3,1,True,False,terminal,kurt_only,load_pipeline (invariant)
Ferrara,E4,42,"CUSUM (k=0.5, h=5.0)",cusum,aggregate,10,1.0,,2024-01-01 00:55:40,,0.14444444444444443,,0.0,,0.14444444444444443,0.0,True,22,3,1,True,False,terminal,kurt_only,load_pipeline (invariant)
Ferrara,E4,42,Hotelling T²,hotelling_t2,aggregate,10,1.0,,2024-01-01 00:55:40,,0.37777777777777777,,100.0,,0.0,100.0,False,22,3,1,True,False,terminal,kurt_only,load_pipeline (invariant)
Ferrara,E4,42,Isolation Forest,isolation_forest,aggregate,10,1.0,,2024-01-01 00:55:40,,0.14444444444444443,,0.0,,0.14444444444444443,0.0,True,22,3,1,True,False,terminal,kurt_only,load_pipeline (invariant)
Ferrara,E4,42,Deep SVDD,deep_svdd,aggregate,10,1.0,,2024-01-01 00:55:40,,0.027777777777777776,,0.0,,0.027777777777777776,0.0,True,22,3,1,True,False,terminal,kurt_only,load_pipeline (invariant)
Ferrara,E4,42,LSTM-Autoencoder,lstm_ae,aggregate,10,1.0,,2024-01-01 00:55:40,,,,,,,,False,22,3,1,True,False,terminal,kurt_only,load_pipeline (invariant)
Ferrara,E4,42,TCN-Autoencoder,tcn,aggregate,10,1.0,,2024-01-01 00:55:40,,,,,,,,False,22,3,1,True,False,terminal,kurt_only,load_pipeline (invariant)
Ferrara,E4,42,Transformer-AD,transformer_ad,aggregate,10,1.0,,2024-01-01 00:55:40,,,,,,,,False,22,3,1,True,False,terminal,kurt_only,load_pipeline (invariant)
Ferrara,E4,42,RMS-Trend (kσ),rms_trend,aggregate,20,2.0,,2024-01-01 00:55:40,,0.09444444444444444,,0.0,,0.09444444444444444,0.0,True,11,3,1,True,False,terminal,kurt_only,load_pipeline (invariant)
Ferrara,E4,42,3σ Rule (σ=3.0),three_sigma,aggregate,20,2.0,,2024-01-01 00:55:40,,0.16111111111111112,,0.0,,0.16111111111111112,0.0,True,11,3,1,True,False,terminal,kurt_only,load_pipeline (invariant)
Ferrara,E4,42,"EWMA (λ=0.2, k=3.0)",ewma,aggregate,20,2.0,,2024-01-01 00:55:40,,0.16111111111111112,,0.0,,0.16111111111111112,0.0,True,11,3,1,True,False,terminal,kurt_only,load_pipeline (invariant)
Ferrara,E4,42,"CUSUM (k=0.5, h=5.0)",cusum,aggregate,20,2.0,,2024-01-01 00:55:40,,0.16111111111111112,,0.0,,0.16111111111111112,0.0,True,11,3,1,True,False,terminal,kurt_only,load_pipeline (invariant)
Ferrara,E4,42,Hotelling T²,hotelling_t2,aggregate,20,2.0,,2024-01-01 00:55:40,,0.39444444444444443,,100.0,,0.0,100.0,False,11,3,1,True,False,terminal,kurt_only,load_pipeline (invariant)
Ferrara,E4,42,Isolation Forest,isolation_forest,aggregate,20,2.0,,2024-01-01 00:55:40,,0.0,,0.0,,0.0,0.0,False,11,3,1,True,False,terminal,kurt_only,load_pipeline (invariant)
Ferrara,E4,42,Deep SVDD,deep_svdd,aggregate,20,2.0,,2024-01-01 00:55:40,,0.06111111111111111,,0.0,,0.06111111111111111,0.0,True,11,3,1,True,False,terminal,kurt_only,load_pipeline (invariant)
Ferrara,E4,42,LSTM-Autoencoder,lstm_ae,aggregate,20,2.0,,2024-01-01 00:55:40,,,,,,,,False,11,3,1,True,False,terminal,kurt_only,load_pipeline (invariant)
Ferrara,E4,42,TCN-Autoencoder,tcn,aggregate,20,2.0,,2024-01-01 00:55:40,,,,,,,,False,11,3,1,True,False,terminal,kurt_only,load_pipeline (invariant)
Ferrara,E4,42,Transformer-AD,transformer_ad,aggregate,20,2.0,,2024-01-01 00:55:40,,,,,,,,False,11,3,1,True,False,terminal,kurt_only,load_pipeline (invariant)
Ferrara,E4,42,RMS-Trend (kσ),rms_trend,decimate,1,0.08,,2024-01-01 00:55:40,,0.0,,0.0,,0.0,0.0,False,53,10,3,False,False,terminal,kurt_only,load_pipeline (invariant)
Ferrara,E4,42,3σ Rule (σ=3.0),three_sigma,decimate,1,0.08,,2024-01-01 00:55:40,,0.12222222222222222,,0.0,,0.12222222222222222,0.0,True,53,10,3,False,False,terminal,kurt_only,load_pipeline (invariant)
Ferrara,E4,42,"EWMA (λ=0.2, k=3.0)",ewma,decimate,1,0.08,,2024-01-01 00:55:40,,0.12222222222222222,,0.0,,0.12222222222222222,0.0,True,53,10,3,False,False,terminal,kurt_only,load_pipeline (invariant)
Ferrara,E4,42,"CUSUM (k=0.5, h=5.0)",cusum,decimate,1,0.08,,2024-01-01 00:55:40,,0.12222222222222222,,0.0,,0.12222222222222222,0.0,True,53,10,3,False,False,terminal,kurt_only,load_pipeline (invariant)
Ferrara,E4,42,Hotelling T²,hotelling_t2,decimate,1,0.08,,2024-01-01 00:55:40,,0.12222222222222222,,0.0,,0.12222222222222222,0.0,True,53,10,3,False,False,terminal,kurt_only,load_pipeline (invariant)
Ferrara,E4,42,Isolation Forest,isolation_forest,decimate,1,0.08,,2024-01-01 00:55:40,,0.12222222222222222,,0.0,,0.12222222222222222,0.0,True,53,10,3,False,False,terminal,kurt_only,load_pipeline (invariant)
Ferrara,E4,42,Deep SVDD,deep_svdd,decimate,1,0.08,,2024-01-01 00:55:40,,0.0,,0.0,,0.0,0.0,False,53,10,3,False,False,terminal,kurt_only,load_pipeline (invariant)
Ferrara,E4,42,LSTM-Autoencoder,lstm_ae,decimate,1,0.08,,2024-01-01 00:55:40,,0.12222222222222222,,0.0,,0.12222222222222222,0.0,True,53,10,3,False,False,terminal,kurt_only,load_pipeline (invariant)
Ferrara,E4,42,TCN-Autoencoder,tcn,decimate,1,0.08,,2024-01-01 00:55:40,,0.12222222222222222,,0.0,,0.12222222222222222,0.0,True,53,10,3,False,False,terminal,kurt_only,load_pipeline (invariant)
Ferrara,E4,42,Transformer-AD,transformer_ad,decimate,1,0.08,,2024-01-01 00:55:40,,0.12222222222222222,,0.0,,0.12222222222222222,0.0,True,53,10,3,False,False,terminal,kurt_only,load_pipeline (invariant)
Ferrara,E4,42,RMS-Trend (kσ),rms_trend,decimate,2,0.17,,2024-01-01 00:55:40,,0.0,,0.0,,0.0,0.0,False,67,5,4,False,False,terminal,kurt_only,load_pipeline (invariant)
Ferrara,E4,42,3σ Rule (σ=3.0),three_sigma,decimate,2,0.17,,2024-01-01 00:55:40,,0.12222222222222222,,0.0,,0.12222222222222222,0.0,True,67,5,4,False,False,terminal,kurt_only,load_pipeline (invariant)
Ferrara,E4,42,"EWMA (λ=0.2, k=3.0)",ewma,decimate,2,0.17,,2024-01-01 00:55:40,,0.12222222222222222,,0.0,,0.12222222222222222,0.0,True,67,5,4,False,False,terminal,kurt_only,load_pipeline (invariant)
Ferrara,E4,42,"CUSUM (k=0.5, h=5.0)",cusum,decimate,2,0.17,,2024-01-01 00:55:40,,0.12222222222222222,,0.0,,0.12222222222222222,0.0,True,67,5,4,False,False,terminal,kurt_only,load_pipeline (invariant)
Ferrara,E4,42,Hotelling T²,hotelling_t2,decimate,2,0.17,,2024-01-01 00:55:40,,0.12222222222222222,,0.0,,0.12222222222222222,0.0,True,67,5,4,False,False,terminal,kurt_only,load_pipeline (invariant)
Ferrara,E4,42,Isolation Forest,isolation_forest,decimate,2,0.17,,2024-01-01 00:55:40,,0.12222222222222222,,0.0,,0.12222222222222222,0.0,True,67,5,4,False,False,terminal,kurt_only,load_pipeline (invariant)
Ferrara,E4,42,Deep SVDD,deep_svdd,decimate,2,0.17,,2024-01-01 00:55:40,,0.0,,0.0,,0.0,0.0,False,67,5,4,False,False,terminal,kurt_only,load_pipeline (invariant)
Ferrara,E4,42,LSTM-Autoencoder,lstm_ae,decimate,2,0.17,,2024-01-01 00:55:40,,0.12222222222222222,,0.0,,0.12222222222222222,0.0,True,67,5,4,False,False,terminal,kurt_only,load_pipeline (invariant)
Ferrara,E4,42,TCN-Autoencoder,tcn,decimate,2,0.17,,2024-01-01 00:55:40,,0.12222222222222222,,0.0,,0.12222222222222222,0.0,True,67,5,4,False,False,terminal,kurt_only,load_pipeline (invariant)
Ferrara,E4,42,Transformer-AD,transformer_ad,decimate,2,0.17,,2024-01-01 00:55:40,,0.12222222222222222,,0.0,,0.12222222222222222,0.0,True,67,5,4,False,False,terminal,kurt_only,load_pipeline (invariant)
Ferrara,E4,42,RMS-Trend (kσ),rms_trend,decimate,5,0.42,,2024-01-01 00:55:40,,0.0,,0.0,,0.0,0.0,False,53,3,2,True,False,terminal,kurt_only,load_pipeline (invariant)
Ferrara,E4,42,3σ Rule (σ=3.0),three_sigma,decimate,5,0.42,,2024-01-01 00:55:40,,0.12222222222222222,,0.0,,0.12222222222222222,0.0,True,53,3,2,True,False,terminal,kurt_only,load_pipeline (invariant)
Ferrara,E4,42,"EWMA (λ=0.2, k=3.0)",ewma,decimate,5,0.42,,2024-01-01 00:55:40,,0.12222222222222222,,0.0,,0.12222222222222222,0.0,True,53,3,2,True,False,terminal,kurt_only,load_pipeline (invariant)
Ferrara,E4,42,"CUSUM (k=0.5, h=5.0)",cusum,decimate,5,0.42,,2024-01-01 00:55:40,,0.12222222222222222,,0.0,,0.12222222222222222,0.0,True,53,3,2,True,False,terminal,kurt_only,load_pipeline (invariant)
Ferrara,E4,42,Hotelling T²,hotelling_t2,decimate,5,0.42,,2024-01-01 00:55:40,,0.37222222222222223,,100.0,,0.0,100.0,False,53,3,2,True,False,terminal,kurt_only,load_pipeline (invariant)
Ferrara,E4,42,Isolation Forest,isolation_forest,decimate,5,0.42,,2024-01-01 00:55:40,,0.12222222222222222,,0.0,,0.12222222222222222,0.0,True,53,3,2,True,False,terminal,kurt_only,load_pipeline (invariant)
Ferrara,E4,42,Deep SVDD,deep_svdd,decimate,5,0.42,,2024-01-01 00:55:40,,0.0,,0.0,,0.0,0.0,False,53,3,2,True,False,terminal,kurt_only,load_pipeline (invariant)
Ferrara,E4,42,LSTM-Autoencoder,lstm_ae,decimate,5,0.42,,2024-01-01 00:55:40,,0.12222222222222222,,0.0,,0.12222222222222222,0.0,True,53,3,2,True,False,terminal,kurt_only,load_pipeline (invariant)
Ferrara,E4,42,TCN-Autoencoder,tcn,decimate,5,0.42,,2024-01-01 00:55:40,,0.12222222222222222,,0.0,,0.12222222222222222,0.0,True,53,3,2,True,False,terminal,kurt_only,load_pipeline (invariant)
Ferrara,E4,42,Transformer-AD,transformer_ad,decimate,5,0.42,,2024-01-01 00:55:40,,0.12222222222222222,,0.0,,0.12222222222222222,0.0,True,53,3,2,True,False,terminal,kurt_only,load_pipeline (invariant)
Ferrara,E4,42,RMS-Trend (kσ),rms_trend,decimate,10,0.83,,2024-01-01 00:55:40,,0.05277777777777778,,0.0,,0.05277777777777778,0.0,True,26,3,1,True,False,terminal,kurt_only,load_pipeline (invariant)
Ferrara,E4,42,3σ Rule (σ=3.0),three_sigma,decimate,10,0.83,,2024-01-01 00:55:40,,0.12222222222222222,,0.0,,0.12222222222222222,0.0,True,26,3,1,True,False,terminal,kurt_only,load_pipeline (invariant)
Ferrara,E4,42,"EWMA (λ=0.2, k=3.0)",ewma,decimate,10,0.83,,2024-01-01 00:55:40,,0.12222222222222222,,0.0,,0.12222222222222222,0.0,True,26,3,1,True,False,terminal,kurt_only,load_pipeline (invariant)
Ferrara,E4,42,"CUSUM (k=0.5, h=5.0)",cusum,decimate,10,0.83,,2024-01-01 00:55:40,,0.12222222222222222,,0.0,,0.12222222222222222,0.0,True,26,3,1,True,False,terminal,kurt_only,load_pipeline (invariant)
Ferrara,E4,42,Hotelling T²,hotelling_t2,decimate,10,0.83,,2024-01-01 00:55:40,,0.28888888888888886,,0.0,,0.28888888888888886,0.0,True,26,3,1,True,False,terminal,kurt_only,load_pipeline (invariant)
Ferrara,E4,42,Isolation Forest,isolation_forest,decimate,10,0.83,,2024-01-01 00:55:40,,0.12222222222222222,,0.0,,0.12222222222222222,0.0,True,26,3,1,True,False,terminal,kurt_only,load_pipeline (invariant)
Ferrara,E4,42,Deep SVDD,deep_svdd,decimate,10,0.83,,2024-01-01 00:55:40,,0.05277777777777778,,0.0,,0.05277777777777778,0.0,True,26,3,1,True,False,terminal,kurt_only,load_pipeline (invariant)
Ferrara,E4,42,LSTM-Autoencoder,lstm_ae,decimate,10,0.83,,2024-01-01 00:55:40,,,,,,,,False,26,3,1,True,False,terminal,kurt_only,load_pipeline (invariant)
Ferrara,E4,42,TCN-Autoencoder,tcn,decimate,10,0.83,,2024-01-01 00:55:40,,,,,,,,False,26,3,1,True,False,terminal,kurt_only,load_pipeline (invariant)
Ferrara,E4,42,Transformer-AD,transformer_ad,decimate,10,0.83,,2024-01-01 00:55:40,,,,,,,,False,26,3,1,True,False,terminal,kurt_only,load_pipeline (invariant)
Ferrara,E4,42,RMS-Trend (kσ),rms_trend,decimate,20,1.67,,2024-01-01 00:55:40,,0.06666666666666667,,0.0,,0.06666666666666667,0.0,True,13,3,1,True,False,terminal,kurt_only,load_pipeline (invariant)
Ferrara,E4,42,3σ Rule (σ=3.0),three_sigma,decimate,20,1.67,,2024-01-01 00:55:40,,0.12222222222222222,,0.0,,0.12222222222222222,0.0,True,13,3,1,True,False,terminal,kurt_only,load_pipeline (invariant)
Ferrara,E4,42,"EWMA (λ=0.2, k=3.0)",ewma,decimate,20,1.67,,2024-01-01 00:55:40,,0.2611111111111111,,0.0,,0.2611111111111111,0.0,True,13,3,1,True,False,terminal,kurt_only,load_pipeline (invariant)
Ferrara,E4,42,"CUSUM (k=0.5, h=5.0)",cusum,decimate,20,1.67,,2024-01-01 00:55:40,,0.2611111111111111,,0.0,,0.2611111111111111,0.0,True,13,3,1,True,False,terminal,kurt_only,load_pipeline (invariant)
Ferrara,E4,42,Hotelling T²,hotelling_t2,decimate,20,1.67,,2024-01-01 00:55:40,,0.37222222222222223,,100.0,,0.0,100.0,False,13,3,1,True,False,terminal,kurt_only,load_pipeline (invariant)
Ferrara,E4,42,Isolation Forest,isolation_forest,decimate,20,1.67,,2024-01-01 00:55:40,,0.09444444444444444,,0.0,,0.09444444444444444,0.0,True,13,3,1,True,False,terminal,kurt_only,load_pipeline (invariant)
Ferrara,E4,42,Deep SVDD,deep_svdd,decimate,20,1.67,,2024-01-01 00:55:40,,0.06666666666666667,,0.0,,0.06666666666666667,0.0,True,13,3,1,True,False,terminal,kurt_only,load_pipeline (invariant)
Ferrara,E4,42,LSTM-Autoencoder,lstm_ae,decimate,20,1.67,,2024-01-01 00:55:40,,,,,,,,False,13,3,1,True,False,terminal,kurt_only,load_pipeline (invariant)
Ferrara,E4,42,TCN-Autoencoder,tcn,decimate,20,1.67,,2024-01-01 00:55:40,,,,,,,,False,13,3,1,True,False,terminal,kurt_only,load_pipeline (invariant)
Ferrara,E4,42,Transformer-AD,transformer_ad,decimate,20,1.67,,2024-01-01 00:55:40,,,,,,,,False,13,3,1,True,False,terminal,kurt_only,load_pipeline (invariant)
Ferrara,E5,42,RMS-Trend (kσ),rms_trend,aggregate,1,0.08,2024-01-01 01:51:40,2024-01-01 02:23:20,0.53,0.09027777777777778,0.4375,0.0,0.17105263157894737,0.09027777777777778,0.0,True,138,10,3,False,False,terminal,kurt_only,load_pipeline (invariant)
Ferrara,E5,42,3σ Rule (σ=3.0),three_sigma,aggregate,1,0.08,2024-01-01 01:51:40,2024-01-01 02:23:20,0.53,0.09722222222222222,0.4305555555555556,0.0,0.18421052631578946,0.09722222222222222,0.0,True,138,10,3,False,False,terminal,kurt_only,load_pipeline (invariant)
Ferrara,E5,42,"EWMA (λ=0.2, k=3.0)",ewma,aggregate,1,0.08,2024-01-01 01:51:40,2024-01-01 02:23:20,0.53,0.09722222222222222,0.4305555555555556,0.0,0.18421052631578946,0.09722222222222222,0.0,True,138,10,3,False,False,terminal,kurt_only,load_pipeline (invariant)
Ferrara,E5,42,"CUSUM (k=0.5, h=5.0)",cusum,aggregate,1,0.08,2024-01-01 01:51:40,2024-01-01 02:23:20,0.53,0.09722222222222222,0.4305555555555556,0.0,0.18421052631578946,0.09722222222222222,0.0,True,138,10,3,False,False,terminal,kurt_only,load_pipeline (invariant)
Ferrara,E5,42,Hotelling T²,hotelling_t2,aggregate,1,0.08,2024-01-01 01:51:40,2024-01-01 02:23:20,0.53,0.09722222222222222,0.4305555555555556,0.0,0.18421052631578946,0.09722222222222222,0.0,True,138,10,3,False,False,terminal,kurt_only,load_pipeline (invariant)
Ferrara,E5,42,Isolation Forest,isolation_forest,aggregate,1,0.08,2024-01-01 01:51:40,2024-01-01 02:23:20,0.53,0.09722222222222222,0.4305555555555556,0.0,0.18421052631578946,0.09722222222222222,0.0,True,138,10,3,False,False,terminal,kurt_only,load_pipeline (invariant)
Ferrara,E5,42,Deep SVDD,deep_svdd,aggregate,1,0.08,2024-01-01 01:51:40,2024-01-01 02:23:20,0.53,0.0,,0.0,0.0,0.0,0.0,False,138,10,3,False,False,terminal,kurt_only,load_pipeline (invariant)
Ferrara,E5,42,LSTM-Autoencoder,lstm_ae,aggregate,1,0.08,2024-01-01 01:51:40,2024-01-01 02:23:20,0.53,0.7569444444444444,,53.2258064516129,1.4342105263157894,0.7569444444444444,0.0,False,138,10,3,False,False,terminal,kurt_only,load_pipeline (invariant)
Ferrara,E5,42,TCN-Autoencoder,tcn,aggregate,1,0.08,2024-01-01 01:51:40,2024-01-01 02:23:20,0.53,0.7569444444444444,,53.2258064516129,1.4342105263157894,0.7569444444444444,0.0,False,138,10,3,False,False,terminal,kurt_only,load_pipeline (invariant)
Ferrara,E5,42,Transformer-AD,transformer_ad,aggregate,1,0.08,2024-01-01 01:51:40,2024-01-01 02:23:20,0.53,0.7430555555555556,,12.903225806451612,1.4078947368421053,0.7430555555555556,0.0,False,138,10,3,False,False,terminal,kurt_only,load_pipeline (invariant)
Ferrara,E5,42,RMS-Trend (kσ),rms_trend,aggregate,2,1.0,2024-01-01 01:51:40,2024-01-01 02:23:20,0.53,0.0,,0.0,0.0,0.0,0.0,False,28,5,4,False,False,terminal,kurt_only,load_pipeline (invariant)
Ferrara,E5,42,3σ Rule (σ=3.0),three_sigma,aggregate,2,1.0,2024-01-01 01:51:40,2024-01-01 02:23:20,0.53,0.0,,0.0,0.0,0.0,0.0,False,28,5,4,False,False,terminal,kurt_only,load_pipeline (invariant)
Ferrara,E5,42,"EWMA (λ=0.2, k=3.0)",ewma,aggregate,2,1.0,2024-01-01 01:51:40,2024-01-01 02:23:20,0.53,0.4888888888888889,0.03888888888888889,0.0,0.9263157894736842,0.4888888888888889,0.0,True,28,5,4,False,False,terminal,kurt_only,load_pipeline (invariant)
Ferrara,E5,42,"CUSUM (k=0.5, h=5.0)",cusum,aggregate,2,1.0,2024-01-01 01:51:40,2024-01-01 02:23:20,0.53,0.4888888888888889,0.03888888888888889,0.0,0.9263157894736842,0.4888888888888889,0.0,True,28,5,4,False,False,terminal,kurt_only,load_pipeline (invariant)
Ferrara,E5,42,Hotelling T²,hotelling_t2,aggregate,2,1.0,2024-01-01 01:51:40,2024-01-01 02:23:20,0.53,0.5888888888888889,,15.384615384615385,1.1157894736842104,0.5888888888888889,0.0,False,28,5,4,False,False,terminal,kurt_only,load_pipeline (invariant)
Ferrara,E5,42,Isolation Forest,isolation_forest,aggregate,2,1.0,2024-01-01 01:51:40,2024-01-01 02:23:20,0.53,0.0,,0.0,0.0,0.0,0.0,False,28,5,4,False,False,terminal,kurt_only,load_pipeline (invariant)
Ferrara,E5,42,Deep SVDD,deep_svdd,aggregate,2,1.0,2024-01-01 01:51:40,2024-01-01 02:23:20,0.53,0.0,,0.0,0.0,0.0,0.0,False,28,5,4,False,False,terminal,kurt_only,load_pipeline (invariant)
Ferrara,E5,42,LSTM-Autoencoder,lstm_ae,aggregate,2,1.0,2024-01-01 01:51:40,2024-01-01 02:23:20,0.53,,,,,,,False,28,5,4,False,False,terminal,kurt_only,load_pipeline (invariant)
Ferrara,E5,42,TCN-Autoencoder,tcn,aggregate,2,1.0,2024-01-01 01:51:40,2024-01-01 02:23:20,0.53,,,,,,,False,28,5,4,False,False,terminal,kurt_only,load_pipeline (invariant)
Ferrara,E5,42,Transformer-AD,transformer_ad,aggregate,2,1.0,2024-01-01 01:51:40,2024-01-01 02:23:20,0.53,,,,,,,False,28,5,4,False,False,terminal,kurt_only,load_pipeline (invariant)
Ferrara,E5,42,RMS-Trend (kσ),rms_trend,aggregate,5,1.0,2024-01-01 01:51:40,2024-01-01 02:23:20,0.53,0.10555555555555556,0.4222222222222222,0.0,0.19999999999999998,0.10555555555555556,0.0,True,57,3,2,True,False,terminal,kurt_only,load_pipeline (invariant)
Ferrara,E5,42,3σ Rule (σ=3.0),three_sigma,aggregate,5,1.0,2024-01-01 01:51:40,2024-01-01 02:23:20,0.53,0.5055555555555555,0.022222222222222223,0.0,0.9578947368421052,0.5055555555555555,0.0,True,57,3,2,True,False,terminal,kurt_only,load_pipeline (invariant)
Ferrara,E5,42,"EWMA (λ=0.2, k=3.0)",ewma,aggregate,5,1.0,2024-01-01 01:51:40,2024-01-01 02:23:20,0.53,0.12222222222222222,0.40555555555555556,0.0,0.23157894736842105,0.12222222222222222,0.0,True,57,3,2,True,False,terminal,kurt_only,load_pipeline (invariant)
Ferrara,E5,42,"CUSUM (k=0.5, h=5.0)",cusum,aggregate,5,1.0,2024-01-01 01:51:40,2024-01-01 02:23:20,0.53,0.12222222222222222,0.40555555555555556,0.0,0.23157894736842105,0.12222222222222222,0.0,True,57,3,2,True,False,terminal,kurt_only,load_pipeline (invariant)
Ferrara,E5,42,Hotelling T²,hotelling_t2,aggregate,5,1.0,2024-01-01 01:51:40,2024-01-01 02:23:20,0.53,0.9222222222222223,,19.230769230769234,1.7473684210526317,0.0,33.33333333333333,False,57,3,2,True,False,terminal,kurt_only,load_pipeline (invariant)
Ferrara,E5,42,Isolation Forest,isolation_forest,aggregate,5,1.0,2024-01-01 01:51:40,2024-01-01 02:23:20,0.53,0.12222222222222222,0.40555555555555556,0.0,0.23157894736842105,0.12222222222222222,0.0,True,57,3,2,True,False,terminal,kurt_only,load_pipeline (invariant)
Ferrara,E5,42,Deep SVDD,deep_svdd,aggregate,5,1.0,2024-01-01 01:51:40,2024-01-01 02:23:20,0.53,0.0,,0.0,0.0,0.0,0.0,False,57,3,2,True,False,terminal,kurt_only,load_pipeline (invariant)
Ferrara,E5,42,LSTM-Autoencoder,lstm_ae,aggregate,5,1.0,2024-01-01 01:51:40,2024-01-01 02:23:20,0.53,0.9555555555555556,,100.0,1.8105263157894738,0.0,100.0,False,57,3,2,True,False,terminal,kurt_only,load_pipeline (invariant)
Ferrara,E5,42,TCN-Autoencoder,tcn,aggregate,5,1.0,2024-01-01 01:51:40,2024-01-01 02:23:20,0.53,0.9555555555555556,,100.0,1.8105263157894738,0.0,100.0,False,57,3,2,True,False,terminal,kurt_only,load_pipeline (invariant)
Ferrara,E5,42,Transformer-AD,transformer_ad,aggregate,5,1.0,2024-01-01 01:51:40,2024-01-01 02:23:20,0.53,0.9555555555555556,,100.0,1.8105263157894738,0.0,100.0,False,57,3,2,True,False,terminal,kurt_only,load_pipeline (invariant)
Ferrara,E5,42,RMS-Trend (kσ),rms_trend,aggregate,10,1.0,2024-01-01 01:51:40,2024-01-01 02:23:20,0.53,0.10555555555555556,0.4222222222222222,0.0,0.19999999999999998,0.10555555555555556,0.0,True,57,3,1,True,False,terminal,kurt_only,load_pipeline (invariant)
Ferrara,E5,42,3σ Rule (σ=3.0),three_sigma,aggregate,10,1.0,2024-01-01 01:51:40,2024-01-01 02:23:20,0.53,0.5055555555555555,0.022222222222222223,0.0,0.9578947368421052,0.5055555555555555,0.0,True,57,3,1,True,False,terminal,kurt_only,load_pipeline (invariant)
Ferrara,E5,42,"EWMA (λ=0.2, k=3.0)",ewma,aggregate,10,1.0,2024-01-01 01:51:40,2024-01-01 02:23:20,0.53,0.12222222222222222,0.40555555555555556,0.0,0.23157894736842105,0.12222222222222222,0.0,True,57,3,1,True,False,terminal,kurt_only,load_pipeline (invariant)
Ferrara,E5,42,"CUSUM (k=0.5, h=5.0)",cusum,aggregate,10,1.0,2024-01-01 01:51:40,2024-01-01 02:23:20,0.53,0.12222222222222222,0.40555555555555556,0.0,0.23157894736842105,0.12222222222222222,0.0,True,57,3,1,True,False,terminal,kurt_only,load_pipeline (invariant)
Ferrara,E5,42,Hotelling T²,hotelling_t2,aggregate,10,1.0,2024-01-01 01:51:40,2024-01-01 02:23:20,0.53,0.9222222222222223,,26.923076923076923,1.7473684210526317,0.0,33.33333333333333,False,57,3,1,True,False,terminal,kurt_only,load_pipeline (invariant)
Ferrara,E5,42,Isolation Forest,isolation_forest,aggregate,10,1.0,2024-01-01 01:51:40,2024-01-01 02:23:20,0.53,0.12222222222222222,0.40555555555555556,0.0,0.23157894736842105,0.12222222222222222,0.0,True,57,3,1,True,False,terminal,kurt_only,load_pipeline (invariant)
Ferrara,E5,42,Deep SVDD,deep_svdd,aggregate,10,1.0,2024-01-01 01:51:40,2024-01-01 02:23:20,0.53,0.10555555555555556,0.4222222222222222,0.0,0.19999999999999998,0.10555555555555556,0.0,True,57,3,1,True,False,terminal,kurt_only,load_pipeline (invariant)
Ferrara,E5,42,LSTM-Autoencoder,lstm_ae,aggregate,10,1.0,2024-01-01 01:51:40,2024-01-01 02:23:20,0.53,0.9555555555555556,,100.0,1.8105263157894738,0.0,100.0,False,57,3,1,True,False,terminal,kurt_only,load_pipeline (invariant)
Ferrara,E5,42,TCN-Autoencoder,tcn,aggregate,10,1.0,2024-01-01 01:51:40,2024-01-01 02:23:20,0.53,0.9555555555555556,,100.0,1.8105263157894738,0.0,100.0,False,57,3,1,True,False,terminal,kurt_only,load_pipeline (invariant)
Ferrara,E5,42,Transformer-AD,transformer_ad,aggregate,10,1.0,2024-01-01 01:51:40,2024-01-01 02:23:20,0.53,0.9555555555555556,,100.0,1.8105263157894738,0.0,100.0,False,57,3,1,True,False,terminal,kurt_only,load_pipeline (invariant)
Ferrara,E5,42,RMS-Trend (kσ),rms_trend,aggregate,20,2.0,2024-01-01 01:51:40,2024-01-01 02:23:20,0.53,0.12222222222222222,0.40555555555555556,0.0,0.23157894736842105,0.12222222222222222,0.0,True,28,3,1,True,False,terminal,kurt_only,load_pipeline (invariant)
Ferrara,E5,42,3σ Rule (σ=3.0),three_sigma,aggregate,20,2.0,2024-01-01 01:51:40,2024-01-01 02:23:20,0.53,0.9555555555555556,,15.384615384615385,1.8105263157894738,0.0,50.0,False,28,3,1,True,False,terminal,kurt_only,load_pipeline (invariant)
Ferrara,E5,42,"EWMA (λ=0.2, k=3.0)",ewma,aggregate,20,2.0,2024-01-01 01:51:40,2024-01-01 02:23:20,0.53,0.5222222222222223,0.005555555555555556,0.0,0.9894736842105264,0.5222222222222223,0.0,True,28,3,1,True,False,terminal,kurt_only,load_pipeline (invariant)
Ferrara,E5,42,"CUSUM (k=0.5, h=5.0)",cusum,aggregate,20,2.0,2024-01-01 01:51:40,2024-01-01 02:23:20,0.53,0.5555555555555556,,7.6923076923076925,1.0526315789473684,0.5555555555555556,0.0,True,28,3,1,True,False,terminal,kurt_only,load_pipeline (invariant)
Ferrara,E5,42,Hotelling T²,hotelling_t2,aggregate,20,2.0,2024-01-01 01:51:40,2024-01-01 02:23:20,0.53,0.9555555555555556,,38.46153846153847,1.8105263157894738,0.0,100.0,False,28,3,1,True,False,terminal,kurt_only,load_pipeline (invariant)
Ferrara,E5,42,Isolation Forest,isolation_forest,aggregate,20,2.0,2024-01-01 01:51:40,2024-01-01 02:23:20,0.53,0.15555555555555556,0.37222222222222223,0.0,0.29473684210526313,0.15555555555555556,0.0,True,28,3,1,True,False,terminal,kurt_only,load_pipeline (invariant)
Ferrara,E5,42,Deep SVDD,deep_svdd,aggregate,20,2.0,2024-01-01 01:51:40,2024-01-01 02:23:20,0.53,0.08888888888888889,0.4388888888888889,0.0,0.16842105263157894,0.08888888888888889,0.0,True,28,3,1,True,False,terminal,kurt_only,load_pipeline (invariant)
Ferrara,E5,42,LSTM-Autoencoder,lstm_ae,aggregate,20,2.0,2024-01-01 01:51:40,2024-01-01 02:23:20,0.53,,,,,,,False,28,3,1,True,False,terminal,kurt_only,load_pipeline (invariant)
Ferrara,E5,42,TCN-Autoencoder,tcn,aggregate,20,2.0,2024-01-01 01:51:40,2024-01-01 02:23:20,0.53,,,,,,,False,28,3,1,True,False,terminal,kurt_only,load_pipeline (invariant)
Ferrara,E5,42,Transformer-AD,transformer_ad,aggregate,20,2.0,2024-01-01 01:51:40,2024-01-01 02:23:20,0.53,,,,,,,False,28,3,1,True,False,terminal,kurt_only,load_pipeline (invariant)
Ferrara,E5,42,RMS-Trend (kσ),rms_trend,decimate,1,0.08,2024-01-01 01:51:40,2024-01-01 02:23:20,0.53,0.09027777777777778,0.4375,0.0,0.17105263157894737,0.09027777777777778,0.0,True,138,10,3,False,False,terminal,kurt_only,load_pipeline (invariant)
Ferrara,E5,42,3σ Rule (σ=3.0),three_sigma,decimate,1,0.08,2024-01-01 01:51:40,2024-01-01 02:23:20,0.53,0.09722222222222222,0.4305555555555556,0.0,0.18421052631578946,0.09722222222222222,0.0,True,138,10,3,False,False,terminal,kurt_only,load_pipeline (invariant)
Ferrara,E5,42,"EWMA (λ=0.2, k=3.0)",ewma,decimate,1,0.08,2024-01-01 01:51:40,2024-01-01 02:23:20,0.53,0.09722222222222222,0.4305555555555556,0.0,0.18421052631578946,0.09722222222222222,0.0,True,138,10,3,False,False,terminal,kurt_only,load_pipeline (invariant)
Ferrara,E5,42,"CUSUM (k=0.5, h=5.0)",cusum,decimate,1,0.08,2024-01-01 01:51:40,2024-01-01 02:23:20,0.53,0.09722222222222222,0.4305555555555556,0.0,0.18421052631578946,0.09722222222222222,0.0,True,138,10,3,False,False,terminal,kurt_only,load_pipeline (invariant)
Ferrara,E5,42,Hotelling T²,hotelling_t2,decimate,1,0.08,2024-01-01 01:51:40,2024-01-01 02:23:20,0.53,0.09722222222222222,0.4305555555555556,0.0,0.18421052631578946,0.09722222222222222,0.0,True,138,10,3,False,False,terminal,kurt_only,load_pipeline (invariant)
Ferrara,E5,42,Isolation Forest,isolation_forest,decimate,1,0.08,2024-01-01 01:51:40,2024-01-01 02:23:20,0.53,0.09722222222222222,0.4305555555555556,0.0,0.18421052631578946,0.09722222222222222,0.0,True,138,10,3,False,False,terminal,kurt_only,load_pipeline (invariant)
Ferrara,E5,42,Deep SVDD,deep_svdd,decimate,1,0.08,2024-01-01 01:51:40,2024-01-01 02:23:20,0.53,0.0,,0.0,0.0,0.0,0.0,False,138,10,3,False,False,terminal,kurt_only,load_pipeline (invariant)
Ferrara,E5,42,LSTM-Autoencoder,lstm_ae,decimate,1,0.08,2024-01-01 01:51:40,2024-01-01 02:23:20,0.53,0.7569444444444444,,53.2258064516129,1.4342105263157894,0.7569444444444444,0.0,False,138,10,3,False,False,terminal,kurt_only,load_pipeline (invariant)
Ferrara,E5,42,TCN-Autoencoder,tcn,decimate,1,0.08,2024-01-01 01:51:40,2024-01-01 02:23:20,0.53,0.7569444444444444,,53.2258064516129,1.4342105263157894,0.7569444444444444,0.0,False,138,10,3,False,False,terminal,kurt_only,load_pipeline (invariant)
Ferrara,E5,42,Transformer-AD,transformer_ad,decimate,1,0.08,2024-01-01 01:51:40,2024-01-01 02:23:20,0.53,0.7430555555555556,,12.903225806451612,1.4078947368421053,0.7430555555555556,0.0,False,138,10,3,False,False,terminal,kurt_only,load_pipeline (invariant)
Ferrara,E5,42,RMS-Trend (kσ),rms_trend,decimate,2,0.17,2024-01-01 01:51:40,2024-01-01 02:23:20,0.53,0.09444444444444444,0.43333333333333335,0.0,0.17894736842105263,0.09444444444444444,0.0,True,172,5,4,False,False,terminal,kurt_only,load_pipeline (invariant)
Ferrara,E5,42,3σ Rule (σ=3.0),three_sigma,decimate,2,0.17,2024-01-01 01:51:40,2024-01-01 02:23:20,0.53,0.1,0.42777777777777776,0.0,0.18947368421052632,0.1,0.0,True,172,5,4,False,False,terminal,kurt_only,load_pipeline (invariant)
Ferrara,E5,42,"EWMA (λ=0.2, k=3.0)",ewma,decimate,2,0.17,2024-01-01 01:51:40,2024-01-01 02:23:20,0.53,0.09444444444444444,0.43333333333333335,0.0,0.17894736842105263,0.09444444444444444,0.0,True,172,5,4,False,False,terminal,kurt_only,load_pipeline (invariant)
Ferrara,E5,42,"CUSUM (k=0.5, h=5.0)",cusum,decimate,2,0.17,2024-01-01 01:51:40,2024-01-01 02:23:20,0.53,0.09444444444444444,0.43333333333333335,0.0,0.17894736842105263,0.09444444444444444,0.0,True,172,5,4,False,False,terminal,kurt_only,load_pipeline (invariant)
Ferrara,E5,42,Hotelling T²,hotelling_t2,decimate,2,0.17,2024-01-01 01:51:40,2024-01-01 02:23:20,0.53,0.1,0.42777777777777776,0.0,0.18947368421052632,0.1,0.0,True,172,5,4,False,False,terminal,kurt_only,load_pipeline (invariant)
Ferrara,E5,42,Isolation Forest,isolation_forest,decimate,2,0.17,2024-01-01 01:51:40,2024-01-01 02:23:20,0.53,0.1,0.42777777777777776,0.0,0.18947368421052632,0.1,0.0,True,172,5,4,False,False,terminal,kurt_only,load_pipeline (invariant)
Ferrara,E5,42,Deep SVDD,deep_svdd,decimate,2,0.17,2024-01-01 01:51:40,2024-01-01 02:23:20,0.53,0.0,,0.0,0.0,0.0,0.0,False,172,5,4,False,False,terminal,kurt_only,load_pipeline (invariant)
Ferrara,E5,42,LSTM-Autoencoder,lstm_ae,decimate,2,0.17,2024-01-01 01:51:40,2024-01-01 02:23:20,0.53,0.5111111111111111,0.016666666666666666,0.0,0.9684210526315788,0.5111111111111111,0.0,True,172,5,4,False,False,terminal,kurt_only,load_pipeline (invariant)
Ferrara,E5,42,TCN-Autoencoder,tcn,decimate,2,0.17,2024-01-01 01:51:40,2024-01-01 02:23:20,0.53,0.7777777777777778,,37.66233766233766,1.4736842105263157,0.7777777777777778,0.0,False,172,5,4,False,False,terminal,kurt_only,load_pipeline (invariant)
Ferrara,E5,42,Transformer-AD,transformer_ad,decimate,2,0.17,2024-01-01 01:51:40,2024-01-01 02:23:20,0.53,0.09444444444444444,0.43333333333333335,0.0,0.17894736842105263,0.09444444444444444,0.0,True,172,5,4,False,False,terminal,kurt_only,load_pipeline (invariant)
Ferrara,E5,42,RMS-Trend (kσ),rms_trend,decimate,5,0.42,2024-01-01 01:51:40,2024-01-01 02:23:20,0.53,0.09722222222222222,0.4305555555555556,0.0,0.18421052631578946,0.09722222222222222,0.0,True,138,3,2,True,False,terminal,kurt_only,load_pipeline (invariant)
Ferrara,E5,42,3σ Rule (σ=3.0),three_sigma,decimate,5,0.42,2024-01-01 01:51:40,2024-01-01 02:23:20,0.53,0.9027777777777778,,4.838709677419355,1.7105263157894737,0.9027777777777778,0.0,True,138,3,2,True,False,terminal,kurt_only,load_pipeline (invariant)
Ferrara,E5,42,"EWMA (λ=0.2, k=3.0)",ewma,decimate,5,0.42,2024-01-01 01:51:40,2024-01-01 02:23:20,0.53,0.5138888888888888,0.013888888888888888,0.0,0.9736842105263157,0.5138888888888888,0.0,True,138,3,2,True,False,terminal,kurt_only,load_pipeline (invariant)
Ferrara,E5,42,"CUSUM (k=0.5, h=5.0)",cusum,decimate,5,0.42,2024-01-01 01:51:40,2024-01-01 02:23:20,0.53,0.09722222222222222,0.4305555555555556,0.0,0.18421052631578946,0.09722222222222222,0.0,True,138,3,2,True,False,terminal,kurt_only,load_pipeline (invariant)
Ferrara,E5,42,Hotelling T²,hotelling_t2,decimate,5,0.42,2024-01-01 01:51:40,2024-01-01 02:23:20,0.53,0.9027777777777778,,6.451612903225806,1.7105263157894737,0.9027777777777778,0.0,True,138,3,2,True,False,terminal,kurt_only,load_pipeline (invariant)
Ferrara,E5,42,Isolation Forest,isolation_forest,decimate,5,0.42,2024-01-01 01:51:40,2024-01-01 02:23:20,0.53,0.9027777777777778,,4.838709677419355,1.7105263157894737,0.9027777777777778,0.0,True,138,3,2,True,False,terminal,kurt_only,load_pipeline (invariant)
Ferrara,E5,42,Deep SVDD,deep_svdd,decimate,5,0.42,2024-01-01 01:51:40,2024-01-01 02:23:20,0.53,0.09027777777777778,0.4375,0.0,0.17105263157894737,0.09027777777777778,0.0,True,138,3,2,True,False,terminal,kurt_only,load_pipeline (invariant)
Ferrara,E5,42,LSTM-Autoencoder,lstm_ae,decimate,5,0.42,2024-01-01 01:51:40,2024-01-01 02:23:20,0.53,0.7569444444444444,,53.2258064516129,1.4342105263157894,0.7569444444444444,0.0,False,138,3,2,True,False,terminal,kurt_only,load_pipeline (invariant)
Ferrara,E5,42,TCN-Autoencoder,tcn,decimate,5,0.42,2024-01-01 01:51:40,2024-01-01 02:23:20,0.53,0.7569444444444444,,53.2258064516129,1.4342105263157894,0.7569444444444444,0.0,False,138,3,2,True,False,terminal,kurt_only,load_pipeline (invariant)
Ferrara,E5,42,Transformer-AD,transformer_ad,decimate,5,0.42,2024-01-01 01:51:40,2024-01-01 02:23:20,0.53,0.7569444444444444,,17.741935483870968,1.4342105263157894,0.7569444444444444,0.0,False,138,3,2,True,False,terminal,kurt_only,load_pipeline (invariant)
Ferrara,E5,42,RMS-Trend (kσ),rms_trend,decimate,10,0.83,2024-01-01 01:51:40,2024-01-01 02:23:20,0.53,0.09722222222222222,0.4305555555555556,0.0,0.18421052631578946,0.09722222222222222,0.0,True,69,3,1,True,False,terminal,kurt_only,load_pipeline (invariant)
Ferrara,E5,42,3σ Rule (σ=3.0),three_sigma,decimate,10,0.83,2024-01-01 01:51:40,2024-01-01 02:23:20,0.53,0.4861111111111111,0.041666666666666664,0.0,0.9210526315789473,0.4861111111111111,0.0,True,69,3,1,True,False,terminal,kurt_only,load_pipeline (invariant)
Ferrara,E5,42,"EWMA (λ=0.2, k=3.0)",ewma,decimate,10,0.83,2024-01-01 01:51:40,2024-01-01 02:23:20,0.53,0.09722222222222222,0.4305555555555556,0.0,0.18421052631578946,0.09722222222222222,0.0,True,69,3,1,True,False,terminal,kurt_only,load_pipeline (invariant)
Ferrara,E5,42,"CUSUM (k=0.5, h=5.0)",cusum,decimate,10,0.83,2024-01-01 01:51:40,2024-01-01 02:23:20,0.53,0.09722222222222222,0.4305555555555556,0.0,0.18421052631578946,0.09722222222222222,0.0,True,69,3,1,True,False,terminal,kurt_only,load_pipeline (invariant)
Ferrara,E5,42,Hotelling T²,hotelling_t2,decimate,10,0.83,2024-01-01 01:51:40,2024-01-01 02:23:20,0.53,0.5416666666666666,,3.225806451612903,1.026315789473684,0.5416666666666666,0.0,True,69,3,1,True,False,terminal,kurt_only,load_pipeline (invariant)
Ferrara,E5,42,Isolation Forest,isolation_forest,decimate,10,0.83,2024-01-01 01:51:40,2024-01-01 02:23:20,0.53,0.4861111111111111,0.041666666666666664,0.0,0.9210526315789473,0.4861111111111111,0.0,True,69,3,1,True,False,terminal,kurt_only,load_pipeline (invariant)
Ferrara,E5,42,Deep SVDD,deep_svdd,decimate,10,0.83,2024-01-01 01:51:40,2024-01-01 02:23:20,0.53,0.027777777777777776,0.5,0.0,0.05263157894736842,0.027777777777777776,0.0,True,69,3,1,True,False,terminal,kurt_only,load_pipeline (invariant)
Ferrara,E5,42,LSTM-Autoencoder,lstm_ae,decimate,10,0.83,2024-01-01 01:51:40,2024-01-01 02:23:20,0.53,0.9583333333333334,,100.0,1.8157894736842106,0.0,100.0,False,69,3,1,True,False,terminal,kurt_only,load_pipeline (invariant)
Ferrara,E5,42,TCN-Autoencoder,tcn,decimate,10,0.83,2024-01-01 01:51:40,2024-01-01 02:23:20,0.53,0.9583333333333334,,100.0,1.8157894736842106,0.0,100.0,False,69,3,1,True,False,terminal,kurt_only,load_pipeline (invariant)
Ferrara,E5,42,Transformer-AD,transformer_ad,decimate,10,0.83,2024-01-01 01:51:40,2024-01-01 02:23:20,0.53,0.9583333333333334,,100.0,1.8157894736842106,0.0,100.0,False,69,3,1,True,False,terminal,kurt_only,load_pipeline (invariant)
Ferrara,E5,42,RMS-Trend (kσ),rms_trend,decimate,20,1.67,2024-01-01 01:51:40,2024-01-01 02:23:20,0.53,0.1111111111111111,0.4166666666666667,0.0,0.21052631578947367,0.1111111111111111,0.0,True,34,3,1,True,False,terminal,kurt_only,load_pipeline (invariant)
Ferrara,E5,42,3σ Rule (σ=3.0),three_sigma,decimate,20,1.67,2024-01-01 01:51:40,2024-01-01 02:23:20,0.53,0.7222222222222222,,13.333333333333334,1.368421052631579,0.7222222222222222,0.0,False,34,3,1,True,False,terminal,kurt_only,load_pipeline (invariant)
Ferrara,E5,42,"EWMA (λ=0.2, k=3.0)",ewma,decimate,20,1.67,2024-01-01 01:51:40,2024-01-01 02:23:20,0.53,0.1111111111111111,0.4166666666666667,0.0,0.21052631578947367,0.1111111111111111,0.0,True,34,3,1,True,False,terminal,kurt_only,load_pipeline (invariant)
Ferrara,E5,42,"CUSUM (k=0.5, h=5.0)",cusum,decimate,20,1.67,2024-01-01 01:51:40,2024-01-01 02:23:20,0.53,0.1111111111111111,0.4166666666666667,0.0,0.21052631578947367,0.1111111111111111,0.0,True,34,3,1,True,False,terminal,kurt_only,load_pipeline (invariant)
Ferrara,E5,42,Hotelling T²,hotelling_t2,decimate,20,1.67,2024-01-01 01:51:40,2024-01-01 02:23:20,0.53,0.7777777777777778,,40.0,1.4736842105263157,0.7777777777777778,0.0,False,34,3,1,True,False,terminal,kurt_only,load_pipeline (invariant)
Ferrara,E5,42,Isolation Forest,isolation_forest,decimate,20,1.67,2024-01-01 01:51:40,2024-01-01 02:23:20,0.53,0.5555555555555556,,6.666666666666667,1.0526315789473684,0.5555555555555556,0.0,True,34,3,1,True,False,terminal,kurt_only,load_pipeline (invariant)
Ferrara,E5,42,Deep SVDD,deep_svdd,decimate,20,1.67,2024-01-01 01:51:40,2024-01-01 02:23:20,0.53,0.1111111111111111,0.4166666666666667,0.0,0.21052631578947367,0.1111111111111111,0.0,True,34,3,1,True,False,terminal,kurt_only,load_pipeline (invariant)
Ferrara,E5,42,LSTM-Autoencoder,lstm_ae,decimate,20,1.67,2024-01-01 01:51:40,2024-01-01 02:23:20,0.53,0.9444444444444444,,100.0,1.7894736842105263,0.0,100.0,False,34,3,1,True,False,terminal,kurt_only,load_pipeline (invariant)
Ferrara,E5,42,TCN-Autoencoder,tcn,decimate,20,1.67,2024-01-01 01:51:40,2024-01-01 02:23:20,0.53,0.9444444444444444,,100.0,1.7894736842105263,0.0,100.0,False,34,3,1,True,False,terminal,kurt_only,load_pipeline (invariant)
Ferrara,E5,42,Transformer-AD,transformer_ad,decimate,20,1.67,2024-01-01 01:51:40,2024-01-01 02:23:20,0.53,0.9444444444444444,,100.0,1.7894736842105263,0.0,100.0,False,34,3,1,True,False,terminal,kurt_only,load_pipeline (invariant)
Ferrara,E6,42,RMS-Trend (kσ),rms_trend,aggregate,1,0.08,,2024-01-01 00:42:20,,0.12916666666666668,,0.0,,0.12916666666666668,0.0,True,40,10,3,False,False,terminal,kurt_only,load_pipeline (invariant)
Ferrara,E6,42,3σ Rule (σ=3.0),three_sigma,aggregate,1,0.08,,2024-01-01 00:42:20,,0.1361111111111111,,0.0,,0.1361111111111111,0.0,True,40,10,3,False,False,terminal,kurt_only,load_pipeline (invariant)
Ferrara,E6,42,"EWMA (λ=0.2, k=3.0)",ewma,aggregate,1,0.08,,2024-01-01 00:42:20,,0.18472222222222223,,0.0,,0.18472222222222223,0.0,True,40,10,3,False,False,terminal,kurt_only,load_pipeline (invariant)
Ferrara,E6,42,"CUSUM (k=0.5, h=5.0)",cusum,aggregate,1,0.08,,2024-01-01 00:42:20,,0.18472222222222223,,0.0,,0.18472222222222223,0.0,True,40,10,3,False,False,terminal,kurt_only,load_pipeline (invariant)
Ferrara,E6,42,Hotelling T²,hotelling_t2,aggregate,1,0.08,,2024-01-01 00:42:20,,0.23333333333333334,,0.0,,0.23333333333333334,0.0,True,40,10,3,False,False,terminal,kurt_only,load_pipeline (invariant)
Ferrara,E6,42,Isolation Forest,isolation_forest,aggregate,1,0.08,,2024-01-01 00:42:20,,0.0,,0.0,,0.0,0.0,False,40,10,3,False,False,terminal,kurt_only,load_pipeline (invariant)
Ferrara,E6,42,Deep SVDD,deep_svdd,aggregate,1,0.08,,2024-01-01 00:42:20,,0.0,,0.0,,0.0,0.0,False,40,10,3,False,False,terminal,kurt_only,load_pipeline (invariant)
Ferrara,E6,42,LSTM-Autoencoder,lstm_ae,aggregate,1,0.08,,2024-01-01 00:42:20,,0.28194444444444444,,100.0,,0.0,100.0,False,40,10,3,False,False,terminal,kurt_only,load_pipeline (invariant)
Ferrara,E6,42,TCN-Autoencoder,tcn,aggregate,1,0.08,,2024-01-01 00:42:20,,0.28194444444444444,,100.0,,0.0,100.0,False,40,10,3,False,False,terminal,kurt_only,load_pipeline (invariant)
Ferrara,E6,42,Transformer-AD,transformer_ad,aggregate,1,0.08,,2024-01-01 00:42:20,,0.28194444444444444,,100.0,,0.0,100.0,False,40,10,3,False,False,terminal,kurt_only,load_pipeline (invariant)
Ferrara,E6,42,RMS-Trend (kσ),rms_trend,aggregate,2,1.0,,2024-01-01 00:42:20,,0.0,,0.0,,0.0,0.0,False,8,5,4,False,False,terminal,kurt_only,load_pipeline (invariant)
Ferrara,E6,42,3σ Rule (σ=3.0),three_sigma,aggregate,2,1.0,,2024-01-01 00:42:20,,0.2388888888888889,,0.0,,0.2388888888888889,0.0,True,8,5,4,False,False,terminal,kurt_only,load_pipeline (invariant)
Ferrara,E6,42,"EWMA (λ=0.2, k=3.0)",ewma,aggregate,2,1.0,,2024-01-01 00:42:20,,0.2722222222222222,,100.0,,0.0,100.0,False,8,5,4,False,False,terminal,kurt_only,load_pipeline (invariant)
Ferrara,E6,42,"CUSUM (k=0.5, h=5.0)",cusum,aggregate,2,1.0,,2024-01-01 00:42:20,,0.2722222222222222,,100.0,,0.0,100.0,False,8,5,4,False,False,terminal,kurt_only,load_pipeline (invariant)
Ferrara,E6,42,Hotelling T²,hotelling_t2,aggregate,2,1.0,,2024-01-01 00:42:20,,0.2722222222222222,,100.0,,0.0,100.0,False,8,5,4,False,False,terminal,kurt_only,load_pipeline (invariant)
Ferrara,E6,42,Isolation Forest,isolation_forest,aggregate,2,1.0,,2024-01-01 00:42:20,,0.0,,0.0,,0.0,0.0,False,8,5,4,False,False,terminal,kurt_only,load_pipeline (invariant)
Ferrara,E6,42,Deep SVDD,deep_svdd,aggregate,2,1.0,,2024-01-01 00:42:20,,0.0,,0.0,,0.0,0.0,False,8,5,4,False,False,terminal,kurt_only,load_pipeline (invariant)
Ferrara,E6,42,LSTM-Autoencoder,lstm_ae,aggregate,2,1.0,,2024-01-01 00:42:20,,,,,,,,False,8,5,4,False,False,terminal,kurt_only,load_pipeline (invariant)
Ferrara,E6,42,TCN-Autoencoder,tcn,aggregate,2,1.0,,2024-01-01 00:42:20,,,,,,,,False,8,5,4,False,False,terminal,kurt_only,load_pipeline (invariant)
Ferrara,E6,42,Transformer-AD,transformer_ad,aggregate,2,1.0,,2024-01-01 00:42:20,,,,,,,,False,8,5,4,False,False,terminal,kurt_only,load_pipeline (invariant)
Ferrara,E6,42,RMS-Trend (kσ),rms_trend,aggregate,5,1.0,,2024-01-01 00:42:20,,0.0,,0.0,,0.0,0.0,False,17,3,2,True,False,terminal,kurt_only,load_pipeline (invariant)
Ferrara,E6,42,3σ Rule (σ=3.0),three_sigma,aggregate,5,1.0,,2024-01-01 00:42:20,,0.2222222222222222,,0.0,,0.2222222222222222,0.0,True,17,3,2,True,False,terminal,kurt_only,load_pipeline (invariant)
Ferrara,E6,42,"EWMA (λ=0.2, k=3.0)",ewma,aggregate,5,1.0,,2024-01-01 00:42:20,,0.2388888888888889,,0.0,,0.2388888888888889,0.0,True,17,3,2,True,False,terminal,kurt_only,load_pipeline (invariant)
Ferrara,E6,42,"CUSUM (k=0.5, h=5.0)",cusum,aggregate,5,1.0,,2024-01-01 00:42:20,,0.2388888888888889,,0.0,,0.2388888888888889,0.0,True,17,3,2,True,False,terminal,kurt_only,load_pipeline (invariant)
Ferrara,E6,42,Hotelling T²,hotelling_t2,aggregate,5,1.0,,2024-01-01 00:42:20,,0.25555555555555554,,0.0,,0.25555555555555554,0.0,True,17,3,2,True,False,terminal,kurt_only,load_pipeline (invariant)
Ferrara,E6,42,Isolation Forest,isolation_forest,aggregate,5,1.0,,2024-01-01 00:42:20,,0.0,,0.0,,0.0,0.0,False,17,3,2,True,False,terminal,kurt_only,load_pipeline (invariant)
Ferrara,E6,42,Deep SVDD,deep_svdd,aggregate,5,1.0,,2024-01-01 00:42:20,,0.0,,0.0,,0.0,0.0,False,17,3,2,True,False,terminal,kurt_only,load_pipeline (invariant)
Ferrara,E6,42,LSTM-Autoencoder,lstm_ae,aggregate,5,1.0,,2024-01-01 00:42:20,,,,,,,,False,17,3,2,True,False,terminal,kurt_only,load_pipeline (invariant)
Ferrara,E6,42,TCN-Autoencoder,tcn,aggregate,5,1.0,,2024-01-01 00:42:20,,,,,,,,False,17,3,2,True,False,terminal,kurt_only,load_pipeline (invariant)
Ferrara,E6,42,Transformer-AD,transformer_ad,aggregate,5,1.0,,2024-01-01 00:42:20,,,,,,,,False,17,3,2,True,False,terminal,kurt_only,load_pipeline (invariant)
Ferrara,E6,42,RMS-Trend (kσ),rms_trend,aggregate,10,1.0,,2024-01-01 00:42:20,,0.022222222222222223,,0.0,,0.022222222222222223,0.0,True,17,3,1,True,False,terminal,kurt_only,load_pipeline (invariant)
Ferrara,E6,42,3σ Rule (σ=3.0),three_sigma,aggregate,10,1.0,,2024-01-01 00:42:20,,0.2222222222222222,,0.0,,0.2222222222222222,0.0,True,17,3,1,True,False,terminal,kurt_only,load_pipeline (invariant)
Ferrara,E6,42,"EWMA (λ=0.2, k=3.0)",ewma,aggregate,10,1.0,,2024-01-01 00:42:20,,0.2388888888888889,,0.0,,0.2388888888888889,0.0,True,17,3,1,True,False,terminal,kurt_only,load_pipeline (invariant)
Ferrara,E6,42,"CUSUM (k=0.5, h=5.0)",cusum,aggregate,10,1.0,,2024-01-01 00:42:20,,0.2388888888888889,,0.0,,0.2388888888888889,0.0,True,17,3,1,True,False,terminal,kurt_only,load_pipeline (invariant)
Ferrara,E6,42,Hotelling T²,hotelling_t2,aggregate,10,1.0,,2024-01-01 00:42:20,,0.25555555555555554,,0.0,,0.25555555555555554,0.0,True,17,3,1,True,False,terminal,kurt_only,load_pipeline (invariant)
Ferrara,E6,42,Isolation Forest,isolation_forest,aggregate,10,1.0,,2024-01-01 00:42:20,,0.12222222222222222,,0.0,,0.12222222222222222,0.0,True,17,3,1,True,False,terminal,kurt_only,load_pipeline (invariant)
Ferrara,E6,42,Deep SVDD,deep_svdd,aggregate,10,1.0,,2024-01-01 00:42:20,,0.022222222222222223,,0.0,,0.022222222222222223,0.0,True,17,3,1,True,False,terminal,kurt_only,load_pipeline (invariant)
Ferrara,E6,42,LSTM-Autoencoder,lstm_ae,aggregate,10,1.0,,2024-01-01 00:42:20,,,,,,,,False,17,3,1,True,False,terminal,kurt_only,load_pipeline (invariant)
Ferrara,E6,42,TCN-Autoencoder,tcn,aggregate,10,1.0,,2024-01-01 00:42:20,,,,,,,,False,17,3,1,True,False,terminal,kurt_only,load_pipeline (invariant)
Ferrara,E6,42,Transformer-AD,transformer_ad,aggregate,10,1.0,,2024-01-01 00:42:20,,,,,,,,False,17,3,1,True,False,terminal,kurt_only,load_pipeline (invariant)
Ferrara,E6,42,RMS-Trend (kσ),rms_trend,aggregate,20,2.0,,2024-01-01 00:42:20,,0.03888888888888889,,0.0,,0.03888888888888889,0.0,True,8,3,1,True,False,terminal,kurt_only,load_pipeline (invariant)
Ferrara,E6,42,3σ Rule (σ=3.0),three_sigma,aggregate,20,2.0,,2024-01-01 00:42:20,,0.2722222222222222,,100.0,,0.0,100.0,False,8,3,1,True,False,terminal,kurt_only,load_pipeline (invariant)
Ferrara,E6,42,"EWMA (λ=0.2, k=3.0)",ewma,aggregate,20,2.0,,2024-01-01 00:42:20,,0.2722222222222222,,100.0,,0.0,100.0,False,8,3,1,True,False,terminal,kurt_only,load_pipeline (invariant)
Ferrara,E6,42,"CUSUM (k=0.5, h=5.0)",cusum,aggregate,20,2.0,,2024-01-01 00:42:20,,0.2722222222222222,,100.0,,0.0,100.0,False,8,3,1,True,False,terminal,kurt_only,load_pipeline (invariant)
Ferrara,E6,42,Hotelling T²,hotelling_t2,aggregate,20,2.0,,2024-01-01 00:42:20,,0.2722222222222222,,100.0,,0.0,100.0,False,8,3,1,True,False,terminal,kurt_only,load_pipeline (invariant)
Ferrara,E6,42,Isolation Forest,isolation_forest,aggregate,20,2.0,,2024-01-01 00:42:20,,0.07222222222222222,,0.0,,0.07222222222222222,0.0,True,8,3,1,True,False,terminal,kurt_only,load_pipeline (invariant)
Ferrara,E6,42,Deep SVDD,deep_svdd,aggregate,20,2.0,,2024-01-01 00:42:20,,0.03888888888888889,,0.0,,0.03888888888888889,0.0,True,8,3,1,True,False,terminal,kurt_only,load_pipeline (invariant)
Ferrara,E6,42,LSTM-Autoencoder,lstm_ae,aggregate,20,2.0,,2024-01-01 00:42:20,,,,,,,,False,8,3,1,True,False,terminal,kurt_only,load_pipeline (invariant)
Ferrara,E6,42,TCN-Autoencoder,tcn,aggregate,20,2.0,,2024-01-01 00:42:20,,,,,,,,False,8,3,1,True,False,terminal,kurt_only,load_pipeline (invariant)
Ferrara,E6,42,Transformer-AD,transformer_ad,aggregate,20,2.0,,2024-01-01 00:42:20,,,,,,,,False,8,3,1,True,False,terminal,kurt_only,load_pipeline (invariant)
Ferrara,E6,42,RMS-Trend (kσ),rms_trend,decimate,1,0.08,,2024-01-01 00:42:20,,0.12916666666666668,,0.0,,0.12916666666666668,0.0,True,40,10,3,False,False,terminal,kurt_only,load_pipeline (invariant)
Ferrara,E6,42,3σ Rule (σ=3.0),three_sigma,decimate,1,0.08,,2024-01-01 00:42:20,,0.1361111111111111,,0.0,,0.1361111111111111,0.0,True,40,10,3,False,False,terminal,kurt_only,load_pipeline (invariant)
Ferrara,E6,42,"EWMA (λ=0.2, k=3.0)",ewma,decimate,1,0.08,,2024-01-01 00:42:20,,0.18472222222222223,,0.0,,0.18472222222222223,0.0,True,40,10,3,False,False,terminal,kurt_only,load_pipeline (invariant)
Ferrara,E6,42,"CUSUM (k=0.5, h=5.0)",cusum,decimate,1,0.08,,2024-01-01 00:42:20,,0.18472222222222223,,0.0,,0.18472222222222223,0.0,True,40,10,3,False,False,terminal,kurt_only,load_pipeline (invariant)
Ferrara,E6,42,Hotelling T²,hotelling_t2,decimate,1,0.08,,2024-01-01 00:42:20,,0.23333333333333334,,0.0,,0.23333333333333334,0.0,True,40,10,3,False,False,terminal,kurt_only,load_pipeline (invariant)
Ferrara,E6,42,Isolation Forest,isolation_forest,decimate,1,0.08,,2024-01-01 00:42:20,,0.0,,0.0,,0.0,0.0,False,40,10,3,False,False,terminal,kurt_only,load_pipeline (invariant)
Ferrara,E6,42,Deep SVDD,deep_svdd,decimate,1,0.08,,2024-01-01 00:42:20,,0.0,,0.0,,0.0,0.0,False,40,10,3,False,False,terminal,kurt_only,load_pipeline (invariant)
Ferrara,E6,42,LSTM-Autoencoder,lstm_ae,decimate,1,0.08,,2024-01-01 00:42:20,,0.28194444444444444,,100.0,,0.0,100.0,False,40,10,3,False,False,terminal,kurt_only,load_pipeline (invariant)
Ferrara,E6,42,TCN-Autoencoder,tcn,decimate,1,0.08,,2024-01-01 00:42:20,,0.28194444444444444,,100.0,,0.0,100.0,False,40,10,3,False,False,terminal,kurt_only,load_pipeline (invariant)
Ferrara,E6,42,Transformer-AD,transformer_ad,decimate,1,0.08,,2024-01-01 00:42:20,,0.28194444444444444,,100.0,,0.0,100.0,False,40,10,3,False,False,terminal,kurt_only,load_pipeline (invariant)
Ferrara,E6,42,RMS-Trend (kσ),rms_trend,decimate,2,0.17,,2024-01-01 00:42:20,,0.12222222222222222,,0.0,,0.12222222222222222,0.0,True,51,5,4,False,False,terminal,kurt_only,load_pipeline (invariant)
Ferrara,E6,42,3σ Rule (σ=3.0),three_sigma,decimate,2,0.17,,2024-01-01 00:42:20,,0.0,,0.0,,0.0,0.0,False,51,5,4,False,False,terminal,kurt_only,load_pipeline (invariant)
Ferrara,E6,42,"EWMA (λ=0.2, k=3.0)",ewma,decimate,2,0.17,,2024-01-01 00:42:20,,0.18333333333333332,,0.0,,0.18333333333333332,0.0,True,51,5,4,False,False,terminal,kurt_only,load_pipeline (invariant)
Ferrara,E6,42,"CUSUM (k=0.5, h=5.0)",cusum,decimate,2,0.17,,2024-01-01 00:42:20,,0.18333333333333332,,0.0,,0.18333333333333332,0.0,True,51,5,4,False,False,terminal,kurt_only,load_pipeline (invariant)
Ferrara,E6,42,Hotelling T²,hotelling_t2,decimate,2,0.17,,2024-01-01 00:42:20,,0.23333333333333334,,0.0,,0.23333333333333334,0.0,True,51,5,4,False,False,terminal,kurt_only,load_pipeline (invariant)
Ferrara,E6,42,Isolation Forest,isolation_forest,decimate,2,0.17,,2024-01-01 00:42:20,,0.0,,0.0,,0.0,0.0,False,51,5,4,False,False,terminal,kurt_only,load_pipeline (invariant)
Ferrara,E6,42,Deep SVDD,deep_svdd,decimate,2,0.17,,2024-01-01 00:42:20,,0.022222222222222223,,0.0,,0.022222222222222223,0.0,True,51,5,4,False,False,terminal,kurt_only,load_pipeline (invariant)
Ferrara,E6,42,LSTM-Autoencoder,lstm_ae,decimate,2,0.17,,2024-01-01 00:42:20,,0.2833333333333333,,100.0,,0.0,100.0,False,51,5,4,False,False,terminal,kurt_only,load_pipeline (invariant)
Ferrara,E6,42,TCN-Autoencoder,tcn,decimate,2,0.17,,2024-01-01 00:42:20,,0.2833333333333333,,100.0,,0.0,100.0,False,51,5,4,False,False,terminal,kurt_only,load_pipeline (invariant)
Ferrara,E6,42,Transformer-AD,transformer_ad,decimate,2,0.17,,2024-01-01 00:42:20,,0.2833333333333333,,100.0,,0.0,100.0,False,51,5,4,False,False,terminal,kurt_only,load_pipeline (invariant)
Ferrara,E6,42,RMS-Trend (kσ),rms_trend,decimate,5,0.42,,2024-01-01 00:42:20,,0.12916666666666668,,0.0,,0.12916666666666668,0.0,True,40,3,2,True,False,terminal,kurt_only,load_pipeline (invariant)
Ferrara,E6,42,3σ Rule (σ=3.0),three_sigma,decimate,5,0.42,,2024-01-01 00:42:20,,0.018055555555555554,,0.0,,0.018055555555555554,0.0,True,40,3,2,True,False,terminal,kurt_only,load_pipeline (invariant)
Ferrara,E6,42,"EWMA (λ=0.2, k=3.0)",ewma,decimate,5,0.42,,2024-01-01 00:42:20,,0.1638888888888889,,0.0,,0.1638888888888889,0.0,True,40,3,2,True,False,terminal,kurt_only,load_pipeline (invariant)
Ferrara,E6,42,"CUSUM (k=0.5, h=5.0)",cusum,decimate,5,0.42,,2024-01-01 00:42:20,,0.15694444444444444,,0.0,,0.15694444444444444,0.0,True,40,3,2,True,False,terminal,kurt_only,load_pipeline (invariant)
Ferrara,E6,42,Hotelling T²,hotelling_t2,decimate,5,0.42,,2024-01-01 00:42:20,,0.23333333333333334,,0.0,,0.23333333333333334,0.0,True,40,3,2,True,False,terminal,kurt_only,load_pipeline (invariant)
Ferrara,E6,42,Isolation Forest,isolation_forest,decimate,5,0.42,,2024-01-01 00:42:20,,0.0,,0.0,,0.0,0.0,False,40,3,2,True,False,terminal,kurt_only,load_pipeline (invariant)
Ferrara,E6,42,Deep SVDD,deep_svdd,decimate,5,0.42,,2024-01-01 00:42:20,,0.0,,0.0,,0.0,0.0,False,40,3,2,True,False,terminal,kurt_only,load_pipeline (invariant)
Ferrara,E6,42,LSTM-Autoencoder,lstm_ae,decimate,5,0.42,,2024-01-01 00:42:20,,0.28194444444444444,,100.0,,0.0,100.0,False,40,3,2,True,False,terminal,kurt_only,load_pipeline (invariant)
Ferrara,E6,42,TCN-Autoencoder,tcn,decimate,5,0.42,,2024-01-01 00:42:20,,0.28194444444444444,,100.0,,0.0,100.0,False,40,3,2,True,False,terminal,kurt_only,load_pipeline (invariant)
Ferrara,E6,42,Transformer-AD,transformer_ad,decimate,5,0.42,,2024-01-01 00:42:20,,0.28194444444444444,,100.0,,0.0,100.0,False,40,3,2,True,False,terminal,kurt_only,load_pipeline (invariant)
Ferrara,E6,42,RMS-Trend (kσ),rms_trend,decimate,10,0.83,,2024-01-01 00:42:20,,0.025,,0.0,,0.025,0.0,True,20,3,1,True,False,terminal,kurt_only,load_pipeline (invariant)
Ferrara,E6,42,3σ Rule (σ=3.0),three_sigma,decimate,10,0.83,,2024-01-01 00:42:20,,0.025,,0.0,,0.025,0.0,True,20,3,1,True,False,terminal,kurt_only,load_pipeline (invariant)
Ferrara,E6,42,"EWMA (λ=0.2, k=3.0)",ewma,decimate,10,0.83,,2024-01-01 00:42:20,,0.1638888888888889,,0.0,,0.1638888888888889,0.0,True,20,3,1,True,False,terminal,kurt_only,load_pipeline (invariant)
Ferrara,E6,42,"CUSUM (k=0.5, h=5.0)",cusum,decimate,10,0.83,,2024-01-01 00:42:20,,0.1638888888888889,,0.0,,0.1638888888888889,0.0,True,20,3,1,True,False,terminal,kurt_only,load_pipeline (invariant)
Ferrara,E6,42,Hotelling T²,hotelling_t2,decimate,10,0.83,,2024-01-01 00:42:20,,0.23333333333333334,,0.0,,0.23333333333333334,0.0,True,20,3,1,True,False,terminal,kurt_only,load_pipeline (invariant)
Ferrara,E6,42,Isolation Forest,isolation_forest,decimate,10,0.83,,2024-01-01 00:42:20,,0.0,,0.0,,0.0,0.0,False,20,3,1,True,False,terminal,kurt_only,load_pipeline (invariant)
Ferrara,E6,42,Deep SVDD,deep_svdd,decimate,10,0.83,,2024-01-01 00:42:20,,0.025,,0.0,,0.025,0.0,True,20,3,1,True,False,terminal,kurt_only,load_pipeline (invariant)
Ferrara,E6,42,LSTM-Autoencoder,lstm_ae,decimate,10,0.83,,2024-01-01 00:42:20,,,,,,,,False,20,3,1,True,False,terminal,kurt_only,load_pipeline (invariant)
Ferrara,E6,42,TCN-Autoencoder,tcn,decimate,10,0.83,,2024-01-01 00:42:20,,,,,,,,False,20,3,1,True,False,terminal,kurt_only,load_pipeline (invariant)
Ferrara,E6,42,Transformer-AD,transformer_ad,decimate,10,0.83,,2024-01-01 00:42:20,,,,,,,,False,20,3,1,True,False,terminal,kurt_only,load_pipeline (invariant)
Ferrara,E6,42,RMS-Trend (kσ),rms_trend,decimate,20,1.67,,2024-01-01 00:42:20,,0.03888888888888889,,0.0,,0.03888888888888889,0.0,True,10,3,1,True,False,terminal,kurt_only,load_pipeline (invariant)
Ferrara,E6,42,3σ Rule (σ=3.0),three_sigma,decimate,20,1.67,,2024-01-01 00:42:20,,0.0,,0.0,,0.0,0.0,False,10,3,1,True,False,terminal,kurt_only,load_pipeline (invariant)
Ferrara,E6,42,"EWMA (λ=0.2, k=3.0)",ewma,decimate,20,1.67,,2024-01-01 00:42:20,,0.17777777777777778,,0.0,,0.17777777777777778,0.0,True,10,3,1,True,False,terminal,kurt_only,load_pipeline (invariant)
Ferrara,E6,42,"CUSUM (k=0.5, h=5.0)",cusum,decimate,20,1.67,,2024-01-01 00:42:20,,0.17777777777777778,,0.0,,0.17777777777777778,0.0,True,10,3,1,True,False,terminal,kurt_only,load_pipeline (invariant)
Ferrara,E6,42,Hotelling T²,hotelling_t2,decimate,20,1.67,,2024-01-01 00:42:20,,0.28888888888888886,,100.0,,0.0,100.0,False,10,3,1,True,False,terminal,kurt_only,load_pipeline (invariant)
Ferrara,E6,42,Isolation Forest,isolation_forest,decimate,20,1.67,,2024-01-01 00:42:20,,0.0,,0.0,,0.0,0.0,False,10,3,1,True,False,terminal,kurt_only,load_pipeline (invariant)
Ferrara,E6,42,Deep SVDD,deep_svdd,decimate,20,1.67,,2024-01-01 00:42:20,,0.03888888888888889,,0.0,,0.03888888888888889,0.0,True,10,3,1,True,False,terminal,kurt_only,load_pipeline (invariant)
Ferrara,E6,42,LSTM-Autoencoder,lstm_ae,decimate,20,1.67,,2024-01-01 00:42:20,,,,,,,,False,10,3,1,True,False,terminal,kurt_only,load_pipeline (invariant)
Ferrara,E6,42,TCN-Autoencoder,tcn,decimate,20,1.67,,2024-01-01 00:42:20,,,,,,,,False,10,3,1,True,False,terminal,kurt_only,load_pipeline (invariant)
Ferrara,E6,42,Transformer-AD,transformer_ad,decimate,20,1.67,,2024-01-01 00:42:20,,,,,,,,False,10,3,1,True,False,terminal,kurt_only,load_pipeline (invariant)
Ferrara,E1,42,One-Class SVM (nu=0.05),one_class_svm,aggregate,1,0.08,2024-01-01 06:44:40,2024-01-01 06:49:40,0.08,2.063888888888889,,9.68586387434555,24.76666666666667,2.063888888888889,0.0,True,393,10,3,False,False,terminal,kurt_only,load_pipeline (invariant)
Ferrara,E1,42,One-Class SVM (nu=0.05),one_class_svm,aggregate,2,1.0,2024-01-01 06:44:40,2024-01-01 06:49:40,0.08,2.1944444444444446,,22.22222222222222,26.333333333333336,2.1944444444444446,0.0,False,82,5,4,False,False,terminal,kurt_only,load_pipeline (invariant)
Ferrara,E1,42,One-Class SVM (nu=0.05),one_class_svm,aggregate,5,1.0,2024-01-01 06:44:40,2024-01-01 06:49:40,0.08,2.111111111111111,,18.75,25.333333333333336,2.111111111111111,0.0,False,164,3,2,True,False,terminal,kurt_only,load_pipeline (invariant)
Ferrara,E1,42,One-Class SVM (nu=0.05),one_class_svm,aggregate,10,1.0,2024-01-01 06:44:40,2024-01-01 06:49:40,0.08,2.4944444444444445,,24.375,29.933333333333334,2.4944444444444445,0.0,False,164,3,1,True,False,terminal,kurt_only,load_pipeline (invariant)
Ferrara,E1,42,One-Class SVM (nu=0.05),one_class_svm,aggregate,20,2.0,2024-01-01 06:44:40,2024-01-01 06:49:40,0.08,2.327777777777778,,40.74074074074074,27.933333333333337,2.327777777777778,0.0,False,82,3,1,True,False,terminal,kurt_only,load_pipeline (invariant)
Ferrara,E1,42,One-Class SVM (nu=0.05),one_class_svm,decimate,1,0.08,2024-01-01 06:44:40,2024-01-01 06:49:40,0.08,2.063888888888889,,9.68586387434555,24.76666666666667,2.063888888888889,0.0,True,393,10,3,False,False,terminal,kurt_only,load_pipeline (invariant)
Ferrara,E1,42,One-Class SVM (nu=0.05),one_class_svm,decimate,2,0.17,2024-01-01 06:44:40,2024-01-01 06:49:40,0.08,2.3833333333333333,,12.578616352201259,28.6,2.3833333333333333,0.0,False,492,5,4,False,False,terminal,kurt_only,load_pipeline (invariant)
Ferrara,E1,42,One-Class SVM (nu=0.05),one_class_svm,decimate,5,0.42,2024-01-01 06:44:40,2024-01-01 06:49:40,0.08,2.709722222222222,,15.44502617801047,32.516666666666666,0.0,30.0,False,393,3,2,True,False,terminal,kurt_only,load_pipeline (invariant)
Ferrara,E1,42,One-Class SVM (nu=0.05),one_class_svm,decimate,10,0.83,2024-01-01 06:44:40,2024-01-01 06:49:40,0.08,2.716666666666667,,21.98952879581152,32.6,0.0,30.0,False,196,3,1,True,False,terminal,kurt_only,load_pipeline (invariant)
Ferrara,E1,42,One-Class SVM (nu=0.05),one_class_svm,decimate,20,1.67,2024-01-01 06:44:40,2024-01-01 06:49:40,0.08,2.4944444444444445,,30.208333333333332,29.933333333333334,2.4944444444444445,0.0,False,98,3,1,True,False,terminal,kurt_only,load_pipeline (invariant)
Ferrara,E2,42,One-Class SVM (nu=0.05),one_class_svm,aggregate,1,0.08,,2024-01-01 02:45:20,,0.9777777777777777,,0.0,,0.9777777777777777,0.0,True,159,10,3,False,False,terminal,kurt_only,load_pipeline (invariant)
Ferrara,E2,42,One-Class SVM (nu=0.05),one_class_svm,aggregate,2,1.0,,2024-01-01 02:45:20,,1.0555555555555556,,0.0,,1.0555555555555556,0.0,True,33,5,4,False,False,terminal,kurt_only,load_pipeline (invariant)
Ferrara,E2,42,One-Class SVM (nu=0.05),one_class_svm,aggregate,5,1.0,,2024-01-01 02:45:20,,1.0888888888888888,,75.0,,0.0,75.0,False,66,3,2,True,False,terminal,kurt_only,load_pipeline (invariant)
Ferrara,E2,42,One-Class SVM (nu=0.05),one_class_svm,aggregate,10,1.0,,2024-01-01 02:45:20,,1.0888888888888888,,75.0,,0.0,75.0,False,66,3,1,True,False,terminal,kurt_only,load_pipeline (invariant)
Ferrara,E2,42,One-Class SVM (nu=0.05),one_class_svm,aggregate,20,2.0,,2024-01-01 02:45:20,,1.0888888888888888,,50.0,,0.0,50.0,False,33,3,1,True,False,terminal,kurt_only,load_pipeline (invariant)
Ferrara,E2,42,One-Class SVM (nu=0.05),one_class_svm,decimate,1,0.08,,2024-01-01 02:45:20,,0.9777777777777777,,0.0,,0.9777777777777777,0.0,True,159,10,3,False,False,terminal,kurt_only,load_pipeline (invariant)
Ferrara,E2,42,One-Class SVM (nu=0.05),one_class_svm,decimate,2,0.17,,2024-01-01 02:45:20,,0.9666666666666667,,0.0,,0.9666666666666667,0.0,True,198,5,4,False,False,terminal,kurt_only,load_pipeline (invariant)
Ferrara,E2,42,One-Class SVM (nu=0.05),one_class_svm,decimate,5,0.42,,2024-01-01 02:45:20,,1.0680555555555555,,25.0,,0.0,25.0,False,158,3,2,True,False,terminal,kurt_only,load_pipeline (invariant)
Ferrara,E2,42,One-Class SVM (nu=0.05),one_class_svm,decimate,10,0.83,,2024-01-01 02:45:20,,1.0888888888888888,,25.0,,0.0,25.0,False,79,3,1,True,False,terminal,kurt_only,load_pipeline (invariant)
Ferrara,E2,42,One-Class SVM (nu=0.05),one_class_svm,decimate,20,1.67,,2024-01-01 02:45:20,,1.1166666666666667,,33.33333333333333,,0.0,33.33333333333333,False,40,3,1,True,False,terminal,kurt_only,load_pipeline (invariant)
Ferrara,E3,42,One-Class SVM (nu=0.05),one_class_svm,aggregate,1,0.08,,2024-01-01 03:18:45,,1.3263888888888888,,100.0,,0.0,100.0,False,191,10,3,False,False,terminal,kurt_only,load_pipeline (invariant)
Ferrara,E3,42,One-Class SVM (nu=0.05),one_class_svm,aggregate,2,1.0,,2024-01-01 03:18:45,,1.3458333333333334,,100.0,,0.0,100.0,False,40,5,4,False,False,terminal,kurt_only,load_pipeline (invariant)
Ferrara,E3,42,One-Class SVM (nu=0.05),one_class_svm,aggregate,5,1.0,,2024-01-01 03:18:45,,1.3291666666666666,,100.0,,0.0,100.0,False,79,3,2,True,False,terminal,kurt_only,load_pipeline (invariant)
Ferrara,E3,42,One-Class SVM (nu=0.05),one_class_svm,aggregate,10,1.0,,2024-01-01 03:18:45,,1.3291666666666666,,100.0,,0.0,100.0,False,79,3,1,True,False,terminal,kurt_only,load_pipeline (invariant)
Ferrara,E3,42,One-Class SVM (nu=0.05),one_class_svm,aggregate,20,2.0,,2024-01-01 03:18:45,,1.3458333333333334,,100.0,,0.0,100.0,False,40,3,1,True,False,terminal,kurt_only,load_pipeline (invariant)
Ferrara,E3,42,One-Class SVM (nu=0.05),one_class_svm,decimate,1,0.08,,2024-01-01 03:18:45,,1.3263888888888888,,100.0,,0.0,100.0,False,191,10,3,False,False,terminal,kurt_only,load_pipeline (invariant)
Ferrara,E3,42,One-Class SVM (nu=0.05),one_class_svm,decimate,2,0.17,,2024-01-01 03:18:45,,1.323611111111111,,100.0,,0.0,100.0,False,238,5,4,False,False,terminal,kurt_only,load_pipeline (invariant)
Ferrara,E3,42,One-Class SVM (nu=0.05),one_class_svm,decimate,5,0.42,,2024-01-01 03:18:45,,1.3263888888888888,,100.0,,0.0,100.0,False,191,3,2,True,False,terminal,kurt_only,load_pipeline (invariant)
Ferrara,E3,42,One-Class SVM (nu=0.05),one_class_svm,decimate,10,0.83,,2024-01-01 03:18:45,,1.3263888888888888,,100.0,,0.0,100.0,False,95,3,1,True,False,terminal,kurt_only,load_pipeline (invariant)
Ferrara,E3,42,One-Class SVM (nu=0.05),one_class_svm,decimate,20,1.67,,2024-01-01 03:18:45,,1.3402777777777777,,100.0,,0.0,100.0,False,48,3,1,True,False,terminal,kurt_only,load_pipeline (invariant)
Ferrara,E4,42,One-Class SVM (nu=0.05),one_class_svm,aggregate,1,0.08,,2024-01-01 00:55:40,,0.37222222222222223,,100.0,,0.0,100.0,False,53,10,3,False,False,terminal,kurt_only,load_pipeline (invariant)
Ferrara,E4,42,One-Class SVM (nu=0.05),one_class_svm,aggregate,2,1.0,,2024-01-01 00:55:40,,0.39444444444444443,,100.0,,0.0,100.0,False,11,5,4,False,False,terminal,kurt_only,load_pipeline (invariant)
Ferrara,E4,42,One-Class SVM (nu=0.05),one_class_svm,aggregate,5,1.0,,2024-01-01 00:55:40,,0.37777777777777777,,100.0,,0.0,100.0,False,22,3,2,True,False,terminal,kurt_only,load_pipeline (invariant)
Ferrara,E4,42,One-Class SVM (nu=0.05),one_class_svm,aggregate,10,1.0,,2024-01-01 00:55:40,,0.37777777777777777,,100.0,,0.0,100.0,False,22,3,1,True,False,terminal,kurt_only,load_pipeline (invariant)
Ferrara,E4,42,One-Class SVM (nu=0.05),one_class_svm,aggregate,20,2.0,,2024-01-01 00:55:40,,0.39444444444444443,,100.0,,0.0,100.0,False,11,3,1,True,False,terminal,kurt_only,load_pipeline (invariant)
Ferrara,E4,42,One-Class SVM (nu=0.05),one_class_svm,decimate,1,0.08,,2024-01-01 00:55:40,,0.37222222222222223,,100.0,,0.0,100.0,False,53,10,3,False,False,terminal,kurt_only,load_pipeline (invariant)
Ferrara,E4,42,One-Class SVM (nu=0.05),one_class_svm,decimate,2,0.17,,2024-01-01 00:55:40,,0.35555555555555557,,25.0,,0.0,25.0,False,67,5,4,False,False,terminal,kurt_only,load_pipeline (invariant)
Ferrara,E4,42,One-Class SVM (nu=0.05),one_class_svm,decimate,5,0.42,,2024-01-01 00:55:40,,0.37222222222222223,,100.0,,0.0,100.0,False,53,3,2,True,False,terminal,kurt_only,load_pipeline (invariant)
Ferrara,E4,42,One-Class SVM (nu=0.05),one_class_svm,decimate,10,0.83,,2024-01-01 00:55:40,,0.33055555555555555,,0.0,,0.33055555555555555,0.0,True,26,3,1,True,False,terminal,kurt_only,load_pipeline (invariant)
Ferrara,E4,42,One-Class SVM (nu=0.05),one_class_svm,decimate,20,1.67,,2024-01-01 00:55:40,,0.37222222222222223,,100.0,,0.0,100.0,False,13,3,1,True,False,terminal,kurt_only,load_pipeline (invariant)
Ferrara,E5,42,One-Class SVM (nu=0.05),one_class_svm,aggregate,1,0.08,2024-01-01 01:51:40,2024-01-01 02:23:20,0.53,0.9027777777777778,,9.67741935483871,1.7105263157894737,0.9027777777777778,0.0,True,138,10,3,False,False,terminal,kurt_only,load_pipeline (invariant)
Ferrara,E5,42,One-Class SVM (nu=0.05),one_class_svm,aggregate,2,1.0,2024-01-01 01:51:40,2024-01-01 02:23:20,0.53,0.9555555555555556,,100.0,1.8105263157894738,0.0,100.0,False,28,5,4,False,False,terminal,kurt_only,load_pipeline (invariant)
Ferrara,E5,42,One-Class SVM (nu=0.05),one_class_svm,aggregate,5,1.0,2024-01-01 01:51:40,2024-01-01 02:23:20,0.53,0.9555555555555556,,96.15384615384616,1.8105263157894738,0.0,100.0,False,57,3,2,True,False,terminal,kurt_only,load_pipeline (invariant)
Ferrara,E5,42,One-Class SVM (nu=0.05),one_class_svm,aggregate,10,1.0,2024-01-01 01:51:40,2024-01-01 02:23:20,0.53,0.9555555555555556,,96.15384615384616,1.8105263157894738,0.0,100.0,False,57,3,1,True,False,terminal,kurt_only,load_pipeline (invariant)
Ferrara,E5,42,One-Class SVM (nu=0.05),one_class_svm,aggregate,20,2.0,2024-01-01 01:51:40,2024-01-01 02:23:20,0.53,0.9555555555555556,,100.0,1.8105263157894738,0.0,100.0,False,28,3,1,True,False,terminal,kurt_only,load_pipeline (invariant)
Ferrara,E5,42,One-Class SVM (nu=0.05),one_class_svm,decimate,1,0.08,2024-01-01 01:51:40,2024-01-01 02:23:20,0.53,0.9027777777777778,,9.67741935483871,1.7105263157894737,0.9027777777777778,0.0,True,138,10,3,False,False,terminal,kurt_only,load_pipeline (invariant)
Ferrara,E5,42,One-Class SVM (nu=0.05),one_class_svm,decimate,2,0.17,2024-01-01 01:51:40,2024-01-01 02:23:20,0.53,0.5277777777777778,0.0,0.0,1.0,0.5277777777777778,0.0,True,172,5,4,False,False,terminal,kurt_only,load_pipeline (invariant)
Ferrara,E5,42,One-Class SVM (nu=0.05),one_class_svm,decimate,5,0.42,2024-01-01 01:51:40,2024-01-01 02:23:20,0.53,0.9166666666666666,,20.967741935483872,1.7368421052631577,0.0,14.285714285714285,False,138,3,2,True,False,terminal,kurt_only,load_pipeline (invariant)
Ferrara,E5,42,One-Class SVM (nu=0.05),one_class_svm,decimate,10,0.83,2024-01-01 01:51:40,2024-01-01 02:23:20,0.53,0.9444444444444444,,38.70967741935484,1.7894736842105263,0.0,50.0,False,69,3,1,True,False,terminal,kurt_only,load_pipeline (invariant)
Ferrara,E5,42,One-Class SVM (nu=0.05),one_class_svm,decimate,20,1.67,2024-01-01 01:51:40,2024-01-01 02:23:20,0.53,0.8055555555555556,,60.0,1.5263157894736843,0.8055555555555556,0.0,False,34,3,1,True,False,terminal,kurt_only,load_pipeline (invariant)
Ferrara,E6,42,One-Class SVM (nu=0.05),one_class_svm,aggregate,1,0.08,,2024-01-01 00:42:20,,0.23333333333333334,,0.0,,0.23333333333333334,0.0,True,40,10,3,False,False,terminal,kurt_only,load_pipeline (invariant)
Ferrara,E6,42,One-Class SVM (nu=0.05),one_class_svm,aggregate,2,1.0,,2024-01-01 00:42:20,,0.2722222222222222,,100.0,,0.0,100.0,False,8,5,4,False,False,terminal,kurt_only,load_pipeline (invariant)
Ferrara,E6,42,One-Class SVM (nu=0.05),one_class_svm,aggregate,5,1.0,,2024-01-01 00:42:20,,0.25555555555555554,,0.0,,0.25555555555555554,0.0,True,17,3,2,True,False,terminal,kurt_only,load_pipeline (invariant)
Ferrara,E6,42,One-Class SVM (nu=0.05),one_class_svm,aggregate,10,1.0,,2024-01-01 00:42:20,,0.25555555555555554,,0.0,,0.25555555555555554,0.0,True,17,3,1,True,False,terminal,kurt_only,load_pipeline (invariant)
Ferrara,E6,42,One-Class SVM (nu=0.05),one_class_svm,aggregate,20,2.0,,2024-01-01 00:42:20,,0.2722222222222222,,100.0,,0.0,100.0,False,8,3,1,True,False,terminal,kurt_only,load_pipeline (invariant)
Ferrara,E6,42,One-Class SVM (nu=0.05),one_class_svm,decimate,1,0.08,,2024-01-01 00:42:20,,0.23333333333333334,,0.0,,0.23333333333333334,0.0,True,40,10,3,False,False,terminal,kurt_only,load_pipeline (invariant)
Ferrara,E6,42,One-Class SVM (nu=0.05),one_class_svm,decimate,2,0.17,,2024-01-01 00:42:20,,0.23333333333333334,,0.0,,0.23333333333333334,0.0,True,51,5,4,False,False,terminal,kurt_only,load_pipeline (invariant)
Ferrara,E6,42,One-Class SVM (nu=0.05),one_class_svm,decimate,5,0.42,,2024-01-01 00:42:20,,0.23333333333333334,,0.0,,0.23333333333333334,0.0,True,40,3,2,True,False,terminal,kurt_only,load_pipeline (invariant)
Ferrara,E6,42,One-Class SVM (nu=0.05),one_class_svm,decimate,10,0.83,,2024-01-01 00:42:20,,0.23333333333333334,,0.0,,0.23333333333333334,0.0,True,20,3,1,True,False,terminal,kurt_only,load_pipeline (invariant)
Ferrara,E6,42,One-Class SVM (nu=0.05),one_class_svm,decimate,20,1.67,,2024-01-01 00:42:20,,0.23333333333333334,,0.0,,0.23333333333333334,0.0,True,10,3,1,True,False,terminal,kurt_only,load_pipeline (invariant)
