dataset,run,seed,method,short_name,mode,factor,effective_interval_min,t_onset,t_fail,max_lead_hours,lead_time_hours,detection_delay_hours,far_preonset_pct,lead_norm,vlt_legacy_hours,far_legacy_pct,valid_alarm,n_test_windows,window_rows,persistence_windows,window_floored,control,onset_method,onset_indicator,feature_mode
XJTU-SY,Bearing1_1,42,RMS-Trend (kσ),rms_trend,aggregate,1,1.0,2019-01-01 01:15:00,2019-01-01 02:02:00,0.78,0.0,,0.0,0.0,0.0,0.0,False,10,10,3,False,False,terminal,rms_kurt,load_pipeline (invariant)
XJTU-SY,Bearing1_1,42,3σ Rule (σ=3.0),three_sigma,aggregate,1,1.0,2019-01-01 01:15:00,2019-01-01 02:02:00,0.78,0.8666666666666667,,100.0,1.1063829787234043,0.0,100.0,False,10,10,3,False,False,terminal,rms_kurt,load_pipeline (invariant)
XJTU-SY,Bearing1_1,42,"EWMA (λ=0.2, k=3.0)",ewma,aggregate,1,1.0,2019-01-01 01:15:00,2019-01-01 02:02:00,0.78,0.8666666666666667,,100.0,1.1063829787234043,0.0,100.0,False,10,10,3,False,False,terminal,rms_kurt,load_pipeline (invariant)
XJTU-SY,Bearing1_1,42,"CUSUM (k=0.5, h=5.0)",cusum,aggregate,1,1.0,2019-01-01 01:15:00,2019-01-01 02:02:00,0.78,0.7833333333333333,0.0,0.0,1.0,0.7833333333333333,0.0,True,10,10,3,False,False,terminal,rms_kurt,load_pipeline (invariant)
XJTU-SY,Bearing1_1,42,Hotelling T²,hotelling_t2,aggregate,1,1.0,2019-01-01 01:15:00,2019-01-01 02:02:00,0.78,0.8666666666666667,,100.0,1.1063829787234043,0.0,100.0,False,10,10,3,False,False,terminal,rms_kurt,load_pipeline (invariant)
XJTU-SY,Bearing1_1,42,Isolation Forest,isolation_forest,aggregate,1,1.0,2019-01-01 01:15:00,2019-01-01 02:02:00,0.78,0.0,,0.0,0.0,0.0,0.0,False,10,10,3,False,False,terminal,rms_kurt,load_pipeline (invariant)
XJTU-SY,Bearing1_1,42,Deep SVDD,deep_svdd,aggregate,1,1.0,2019-01-01 01:15:00,2019-01-01 02:02:00,0.78,0.0,,0.0,0.0,0.0,0.0,False,10,10,3,False,False,terminal,rms_kurt,load_pipeline (invariant)
XJTU-SY,Bearing1_1,42,LSTM-Autoencoder,lstm_ae,aggregate,1,1.0,2019-01-01 01:15:00,2019-01-01 02:02:00,0.78,,,,,,,False,10,10,3,False,False,terminal,rms_kurt,load_pipeline (invariant)
XJTU-SY,Bearing1_1,42,TCN-Autoencoder,tcn,aggregate,1,1.0,2019-01-01 01:15:00,2019-01-01 02:02:00,0.78,,,,,,,False,10,10,3,False,False,terminal,rms_kurt,load_pipeline (invariant)
XJTU-SY,Bearing1_1,42,Transformer-AD,transformer_ad,aggregate,1,1.0,2019-01-01 01:15:00,2019-01-01 02:02:00,0.78,,,,,,,False,10,10,3,False,False,terminal,rms_kurt,load_pipeline (invariant)
XJTU-SY,Bearing1_1,42,RMS-Trend (kσ),rms_trend,aggregate,2,2.0,2019-01-01 01:15:00,2019-01-01 02:02:00,0.78,0.0,,0.0,0.0,0.0,0.0,False,12,5,4,False,False,terminal,rms_kurt,load_pipeline (invariant)
XJTU-SY,Bearing1_1,42,3σ Rule (σ=3.0),three_sigma,aggregate,2,2.0,2019-01-01 01:15:00,2019-01-01 02:02:00,0.78,0.8333333333333334,,100.0,1.0638297872340425,0.0,100.0,False,12,5,4,False,False,terminal,rms_kurt,load_pipeline (invariant)
XJTU-SY,Bearing1_1,42,"EWMA (λ=0.2, k=3.0)",ewma,aggregate,2,2.0,2019-01-01 01:15:00,2019-01-01 02:02:00,0.78,0.8333333333333334,,100.0,1.0638297872340425,0.0,100.0,False,12,5,4,False,False,terminal,rms_kurt,load_pipeline (invariant)
XJTU-SY,Bearing1_1,42,"CUSUM (k=0.5, h=5.0)",cusum,aggregate,2,2.0,2019-01-01 01:15:00,2019-01-01 02:02:00,0.78,0.8333333333333334,,100.0,1.0638297872340425,0.0,100.0,False,12,5,4,False,False,terminal,rms_kurt,load_pipeline (invariant)
XJTU-SY,Bearing1_1,42,Hotelling T²,hotelling_t2,aggregate,2,2.0,2019-01-01 01:15:00,2019-01-01 02:02:00,0.78,0.8333333333333334,,100.0,1.0638297872340425,0.0,100.0,False,12,5,4,False,False,terminal,rms_kurt,load_pipeline (invariant)
XJTU-SY,Bearing1_1,42,Isolation Forest,isolation_forest,aggregate,2,2.0,2019-01-01 01:15:00,2019-01-01 02:02:00,0.78,0.0,,0.0,0.0,0.0,0.0,False,12,5,4,False,False,terminal,rms_kurt,load_pipeline (invariant)
XJTU-SY,Bearing1_1,42,Deep SVDD,deep_svdd,aggregate,2,2.0,2019-01-01 01:15:00,2019-01-01 02:02:00,0.78,0.0,,0.0,0.0,0.0,0.0,False,12,5,4,False,False,terminal,rms_kurt,load_pipeline (invariant)
XJTU-SY,Bearing1_1,42,LSTM-Autoencoder,lstm_ae,aggregate,2,2.0,2019-01-01 01:15:00,2019-01-01 02:02:00,0.78,,,,,,,False,12,5,4,False,False,terminal,rms_kurt,load_pipeline (invariant)
XJTU-SY,Bearing1_1,42,TCN-Autoencoder,tcn,aggregate,2,2.0,2019-01-01 01:15:00,2019-01-01 02:02:00,0.78,,,,,,,False,12,5,4,False,False,terminal,rms_kurt,load_pipeline (invariant)
XJTU-SY,Bearing1_1,42,Transformer-AD,transformer_ad,aggregate,2,2.0,2019-01-01 01:15:00,2019-01-01 02:02:00,0.78,,,,,,,False,12,5,4,False,False,terminal,rms_kurt,load_pipeline (invariant)
XJTU-SY,Bearing1_1,42,RMS-Trend (kσ),rms_trend,aggregate,5,5.0,2019-01-01 01:15:00,2019-01-01 02:02:00,0.78,0.0,,0.0,0.0,0.0,0.0,False,10,3,2,True,False,terminal,rms_kurt,load_pipeline (invariant)
XJTU-SY,Bearing1_1,42,3σ Rule (σ=3.0),three_sigma,aggregate,5,5.0,2019-01-01 01:15:00,2019-01-01 02:02:00,0.78,0.8666666666666667,,100.0,1.1063829787234043,0.0,100.0,False,10,3,2,True,False,terminal,rms_kurt,load_pipeline (invariant)
XJTU-SY,Bearing1_1,42,"EWMA (λ=0.2, k=3.0)",ewma,aggregate,5,5.0,2019-01-01 01:15:00,2019-01-01 02:02:00,0.78,0.8666666666666667,,100.0,1.1063829787234043,0.0,100.0,False,10,3,2,True,False,terminal,rms_kurt,load_pipeline (invariant)
XJTU-SY,Bearing1_1,42,"CUSUM (k=0.5, h=5.0)",cusum,aggregate,5,5.0,2019-01-01 01:15:00,2019-01-01 02:02:00,0.78,0.8666666666666667,,100.0,1.1063829787234043,0.0,100.0,False,10,3,2,True,False,terminal,rms_kurt,load_pipeline (invariant)
XJTU-SY,Bearing1_1,42,Hotelling T²,hotelling_t2,aggregate,5,5.0,2019-01-01 01:15:00,2019-01-01 02:02:00,0.78,0.8666666666666667,,100.0,1.1063829787234043,0.0,100.0,False,10,3,2,True,False,terminal,rms_kurt,load_pipeline (invariant)
XJTU-SY,Bearing1_1,42,Isolation Forest,isolation_forest,aggregate,5,5.0,2019-01-01 01:15:00,2019-01-01 02:02:00,0.78,0.0,,0.0,0.0,0.0,0.0,False,10,3,2,True,False,terminal,rms_kurt,load_pipeline (invariant)
XJTU-SY,Bearing1_1,42,Deep SVDD,deep_svdd,aggregate,5,5.0,2019-01-01 01:15:00,2019-01-01 02:02:00,0.78,0.0,,0.0,0.0,0.0,0.0,False,10,3,2,True,False,terminal,rms_kurt,load_pipeline (invariant)
XJTU-SY,Bearing1_1,42,LSTM-Autoencoder,lstm_ae,aggregate,5,5.0,2019-01-01 01:15:00,2019-01-01 02:02:00,0.78,,,,,,,False,10,3,2,True,False,terminal,rms_kurt,load_pipeline (invariant)
XJTU-SY,Bearing1_1,42,TCN-Autoencoder,tcn,aggregate,5,5.0,2019-01-01 01:15:00,2019-01-01 02:02:00,0.78,,,,,,,False,10,3,2,True,False,terminal,rms_kurt,load_pipeline (invariant)
XJTU-SY,Bearing1_1,42,Transformer-AD,transformer_ad,aggregate,5,5.0,2019-01-01 01:15:00,2019-01-01 02:02:00,0.78,,,,,,,False,10,3,2,True,False,terminal,rms_kurt,load_pipeline (invariant)
XJTU-SY,Bearing1_1,42,RMS-Trend (kσ),rms_trend,aggregate,10,10.0,2019-01-01 01:15:00,2019-01-01 02:02:00,0.78,0.2,0.5833333333333334,0.0,0.25531914893617025,0.2,0.0,True,5,3,1,True,False,terminal,rms_kurt,load_pipeline (invariant)
XJTU-SY,Bearing1_1,42,3σ Rule (σ=3.0),three_sigma,aggregate,10,10.0,2019-01-01 01:15:00,2019-01-01 02:02:00,0.78,0.8666666666666667,,100.0,1.1063829787234043,0.0,100.0,False,5,3,1,True,False,terminal,rms_kurt,load_pipeline (invariant)
XJTU-SY,Bearing1_1,42,"EWMA (λ=0.2, k=3.0)",ewma,aggregate,10,10.0,2019-01-01 01:15:00,2019-01-01 02:02:00,0.78,0.8666666666666667,,100.0,1.1063829787234043,0.0,100.0,False,5,3,1,True,False,terminal,rms_kurt,load_pipeline (invariant)
XJTU-SY,Bearing1_1,42,"CUSUM (k=0.5, h=5.0)",cusum,aggregate,10,10.0,2019-01-01 01:15:00,2019-01-01 02:02:00,0.78,0.8666666666666667,,100.0,1.1063829787234043,0.0,100.0,False,5,3,1,True,False,terminal,rms_kurt,load_pipeline (invariant)
XJTU-SY,Bearing1_1,42,Hotelling T²,hotelling_t2,aggregate,10,10.0,2019-01-01 01:15:00,2019-01-01 02:02:00,0.78,0.8666666666666667,,100.0,1.1063829787234043,0.0,100.0,False,5,3,1,True,False,terminal,rms_kurt,load_pipeline (invariant)
XJTU-SY,Bearing1_1,42,Isolation Forest,isolation_forest,aggregate,10,10.0,2019-01-01 01:15:00,2019-01-01 02:02:00,0.78,0.0,,0.0,0.0,0.0,0.0,False,5,3,1,True,False,terminal,rms_kurt,load_pipeline (invariant)
XJTU-SY,Bearing1_1,42,Deep SVDD,deep_svdd,aggregate,10,10.0,2019-01-01 01:15:00,2019-01-01 02:02:00,0.78,0.2,0.5833333333333334,0.0,0.25531914893617025,0.2,0.0,True,5,3,1,True,False,terminal,rms_kurt,load_pipeline (invariant)
XJTU-SY,Bearing1_1,42,LSTM-Autoencoder,lstm_ae,aggregate,10,10.0,2019-01-01 01:15:00,2019-01-01 02:02:00,0.78,,,,,,,False,5,3,1,True,False,terminal,rms_kurt,load_pipeline (invariant)
XJTU-SY,Bearing1_1,42,TCN-Autoencoder,tcn,aggregate,10,10.0,2019-01-01 01:15:00,2019-01-01 02:02:00,0.78,,,,,,,False,5,3,1,True,False,terminal,rms_kurt,load_pipeline (invariant)
XJTU-SY,Bearing1_1,42,Transformer-AD,transformer_ad,aggregate,10,10.0,2019-01-01 01:15:00,2019-01-01 02:02:00,0.78,,,,,,,False,5,3,1,True,False,terminal,rms_kurt,load_pipeline (invariant)
XJTU-SY,Bearing1_1,42,RMS-Trend (kσ),rms_trend,aggregate,20,20.0,2019-01-01 01:15:00,2019-01-01 02:02:00,0.78,0.36666666666666664,0.4166666666666667,,0.4680851063829787,0.36666666666666664,0.0,True,2,3,1,True,False,terminal,rms_kurt,load_pipeline (invariant)
XJTU-SY,Bearing1_1,42,3σ Rule (σ=3.0),three_sigma,aggregate,20,20.0,2019-01-01 01:15:00,2019-01-01 02:02:00,0.78,0.7,0.08333333333333333,,0.8936170212765957,0.0,100.0,True,2,3,1,True,False,terminal,rms_kurt,load_pipeline (invariant)
XJTU-SY,Bearing1_1,42,"EWMA (λ=0.2, k=3.0)",ewma,aggregate,20,20.0,2019-01-01 01:15:00,2019-01-01 02:02:00,0.78,0.7,0.08333333333333333,,0.8936170212765957,0.0,100.0,True,2,3,1,True,False,terminal,rms_kurt,load_pipeline (invariant)
XJTU-SY,Bearing1_1,42,"CUSUM (k=0.5, h=5.0)",cusum,aggregate,20,20.0,2019-01-01 01:15:00,2019-01-01 02:02:00,0.78,0.7,0.08333333333333333,,0.8936170212765957,0.0,100.0,True,2,3,1,True,False,terminal,rms_kurt,load_pipeline (invariant)
XJTU-SY,Bearing1_1,42,Hotelling T²,hotelling_t2,aggregate,20,20.0,2019-01-01 01:15:00,2019-01-01 02:02:00,0.78,0.7,0.08333333333333333,,0.8936170212765957,0.0,100.0,True,2,3,1,True,False,terminal,rms_kurt,load_pipeline (invariant)
XJTU-SY,Bearing1_1,42,Isolation Forest,isolation_forest,aggregate,20,20.0,2019-01-01 01:15:00,2019-01-01 02:02:00,0.78,0.0,,,0.0,0.0,0.0,False,2,3,1,True,False,terminal,rms_kurt,load_pipeline (invariant)
XJTU-SY,Bearing1_1,42,Deep SVDD,deep_svdd,aggregate,20,20.0,2019-01-01 01:15:00,2019-01-01 02:02:00,0.78,0.7,0.08333333333333333,,0.8936170212765957,0.0,100.0,True,2,3,1,True,False,terminal,rms_kurt,load_pipeline (invariant)
XJTU-SY,Bearing1_1,42,LSTM-Autoencoder,lstm_ae,aggregate,20,20.0,2019-01-01 01:15:00,2019-01-01 02:02:00,0.78,,,,,,,False,2,3,1,True,False,terminal,rms_kurt,load_pipeline (invariant)
XJTU-SY,Bearing1_1,42,TCN-Autoencoder,tcn,aggregate,20,20.0,2019-01-01 01:15:00,2019-01-01 02:02:00,0.78,,,,,,,False,2,3,1,True,False,terminal,rms_kurt,load_pipeline (invariant)
XJTU-SY,Bearing1_1,42,Transformer-AD,transformer_ad,aggregate,20,20.0,2019-01-01 01:15:00,2019-01-01 02:02:00,0.78,,,,,,,False,2,3,1,True,False,terminal,rms_kurt,load_pipeline (invariant)
XJTU-SY,Bearing1_1,42,RMS-Trend (kσ),rms_trend,decimate,1,1.0,2019-01-01 01:15:00,2019-01-01 02:02:00,0.78,0.0,,0.0,0.0,0.0,0.0,False,10,10,3,False,False,terminal,rms_kurt,load_pipeline (invariant)
XJTU-SY,Bearing1_1,42,3σ Rule (σ=3.0),three_sigma,decimate,1,1.0,2019-01-01 01:15:00,2019-01-01 02:02:00,0.78,0.8666666666666667,,100.0,1.1063829787234043,0.0,100.0,False,10,10,3,False,False,terminal,rms_kurt,load_pipeline (invariant)
XJTU-SY,Bearing1_1,42,"EWMA (λ=0.2, k=3.0)",ewma,decimate,1,1.0,2019-01-01 01:15:00,2019-01-01 02:02:00,0.78,0.8666666666666667,,100.0,1.1063829787234043,0.0,100.0,False,10,10,3,False,False,terminal,rms_kurt,load_pipeline (invariant)
XJTU-SY,Bearing1_1,42,"CUSUM (k=0.5, h=5.0)",cusum,decimate,1,1.0,2019-01-01 01:15:00,2019-01-01 02:02:00,0.78,0.7833333333333333,0.0,0.0,1.0,0.7833333333333333,0.0,True,10,10,3,False,False,terminal,rms_kurt,load_pipeline (invariant)
XJTU-SY,Bearing1_1,42,Hotelling T²,hotelling_t2,decimate,1,1.0,2019-01-01 01:15:00,2019-01-01 02:02:00,0.78,0.8666666666666667,,100.0,1.1063829787234043,0.0,100.0,False,10,10,3,False,False,terminal,rms_kurt,load_pipeline (invariant)
XJTU-SY,Bearing1_1,42,Isolation Forest,isolation_forest,decimate,1,1.0,2019-01-01 01:15:00,2019-01-01 02:02:00,0.78,0.0,,0.0,0.0,0.0,0.0,False,10,10,3,False,False,terminal,rms_kurt,load_pipeline (invariant)
XJTU-SY,Bearing1_1,42,Deep SVDD,deep_svdd,decimate,1,1.0,2019-01-01 01:15:00,2019-01-01 02:02:00,0.78,0.0,,0.0,0.0,0.0,0.0,False,10,10,3,False,False,terminal,rms_kurt,load_pipeline (invariant)
XJTU-SY,Bearing1_1,42,LSTM-Autoencoder,lstm_ae,decimate,1,1.0,2019-01-01 01:15:00,2019-01-01 02:02:00,0.78,,,,,,,False,10,10,3,False,False,terminal,rms_kurt,load_pipeline (invariant)
XJTU-SY,Bearing1_1,42,TCN-Autoencoder,tcn,decimate,1,1.0,2019-01-01 01:15:00,2019-01-01 02:02:00,0.78,,,,,,,False,10,10,3,False,False,terminal,rms_kurt,load_pipeline (invariant)
XJTU-SY,Bearing1_1,42,Transformer-AD,transformer_ad,decimate,1,1.0,2019-01-01 01:15:00,2019-01-01 02:02:00,0.78,,,,,,,False,10,10,3,False,False,terminal,rms_kurt,load_pipeline (invariant)
XJTU-SY,Bearing1_1,42,RMS-Trend (kσ),rms_trend,decimate,2,2.0,2019-01-01 01:15:00,2019-01-01 02:02:00,0.78,0.0,,0.0,0.0,0.0,0.0,False,12,5,4,False,False,terminal,rms_kurt,load_pipeline (invariant)
XJTU-SY,Bearing1_1,42,3σ Rule (σ=3.0),three_sigma,decimate,2,2.0,2019-01-01 01:15:00,2019-01-01 02:02:00,0.78,0.8333333333333334,,100.0,1.0638297872340425,0.0,100.0,False,12,5,4,False,False,terminal,rms_kurt,load_pipeline (invariant)
XJTU-SY,Bearing1_1,42,"EWMA (λ=0.2, k=3.0)",ewma,decimate,2,2.0,2019-01-01 01:15:00,2019-01-01 02:02:00,0.78,0.8333333333333334,,100.0,1.0638297872340425,0.0,100.0,False,12,5,4,False,False,terminal,rms_kurt,load_pipeline (invariant)
XJTU-SY,Bearing1_1,42,"CUSUM (k=0.5, h=5.0)",cusum,decimate,2,2.0,2019-01-01 01:15:00,2019-01-01 02:02:00,0.78,0.8333333333333334,,100.0,1.0638297872340425,0.0,100.0,False,12,5,4,False,False,terminal,rms_kurt,load_pipeline (invariant)
XJTU-SY,Bearing1_1,42,Hotelling T²,hotelling_t2,decimate,2,2.0,2019-01-01 01:15:00,2019-01-01 02:02:00,0.78,0.8333333333333334,,100.0,1.0638297872340425,0.0,100.0,False,12,5,4,False,False,terminal,rms_kurt,load_pipeline (invariant)
XJTU-SY,Bearing1_1,42,Isolation Forest,isolation_forest,decimate,2,2.0,2019-01-01 01:15:00,2019-01-01 02:02:00,0.78,0.0,,0.0,0.0,0.0,0.0,False,12,5,4,False,False,terminal,rms_kurt,load_pipeline (invariant)
XJTU-SY,Bearing1_1,42,Deep SVDD,deep_svdd,decimate,2,2.0,2019-01-01 01:15:00,2019-01-01 02:02:00,0.78,0.0,,0.0,0.0,0.0,0.0,False,12,5,4,False,False,terminal,rms_kurt,load_pipeline (invariant)
XJTU-SY,Bearing1_1,42,LSTM-Autoencoder,lstm_ae,decimate,2,2.0,2019-01-01 01:15:00,2019-01-01 02:02:00,0.78,,,,,,,False,12,5,4,False,False,terminal,rms_kurt,load_pipeline (invariant)
XJTU-SY,Bearing1_1,42,TCN-Autoencoder,tcn,decimate,2,2.0,2019-01-01 01:15:00,2019-01-01 02:02:00,0.78,,,,,,,False,12,5,4,False,False,terminal,rms_kurt,load_pipeline (invariant)
XJTU-SY,Bearing1_1,42,Transformer-AD,transformer_ad,decimate,2,2.0,2019-01-01 01:15:00,2019-01-01 02:02:00,0.78,,,,,,,False,12,5,4,False,False,terminal,rms_kurt,load_pipeline (invariant)
XJTU-SY,Bearing1_1,42,RMS-Trend (kσ),rms_trend,decimate,5,5.0,2019-01-01 01:15:00,2019-01-01 02:02:00,0.78,0.0,,0.0,0.0,0.0,0.0,False,10,3,2,True,False,terminal,rms_kurt,load_pipeline (invariant)
XJTU-SY,Bearing1_1,42,3σ Rule (σ=3.0),three_sigma,decimate,5,5.0,2019-01-01 01:15:00,2019-01-01 02:02:00,0.78,0.8666666666666667,,100.0,1.1063829787234043,0.0,100.0,False,10,3,2,True,False,terminal,rms_kurt,load_pipeline (invariant)
XJTU-SY,Bearing1_1,42,"EWMA (λ=0.2, k=3.0)",ewma,decimate,5,5.0,2019-01-01 01:15:00,2019-01-01 02:02:00,0.78,0.8666666666666667,,100.0,1.1063829787234043,0.0,100.0,False,10,3,2,True,False,terminal,rms_kurt,load_pipeline (invariant)
XJTU-SY,Bearing1_1,42,"CUSUM (k=0.5, h=5.0)",cusum,decimate,5,5.0,2019-01-01 01:15:00,2019-01-01 02:02:00,0.78,0.8666666666666667,,100.0,1.1063829787234043,0.0,100.0,False,10,3,2,True,False,terminal,rms_kurt,load_pipeline (invariant)
XJTU-SY,Bearing1_1,42,Hotelling T²,hotelling_t2,decimate,5,5.0,2019-01-01 01:15:00,2019-01-01 02:02:00,0.78,0.8666666666666667,,100.0,1.1063829787234043,0.0,100.0,False,10,3,2,True,False,terminal,rms_kurt,load_pipeline (invariant)
XJTU-SY,Bearing1_1,42,Isolation Forest,isolation_forest,decimate,5,5.0,2019-01-01 01:15:00,2019-01-01 02:02:00,0.78,0.0,,0.0,0.0,0.0,0.0,False,10,3,2,True,False,terminal,rms_kurt,load_pipeline (invariant)
XJTU-SY,Bearing1_1,42,Deep SVDD,deep_svdd,decimate,5,5.0,2019-01-01 01:15:00,2019-01-01 02:02:00,0.78,0.0,,0.0,0.0,0.0,0.0,False,10,3,2,True,False,terminal,rms_kurt,load_pipeline (invariant)
XJTU-SY,Bearing1_1,42,LSTM-Autoencoder,lstm_ae,decimate,5,5.0,2019-01-01 01:15:00,2019-01-01 02:02:00,0.78,,,,,,,False,10,3,2,True,False,terminal,rms_kurt,load_pipeline (invariant)
XJTU-SY,Bearing1_1,42,TCN-Autoencoder,tcn,decimate,5,5.0,2019-01-01 01:15:00,2019-01-01 02:02:00,0.78,,,,,,,False,10,3,2,True,False,terminal,rms_kurt,load_pipeline (invariant)
XJTU-SY,Bearing1_1,42,Transformer-AD,transformer_ad,decimate,5,5.0,2019-01-01 01:15:00,2019-01-01 02:02:00,0.78,,,,,,,False,10,3,2,True,False,terminal,rms_kurt,load_pipeline (invariant)
XJTU-SY,Bearing1_1,42,RMS-Trend (kσ),rms_trend,decimate,10,10.0,2019-01-01 01:15:00,2019-01-01 02:02:00,0.78,0.2,0.5833333333333334,0.0,0.25531914893617025,0.2,0.0,True,5,3,1,True,False,terminal,rms_kurt,load_pipeline (invariant)
XJTU-SY,Bearing1_1,42,3σ Rule (σ=3.0),three_sigma,decimate,10,10.0,2019-01-01 01:15:00,2019-01-01 02:02:00,0.78,0.8666666666666667,,100.0,1.1063829787234043,0.0,100.0,False,5,3,1,True,False,terminal,rms_kurt,load_pipeline (invariant)
XJTU-SY,Bearing1_1,42,"EWMA (λ=0.2, k=3.0)",ewma,decimate,10,10.0,2019-01-01 01:15:00,2019-01-01 02:02:00,0.78,0.8666666666666667,,100.0,1.1063829787234043,0.0,100.0,False,5,3,1,True,False,terminal,rms_kurt,load_pipeline (invariant)
XJTU-SY,Bearing1_1,42,"CUSUM (k=0.5, h=5.0)",cusum,decimate,10,10.0,2019-01-01 01:15:00,2019-01-01 02:02:00,0.78,0.8666666666666667,,100.0,1.1063829787234043,0.0,100.0,False,5,3,1,True,False,terminal,rms_kurt,load_pipeline (invariant)
XJTU-SY,Bearing1_1,42,Hotelling T²,hotelling_t2,decimate,10,10.0,2019-01-01 01:15:00,2019-01-01 02:02:00,0.78,0.8666666666666667,,100.0,1.1063829787234043,0.0,100.0,False,5,3,1,True,False,terminal,rms_kurt,load_pipeline (invariant)
XJTU-SY,Bearing1_1,42,Isolation Forest,isolation_forest,decimate,10,10.0,2019-01-01 01:15:00,2019-01-01 02:02:00,0.78,0.0,,0.0,0.0,0.0,0.0,False,5,3,1,True,False,terminal,rms_kurt,load_pipeline (invariant)
XJTU-SY,Bearing1_1,42,Deep SVDD,deep_svdd,decimate,10,10.0,2019-01-01 01:15:00,2019-01-01 02:02:00,0.78,0.2,0.5833333333333334,0.0,0.25531914893617025,0.2,0.0,True,5,3,1,True,False,terminal,rms_kurt,load_pipeline (invariant)
XJTU-SY,Bearing1_1,42,LSTM-Autoencoder,lstm_ae,decimate,10,10.0,2019-01-01 01:15:00,2019-01-01 02:02:00,0.78,,,,,,,False,5,3,1,True,False,terminal,rms_kurt,load_pipeline (invariant)
XJTU-SY,Bearing1_1,42,TCN-Autoencoder,tcn,decimate,10,10.0,2019-01-01 01:15:00,2019-01-01 02:02:00,0.78,,,,,,,False,5,3,1,True,False,terminal,rms_kurt,load_pipeline (invariant)
XJTU-SY,Bearing1_1,42,Transformer-AD,transformer_ad,decimate,10,10.0,2019-01-01 01:15:00,2019-01-01 02:02:00,0.78,,,,,,,False,5,3,1,True,False,terminal,rms_kurt,load_pipeline (invariant)
XJTU-SY,Bearing1_1,42,RMS-Trend (kσ),rms_trend,decimate,20,20.0,2019-01-01 01:15:00,2019-01-01 02:02:00,0.78,0.36666666666666664,0.4166666666666667,,0.4680851063829787,0.36666666666666664,0.0,True,2,3,1,True,False,terminal,rms_kurt,load_pipeline (invariant)
XJTU-SY,Bearing1_1,42,3σ Rule (σ=3.0),three_sigma,decimate,20,20.0,2019-01-01 01:15:00,2019-01-01 02:02:00,0.78,0.7,0.08333333333333333,,0.8936170212765957,0.0,100.0,True,2,3,1,True,False,terminal,rms_kurt,load_pipeline (invariant)
XJTU-SY,Bearing1_1,42,"EWMA (λ=0.2, k=3.0)",ewma,decimate,20,20.0,2019-01-01 01:15:00,2019-01-01 02:02:00,0.78,0.7,0.08333333333333333,,0.8936170212765957,0.0,100.0,True,2,3,1,True,False,terminal,rms_kurt,load_pipeline (invariant)
XJTU-SY,Bearing1_1,42,"CUSUM (k=0.5, h=5.0)",cusum,decimate,20,20.0,2019-01-01 01:15:00,2019-01-01 02:02:00,0.78,0.7,0.08333333333333333,,0.8936170212765957,0.0,100.0,True,2,3,1,True,False,terminal,rms_kurt,load_pipeline (invariant)
XJTU-SY,Bearing1_1,42,Hotelling T²,hotelling_t2,decimate,20,20.0,2019-01-01 01:15:00,2019-01-01 02:02:00,0.78,0.7,0.08333333333333333,,0.8936170212765957,0.0,100.0,True,2,3,1,True,False,terminal,rms_kurt,load_pipeline (invariant)
XJTU-SY,Bearing1_1,42,Isolation Forest,isolation_forest,decimate,20,20.0,2019-01-01 01:15:00,2019-01-01 02:02:00,0.78,0.0,,,0.0,0.0,0.0,False,2,3,1,True,False,terminal,rms_kurt,load_pipeline (invariant)
XJTU-SY,Bearing1_1,42,Deep SVDD,deep_svdd,decimate,20,20.0,2019-01-01 01:15:00,2019-01-01 02:02:00,0.78,0.36666666666666664,0.4166666666666667,,0.4680851063829787,0.36666666666666664,0.0,True,2,3,1,True,False,terminal,rms_kurt,load_pipeline (invariant)
XJTU-SY,Bearing1_1,42,LSTM-Autoencoder,lstm_ae,decimate,20,20.0,2019-01-01 01:15:00,2019-01-01 02:02:00,0.78,,,,,,,False,2,3,1,True,False,terminal,rms_kurt,load_pipeline (invariant)
XJTU-SY,Bearing1_1,42,TCN-Autoencoder,tcn,decimate,20,20.0,2019-01-01 01:15:00,2019-01-01 02:02:00,0.78,,,,,,,False,2,3,1,True,False,terminal,rms_kurt,load_pipeline (invariant)
XJTU-SY,Bearing1_1,42,Transformer-AD,transformer_ad,decimate,20,20.0,2019-01-01 01:15:00,2019-01-01 02:02:00,0.78,,,,,,,False,2,3,1,True,False,terminal,rms_kurt,load_pipeline (invariant)
XJTU-SY,Bearing1_2,42,RMS-Trend (kσ),rms_trend,aggregate,1,1.0,,2019-01-01 02:40:00,,0.0,,0.0,,0.0,0.0,False,13,10,3,False,False,terminal,rms_kurt,load_pipeline (invariant)
XJTU-SY,Bearing1_2,42,3σ Rule (σ=3.0),three_sigma,aggregate,1,1.0,,2019-01-01 02:40:00,,0.0,,0.0,,0.0,0.0,False,13,10,3,False,False,terminal,rms_kurt,load_pipeline (invariant)
XJTU-SY,Bearing1_2,42,"EWMA (λ=0.2, k=3.0)",ewma,aggregate,1,1.0,,2019-01-01 02:40:00,,0.6666666666666666,,0.0,,0.6666666666666666,0.0,True,13,10,3,False,False,terminal,rms_kurt,load_pipeline (invariant)
XJTU-SY,Bearing1_2,42,"CUSUM (k=0.5, h=5.0)",cusum,aggregate,1,1.0,,2019-01-01 02:40:00,,0.5833333333333334,,0.0,,0.5833333333333334,0.0,True,13,10,3,False,False,terminal,rms_kurt,load_pipeline (invariant)
XJTU-SY,Bearing1_2,42,Hotelling T²,hotelling_t2,aggregate,1,1.0,,2019-01-01 02:40:00,,1.0833333333333333,,100.0,,0.0,100.0,False,13,10,3,False,False,terminal,rms_kurt,load_pipeline (invariant)
XJTU-SY,Bearing1_2,42,Isolation Forest,isolation_forest,aggregate,1,1.0,,2019-01-01 02:40:00,,0.0,,0.0,,0.0,0.0,False,13,10,3,False,False,terminal,rms_kurt,load_pipeline (invariant)
XJTU-SY,Bearing1_2,42,Deep SVDD,deep_svdd,aggregate,1,1.0,,2019-01-01 02:40:00,,0.0,,0.0,,0.0,0.0,False,13,10,3,False,False,terminal,rms_kurt,load_pipeline (invariant)
XJTU-SY,Bearing1_2,42,LSTM-Autoencoder,lstm_ae,aggregate,1,1.0,,2019-01-01 02:40:00,,,,,,,,False,13,10,3,False,False,terminal,rms_kurt,load_pipeline (invariant)
XJTU-SY,Bearing1_2,42,TCN-Autoencoder,tcn,aggregate,1,1.0,,2019-01-01 02:40:00,,,,,,,,False,13,10,3,False,False,terminal,rms_kurt,load_pipeline (invariant)
XJTU-SY,Bearing1_2,42,Transformer-AD,transformer_ad,aggregate,1,1.0,,2019-01-01 02:40:00,,,,,,,,False,13,10,3,False,False,terminal,rms_kurt,load_pipeline (invariant)
XJTU-SY,Bearing1_2,42,RMS-Trend (kσ),rms_trend,aggregate,2,2.0,,2019-01-01 02:40:00,,0.0,,0.0,,0.0,0.0,False,16,5,4,False,False,terminal,rms_kurt,load_pipeline (invariant)
XJTU-SY,Bearing1_2,42,3σ Rule (σ=3.0),three_sigma,aggregate,2,2.0,,2019-01-01 02:40:00,,0.3333333333333333,,0.0,,0.3333333333333333,0.0,True,16,5,4,False,False,terminal,rms_kurt,load_pipeline (invariant)
XJTU-SY,Bearing1_2,42,"EWMA (λ=0.2, k=3.0)",ewma,aggregate,2,2.0,,2019-01-01 02:40:00,,0.6666666666666666,,0.0,,0.6666666666666666,0.0,True,16,5,4,False,False,terminal,rms_kurt,load_pipeline (invariant)
XJTU-SY,Bearing1_2,42,"CUSUM (k=0.5, h=5.0)",cusum,aggregate,2,2.0,,2019-01-01 02:40:00,,0.6666666666666666,,0.0,,0.6666666666666666,0.0,True,16,5,4,False,False,terminal,rms_kurt,load_pipeline (invariant)
XJTU-SY,Bearing1_2,42,Hotelling T²,hotelling_t2,aggregate,2,2.0,,2019-01-01 02:40:00,,1.0666666666666667,,100.0,,0.0,100.0,False,16,5,4,False,False,terminal,rms_kurt,load_pipeline (invariant)
XJTU-SY,Bearing1_2,42,Isolation Forest,isolation_forest,aggregate,2,2.0,,2019-01-01 02:40:00,,0.7333333333333333,,0.0,,0.7333333333333333,0.0,True,16,5,4,False,False,terminal,rms_kurt,load_pipeline (invariant)
XJTU-SY,Bearing1_2,42,Deep SVDD,deep_svdd,aggregate,2,2.0,,2019-01-01 02:40:00,,0.0,,0.0,,0.0,0.0,False,16,5,4,False,False,terminal,rms_kurt,load_pipeline (invariant)
XJTU-SY,Bearing1_2,42,LSTM-Autoencoder,lstm_ae,aggregate,2,2.0,,2019-01-01 02:40:00,,,,,,,,False,16,5,4,False,False,terminal,rms_kurt,load_pipeline (invariant)
XJTU-SY,Bearing1_2,42,TCN-Autoencoder,tcn,aggregate,2,2.0,,2019-01-01 02:40:00,,,,,,,,False,16,5,4,False,False,terminal,rms_kurt,load_pipeline (invariant)
XJTU-SY,Bearing1_2,42,Transformer-AD,transformer_ad,aggregate,2,2.0,,2019-01-01 02:40:00,,,,,,,,False,16,5,4,False,False,terminal,rms_kurt,load_pipeline (invariant)
XJTU-SY,Bearing1_2,42,RMS-Trend (kσ),rms_trend,aggregate,5,5.0,,2019-01-01 02:40:00,,0.0,,0.0,,0.0,0.0,False,13,3,2,True,False,terminal,rms_kurt,load_pipeline (invariant)
XJTU-SY,Bearing1_2,42,3σ Rule (σ=3.0),three_sigma,aggregate,5,5.0,,2019-01-01 02:40:00,,0.16666666666666666,,0.0,,0.16666666666666666,0.0,True,13,3,2,True,False,terminal,rms_kurt,load_pipeline (invariant)
XJTU-SY,Bearing1_2,42,"EWMA (λ=0.2, k=3.0)",ewma,aggregate,5,5.0,,2019-01-01 02:40:00,,0.6666666666666666,,0.0,,0.6666666666666666,0.0,True,13,3,2,True,False,terminal,rms_kurt,load_pipeline (invariant)
XJTU-SY,Bearing1_2,42,"CUSUM (k=0.5, h=5.0)",cusum,aggregate,5,5.0,,2019-01-01 02:40:00,,0.5,,0.0,,0.5,0.0,True,13,3,2,True,False,terminal,rms_kurt,load_pipeline (invariant)
XJTU-SY,Bearing1_2,42,Hotelling T²,hotelling_t2,aggregate,5,5.0,,2019-01-01 02:40:00,,1.0833333333333333,,100.0,,0.0,100.0,False,13,3,2,True,False,terminal,rms_kurt,load_pipeline (invariant)
XJTU-SY,Bearing1_2,42,Isolation Forest,isolation_forest,aggregate,5,5.0,,2019-01-01 02:40:00,,0.25,,0.0,,0.25,0.0,True,13,3,2,True,False,terminal,rms_kurt,load_pipeline (invariant)
XJTU-SY,Bearing1_2,42,Deep SVDD,deep_svdd,aggregate,5,5.0,,2019-01-01 02:40:00,,0.0,,0.0,,0.0,0.0,False,13,3,2,True,False,terminal,rms_kurt,load_pipeline (invariant)
XJTU-SY,Bearing1_2,42,LSTM-Autoencoder,lstm_ae,aggregate,5,5.0,,2019-01-01 02:40:00,,,,,,,,False,13,3,2,True,False,terminal,rms_kurt,load_pipeline (invariant)
XJTU-SY,Bearing1_2,42,TCN-Autoencoder,tcn,aggregate,5,5.0,,2019-01-01 02:40:00,,,,,,,,False,13,3,2,True,False,terminal,rms_kurt,load_pipeline (invariant)
XJTU-SY,Bearing1_2,42,Transformer-AD,transformer_ad,aggregate,5,5.0,,2019-01-01 02:40:00,,,,,,,,False,13,3,2,True,False,terminal,rms_kurt,load_pipeline (invariant)
XJTU-SY,Bearing1_2,42,RMS-Trend (kσ),rms_trend,aggregate,10,10.0,,2019-01-01 02:40:00,,0.16666666666666666,,0.0,,0.16666666666666666,0.0,True,6,3,1,True,False,terminal,rms_kurt,load_pipeline (invariant)
XJTU-SY,Bearing1_2,42,3σ Rule (σ=3.0),three_sigma,aggregate,10,10.0,,2019-01-01 02:40:00,,0.6666666666666666,,0.0,,0.6666666666666666,0.0,True,6,3,1,True,False,terminal,rms_kurt,load_pipeline (invariant)
XJTU-SY,Bearing1_2,42,"EWMA (λ=0.2, k=3.0)",ewma,aggregate,10,10.0,,2019-01-01 02:40:00,,0.6666666666666666,,0.0,,0.6666666666666666,0.0,True,6,3,1,True,False,terminal,rms_kurt,load_pipeline (invariant)
XJTU-SY,Bearing1_2,42,"CUSUM (k=0.5, h=5.0)",cusum,aggregate,10,10.0,,2019-01-01 02:40:00,,0.6666666666666666,,0.0,,0.6666666666666666,0.0,True,6,3,1,True,False,terminal,rms_kurt,load_pipeline (invariant)
XJTU-SY,Bearing1_2,42,Hotelling T²,hotelling_t2,aggregate,10,10.0,,2019-01-01 02:40:00,,0.8333333333333334,,0.0,,0.8333333333333334,0.0,True,6,3,1,True,False,terminal,rms_kurt,load_pipeline (invariant)
XJTU-SY,Bearing1_2,42,Isolation Forest,isolation_forest,aggregate,10,10.0,,2019-01-01 02:40:00,,1.0,,100.0,,0.0,100.0,False,6,3,1,True,False,terminal,rms_kurt,load_pipeline (invariant)
XJTU-SY,Bearing1_2,42,Deep SVDD,deep_svdd,aggregate,10,10.0,,2019-01-01 02:40:00,,0.16666666666666666,,0.0,,0.16666666666666666,0.0,True,6,3,1,True,False,terminal,rms_kurt,load_pipeline (invariant)
XJTU-SY,Bearing1_2,42,LSTM-Autoencoder,lstm_ae,aggregate,10,10.0,,2019-01-01 02:40:00,,,,,,,,False,6,3,1,True,False,terminal,rms_kurt,load_pipeline (invariant)
XJTU-SY,Bearing1_2,42,TCN-Autoencoder,tcn,aggregate,10,10.0,,2019-01-01 02:40:00,,,,,,,,False,6,3,1,True,False,terminal,rms_kurt,load_pipeline (invariant)
XJTU-SY,Bearing1_2,42,Transformer-AD,transformer_ad,aggregate,10,10.0,,2019-01-01 02:40:00,,,,,,,,False,6,3,1,True,False,terminal,rms_kurt,load_pipeline (invariant)
XJTU-SY,Bearing1_2,42,RMS-Trend (kσ),rms_trend,aggregate,20,20.0,,2019-01-01 02:40:00,,0.3333333333333333,,0.0,,0.3333333333333333,0.0,True,3,3,1,True,False,terminal,rms_kurt,load_pipeline (invariant)
XJTU-SY,Bearing1_2,42,3σ Rule (σ=3.0),three_sigma,aggregate,20,20.0,,2019-01-01 02:40:00,,1.0,,100.0,,0.0,100.0,False,3,3,1,True,False,terminal,rms_kurt,load_pipeline (invariant)
XJTU-SY,Bearing1_2,42,"EWMA (λ=0.2, k=3.0)",ewma,aggregate,20,20.0,,2019-01-01 02:40:00,,1.0,,100.0,,0.0,100.0,False,3,3,1,True,False,terminal,rms_kurt,load_pipeline (invariant)
XJTU-SY,Bearing1_2,42,"CUSUM (k=0.5, h=5.0)",cusum,aggregate,20,20.0,,2019-01-01 02:40:00,,1.0,,100.0,,0.0,100.0,False,3,3,1,True,False,terminal,rms_kurt,load_pipeline (invariant)
XJTU-SY,Bearing1_2,42,Hotelling T²,hotelling_t2,aggregate,20,20.0,,2019-01-01 02:40:00,,0.6666666666666666,,0.0,,0.6666666666666666,0.0,True,3,3,1,True,False,terminal,rms_kurt,load_pipeline (invariant)
XJTU-SY,Bearing1_2,42,Isolation Forest,isolation_forest,aggregate,20,20.0,,2019-01-01 02:40:00,,0.0,,0.0,,0.0,0.0,False,3,3,1,True,False,terminal,rms_kurt,load_pipeline (invariant)
XJTU-SY,Bearing1_2,42,Deep SVDD,deep_svdd,aggregate,20,20.0,,2019-01-01 02:40:00,,0.3333333333333333,,0.0,,0.3333333333333333,0.0,True,3,3,1,True,False,terminal,rms_kurt,load_pipeline (invariant)
XJTU-SY,Bearing1_2,42,LSTM-Autoencoder,lstm_ae,aggregate,20,20.0,,2019-01-01 02:40:00,,,,,,,,False,3,3,1,True,False,terminal,rms_kurt,load_pipeline (invariant)
XJTU-SY,Bearing1_2,42,TCN-Autoencoder,tcn,aggregate,20,20.0,,2019-01-01 02:40:00,,,,,,,,False,3,3,1,True,False,terminal,rms_kurt,load_pipeline (invariant)
XJTU-SY,Bearing1_2,42,Transformer-AD,transformer_ad,aggregate,20,20.0,,2019-01-01 02:40:00,,,,,,,,False,3,3,1,True,False,terminal,rms_kurt,load_pipeline (invariant)
XJTU-SY,Bearing1_2,42,RMS-Trend (kσ),rms_trend,decimate,1,1.0,,2019-01-01 02:40:00,,0.0,,0.0,,0.0,0.0,False,13,10,3,False,False,terminal,rms_kurt,load_pipeline (invariant)
XJTU-SY,Bearing1_2,42,3σ Rule (σ=3.0),three_sigma,decimate,1,1.0,,2019-01-01 02:40:00,,0.0,,0.0,,0.0,0.0,False,13,10,3,False,False,terminal,rms_kurt,load_pipeline (invariant)
XJTU-SY,Bearing1_2,42,"EWMA (λ=0.2, k=3.0)",ewma,decimate,1,1.0,,2019-01-01 02:40:00,,0.6666666666666666,,0.0,,0.6666666666666666,0.0,True,13,10,3,False,False,terminal,rms_kurt,load_pipeline (invariant)
XJTU-SY,Bearing1_2,42,"CUSUM (k=0.5, h=5.0)",cusum,decimate,1,1.0,,2019-01-01 02:40:00,,0.5833333333333334,,0.0,,0.5833333333333334,0.0,True,13,10,3,False,False,terminal,rms_kurt,load_pipeline (invariant)
XJTU-SY,Bearing1_2,42,Hotelling T²,hotelling_t2,decimate,1,1.0,,2019-01-01 02:40:00,,1.0833333333333333,,100.0,,0.0,100.0,False,13,10,3,False,False,terminal,rms_kurt,load_pipeline (invariant)
XJTU-SY,Bearing1_2,42,Isolation Forest,isolation_forest,decimate,1,1.0,,2019-01-01 02:40:00,,0.0,,0.0,,0.0,0.0,False,13,10,3,False,False,terminal,rms_kurt,load_pipeline (invariant)
XJTU-SY,Bearing1_2,42,Deep SVDD,deep_svdd,decimate,1,1.0,,2019-01-01 02:40:00,,0.0,,0.0,,0.0,0.0,False,13,10,3,False,False,terminal,rms_kurt,load_pipeline (invariant)
XJTU-SY,Bearing1_2,42,LSTM-Autoencoder,lstm_ae,decimate,1,1.0,,2019-01-01 02:40:00,,,,,,,,False,13,10,3,False,False,terminal,rms_kurt,load_pipeline (invariant)
XJTU-SY,Bearing1_2,42,TCN-Autoencoder,tcn,decimate,1,1.0,,2019-01-01 02:40:00,,,,,,,,False,13,10,3,False,False,terminal,rms_kurt,load_pipeline (invariant)
XJTU-SY,Bearing1_2,42,Transformer-AD,transformer_ad,decimate,1,1.0,,2019-01-01 02:40:00,,,,,,,,False,13,10,3,False,False,terminal,rms_kurt,load_pipeline (invariant)
XJTU-SY,Bearing1_2,42,RMS-Trend (kσ),rms_trend,decimate,2,2.0,,2019-01-01 02:40:00,,0.0,,0.0,,0.0,0.0,False,16,5,4,False,False,terminal,rms_kurt,load_pipeline (invariant)
XJTU-SY,Bearing1_2,42,3σ Rule (σ=3.0),three_sigma,decimate,2,2.0,,2019-01-01 02:40:00,,0.0,,0.0,,0.0,0.0,False,16,5,4,False,False,terminal,rms_kurt,load_pipeline (invariant)
XJTU-SY,Bearing1_2,42,"EWMA (λ=0.2, k=3.0)",ewma,decimate,2,2.0,,2019-01-01 02:40:00,,0.6666666666666666,,0.0,,0.6666666666666666,0.0,True,16,5,4,False,False,terminal,rms_kurt,load_pipeline (invariant)
XJTU-SY,Bearing1_2,42,"CUSUM (k=0.5, h=5.0)",cusum,decimate,2,2.0,,2019-01-01 02:40:00,,0.6,,0.0,,0.6,0.0,True,16,5,4,False,False,terminal,rms_kurt,load_pipeline (invariant)
XJTU-SY,Bearing1_2,42,Hotelling T²,hotelling_t2,decimate,2,2.0,,2019-01-01 02:40:00,,1.0666666666666667,,100.0,,0.0,100.0,False,16,5,4,False,False,terminal,rms_kurt,load_pipeline (invariant)
XJTU-SY,Bearing1_2,42,Isolation Forest,isolation_forest,decimate,2,2.0,,2019-01-01 02:40:00,,0.26666666666666666,,0.0,,0.26666666666666666,0.0,True,16,5,4,False,False,terminal,rms_kurt,load_pipeline (invariant)
XJTU-SY,Bearing1_2,42,Deep SVDD,deep_svdd,decimate,2,2.0,,2019-01-01 02:40:00,,0.0,,0.0,,0.0,0.0,False,16,5,4,False,False,terminal,rms_kurt,load_pipeline (invariant)
XJTU-SY,Bearing1_2,42,LSTM-Autoencoder,lstm_ae,decimate,2,2.0,,2019-01-01 02:40:00,,,,,,,,False,16,5,4,False,False,terminal,rms_kurt,load_pipeline (invariant)
XJTU-SY,Bearing1_2,42,TCN-Autoencoder,tcn,decimate,2,2.0,,2019-01-01 02:40:00,,,,,,,,False,16,5,4,False,False,terminal,rms_kurt,load_pipeline (invariant)
XJTU-SY,Bearing1_2,42,Transformer-AD,transformer_ad,decimate,2,2.0,,2019-01-01 02:40:00,,,,,,,,False,16,5,4,False,False,terminal,rms_kurt,load_pipeline (invariant)
XJTU-SY,Bearing1_2,42,RMS-Trend (kσ),rms_trend,decimate,5,5.0,,2019-01-01 02:40:00,,0.0,,0.0,,0.0,0.0,False,13,3,2,True,False,terminal,rms_kurt,load_pipeline (invariant)
XJTU-SY,Bearing1_2,42,3σ Rule (σ=3.0),three_sigma,decimate,5,5.0,,2019-01-01 02:40:00,,0.16666666666666666,,0.0,,0.16666666666666666,0.0,True,13,3,2,True,False,terminal,rms_kurt,load_pipeline (invariant)
XJTU-SY,Bearing1_2,42,"EWMA (λ=0.2, k=3.0)",ewma,decimate,5,5.0,,2019-01-01 02:40:00,,0.6666666666666666,,0.0,,0.6666666666666666,0.0,True,13,3,2,True,False,terminal,rms_kurt,load_pipeline (invariant)
XJTU-SY,Bearing1_2,42,"CUSUM (k=0.5, h=5.0)",cusum,decimate,5,5.0,,2019-01-01 02:40:00,,0.6666666666666666,,0.0,,0.6666666666666666,0.0,True,13,3,2,True,False,terminal,rms_kurt,load_pipeline (invariant)
XJTU-SY,Bearing1_2,42,Hotelling T²,hotelling_t2,decimate,5,5.0,,2019-01-01 02:40:00,,1.0833333333333333,,100.0,,0.0,100.0,False,13,3,2,True,False,terminal,rms_kurt,load_pipeline (invariant)
XJTU-SY,Bearing1_2,42,Isolation Forest,isolation_forest,decimate,5,5.0,,2019-01-01 02:40:00,,0.6666666666666666,,0.0,,0.6666666666666666,0.0,True,13,3,2,True,False,terminal,rms_kurt,load_pipeline (invariant)
XJTU-SY,Bearing1_2,42,Deep SVDD,deep_svdd,decimate,5,5.0,,2019-01-01 02:40:00,,0.0,,0.0,,0.0,0.0,False,13,3,2,True,False,terminal,rms_kurt,load_pipeline (invariant)
XJTU-SY,Bearing1_2,42,LSTM-Autoencoder,lstm_ae,decimate,5,5.0,,2019-01-01 02:40:00,,,,,,,,False,13,3,2,True,False,terminal,rms_kurt,load_pipeline (invariant)
XJTU-SY,Bearing1_2,42,TCN-Autoencoder,tcn,decimate,5,5.0,,2019-01-01 02:40:00,,,,,,,,False,13,3,2,True,False,terminal,rms_kurt,load_pipeline (invariant)
XJTU-SY,Bearing1_2,42,Transformer-AD,transformer_ad,decimate,5,5.0,,2019-01-01 02:40:00,,,,,,,,False,13,3,2,True,False,terminal,rms_kurt,load_pipeline (invariant)
XJTU-SY,Bearing1_2,42,RMS-Trend (kσ),rms_trend,decimate,10,10.0,,2019-01-01 02:40:00,,0.16666666666666666,,0.0,,0.16666666666666666,0.0,True,6,3,1,True,False,terminal,rms_kurt,load_pipeline (invariant)
XJTU-SY,Bearing1_2,42,3σ Rule (σ=3.0),three_sigma,decimate,10,10.0,,2019-01-01 02:40:00,,0.8333333333333334,,0.0,,0.8333333333333334,0.0,True,6,3,1,True,False,terminal,rms_kurt,load_pipeline (invariant)
XJTU-SY,Bearing1_2,42,"EWMA (λ=0.2, k=3.0)",ewma,decimate,10,10.0,,2019-01-01 02:40:00,,0.8333333333333334,,0.0,,0.8333333333333334,0.0,True,6,3,1,True,False,terminal,rms_kurt,load_pipeline (invariant)
XJTU-SY,Bearing1_2,42,"CUSUM (k=0.5, h=5.0)",cusum,decimate,10,10.0,,2019-01-01 02:40:00,,0.6666666666666666,,0.0,,0.6666666666666666,0.0,True,6,3,1,True,False,terminal,rms_kurt,load_pipeline (invariant)
XJTU-SY,Bearing1_2,42,Hotelling T²,hotelling_t2,decimate,10,10.0,,2019-01-01 02:40:00,,1.0,,100.0,,0.0,100.0,False,6,3,1,True,False,terminal,rms_kurt,load_pipeline (invariant)
XJTU-SY,Bearing1_2,42,Isolation Forest,isolation_forest,decimate,10,10.0,,2019-01-01 02:40:00,,0.3333333333333333,,0.0,,0.3333333333333333,0.0,True,6,3,1,True,False,terminal,rms_kurt,load_pipeline (invariant)
XJTU-SY,Bearing1_2,42,Deep SVDD,deep_svdd,decimate,10,10.0,,2019-01-01 02:40:00,,0.16666666666666666,,0.0,,0.16666666666666666,0.0,True,6,3,1,True,False,terminal,rms_kurt,load_pipeline (invariant)
XJTU-SY,Bearing1_2,42,LSTM-Autoencoder,lstm_ae,decimate,10,10.0,,2019-01-01 02:40:00,,,,,,,,False,6,3,1,True,False,terminal,rms_kurt,load_pipeline (invariant)
XJTU-SY,Bearing1_2,42,TCN-Autoencoder,tcn,decimate,10,10.0,,2019-01-01 02:40:00,,,,,,,,False,6,3,1,True,False,terminal,rms_kurt,load_pipeline (invariant)
XJTU-SY,Bearing1_2,42,Transformer-AD,transformer_ad,decimate,10,10.0,,2019-01-01 02:40:00,,,,,,,,False,6,3,1,True,False,terminal,rms_kurt,load_pipeline (invariant)
XJTU-SY,Bearing1_2,42,RMS-Trend (kσ),rms_trend,decimate,20,20.0,,2019-01-01 02:40:00,,0.3333333333333333,,0.0,,0.3333333333333333,0.0,True,3,3,1,True,False,terminal,rms_kurt,load_pipeline (invariant)
XJTU-SY,Bearing1_2,42,3σ Rule (σ=3.0),three_sigma,decimate,20,20.0,,2019-01-01 02:40:00,,1.0,,100.0,,0.0,100.0,False,3,3,1,True,False,terminal,rms_kurt,load_pipeline (invariant)
XJTU-SY,Bearing1_2,42,"EWMA (λ=0.2, k=3.0)",ewma,decimate,20,20.0,,2019-01-01 02:40:00,,1.0,,100.0,,0.0,100.0,False,3,3,1,True,False,terminal,rms_kurt,load_pipeline (invariant)
XJTU-SY,Bearing1_2,42,"CUSUM (k=0.5, h=5.0)",cusum,decimate,20,20.0,,2019-01-01 02:40:00,,1.0,,100.0,,0.0,100.0,False,3,3,1,True,False,terminal,rms_kurt,load_pipeline (invariant)
XJTU-SY,Bearing1_2,42,Hotelling T²,hotelling_t2,decimate,20,20.0,,2019-01-01 02:40:00,,0.3333333333333333,,0.0,,0.3333333333333333,0.0,True,3,3,1,True,False,terminal,rms_kurt,load_pipeline (invariant)
XJTU-SY,Bearing1_2,42,Isolation Forest,isolation_forest,decimate,20,20.0,,2019-01-01 02:40:00,,1.0,,100.0,,0.0,100.0,False,3,3,1,True,False,terminal,rms_kurt,load_pipeline (invariant)
XJTU-SY,Bearing1_2,42,Deep SVDD,deep_svdd,decimate,20,20.0,,2019-01-01 02:40:00,,0.3333333333333333,,0.0,,0.3333333333333333,0.0,True,3,3,1,True,False,terminal,rms_kurt,load_pipeline (invariant)
XJTU-SY,Bearing1_2,42,LSTM-Autoencoder,lstm_ae,decimate,20,20.0,,2019-01-01 02:40:00,,,,,,,,False,3,3,1,True,False,terminal,rms_kurt,load_pipeline (invariant)
XJTU-SY,Bearing1_2,42,TCN-Autoencoder,tcn,decimate,20,20.0,,2019-01-01 02:40:00,,,,,,,,False,3,3,1,True,False,terminal,rms_kurt,load_pipeline (invariant)
XJTU-SY,Bearing1_2,42,Transformer-AD,transformer_ad,decimate,20,20.0,,2019-01-01 02:40:00,,,,,,,,False,3,3,1,True,False,terminal,rms_kurt,load_pipeline (invariant)
XJTU-SY,Bearing1_3,42,RMS-Trend (kσ),rms_trend,aggregate,1,1.0,2019-01-01 01:31:00,2019-01-01 02:37:00,1.1,0.0,,,0.0,0.0,0.0,False,12,10,3,False,False,terminal,rms_kurt,load_pipeline (invariant)
XJTU-SY,Bearing1_3,42,3σ Rule (σ=3.0),three_sigma,aggregate,1,1.0,2019-01-01 01:31:00,2019-01-01 02:37:00,1.1,1.0333333333333334,0.06666666666666667,,0.9393939393939394,0.0,100.0,True,12,10,3,False,False,terminal,rms_kurt,load_pipeline (invariant)
XJTU-SY,Bearing1_3,42,"EWMA (λ=0.2, k=3.0)",ewma,aggregate,1,1.0,2019-01-01 01:31:00,2019-01-01 02:37:00,1.1,1.0333333333333334,0.06666666666666667,,0.9393939393939394,0.0,100.0,True,12,10,3,False,False,terminal,rms_kurt,load_pipeline (invariant)
XJTU-SY,Bearing1_3,42,"CUSUM (k=0.5, h=5.0)",cusum,aggregate,1,1.0,2019-01-01 01:31:00,2019-01-01 02:37:00,1.1,1.0333333333333334,0.06666666666666667,,0.9393939393939394,0.0,100.0,True,12,10,3,False,False,terminal,rms_kurt,load_pipeline (invariant)
XJTU-SY,Bearing1_3,42,Hotelling T²,hotelling_t2,aggregate,1,1.0,2019-01-01 01:31:00,2019-01-01 02:37:00,1.1,1.0333333333333334,0.06666666666666667,,0.9393939393939394,0.0,100.0,True,12,10,3,False,False,terminal,rms_kurt,load_pipeline (invariant)
XJTU-SY,Bearing1_3,42,Isolation Forest,isolation_forest,aggregate,1,1.0,2019-01-01 01:31:00,2019-01-01 02:37:00,1.1,1.0333333333333334,0.06666666666666667,,0.9393939393939394,0.0,100.0,True,12,10,3,False,False,terminal,rms_kurt,load_pipeline (invariant)
XJTU-SY,Bearing1_3,42,Deep SVDD,deep_svdd,aggregate,1,1.0,2019-01-01 01:31:00,2019-01-01 02:37:00,1.1,0.0,,,0.0,0.0,0.0,False,12,10,3,False,False,terminal,rms_kurt,load_pipeline (invariant)
XJTU-SY,Bearing1_3,42,LSTM-Autoencoder,lstm_ae,aggregate,1,1.0,2019-01-01 01:31:00,2019-01-01 02:37:00,1.1,,,,,,,False,12,10,3,False,False,terminal,rms_kurt,load_pipeline (invariant)
XJTU-SY,Bearing1_3,42,TCN-Autoencoder,tcn,aggregate,1,1.0,2019-01-01 01:31:00,2019-01-01 02:37:00,1.1,,,,,,,False,12,10,3,False,False,terminal,rms_kurt,load_pipeline (invariant)
XJTU-SY,Bearing1_3,42,Transformer-AD,transformer_ad,aggregate,1,1.0,2019-01-01 01:31:00,2019-01-01 02:37:00,1.1,,,,,,,False,12,10,3,False,False,terminal,rms_kurt,load_pipeline (invariant)
XJTU-SY,Bearing1_3,42,RMS-Trend (kσ),rms_trend,aggregate,2,2.0,2019-01-01 01:31:00,2019-01-01 02:37:00,1.1,0.0,,,0.0,0.0,0.0,False,16,5,4,False,False,terminal,rms_kurt,load_pipeline (invariant)
XJTU-SY,Bearing1_3,42,3σ Rule (σ=3.0),three_sigma,aggregate,2,2.0,2019-01-01 01:31:00,2019-01-01 02:37:00,1.1,1.0833333333333333,0.016666666666666666,,0.9848484848484848,0.0,100.0,True,16,5,4,False,False,terminal,rms_kurt,load_pipeline (invariant)
XJTU-SY,Bearing1_3,42,"EWMA (λ=0.2, k=3.0)",ewma,aggregate,2,2.0,2019-01-01 01:31:00,2019-01-01 02:37:00,1.1,1.0166666666666666,0.08333333333333333,,0.9242424242424241,1.0166666666666666,0.0,True,16,5,4,False,False,terminal,rms_kurt,load_pipeline (invariant)
XJTU-SY,Bearing1_3,42,"CUSUM (k=0.5, h=5.0)",cusum,aggregate,2,2.0,2019-01-01 01:31:00,2019-01-01 02:37:00,1.1,1.0166666666666666,0.08333333333333333,,0.9242424242424241,1.0166666666666666,0.0,True,16,5,4,False,False,terminal,rms_kurt,load_pipeline (invariant)
XJTU-SY,Bearing1_3,42,Hotelling T²,hotelling_t2,aggregate,2,2.0,2019-01-01 01:31:00,2019-01-01 02:37:00,1.1,1.0833333333333333,0.016666666666666666,,0.9848484848484848,0.0,100.0,True,16,5,4,False,False,terminal,rms_kurt,load_pipeline (invariant)
XJTU-SY,Bearing1_3,42,Isolation Forest,isolation_forest,aggregate,2,2.0,2019-01-01 01:31:00,2019-01-01 02:37:00,1.1,1.0833333333333333,0.016666666666666666,,0.9848484848484848,0.0,100.0,True,16,5,4,False,False,terminal,rms_kurt,load_pipeline (invariant)
XJTU-SY,Bearing1_3,42,Deep SVDD,deep_svdd,aggregate,2,2.0,2019-01-01 01:31:00,2019-01-01 02:37:00,1.1,0.0,,,0.0,0.0,0.0,False,16,5,4,False,False,terminal,rms_kurt,load_pipeline (invariant)
XJTU-SY,Bearing1_3,42,LSTM-Autoencoder,lstm_ae,aggregate,2,2.0,2019-01-01 01:31:00,2019-01-01 02:37:00,1.1,,,,,,,False,16,5,4,False,False,terminal,rms_kurt,load_pipeline (invariant)
XJTU-SY,Bearing1_3,42,TCN-Autoencoder,tcn,aggregate,2,2.0,2019-01-01 01:31:00,2019-01-01 02:37:00,1.1,,,,,,,False,16,5,4,False,False,terminal,rms_kurt,load_pipeline (invariant)
XJTU-SY,Bearing1_3,42,Transformer-AD,transformer_ad,aggregate,2,2.0,2019-01-01 01:31:00,2019-01-01 02:37:00,1.1,,,,,,,False,16,5,4,False,False,terminal,rms_kurt,load_pipeline (invariant)
XJTU-SY,Bearing1_3,42,RMS-Trend (kσ),rms_trend,aggregate,5,5.0,2019-01-01 01:31:00,2019-01-01 02:37:00,1.1,0.2,0.9,,0.18181818181818182,0.2,0.0,True,12,3,2,True,False,terminal,rms_kurt,load_pipeline (invariant)
XJTU-SY,Bearing1_3,42,3σ Rule (σ=3.0),three_sigma,aggregate,5,5.0,2019-01-01 01:31:00,2019-01-01 02:37:00,1.1,1.0333333333333334,0.06666666666666667,,0.9393939393939394,0.0,100.0,True,12,3,2,True,False,terminal,rms_kurt,load_pipeline (invariant)
XJTU-SY,Bearing1_3,42,"EWMA (λ=0.2, k=3.0)",ewma,aggregate,5,5.0,2019-01-01 01:31:00,2019-01-01 02:37:00,1.1,1.0333333333333334,0.06666666666666667,,0.9393939393939394,0.0,100.0,True,12,3,2,True,False,terminal,rms_kurt,load_pipeline (invariant)
XJTU-SY,Bearing1_3,42,"CUSUM (k=0.5, h=5.0)",cusum,aggregate,5,5.0,2019-01-01 01:31:00,2019-01-01 02:37:00,1.1,1.0333333333333334,0.06666666666666667,,0.9393939393939394,0.0,100.0,True,12,3,2,True,False,terminal,rms_kurt,load_pipeline (invariant)
XJTU-SY,Bearing1_3,42,Hotelling T²,hotelling_t2,aggregate,5,5.0,2019-01-01 01:31:00,2019-01-01 02:37:00,1.1,1.0333333333333334,0.06666666666666667,,0.9393939393939394,0.0,100.0,True,12,3,2,True,False,terminal,rms_kurt,load_pipeline (invariant)
XJTU-SY,Bearing1_3,42,Isolation Forest,isolation_forest,aggregate,5,5.0,2019-01-01 01:31:00,2019-01-01 02:37:00,1.1,1.0333333333333334,0.06666666666666667,,0.9393939393939394,0.0,100.0,True,12,3,2,True,False,terminal,rms_kurt,load_pipeline (invariant)
XJTU-SY,Bearing1_3,42,Deep SVDD,deep_svdd,aggregate,5,5.0,2019-01-01 01:31:00,2019-01-01 02:37:00,1.1,0.0,,,0.0,0.0,0.0,False,12,3,2,True,False,terminal,rms_kurt,load_pipeline (invariant)
XJTU-SY,Bearing1_3,42,LSTM-Autoencoder,lstm_ae,aggregate,5,5.0,2019-01-01 01:31:00,2019-01-01 02:37:00,1.1,,,,,,,False,12,3,2,True,False,terminal,rms_kurt,load_pipeline (invariant)
XJTU-SY,Bearing1_3,42,TCN-Autoencoder,tcn,aggregate,5,5.0,2019-01-01 01:31:00,2019-01-01 02:37:00,1.1,,,,,,,False,12,3,2,True,False,terminal,rms_kurt,load_pipeline (invariant)
XJTU-SY,Bearing1_3,42,Transformer-AD,transformer_ad,aggregate,5,5.0,2019-01-01 01:31:00,2019-01-01 02:37:00,1.1,,,,,,,False,12,3,2,True,False,terminal,rms_kurt,load_pipeline (invariant)
XJTU-SY,Bearing1_3,42,RMS-Trend (kσ),rms_trend,aggregate,10,10.0,2019-01-01 01:31:00,2019-01-01 02:37:00,1.1,0.2833333333333333,0.8166666666666667,0.0,0.25757575757575757,0.2833333333333333,0.0,True,6,3,1,True,False,terminal,rms_kurt,load_pipeline (invariant)
XJTU-SY,Bearing1_3,42,3σ Rule (σ=3.0),three_sigma,aggregate,10,10.0,2019-01-01 01:31:00,2019-01-01 02:37:00,1.1,1.1166666666666667,,100.0,1.0151515151515151,0.0,100.0,False,6,3,1,True,False,terminal,rms_kurt,load_pipeline (invariant)
XJTU-SY,Bearing1_3,42,"EWMA (λ=0.2, k=3.0)",ewma,aggregate,10,10.0,2019-01-01 01:31:00,2019-01-01 02:37:00,1.1,1.1166666666666667,,100.0,1.0151515151515151,0.0,100.0,False,6,3,1,True,False,terminal,rms_kurt,load_pipeline (invariant)
XJTU-SY,Bearing1_3,42,"CUSUM (k=0.5, h=5.0)",cusum,aggregate,10,10.0,2019-01-01 01:31:00,2019-01-01 02:37:00,1.1,1.1166666666666667,,100.0,1.0151515151515151,0.0,100.0,False,6,3,1,True,False,terminal,rms_kurt,load_pipeline (invariant)
XJTU-SY,Bearing1_3,42,Hotelling T²,hotelling_t2,aggregate,10,10.0,2019-01-01 01:31:00,2019-01-01 02:37:00,1.1,1.1166666666666667,,100.0,1.0151515151515151,0.0,100.0,False,6,3,1,True,False,terminal,rms_kurt,load_pipeline (invariant)
XJTU-SY,Bearing1_3,42,Isolation Forest,isolation_forest,aggregate,10,10.0,2019-01-01 01:31:00,2019-01-01 02:37:00,1.1,1.1166666666666667,,100.0,1.0151515151515151,0.0,100.0,False,6,3,1,True,False,terminal,rms_kurt,load_pipeline (invariant)
XJTU-SY,Bearing1_3,42,Deep SVDD,deep_svdd,aggregate,10,10.0,2019-01-01 01:31:00,2019-01-01 02:37:00,1.1,0.2833333333333333,0.8166666666666667,0.0,0.25757575757575757,0.2833333333333333,0.0,True,6,3,1,True,False,terminal,rms_kurt,load_pipeline (invariant)
XJTU-SY,Bearing1_3,42,LSTM-Autoencoder,lstm_ae,aggregate,10,10.0,2019-01-01 01:31:00,2019-01-01 02:37:00,1.1,,,,,,,False,6,3,1,True,False,terminal,rms_kurt,load_pipeline (invariant)
XJTU-SY,Bearing1_3,42,TCN-Autoencoder,tcn,aggregate,10,10.0,2019-01-01 01:31:00,2019-01-01 02:37:00,1.1,,,,,,,False,6,3,1,True,False,terminal,rms_kurt,load_pipeline (invariant)
XJTU-SY,Bearing1_3,42,Transformer-AD,transformer_ad,aggregate,10,10.0,2019-01-01 01:31:00,2019-01-01 02:37:00,1.1,,,,,,,False,6,3,1,True,False,terminal,rms_kurt,load_pipeline (invariant)
XJTU-SY,Bearing1_3,42,RMS-Trend (kσ),rms_trend,decimate,1,1.0,2019-01-01 01:31:00,2019-01-01 02:37:00,1.1,0.0,,,0.0,0.0,0.0,False,12,10,3,False,False,terminal,rms_kurt,load_pipeline (invariant)
XJTU-SY,Bearing1_3,42,3σ Rule (σ=3.0),three_sigma,decimate,1,1.0,2019-01-01 01:31:00,2019-01-01 02:37:00,1.1,1.0333333333333334,0.06666666666666667,,0.9393939393939394,0.0,100.0,True,12,10,3,False,False,terminal,rms_kurt,load_pipeline (invariant)
XJTU-SY,Bearing1_3,42,"EWMA (λ=0.2, k=3.0)",ewma,decimate,1,1.0,2019-01-01 01:31:00,2019-01-01 02:37:00,1.1,1.0333333333333334,0.06666666666666667,,0.9393939393939394,0.0,100.0,True,12,10,3,False,False,terminal,rms_kurt,load_pipeline (invariant)
XJTU-SY,Bearing1_3,42,"CUSUM (k=0.5, h=5.0)",cusum,decimate,1,1.0,2019-01-01 01:31:00,2019-01-01 02:37:00,1.1,1.0333333333333334,0.06666666666666667,,0.9393939393939394,0.0,100.0,True,12,10,3,False,False,terminal,rms_kurt,load_pipeline (invariant)
XJTU-SY,Bearing1_3,42,Hotelling T²,hotelling_t2,decimate,1,1.0,2019-01-01 01:31:00,2019-01-01 02:37:00,1.1,1.0333333333333334,0.06666666666666667,,0.9393939393939394,0.0,100.0,True,12,10,3,False,False,terminal,rms_kurt,load_pipeline (invariant)
XJTU-SY,Bearing1_3,42,Isolation Forest,isolation_forest,decimate,1,1.0,2019-01-01 01:31:00,2019-01-01 02:37:00,1.1,1.0333333333333334,0.06666666666666667,,0.9393939393939394,0.0,100.0,True,12,10,3,False,False,terminal,rms_kurt,load_pipeline (invariant)
XJTU-SY,Bearing1_3,42,Deep SVDD,deep_svdd,decimate,1,1.0,2019-01-01 01:31:00,2019-01-01 02:37:00,1.1,0.0,,,0.0,0.0,0.0,False,12,10,3,False,False,terminal,rms_kurt,load_pipeline (invariant)
XJTU-SY,Bearing1_3,42,LSTM-Autoencoder,lstm_ae,decimate,1,1.0,2019-01-01 01:31:00,2019-01-01 02:37:00,1.1,,,,,,,False,12,10,3,False,False,terminal,rms_kurt,load_pipeline (invariant)
XJTU-SY,Bearing1_3,42,TCN-Autoencoder,tcn,decimate,1,1.0,2019-01-01 01:31:00,2019-01-01 02:37:00,1.1,,,,,,,False,12,10,3,False,False,terminal,rms_kurt,load_pipeline (invariant)
XJTU-SY,Bearing1_3,42,Transformer-AD,transformer_ad,decimate,1,1.0,2019-01-01 01:31:00,2019-01-01 02:37:00,1.1,,,,,,,False,12,10,3,False,False,terminal,rms_kurt,load_pipeline (invariant)
XJTU-SY,Bearing1_3,42,RMS-Trend (kσ),rms_trend,decimate,2,2.0,2019-01-01 01:31:00,2019-01-01 02:37:00,1.1,0.0,,,0.0,0.0,0.0,False,16,5,4,False,False,terminal,rms_kurt,load_pipeline (invariant)
XJTU-SY,Bearing1_3,42,3σ Rule (σ=3.0),three_sigma,decimate,2,2.0,2019-01-01 01:31:00,2019-01-01 02:37:00,1.1,1.0833333333333333,0.016666666666666666,,0.9848484848484848,0.0,100.0,True,16,5,4,False,False,terminal,rms_kurt,load_pipeline (invariant)
XJTU-SY,Bearing1_3,42,"EWMA (λ=0.2, k=3.0)",ewma,decimate,2,2.0,2019-01-01 01:31:00,2019-01-01 02:37:00,1.1,1.0166666666666666,0.08333333333333333,,0.9242424242424241,1.0166666666666666,0.0,True,16,5,4,False,False,terminal,rms_kurt,load_pipeline (invariant)
XJTU-SY,Bearing1_3,42,"CUSUM (k=0.5, h=5.0)",cusum,decimate,2,2.0,2019-01-01 01:31:00,2019-01-01 02:37:00,1.1,1.0166666666666666,0.08333333333333333,,0.9242424242424241,1.0166666666666666,0.0,True,16,5,4,False,False,terminal,rms_kurt,load_pipeline (invariant)
XJTU-SY,Bearing1_3,42,Hotelling T²,hotelling_t2,decimate,2,2.0,2019-01-01 01:31:00,2019-01-01 02:37:00,1.1,1.0833333333333333,0.016666666666666666,,0.9848484848484848,0.0,100.0,True,16,5,4,False,False,terminal,rms_kurt,load_pipeline (invariant)
XJTU-SY,Bearing1_3,42,Isolation Forest,isolation_forest,decimate,2,2.0,2019-01-01 01:31:00,2019-01-01 02:37:00,1.1,1.0833333333333333,0.016666666666666666,,0.9848484848484848,0.0,100.0,True,16,5,4,False,False,terminal,rms_kurt,load_pipeline (invariant)
XJTU-SY,Bearing1_3,42,Deep SVDD,deep_svdd,decimate,2,2.0,2019-01-01 01:31:00,2019-01-01 02:37:00,1.1,0.0,,,0.0,0.0,0.0,False,16,5,4,False,False,terminal,rms_kurt,load_pipeline (invariant)
XJTU-SY,Bearing1_3,42,LSTM-Autoencoder,lstm_ae,decimate,2,2.0,2019-01-01 01:31:00,2019-01-01 02:37:00,1.1,,,,,,,False,16,5,4,False,False,terminal,rms_kurt,load_pipeline (invariant)
XJTU-SY,Bearing1_3,42,TCN-Autoencoder,tcn,decimate,2,2.0,2019-01-01 01:31:00,2019-01-01 02:37:00,1.1,,,,,,,False,16,5,4,False,False,terminal,rms_kurt,load_pipeline (invariant)
XJTU-SY,Bearing1_3,42,Transformer-AD,transformer_ad,decimate,2,2.0,2019-01-01 01:31:00,2019-01-01 02:37:00,1.1,,,,,,,False,16,5,4,False,False,terminal,rms_kurt,load_pipeline (invariant)
XJTU-SY,Bearing1_3,42,RMS-Trend (kσ),rms_trend,decimate,5,5.0,2019-01-01 01:31:00,2019-01-01 02:37:00,1.1,0.0,,,0.0,0.0,0.0,False,12,3,2,True,False,terminal,rms_kurt,load_pipeline (invariant)
XJTU-SY,Bearing1_3,42,3σ Rule (σ=3.0),three_sigma,decimate,5,5.0,2019-01-01 01:31:00,2019-01-01 02:37:00,1.1,1.0333333333333334,0.06666666666666667,,0.9393939393939394,0.0,100.0,True,12,3,2,True,False,terminal,rms_kurt,load_pipeline (invariant)
XJTU-SY,Bearing1_3,42,"EWMA (λ=0.2, k=3.0)",ewma,decimate,5,5.0,2019-01-01 01:31:00,2019-01-01 02:37:00,1.1,1.0333333333333334,0.06666666666666667,,0.9393939393939394,0.0,100.0,True,12,3,2,True,False,terminal,rms_kurt,load_pipeline (invariant)
XJTU-SY,Bearing1_3,42,"CUSUM (k=0.5, h=5.0)",cusum,decimate,5,5.0,2019-01-01 01:31:00,2019-01-01 02:37:00,1.1,1.0333333333333334,0.06666666666666667,,0.9393939393939394,0.0,100.0,True,12,3,2,True,False,terminal,rms_kurt,load_pipeline (invariant)
XJTU-SY,Bearing1_3,42,Hotelling T²,hotelling_t2,decimate,5,5.0,2019-01-01 01:31:00,2019-01-01 02:37:00,1.1,1.0333333333333334,0.06666666666666667,,0.9393939393939394,0.0,100.0,True,12,3,2,True,False,terminal,rms_kurt,load_pipeline (invariant)
XJTU-SY,Bearing1_3,42,Isolation Forest,isolation_forest,decimate,5,5.0,2019-01-01 01:31:00,2019-01-01 02:37:00,1.1,1.0333333333333334,0.06666666666666667,,0.9393939393939394,0.0,100.0,True,12,3,2,True,False,terminal,rms_kurt,load_pipeline (invariant)
XJTU-SY,Bearing1_3,42,Deep SVDD,deep_svdd,decimate,5,5.0,2019-01-01 01:31:00,2019-01-01 02:37:00,1.1,0.0,,,0.0,0.0,0.0,False,12,3,2,True,False,terminal,rms_kurt,load_pipeline (invariant)
XJTU-SY,Bearing1_3,42,LSTM-Autoencoder,lstm_ae,decimate,5,5.0,2019-01-01 01:31:00,2019-01-01 02:37:00,1.1,,,,,,,False,12,3,2,True,False,terminal,rms_kurt,load_pipeline (invariant)
XJTU-SY,Bearing1_3,42,TCN-Autoencoder,tcn,decimate,5,5.0,2019-01-01 01:31:00,2019-01-01 02:37:00,1.1,,,,,,,False,12,3,2,True,False,terminal,rms_kurt,load_pipeline (invariant)
XJTU-SY,Bearing1_3,42,Transformer-AD,transformer_ad,decimate,5,5.0,2019-01-01 01:31:00,2019-01-01 02:37:00,1.1,,,,,,,False,12,3,2,True,False,terminal,rms_kurt,load_pipeline (invariant)
XJTU-SY,Bearing1_3,42,RMS-Trend (kσ),rms_trend,decimate,10,10.0,2019-01-01 01:31:00,2019-01-01 02:37:00,1.1,0.2833333333333333,0.8166666666666667,0.0,0.25757575757575757,0.2833333333333333,0.0,True,6,3,1,True,False,terminal,rms_kurt,load_pipeline (invariant)
XJTU-SY,Bearing1_3,42,3σ Rule (σ=3.0),three_sigma,decimate,10,10.0,2019-01-01 01:31:00,2019-01-01 02:37:00,1.1,1.1166666666666667,,100.0,1.0151515151515151,0.0,100.0,False,6,3,1,True,False,terminal,rms_kurt,load_pipeline (invariant)
XJTU-SY,Bearing1_3,42,"EWMA (λ=0.2, k=3.0)",ewma,decimate,10,10.0,2019-01-01 01:31:00,2019-01-01 02:37:00,1.1,1.1166666666666667,,100.0,1.0151515151515151,0.0,100.0,False,6,3,1,True,False,terminal,rms_kurt,load_pipeline (invariant)
XJTU-SY,Bearing1_3,42,"CUSUM (k=0.5, h=5.0)",cusum,decimate,10,10.0,2019-01-01 01:31:00,2019-01-01 02:37:00,1.1,1.1166666666666667,,100.0,1.0151515151515151,0.0,100.0,False,6,3,1,True,False,terminal,rms_kurt,load_pipeline (invariant)
XJTU-SY,Bearing1_3,42,Hotelling T²,hotelling_t2,decimate,10,10.0,2019-01-01 01:31:00,2019-01-01 02:37:00,1.1,1.1166666666666667,,100.0,1.0151515151515151,0.0,100.0,False,6,3,1,True,False,terminal,rms_kurt,load_pipeline (invariant)
XJTU-SY,Bearing1_3,42,Isolation Forest,isolation_forest,decimate,10,10.0,2019-01-01 01:31:00,2019-01-01 02:37:00,1.1,0.95,0.15,0.0,0.8636363636363635,0.95,0.0,True,6,3,1,True,False,terminal,rms_kurt,load_pipeline (invariant)
XJTU-SY,Bearing1_3,42,Deep SVDD,deep_svdd,decimate,10,10.0,2019-01-01 01:31:00,2019-01-01 02:37:00,1.1,0.2833333333333333,0.8166666666666667,0.0,0.25757575757575757,0.2833333333333333,0.0,True,6,3,1,True,False,terminal,rms_kurt,load_pipeline (invariant)
XJTU-SY,Bearing1_3,42,LSTM-Autoencoder,lstm_ae,decimate,10,10.0,2019-01-01 01:31:00,2019-01-01 02:37:00,1.1,,,,,,,False,6,3,1,True,False,terminal,rms_kurt,load_pipeline (invariant)
XJTU-SY,Bearing1_3,42,TCN-Autoencoder,tcn,decimate,10,10.0,2019-01-01 01:31:00,2019-01-01 02:37:00,1.1,,,,,,,False,6,3,1,True,False,terminal,rms_kurt,load_pipeline (invariant)
XJTU-SY,Bearing1_3,42,Transformer-AD,transformer_ad,decimate,10,10.0,2019-01-01 01:31:00,2019-01-01 02:37:00,1.1,,,,,,,False,6,3,1,True,False,terminal,rms_kurt,load_pipeline (invariant)
XJTU-SY,Bearing1_4,42,RMS-Trend (kσ),rms_trend,aggregate,1,1.0,2019-01-01 01:20:00,2019-01-01 02:01:00,0.68,0.0,,0.0,0.0,0.0,0.0,False,10,10,3,False,False,terminal,rms_kurt,load_pipeline (invariant)
XJTU-SY,Bearing1_4,42,3σ Rule (σ=3.0),three_sigma,aggregate,1,1.0,2019-01-01 01:20:00,2019-01-01 02:01:00,0.68,0.6833333333333333,0.0,0.0,1.0,0.6833333333333333,0.0,True,10,10,3,False,False,terminal,rms_kurt,load_pipeline (invariant)
XJTU-SY,Bearing1_4,42,"EWMA (λ=0.2, k=3.0)",ewma,aggregate,1,1.0,2019-01-01 01:20:00,2019-01-01 02:01:00,0.68,0.7666666666666667,,50.0,1.1219512195121952,0.7666666666666667,0.0,False,10,10,3,False,False,terminal,rms_kurt,load_pipeline (invariant)
XJTU-SY,Bearing1_4,42,"CUSUM (k=0.5, h=5.0)",cusum,aggregate,1,1.0,2019-01-01 01:20:00,2019-01-01 02:01:00,0.68,0.7666666666666667,,50.0,1.1219512195121952,0.7666666666666667,0.0,False,10,10,3,False,False,terminal,rms_kurt,load_pipeline (invariant)
XJTU-SY,Bearing1_4,42,Hotelling T²,hotelling_t2,aggregate,1,1.0,2019-01-01 01:20:00,2019-01-01 02:01:00,0.68,0.85,,100.0,1.2439024390243902,0.0,100.0,False,10,10,3,False,False,terminal,rms_kurt,load_pipeline (invariant)
XJTU-SY,Bearing1_4,42,Isolation Forest,isolation_forest,aggregate,1,1.0,2019-01-01 01:20:00,2019-01-01 02:01:00,0.68,0.6833333333333333,0.0,0.0,1.0,0.6833333333333333,0.0,True,10,10,3,False,False,terminal,rms_kurt,load_pipeline (invariant)
XJTU-SY,Bearing1_4,42,Deep SVDD,deep_svdd,aggregate,1,1.0,2019-01-01 01:20:00,2019-01-01 02:01:00,0.68,0.0,,0.0,0.0,0.0,0.0,False,10,10,3,False,False,terminal,rms_kurt,load_pipeline (invariant)
XJTU-SY,Bearing1_4,42,LSTM-Autoencoder,lstm_ae,aggregate,1,1.0,2019-01-01 01:20:00,2019-01-01 02:01:00,0.68,,,,,,,False,10,10,3,False,False,terminal,rms_kurt,load_pipeline (invariant)
XJTU-SY,Bearing1_4,42,TCN-Autoencoder,tcn,aggregate,1,1.0,2019-01-01 01:20:00,2019-01-01 02:01:00,0.68,,,,,,,False,10,10,3,False,False,terminal,rms_kurt,load_pipeline (invariant)
XJTU-SY,Bearing1_4,42,Transformer-AD,transformer_ad,aggregate,1,1.0,2019-01-01 01:20:00,2019-01-01 02:01:00,0.68,,,,,,,False,10,10,3,False,False,terminal,rms_kurt,load_pipeline (invariant)
XJTU-SY,Bearing1_4,42,RMS-Trend (kσ),rms_trend,aggregate,2,2.0,2019-01-01 01:20:00,2019-01-01 02:01:00,0.68,0.0,,0.0,0.0,0.0,0.0,False,12,5,4,False,False,terminal,rms_kurt,load_pipeline (invariant)
XJTU-SY,Bearing1_4,42,3σ Rule (σ=3.0),three_sigma,aggregate,2,2.0,2019-01-01 01:20:00,2019-01-01 02:01:00,0.68,0.75,,50.0,1.0975609756097562,0.75,0.0,False,12,5,4,False,False,terminal,rms_kurt,load_pipeline (invariant)
XJTU-SY,Bearing1_4,42,"EWMA (λ=0.2, k=3.0)",ewma,aggregate,2,2.0,2019-01-01 01:20:00,2019-01-01 02:01:00,0.68,0.75,,50.0,1.0975609756097562,0.75,0.0,False,12,5,4,False,False,terminal,rms_kurt,load_pipeline (invariant)
XJTU-SY,Bearing1_4,42,"CUSUM (k=0.5, h=5.0)",cusum,aggregate,2,2.0,2019-01-01 01:20:00,2019-01-01 02:01:00,0.68,0.75,,50.0,1.0975609756097562,0.75,0.0,False,12,5,4,False,False,terminal,rms_kurt,load_pipeline (invariant)
XJTU-SY,Bearing1_4,42,Hotelling T²,hotelling_t2,aggregate,2,2.0,2019-01-01 01:20:00,2019-01-01 02:01:00,0.68,0.8166666666666667,,100.0,1.1951219512195121,0.0,100.0,False,12,5,4,False,False,terminal,rms_kurt,load_pipeline (invariant)
XJTU-SY,Bearing1_4,42,Isolation Forest,isolation_forest,aggregate,2,2.0,2019-01-01 01:20:00,2019-01-01 02:01:00,0.68,0.75,,50.0,1.0975609756097562,0.75,0.0,False,12,5,4,False,False,terminal,rms_kurt,load_pipeline (invariant)
XJTU-SY,Bearing1_4,42,Deep SVDD,deep_svdd,aggregate,2,2.0,2019-01-01 01:20:00,2019-01-01 02:01:00,0.68,0.0,,0.0,0.0,0.0,0.0,False,12,5,4,False,False,terminal,rms_kurt,load_pipeline (invariant)
XJTU-SY,Bearing1_4,42,LSTM-Autoencoder,lstm_ae,aggregate,2,2.0,2019-01-01 01:20:00,2019-01-01 02:01:00,0.68,,,,,,,False,12,5,4,False,False,terminal,rms_kurt,load_pipeline (invariant)
XJTU-SY,Bearing1_4,42,TCN-Autoencoder,tcn,aggregate,2,2.0,2019-01-01 01:20:00,2019-01-01 02:01:00,0.68,,,,,,,False,12,5,4,False,False,terminal,rms_kurt,load_pipeline (invariant)
XJTU-SY,Bearing1_4,42,Transformer-AD,transformer_ad,aggregate,2,2.0,2019-01-01 01:20:00,2019-01-01 02:01:00,0.68,,,,,,,False,12,5,4,False,False,terminal,rms_kurt,load_pipeline (invariant)
XJTU-SY,Bearing1_4,42,RMS-Trend (kσ),rms_trend,aggregate,5,5.0,2019-01-01 01:20:00,2019-01-01 02:01:00,0.68,0.0,,0.0,0.0,0.0,0.0,False,10,3,2,True,False,terminal,rms_kurt,load_pipeline (invariant)
XJTU-SY,Bearing1_4,42,3σ Rule (σ=3.0),three_sigma,aggregate,5,5.0,2019-01-01 01:20:00,2019-01-01 02:01:00,0.68,0.7666666666666667,,50.0,1.1219512195121952,0.7666666666666667,0.0,False,10,3,2,True,False,terminal,rms_kurt,load_pipeline (invariant)
XJTU-SY,Bearing1_4,42,"EWMA (λ=0.2, k=3.0)",ewma,aggregate,5,5.0,2019-01-01 01:20:00,2019-01-01 02:01:00,0.68,0.7666666666666667,,50.0,1.1219512195121952,0.7666666666666667,0.0,False,10,3,2,True,False,terminal,rms_kurt,load_pipeline (invariant)
XJTU-SY,Bearing1_4,42,"CUSUM (k=0.5, h=5.0)",cusum,aggregate,5,5.0,2019-01-01 01:20:00,2019-01-01 02:01:00,0.68,0.7666666666666667,,50.0,1.1219512195121952,0.7666666666666667,0.0,False,10,3,2,True,False,terminal,rms_kurt,load_pipeline (invariant)
XJTU-SY,Bearing1_4,42,Hotelling T²,hotelling_t2,aggregate,5,5.0,2019-01-01 01:20:00,2019-01-01 02:01:00,0.68,0.85,,100.0,1.2439024390243902,0.0,100.0,False,10,3,2,True,False,terminal,rms_kurt,load_pipeline (invariant)
XJTU-SY,Bearing1_4,42,Isolation Forest,isolation_forest,aggregate,5,5.0,2019-01-01 01:20:00,2019-01-01 02:01:00,0.68,0.0,,0.0,0.0,0.0,0.0,False,10,3,2,True,False,terminal,rms_kurt,load_pipeline (invariant)
XJTU-SY,Bearing1_4,42,Deep SVDD,deep_svdd,aggregate,5,5.0,2019-01-01 01:20:00,2019-01-01 02:01:00,0.68,0.0,,0.0,0.0,0.0,0.0,False,10,3,2,True,False,terminal,rms_kurt,load_pipeline (invariant)
XJTU-SY,Bearing1_4,42,LSTM-Autoencoder,lstm_ae,aggregate,5,5.0,2019-01-01 01:20:00,2019-01-01 02:01:00,0.68,,,,,,,False,10,3,2,True,False,terminal,rms_kurt,load_pipeline (invariant)
XJTU-SY,Bearing1_4,42,TCN-Autoencoder,tcn,aggregate,5,5.0,2019-01-01 01:20:00,2019-01-01 02:01:00,0.68,,,,,,,False,10,3,2,True,False,terminal,rms_kurt,load_pipeline (invariant)
XJTU-SY,Bearing1_4,42,Transformer-AD,transformer_ad,aggregate,5,5.0,2019-01-01 01:20:00,2019-01-01 02:01:00,0.68,,,,,,,False,10,3,2,True,False,terminal,rms_kurt,load_pipeline (invariant)
XJTU-SY,Bearing1_4,42,RMS-Trend (kσ),rms_trend,aggregate,10,10.0,2019-01-01 01:20:00,2019-01-01 02:01:00,0.68,0.18333333333333332,0.5,0.0,0.26829268292682923,0.18333333333333332,0.0,True,5,3,1,True,False,terminal,rms_kurt,load_pipeline (invariant)
XJTU-SY,Bearing1_4,42,3σ Rule (σ=3.0),three_sigma,aggregate,10,10.0,2019-01-01 01:20:00,2019-01-01 02:01:00,0.68,0.85,,100.0,1.2439024390243902,0.0,100.0,False,5,3,1,True,False,terminal,rms_kurt,load_pipeline (invariant)
XJTU-SY,Bearing1_4,42,"EWMA (λ=0.2, k=3.0)",ewma,aggregate,10,10.0,2019-01-01 01:20:00,2019-01-01 02:01:00,0.68,0.85,,100.0,1.2439024390243902,0.0,100.0,False,5,3,1,True,False,terminal,rms_kurt,load_pipeline (invariant)
XJTU-SY,Bearing1_4,42,"CUSUM (k=0.5, h=5.0)",cusum,aggregate,10,10.0,2019-01-01 01:20:00,2019-01-01 02:01:00,0.68,0.85,,100.0,1.2439024390243902,0.0,100.0,False,5,3,1,True,False,terminal,rms_kurt,load_pipeline (invariant)
XJTU-SY,Bearing1_4,42,Hotelling T²,hotelling_t2,aggregate,10,10.0,2019-01-01 01:20:00,2019-01-01 02:01:00,0.68,0.85,,100.0,1.2439024390243902,0.0,100.0,False,5,3,1,True,False,terminal,rms_kurt,load_pipeline (invariant)
XJTU-SY,Bearing1_4,42,Isolation Forest,isolation_forest,aggregate,10,10.0,2019-01-01 01:20:00,2019-01-01 02:01:00,0.68,0.18333333333333332,0.5,0.0,0.26829268292682923,0.18333333333333332,0.0,True,5,3,1,True,False,terminal,rms_kurt,load_pipeline (invariant)
XJTU-SY,Bearing1_4,42,Deep SVDD,deep_svdd,aggregate,10,10.0,2019-01-01 01:20:00,2019-01-01 02:01:00,0.68,0.18333333333333332,0.5,0.0,0.26829268292682923,0.18333333333333332,0.0,True,5,3,1,True,False,terminal,rms_kurt,load_pipeline (invariant)
XJTU-SY,Bearing1_4,42,LSTM-Autoencoder,lstm_ae,aggregate,10,10.0,2019-01-01 01:20:00,2019-01-01 02:01:00,0.68,,,,,,,False,5,3,1,True,False,terminal,rms_kurt,load_pipeline (invariant)
XJTU-SY,Bearing1_4,42,TCN-Autoencoder,tcn,aggregate,10,10.0,2019-01-01 01:20:00,2019-01-01 02:01:00,0.68,,,,,,,False,5,3,1,True,False,terminal,rms_kurt,load_pipeline (invariant)
XJTU-SY,Bearing1_4,42,Transformer-AD,transformer_ad,aggregate,10,10.0,2019-01-01 01:20:00,2019-01-01 02:01:00,0.68,,,,,,,False,5,3,1,True,False,terminal,rms_kurt,load_pipeline (invariant)
XJTU-SY,Bearing1_4,42,RMS-Trend (kσ),rms_trend,aggregate,20,20.0,2019-01-01 01:20:00,2019-01-01 02:01:00,0.68,0.35,0.3333333333333333,,0.5121951219512195,0.35,0.0,True,2,3,1,True,False,terminal,rms_kurt,load_pipeline (invariant)
XJTU-SY,Bearing1_4,42,3σ Rule (σ=3.0),three_sigma,aggregate,20,20.0,2019-01-01 01:20:00,2019-01-01 02:01:00,0.68,0.6833333333333333,0.0,,1.0,0.0,100.0,True,2,3,1,True,False,terminal,rms_kurt,load_pipeline (invariant)
XJTU-SY,Bearing1_4,42,"EWMA (λ=0.2, k=3.0)",ewma,aggregate,20,20.0,2019-01-01 01:20:00,2019-01-01 02:01:00,0.68,0.6833333333333333,0.0,,1.0,0.0,100.0,True,2,3,1,True,False,terminal,rms_kurt,load_pipeline (invariant)
XJTU-SY,Bearing1_4,42,"CUSUM (k=0.5, h=5.0)",cusum,aggregate,20,20.0,2019-01-01 01:20:00,2019-01-01 02:01:00,0.68,0.6833333333333333,0.0,,1.0,0.0,100.0,True,2,3,1,True,False,terminal,rms_kurt,load_pipeline (invariant)
XJTU-SY,Bearing1_4,42,Hotelling T²,hotelling_t2,aggregate,20,20.0,2019-01-01 01:20:00,2019-01-01 02:01:00,0.68,0.6833333333333333,0.0,,1.0,0.0,100.0,True,2,3,1,True,False,terminal,rms_kurt,load_pipeline (invariant)
XJTU-SY,Bearing1_4,42,Isolation Forest,isolation_forest,aggregate,20,20.0,2019-01-01 01:20:00,2019-01-01 02:01:00,0.68,0.0,,,0.0,0.0,0.0,False,2,3,1,True,False,terminal,rms_kurt,load_pipeline (invariant)
XJTU-SY,Bearing1_4,42,Deep SVDD,deep_svdd,aggregate,20,20.0,2019-01-01 01:20:00,2019-01-01 02:01:00,0.68,0.35,0.3333333333333333,,0.5121951219512195,0.35,0.0,True,2,3,1,True,False,terminal,rms_kurt,load_pipeline (invariant)
XJTU-SY,Bearing1_4,42,LSTM-Autoencoder,lstm_ae,aggregate,20,20.0,2019-01-01 01:20:00,2019-01-01 02:01:00,0.68,,,,,,,False,2,3,1,True,False,terminal,rms_kurt,load_pipeline (invariant)
XJTU-SY,Bearing1_4,42,TCN-Autoencoder,tcn,aggregate,20,20.0,2019-01-01 01:20:00,2019-01-01 02:01:00,0.68,,,,,,,False,2,3,1,True,False,terminal,rms_kurt,load_pipeline (invariant)
XJTU-SY,Bearing1_4,42,Transformer-AD,transformer_ad,aggregate,20,20.0,2019-01-01 01:20:00,2019-01-01 02:01:00,0.68,,,,,,,False,2,3,1,True,False,terminal,rms_kurt,load_pipeline (invariant)
XJTU-SY,Bearing1_4,42,RMS-Trend (kσ),rms_trend,decimate,1,1.0,2019-01-01 01:20:00,2019-01-01 02:01:00,0.68,0.0,,0.0,0.0,0.0,0.0,False,10,10,3,False,False,terminal,rms_kurt,load_pipeline (invariant)
XJTU-SY,Bearing1_4,42,3σ Rule (σ=3.0),three_sigma,decimate,1,1.0,2019-01-01 01:20:00,2019-01-01 02:01:00,0.68,0.6833333333333333,0.0,0.0,1.0,0.6833333333333333,0.0,True,10,10,3,False,False,terminal,rms_kurt,load_pipeline (invariant)
XJTU-SY,Bearing1_4,42,"EWMA (λ=0.2, k=3.0)",ewma,decimate,1,1.0,2019-01-01 01:20:00,2019-01-01 02:01:00,0.68,0.7666666666666667,,50.0,1.1219512195121952,0.7666666666666667,0.0,False,10,10,3,False,False,terminal,rms_kurt,load_pipeline (invariant)
XJTU-SY,Bearing1_4,42,"CUSUM (k=0.5, h=5.0)",cusum,decimate,1,1.0,2019-01-01 01:20:00,2019-01-01 02:01:00,0.68,0.7666666666666667,,50.0,1.1219512195121952,0.7666666666666667,0.0,False,10,10,3,False,False,terminal,rms_kurt,load_pipeline (invariant)
XJTU-SY,Bearing1_4,42,Hotelling T²,hotelling_t2,decimate,1,1.0,2019-01-01 01:20:00,2019-01-01 02:01:00,0.68,0.85,,100.0,1.2439024390243902,0.0,100.0,False,10,10,3,False,False,terminal,rms_kurt,load_pipeline (invariant)
XJTU-SY,Bearing1_4,42,Isolation Forest,isolation_forest,decimate,1,1.0,2019-01-01 01:20:00,2019-01-01 02:01:00,0.68,0.6833333333333333,0.0,0.0,1.0,0.6833333333333333,0.0,True,10,10,3,False,False,terminal,rms_kurt,load_pipeline (invariant)
XJTU-SY,Bearing1_4,42,Deep SVDD,deep_svdd,decimate,1,1.0,2019-01-01 01:20:00,2019-01-01 02:01:00,0.68,0.0,,0.0,0.0,0.0,0.0,False,10,10,3,False,False,terminal,rms_kurt,load_pipeline (invariant)
XJTU-SY,Bearing1_4,42,LSTM-Autoencoder,lstm_ae,decimate,1,1.0,2019-01-01 01:20:00,2019-01-01 02:01:00,0.68,,,,,,,False,10,10,3,False,False,terminal,rms_kurt,load_pipeline (invariant)
XJTU-SY,Bearing1_4,42,TCN-Autoencoder,tcn,decimate,1,1.0,2019-01-01 01:20:00,2019-01-01 02:01:00,0.68,,,,,,,False,10,10,3,False,False,terminal,rms_kurt,load_pipeline (invariant)
XJTU-SY,Bearing1_4,42,Transformer-AD,transformer_ad,decimate,1,1.0,2019-01-01 01:20:00,2019-01-01 02:01:00,0.68,,,,,,,False,10,10,3,False,False,terminal,rms_kurt,load_pipeline (invariant)
XJTU-SY,Bearing1_4,42,RMS-Trend (kσ),rms_trend,decimate,2,2.0,2019-01-01 01:20:00,2019-01-01 02:01:00,0.68,0.0,,0.0,0.0,0.0,0.0,False,12,5,4,False,False,terminal,rms_kurt,load_pipeline (invariant)
XJTU-SY,Bearing1_4,42,3σ Rule (σ=3.0),three_sigma,decimate,2,2.0,2019-01-01 01:20:00,2019-01-01 02:01:00,0.68,0.75,,50.0,1.0975609756097562,0.75,0.0,False,12,5,4,False,False,terminal,rms_kurt,load_pipeline (invariant)
XJTU-SY,Bearing1_4,42,"EWMA (λ=0.2, k=3.0)",ewma,decimate,2,2.0,2019-01-01 01:20:00,2019-01-01 02:01:00,0.68,0.75,,50.0,1.0975609756097562,0.75,0.0,False,12,5,4,False,False,terminal,rms_kurt,load_pipeline (invariant)
XJTU-SY,Bearing1_4,42,"CUSUM (k=0.5, h=5.0)",cusum,decimate,2,2.0,2019-01-01 01:20:00,2019-01-01 02:01:00,0.68,0.75,,50.0,1.0975609756097562,0.75,0.0,False,12,5,4,False,False,terminal,rms_kurt,load_pipeline (invariant)
XJTU-SY,Bearing1_4,42,Hotelling T²,hotelling_t2,decimate,2,2.0,2019-01-01 01:20:00,2019-01-01 02:01:00,0.68,0.8166666666666667,,100.0,1.1951219512195121,0.0,100.0,False,12,5,4,False,False,terminal,rms_kurt,load_pipeline (invariant)
XJTU-SY,Bearing1_4,42,Isolation Forest,isolation_forest,decimate,2,2.0,2019-01-01 01:20:00,2019-01-01 02:01:00,0.68,0.75,,50.0,1.0975609756097562,0.75,0.0,False,12,5,4,False,False,terminal,rms_kurt,load_pipeline (invariant)
XJTU-SY,Bearing1_4,42,Deep SVDD,deep_svdd,decimate,2,2.0,2019-01-01 01:20:00,2019-01-01 02:01:00,0.68,0.0,,0.0,0.0,0.0,0.0,False,12,5,4,False,False,terminal,rms_kurt,load_pipeline (invariant)
XJTU-SY,Bearing1_4,42,LSTM-Autoencoder,lstm_ae,decimate,2,2.0,2019-01-01 01:20:00,2019-01-01 02:01:00,0.68,,,,,,,False,12,5,4,False,False,terminal,rms_kurt,load_pipeline (invariant)
XJTU-SY,Bearing1_4,42,TCN-Autoencoder,tcn,decimate,2,2.0,2019-01-01 01:20:00,2019-01-01 02:01:00,0.68,,,,,,,False,12,5,4,False,False,terminal,rms_kurt,load_pipeline (invariant)
XJTU-SY,Bearing1_4,42,Transformer-AD,transformer_ad,decimate,2,2.0,2019-01-01 01:20:00,2019-01-01 02:01:00,0.68,,,,,,,False,12,5,4,False,False,terminal,rms_kurt,load_pipeline (invariant)
XJTU-SY,Bearing1_4,42,RMS-Trend (kσ),rms_trend,decimate,5,5.0,2019-01-01 01:20:00,2019-01-01 02:01:00,0.68,0.0,,0.0,0.0,0.0,0.0,False,10,3,2,True,False,terminal,rms_kurt,load_pipeline (invariant)
XJTU-SY,Bearing1_4,42,3σ Rule (σ=3.0),three_sigma,decimate,5,5.0,2019-01-01 01:20:00,2019-01-01 02:01:00,0.68,0.0,,0.0,0.0,0.0,0.0,False,10,3,2,True,False,terminal,rms_kurt,load_pipeline (invariant)
XJTU-SY,Bearing1_4,42,"EWMA (λ=0.2, k=3.0)",ewma,decimate,5,5.0,2019-01-01 01:20:00,2019-01-01 02:01:00,0.68,0.7666666666666667,,50.0,1.1219512195121952,0.7666666666666667,0.0,False,10,3,2,True,False,terminal,rms_kurt,load_pipeline (invariant)
XJTU-SY,Bearing1_4,42,"CUSUM (k=0.5, h=5.0)",cusum,decimate,5,5.0,2019-01-01 01:20:00,2019-01-01 02:01:00,0.68,0.7666666666666667,,50.0,1.1219512195121952,0.7666666666666667,0.0,False,10,3,2,True,False,terminal,rms_kurt,load_pipeline (invariant)
XJTU-SY,Bearing1_4,42,Hotelling T²,hotelling_t2,decimate,5,5.0,2019-01-01 01:20:00,2019-01-01 02:01:00,0.68,0.85,,100.0,1.2439024390243902,0.0,100.0,False,10,3,2,True,False,terminal,rms_kurt,load_pipeline (invariant)
XJTU-SY,Bearing1_4,42,Isolation Forest,isolation_forest,decimate,5,5.0,2019-01-01 01:20:00,2019-01-01 02:01:00,0.68,0.7666666666666667,,50.0,1.1219512195121952,0.7666666666666667,0.0,False,10,3,2,True,False,terminal,rms_kurt,load_pipeline (invariant)
XJTU-SY,Bearing1_4,42,Deep SVDD,deep_svdd,decimate,5,5.0,2019-01-01 01:20:00,2019-01-01 02:01:00,0.68,0.5166666666666667,0.16666666666666666,0.0,0.7560975609756098,0.5166666666666667,0.0,True,10,3,2,True,False,terminal,rms_kurt,load_pipeline (invariant)
XJTU-SY,Bearing1_4,42,LSTM-Autoencoder,lstm_ae,decimate,5,5.0,2019-01-01 01:20:00,2019-01-01 02:01:00,0.68,,,,,,,False,10,3,2,True,False,terminal,rms_kurt,load_pipeline (invariant)
XJTU-SY,Bearing1_4,42,TCN-Autoencoder,tcn,decimate,5,5.0,2019-01-01 01:20:00,2019-01-01 02:01:00,0.68,,,,,,,False,10,3,2,True,False,terminal,rms_kurt,load_pipeline (invariant)
XJTU-SY,Bearing1_4,42,Transformer-AD,transformer_ad,decimate,5,5.0,2019-01-01 01:20:00,2019-01-01 02:01:00,0.68,,,,,,,False,10,3,2,True,False,terminal,rms_kurt,load_pipeline (invariant)
XJTU-SY,Bearing1_4,42,RMS-Trend (kσ),rms_trend,decimate,10,10.0,2019-01-01 01:20:00,2019-01-01 02:01:00,0.68,0.6833333333333333,0.0,0.0,1.0,0.6833333333333333,0.0,True,5,3,1,True,False,terminal,rms_kurt,load_pipeline (invariant)
XJTU-SY,Bearing1_4,42,3σ Rule (σ=3.0),three_sigma,decimate,10,10.0,2019-01-01 01:20:00,2019-01-01 02:01:00,0.68,0.85,,100.0,1.2439024390243902,0.0,100.0,False,5,3,1,True,False,terminal,rms_kurt,load_pipeline (invariant)
XJTU-SY,Bearing1_4,42,"EWMA (λ=0.2, k=3.0)",ewma,decimate,10,10.0,2019-01-01 01:20:00,2019-01-01 02:01:00,0.68,0.85,,100.0,1.2439024390243902,0.0,100.0,False,5,3,1,True,False,terminal,rms_kurt,load_pipeline (invariant)
XJTU-SY,Bearing1_4,42,"CUSUM (k=0.5, h=5.0)",cusum,decimate,10,10.0,2019-01-01 01:20:00,2019-01-01 02:01:00,0.68,0.85,,100.0,1.2439024390243902,0.0,100.0,False,5,3,1,True,False,terminal,rms_kurt,load_pipeline (invariant)
XJTU-SY,Bearing1_4,42,Hotelling T²,hotelling_t2,decimate,10,10.0,2019-01-01 01:20:00,2019-01-01 02:01:00,0.68,0.85,,100.0,1.2439024390243902,0.0,100.0,False,5,3,1,True,False,terminal,rms_kurt,load_pipeline (invariant)
XJTU-SY,Bearing1_4,42,Isolation Forest,isolation_forest,decimate,10,10.0,2019-01-01 01:20:00,2019-01-01 02:01:00,0.68,0.0,,0.0,0.0,0.0,0.0,False,5,3,1,True,False,terminal,rms_kurt,load_pipeline (invariant)
XJTU-SY,Bearing1_4,42,Deep SVDD,deep_svdd,decimate,10,10.0,2019-01-01 01:20:00,2019-01-01 02:01:00,0.68,0.5166666666666667,0.16666666666666666,0.0,0.7560975609756098,0.5166666666666667,0.0,True,5,3,1,True,False,terminal,rms_kurt,load_pipeline (invariant)
XJTU-SY,Bearing1_4,42,LSTM-Autoencoder,lstm_ae,decimate,10,10.0,2019-01-01 01:20:00,2019-01-01 02:01:00,0.68,,,,,,,False,5,3,1,True,False,terminal,rms_kurt,load_pipeline (invariant)
XJTU-SY,Bearing1_4,42,TCN-Autoencoder,tcn,decimate,10,10.0,2019-01-01 01:20:00,2019-01-01 02:01:00,0.68,,,,,,,False,5,3,1,True,False,terminal,rms_kurt,load_pipeline (invariant)
XJTU-SY,Bearing1_4,42,Transformer-AD,transformer_ad,decimate,10,10.0,2019-01-01 01:20:00,2019-01-01 02:01:00,0.68,,,,,,,False,5,3,1,True,False,terminal,rms_kurt,load_pipeline (invariant)
XJTU-SY,Bearing1_4,42,RMS-Trend (kσ),rms_trend,decimate,20,20.0,2019-01-01 01:20:00,2019-01-01 02:01:00,0.68,0.6833333333333333,0.0,,1.0,0.0,100.0,True,2,3,1,True,False,terminal,rms_kurt,load_pipeline (invariant)
XJTU-SY,Bearing1_4,42,3σ Rule (σ=3.0),three_sigma,decimate,20,20.0,2019-01-01 01:20:00,2019-01-01 02:01:00,0.68,0.6833333333333333,0.0,,1.0,0.0,100.0,True,2,3,1,True,False,terminal,rms_kurt,load_pipeline (invariant)
XJTU-SY,Bearing1_4,42,"EWMA (λ=0.2, k=3.0)",ewma,decimate,20,20.0,2019-01-01 01:20:00,2019-01-01 02:01:00,0.68,0.6833333333333333,0.0,,1.0,0.0,100.0,True,2,3,1,True,False,terminal,rms_kurt,load_pipeline (invariant)
XJTU-SY,Bearing1_4,42,"CUSUM (k=0.5, h=5.0)",cusum,decimate,20,20.0,2019-01-01 01:20:00,2019-01-01 02:01:00,0.68,0.6833333333333333,0.0,,1.0,0.0,100.0,True,2,3,1,True,False,terminal,rms_kurt,load_pipeline (invariant)
XJTU-SY,Bearing1_4,42,Hotelling T²,hotelling_t2,decimate,20,20.0,2019-01-01 01:20:00,2019-01-01 02:01:00,0.68,0.6833333333333333,0.0,,1.0,0.0,100.0,True,2,3,1,True,False,terminal,rms_kurt,load_pipeline (invariant)
XJTU-SY,Bearing1_4,42,Isolation Forest,isolation_forest,decimate,20,20.0,2019-01-01 01:20:00,2019-01-01 02:01:00,0.68,0.0,,,0.0,0.0,0.0,False,2,3,1,True,False,terminal,rms_kurt,load_pipeline (invariant)
XJTU-SY,Bearing1_4,42,Deep SVDD,deep_svdd,decimate,20,20.0,2019-01-01 01:20:00,2019-01-01 02:01:00,0.68,0.35,0.3333333333333333,,0.5121951219512195,0.35,0.0,True,2,3,1,True,False,terminal,rms_kurt,load_pipeline (invariant)
XJTU-SY,Bearing1_4,42,LSTM-Autoencoder,lstm_ae,decimate,20,20.0,2019-01-01 01:20:00,2019-01-01 02:01:00,0.68,,,,,,,False,2,3,1,True,False,terminal,rms_kurt,load_pipeline (invariant)
XJTU-SY,Bearing1_4,42,TCN-Autoencoder,tcn,decimate,20,20.0,2019-01-01 01:20:00,2019-01-01 02:01:00,0.68,,,,,,,False,2,3,1,True,False,terminal,rms_kurt,load_pipeline (invariant)
XJTU-SY,Bearing1_4,42,Transformer-AD,transformer_ad,decimate,20,20.0,2019-01-01 01:20:00,2019-01-01 02:01:00,0.68,,,,,,,False,2,3,1,True,False,terminal,rms_kurt,load_pipeline (invariant)
XJTU-SY,Bearing1_5,42,RMS-Trend (kσ),rms_trend,aggregate,1,1.0,2019-01-01 00:29:00,2019-01-01 00:51:00,0.37,0.0,,,0.0,0.0,0.0,False,4,10,3,False,False,terminal,rms_kurt,load_pipeline (invariant)
XJTU-SY,Bearing1_5,42,3σ Rule (σ=3.0),three_sigma,aggregate,1,1.0,2019-01-01 00:29:00,2019-01-01 00:51:00,0.37,0.35,0.016666666666666666,,0.9545454545454546,0.0,100.0,True,4,10,3,False,False,terminal,rms_kurt,load_pipeline (invariant)
XJTU-SY,Bearing1_5,42,"EWMA (λ=0.2, k=3.0)",ewma,aggregate,1,1.0,2019-01-01 00:29:00,2019-01-01 00:51:00,0.37,0.35,0.016666666666666666,,0.9545454545454546,0.0,100.0,True,4,10,3,False,False,terminal,rms_kurt,load_pipeline (invariant)
XJTU-SY,Bearing1_5,42,"CUSUM (k=0.5, h=5.0)",cusum,aggregate,1,1.0,2019-01-01 00:29:00,2019-01-01 00:51:00,0.37,0.35,0.016666666666666666,,0.9545454545454546,0.0,100.0,True,4,10,3,False,False,terminal,rms_kurt,load_pipeline (invariant)
XJTU-SY,Bearing1_5,42,Hotelling T²,hotelling_t2,aggregate,1,1.0,2019-01-01 00:29:00,2019-01-01 00:51:00,0.37,0.35,0.016666666666666666,,0.9545454545454546,0.0,100.0,True,4,10,3,False,False,terminal,rms_kurt,load_pipeline (invariant)
XJTU-SY,Bearing1_5,42,Isolation Forest,isolation_forest,aggregate,1,1.0,2019-01-01 00:29:00,2019-01-01 00:51:00,0.37,0.0,,,0.0,0.0,0.0,False,4,10,3,False,False,terminal,rms_kurt,load_pipeline (invariant)
XJTU-SY,Bearing1_5,42,Deep SVDD,deep_svdd,aggregate,1,1.0,2019-01-01 00:29:00,2019-01-01 00:51:00,0.37,0.0,,,0.0,0.0,0.0,False,4,10,3,False,False,terminal,rms_kurt,load_pipeline (invariant)
XJTU-SY,Bearing1_5,42,LSTM-Autoencoder,lstm_ae,aggregate,1,1.0,2019-01-01 00:29:00,2019-01-01 00:51:00,0.37,,,,,,,False,4,10,3,False,False,terminal,rms_kurt,load_pipeline (invariant)
XJTU-SY,Bearing1_5,42,TCN-Autoencoder,tcn,aggregate,1,1.0,2019-01-01 00:29:00,2019-01-01 00:51:00,0.37,,,,,,,False,4,10,3,False,False,terminal,rms_kurt,load_pipeline (invariant)
XJTU-SY,Bearing1_5,42,Transformer-AD,transformer_ad,aggregate,1,1.0,2019-01-01 00:29:00,2019-01-01 00:51:00,0.37,,,,,,,False,4,10,3,False,False,terminal,rms_kurt,load_pipeline (invariant)
XJTU-SY,Bearing1_5,42,RMS-Trend (kσ),rms_trend,aggregate,2,2.0,2019-01-01 00:29:00,2019-01-01 00:51:00,0.37,0.0,,0.0,0.0,0.0,0.0,False,5,5,4,False,False,terminal,rms_kurt,load_pipeline (invariant)
XJTU-SY,Bearing1_5,42,3σ Rule (σ=3.0),three_sigma,aggregate,2,2.0,2019-01-01 00:29:00,2019-01-01 00:51:00,0.37,0.38333333333333336,,100.0,1.0454545454545456,0.0,100.0,False,5,5,4,False,False,terminal,rms_kurt,load_pipeline (invariant)
XJTU-SY,Bearing1_5,42,"EWMA (λ=0.2, k=3.0)",ewma,aggregate,2,2.0,2019-01-01 00:29:00,2019-01-01 00:51:00,0.37,0.38333333333333336,,100.0,1.0454545454545456,0.0,100.0,False,5,5,4,False,False,terminal,rms_kurt,load_pipeline (invariant)
XJTU-SY,Bearing1_5,42,"CUSUM (k=0.5, h=5.0)",cusum,aggregate,2,2.0,2019-01-01 00:29:00,2019-01-01 00:51:00,0.37,0.38333333333333336,,100.0,1.0454545454545456,0.0,100.0,False,5,5,4,False,False,terminal,rms_kurt,load_pipeline (invariant)
XJTU-SY,Bearing1_5,42,Hotelling T²,hotelling_t2,aggregate,2,2.0,2019-01-01 00:29:00,2019-01-01 00:51:00,0.37,0.38333333333333336,,100.0,1.0454545454545456,0.0,100.0,False,5,5,4,False,False,terminal,rms_kurt,load_pipeline (invariant)
XJTU-SY,Bearing1_5,42,Isolation Forest,isolation_forest,aggregate,2,2.0,2019-01-01 00:29:00,2019-01-01 00:51:00,0.37,0.0,,0.0,0.0,0.0,0.0,False,5,5,4,False,False,terminal,rms_kurt,load_pipeline (invariant)
XJTU-SY,Bearing1_5,42,Deep SVDD,deep_svdd,aggregate,2,2.0,2019-01-01 00:29:00,2019-01-01 00:51:00,0.37,0.0,,0.0,0.0,0.0,0.0,False,5,5,4,False,False,terminal,rms_kurt,load_pipeline (invariant)
XJTU-SY,Bearing1_5,42,LSTM-Autoencoder,lstm_ae,aggregate,2,2.0,2019-01-01 00:29:00,2019-01-01 00:51:00,0.37,,,,,,,False,5,5,4,False,False,terminal,rms_kurt,load_pipeline (invariant)
XJTU-SY,Bearing1_5,42,TCN-Autoencoder,tcn,aggregate,2,2.0,2019-01-01 00:29:00,2019-01-01 00:51:00,0.37,,,,,,,False,5,5,4,False,False,terminal,rms_kurt,load_pipeline (invariant)
XJTU-SY,Bearing1_5,42,Transformer-AD,transformer_ad,aggregate,2,2.0,2019-01-01 00:29:00,2019-01-01 00:51:00,0.37,,,,,,,False,5,5,4,False,False,terminal,rms_kurt,load_pipeline (invariant)
XJTU-SY,Bearing1_5,42,RMS-Trend (kσ),rms_trend,aggregate,5,5.0,2019-01-01 00:29:00,2019-01-01 00:51:00,0.37,0.0,,,0.0,0.0,0.0,False,4,3,2,True,False,terminal,rms_kurt,load_pipeline (invariant)
XJTU-SY,Bearing1_5,42,3σ Rule (σ=3.0),three_sigma,aggregate,5,5.0,2019-01-01 00:29:00,2019-01-01 00:51:00,0.37,0.35,0.016666666666666666,,0.9545454545454546,0.0,100.0,True,4,3,2,True,False,terminal,rms_kurt,load_pipeline (invariant)
XJTU-SY,Bearing1_5,42,"EWMA (λ=0.2, k=3.0)",ewma,aggregate,5,5.0,2019-01-01 00:29:00,2019-01-01 00:51:00,0.37,0.35,0.016666666666666666,,0.9545454545454546,0.0,100.0,True,4,3,2,True,False,terminal,rms_kurt,load_pipeline (invariant)
XJTU-SY,Bearing1_5,42,"CUSUM (k=0.5, h=5.0)",cusum,aggregate,5,5.0,2019-01-01 00:29:00,2019-01-01 00:51:00,0.37,0.35,0.016666666666666666,,0.9545454545454546,0.0,100.0,True,4,3,2,True,False,terminal,rms_kurt,load_pipeline (invariant)
XJTU-SY,Bearing1_5,42,Hotelling T²,hotelling_t2,aggregate,5,5.0,2019-01-01 00:29:00,2019-01-01 00:51:00,0.37,0.35,0.016666666666666666,,0.9545454545454546,0.0,100.0,True,4,3,2,True,False,terminal,rms_kurt,load_pipeline (invariant)
XJTU-SY,Bearing1_5,42,Isolation Forest,isolation_forest,aggregate,5,5.0,2019-01-01 00:29:00,2019-01-01 00:51:00,0.37,0.0,,,0.0,0.0,0.0,False,4,3,2,True,False,terminal,rms_kurt,load_pipeline (invariant)
XJTU-SY,Bearing1_5,42,Deep SVDD,deep_svdd,aggregate,5,5.0,2019-01-01 00:29:00,2019-01-01 00:51:00,0.37,0.0,,,0.0,0.0,0.0,False,4,3,2,True,False,terminal,rms_kurt,load_pipeline (invariant)
XJTU-SY,Bearing1_5,42,LSTM-Autoencoder,lstm_ae,aggregate,5,5.0,2019-01-01 00:29:00,2019-01-01 00:51:00,0.37,,,,,,,False,4,3,2,True,False,terminal,rms_kurt,load_pipeline (invariant)
XJTU-SY,Bearing1_5,42,TCN-Autoencoder,tcn,aggregate,5,5.0,2019-01-01 00:29:00,2019-01-01 00:51:00,0.37,,,,,,,False,4,3,2,True,False,terminal,rms_kurt,load_pipeline (invariant)
XJTU-SY,Bearing1_5,42,Transformer-AD,transformer_ad,aggregate,5,5.0,2019-01-01 00:29:00,2019-01-01 00:51:00,0.37,,,,,,,False,4,3,2,True,False,terminal,rms_kurt,load_pipeline (invariant)
XJTU-SY,Bearing1_5,42,RMS-Trend (kσ),rms_trend,decimate,1,1.0,2019-01-01 00:29:00,2019-01-01 00:51:00,0.37,0.0,,,0.0,0.0,0.0,False,4,10,3,False,False,terminal,rms_kurt,load_pipeline (invariant)
XJTU-SY,Bearing1_5,42,3σ Rule (σ=3.0),three_sigma,decimate,1,1.0,2019-01-01 00:29:00,2019-01-01 00:51:00,0.37,0.35,0.016666666666666666,,0.9545454545454546,0.0,100.0,True,4,10,3,False,False,terminal,rms_kurt,load_pipeline (invariant)
XJTU-SY,Bearing1_5,42,"EWMA (λ=0.2, k=3.0)",ewma,decimate,1,1.0,2019-01-01 00:29:00,2019-01-01 00:51:00,0.37,0.35,0.016666666666666666,,0.9545454545454546,0.0,100.0,True,4,10,3,False,False,terminal,rms_kurt,load_pipeline (invariant)
XJTU-SY,Bearing1_5,42,"CUSUM (k=0.5, h=5.0)",cusum,decimate,1,1.0,2019-01-01 00:29:00,2019-01-01 00:51:00,0.37,0.35,0.016666666666666666,,0.9545454545454546,0.0,100.0,True,4,10,3,False,False,terminal,rms_kurt,load_pipeline (invariant)
XJTU-SY,Bearing1_5,42,Hotelling T²,hotelling_t2,decimate,1,1.0,2019-01-01 00:29:00,2019-01-01 00:51:00,0.37,0.35,0.016666666666666666,,0.9545454545454546,0.0,100.0,True,4,10,3,False,False,terminal,rms_kurt,load_pipeline (invariant)
XJTU-SY,Bearing1_5,42,Isolation Forest,isolation_forest,decimate,1,1.0,2019-01-01 00:29:00,2019-01-01 00:51:00,0.37,0.0,,,0.0,0.0,0.0,False,4,10,3,False,False,terminal,rms_kurt,load_pipeline (invariant)
XJTU-SY,Bearing1_5,42,Deep SVDD,deep_svdd,decimate,1,1.0,2019-01-01 00:29:00,2019-01-01 00:51:00,0.37,0.0,,,0.0,0.0,0.0,False,4,10,3,False,False,terminal,rms_kurt,load_pipeline (invariant)
XJTU-SY,Bearing1_5,42,LSTM-Autoencoder,lstm_ae,decimate,1,1.0,2019-01-01 00:29:00,2019-01-01 00:51:00,0.37,,,,,,,False,4,10,3,False,False,terminal,rms_kurt,load_pipeline (invariant)
XJTU-SY,Bearing1_5,42,TCN-Autoencoder,tcn,decimate,1,1.0,2019-01-01 00:29:00,2019-01-01 00:51:00,0.37,,,,,,,False,4,10,3,False,False,terminal,rms_kurt,load_pipeline (invariant)
XJTU-SY,Bearing1_5,42,Transformer-AD,transformer_ad,decimate,1,1.0,2019-01-01 00:29:00,2019-01-01 00:51:00,0.37,,,,,,,False,4,10,3,False,False,terminal,rms_kurt,load_pipeline (invariant)
XJTU-SY,Bearing1_5,42,RMS-Trend (kσ),rms_trend,decimate,2,2.0,2019-01-01 00:29:00,2019-01-01 00:51:00,0.37,0.0,,0.0,0.0,0.0,0.0,False,5,5,4,False,False,terminal,rms_kurt,load_pipeline (invariant)
XJTU-SY,Bearing1_5,42,3σ Rule (σ=3.0),three_sigma,decimate,2,2.0,2019-01-01 00:29:00,2019-01-01 00:51:00,0.37,0.38333333333333336,,100.0,1.0454545454545456,0.0,100.0,False,5,5,4,False,False,terminal,rms_kurt,load_pipeline (invariant)
XJTU-SY,Bearing1_5,42,"EWMA (λ=0.2, k=3.0)",ewma,decimate,2,2.0,2019-01-01 00:29:00,2019-01-01 00:51:00,0.37,0.38333333333333336,,100.0,1.0454545454545456,0.0,100.0,False,5,5,4,False,False,terminal,rms_kurt,load_pipeline (invariant)
XJTU-SY,Bearing1_5,42,"CUSUM (k=0.5, h=5.0)",cusum,decimate,2,2.0,2019-01-01 00:29:00,2019-01-01 00:51:00,0.37,0.38333333333333336,,100.0,1.0454545454545456,0.0,100.0,False,5,5,4,False,False,terminal,rms_kurt,load_pipeline (invariant)
XJTU-SY,Bearing1_5,42,Hotelling T²,hotelling_t2,decimate,2,2.0,2019-01-01 00:29:00,2019-01-01 00:51:00,0.37,0.38333333333333336,,100.0,1.0454545454545456,0.0,100.0,False,5,5,4,False,False,terminal,rms_kurt,load_pipeline (invariant)
XJTU-SY,Bearing1_5,42,Isolation Forest,isolation_forest,decimate,2,2.0,2019-01-01 00:29:00,2019-01-01 00:51:00,0.37,0.38333333333333336,,100.0,1.0454545454545456,0.0,100.0,False,5,5,4,False,False,terminal,rms_kurt,load_pipeline (invariant)
XJTU-SY,Bearing1_5,42,Deep SVDD,deep_svdd,decimate,2,2.0,2019-01-01 00:29:00,2019-01-01 00:51:00,0.37,0.0,,0.0,0.0,0.0,0.0,False,5,5,4,False,False,terminal,rms_kurt,load_pipeline (invariant)
XJTU-SY,Bearing1_5,42,LSTM-Autoencoder,lstm_ae,decimate,2,2.0,2019-01-01 00:29:00,2019-01-01 00:51:00,0.37,,,,,,,False,5,5,4,False,False,terminal,rms_kurt,load_pipeline (invariant)
XJTU-SY,Bearing1_5,42,TCN-Autoencoder,tcn,decimate,2,2.0,2019-01-01 00:29:00,2019-01-01 00:51:00,0.37,,,,,,,False,5,5,4,False,False,terminal,rms_kurt,load_pipeline (invariant)
XJTU-SY,Bearing1_5,42,Transformer-AD,transformer_ad,decimate,2,2.0,2019-01-01 00:29:00,2019-01-01 00:51:00,0.37,,,,,,,False,5,5,4,False,False,terminal,rms_kurt,load_pipeline (invariant)
XJTU-SY,Bearing1_5,42,RMS-Trend (kσ),rms_trend,decimate,5,5.0,2019-01-01 00:29:00,2019-01-01 00:51:00,0.37,0.0,,,0.0,0.0,0.0,False,4,3,2,True,False,terminal,rms_kurt,load_pipeline (invariant)
XJTU-SY,Bearing1_5,42,3σ Rule (σ=3.0),three_sigma,decimate,5,5.0,2019-01-01 00:29:00,2019-01-01 00:51:00,0.37,0.35,0.016666666666666666,,0.9545454545454546,0.0,100.0,True,4,3,2,True,False,terminal,rms_kurt,load_pipeline (invariant)
XJTU-SY,Bearing1_5,42,"EWMA (λ=0.2, k=3.0)",ewma,decimate,5,5.0,2019-01-01 00:29:00,2019-01-01 00:51:00,0.37,0.35,0.016666666666666666,,0.9545454545454546,0.0,100.0,True,4,3,2,True,False,terminal,rms_kurt,load_pipeline (invariant)
XJTU-SY,Bearing1_5,42,"CUSUM (k=0.5, h=5.0)",cusum,decimate,5,5.0,2019-01-01 00:29:00,2019-01-01 00:51:00,0.37,0.35,0.016666666666666666,,0.9545454545454546,0.0,100.0,True,4,3,2,True,False,terminal,rms_kurt,load_pipeline (invariant)
XJTU-SY,Bearing1_5,42,Hotelling T²,hotelling_t2,decimate,5,5.0,2019-01-01 00:29:00,2019-01-01 00:51:00,0.37,0.35,0.016666666666666666,,0.9545454545454546,0.0,100.0,True,4,3,2,True,False,terminal,rms_kurt,load_pipeline (invariant)
XJTU-SY,Bearing1_5,42,Isolation Forest,isolation_forest,decimate,5,5.0,2019-01-01 00:29:00,2019-01-01 00:51:00,0.37,0.35,0.016666666666666666,,0.9545454545454546,0.0,100.0,True,4,3,2,True,False,terminal,rms_kurt,load_pipeline (invariant)
XJTU-SY,Bearing1_5,42,Deep SVDD,deep_svdd,decimate,5,5.0,2019-01-01 00:29:00,2019-01-01 00:51:00,0.37,0.0,,,0.0,0.0,0.0,False,4,3,2,True,False,terminal,rms_kurt,load_pipeline (invariant)
XJTU-SY,Bearing1_5,42,LSTM-Autoencoder,lstm_ae,decimate,5,5.0,2019-01-01 00:29:00,2019-01-01 00:51:00,0.37,,,,,,,False,4,3,2,True,False,terminal,rms_kurt,load_pipeline (invariant)
XJTU-SY,Bearing1_5,42,TCN-Autoencoder,tcn,decimate,5,5.0,2019-01-01 00:29:00,2019-01-01 00:51:00,0.37,,,,,,,False,4,3,2,True,False,terminal,rms_kurt,load_pipeline (invariant)
XJTU-SY,Bearing1_5,42,Transformer-AD,transformer_ad,decimate,5,5.0,2019-01-01 00:29:00,2019-01-01 00:51:00,0.37,,,,,,,False,4,3,2,True,False,terminal,rms_kurt,load_pipeline (invariant)
XJTU-SY,Bearing2_1,42,RMS-Trend (kσ),rms_trend,aggregate,1,1.0,2019-01-01 07:32:00,2019-01-01 08:10:00,0.63,0.0,,0.0,0.0,0.0,0.0,False,39,10,3,False,False,terminal,rms_kurt,load_pipeline (invariant)
XJTU-SY,Bearing2_1,42,3σ Rule (σ=3.0),three_sigma,aggregate,1,1.0,2019-01-01 07:32:00,2019-01-01 08:10:00,0.63,0.6666666666666666,,3.125,1.0526315789473684,0.6666666666666666,0.0,True,39,10,3,False,False,terminal,rms_kurt,load_pipeline (invariant)
XJTU-SY,Bearing2_1,42,"EWMA (λ=0.2, k=3.0)",ewma,aggregate,1,1.0,2019-01-01 07:32:00,2019-01-01 08:10:00,0.63,0.6666666666666666,,3.125,1.0526315789473684,0.6666666666666666,0.0,True,39,10,3,False,False,terminal,rms_kurt,load_pipeline (invariant)
XJTU-SY,Bearing2_1,42,"CUSUM (k=0.5, h=5.0)",cusum,aggregate,1,1.0,2019-01-01 07:32:00,2019-01-01 08:10:00,0.63,0.6666666666666666,,3.125,1.0526315789473684,0.6666666666666666,0.0,True,39,10,3,False,False,terminal,rms_kurt,load_pipeline (invariant)
XJTU-SY,Bearing2_1,42,Hotelling T²,hotelling_t2,aggregate,1,1.0,2019-01-01 07:32:00,2019-01-01 08:10:00,0.63,1.4166666666666667,,18.75,2.236842105263158,1.4166666666666667,0.0,False,39,10,3,False,False,terminal,rms_kurt,load_pipeline (invariant)
XJTU-SY,Bearing2_1,42,Isolation Forest,isolation_forest,aggregate,1,1.0,2019-01-01 07:32:00,2019-01-01 08:10:00,0.63,0.6666666666666666,,3.125,1.0526315789473684,0.6666666666666666,0.0,True,39,10,3,False,False,terminal,rms_kurt,load_pipeline (invariant)
XJTU-SY,Bearing2_1,42,Deep SVDD,deep_svdd,aggregate,1,1.0,2019-01-01 07:32:00,2019-01-01 08:10:00,0.63,0.0,,0.0,0.0,0.0,0.0,False,39,10,3,False,False,terminal,rms_kurt,load_pipeline (invariant)
XJTU-SY,Bearing2_1,42,LSTM-Autoencoder,lstm_ae,aggregate,1,1.0,2019-01-01 07:32:00,2019-01-01 08:10:00,0.63,3.25,,100.0,5.131578947368421,0.0,100.0,False,39,10,3,False,False,terminal,rms_kurt,load_pipeline (invariant)
XJTU-SY,Bearing2_1,42,TCN-Autoencoder,tcn,aggregate,1,1.0,2019-01-01 07:32:00,2019-01-01 08:10:00,0.63,3.25,,100.0,5.131578947368421,0.0,100.0,False,39,10,3,False,False,terminal,rms_kurt,load_pipeline (invariant)
XJTU-SY,Bearing2_1,42,Transformer-AD,transformer_ad,aggregate,1,1.0,2019-01-01 07:32:00,2019-01-01 08:10:00,0.63,3.25,,100.0,5.131578947368421,0.0,100.0,False,39,10,3,False,False,terminal,rms_kurt,load_pipeline (invariant)
XJTU-SY,Bearing2_1,42,RMS-Trend (kσ),rms_trend,aggregate,2,2.0,2019-01-01 07:32:00,2019-01-01 08:10:00,0.63,0.0,,0.0,0.0,0.0,0.0,False,49,5,4,False,False,terminal,rms_kurt,load_pipeline (invariant)
XJTU-SY,Bearing2_1,42,3σ Rule (σ=3.0),three_sigma,aggregate,2,2.0,2019-01-01 07:32:00,2019-01-01 08:10:00,0.63,0.7,,2.5,1.1052631578947367,0.7,0.0,True,49,5,4,False,False,terminal,rms_kurt,load_pipeline (invariant)
XJTU-SY,Bearing2_1,42,"EWMA (λ=0.2, k=3.0)",ewma,aggregate,2,2.0,2019-01-01 07:32:00,2019-01-01 08:10:00,0.63,0.7,,2.5,1.1052631578947367,0.7,0.0,True,49,5,4,False,False,terminal,rms_kurt,load_pipeline (invariant)
XJTU-SY,Bearing2_1,42,"CUSUM (k=0.5, h=5.0)",cusum,aggregate,2,2.0,2019-01-01 07:32:00,2019-01-01 08:10:00,0.63,0.7,,2.5,1.1052631578947367,0.7,0.0,True,49,5,4,False,False,terminal,rms_kurt,load_pipeline (invariant)
XJTU-SY,Bearing2_1,42,Hotelling T²,hotelling_t2,aggregate,2,2.0,2019-01-01 07:32:00,2019-01-01 08:10:00,0.63,1.5,,17.5,2.368421052631579,1.5,0.0,False,49,5,4,False,False,terminal,rms_kurt,load_pipeline (invariant)
XJTU-SY,Bearing2_1,42,Isolation Forest,isolation_forest,aggregate,2,2.0,2019-01-01 07:32:00,2019-01-01 08:10:00,0.63,0.7,,2.5,1.1052631578947367,0.7,0.0,True,49,5,4,False,False,terminal,rms_kurt,load_pipeline (invariant)
XJTU-SY,Bearing2_1,42,Deep SVDD,deep_svdd,aggregate,2,2.0,2019-01-01 07:32:00,2019-01-01 08:10:00,0.63,0.0,,0.0,0.0,0.0,0.0,False,49,5,4,False,False,terminal,rms_kurt,load_pipeline (invariant)
XJTU-SY,Bearing2_1,42,LSTM-Autoencoder,lstm_ae,aggregate,2,2.0,2019-01-01 07:32:00,2019-01-01 08:10:00,0.63,1.3,,25.0,2.0526315789473686,1.3,0.0,False,49,5,4,False,False,terminal,rms_kurt,load_pipeline (invariant)
XJTU-SY,Bearing2_1,42,TCN-Autoencoder,tcn,aggregate,2,2.0,2019-01-01 07:32:00,2019-01-01 08:10:00,0.63,3.3,,100.0,5.2105263157894735,0.0,100.0,False,49,5,4,False,False,terminal,rms_kurt,load_pipeline (invariant)
XJTU-SY,Bearing2_1,42,Transformer-AD,transformer_ad,aggregate,2,2.0,2019-01-01 07:32:00,2019-01-01 08:10:00,0.63,3.3,,100.0,5.2105263157894735,0.0,100.0,False,49,5,4,False,False,terminal,rms_kurt,load_pipeline (invariant)
XJTU-SY,Bearing2_1,42,RMS-Trend (kσ),rms_trend,aggregate,5,5.0,2019-01-01 07:32:00,2019-01-01 08:10:00,0.63,0.0,,0.0,0.0,0.0,0.0,False,39,3,2,True,False,terminal,rms_kurt,load_pipeline (invariant)
XJTU-SY,Bearing2_1,42,3σ Rule (σ=3.0),three_sigma,aggregate,5,5.0,2019-01-01 07:32:00,2019-01-01 08:10:00,0.63,0.75,,6.25,1.1842105263157896,0.75,0.0,True,39,3,2,True,False,terminal,rms_kurt,load_pipeline (invariant)
XJTU-SY,Bearing2_1,42,"EWMA (λ=0.2, k=3.0)",ewma,aggregate,5,5.0,2019-01-01 07:32:00,2019-01-01 08:10:00,0.63,0.75,,6.25,1.1842105263157896,0.75,0.0,True,39,3,2,True,False,terminal,rms_kurt,load_pipeline (invariant)
XJTU-SY,Bearing2_1,42,"CUSUM (k=0.5, h=5.0)",cusum,aggregate,5,5.0,2019-01-01 07:32:00,2019-01-01 08:10:00,0.63,0.75,,6.25,1.1842105263157896,0.75,0.0,True,39,3,2,True,False,terminal,rms_kurt,load_pipeline (invariant)
XJTU-SY,Bearing2_1,42,Hotelling T²,hotelling_t2,aggregate,5,5.0,2019-01-01 07:32:00,2019-01-01 08:10:00,0.63,2.0833333333333335,,46.875,3.2894736842105265,2.0833333333333335,0.0,False,39,3,2,True,False,terminal,rms_kurt,load_pipeline (invariant)
XJTU-SY,Bearing2_1,42,Isolation Forest,isolation_forest,aggregate,5,5.0,2019-01-01 07:32:00,2019-01-01 08:10:00,0.63,0.75,,6.25,1.1842105263157896,0.75,0.0,True,39,3,2,True,False,terminal,rms_kurt,load_pipeline (invariant)
XJTU-SY,Bearing2_1,42,Deep SVDD,deep_svdd,aggregate,5,5.0,2019-01-01 07:32:00,2019-01-01 08:10:00,0.63,0.0,,0.0,0.0,0.0,0.0,False,39,3,2,True,False,terminal,rms_kurt,load_pipeline (invariant)
XJTU-SY,Bearing2_1,42,LSTM-Autoencoder,lstm_ae,aggregate,5,5.0,2019-01-01 07:32:00,2019-01-01 08:10:00,0.63,3.25,,100.0,5.131578947368421,0.0,100.0,False,39,3,2,True,False,terminal,rms_kurt,load_pipeline (invariant)
XJTU-SY,Bearing2_1,42,TCN-Autoencoder,tcn,aggregate,5,5.0,2019-01-01 07:32:00,2019-01-01 08:10:00,0.63,3.25,,100.0,5.131578947368421,0.0,100.0,False,39,3,2,True,False,terminal,rms_kurt,load_pipeline (invariant)
XJTU-SY,Bearing2_1,42,Transformer-AD,transformer_ad,aggregate,5,5.0,2019-01-01 07:32:00,2019-01-01 08:10:00,0.63,3.25,,100.0,5.131578947368421,0.0,100.0,False,39,3,2,True,False,terminal,rms_kurt,load_pipeline (invariant)
XJTU-SY,Bearing2_1,42,RMS-Trend (kσ),rms_trend,aggregate,10,10.0,2019-01-01 07:32:00,2019-01-01 08:10:00,0.63,0.16666666666666666,0.4666666666666667,0.0,0.2631578947368421,0.16666666666666666,0.0,True,20,3,1,True,False,terminal,rms_kurt,load_pipeline (invariant)
XJTU-SY,Bearing2_1,42,3σ Rule (σ=3.0),three_sigma,aggregate,10,10.0,2019-01-01 07:32:00,2019-01-01 08:10:00,0.63,0.8333333333333334,,11.76470588235294,1.3157894736842106,0.8333333333333334,0.0,False,20,3,1,True,False,terminal,rms_kurt,load_pipeline (invariant)
XJTU-SY,Bearing2_1,42,"EWMA (λ=0.2, k=3.0)",ewma,aggregate,10,10.0,2019-01-01 07:32:00,2019-01-01 08:10:00,0.63,0.8333333333333334,,11.76470588235294,1.3157894736842106,0.8333333333333334,0.0,False,20,3,1,True,False,terminal,rms_kurt,load_pipeline (invariant)
XJTU-SY,Bearing2_1,42,"CUSUM (k=0.5, h=5.0)",cusum,aggregate,10,10.0,2019-01-01 07:32:00,2019-01-01 08:10:00,0.63,0.8333333333333334,,11.76470588235294,1.3157894736842106,0.8333333333333334,0.0,False,20,3,1,True,False,terminal,rms_kurt,load_pipeline (invariant)
XJTU-SY,Bearing2_1,42,Hotelling T²,hotelling_t2,aggregate,10,10.0,2019-01-01 07:32:00,2019-01-01 08:10:00,0.63,3.0,,88.23529411764706,4.736842105263158,3.0,0.0,False,20,3,1,True,False,terminal,rms_kurt,load_pipeline (invariant)
XJTU-SY,Bearing2_1,42,Isolation Forest,isolation_forest,aggregate,10,10.0,2019-01-01 07:32:00,2019-01-01 08:10:00,0.63,0.8333333333333334,,11.76470588235294,1.3157894736842106,0.8333333333333334,0.0,False,20,3,1,True,False,terminal,rms_kurt,load_pipeline (invariant)
XJTU-SY,Bearing2_1,42,Deep SVDD,deep_svdd,aggregate,10,10.0,2019-01-01 07:32:00,2019-01-01 08:10:00,0.63,0.16666666666666666,0.4666666666666667,0.0,0.2631578947368421,0.16666666666666666,0.0,True,20,3,1,True,False,terminal,rms_kurt,load_pipeline (invariant)
XJTU-SY,Bearing2_1,42,LSTM-Autoencoder,lstm_ae,aggregate,10,10.0,2019-01-01 07:32:00,2019-01-01 08:10:00,0.63,,,,,,,False,20,3,1,True,False,terminal,rms_kurt,load_pipeline (invariant)
XJTU-SY,Bearing2_1,42,TCN-Autoencoder,tcn,aggregate,10,10.0,2019-01-01 07:32:00,2019-01-01 08:10:00,0.63,,,,,,,False,20,3,1,True,False,terminal,rms_kurt,load_pipeline (invariant)
XJTU-SY,Bearing2_1,42,Transformer-AD,transformer_ad,aggregate,10,10.0,2019-01-01 07:32:00,2019-01-01 08:10:00,0.63,,,,,,,False,20,3,1,True,False,terminal,rms_kurt,load_pipeline (invariant)
XJTU-SY,Bearing2_1,42,RMS-Trend (kσ),rms_trend,aggregate,20,20.0,2019-01-01 07:32:00,2019-01-01 08:10:00,0.63,0.5,0.13333333333333333,0.0,0.7894736842105263,0.5,0.0,True,10,3,1,True,False,terminal,rms_kurt,load_pipeline (invariant)
XJTU-SY,Bearing2_1,42,3σ Rule (σ=3.0),three_sigma,aggregate,20,20.0,2019-01-01 07:32:00,2019-01-01 08:10:00,0.63,1.1666666666666667,,22.22222222222222,1.842105263157895,1.1666666666666667,0.0,False,10,3,1,True,False,terminal,rms_kurt,load_pipeline (invariant)
XJTU-SY,Bearing2_1,42,"EWMA (λ=0.2, k=3.0)",ewma,aggregate,20,20.0,2019-01-01 07:32:00,2019-01-01 08:10:00,0.63,1.8333333333333333,,44.44444444444444,2.8947368421052633,1.8333333333333333,0.0,False,10,3,1,True,False,terminal,rms_kurt,load_pipeline (invariant)
XJTU-SY,Bearing2_1,42,"CUSUM (k=0.5, h=5.0)",cusum,aggregate,20,20.0,2019-01-01 07:32:00,2019-01-01 08:10:00,0.63,1.5,,33.33333333333333,2.368421052631579,1.5,0.0,False,10,3,1,True,False,terminal,rms_kurt,load_pipeline (invariant)
XJTU-SY,Bearing2_1,42,Hotelling T²,hotelling_t2,aggregate,20,20.0,2019-01-01 07:32:00,2019-01-01 08:10:00,0.63,3.5,,100.0,5.526315789473684,0.0,100.0,False,10,3,1,True,False,terminal,rms_kurt,load_pipeline (invariant)
XJTU-SY,Bearing2_1,42,Isolation Forest,isolation_forest,aggregate,20,20.0,2019-01-01 07:32:00,2019-01-01 08:10:00,0.63,0.0,,0.0,0.0,0.0,0.0,False,10,3,1,True,False,terminal,rms_kurt,load_pipeline (invariant)
XJTU-SY,Bearing2_1,42,Deep SVDD,deep_svdd,aggregate,20,20.0,2019-01-01 07:32:00,2019-01-01 08:10:00,0.63,0.5,0.13333333333333333,0.0,0.7894736842105263,0.5,0.0,True,10,3,1,True,False,terminal,rms_kurt,load_pipeline (invariant)
XJTU-SY,Bearing2_1,42,LSTM-Autoencoder,lstm_ae,aggregate,20,20.0,2019-01-01 07:32:00,2019-01-01 08:10:00,0.63,,,,,,,False,10,3,1,True,False,terminal,rms_kurt,load_pipeline (invariant)
XJTU-SY,Bearing2_1,42,TCN-Autoencoder,tcn,aggregate,20,20.0,2019-01-01 07:32:00,2019-01-01 08:10:00,0.63,,,,,,,False,10,3,1,True,False,terminal,rms_kurt,load_pipeline (invariant)
XJTU-SY,Bearing2_1,42,Transformer-AD,transformer_ad,aggregate,20,20.0,2019-01-01 07:32:00,2019-01-01 08:10:00,0.63,,,,,,,False,10,3,1,True,False,terminal,rms_kurt,load_pipeline (invariant)
XJTU-SY,Bearing2_1,42,RMS-Trend (kσ),rms_trend,decimate,1,1.0,2019-01-01 07:32:00,2019-01-01 08:10:00,0.63,0.0,,0.0,0.0,0.0,0.0,False,39,10,3,False,False,terminal,rms_kurt,load_pipeline (invariant)
XJTU-SY,Bearing2_1,42,3σ Rule (σ=3.0),three_sigma,decimate,1,1.0,2019-01-01 07:32:00,2019-01-01 08:10:00,0.63,0.6666666666666666,,3.125,1.0526315789473684,0.6666666666666666,0.0,True,39,10,3,False,False,terminal,rms_kurt,load_pipeline (invariant)
XJTU-SY,Bearing2_1,42,"EWMA (λ=0.2, k=3.0)",ewma,decimate,1,1.0,2019-01-01 07:32:00,2019-01-01 08:10:00,0.63,0.6666666666666666,,3.125,1.0526315789473684,0.6666666666666666,0.0,True,39,10,3,False,False,terminal,rms_kurt,load_pipeline (invariant)
XJTU-SY,Bearing2_1,42,"CUSUM (k=0.5, h=5.0)",cusum,decimate,1,1.0,2019-01-01 07:32:00,2019-01-01 08:10:00,0.63,0.6666666666666666,,3.125,1.0526315789473684,0.6666666666666666,0.0,True,39,10,3,False,False,terminal,rms_kurt,load_pipeline (invariant)
XJTU-SY,Bearing2_1,42,Hotelling T²,hotelling_t2,decimate,1,1.0,2019-01-01 07:32:00,2019-01-01 08:10:00,0.63,1.4166666666666667,,18.75,2.236842105263158,1.4166666666666667,0.0,False,39,10,3,False,False,terminal,rms_kurt,load_pipeline (invariant)
XJTU-SY,Bearing2_1,42,Isolation Forest,isolation_forest,decimate,1,1.0,2019-01-01 07:32:00,2019-01-01 08:10:00,0.63,0.6666666666666666,,3.125,1.0526315789473684,0.6666666666666666,0.0,True,39,10,3,False,False,terminal,rms_kurt,load_pipeline (invariant)
XJTU-SY,Bearing2_1,42,Deep SVDD,deep_svdd,decimate,1,1.0,2019-01-01 07:32:00,2019-01-01 08:10:00,0.63,0.0,,0.0,0.0,0.0,0.0,False,39,10,3,False,False,terminal,rms_kurt,load_pipeline (invariant)
XJTU-SY,Bearing2_1,42,LSTM-Autoencoder,lstm_ae,decimate,1,1.0,2019-01-01 07:32:00,2019-01-01 08:10:00,0.63,3.25,,100.0,5.131578947368421,0.0,100.0,False,39,10,3,False,False,terminal,rms_kurt,load_pipeline (invariant)
XJTU-SY,Bearing2_1,42,TCN-Autoencoder,tcn,decimate,1,1.0,2019-01-01 07:32:00,2019-01-01 08:10:00,0.63,3.25,,100.0,5.131578947368421,0.0,100.0,False,39,10,3,False,False,terminal,rms_kurt,load_pipeline (invariant)
XJTU-SY,Bearing2_1,42,Transformer-AD,transformer_ad,decimate,1,1.0,2019-01-01 07:32:00,2019-01-01 08:10:00,0.63,3.25,,100.0,5.131578947368421,0.0,100.0,False,39,10,3,False,False,terminal,rms_kurt,load_pipeline (invariant)
XJTU-SY,Bearing2_1,42,RMS-Trend (kσ),rms_trend,decimate,2,2.0,2019-01-01 07:32:00,2019-01-01 08:10:00,0.63,0.0,,0.0,0.0,0.0,0.0,False,49,5,4,False,False,terminal,rms_kurt,load_pipeline (invariant)
XJTU-SY,Bearing2_1,42,3σ Rule (σ=3.0),three_sigma,decimate,2,2.0,2019-01-01 07:32:00,2019-01-01 08:10:00,0.63,0.7,,2.5,1.1052631578947367,0.7,0.0,True,49,5,4,False,False,terminal,rms_kurt,load_pipeline (invariant)
XJTU-SY,Bearing2_1,42,"EWMA (λ=0.2, k=3.0)",ewma,decimate,2,2.0,2019-01-01 07:32:00,2019-01-01 08:10:00,0.63,0.7,,2.5,1.1052631578947367,0.7,0.0,True,49,5,4,False,False,terminal,rms_kurt,load_pipeline (invariant)
XJTU-SY,Bearing2_1,42,"CUSUM (k=0.5, h=5.0)",cusum,decimate,2,2.0,2019-01-01 07:32:00,2019-01-01 08:10:00,0.63,0.7,,2.5,1.1052631578947367,0.7,0.0,True,49,5,4,False,False,terminal,rms_kurt,load_pipeline (invariant)
XJTU-SY,Bearing2_1,42,Hotelling T²,hotelling_t2,decimate,2,2.0,2019-01-01 07:32:00,2019-01-01 08:10:00,0.63,0.7,,2.5,1.1052631578947367,0.7,0.0,True,49,5,4,False,False,terminal,rms_kurt,load_pipeline (invariant)
XJTU-SY,Bearing2_1,42,Isolation Forest,isolation_forest,decimate,2,2.0,2019-01-01 07:32:00,2019-01-01 08:10:00,0.63,0.7,,2.5,1.1052631578947367,0.7,0.0,True,49,5,4,False,False,terminal,rms_kurt,load_pipeline (invariant)
XJTU-SY,Bearing2_1,42,Deep SVDD,deep_svdd,decimate,2,2.0,2019-01-01 07:32:00,2019-01-01 08:10:00,0.63,0.0,,0.0,0.0,0.0,0.0,False,49,5,4,False,False,terminal,rms_kurt,load_pipeline (invariant)
XJTU-SY,Bearing2_1,42,LSTM-Autoencoder,lstm_ae,decimate,2,2.0,2019-01-01 07:32:00,2019-01-01 08:10:00,0.63,3.3,,100.0,5.2105263157894735,0.0,100.0,False,49,5,4,False,False,terminal,rms_kurt,load_pipeline (invariant)
XJTU-SY,Bearing2_1,42,TCN-Autoencoder,tcn,decimate,2,2.0,2019-01-01 07:32:00,2019-01-01 08:10:00,0.63,3.3,,100.0,5.2105263157894735,0.0,100.0,False,49,5,4,False,False,terminal,rms_kurt,load_pipeline (invariant)
XJTU-SY,Bearing2_1,42,Transformer-AD,transformer_ad,decimate,2,2.0,2019-01-01 07:32:00,2019-01-01 08:10:00,0.63,3.3,,100.0,5.2105263157894735,0.0,100.0,False,49,5,4,False,False,terminal,rms_kurt,load_pipeline (invariant)
XJTU-SY,Bearing2_1,42,RMS-Trend (kσ),rms_trend,decimate,5,5.0,2019-01-01 07:32:00,2019-01-01 08:10:00,0.63,0.0,,0.0,0.0,0.0,0.0,False,39,3,2,True,False,terminal,rms_kurt,load_pipeline (invariant)
XJTU-SY,Bearing2_1,42,3σ Rule (σ=3.0),three_sigma,decimate,5,5.0,2019-01-01 07:32:00,2019-01-01 08:10:00,0.63,0.6666666666666666,,3.125,1.0526315789473684,0.6666666666666666,0.0,True,39,3,2,True,False,terminal,rms_kurt,load_pipeline (invariant)
XJTU-SY,Bearing2_1,42,"EWMA (λ=0.2, k=3.0)",ewma,decimate,5,5.0,2019-01-01 07:32:00,2019-01-01 08:10:00,0.63,0.6666666666666666,,3.125,1.0526315789473684,0.6666666666666666,0.0,True,39,3,2,True,False,terminal,rms_kurt,load_pipeline (invariant)
XJTU-SY,Bearing2_1,42,"CUSUM (k=0.5, h=5.0)",cusum,decimate,5,5.0,2019-01-01 07:32:00,2019-01-01 08:10:00,0.63,0.6666666666666666,,3.125,1.0526315789473684,0.6666666666666666,0.0,True,39,3,2,True,False,terminal,rms_kurt,load_pipeline (invariant)
XJTU-SY,Bearing2_1,42,Hotelling T²,hotelling_t2,decimate,5,5.0,2019-01-01 07:32:00,2019-01-01 08:10:00,0.63,0.6666666666666666,,3.125,1.0526315789473684,0.6666666666666666,0.0,True,39,3,2,True,False,terminal,rms_kurt,load_pipeline (invariant)
XJTU-SY,Bearing2_1,42,Isolation Forest,isolation_forest,decimate,5,5.0,2019-01-01 07:32:00,2019-01-01 08:10:00,0.63,0.6666666666666666,,3.125,1.0526315789473684,0.6666666666666666,0.0,True,39,3,2,True,False,terminal,rms_kurt,load_pipeline (invariant)
XJTU-SY,Bearing2_1,42,Deep SVDD,deep_svdd,decimate,5,5.0,2019-01-01 07:32:00,2019-01-01 08:10:00,0.63,0.0,,0.0,0.0,0.0,0.0,False,39,3,2,True,False,terminal,rms_kurt,load_pipeline (invariant)
XJTU-SY,Bearing2_1,42,LSTM-Autoencoder,lstm_ae,decimate,5,5.0,2019-01-01 07:32:00,2019-01-01 08:10:00,0.63,0.75,,6.25,1.1842105263157896,0.75,0.0,True,39,3,2,True,False,terminal,rms_kurt,load_pipeline (invariant)
XJTU-SY,Bearing2_1,42,TCN-Autoencoder,tcn,decimate,5,5.0,2019-01-01 07:32:00,2019-01-01 08:10:00,0.63,3.25,,100.0,5.131578947368421,0.0,100.0,False,39,3,2,True,False,terminal,rms_kurt,load_pipeline (invariant)
XJTU-SY,Bearing2_1,42,Transformer-AD,transformer_ad,decimate,5,5.0,2019-01-01 07:32:00,2019-01-01 08:10:00,0.63,3.25,,100.0,5.131578947368421,0.0,100.0,False,39,3,2,True,False,terminal,rms_kurt,load_pipeline (invariant)
XJTU-SY,Bearing2_1,42,RMS-Trend (kσ),rms_trend,decimate,10,10.0,2019-01-01 07:32:00,2019-01-01 08:10:00,0.63,0.16666666666666666,0.4666666666666667,0.0,0.2631578947368421,0.16666666666666666,0.0,True,20,3,1,True,False,terminal,rms_kurt,load_pipeline (invariant)
XJTU-SY,Bearing2_1,42,3σ Rule (σ=3.0),three_sigma,decimate,10,10.0,2019-01-01 07:32:00,2019-01-01 08:10:00,0.63,0.6666666666666666,,5.88235294117647,1.0526315789473684,0.6666666666666666,0.0,True,20,3,1,True,False,terminal,rms_kurt,load_pipeline (invariant)
XJTU-SY,Bearing2_1,42,"EWMA (λ=0.2, k=3.0)",ewma,decimate,10,10.0,2019-01-01 07:32:00,2019-01-01 08:10:00,0.63,0.6666666666666666,,5.88235294117647,1.0526315789473684,0.6666666666666666,0.0,True,20,3,1,True,False,terminal,rms_kurt,load_pipeline (invariant)
XJTU-SY,Bearing2_1,42,"CUSUM (k=0.5, h=5.0)",cusum,decimate,10,10.0,2019-01-01 07:32:00,2019-01-01 08:10:00,0.63,0.6666666666666666,,5.88235294117647,1.0526315789473684,0.6666666666666666,0.0,True,20,3,1,True,False,terminal,rms_kurt,load_pipeline (invariant)
XJTU-SY,Bearing2_1,42,Hotelling T²,hotelling_t2,decimate,10,10.0,2019-01-01 07:32:00,2019-01-01 08:10:00,0.63,1.0,,11.76470588235294,1.5789473684210527,1.0,0.0,False,20,3,1,True,False,terminal,rms_kurt,load_pipeline (invariant)
XJTU-SY,Bearing2_1,42,Isolation Forest,isolation_forest,decimate,10,10.0,2019-01-01 07:32:00,2019-01-01 08:10:00,0.63,0.6666666666666666,,5.88235294117647,1.0526315789473684,0.6666666666666666,0.0,True,20,3,1,True,False,terminal,rms_kurt,load_pipeline (invariant)
XJTU-SY,Bearing2_1,42,Deep SVDD,deep_svdd,decimate,10,10.0,2019-01-01 07:32:00,2019-01-01 08:10:00,0.63,0.16666666666666666,0.4666666666666667,0.0,0.2631578947368421,0.16666666666666666,0.0,True,20,3,1,True,False,terminal,rms_kurt,load_pipeline (invariant)
XJTU-SY,Bearing2_1,42,LSTM-Autoencoder,lstm_ae,decimate,10,10.0,2019-01-01 07:32:00,2019-01-01 08:10:00,0.63,,,,,,,False,20,3,1,True,False,terminal,rms_kurt,load_pipeline (invariant)
XJTU-SY,Bearing2_1,42,TCN-Autoencoder,tcn,decimate,10,10.0,2019-01-01 07:32:00,2019-01-01 08:10:00,0.63,,,,,,,False,20,3,1,True,False,terminal,rms_kurt,load_pipeline (invariant)
XJTU-SY,Bearing2_1,42,Transformer-AD,transformer_ad,decimate,10,10.0,2019-01-01 07:32:00,2019-01-01 08:10:00,0.63,,,,,,,False,20,3,1,True,False,terminal,rms_kurt,load_pipeline (invariant)
XJTU-SY,Bearing2_1,42,RMS-Trend (kσ),rms_trend,decimate,20,20.0,2019-01-01 07:32:00,2019-01-01 08:10:00,0.63,0.5,0.13333333333333333,0.0,0.7894736842105263,0.5,0.0,True,10,3,1,True,False,terminal,rms_kurt,load_pipeline (invariant)
XJTU-SY,Bearing2_1,42,3σ Rule (σ=3.0),three_sigma,decimate,20,20.0,2019-01-01 07:32:00,2019-01-01 08:10:00,0.63,0.8333333333333334,,11.11111111111111,1.3157894736842106,0.8333333333333334,0.0,False,10,3,1,True,False,terminal,rms_kurt,load_pipeline (invariant)
XJTU-SY,Bearing2_1,42,"EWMA (λ=0.2, k=3.0)",ewma,decimate,20,20.0,2019-01-01 07:32:00,2019-01-01 08:10:00,0.63,2.1666666666666665,,55.55555555555556,3.4210526315789473,2.1666666666666665,0.0,False,10,3,1,True,False,terminal,rms_kurt,load_pipeline (invariant)
XJTU-SY,Bearing2_1,42,"CUSUM (k=0.5, h=5.0)",cusum,decimate,20,20.0,2019-01-01 07:32:00,2019-01-01 08:10:00,0.63,1.5,,33.33333333333333,2.368421052631579,1.5,0.0,False,10,3,1,True,False,terminal,rms_kurt,load_pipeline (invariant)
XJTU-SY,Bearing2_1,42,Hotelling T²,hotelling_t2,decimate,20,20.0,2019-01-01 07:32:00,2019-01-01 08:10:00,0.63,3.5,,100.0,5.526315789473684,0.0,100.0,False,10,3,1,True,False,terminal,rms_kurt,load_pipeline (invariant)
XJTU-SY,Bearing2_1,42,Isolation Forest,isolation_forest,decimate,20,20.0,2019-01-01 07:32:00,2019-01-01 08:10:00,0.63,0.8333333333333334,,11.11111111111111,1.3157894736842106,0.8333333333333334,0.0,False,10,3,1,True,False,terminal,rms_kurt,load_pipeline (invariant)
XJTU-SY,Bearing2_1,42,Deep SVDD,deep_svdd,decimate,20,20.0,2019-01-01 07:32:00,2019-01-01 08:10:00,0.63,0.5,0.13333333333333333,0.0,0.7894736842105263,0.5,0.0,True,10,3,1,True,False,terminal,rms_kurt,load_pipeline (invariant)
XJTU-SY,Bearing2_1,42,LSTM-Autoencoder,lstm_ae,decimate,20,20.0,2019-01-01 07:32:00,2019-01-01 08:10:00,0.63,,,,,,,False,10,3,1,True,False,terminal,rms_kurt,load_pipeline (invariant)
XJTU-SY,Bearing2_1,42,TCN-Autoencoder,tcn,decimate,20,20.0,2019-01-01 07:32:00,2019-01-01 08:10:00,0.63,,,,,,,False,10,3,1,True,False,terminal,rms_kurt,load_pipeline (invariant)
XJTU-SY,Bearing2_1,42,Transformer-AD,transformer_ad,decimate,20,20.0,2019-01-01 07:32:00,2019-01-01 08:10:00,0.63,,,,,,,False,10,3,1,True,False,terminal,rms_kurt,load_pipeline (invariant)
XJTU-SY,Bearing2_2,42,RMS-Trend (kσ),rms_trend,aggregate,1,1.0,2019-01-01 01:24:00,2019-01-01 02:40:00,1.27,0.0,,,0.0,0.0,0.0,False,13,10,3,False,False,terminal,rms_kurt,load_pipeline (invariant)
XJTU-SY,Bearing2_2,42,3σ Rule (σ=3.0),three_sigma,aggregate,1,1.0,2019-01-01 01:24:00,2019-01-01 02:40:00,1.27,0.0,,,0.0,0.0,0.0,False,13,10,3,False,False,terminal,rms_kurt,load_pipeline (invariant)
XJTU-SY,Bearing2_2,42,"EWMA (λ=0.2, k=3.0)",ewma,aggregate,1,1.0,2019-01-01 01:24:00,2019-01-01 02:40:00,1.27,0.9166666666666666,0.35,,0.7236842105263158,0.9166666666666666,0.0,True,13,10,3,False,False,terminal,rms_kurt,load_pipeline (invariant)
XJTU-SY,Bearing2_2,42,"CUSUM (k=0.5, h=5.0)",cusum,aggregate,1,1.0,2019-01-01 01:24:00,2019-01-01 02:40:00,1.27,0.8333333333333334,0.43333333333333335,,0.6578947368421053,0.8333333333333334,0.0,True,13,10,3,False,False,terminal,rms_kurt,load_pipeline (invariant)
XJTU-SY,Bearing2_2,42,Hotelling T²,hotelling_t2,aggregate,1,1.0,2019-01-01 01:24:00,2019-01-01 02:40:00,1.27,1.0833333333333333,0.18333333333333332,,0.8552631578947368,0.0,100.0,True,13,10,3,False,False,terminal,rms_kurt,load_pipeline (invariant)
XJTU-SY,Bearing2_2,42,Isolation Forest,isolation_forest,aggregate,1,1.0,2019-01-01 01:24:00,2019-01-01 02:40:00,1.27,0.0,,,0.0,0.0,0.0,False,13,10,3,False,False,terminal,rms_kurt,load_pipeline (invariant)
XJTU-SY,Bearing2_2,42,Deep SVDD,deep_svdd,aggregate,1,1.0,2019-01-01 01:24:00,2019-01-01 02:40:00,1.27,0.0,,,0.0,0.0,0.0,False,13,10,3,False,False,terminal,rms_kurt,load_pipeline (invariant)
XJTU-SY,Bearing2_2,42,LSTM-Autoencoder,lstm_ae,aggregate,1,1.0,2019-01-01 01:24:00,2019-01-01 02:40:00,1.27,,,,,,,False,13,10,3,False,False,terminal,rms_kurt,load_pipeline (invariant)
XJTU-SY,Bearing2_2,42,TCN-Autoencoder,tcn,aggregate,1,1.0,2019-01-01 01:24:00,2019-01-01 02:40:00,1.27,,,,,,,False,13,10,3,False,False,terminal,rms_kurt,load_pipeline (invariant)
XJTU-SY,Bearing2_2,42,Transformer-AD,transformer_ad,aggregate,1,1.0,2019-01-01 01:24:00,2019-01-01 02:40:00,1.27,,,,,,,False,13,10,3,False,False,terminal,rms_kurt,load_pipeline (invariant)
XJTU-SY,Bearing2_2,42,RMS-Trend (kσ),rms_trend,aggregate,2,2.0,2019-01-01 01:24:00,2019-01-01 02:40:00,1.27,0.0,,,0.0,0.0,0.0,False,16,5,4,False,False,terminal,rms_kurt,load_pipeline (invariant)
XJTU-SY,Bearing2_2,42,3σ Rule (σ=3.0),three_sigma,aggregate,2,2.0,2019-01-01 01:24:00,2019-01-01 02:40:00,1.27,1.0666666666666667,0.2,,0.8421052631578948,0.0,100.0,True,16,5,4,False,False,terminal,rms_kurt,load_pipeline (invariant)
XJTU-SY,Bearing2_2,42,"EWMA (λ=0.2, k=3.0)",ewma,aggregate,2,2.0,2019-01-01 01:24:00,2019-01-01 02:40:00,1.27,1.0,0.26666666666666666,,0.7894736842105263,1.0,0.0,True,16,5,4,False,False,terminal,rms_kurt,load_pipeline (invariant)
XJTU-SY,Bearing2_2,42,"CUSUM (k=0.5, h=5.0)",cusum,aggregate,2,2.0,2019-01-01 01:24:00,2019-01-01 02:40:00,1.27,0.9333333333333333,0.3333333333333333,,0.736842105263158,0.9333333333333333,0.0,True,16,5,4,False,False,terminal,rms_kurt,load_pipeline (invariant)
XJTU-SY,Bearing2_2,42,Hotelling T²,hotelling_t2,aggregate,2,2.0,2019-01-01 01:24:00,2019-01-01 02:40:00,1.27,1.0666666666666667,0.2,,0.8421052631578948,0.0,100.0,True,16,5,4,False,False,terminal,rms_kurt,load_pipeline (invariant)
XJTU-SY,Bearing2_2,42,Isolation Forest,isolation_forest,aggregate,2,2.0,2019-01-01 01:24:00,2019-01-01 02:40:00,1.27,0.0,,,0.0,0.0,0.0,False,16,5,4,False,False,terminal,rms_kurt,load_pipeline (invariant)
XJTU-SY,Bearing2_2,42,Deep SVDD,deep_svdd,aggregate,2,2.0,2019-01-01 01:24:00,2019-01-01 02:40:00,1.27,0.0,,,0.0,0.0,0.0,False,16,5,4,False,False,terminal,rms_kurt,load_pipeline (invariant)
XJTU-SY,Bearing2_2,42,LSTM-Autoencoder,lstm_ae,aggregate,2,2.0,2019-01-01 01:24:00,2019-01-01 02:40:00,1.27,,,,,,,False,16,5,4,False,False,terminal,rms_kurt,load_pipeline (invariant)
XJTU-SY,Bearing2_2,42,TCN-Autoencoder,tcn,aggregate,2,2.0,2019-01-01 01:24:00,2019-01-01 02:40:00,1.27,,,,,,,False,16,5,4,False,False,terminal,rms_kurt,load_pipeline (invariant)
XJTU-SY,Bearing2_2,42,Transformer-AD,transformer_ad,aggregate,2,2.0,2019-01-01 01:24:00,2019-01-01 02:40:00,1.27,,,,,,,False,16,5,4,False,False,terminal,rms_kurt,load_pipeline (invariant)
XJTU-SY,Bearing2_2,42,RMS-Trend (kσ),rms_trend,aggregate,5,5.0,2019-01-01 01:24:00,2019-01-01 02:40:00,1.27,0.0,,,0.0,0.0,0.0,False,13,3,2,True,False,terminal,rms_kurt,load_pipeline (invariant)
XJTU-SY,Bearing2_2,42,3σ Rule (σ=3.0),three_sigma,aggregate,5,5.0,2019-01-01 01:24:00,2019-01-01 02:40:00,1.27,1.0,0.26666666666666666,,0.7894736842105263,1.0,0.0,True,13,3,2,True,False,terminal,rms_kurt,load_pipeline (invariant)
XJTU-SY,Bearing2_2,42,"EWMA (λ=0.2, k=3.0)",ewma,aggregate,5,5.0,2019-01-01 01:24:00,2019-01-01 02:40:00,1.27,1.0,0.26666666666666666,,0.7894736842105263,1.0,0.0,True,13,3,2,True,False,terminal,rms_kurt,load_pipeline (invariant)
XJTU-SY,Bearing2_2,42,"CUSUM (k=0.5, h=5.0)",cusum,aggregate,5,5.0,2019-01-01 01:24:00,2019-01-01 02:40:00,1.27,1.0,0.26666666666666666,,0.7894736842105263,1.0,0.0,True,13,3,2,True,False,terminal,rms_kurt,load_pipeline (invariant)
XJTU-SY,Bearing2_2,42,Hotelling T²,hotelling_t2,aggregate,5,5.0,2019-01-01 01:24:00,2019-01-01 02:40:00,1.27,1.0833333333333333,0.18333333333333332,,0.8552631578947368,0.0,100.0,True,13,3,2,True,False,terminal,rms_kurt,load_pipeline (invariant)
XJTU-SY,Bearing2_2,42,Isolation Forest,isolation_forest,aggregate,5,5.0,2019-01-01 01:24:00,2019-01-01 02:40:00,1.27,0.25,1.0166666666666666,,0.19736842105263158,0.25,0.0,True,13,3,2,True,False,terminal,rms_kurt,load_pipeline (invariant)
XJTU-SY,Bearing2_2,42,Deep SVDD,deep_svdd,aggregate,5,5.0,2019-01-01 01:24:00,2019-01-01 02:40:00,1.27,0.0,,,0.0,0.0,0.0,False,13,3,2,True,False,terminal,rms_kurt,load_pipeline (invariant)
XJTU-SY,Bearing2_2,42,LSTM-Autoencoder,lstm_ae,aggregate,5,5.0,2019-01-01 01:24:00,2019-01-01 02:40:00,1.27,,,,,,,False,13,3,2,True,False,terminal,rms_kurt,load_pipeline (invariant)
XJTU-SY,Bearing2_2,42,TCN-Autoencoder,tcn,aggregate,5,5.0,2019-01-01 01:24:00,2019-01-01 02:40:00,1.27,,,,,,,False,13,3,2,True,False,terminal,rms_kurt,load_pipeline (invariant)
XJTU-SY,Bearing2_2,42,Transformer-AD,transformer_ad,aggregate,5,5.0,2019-01-01 01:24:00,2019-01-01 02:40:00,1.27,,,,,,,False,13,3,2,True,False,terminal,rms_kurt,load_pipeline (invariant)
XJTU-SY,Bearing2_2,42,RMS-Trend (kσ),rms_trend,aggregate,10,10.0,2019-01-01 01:24:00,2019-01-01 02:40:00,1.27,0.16666666666666666,1.1,,0.13157894736842105,0.16666666666666666,0.0,True,6,3,1,True,False,terminal,rms_kurt,load_pipeline (invariant)
XJTU-SY,Bearing2_2,42,3σ Rule (σ=3.0),three_sigma,aggregate,10,10.0,2019-01-01 01:24:00,2019-01-01 02:40:00,1.27,1.0,0.26666666666666666,,0.7894736842105263,0.0,100.0,True,6,3,1,True,False,terminal,rms_kurt,load_pipeline (invariant)
XJTU-SY,Bearing2_2,42,"EWMA (λ=0.2, k=3.0)",ewma,aggregate,10,10.0,2019-01-01 01:24:00,2019-01-01 02:40:00,1.27,1.0,0.26666666666666666,,0.7894736842105263,0.0,100.0,True,6,3,1,True,False,terminal,rms_kurt,load_pipeline (invariant)
XJTU-SY,Bearing2_2,42,"CUSUM (k=0.5, h=5.0)",cusum,aggregate,10,10.0,2019-01-01 01:24:00,2019-01-01 02:40:00,1.27,0.8333333333333334,0.43333333333333335,,0.6578947368421053,0.8333333333333334,0.0,True,6,3,1,True,False,terminal,rms_kurt,load_pipeline (invariant)
XJTU-SY,Bearing2_2,42,Hotelling T²,hotelling_t2,aggregate,10,10.0,2019-01-01 01:24:00,2019-01-01 02:40:00,1.27,1.0,0.26666666666666666,,0.7894736842105263,0.0,100.0,True,6,3,1,True,False,terminal,rms_kurt,load_pipeline (invariant)
XJTU-SY,Bearing2_2,42,Isolation Forest,isolation_forest,aggregate,10,10.0,2019-01-01 01:24:00,2019-01-01 02:40:00,1.27,0.0,,,0.0,0.0,0.0,False,6,3,1,True,False,terminal,rms_kurt,load_pipeline (invariant)
XJTU-SY,Bearing2_2,42,Deep SVDD,deep_svdd,aggregate,10,10.0,2019-01-01 01:24:00,2019-01-01 02:40:00,1.27,0.16666666666666666,1.1,,0.13157894736842105,0.16666666666666666,0.0,True,6,3,1,True,False,terminal,rms_kurt,load_pipeline (invariant)
XJTU-SY,Bearing2_2,42,LSTM-Autoencoder,lstm_ae,aggregate,10,10.0,2019-01-01 01:24:00,2019-01-01 02:40:00,1.27,,,,,,,False,6,3,1,True,False,terminal,rms_kurt,load_pipeline (invariant)
XJTU-SY,Bearing2_2,42,TCN-Autoencoder,tcn,aggregate,10,10.0,2019-01-01 01:24:00,2019-01-01 02:40:00,1.27,,,,,,,False,6,3,1,True,False,terminal,rms_kurt,load_pipeline (invariant)
XJTU-SY,Bearing2_2,42,Transformer-AD,transformer_ad,aggregate,10,10.0,2019-01-01 01:24:00,2019-01-01 02:40:00,1.27,,,,,,,False,6,3,1,True,False,terminal,rms_kurt,load_pipeline (invariant)
XJTU-SY,Bearing2_2,42,RMS-Trend (kσ),rms_trend,aggregate,20,20.0,2019-01-01 01:24:00,2019-01-01 02:40:00,1.27,0.3333333333333333,0.9333333333333333,,0.2631578947368421,0.3333333333333333,0.0,True,3,3,1,True,False,terminal,rms_kurt,load_pipeline (invariant)
XJTU-SY,Bearing2_2,42,3σ Rule (σ=3.0),three_sigma,aggregate,20,20.0,2019-01-01 01:24:00,2019-01-01 02:40:00,1.27,1.0,0.26666666666666666,,0.7894736842105263,0.0,100.0,True,3,3,1,True,False,terminal,rms_kurt,load_pipeline (invariant)
XJTU-SY,Bearing2_2,42,"EWMA (λ=0.2, k=3.0)",ewma,aggregate,20,20.0,2019-01-01 01:24:00,2019-01-01 02:40:00,1.27,1.0,0.26666666666666666,,0.7894736842105263,0.0,100.0,True,3,3,1,True,False,terminal,rms_kurt,load_pipeline (invariant)
XJTU-SY,Bearing2_2,42,"CUSUM (k=0.5, h=5.0)",cusum,aggregate,20,20.0,2019-01-01 01:24:00,2019-01-01 02:40:00,1.27,1.0,0.26666666666666666,,0.7894736842105263,0.0,100.0,True,3,3,1,True,False,terminal,rms_kurt,load_pipeline (invariant)
XJTU-SY,Bearing2_2,42,Hotelling T²,hotelling_t2,aggregate,20,20.0,2019-01-01 01:24:00,2019-01-01 02:40:00,1.27,1.0,0.26666666666666666,,0.7894736842105263,0.0,100.0,True,3,3,1,True,False,terminal,rms_kurt,load_pipeline (invariant)
XJTU-SY,Bearing2_2,42,Isolation Forest,isolation_forest,aggregate,20,20.0,2019-01-01 01:24:00,2019-01-01 02:40:00,1.27,0.0,,,0.0,0.0,0.0,False,3,3,1,True,False,terminal,rms_kurt,load_pipeline (invariant)
XJTU-SY,Bearing2_2,42,Deep SVDD,deep_svdd,aggregate,20,20.0,2019-01-01 01:24:00,2019-01-01 02:40:00,1.27,1.0,0.26666666666666666,,0.7894736842105263,0.0,100.0,True,3,3,1,True,False,terminal,rms_kurt,load_pipeline (invariant)
XJTU-SY,Bearing2_2,42,LSTM-Autoencoder,lstm_ae,aggregate,20,20.0,2019-01-01 01:24:00,2019-01-01 02:40:00,1.27,,,,,,,False,3,3,1,True,False,terminal,rms_kurt,load_pipeline (invariant)
XJTU-SY,Bearing2_2,42,TCN-Autoencoder,tcn,aggregate,20,20.0,2019-01-01 01:24:00,2019-01-01 02:40:00,1.27,,,,,,,False,3,3,1,True,False,terminal,rms_kurt,load_pipeline (invariant)
XJTU-SY,Bearing2_2,42,Transformer-AD,transformer_ad,aggregate,20,20.0,2019-01-01 01:24:00,2019-01-01 02:40:00,1.27,,,,,,,False,3,3,1,True,False,terminal,rms_kurt,load_pipeline (invariant)
XJTU-SY,Bearing2_2,42,RMS-Trend (kσ),rms_trend,decimate,1,1.0,2019-01-01 01:24:00,2019-01-01 02:40:00,1.27,0.0,,,0.0,0.0,0.0,False,13,10,3,False,False,terminal,rms_kurt,load_pipeline (invariant)
XJTU-SY,Bearing2_2,42,3σ Rule (σ=3.0),three_sigma,decimate,1,1.0,2019-01-01 01:24:00,2019-01-01 02:40:00,1.27,0.0,,,0.0,0.0,0.0,False,13,10,3,False,False,terminal,rms_kurt,load_pipeline (invariant)
XJTU-SY,Bearing2_2,42,"EWMA (λ=0.2, k=3.0)",ewma,decimate,1,1.0,2019-01-01 01:24:00,2019-01-01 02:40:00,1.27,0.9166666666666666,0.35,,0.7236842105263158,0.9166666666666666,0.0,True,13,10,3,False,False,terminal,rms_kurt,load_pipeline (invariant)
XJTU-SY,Bearing2_2,42,"CUSUM (k=0.5, h=5.0)",cusum,decimate,1,1.0,2019-01-01 01:24:00,2019-01-01 02:40:00,1.27,0.8333333333333334,0.43333333333333335,,0.6578947368421053,0.8333333333333334,0.0,True,13,10,3,False,False,terminal,rms_kurt,load_pipeline (invariant)
XJTU-SY,Bearing2_2,42,Hotelling T²,hotelling_t2,decimate,1,1.0,2019-01-01 01:24:00,2019-01-01 02:40:00,1.27,1.0833333333333333,0.18333333333333332,,0.8552631578947368,0.0,100.0,True,13,10,3,False,False,terminal,rms_kurt,load_pipeline (invariant)
XJTU-SY,Bearing2_2,42,Isolation Forest,isolation_forest,decimate,1,1.0,2019-01-01 01:24:00,2019-01-01 02:40:00,1.27,0.0,,,0.0,0.0,0.0,False,13,10,3,False,False,terminal,rms_kurt,load_pipeline (invariant)
XJTU-SY,Bearing2_2,42,Deep SVDD,deep_svdd,decimate,1,1.0,2019-01-01 01:24:00,2019-01-01 02:40:00,1.27,0.0,,,0.0,0.0,0.0,False,13,10,3,False,False,terminal,rms_kurt,load_pipeline (invariant)
XJTU-SY,Bearing2_2,42,LSTM-Autoencoder,lstm_ae,decimate,1,1.0,2019-01-01 01:24:00,2019-01-01 02:40:00,1.27,,,,,,,False,13,10,3,False,False,terminal,rms_kurt,load_pipeline (invariant)
XJTU-SY,Bearing2_2,42,TCN-Autoencoder,tcn,decimate,1,1.0,2019-01-01 01:24:00,2019-01-01 02:40:00,1.27,,,,,,,False,13,10,3,False,False,terminal,rms_kurt,load_pipeline (invariant)
XJTU-SY,Bearing2_2,42,Transformer-AD,transformer_ad,decimate,1,1.0,2019-01-01 01:24:00,2019-01-01 02:40:00,1.27,,,,,,,False,13,10,3,False,False,terminal,rms_kurt,load_pipeline (invariant)
XJTU-SY,Bearing2_2,42,RMS-Trend (kσ),rms_trend,decimate,2,2.0,2019-01-01 01:24:00,2019-01-01 02:40:00,1.27,0.0,,,0.0,0.0,0.0,False,16,5,4,False,False,terminal,rms_kurt,load_pipeline (invariant)
XJTU-SY,Bearing2_2,42,3σ Rule (σ=3.0),three_sigma,decimate,2,2.0,2019-01-01 01:24:00,2019-01-01 02:40:00,1.27,1.0,0.26666666666666666,,0.7894736842105263,1.0,0.0,True,16,5,4,False,False,terminal,rms_kurt,load_pipeline (invariant)
XJTU-SY,Bearing2_2,42,"EWMA (λ=0.2, k=3.0)",ewma,decimate,2,2.0,2019-01-01 01:24:00,2019-01-01 02:40:00,1.27,0.9333333333333333,0.3333333333333333,,0.736842105263158,0.9333333333333333,0.0,True,16,5,4,False,False,terminal,rms_kurt,load_pipeline (invariant)
XJTU-SY,Bearing2_2,42,"CUSUM (k=0.5, h=5.0)",cusum,decimate,2,2.0,2019-01-01 01:24:00,2019-01-01 02:40:00,1.27,0.9333333333333333,0.3333333333333333,,0.736842105263158,0.9333333333333333,0.0,True,16,5,4,False,False,terminal,rms_kurt,load_pipeline (invariant)
XJTU-SY,Bearing2_2,42,Hotelling T²,hotelling_t2,decimate,2,2.0,2019-01-01 01:24:00,2019-01-01 02:40:00,1.27,1.0666666666666667,0.2,,0.8421052631578948,0.0,100.0,True,16,5,4,False,False,terminal,rms_kurt,load_pipeline (invariant)
XJTU-SY,Bearing2_2,42,Isolation Forest,isolation_forest,decimate,2,2.0,2019-01-01 01:24:00,2019-01-01 02:40:00,1.27,0.0,,,0.0,0.0,0.0,False,16,5,4,False,False,terminal,rms_kurt,load_pipeline (invariant)
XJTU-SY,Bearing2_2,42,Deep SVDD,deep_svdd,decimate,2,2.0,2019-01-01 01:24:00,2019-01-01 02:40:00,1.27,0.0,,,0.0,0.0,0.0,False,16,5,4,False,False,terminal,rms_kurt,load_pipeline (invariant)
XJTU-SY,Bearing2_2,42,LSTM-Autoencoder,lstm_ae,decimate,2,2.0,2019-01-01 01:24:00,2019-01-01 02:40:00,1.27,,,,,,,False,16,5,4,False,False,terminal,rms_kurt,load_pipeline (invariant)
XJTU-SY,Bearing2_2,42,TCN-Autoencoder,tcn,decimate,2,2.0,2019-01-01 01:24:00,2019-01-01 02:40:00,1.27,,,,,,,False,16,5,4,False,False,terminal,rms_kurt,load_pipeline (invariant)
XJTU-SY,Bearing2_2,42,Transformer-AD,transformer_ad,decimate,2,2.0,2019-01-01 01:24:00,2019-01-01 02:40:00,1.27,,,,,,,False,16,5,4,False,False,terminal,rms_kurt,load_pipeline (invariant)
XJTU-SY,Bearing2_2,42,RMS-Trend (kσ),rms_trend,decimate,5,5.0,2019-01-01 01:24:00,2019-01-01 02:40:00,1.27,0.0,,,0.0,0.0,0.0,False,13,3,2,True,False,terminal,rms_kurt,load_pipeline (invariant)
XJTU-SY,Bearing2_2,42,3σ Rule (σ=3.0),three_sigma,decimate,5,5.0,2019-01-01 01:24:00,2019-01-01 02:40:00,1.27,1.0833333333333333,0.18333333333333332,,0.8552631578947368,0.0,100.0,True,13,3,2,True,False,terminal,rms_kurt,load_pipeline (invariant)
XJTU-SY,Bearing2_2,42,"EWMA (λ=0.2, k=3.0)",ewma,decimate,5,5.0,2019-01-01 01:24:00,2019-01-01 02:40:00,1.27,1.0,0.26666666666666666,,0.7894736842105263,1.0,0.0,True,13,3,2,True,False,terminal,rms_kurt,load_pipeline (invariant)
XJTU-SY,Bearing2_2,42,"CUSUM (k=0.5, h=5.0)",cusum,decimate,5,5.0,2019-01-01 01:24:00,2019-01-01 02:40:00,1.27,1.0,0.26666666666666666,,0.7894736842105263,1.0,0.0,True,13,3,2,True,False,terminal,rms_kurt,load_pipeline (invariant)
XJTU-SY,Bearing2_2,42,Hotelling T²,hotelling_t2,decimate,5,5.0,2019-01-01 01:24:00,2019-01-01 02:40:00,1.27,1.0833333333333333,0.18333333333333332,,0.8552631578947368,0.0,100.0,True,13,3,2,True,False,terminal,rms_kurt,load_pipeline (invariant)
XJTU-SY,Bearing2_2,42,Isolation Forest,isolation_forest,decimate,5,5.0,2019-01-01 01:24:00,2019-01-01 02:40:00,1.27,0.25,1.0166666666666666,,0.19736842105263158,0.25,0.0,True,13,3,2,True,False,terminal,rms_kurt,load_pipeline (invariant)
XJTU-SY,Bearing2_2,42,Deep SVDD,deep_svdd,decimate,5,5.0,2019-01-01 01:24:00,2019-01-01 02:40:00,1.27,0.0,,,0.0,0.0,0.0,False,13,3,2,True,False,terminal,rms_kurt,load_pipeline (invariant)
XJTU-SY,Bearing2_2,42,LSTM-Autoencoder,lstm_ae,decimate,5,5.0,2019-01-01 01:24:00,2019-01-01 02:40:00,1.27,,,,,,,False,13,3,2,True,False,terminal,rms_kurt,load_pipeline (invariant)
XJTU-SY,Bearing2_2,42,TCN-Autoencoder,tcn,decimate,5,5.0,2019-01-01 01:24:00,2019-01-01 02:40:00,1.27,,,,,,,False,13,3,2,True,False,terminal,rms_kurt,load_pipeline (invariant)
XJTU-SY,Bearing2_2,42,Transformer-AD,transformer_ad,decimate,5,5.0,2019-01-01 01:24:00,2019-01-01 02:40:00,1.27,,,,,,,False,13,3,2,True,False,terminal,rms_kurt,load_pipeline (invariant)
XJTU-SY,Bearing2_2,42,RMS-Trend (kσ),rms_trend,decimate,10,10.0,2019-01-01 01:24:00,2019-01-01 02:40:00,1.27,0.16666666666666666,1.1,,0.13157894736842105,0.16666666666666666,0.0,True,6,3,1,True,False,terminal,rms_kurt,load_pipeline (invariant)
XJTU-SY,Bearing2_2,42,3σ Rule (σ=3.0),three_sigma,decimate,10,10.0,2019-01-01 01:24:00,2019-01-01 02:40:00,1.27,1.0,0.26666666666666666,,0.7894736842105263,0.0,100.0,True,6,3,1,True,False,terminal,rms_kurt,load_pipeline (invariant)
XJTU-SY,Bearing2_2,42,"EWMA (λ=0.2, k=3.0)",ewma,decimate,10,10.0,2019-01-01 01:24:00,2019-01-01 02:40:00,1.27,1.0,0.26666666666666666,,0.7894736842105263,0.0,100.0,True,6,3,1,True,False,terminal,rms_kurt,load_pipeline (invariant)
XJTU-SY,Bearing2_2,42,"CUSUM (k=0.5, h=5.0)",cusum,decimate,10,10.0,2019-01-01 01:24:00,2019-01-01 02:40:00,1.27,1.0,0.26666666666666666,,0.7894736842105263,0.0,100.0,True,6,3,1,True,False,terminal,rms_kurt,load_pipeline (invariant)
XJTU-SY,Bearing2_2,42,Hotelling T²,hotelling_t2,decimate,10,10.0,2019-01-01 01:24:00,2019-01-01 02:40:00,1.27,1.0,0.26666666666666666,,0.7894736842105263,0.0,100.0,True,6,3,1,True,False,terminal,rms_kurt,load_pipeline (invariant)
XJTU-SY,Bearing2_2,42,Isolation Forest,isolation_forest,decimate,10,10.0,2019-01-01 01:24:00,2019-01-01 02:40:00,1.27,0.16666666666666666,1.1,,0.13157894736842105,0.16666666666666666,0.0,True,6,3,1,True,False,terminal,rms_kurt,load_pipeline (invariant)
XJTU-SY,Bearing2_2,42,Deep SVDD,deep_svdd,decimate,10,10.0,2019-01-01 01:24:00,2019-01-01 02:40:00,1.27,0.16666666666666666,1.1,,0.13157894736842105,0.16666666666666666,0.0,True,6,3,1,True,False,terminal,rms_kurt,load_pipeline (invariant)
XJTU-SY,Bearing2_2,42,LSTM-Autoencoder,lstm_ae,decimate,10,10.0,2019-01-01 01:24:00,2019-01-01 02:40:00,1.27,,,,,,,False,6,3,1,True,False,terminal,rms_kurt,load_pipeline (invariant)
XJTU-SY,Bearing2_2,42,TCN-Autoencoder,tcn,decimate,10,10.0,2019-01-01 01:24:00,2019-01-01 02:40:00,1.27,,,,,,,False,6,3,1,True,False,terminal,rms_kurt,load_pipeline (invariant)
XJTU-SY,Bearing2_2,42,Transformer-AD,transformer_ad,decimate,10,10.0,2019-01-01 01:24:00,2019-01-01 02:40:00,1.27,,,,,,,False,6,3,1,True,False,terminal,rms_kurt,load_pipeline (invariant)
XJTU-SY,Bearing2_2,42,RMS-Trend (kσ),rms_trend,decimate,20,20.0,2019-01-01 01:24:00,2019-01-01 02:40:00,1.27,0.3333333333333333,0.9333333333333333,,0.2631578947368421,0.3333333333333333,0.0,True,3,3,1,True,False,terminal,rms_kurt,load_pipeline (invariant)
XJTU-SY,Bearing2_2,42,3σ Rule (σ=3.0),three_sigma,decimate,20,20.0,2019-01-01 01:24:00,2019-01-01 02:40:00,1.27,1.0,0.26666666666666666,,0.7894736842105263,0.0,100.0,True,3,3,1,True,False,terminal,rms_kurt,load_pipeline (invariant)
XJTU-SY,Bearing2_2,42,"EWMA (λ=0.2, k=3.0)",ewma,decimate,20,20.0,2019-01-01 01:24:00,2019-01-01 02:40:00,1.27,1.0,0.26666666666666666,,0.7894736842105263,0.0,100.0,True,3,3,1,True,False,terminal,rms_kurt,load_pipeline (invariant)
XJTU-SY,Bearing2_2,42,"CUSUM (k=0.5, h=5.0)",cusum,decimate,20,20.0,2019-01-01 01:24:00,2019-01-01 02:40:00,1.27,1.0,0.26666666666666666,,0.7894736842105263,0.0,100.0,True,3,3,1,True,False,terminal,rms_kurt,load_pipeline (invariant)
XJTU-SY,Bearing2_2,42,Hotelling T²,hotelling_t2,decimate,20,20.0,2019-01-01 01:24:00,2019-01-01 02:40:00,1.27,1.0,0.26666666666666666,,0.7894736842105263,0.0,100.0,True,3,3,1,True,False,terminal,rms_kurt,load_pipeline (invariant)
XJTU-SY,Bearing2_2,42,Isolation Forest,isolation_forest,decimate,20,20.0,2019-01-01 01:24:00,2019-01-01 02:40:00,1.27,1.0,0.26666666666666666,,0.7894736842105263,0.0,100.0,True,3,3,1,True,False,terminal,rms_kurt,load_pipeline (invariant)
XJTU-SY,Bearing2_2,42,Deep SVDD,deep_svdd,decimate,20,20.0,2019-01-01 01:24:00,2019-01-01 02:40:00,1.27,0.3333333333333333,0.9333333333333333,,0.2631578947368421,0.3333333333333333,0.0,True,3,3,1,True,False,terminal,rms_kurt,load_pipeline (invariant)
XJTU-SY,Bearing2_2,42,LSTM-Autoencoder,lstm_ae,decimate,20,20.0,2019-01-01 01:24:00,2019-01-01 02:40:00,1.27,,,,,,,False,3,3,1,True,False,terminal,rms_kurt,load_pipeline (invariant)
XJTU-SY,Bearing2_2,42,TCN-Autoencoder,tcn,decimate,20,20.0,2019-01-01 01:24:00,2019-01-01 02:40:00,1.27,,,,,,,False,3,3,1,True,False,terminal,rms_kurt,load_pipeline (invariant)
XJTU-SY,Bearing2_2,42,Transformer-AD,transformer_ad,decimate,20,20.0,2019-01-01 01:24:00,2019-01-01 02:40:00,1.27,,,,,,,False,3,3,1,True,False,terminal,rms_kurt,load_pipeline (invariant)
XJTU-SY,Bearing2_3,42,RMS-Trend (kσ),rms_trend,aggregate,1,1.0,2019-01-01 05:23:00,2019-01-01 08:52:00,3.48,0.0,,0.0,0.0,0.0,0.0,False,42,10,3,False,False,terminal,rms_kurt,load_pipeline (invariant)
XJTU-SY,Bearing2_3,42,3σ Rule (σ=3.0),three_sigma,aggregate,1,1.0,2019-01-01 05:23:00,2019-01-01 08:52:00,3.48,3.533333333333333,,100.0,1.014354066985646,0.0,100.0,False,42,10,3,False,False,terminal,rms_kurt,load_pipeline (invariant)
XJTU-SY,Bearing2_3,42,"EWMA (λ=0.2, k=3.0)",ewma,aggregate,1,1.0,2019-01-01 05:23:00,2019-01-01 08:52:00,3.48,3.45,0.03333333333333333,0.0,0.9904306220095694,0.0,66.66666666666666,True,42,10,3,False,False,terminal,rms_kurt,load_pipeline (invariant)
XJTU-SY,Bearing2_3,42,"CUSUM (k=0.5, h=5.0)",cusum,aggregate,1,1.0,2019-01-01 05:23:00,2019-01-01 08:52:00,3.48,3.45,0.03333333333333333,0.0,0.9904306220095694,0.0,66.66666666666666,True,42,10,3,False,False,terminal,rms_kurt,load_pipeline (invariant)
XJTU-SY,Bearing2_3,42,Hotelling T²,hotelling_t2,aggregate,1,1.0,2019-01-01 05:23:00,2019-01-01 08:52:00,3.48,3.533333333333333,,100.0,1.014354066985646,0.0,100.0,False,42,10,3,False,False,terminal,rms_kurt,load_pipeline (invariant)
XJTU-SY,Bearing2_3,42,Isolation Forest,isolation_forest,aggregate,1,1.0,2019-01-01 05:23:00,2019-01-01 08:52:00,3.48,3.533333333333333,,100.0,1.014354066985646,0.0,100.0,False,42,10,3,False,False,terminal,rms_kurt,load_pipeline (invariant)
XJTU-SY,Bearing2_3,42,Deep SVDD,deep_svdd,aggregate,1,1.0,2019-01-01 05:23:00,2019-01-01 08:52:00,3.48,0.0,,0.0,0.0,0.0,0.0,False,42,10,3,False,False,terminal,rms_kurt,load_pipeline (invariant)
XJTU-SY,Bearing2_3,42,LSTM-Autoencoder,lstm_ae,aggregate,1,1.0,2019-01-01 05:23:00,2019-01-01 08:52:00,3.48,3.533333333333333,,100.0,1.014354066985646,0.0,100.0,False,42,10,3,False,False,terminal,rms_kurt,load_pipeline (invariant)
XJTU-SY,Bearing2_3,42,TCN-Autoencoder,tcn,aggregate,1,1.0,2019-01-01 05:23:00,2019-01-01 08:52:00,3.48,3.533333333333333,,100.0,1.014354066985646,0.0,100.0,False,42,10,3,False,False,terminal,rms_kurt,load_pipeline (invariant)
XJTU-SY,Bearing2_3,42,Transformer-AD,transformer_ad,aggregate,1,1.0,2019-01-01 05:23:00,2019-01-01 08:52:00,3.48,3.533333333333333,,100.0,1.014354066985646,0.0,100.0,False,42,10,3,False,False,terminal,rms_kurt,load_pipeline (invariant)
XJTU-SY,Bearing2_3,42,RMS-Trend (kσ),rms_trend,aggregate,2,2.0,2019-01-01 05:23:00,2019-01-01 08:52:00,3.48,0.0,,0.0,0.0,0.0,0.0,False,53,5,4,False,False,terminal,rms_kurt,load_pipeline (invariant)
XJTU-SY,Bearing2_3,42,3σ Rule (σ=3.0),three_sigma,aggregate,2,2.0,2019-01-01 05:23:00,2019-01-01 08:52:00,3.48,3.533333333333333,,100.0,1.014354066985646,0.0,100.0,False,53,5,4,False,False,terminal,rms_kurt,load_pipeline (invariant)
XJTU-SY,Bearing2_3,42,"EWMA (λ=0.2, k=3.0)",ewma,aggregate,2,2.0,2019-01-01 05:23:00,2019-01-01 08:52:00,3.48,3.533333333333333,,100.0,1.014354066985646,0.0,100.0,False,53,5,4,False,False,terminal,rms_kurt,load_pipeline (invariant)
XJTU-SY,Bearing2_3,42,"CUSUM (k=0.5, h=5.0)",cusum,aggregate,2,2.0,2019-01-01 05:23:00,2019-01-01 08:52:00,3.48,3.466666666666667,0.016666666666666666,0.0,0.9952153110047847,0.0,66.66666666666666,True,53,5,4,False,False,terminal,rms_kurt,load_pipeline (invariant)
XJTU-SY,Bearing2_3,42,Hotelling T²,hotelling_t2,aggregate,2,2.0,2019-01-01 05:23:00,2019-01-01 08:52:00,3.48,3.533333333333333,,100.0,1.014354066985646,0.0,100.0,False,53,5,4,False,False,terminal,rms_kurt,load_pipeline (invariant)
XJTU-SY,Bearing2_3,42,Isolation Forest,isolation_forest,aggregate,2,2.0,2019-01-01 05:23:00,2019-01-01 08:52:00,3.48,3.2666666666666666,0.21666666666666667,0.0,0.937799043062201,3.2666666666666666,0.0,True,53,5,4,False,False,terminal,rms_kurt,load_pipeline (invariant)
XJTU-SY,Bearing2_3,42,Deep SVDD,deep_svdd,aggregate,2,2.0,2019-01-01 05:23:00,2019-01-01 08:52:00,3.48,0.0,,0.0,0.0,0.0,0.0,False,53,5,4,False,False,terminal,rms_kurt,load_pipeline (invariant)
XJTU-SY,Bearing2_3,42,LSTM-Autoencoder,lstm_ae,aggregate,2,2.0,2019-01-01 05:23:00,2019-01-01 08:52:00,3.48,3.533333333333333,,100.0,1.014354066985646,0.0,100.0,False,53,5,4,False,False,terminal,rms_kurt,load_pipeline (invariant)
XJTU-SY,Bearing2_3,42,TCN-Autoencoder,tcn,aggregate,2,2.0,2019-01-01 05:23:00,2019-01-01 08:52:00,3.48,3.533333333333333,,100.0,1.014354066985646,0.0,100.0,False,53,5,4,False,False,terminal,rms_kurt,load_pipeline (invariant)
XJTU-SY,Bearing2_3,42,Transformer-AD,transformer_ad,aggregate,2,2.0,2019-01-01 05:23:00,2019-01-01 08:52:00,3.48,3.533333333333333,,100.0,1.014354066985646,0.0,100.0,False,53,5,4,False,False,terminal,rms_kurt,load_pipeline (invariant)
XJTU-SY,Bearing2_3,42,RMS-Trend (kσ),rms_trend,aggregate,5,5.0,2019-01-01 05:23:00,2019-01-01 08:52:00,3.48,0.0,,0.0,0.0,0.0,0.0,False,42,3,2,True,False,terminal,rms_kurt,load_pipeline (invariant)
XJTU-SY,Bearing2_3,42,3σ Rule (σ=3.0),three_sigma,aggregate,5,5.0,2019-01-01 05:23:00,2019-01-01 08:52:00,3.48,3.533333333333333,,100.0,1.014354066985646,0.0,100.0,False,42,3,2,True,False,terminal,rms_kurt,load_pipeline (invariant)
XJTU-SY,Bearing2_3,42,"EWMA (λ=0.2, k=3.0)",ewma,aggregate,5,5.0,2019-01-01 05:23:00,2019-01-01 08:52:00,3.48,3.533333333333333,,100.0,1.014354066985646,0.0,100.0,False,42,3,2,True,False,terminal,rms_kurt,load_pipeline (invariant)
XJTU-SY,Bearing2_3,42,"CUSUM (k=0.5, h=5.0)",cusum,aggregate,5,5.0,2019-01-01 05:23:00,2019-01-01 08:52:00,3.48,3.533333333333333,,100.0,1.014354066985646,0.0,100.0,False,42,3,2,True,False,terminal,rms_kurt,load_pipeline (invariant)
XJTU-SY,Bearing2_3,42,Hotelling T²,hotelling_t2,aggregate,5,5.0,2019-01-01 05:23:00,2019-01-01 08:52:00,3.48,3.533333333333333,,100.0,1.014354066985646,0.0,100.0,False,42,3,2,True,False,terminal,rms_kurt,load_pipeline (invariant)
XJTU-SY,Bearing2_3,42,Isolation Forest,isolation_forest,aggregate,5,5.0,2019-01-01 05:23:00,2019-01-01 08:52:00,3.48,3.533333333333333,,100.0,1.014354066985646,0.0,100.0,False,42,3,2,True,False,terminal,rms_kurt,load_pipeline (invariant)
XJTU-SY,Bearing2_3,42,Deep SVDD,deep_svdd,aggregate,5,5.0,2019-01-01 05:23:00,2019-01-01 08:52:00,3.48,0.0,,0.0,0.0,0.0,0.0,False,42,3,2,True,False,terminal,rms_kurt,load_pipeline (invariant)
XJTU-SY,Bearing2_3,42,LSTM-Autoencoder,lstm_ae,aggregate,5,5.0,2019-01-01 05:23:00,2019-01-01 08:52:00,3.48,3.533333333333333,,100.0,1.014354066985646,0.0,100.0,False,42,3,2,True,False,terminal,rms_kurt,load_pipeline (invariant)
XJTU-SY,Bearing2_3,42,TCN-Autoencoder,tcn,aggregate,5,5.0,2019-01-01 05:23:00,2019-01-01 08:52:00,3.48,3.533333333333333,,100.0,1.014354066985646,0.0,100.0,False,42,3,2,True,False,terminal,rms_kurt,load_pipeline (invariant)
XJTU-SY,Bearing2_3,42,Transformer-AD,transformer_ad,aggregate,5,5.0,2019-01-01 05:23:00,2019-01-01 08:52:00,3.48,3.533333333333333,,100.0,1.014354066985646,0.0,100.0,False,42,3,2,True,False,terminal,rms_kurt,load_pipeline (invariant)
XJTU-SY,Bearing2_3,42,RMS-Trend (kσ),rms_trend,aggregate,10,10.0,2019-01-01 05:23:00,2019-01-01 08:52:00,3.48,0.5333333333333333,2.95,0.0,0.15311004784688995,0.5333333333333333,0.0,True,21,3,1,True,False,terminal,rms_kurt,load_pipeline (invariant)
XJTU-SY,Bearing2_3,42,3σ Rule (σ=3.0),three_sigma,aggregate,10,10.0,2019-01-01 05:23:00,2019-01-01 08:52:00,3.48,3.533333333333333,,100.0,1.014354066985646,0.0,100.0,False,21,3,1,True,False,terminal,rms_kurt,load_pipeline (invariant)
XJTU-SY,Bearing2_3,42,"EWMA (λ=0.2, k=3.0)",ewma,aggregate,10,10.0,2019-01-01 05:23:00,2019-01-01 08:52:00,3.48,3.533333333333333,,100.0,1.014354066985646,0.0,100.0,False,21,3,1,True,False,terminal,rms_kurt,load_pipeline (invariant)
XJTU-SY,Bearing2_3,42,"CUSUM (k=0.5, h=5.0)",cusum,aggregate,10,10.0,2019-01-01 05:23:00,2019-01-01 08:52:00,3.48,3.533333333333333,,100.0,1.014354066985646,0.0,100.0,False,21,3,1,True,False,terminal,rms_kurt,load_pipeline (invariant)
XJTU-SY,Bearing2_3,42,Hotelling T²,hotelling_t2,aggregate,10,10.0,2019-01-01 05:23:00,2019-01-01 08:52:00,3.48,3.533333333333333,,100.0,1.014354066985646,0.0,100.0,False,21,3,1,True,False,terminal,rms_kurt,load_pipeline (invariant)
XJTU-SY,Bearing2_3,42,Isolation Forest,isolation_forest,aggregate,10,10.0,2019-01-01 05:23:00,2019-01-01 08:52:00,3.48,3.533333333333333,,100.0,1.014354066985646,0.0,100.0,False,21,3,1,True,False,terminal,rms_kurt,load_pipeline (invariant)
XJTU-SY,Bearing2_3,42,Deep SVDD,deep_svdd,aggregate,10,10.0,2019-01-01 05:23:00,2019-01-01 08:52:00,3.48,0.5333333333333333,2.95,0.0,0.15311004784688995,0.5333333333333333,0.0,True,21,3,1,True,False,terminal,rms_kurt,load_pipeline (invariant)
XJTU-SY,Bearing2_3,42,LSTM-Autoencoder,lstm_ae,aggregate,10,10.0,2019-01-01 05:23:00,2019-01-01 08:52:00,3.48,,,,,,,False,21,3,1,True,False,terminal,rms_kurt,load_pipeline (invariant)
XJTU-SY,Bearing2_3,42,TCN-Autoencoder,tcn,aggregate,10,10.0,2019-01-01 05:23:00,2019-01-01 08:52:00,3.48,,,,,,,False,21,3,1,True,False,terminal,rms_kurt,load_pipeline (invariant)
XJTU-SY,Bearing2_3,42,Transformer-AD,transformer_ad,aggregate,10,10.0,2019-01-01 05:23:00,2019-01-01 08:52:00,3.48,,,,,,,False,21,3,1,True,False,terminal,rms_kurt,load_pipeline (invariant)
XJTU-SY,Bearing2_3,42,RMS-Trend (kσ),rms_trend,aggregate,20,20.0,2019-01-01 05:23:00,2019-01-01 08:52:00,3.48,0.5333333333333333,2.95,0.0,0.15311004784688995,0.5333333333333333,0.0,True,10,3,1,True,False,terminal,rms_kurt,load_pipeline (invariant)
XJTU-SY,Bearing2_3,42,3σ Rule (σ=3.0),three_sigma,aggregate,20,20.0,2019-01-01 05:23:00,2019-01-01 08:52:00,3.48,3.533333333333333,,100.0,1.014354066985646,0.0,100.0,False,10,3,1,True,False,terminal,rms_kurt,load_pipeline (invariant)
XJTU-SY,Bearing2_3,42,"EWMA (λ=0.2, k=3.0)",ewma,aggregate,20,20.0,2019-01-01 05:23:00,2019-01-01 08:52:00,3.48,3.533333333333333,,100.0,1.014354066985646,0.0,100.0,False,10,3,1,True,False,terminal,rms_kurt,load_pipeline (invariant)
XJTU-SY,Bearing2_3,42,"CUSUM (k=0.5, h=5.0)",cusum,aggregate,20,20.0,2019-01-01 05:23:00,2019-01-01 08:52:00,3.48,3.533333333333333,,100.0,1.014354066985646,0.0,100.0,False,10,3,1,True,False,terminal,rms_kurt,load_pipeline (invariant)
XJTU-SY,Bearing2_3,42,Hotelling T²,hotelling_t2,aggregate,20,20.0,2019-01-01 05:23:00,2019-01-01 08:52:00,3.48,3.533333333333333,,100.0,1.014354066985646,0.0,100.0,False,10,3,1,True,False,terminal,rms_kurt,load_pipeline (invariant)
XJTU-SY,Bearing2_3,42,Isolation Forest,isolation_forest,aggregate,20,20.0,2019-01-01 05:23:00,2019-01-01 08:52:00,3.48,3.533333333333333,,100.0,1.014354066985646,0.0,100.0,False,10,3,1,True,False,terminal,rms_kurt,load_pipeline (invariant)
XJTU-SY,Bearing2_3,42,Deep SVDD,deep_svdd,aggregate,20,20.0,2019-01-01 05:23:00,2019-01-01 08:52:00,3.48,0.5333333333333333,2.95,0.0,0.15311004784688995,0.5333333333333333,0.0,True,10,3,1,True,False,terminal,rms_kurt,load_pipeline (invariant)
XJTU-SY,Bearing2_3,42,LSTM-Autoencoder,lstm_ae,aggregate,20,20.0,2019-01-01 05:23:00,2019-01-01 08:52:00,3.48,,,,,,,False,10,3,1,True,False,terminal,rms_kurt,load_pipeline (invariant)
XJTU-SY,Bearing2_3,42,TCN-Autoencoder,tcn,aggregate,20,20.0,2019-01-01 05:23:00,2019-01-01 08:52:00,3.48,,,,,,,False,10,3,1,True,False,terminal,rms_kurt,load_pipeline (invariant)
XJTU-SY,Bearing2_3,42,Transformer-AD,transformer_ad,aggregate,20,20.0,2019-01-01 05:23:00,2019-01-01 08:52:00,3.48,,,,,,,False,10,3,1,True,False,terminal,rms_kurt,load_pipeline (invariant)
XJTU-SY,Bearing2_3,42,RMS-Trend (kσ),rms_trend,decimate,1,1.0,2019-01-01 05:23:00,2019-01-01 08:52:00,3.48,0.0,,0.0,0.0,0.0,0.0,False,42,10,3,False,False,terminal,rms_kurt,load_pipeline (invariant)
XJTU-SY,Bearing2_3,42,3σ Rule (σ=3.0),three_sigma,decimate,1,1.0,2019-01-01 05:23:00,2019-01-01 08:52:00,3.48,3.533333333333333,,100.0,1.014354066985646,0.0,100.0,False,42,10,3,False,False,terminal,rms_kurt,load_pipeline (invariant)
XJTU-SY,Bearing2_3,42,"EWMA (λ=0.2, k=3.0)",ewma,decimate,1,1.0,2019-01-01 05:23:00,2019-01-01 08:52:00,3.48,3.45,0.03333333333333333,0.0,0.9904306220095694,0.0,66.66666666666666,True,42,10,3,False,False,terminal,rms_kurt,load_pipeline (invariant)
XJTU-SY,Bearing2_3,42,"CUSUM (k=0.5, h=5.0)",cusum,decimate,1,1.0,2019-01-01 05:23:00,2019-01-01 08:52:00,3.48,3.45,0.03333333333333333,0.0,0.9904306220095694,0.0,66.66666666666666,True,42,10,3,False,False,terminal,rms_kurt,load_pipeline (invariant)
XJTU-SY,Bearing2_3,42,Hotelling T²,hotelling_t2,decimate,1,1.0,2019-01-01 05:23:00,2019-01-01 08:52:00,3.48,3.533333333333333,,100.0,1.014354066985646,0.0,100.0,False,42,10,3,False,False,terminal,rms_kurt,load_pipeline (invariant)
XJTU-SY,Bearing2_3,42,Isolation Forest,isolation_forest,decimate,1,1.0,2019-01-01 05:23:00,2019-01-01 08:52:00,3.48,3.533333333333333,,100.0,1.014354066985646,0.0,100.0,False,42,10,3,False,False,terminal,rms_kurt,load_pipeline (invariant)
XJTU-SY,Bearing2_3,42,Deep SVDD,deep_svdd,decimate,1,1.0,2019-01-01 05:23:00,2019-01-01 08:52:00,3.48,0.0,,0.0,0.0,0.0,0.0,False,42,10,3,False,False,terminal,rms_kurt,load_pipeline (invariant)
XJTU-SY,Bearing2_3,42,LSTM-Autoencoder,lstm_ae,decimate,1,1.0,2019-01-01 05:23:00,2019-01-01 08:52:00,3.48,3.533333333333333,,100.0,1.014354066985646,0.0,100.0,False,42,10,3,False,False,terminal,rms_kurt,load_pipeline (invariant)
XJTU-SY,Bearing2_3,42,TCN-Autoencoder,tcn,decimate,1,1.0,2019-01-01 05:23:00,2019-01-01 08:52:00,3.48,3.533333333333333,,100.0,1.014354066985646,0.0,100.0,False,42,10,3,False,False,terminal,rms_kurt,load_pipeline (invariant)
XJTU-SY,Bearing2_3,42,Transformer-AD,transformer_ad,decimate,1,1.0,2019-01-01 05:23:00,2019-01-01 08:52:00,3.48,3.533333333333333,,100.0,1.014354066985646,0.0,100.0,False,42,10,3,False,False,terminal,rms_kurt,load_pipeline (invariant)
XJTU-SY,Bearing2_3,42,RMS-Trend (kσ),rms_trend,decimate,2,2.0,2019-01-01 05:23:00,2019-01-01 08:52:00,3.48,0.0,,0.0,0.0,0.0,0.0,False,53,5,4,False,False,terminal,rms_kurt,load_pipeline (invariant)
XJTU-SY,Bearing2_3,42,3σ Rule (σ=3.0),three_sigma,decimate,2,2.0,2019-01-01 05:23:00,2019-01-01 08:52:00,3.48,3.533333333333333,,100.0,1.014354066985646,0.0,100.0,False,53,5,4,False,False,terminal,rms_kurt,load_pipeline (invariant)
XJTU-SY,Bearing2_3,42,"EWMA (λ=0.2, k=3.0)",ewma,decimate,2,2.0,2019-01-01 05:23:00,2019-01-01 08:52:00,3.48,3.466666666666667,0.016666666666666666,0.0,0.9952153110047847,0.0,66.66666666666666,True,53,5,4,False,False,terminal,rms_kurt,load_pipeline (invariant)
XJTU-SY,Bearing2_3,42,"CUSUM (k=0.5, h=5.0)",cusum,decimate,2,2.0,2019-01-01 05:23:00,2019-01-01 08:52:00,3.48,3.466666666666667,0.016666666666666666,0.0,0.9952153110047847,0.0,66.66666666666666,True,53,5,4,False,False,terminal,rms_kurt,load_pipeline (invariant)
XJTU-SY,Bearing2_3,42,Hotelling T²,hotelling_t2,decimate,2,2.0,2019-01-01 05:23:00,2019-01-01 08:52:00,3.48,3.533333333333333,,100.0,1.014354066985646,0.0,100.0,False,53,5,4,False,False,terminal,rms_kurt,load_pipeline (invariant)
XJTU-SY,Bearing2_3,42,Isolation Forest,isolation_forest,decimate,2,2.0,2019-01-01 05:23:00,2019-01-01 08:52:00,3.48,3.2,0.2833333333333333,0.0,0.9186602870813397,3.2,0.0,True,53,5,4,False,False,terminal,rms_kurt,load_pipeline (invariant)
XJTU-SY,Bearing2_3,42,Deep SVDD,deep_svdd,decimate,2,2.0,2019-01-01 05:23:00,2019-01-01 08:52:00,3.48,0.0,,0.0,0.0,0.0,0.0,False,53,5,4,False,False,terminal,rms_kurt,load_pipeline (invariant)
XJTU-SY,Bearing2_3,42,LSTM-Autoencoder,lstm_ae,decimate,2,2.0,2019-01-01 05:23:00,2019-01-01 08:52:00,3.48,3.533333333333333,,100.0,1.014354066985646,0.0,100.0,False,53,5,4,False,False,terminal,rms_kurt,load_pipeline (invariant)
XJTU-SY,Bearing2_3,42,TCN-Autoencoder,tcn,decimate,2,2.0,2019-01-01 05:23:00,2019-01-01 08:52:00,3.48,3.533333333333333,,100.0,1.014354066985646,0.0,100.0,False,53,5,4,False,False,terminal,rms_kurt,load_pipeline (invariant)
XJTU-SY,Bearing2_3,42,Transformer-AD,transformer_ad,decimate,2,2.0,2019-01-01 05:23:00,2019-01-01 08:52:00,3.48,3.533333333333333,,100.0,1.014354066985646,0.0,100.0,False,53,5,4,False,False,terminal,rms_kurt,load_pipeline (invariant)
XJTU-SY,Bearing2_3,42,RMS-Trend (kσ),rms_trend,decimate,5,5.0,2019-01-01 05:23:00,2019-01-01 08:52:00,3.48,0.0,,0.0,0.0,0.0,0.0,False,42,3,2,True,False,terminal,rms_kurt,load_pipeline (invariant)
XJTU-SY,Bearing2_3,42,3σ Rule (σ=3.0),three_sigma,decimate,5,5.0,2019-01-01 05:23:00,2019-01-01 08:52:00,3.48,3.533333333333333,,100.0,1.014354066985646,0.0,100.0,False,42,3,2,True,False,terminal,rms_kurt,load_pipeline (invariant)
XJTU-SY,Bearing2_3,42,"EWMA (λ=0.2, k=3.0)",ewma,decimate,5,5.0,2019-01-01 05:23:00,2019-01-01 08:52:00,3.48,3.533333333333333,,100.0,1.014354066985646,0.0,100.0,False,42,3,2,True,False,terminal,rms_kurt,load_pipeline (invariant)
XJTU-SY,Bearing2_3,42,"CUSUM (k=0.5, h=5.0)",cusum,decimate,5,5.0,2019-01-01 05:23:00,2019-01-01 08:52:00,3.48,3.533333333333333,,100.0,1.014354066985646,0.0,100.0,False,42,3,2,True,False,terminal,rms_kurt,load_pipeline (invariant)
XJTU-SY,Bearing2_3,42,Hotelling T²,hotelling_t2,decimate,5,5.0,2019-01-01 05:23:00,2019-01-01 08:52:00,3.48,3.533333333333333,,100.0,1.014354066985646,0.0,100.0,False,42,3,2,True,False,terminal,rms_kurt,load_pipeline (invariant)
XJTU-SY,Bearing2_3,42,Isolation Forest,isolation_forest,decimate,5,5.0,2019-01-01 05:23:00,2019-01-01 08:52:00,3.48,3.533333333333333,,100.0,1.014354066985646,0.0,100.0,False,42,3,2,True,False,terminal,rms_kurt,load_pipeline (invariant)
XJTU-SY,Bearing2_3,42,Deep SVDD,deep_svdd,decimate,5,5.0,2019-01-01 05:23:00,2019-01-01 08:52:00,3.48,0.2,3.283333333333333,0.0,0.05741626794258373,0.2,0.0,True,42,3,2,True,False,terminal,rms_kurt,load_pipeline (invariant)
XJTU-SY,Bearing2_3,42,LSTM-Autoencoder,lstm_ae,decimate,5,5.0,2019-01-01 05:23:00,2019-01-01 08:52:00,3.48,3.533333333333333,,100.0,1.014354066985646,0.0,100.0,False,42,3,2,True,False,terminal,rms_kurt,load_pipeline (invariant)
XJTU-SY,Bearing2_3,42,TCN-Autoencoder,tcn,decimate,5,5.0,2019-01-01 05:23:00,2019-01-01 08:52:00,3.48,3.533333333333333,,100.0,1.014354066985646,0.0,100.0,False,42,3,2,True,False,terminal,rms_kurt,load_pipeline (invariant)
XJTU-SY,Bearing2_3,42,Transformer-AD,transformer_ad,decimate,5,5.0,2019-01-01 05:23:00,2019-01-01 08:52:00,3.48,3.533333333333333,,100.0,1.014354066985646,0.0,100.0,False,42,3,2,True,False,terminal,rms_kurt,load_pipeline (invariant)
XJTU-SY,Bearing2_3,42,RMS-Trend (kσ),rms_trend,decimate,10,10.0,2019-01-01 05:23:00,2019-01-01 08:52:00,3.48,0.36666666666666664,3.1166666666666667,0.0,0.10526315789473684,0.36666666666666664,0.0,True,21,3,1,True,False,terminal,rms_kurt,load_pipeline (invariant)
XJTU-SY,Bearing2_3,42,3σ Rule (σ=3.0),three_sigma,decimate,10,10.0,2019-01-01 05:23:00,2019-01-01 08:52:00,3.48,3.533333333333333,,100.0,1.014354066985646,0.0,100.0,False,21,3,1,True,False,terminal,rms_kurt,load_pipeline (invariant)
XJTU-SY,Bearing2_3,42,"EWMA (λ=0.2, k=3.0)",ewma,decimate,10,10.0,2019-01-01 05:23:00,2019-01-01 08:52:00,3.48,3.533333333333333,,100.0,1.014354066985646,0.0,100.0,False,21,3,1,True,False,terminal,rms_kurt,load_pipeline (invariant)
XJTU-SY,Bearing2_3,42,"CUSUM (k=0.5, h=5.0)",cusum,decimate,10,10.0,2019-01-01 05:23:00,2019-01-01 08:52:00,3.48,3.533333333333333,,100.0,1.014354066985646,0.0,100.0,False,21,3,1,True,False,terminal,rms_kurt,load_pipeline (invariant)
XJTU-SY,Bearing2_3,42,Hotelling T²,hotelling_t2,decimate,10,10.0,2019-01-01 05:23:00,2019-01-01 08:52:00,3.48,3.533333333333333,,100.0,1.014354066985646,0.0,100.0,False,21,3,1,True,False,terminal,rms_kurt,load_pipeline (invariant)
XJTU-SY,Bearing2_3,42,Isolation Forest,isolation_forest,decimate,10,10.0,2019-01-01 05:23:00,2019-01-01 08:52:00,3.48,3.533333333333333,,100.0,1.014354066985646,0.0,100.0,False,21,3,1,True,False,terminal,rms_kurt,load_pipeline (invariant)
XJTU-SY,Bearing2_3,42,Deep SVDD,deep_svdd,decimate,10,10.0,2019-01-01 05:23:00,2019-01-01 08:52:00,3.48,0.36666666666666664,3.1166666666666667,0.0,0.10526315789473684,0.36666666666666664,0.0,True,21,3,1,True,False,terminal,rms_kurt,load_pipeline (invariant)
XJTU-SY,Bearing2_3,42,LSTM-Autoencoder,lstm_ae,decimate,10,10.0,2019-01-01 05:23:00,2019-01-01 08:52:00,3.48,,,,,,,False,21,3,1,True,False,terminal,rms_kurt,load_pipeline (invariant)
XJTU-SY,Bearing2_3,42,TCN-Autoencoder,tcn,decimate,10,10.0,2019-01-01 05:23:00,2019-01-01 08:52:00,3.48,,,,,,,False,21,3,1,True,False,terminal,rms_kurt,load_pipeline (invariant)
XJTU-SY,Bearing2_3,42,Transformer-AD,transformer_ad,decimate,10,10.0,2019-01-01 05:23:00,2019-01-01 08:52:00,3.48,,,,,,,False,21,3,1,True,False,terminal,rms_kurt,load_pipeline (invariant)
XJTU-SY,Bearing2_3,42,RMS-Trend (kσ),rms_trend,decimate,20,20.0,2019-01-01 05:23:00,2019-01-01 08:52:00,3.48,0.5333333333333333,2.95,0.0,0.15311004784688995,0.5333333333333333,0.0,True,10,3,1,True,False,terminal,rms_kurt,load_pipeline (invariant)
XJTU-SY,Bearing2_3,42,3σ Rule (σ=3.0),three_sigma,decimate,20,20.0,2019-01-01 05:23:00,2019-01-01 08:52:00,3.48,3.533333333333333,,100.0,1.014354066985646,0.0,100.0,False,10,3,1,True,False,terminal,rms_kurt,load_pipeline (invariant)
XJTU-SY,Bearing2_3,42,"EWMA (λ=0.2, k=3.0)",ewma,decimate,20,20.0,2019-01-01 05:23:00,2019-01-01 08:52:00,3.48,3.533333333333333,,100.0,1.014354066985646,0.0,100.0,False,10,3,1,True,False,terminal,rms_kurt,load_pipeline (invariant)
XJTU-SY,Bearing2_3,42,"CUSUM (k=0.5, h=5.0)",cusum,decimate,20,20.0,2019-01-01 05:23:00,2019-01-01 08:52:00,3.48,3.533333333333333,,100.0,1.014354066985646,0.0,100.0,False,10,3,1,True,False,terminal,rms_kurt,load_pipeline (invariant)
XJTU-SY,Bearing2_3,42,Hotelling T²,hotelling_t2,decimate,20,20.0,2019-01-01 05:23:00,2019-01-01 08:52:00,3.48,3.533333333333333,,100.0,1.014354066985646,0.0,100.0,False,10,3,1,True,False,terminal,rms_kurt,load_pipeline (invariant)
XJTU-SY,Bearing2_3,42,Isolation Forest,isolation_forest,decimate,20,20.0,2019-01-01 05:23:00,2019-01-01 08:52:00,3.48,3.533333333333333,,100.0,1.014354066985646,0.0,100.0,False,10,3,1,True,False,terminal,rms_kurt,load_pipeline (invariant)
XJTU-SY,Bearing2_3,42,Deep SVDD,deep_svdd,decimate,20,20.0,2019-01-01 05:23:00,2019-01-01 08:52:00,3.48,0.5333333333333333,2.95,0.0,0.15311004784688995,0.5333333333333333,0.0,True,10,3,1,True,False,terminal,rms_kurt,load_pipeline (invariant)
XJTU-SY,Bearing2_3,42,LSTM-Autoencoder,lstm_ae,decimate,20,20.0,2019-01-01 05:23:00,2019-01-01 08:52:00,3.48,,,,,,,False,10,3,1,True,False,terminal,rms_kurt,load_pipeline (invariant)
XJTU-SY,Bearing2_3,42,TCN-Autoencoder,tcn,decimate,20,20.0,2019-01-01 05:23:00,2019-01-01 08:52:00,3.48,,,,,,,False,10,3,1,True,False,terminal,rms_kurt,load_pipeline (invariant)
XJTU-SY,Bearing2_3,42,Transformer-AD,transformer_ad,decimate,20,20.0,2019-01-01 05:23:00,2019-01-01 08:52:00,3.48,,,,,,,False,10,3,1,True,False,terminal,rms_kurt,load_pipeline (invariant)
XJTU-SY,Bearing2_4,42,RMS-Trend (kσ),rms_trend,aggregate,1,1.0,2019-01-01 00:30:00,2019-01-01 00:41:00,0.18,0.0,,0.0,0.0,0.0,0.0,False,3,10,3,False,False,terminal,rms_kurt,load_pipeline (invariant)
XJTU-SY,Bearing2_4,42,3σ Rule (σ=3.0),three_sigma,aggregate,1,1.0,2019-01-01 00:30:00,2019-01-01 00:41:00,0.18,0.26666666666666666,,100.0,1.4545454545454546,0.0,100.0,False,3,10,3,False,False,terminal,rms_kurt,load_pipeline (invariant)
XJTU-SY,Bearing2_4,42,"EWMA (λ=0.2, k=3.0)",ewma,aggregate,1,1.0,2019-01-01 00:30:00,2019-01-01 00:41:00,0.18,0.26666666666666666,,100.0,1.4545454545454546,0.0,100.0,False,3,10,3,False,False,terminal,rms_kurt,load_pipeline (invariant)
XJTU-SY,Bearing2_4,42,"CUSUM (k=0.5, h=5.0)",cusum,aggregate,1,1.0,2019-01-01 00:30:00,2019-01-01 00:41:00,0.18,0.26666666666666666,,100.0,1.4545454545454546,0.0,100.0,False,3,10,3,False,False,terminal,rms_kurt,load_pipeline (invariant)
XJTU-SY,Bearing2_4,42,Hotelling T²,hotelling_t2,aggregate,1,1.0,2019-01-01 00:30:00,2019-01-01 00:41:00,0.18,0.26666666666666666,,100.0,1.4545454545454546,0.0,100.0,False,3,10,3,False,False,terminal,rms_kurt,load_pipeline (invariant)
XJTU-SY,Bearing2_4,42,Isolation Forest,isolation_forest,aggregate,1,1.0,2019-01-01 00:30:00,2019-01-01 00:41:00,0.18,0.26666666666666666,,100.0,1.4545454545454546,0.0,100.0,False,3,10,3,False,False,terminal,rms_kurt,load_pipeline (invariant)
XJTU-SY,Bearing2_4,42,Deep SVDD,deep_svdd,aggregate,1,1.0,2019-01-01 00:30:00,2019-01-01 00:41:00,0.18,0.0,,0.0,0.0,0.0,0.0,False,3,10,3,False,False,terminal,rms_kurt,load_pipeline (invariant)
XJTU-SY,Bearing2_4,42,LSTM-Autoencoder,lstm_ae,aggregate,1,1.0,2019-01-01 00:30:00,2019-01-01 00:41:00,0.18,,,,,,,False,3,10,3,False,False,terminal,rms_kurt,load_pipeline (invariant)
XJTU-SY,Bearing2_4,42,TCN-Autoencoder,tcn,aggregate,1,1.0,2019-01-01 00:30:00,2019-01-01 00:41:00,0.18,,,,,,,False,3,10,3,False,False,terminal,rms_kurt,load_pipeline (invariant)
XJTU-SY,Bearing2_4,42,Transformer-AD,transformer_ad,aggregate,1,1.0,2019-01-01 00:30:00,2019-01-01 00:41:00,0.18,,,,,,,False,3,10,3,False,False,terminal,rms_kurt,load_pipeline (invariant)
XJTU-SY,Bearing2_4,42,RMS-Trend (kσ),rms_trend,aggregate,2,2.0,2019-01-01 00:30:00,2019-01-01 00:41:00,0.18,0.0,,0.0,0.0,0.0,0.0,False,4,5,4,False,False,terminal,rms_kurt,load_pipeline (invariant)
XJTU-SY,Bearing2_4,42,3σ Rule (σ=3.0),three_sigma,aggregate,2,2.0,2019-01-01 00:30:00,2019-01-01 00:41:00,0.18,0.2833333333333333,,100.0,1.5454545454545454,0.0,100.0,False,4,5,4,False,False,terminal,rms_kurt,load_pipeline (invariant)
XJTU-SY,Bearing2_4,42,"EWMA (λ=0.2, k=3.0)",ewma,aggregate,2,2.0,2019-01-01 00:30:00,2019-01-01 00:41:00,0.18,0.2833333333333333,,100.0,1.5454545454545454,0.0,100.0,False,4,5,4,False,False,terminal,rms_kurt,load_pipeline (invariant)
XJTU-SY,Bearing2_4,42,"CUSUM (k=0.5, h=5.0)",cusum,aggregate,2,2.0,2019-01-01 00:30:00,2019-01-01 00:41:00,0.18,0.2833333333333333,,100.0,1.5454545454545454,0.0,100.0,False,4,5,4,False,False,terminal,rms_kurt,load_pipeline (invariant)
XJTU-SY,Bearing2_4,42,Hotelling T²,hotelling_t2,aggregate,2,2.0,2019-01-01 00:30:00,2019-01-01 00:41:00,0.18,0.2833333333333333,,100.0,1.5454545454545454,0.0,100.0,False,4,5,4,False,False,terminal,rms_kurt,load_pipeline (invariant)
XJTU-SY,Bearing2_4,42,Isolation Forest,isolation_forest,aggregate,2,2.0,2019-01-01 00:30:00,2019-01-01 00:41:00,0.18,0.0,,0.0,0.0,0.0,0.0,False,4,5,4,False,False,terminal,rms_kurt,load_pipeline (invariant)
XJTU-SY,Bearing2_4,42,Deep SVDD,deep_svdd,aggregate,2,2.0,2019-01-01 00:30:00,2019-01-01 00:41:00,0.18,0.0,,0.0,0.0,0.0,0.0,False,4,5,4,False,False,terminal,rms_kurt,load_pipeline (invariant)
XJTU-SY,Bearing2_4,42,LSTM-Autoencoder,lstm_ae,aggregate,2,2.0,2019-01-01 00:30:00,2019-01-01 00:41:00,0.18,,,,,,,False,4,5,4,False,False,terminal,rms_kurt,load_pipeline (invariant)
XJTU-SY,Bearing2_4,42,TCN-Autoencoder,tcn,aggregate,2,2.0,2019-01-01 00:30:00,2019-01-01 00:41:00,0.18,,,,,,,False,4,5,4,False,False,terminal,rms_kurt,load_pipeline (invariant)
XJTU-SY,Bearing2_4,42,Transformer-AD,transformer_ad,aggregate,2,2.0,2019-01-01 00:30:00,2019-01-01 00:41:00,0.18,,,,,,,False,4,5,4,False,False,terminal,rms_kurt,load_pipeline (invariant)
XJTU-SY,Bearing2_4,42,RMS-Trend (kσ),rms_trend,aggregate,5,5.0,2019-01-01 00:30:00,2019-01-01 00:41:00,0.18,0.0,,0.0,0.0,0.0,0.0,False,3,3,2,True,False,terminal,rms_kurt,load_pipeline (invariant)
XJTU-SY,Bearing2_4,42,3σ Rule (σ=3.0),three_sigma,aggregate,5,5.0,2019-01-01 00:30:00,2019-01-01 00:41:00,0.18,0.26666666666666666,,100.0,1.4545454545454546,0.0,100.0,False,3,3,2,True,False,terminal,rms_kurt,load_pipeline (invariant)
XJTU-SY,Bearing2_4,42,"EWMA (λ=0.2, k=3.0)",ewma,aggregate,5,5.0,2019-01-01 00:30:00,2019-01-01 00:41:00,0.18,0.26666666666666666,,100.0,1.4545454545454546,0.0,100.0,False,3,3,2,True,False,terminal,rms_kurt,load_pipeline (invariant)
XJTU-SY,Bearing2_4,42,"CUSUM (k=0.5, h=5.0)",cusum,aggregate,5,5.0,2019-01-01 00:30:00,2019-01-01 00:41:00,0.18,0.26666666666666666,,100.0,1.4545454545454546,0.0,100.0,False,3,3,2,True,False,terminal,rms_kurt,load_pipeline (invariant)
XJTU-SY,Bearing2_4,42,Hotelling T²,hotelling_t2,aggregate,5,5.0,2019-01-01 00:30:00,2019-01-01 00:41:00,0.18,0.26666666666666666,,100.0,1.4545454545454546,0.0,100.0,False,3,3,2,True,False,terminal,rms_kurt,load_pipeline (invariant)
XJTU-SY,Bearing2_4,42,Isolation Forest,isolation_forest,aggregate,5,5.0,2019-01-01 00:30:00,2019-01-01 00:41:00,0.18,0.0,,0.0,0.0,0.0,0.0,False,3,3,2,True,False,terminal,rms_kurt,load_pipeline (invariant)
XJTU-SY,Bearing2_4,42,Deep SVDD,deep_svdd,aggregate,5,5.0,2019-01-01 00:30:00,2019-01-01 00:41:00,0.18,0.0,,0.0,0.0,0.0,0.0,False,3,3,2,True,False,terminal,rms_kurt,load_pipeline (invariant)
XJTU-SY,Bearing2_4,42,LSTM-Autoencoder,lstm_ae,aggregate,5,5.0,2019-01-01 00:30:00,2019-01-01 00:41:00,0.18,,,,,,,False,3,3,2,True,False,terminal,rms_kurt,load_pipeline (invariant)
XJTU-SY,Bearing2_4,42,TCN-Autoencoder,tcn,aggregate,5,5.0,2019-01-01 00:30:00,2019-01-01 00:41:00,0.18,,,,,,,False,3,3,2,True,False,terminal,rms_kurt,load_pipeline (invariant)
XJTU-SY,Bearing2_4,42,Transformer-AD,transformer_ad,aggregate,5,5.0,2019-01-01 00:30:00,2019-01-01 00:41:00,0.18,,,,,,,False,3,3,2,True,False,terminal,rms_kurt,load_pipeline (invariant)
XJTU-SY,Bearing2_4,42,RMS-Trend (kσ),rms_trend,decimate,1,1.0,2019-01-01 00:30:00,2019-01-01 00:41:00,0.18,0.0,,0.0,0.0,0.0,0.0,False,3,10,3,False,False,terminal,rms_kurt,load_pipeline (invariant)
XJTU-SY,Bearing2_4,42,3σ Rule (σ=3.0),three_sigma,decimate,1,1.0,2019-01-01 00:30:00,2019-01-01 00:41:00,0.18,0.26666666666666666,,100.0,1.4545454545454546,0.0,100.0,False,3,10,3,False,False,terminal,rms_kurt,load_pipeline (invariant)
XJTU-SY,Bearing2_4,42,"EWMA (λ=0.2, k=3.0)",ewma,decimate,1,1.0,2019-01-01 00:30:00,2019-01-01 00:41:00,0.18,0.26666666666666666,,100.0,1.4545454545454546,0.0,100.0,False,3,10,3,False,False,terminal,rms_kurt,load_pipeline (invariant)
XJTU-SY,Bearing2_4,42,"CUSUM (k=0.5, h=5.0)",cusum,decimate,1,1.0,2019-01-01 00:30:00,2019-01-01 00:41:00,0.18,0.26666666666666666,,100.0,1.4545454545454546,0.0,100.0,False,3,10,3,False,False,terminal,rms_kurt,load_pipeline (invariant)
XJTU-SY,Bearing2_4,42,Hotelling T²,hotelling_t2,decimate,1,1.0,2019-01-01 00:30:00,2019-01-01 00:41:00,0.18,0.26666666666666666,,100.0,1.4545454545454546,0.0,100.0,False,3,10,3,False,False,terminal,rms_kurt,load_pipeline (invariant)
XJTU-SY,Bearing2_4,42,Isolation Forest,isolation_forest,decimate,1,1.0,2019-01-01 00:30:00,2019-01-01 00:41:00,0.18,0.26666666666666666,,100.0,1.4545454545454546,0.0,100.0,False,3,10,3,False,False,terminal,rms_kurt,load_pipeline (invariant)
XJTU-SY,Bearing2_4,42,Deep SVDD,deep_svdd,decimate,1,1.0,2019-01-01 00:30:00,2019-01-01 00:41:00,0.18,0.0,,0.0,0.0,0.0,0.0,False,3,10,3,False,False,terminal,rms_kurt,load_pipeline (invariant)
XJTU-SY,Bearing2_4,42,LSTM-Autoencoder,lstm_ae,decimate,1,1.0,2019-01-01 00:30:00,2019-01-01 00:41:00,0.18,,,,,,,False,3,10,3,False,False,terminal,rms_kurt,load_pipeline (invariant)
XJTU-SY,Bearing2_4,42,TCN-Autoencoder,tcn,decimate,1,1.0,2019-01-01 00:30:00,2019-01-01 00:41:00,0.18,,,,,,,False,3,10,3,False,False,terminal,rms_kurt,load_pipeline (invariant)
XJTU-SY,Bearing2_4,42,Transformer-AD,transformer_ad,decimate,1,1.0,2019-01-01 00:30:00,2019-01-01 00:41:00,0.18,,,,,,,False,3,10,3,False,False,terminal,rms_kurt,load_pipeline (invariant)
XJTU-SY,Bearing2_4,42,RMS-Trend (kσ),rms_trend,decimate,2,2.0,2019-01-01 00:30:00,2019-01-01 00:41:00,0.18,0.0,,0.0,0.0,0.0,0.0,False,4,5,4,False,False,terminal,rms_kurt,load_pipeline (invariant)
XJTU-SY,Bearing2_4,42,3σ Rule (σ=3.0),three_sigma,decimate,2,2.0,2019-01-01 00:30:00,2019-01-01 00:41:00,0.18,0.2833333333333333,,100.0,1.5454545454545454,0.0,100.0,False,4,5,4,False,False,terminal,rms_kurt,load_pipeline (invariant)
XJTU-SY,Bearing2_4,42,"EWMA (λ=0.2, k=3.0)",ewma,decimate,2,2.0,2019-01-01 00:30:00,2019-01-01 00:41:00,0.18,0.2833333333333333,,100.0,1.5454545454545454,0.0,100.0,False,4,5,4,False,False,terminal,rms_kurt,load_pipeline (invariant)
XJTU-SY,Bearing2_4,42,"CUSUM (k=0.5, h=5.0)",cusum,decimate,2,2.0,2019-01-01 00:30:00,2019-01-01 00:41:00,0.18,0.2833333333333333,,100.0,1.5454545454545454,0.0,100.0,False,4,5,4,False,False,terminal,rms_kurt,load_pipeline (invariant)
XJTU-SY,Bearing2_4,42,Hotelling T²,hotelling_t2,decimate,2,2.0,2019-01-01 00:30:00,2019-01-01 00:41:00,0.18,0.2833333333333333,,100.0,1.5454545454545454,0.0,100.0,False,4,5,4,False,False,terminal,rms_kurt,load_pipeline (invariant)
XJTU-SY,Bearing2_4,42,Isolation Forest,isolation_forest,decimate,2,2.0,2019-01-01 00:30:00,2019-01-01 00:41:00,0.18,0.0,,0.0,0.0,0.0,0.0,False,4,5,4,False,False,terminal,rms_kurt,load_pipeline (invariant)
XJTU-SY,Bearing2_4,42,Deep SVDD,deep_svdd,decimate,2,2.0,2019-01-01 00:30:00,2019-01-01 00:41:00,0.18,0.0,,0.0,0.0,0.0,0.0,False,4,5,4,False,False,terminal,rms_kurt,load_pipeline (invariant)
XJTU-SY,Bearing2_4,42,LSTM-Autoencoder,lstm_ae,decimate,2,2.0,2019-01-01 00:30:00,2019-01-01 00:41:00,0.18,,,,,,,False,4,5,4,False,False,terminal,rms_kurt,load_pipeline (invariant)
XJTU-SY,Bearing2_4,42,TCN-Autoencoder,tcn,decimate,2,2.0,2019-01-01 00:30:00,2019-01-01 00:41:00,0.18,,,,,,,False,4,5,4,False,False,terminal,rms_kurt,load_pipeline (invariant)
XJTU-SY,Bearing2_4,42,Transformer-AD,transformer_ad,decimate,2,2.0,2019-01-01 00:30:00,2019-01-01 00:41:00,0.18,,,,,,,False,4,5,4,False,False,terminal,rms_kurt,load_pipeline (invariant)
XJTU-SY,Bearing2_4,42,RMS-Trend (kσ),rms_trend,decimate,5,5.0,2019-01-01 00:30:00,2019-01-01 00:41:00,0.18,0.0,,0.0,0.0,0.0,0.0,False,3,3,2,True,False,terminal,rms_kurt,load_pipeline (invariant)
XJTU-SY,Bearing2_4,42,3σ Rule (σ=3.0),three_sigma,decimate,5,5.0,2019-01-01 00:30:00,2019-01-01 00:41:00,0.18,0.26666666666666666,,100.0,1.4545454545454546,0.0,100.0,False,3,3,2,True,False,terminal,rms_kurt,load_pipeline (invariant)
XJTU-SY,Bearing2_4,42,"EWMA (λ=0.2, k=3.0)",ewma,decimate,5,5.0,2019-01-01 00:30:00,2019-01-01 00:41:00,0.18,0.26666666666666666,,100.0,1.4545454545454546,0.0,100.0,False,3,3,2,True,False,terminal,rms_kurt,load_pipeline (invariant)
XJTU-SY,Bearing2_4,42,"CUSUM (k=0.5, h=5.0)",cusum,decimate,5,5.0,2019-01-01 00:30:00,2019-01-01 00:41:00,0.18,0.26666666666666666,,100.0,1.4545454545454546,0.0,100.0,False,3,3,2,True,False,terminal,rms_kurt,load_pipeline (invariant)
XJTU-SY,Bearing2_4,42,Hotelling T²,hotelling_t2,decimate,5,5.0,2019-01-01 00:30:00,2019-01-01 00:41:00,0.18,0.26666666666666666,,100.0,1.4545454545454546,0.0,100.0,False,3,3,2,True,False,terminal,rms_kurt,load_pipeline (invariant)
XJTU-SY,Bearing2_4,42,Isolation Forest,isolation_forest,decimate,5,5.0,2019-01-01 00:30:00,2019-01-01 00:41:00,0.18,0.26666666666666666,,100.0,1.4545454545454546,0.0,100.0,False,3,3,2,True,False,terminal,rms_kurt,load_pipeline (invariant)
XJTU-SY,Bearing2_4,42,Deep SVDD,deep_svdd,decimate,5,5.0,2019-01-01 00:30:00,2019-01-01 00:41:00,0.18,0.0,,0.0,0.0,0.0,0.0,False,3,3,2,True,False,terminal,rms_kurt,load_pipeline (invariant)
XJTU-SY,Bearing2_4,42,LSTM-Autoencoder,lstm_ae,decimate,5,5.0,2019-01-01 00:30:00,2019-01-01 00:41:00,0.18,,,,,,,False,3,3,2,True,False,terminal,rms_kurt,load_pipeline (invariant)
XJTU-SY,Bearing2_4,42,TCN-Autoencoder,tcn,decimate,5,5.0,2019-01-01 00:30:00,2019-01-01 00:41:00,0.18,,,,,,,False,3,3,2,True,False,terminal,rms_kurt,load_pipeline (invariant)
XJTU-SY,Bearing2_4,42,Transformer-AD,transformer_ad,decimate,5,5.0,2019-01-01 00:30:00,2019-01-01 00:41:00,0.18,,,,,,,False,3,3,2,True,False,terminal,rms_kurt,load_pipeline (invariant)
XJTU-SY,Bearing2_5,42,RMS-Trend (kσ),rms_trend,aggregate,1,1.0,2019-01-01 02:50:00,2019-01-01 05:38:00,2.8,0.0,,,0.0,0.0,0.0,False,27,10,3,False,False,terminal,rms_kurt,load_pipeline (invariant)
XJTU-SY,Bearing2_5,42,3σ Rule (σ=3.0),three_sigma,aggregate,1,1.0,2019-01-01 02:50:00,2019-01-01 05:38:00,2.8,2.3,0.5,,0.8214285714285714,0.0,100.0,True,27,10,3,False,False,terminal,rms_kurt,load_pipeline (invariant)
XJTU-SY,Bearing2_5,42,"EWMA (λ=0.2, k=3.0)",ewma,aggregate,1,1.0,2019-01-01 02:50:00,2019-01-01 05:38:00,2.8,2.3,0.5,,0.8214285714285714,0.0,100.0,True,27,10,3,False,False,terminal,rms_kurt,load_pipeline (invariant)
XJTU-SY,Bearing2_5,42,"CUSUM (k=0.5, h=5.0)",cusum,aggregate,1,1.0,2019-01-01 02:50:00,2019-01-01 05:38:00,2.8,2.3,0.5,,0.8214285714285714,0.0,100.0,True,27,10,3,False,False,terminal,rms_kurt,load_pipeline (invariant)
XJTU-SY,Bearing2_5,42,Hotelling T²,hotelling_t2,aggregate,1,1.0,2019-01-01 02:50:00,2019-01-01 05:38:00,2.8,2.3,0.5,,0.8214285714285714,0.0,100.0,True,27,10,3,False,False,terminal,rms_kurt,load_pipeline (invariant)
XJTU-SY,Bearing2_5,42,Isolation Forest,isolation_forest,aggregate,1,1.0,2019-01-01 02:50:00,2019-01-01 05:38:00,2.8,2.3,0.5,,0.8214285714285714,0.0,100.0,True,27,10,3,False,False,terminal,rms_kurt,load_pipeline (invariant)
XJTU-SY,Bearing2_5,42,Deep SVDD,deep_svdd,aggregate,1,1.0,2019-01-01 02:50:00,2019-01-01 05:38:00,2.8,0.0,,,0.0,0.0,0.0,False,27,10,3,False,False,terminal,rms_kurt,load_pipeline (invariant)
XJTU-SY,Bearing2_5,42,LSTM-Autoencoder,lstm_ae,aggregate,1,1.0,2019-01-01 02:50:00,2019-01-01 05:38:00,2.8,,,,,,,False,27,10,3,False,False,terminal,rms_kurt,load_pipeline (invariant)
XJTU-SY,Bearing2_5,42,TCN-Autoencoder,tcn,aggregate,1,1.0,2019-01-01 02:50:00,2019-01-01 05:38:00,2.8,,,,,,,False,27,10,3,False,False,terminal,rms_kurt,load_pipeline (invariant)
XJTU-SY,Bearing2_5,42,Transformer-AD,transformer_ad,aggregate,1,1.0,2019-01-01 02:50:00,2019-01-01 05:38:00,2.8,,,,,,,False,27,10,3,False,False,terminal,rms_kurt,load_pipeline (invariant)
XJTU-SY,Bearing2_5,42,RMS-Trend (kσ),rms_trend,aggregate,2,2.0,2019-01-01 02:50:00,2019-01-01 05:38:00,2.8,0.0,,,0.0,0.0,0.0,False,34,5,4,False,False,terminal,rms_kurt,load_pipeline (invariant)
XJTU-SY,Bearing2_5,42,3σ Rule (σ=3.0),three_sigma,aggregate,2,2.0,2019-01-01 02:50:00,2019-01-01 05:38:00,2.8,2.3,0.5,,0.8214285714285714,0.0,100.0,True,34,5,4,False,False,terminal,rms_kurt,load_pipeline (invariant)
XJTU-SY,Bearing2_5,42,"EWMA (λ=0.2, k=3.0)",ewma,aggregate,2,2.0,2019-01-01 02:50:00,2019-01-01 05:38:00,2.8,2.3,0.5,,0.8214285714285714,0.0,100.0,True,34,5,4,False,False,terminal,rms_kurt,load_pipeline (invariant)
XJTU-SY,Bearing2_5,42,"CUSUM (k=0.5, h=5.0)",cusum,aggregate,2,2.0,2019-01-01 02:50:00,2019-01-01 05:38:00,2.8,2.3,0.5,,0.8214285714285714,0.0,100.0,True,34,5,4,False,False,terminal,rms_kurt,load_pipeline (invariant)
XJTU-SY,Bearing2_5,42,Hotelling T²,hotelling_t2,aggregate,2,2.0,2019-01-01 02:50:00,2019-01-01 05:38:00,2.8,2.3,0.5,,0.8214285714285714,0.0,100.0,True,34,5,4,False,False,terminal,rms_kurt,load_pipeline (invariant)
XJTU-SY,Bearing2_5,42,Isolation Forest,isolation_forest,aggregate,2,2.0,2019-01-01 02:50:00,2019-01-01 05:38:00,2.8,2.3,0.5,,0.8214285714285714,0.0,100.0,True,34,5,4,False,False,terminal,rms_kurt,load_pipeline (invariant)
XJTU-SY,Bearing2_5,42,Deep SVDD,deep_svdd,aggregate,2,2.0,2019-01-01 02:50:00,2019-01-01 05:38:00,2.8,0.0,,,0.0,0.0,0.0,False,34,5,4,False,False,terminal,rms_kurt,load_pipeline (invariant)
XJTU-SY,Bearing2_5,42,LSTM-Autoencoder,lstm_ae,aggregate,2,2.0,2019-01-01 02:50:00,2019-01-01 05:38:00,2.8,2.3,0.5,,0.8214285714285714,0.0,100.0,True,34,5,4,False,False,terminal,rms_kurt,load_pipeline (invariant)
XJTU-SY,Bearing2_5,42,TCN-Autoencoder,tcn,aggregate,2,2.0,2019-01-01 02:50:00,2019-01-01 05:38:00,2.8,2.3,0.5,,0.8214285714285714,0.0,100.0,True,34,5,4,False,False,terminal,rms_kurt,load_pipeline (invariant)
XJTU-SY,Bearing2_5,42,Transformer-AD,transformer_ad,aggregate,2,2.0,2019-01-01 02:50:00,2019-01-01 05:38:00,2.8,2.3,0.5,,0.8214285714285714,0.0,100.0,True,34,5,4,False,False,terminal,rms_kurt,load_pipeline (invariant)
XJTU-SY,Bearing2_5,42,RMS-Trend (kσ),rms_trend,aggregate,5,5.0,2019-01-01 02:50:00,2019-01-01 05:38:00,2.8,0.21666666666666667,2.5833333333333335,,0.07738095238095238,0.21666666666666667,0.0,True,27,3,2,True,False,terminal,rms_kurt,load_pipeline (invariant)
XJTU-SY,Bearing2_5,42,3σ Rule (σ=3.0),three_sigma,aggregate,5,5.0,2019-01-01 02:50:00,2019-01-01 05:38:00,2.8,2.3,0.5,,0.8214285714285714,0.0,100.0,True,27,3,2,True,False,terminal,rms_kurt,load_pipeline (invariant)
XJTU-SY,Bearing2_5,42,"EWMA (λ=0.2, k=3.0)",ewma,aggregate,5,5.0,2019-01-01 02:50:00,2019-01-01 05:38:00,2.8,2.3,0.5,,0.8214285714285714,0.0,100.0,True,27,3,2,True,False,terminal,rms_kurt,load_pipeline (invariant)
XJTU-SY,Bearing2_5,42,"CUSUM (k=0.5, h=5.0)",cusum,aggregate,5,5.0,2019-01-01 02:50:00,2019-01-01 05:38:00,2.8,2.3,0.5,,0.8214285714285714,0.0,100.0,True,27,3,2,True,False,terminal,rms_kurt,load_pipeline (invariant)
XJTU-SY,Bearing2_5,42,Hotelling T²,hotelling_t2,aggregate,5,5.0,2019-01-01 02:50:00,2019-01-01 05:38:00,2.8,2.3,0.5,,0.8214285714285714,0.0,100.0,True,27,3,2,True,False,terminal,rms_kurt,load_pipeline (invariant)
XJTU-SY,Bearing2_5,42,Isolation Forest,isolation_forest,aggregate,5,5.0,2019-01-01 02:50:00,2019-01-01 05:38:00,2.8,2.3,0.5,,0.8214285714285714,0.0,100.0,True,27,3,2,True,False,terminal,rms_kurt,load_pipeline (invariant)
XJTU-SY,Bearing2_5,42,Deep SVDD,deep_svdd,aggregate,5,5.0,2019-01-01 02:50:00,2019-01-01 05:38:00,2.8,0.6333333333333333,2.1666666666666665,,0.2261904761904762,0.6333333333333333,0.0,True,27,3,2,True,False,terminal,rms_kurt,load_pipeline (invariant)
XJTU-SY,Bearing2_5,42,LSTM-Autoencoder,lstm_ae,aggregate,5,5.0,2019-01-01 02:50:00,2019-01-01 05:38:00,2.8,,,,,,,False,27,3,2,True,False,terminal,rms_kurt,load_pipeline (invariant)
XJTU-SY,Bearing2_5,42,TCN-Autoencoder,tcn,aggregate,5,5.0,2019-01-01 02:50:00,2019-01-01 05:38:00,2.8,,,,,,,False,27,3,2,True,False,terminal,rms_kurt,load_pipeline (invariant)
XJTU-SY,Bearing2_5,42,Transformer-AD,transformer_ad,aggregate,5,5.0,2019-01-01 02:50:00,2019-01-01 05:38:00,2.8,,,,,,,False,27,3,2,True,False,terminal,rms_kurt,load_pipeline (invariant)
XJTU-SY,Bearing2_5,42,RMS-Trend (kσ),rms_trend,aggregate,10,10.0,2019-01-01 02:50:00,2019-01-01 05:38:00,2.8,0.6333333333333333,2.1666666666666665,,0.2261904761904762,0.6333333333333333,0.0,True,13,3,1,True,False,terminal,rms_kurt,load_pipeline (invariant)
XJTU-SY,Bearing2_5,42,3σ Rule (σ=3.0),three_sigma,aggregate,10,10.0,2019-01-01 02:50:00,2019-01-01 05:38:00,2.8,2.3,0.5,,0.8214285714285714,0.0,100.0,True,13,3,1,True,False,terminal,rms_kurt,load_pipeline (invariant)
XJTU-SY,Bearing2_5,42,"EWMA (λ=0.2, k=3.0)",ewma,aggregate,10,10.0,2019-01-01 02:50:00,2019-01-01 05:38:00,2.8,2.3,0.5,,0.8214285714285714,0.0,100.0,True,13,3,1,True,False,terminal,rms_kurt,load_pipeline (invariant)
XJTU-SY,Bearing2_5,42,"CUSUM (k=0.5, h=5.0)",cusum,aggregate,10,10.0,2019-01-01 02:50:00,2019-01-01 05:38:00,2.8,2.3,0.5,,0.8214285714285714,0.0,100.0,True,13,3,1,True,False,terminal,rms_kurt,load_pipeline (invariant)
XJTU-SY,Bearing2_5,42,Hotelling T²,hotelling_t2,aggregate,10,10.0,2019-01-01 02:50:00,2019-01-01 05:38:00,2.8,2.3,0.5,,0.8214285714285714,0.0,100.0,True,13,3,1,True,False,terminal,rms_kurt,load_pipeline (invariant)
XJTU-SY,Bearing2_5,42,Isolation Forest,isolation_forest,aggregate,10,10.0,2019-01-01 02:50:00,2019-01-01 05:38:00,2.8,2.3,0.5,,0.8214285714285714,0.0,100.0,True,13,3,1,True,False,terminal,rms_kurt,load_pipeline (invariant)
XJTU-SY,Bearing2_5,42,Deep SVDD,deep_svdd,aggregate,10,10.0,2019-01-01 02:50:00,2019-01-01 05:38:00,2.8,0.3,2.5,,0.10714285714285715,0.3,0.0,True,13,3,1,True,False,terminal,rms_kurt,load_pipeline (invariant)
XJTU-SY,Bearing2_5,42,LSTM-Autoencoder,lstm_ae,aggregate,10,10.0,2019-01-01 02:50:00,2019-01-01 05:38:00,2.8,,,,,,,False,13,3,1,True,False,terminal,rms_kurt,load_pipeline (invariant)
XJTU-SY,Bearing2_5,42,TCN-Autoencoder,tcn,aggregate,10,10.0,2019-01-01 02:50:00,2019-01-01 05:38:00,2.8,,,,,,,False,13,3,1,True,False,terminal,rms_kurt,load_pipeline (invariant)
XJTU-SY,Bearing2_5,42,Transformer-AD,transformer_ad,aggregate,10,10.0,2019-01-01 02:50:00,2019-01-01 05:38:00,2.8,,,,,,,False,13,3,1,True,False,terminal,rms_kurt,load_pipeline (invariant)
XJTU-SY,Bearing2_5,42,RMS-Trend (kσ),rms_trend,aggregate,20,20.0,2019-01-01 02:50:00,2019-01-01 05:38:00,2.8,0.6333333333333333,2.1666666666666665,,0.2261904761904762,0.6333333333333333,0.0,True,6,3,1,True,False,terminal,rms_kurt,load_pipeline (invariant)
XJTU-SY,Bearing2_5,42,3σ Rule (σ=3.0),three_sigma,aggregate,20,20.0,2019-01-01 02:50:00,2019-01-01 05:38:00,2.8,2.3,0.5,,0.8214285714285714,0.0,100.0,True,6,3,1,True,False,terminal,rms_kurt,load_pipeline (invariant)
XJTU-SY,Bearing2_5,42,"EWMA (λ=0.2, k=3.0)",ewma,aggregate,20,20.0,2019-01-01 02:50:00,2019-01-01 05:38:00,2.8,2.3,0.5,,0.8214285714285714,0.0,100.0,True,6,3,1,True,False,terminal,rms_kurt,load_pipeline (invariant)
XJTU-SY,Bearing2_5,42,"CUSUM (k=0.5, h=5.0)",cusum,aggregate,20,20.0,2019-01-01 02:50:00,2019-01-01 05:38:00,2.8,2.3,0.5,,0.8214285714285714,0.0,100.0,True,6,3,1,True,False,terminal,rms_kurt,load_pipeline (invariant)
XJTU-SY,Bearing2_5,42,Hotelling T²,hotelling_t2,aggregate,20,20.0,2019-01-01 02:50:00,2019-01-01 05:38:00,2.8,2.3,0.5,,0.8214285714285714,0.0,100.0,True,6,3,1,True,False,terminal,rms_kurt,load_pipeline (invariant)
XJTU-SY,Bearing2_5,42,Isolation Forest,isolation_forest,aggregate,20,20.0,2019-01-01 02:50:00,2019-01-01 05:38:00,2.8,1.3,1.5,,0.46428571428571436,1.3,0.0,True,6,3,1,True,False,terminal,rms_kurt,load_pipeline (invariant)
XJTU-SY,Bearing2_5,42,Deep SVDD,deep_svdd,aggregate,20,20.0,2019-01-01 02:50:00,2019-01-01 05:38:00,2.8,0.6333333333333333,2.1666666666666665,,0.2261904761904762,0.6333333333333333,0.0,True,6,3,1,True,False,terminal,rms_kurt,load_pipeline (invariant)
XJTU-SY,Bearing2_5,42,LSTM-Autoencoder,lstm_ae,aggregate,20,20.0,2019-01-01 02:50:00,2019-01-01 05:38:00,2.8,,,,,,,False,6,3,1,True,False,terminal,rms_kurt,load_pipeline (invariant)
XJTU-SY,Bearing2_5,42,TCN-Autoencoder,tcn,aggregate,20,20.0,2019-01-01 02:50:00,2019-01-01 05:38:00,2.8,,,,,,,False,6,3,1,True,False,terminal,rms_kurt,load_pipeline (invariant)
XJTU-SY,Bearing2_5,42,Transformer-AD,transformer_ad,aggregate,20,20.0,2019-01-01 02:50:00,2019-01-01 05:38:00,2.8,,,,,,,False,6,3,1,True,False,terminal,rms_kurt,load_pipeline (invariant)
XJTU-SY,Bearing2_5,42,RMS-Trend (kσ),rms_trend,decimate,1,1.0,2019-01-01 02:50:00,2019-01-01 05:38:00,2.8,0.0,,,0.0,0.0,0.0,False,27,10,3,False,False,terminal,rms_kurt,load_pipeline (invariant)
XJTU-SY,Bearing2_5,42,3σ Rule (σ=3.0),three_sigma,decimate,1,1.0,2019-01-01 02:50:00,2019-01-01 05:38:00,2.8,2.3,0.5,,0.8214285714285714,0.0,100.0,True,27,10,3,False,False,terminal,rms_kurt,load_pipeline (invariant)
XJTU-SY,Bearing2_5,42,"EWMA (λ=0.2, k=3.0)",ewma,decimate,1,1.0,2019-01-01 02:50:00,2019-01-01 05:38:00,2.8,2.3,0.5,,0.8214285714285714,0.0,100.0,True,27,10,3,False,False,terminal,rms_kurt,load_pipeline (invariant)
XJTU-SY,Bearing2_5,42,"CUSUM (k=0.5, h=5.0)",cusum,decimate,1,1.0,2019-01-01 02:50:00,2019-01-01 05:38:00,2.8,2.3,0.5,,0.8214285714285714,0.0,100.0,True,27,10,3,False,False,terminal,rms_kurt,load_pipeline (invariant)
XJTU-SY,Bearing2_5,42,Hotelling T²,hotelling_t2,decimate,1,1.0,2019-01-01 02:50:00,2019-01-01 05:38:00,2.8,2.3,0.5,,0.8214285714285714,0.0,100.0,True,27,10,3,False,False,terminal,rms_kurt,load_pipeline (invariant)
XJTU-SY,Bearing2_5,42,Isolation Forest,isolation_forest,decimate,1,1.0,2019-01-01 02:50:00,2019-01-01 05:38:00,2.8,2.3,0.5,,0.8214285714285714,0.0,100.0,True,27,10,3,False,False,terminal,rms_kurt,load_pipeline (invariant)
XJTU-SY,Bearing2_5,42,Deep SVDD,deep_svdd,decimate,1,1.0,2019-01-01 02:50:00,2019-01-01 05:38:00,2.8,0.0,,,0.0,0.0,0.0,False,27,10,3,False,False,terminal,rms_kurt,load_pipeline (invariant)
XJTU-SY,Bearing2_5,42,LSTM-Autoencoder,lstm_ae,decimate,1,1.0,2019-01-01 02:50:00,2019-01-01 05:38:00,2.8,,,,,,,False,27,10,3,False,False,terminal,rms_kurt,load_pipeline (invariant)
XJTU-SY,Bearing2_5,42,TCN-Autoencoder,tcn,decimate,1,1.0,2019-01-01 02:50:00,2019-01-01 05:38:00,2.8,,,,,,,False,27,10,3,False,False,terminal,rms_kurt,load_pipeline (invariant)
XJTU-SY,Bearing2_5,42,Transformer-AD,transformer_ad,decimate,1,1.0,2019-01-01 02:50:00,2019-01-01 05:38:00,2.8,,,,,,,False,27,10,3,False,False,terminal,rms_kurt,load_pipeline (invariant)
XJTU-SY,Bearing2_5,42,RMS-Trend (kσ),rms_trend,decimate,2,2.0,2019-01-01 02:50:00,2019-01-01 05:38:00,2.8,0.0,,,0.0,0.0,0.0,False,34,5,4,False,False,terminal,rms_kurt,load_pipeline (invariant)
XJTU-SY,Bearing2_5,42,3σ Rule (σ=3.0),three_sigma,decimate,2,2.0,2019-01-01 02:50:00,2019-01-01 05:38:00,2.8,2.3,0.5,,0.8214285714285714,0.0,100.0,True,34,5,4,False,False,terminal,rms_kurt,load_pipeline (invariant)
XJTU-SY,Bearing2_5,42,"EWMA (λ=0.2, k=3.0)",ewma,decimate,2,2.0,2019-01-01 02:50:00,2019-01-01 05:38:00,2.8,2.3,0.5,,0.8214285714285714,0.0,100.0,True,34,5,4,False,False,terminal,rms_kurt,load_pipeline (invariant)
XJTU-SY,Bearing2_5,42,"CUSUM (k=0.5, h=5.0)",cusum,decimate,2,2.0,2019-01-01 02:50:00,2019-01-01 05:38:00,2.8,2.3,0.5,,0.8214285714285714,0.0,100.0,True,34,5,4,False,False,terminal,rms_kurt,load_pipeline (invariant)
XJTU-SY,Bearing2_5,42,Hotelling T²,hotelling_t2,decimate,2,2.0,2019-01-01 02:50:00,2019-01-01 05:38:00,2.8,2.3,0.5,,0.8214285714285714,0.0,100.0,True,34,5,4,False,False,terminal,rms_kurt,load_pipeline (invariant)
XJTU-SY,Bearing2_5,42,Isolation Forest,isolation_forest,decimate,2,2.0,2019-01-01 02:50:00,2019-01-01 05:38:00,2.8,2.3,0.5,,0.8214285714285714,0.0,100.0,True,34,5,4,False,False,terminal,rms_kurt,load_pipeline (invariant)
XJTU-SY,Bearing2_5,42,Deep SVDD,deep_svdd,decimate,2,2.0,2019-01-01 02:50:00,2019-01-01 05:38:00,2.8,0.0,,,0.0,0.0,0.0,False,34,5,4,False,False,terminal,rms_kurt,load_pipeline (invariant)
XJTU-SY,Bearing2_5,42,LSTM-Autoencoder,lstm_ae,decimate,2,2.0,2019-01-01 02:50:00,2019-01-01 05:38:00,2.8,2.3,0.5,,0.8214285714285714,0.0,100.0,True,34,5,4,False,False,terminal,rms_kurt,load_pipeline (invariant)
XJTU-SY,Bearing2_5,42,TCN-Autoencoder,tcn,decimate,2,2.0,2019-01-01 02:50:00,2019-01-01 05:38:00,2.8,2.3,0.5,,0.8214285714285714,0.0,100.0,True,34,5,4,False,False,terminal,rms_kurt,load_pipeline (invariant)
XJTU-SY,Bearing2_5,42,Transformer-AD,transformer_ad,decimate,2,2.0,2019-01-01 02:50:00,2019-01-01 05:38:00,2.8,2.3,0.5,,0.8214285714285714,0.0,100.0,True,34,5,4,False,False,terminal,rms_kurt,load_pipeline (invariant)
XJTU-SY,Bearing2_5,42,RMS-Trend (kσ),rms_trend,decimate,5,5.0,2019-01-01 02:50:00,2019-01-01 05:38:00,2.8,0.55,2.25,,0.19642857142857145,0.55,0.0,True,27,3,2,True,False,terminal,rms_kurt,load_pipeline (invariant)
XJTU-SY,Bearing2_5,42,3σ Rule (σ=3.0),three_sigma,decimate,5,5.0,2019-01-01 02:50:00,2019-01-01 05:38:00,2.8,2.3,0.5,,0.8214285714285714,0.0,100.0,True,27,3,2,True,False,terminal,rms_kurt,load_pipeline (invariant)
XJTU-SY,Bearing2_5,42,"EWMA (λ=0.2, k=3.0)",ewma,decimate,5,5.0,2019-01-01 02:50:00,2019-01-01 05:38:00,2.8,2.3,0.5,,0.8214285714285714,0.0,100.0,True,27,3,2,True,False,terminal,rms_kurt,load_pipeline (invariant)
XJTU-SY,Bearing2_5,42,"CUSUM (k=0.5, h=5.0)",cusum,decimate,5,5.0,2019-01-01 02:50:00,2019-01-01 05:38:00,2.8,2.3,0.5,,0.8214285714285714,0.0,100.0,True,27,3,2,True,False,terminal,rms_kurt,load_pipeline (invariant)
XJTU-SY,Bearing2_5,42,Hotelling T²,hotelling_t2,decimate,5,5.0,2019-01-01 02:50:00,2019-01-01 05:38:00,2.8,2.3,0.5,,0.8214285714285714,0.0,100.0,True,27,3,2,True,False,terminal,rms_kurt,load_pipeline (invariant)
XJTU-SY,Bearing2_5,42,Isolation Forest,isolation_forest,decimate,5,5.0,2019-01-01 02:50:00,2019-01-01 05:38:00,2.8,2.3,0.5,,0.8214285714285714,0.0,100.0,True,27,3,2,True,False,terminal,rms_kurt,load_pipeline (invariant)
XJTU-SY,Bearing2_5,42,Deep SVDD,deep_svdd,decimate,5,5.0,2019-01-01 02:50:00,2019-01-01 05:38:00,2.8,0.0,,,0.0,0.0,0.0,False,27,3,2,True,False,terminal,rms_kurt,load_pipeline (invariant)
XJTU-SY,Bearing2_5,42,LSTM-Autoencoder,lstm_ae,decimate,5,5.0,2019-01-01 02:50:00,2019-01-01 05:38:00,2.8,,,,,,,False,27,3,2,True,False,terminal,rms_kurt,load_pipeline (invariant)
XJTU-SY,Bearing2_5,42,TCN-Autoencoder,tcn,decimate,5,5.0,2019-01-01 02:50:00,2019-01-01 05:38:00,2.8,,,,,,,False,27,3,2,True,False,terminal,rms_kurt,load_pipeline (invariant)
XJTU-SY,Bearing2_5,42,Transformer-AD,transformer_ad,decimate,5,5.0,2019-01-01 02:50:00,2019-01-01 05:38:00,2.8,,,,,,,False,27,3,2,True,False,terminal,rms_kurt,load_pipeline (invariant)
XJTU-SY,Bearing2_5,42,RMS-Trend (kσ),rms_trend,decimate,10,10.0,2019-01-01 02:50:00,2019-01-01 05:38:00,2.8,0.6333333333333333,2.1666666666666665,,0.2261904761904762,0.6333333333333333,0.0,True,13,3,1,True,False,terminal,rms_kurt,load_pipeline (invariant)
XJTU-SY,Bearing2_5,42,3σ Rule (σ=3.0),three_sigma,decimate,10,10.0,2019-01-01 02:50:00,2019-01-01 05:38:00,2.8,2.3,0.5,,0.8214285714285714,0.0,100.0,True,13,3,1,True,False,terminal,rms_kurt,load_pipeline (invariant)
XJTU-SY,Bearing2_5,42,"EWMA (λ=0.2, k=3.0)",ewma,decimate,10,10.0,2019-01-01 02:50:00,2019-01-01 05:38:00,2.8,2.3,0.5,,0.8214285714285714,0.0,100.0,True,13,3,1,True,False,terminal,rms_kurt,load_pipeline (invariant)
XJTU-SY,Bearing2_5,42,"CUSUM (k=0.5, h=5.0)",cusum,decimate,10,10.0,2019-01-01 02:50:00,2019-01-01 05:38:00,2.8,2.3,0.5,,0.8214285714285714,0.0,100.0,True,13,3,1,True,False,terminal,rms_kurt,load_pipeline (invariant)
XJTU-SY,Bearing2_5,42,Hotelling T²,hotelling_t2,decimate,10,10.0,2019-01-01 02:50:00,2019-01-01 05:38:00,2.8,2.3,0.5,,0.8214285714285714,0.0,100.0,True,13,3,1,True,False,terminal,rms_kurt,load_pipeline (invariant)
XJTU-SY,Bearing2_5,42,Isolation Forest,isolation_forest,decimate,10,10.0,2019-01-01 02:50:00,2019-01-01 05:38:00,2.8,2.3,0.5,,0.8214285714285714,0.0,100.0,True,13,3,1,True,False,terminal,rms_kurt,load_pipeline (invariant)
XJTU-SY,Bearing2_5,42,Deep SVDD,deep_svdd,decimate,10,10.0,2019-01-01 02:50:00,2019-01-01 05:38:00,2.8,0.3,2.5,,0.10714285714285715,0.3,0.0,True,13,3,1,True,False,terminal,rms_kurt,load_pipeline (invariant)
XJTU-SY,Bearing2_5,42,LSTM-Autoencoder,lstm_ae,decimate,10,10.0,2019-01-01 02:50:00,2019-01-01 05:38:00,2.8,,,,,,,False,13,3,1,True,False,terminal,rms_kurt,load_pipeline (invariant)
XJTU-SY,Bearing2_5,42,TCN-Autoencoder,tcn,decimate,10,10.0,2019-01-01 02:50:00,2019-01-01 05:38:00,2.8,,,,,,,False,13,3,1,True,False,terminal,rms_kurt,load_pipeline (invariant)
XJTU-SY,Bearing2_5,42,Transformer-AD,transformer_ad,decimate,10,10.0,2019-01-01 02:50:00,2019-01-01 05:38:00,2.8,,,,,,,False,13,3,1,True,False,terminal,rms_kurt,load_pipeline (invariant)
XJTU-SY,Bearing2_5,42,RMS-Trend (kσ),rms_trend,decimate,20,20.0,2019-01-01 02:50:00,2019-01-01 05:38:00,2.8,0.6333333333333333,2.1666666666666665,,0.2261904761904762,0.6333333333333333,0.0,True,6,3,1,True,False,terminal,rms_kurt,load_pipeline (invariant)
XJTU-SY,Bearing2_5,42,3σ Rule (σ=3.0),three_sigma,decimate,20,20.0,2019-01-01 02:50:00,2019-01-01 05:38:00,2.8,2.3,0.5,,0.8214285714285714,0.0,100.0,True,6,3,1,True,False,terminal,rms_kurt,load_pipeline (invariant)
XJTU-SY,Bearing2_5,42,"EWMA (λ=0.2, k=3.0)",ewma,decimate,20,20.0,2019-01-01 02:50:00,2019-01-01 05:38:00,2.8,2.3,0.5,,0.8214285714285714,0.0,100.0,True,6,3,1,True,False,terminal,rms_kurt,load_pipeline (invariant)
XJTU-SY,Bearing2_5,42,"CUSUM (k=0.5, h=5.0)",cusum,decimate,20,20.0,2019-01-01 02:50:00,2019-01-01 05:38:00,2.8,2.3,0.5,,0.8214285714285714,0.0,100.0,True,6,3,1,True,False,terminal,rms_kurt,load_pipeline (invariant)
XJTU-SY,Bearing2_5,42,Hotelling T²,hotelling_t2,decimate,20,20.0,2019-01-01 02:50:00,2019-01-01 05:38:00,2.8,2.3,0.5,,0.8214285714285714,0.0,100.0,True,6,3,1,True,False,terminal,rms_kurt,load_pipeline (invariant)
XJTU-SY,Bearing2_5,42,Isolation Forest,isolation_forest,decimate,20,20.0,2019-01-01 02:50:00,2019-01-01 05:38:00,2.8,2.3,0.5,,0.8214285714285714,0.0,100.0,True,6,3,1,True,False,terminal,rms_kurt,load_pipeline (invariant)
XJTU-SY,Bearing2_5,42,Deep SVDD,deep_svdd,decimate,20,20.0,2019-01-01 02:50:00,2019-01-01 05:38:00,2.8,0.6333333333333333,2.1666666666666665,,0.2261904761904762,0.6333333333333333,0.0,True,6,3,1,True,False,terminal,rms_kurt,load_pipeline (invariant)
XJTU-SY,Bearing2_5,42,LSTM-Autoencoder,lstm_ae,decimate,20,20.0,2019-01-01 02:50:00,2019-01-01 05:38:00,2.8,,,,,,,False,6,3,1,True,False,terminal,rms_kurt,load_pipeline (invariant)
XJTU-SY,Bearing2_5,42,TCN-Autoencoder,tcn,decimate,20,20.0,2019-01-01 02:50:00,2019-01-01 05:38:00,2.8,,,,,,,False,6,3,1,True,False,terminal,rms_kurt,load_pipeline (invariant)
XJTU-SY,Bearing2_5,42,Transformer-AD,transformer_ad,decimate,20,20.0,2019-01-01 02:50:00,2019-01-01 05:38:00,2.8,,,,,,,False,6,3,1,True,False,terminal,rms_kurt,load_pipeline (invariant)
XJTU-SY,Bearing1_1,42,One-Class SVM (nu=0.05),one_class_svm,aggregate,1,1.0,2019-01-01 01:15:00,2019-01-01 02:02:00,0.78,0.8666666666666667,,100.0,1.1063829787234043,0.0,100.0,False,10,10,3,False,False,terminal,rms_kurt,load_pipeline (invariant)
XJTU-SY,Bearing1_1,42,One-Class SVM (nu=0.05),one_class_svm,aggregate,2,2.0,2019-01-01 01:15:00,2019-01-01 02:02:00,0.78,0.8333333333333334,,100.0,1.0638297872340425,0.0,100.0,False,12,5,4,False,False,terminal,rms_kurt,load_pipeline (invariant)
XJTU-SY,Bearing1_1,42,One-Class SVM (nu=0.05),one_class_svm,aggregate,5,5.0,2019-01-01 01:15:00,2019-01-01 02:02:00,0.78,0.8666666666666667,,100.0,1.1063829787234043,0.0,100.0,False,10,3,2,True,False,terminal,rms_kurt,load_pipeline (invariant)
XJTU-SY,Bearing1_1,42,One-Class SVM (nu=0.05),one_class_svm,aggregate,10,10.0,2019-01-01 01:15:00,2019-01-01 02:02:00,0.78,0.8666666666666667,,100.0,1.1063829787234043,0.0,100.0,False,5,3,1,True,False,terminal,rms_kurt,load_pipeline (invariant)
XJTU-SY,Bearing1_1,42,One-Class SVM (nu=0.05),one_class_svm,aggregate,20,20.0,2019-01-01 01:15:00,2019-01-01 02:02:00,0.78,0.7,0.08333333333333333,,0.8936170212765957,0.0,100.0,True,2,3,1,True,False,terminal,rms_kurt,load_pipeline (invariant)
XJTU-SY,Bearing1_1,42,One-Class SVM (nu=0.05),one_class_svm,decimate,1,1.0,2019-01-01 01:15:00,2019-01-01 02:02:00,0.78,0.8666666666666667,,100.0,1.1063829787234043,0.0,100.0,False,10,10,3,False,False,terminal,rms_kurt,load_pipeline (invariant)
XJTU-SY,Bearing1_1,42,One-Class SVM (nu=0.05),one_class_svm,decimate,2,2.0,2019-01-01 01:15:00,2019-01-01 02:02:00,0.78,0.8333333333333334,,100.0,1.0638297872340425,0.0,100.0,False,12,5,4,False,False,terminal,rms_kurt,load_pipeline (invariant)
XJTU-SY,Bearing1_1,42,One-Class SVM (nu=0.05),one_class_svm,decimate,5,5.0,2019-01-01 01:15:00,2019-01-01 02:02:00,0.78,0.8666666666666667,,100.0,1.1063829787234043,0.0,100.0,False,10,3,2,True,False,terminal,rms_kurt,load_pipeline (invariant)
XJTU-SY,Bearing1_1,42,One-Class SVM (nu=0.05),one_class_svm,decimate,10,10.0,2019-01-01 01:15:00,2019-01-01 02:02:00,0.78,0.8666666666666667,,100.0,1.1063829787234043,0.0,100.0,False,5,3,1,True,False,terminal,rms_kurt,load_pipeline (invariant)
XJTU-SY,Bearing1_1,42,One-Class SVM (nu=0.05),one_class_svm,decimate,20,20.0,2019-01-01 01:15:00,2019-01-01 02:02:00,0.78,0.7,0.08333333333333333,,0.8936170212765957,0.0,100.0,True,2,3,1,True,False,terminal,rms_kurt,load_pipeline (invariant)
XJTU-SY,Bearing1_2,42,One-Class SVM (nu=0.05),one_class_svm,aggregate,1,1.0,,2019-01-01 02:40:00,,1.0833333333333333,,100.0,,0.0,100.0,False,13,10,3,False,False,terminal,rms_kurt,load_pipeline (invariant)
XJTU-SY,Bearing1_2,42,One-Class SVM (nu=0.05),one_class_svm,aggregate,2,2.0,,2019-01-01 02:40:00,,1.0666666666666667,,100.0,,0.0,100.0,False,16,5,4,False,False,terminal,rms_kurt,load_pipeline (invariant)
XJTU-SY,Bearing1_2,42,One-Class SVM (nu=0.05),one_class_svm,aggregate,5,5.0,,2019-01-01 02:40:00,,1.0833333333333333,,100.0,,0.0,100.0,False,13,3,2,True,False,terminal,rms_kurt,load_pipeline (invariant)
XJTU-SY,Bearing1_2,42,One-Class SVM (nu=0.05),one_class_svm,aggregate,10,10.0,,2019-01-01 02:40:00,,1.0,,100.0,,0.0,100.0,False,6,3,1,True,False,terminal,rms_kurt,load_pipeline (invariant)
XJTU-SY,Bearing1_2,42,One-Class SVM (nu=0.05),one_class_svm,aggregate,20,20.0,,2019-01-01 02:40:00,,1.0,,100.0,,0.0,100.0,False,3,3,1,True,False,terminal,rms_kurt,load_pipeline (invariant)
XJTU-SY,Bearing1_2,42,One-Class SVM (nu=0.05),one_class_svm,decimate,1,1.0,,2019-01-01 02:40:00,,1.0833333333333333,,100.0,,0.0,100.0,False,13,10,3,False,False,terminal,rms_kurt,load_pipeline (invariant)
XJTU-SY,Bearing1_2,42,One-Class SVM (nu=0.05),one_class_svm,decimate,2,2.0,,2019-01-01 02:40:00,,1.0666666666666667,,100.0,,0.0,100.0,False,16,5,4,False,False,terminal,rms_kurt,load_pipeline (invariant)
XJTU-SY,Bearing1_2,42,One-Class SVM (nu=0.05),one_class_svm,decimate,5,5.0,,2019-01-01 02:40:00,,1.0833333333333333,,100.0,,0.0,100.0,False,13,3,2,True,False,terminal,rms_kurt,load_pipeline (invariant)
XJTU-SY,Bearing1_2,42,One-Class SVM (nu=0.05),one_class_svm,decimate,10,10.0,,2019-01-01 02:40:00,,1.0,,100.0,,0.0,100.0,False,6,3,1,True,False,terminal,rms_kurt,load_pipeline (invariant)
XJTU-SY,Bearing1_2,42,One-Class SVM (nu=0.05),one_class_svm,decimate,20,20.0,,2019-01-01 02:40:00,,1.0,,100.0,,0.0,100.0,False,3,3,1,True,False,terminal,rms_kurt,load_pipeline (invariant)
XJTU-SY,Bearing1_3,42,One-Class SVM (nu=0.05),one_class_svm,aggregate,1,1.0,2019-01-01 01:31:00,2019-01-01 02:37:00,1.1,1.0333333333333334,0.06666666666666667,,0.9393939393939394,0.0,100.0,True,12,10,3,False,False,terminal,rms_kurt,load_pipeline (invariant)
XJTU-SY,Bearing1_3,42,One-Class SVM (nu=0.05),one_class_svm,aggregate,2,2.0,2019-01-01 01:31:00,2019-01-01 02:37:00,1.1,1.0833333333333333,0.016666666666666666,,0.9848484848484848,0.0,100.0,True,16,5,4,False,False,terminal,rms_kurt,load_pipeline (invariant)
XJTU-SY,Bearing1_3,42,One-Class SVM (nu=0.05),one_class_svm,aggregate,5,5.0,2019-01-01 01:31:00,2019-01-01 02:37:00,1.1,1.0333333333333334,0.06666666666666667,,0.9393939393939394,0.0,100.0,True,12,3,2,True,False,terminal,rms_kurt,load_pipeline (invariant)
XJTU-SY,Bearing1_3,42,One-Class SVM (nu=0.05),one_class_svm,aggregate,10,10.0,2019-01-01 01:31:00,2019-01-01 02:37:00,1.1,1.1166666666666667,,100.0,1.0151515151515151,0.0,100.0,False,6,3,1,True,False,terminal,rms_kurt,load_pipeline (invariant)
XJTU-SY,Bearing1_3,42,One-Class SVM (nu=0.05),one_class_svm,decimate,1,1.0,2019-01-01 01:31:00,2019-01-01 02:37:00,1.1,1.0333333333333334,0.06666666666666667,,0.9393939393939394,0.0,100.0,True,12,10,3,False,False,terminal,rms_kurt,load_pipeline (invariant)
XJTU-SY,Bearing1_3,42,One-Class SVM (nu=0.05),one_class_svm,decimate,2,2.0,2019-01-01 01:31:00,2019-01-01 02:37:00,1.1,1.0833333333333333,0.016666666666666666,,0.9848484848484848,0.0,100.0,True,16,5,4,False,False,terminal,rms_kurt,load_pipeline (invariant)
XJTU-SY,Bearing1_3,42,One-Class SVM (nu=0.05),one_class_svm,decimate,5,5.0,2019-01-01 01:31:00,2019-01-01 02:37:00,1.1,1.0333333333333334,0.06666666666666667,,0.9393939393939394,0.0,100.0,True,12,3,2,True,False,terminal,rms_kurt,load_pipeline (invariant)
XJTU-SY,Bearing1_3,42,One-Class SVM (nu=0.05),one_class_svm,decimate,10,10.0,2019-01-01 01:31:00,2019-01-01 02:37:00,1.1,1.1166666666666667,,100.0,1.0151515151515151,0.0,100.0,False,6,3,1,True,False,terminal,rms_kurt,load_pipeline (invariant)
XJTU-SY,Bearing1_4,42,One-Class SVM (nu=0.05),one_class_svm,aggregate,1,1.0,2019-01-01 01:20:00,2019-01-01 02:01:00,0.68,0.85,,100.0,1.2439024390243902,0.0,100.0,False,10,10,3,False,False,terminal,rms_kurt,load_pipeline (invariant)
XJTU-SY,Bearing1_4,42,One-Class SVM (nu=0.05),one_class_svm,aggregate,2,2.0,2019-01-01 01:20:00,2019-01-01 02:01:00,0.68,0.8166666666666667,,100.0,1.1951219512195121,0.0,100.0,False,12,5,4,False,False,terminal,rms_kurt,load_pipeline (invariant)
XJTU-SY,Bearing1_4,42,One-Class SVM (nu=0.05),one_class_svm,aggregate,5,5.0,2019-01-01 01:20:00,2019-01-01 02:01:00,0.68,0.85,,100.0,1.2439024390243902,0.0,100.0,False,10,3,2,True,False,terminal,rms_kurt,load_pipeline (invariant)
XJTU-SY,Bearing1_4,42,One-Class SVM (nu=0.05),one_class_svm,aggregate,10,10.0,2019-01-01 01:20:00,2019-01-01 02:01:00,0.68,0.85,,100.0,1.2439024390243902,0.0,100.0,False,5,3,1,True,False,terminal,rms_kurt,load_pipeline (invariant)
XJTU-SY,Bearing1_4,42,One-Class SVM (nu=0.05),one_class_svm,aggregate,20,20.0,2019-01-01 01:20:00,2019-01-01 02:01:00,0.68,0.6833333333333333,0.0,,1.0,0.0,100.0,True,2,3,1,True,False,terminal,rms_kurt,load_pipeline (invariant)
XJTU-SY,Bearing1_4,42,One-Class SVM (nu=0.05),one_class_svm,decimate,1,1.0,2019-01-01 01:20:00,2019-01-01 02:01:00,0.68,0.85,,100.0,1.2439024390243902,0.0,100.0,False,10,10,3,False,False,terminal,rms_kurt,load_pipeline (invariant)
XJTU-SY,Bearing1_4,42,One-Class SVM (nu=0.05),one_class_svm,decimate,2,2.0,2019-01-01 01:20:00,2019-01-01 02:01:00,0.68,0.8166666666666667,,100.0,1.1951219512195121,0.0,100.0,False,12,5,4,False,False,terminal,rms_kurt,load_pipeline (invariant)
XJTU-SY,Bearing1_4,42,One-Class SVM (nu=0.05),one_class_svm,decimate,5,5.0,2019-01-01 01:20:00,2019-01-01 02:01:00,0.68,0.85,,100.0,1.2439024390243902,0.0,100.0,False,10,3,2,True,False,terminal,rms_kurt,load_pipeline (invariant)
XJTU-SY,Bearing1_4,42,One-Class SVM (nu=0.05),one_class_svm,decimate,10,10.0,2019-01-01 01:20:00,2019-01-01 02:01:00,0.68,0.85,,100.0,1.2439024390243902,0.0,100.0,False,5,3,1,True,False,terminal,rms_kurt,load_pipeline (invariant)
XJTU-SY,Bearing1_4,42,One-Class SVM (nu=0.05),one_class_svm,decimate,20,20.0,2019-01-01 01:20:00,2019-01-01 02:01:00,0.68,0.6833333333333333,0.0,,1.0,0.0,100.0,True,2,3,1,True,False,terminal,rms_kurt,load_pipeline (invariant)
XJTU-SY,Bearing1_5,42,One-Class SVM (nu=0.05),one_class_svm,aggregate,1,1.0,2019-01-01 00:29:00,2019-01-01 00:51:00,0.37,0.35,0.016666666666666666,,0.9545454545454546,0.0,100.0,True,4,10,3,False,False,terminal,rms_kurt,load_pipeline (invariant)
XJTU-SY,Bearing1_5,42,One-Class SVM (nu=0.05),one_class_svm,aggregate,2,2.0,2019-01-01 00:29:00,2019-01-01 00:51:00,0.37,0.38333333333333336,,100.0,1.0454545454545456,0.0,100.0,False,5,5,4,False,False,terminal,rms_kurt,load_pipeline (invariant)
XJTU-SY,Bearing1_5,42,One-Class SVM (nu=0.05),one_class_svm,aggregate,5,5.0,2019-01-01 00:29:00,2019-01-01 00:51:00,0.37,0.35,0.016666666666666666,,0.9545454545454546,0.0,100.0,True,4,3,2,True,False,terminal,rms_kurt,load_pipeline (invariant)
XJTU-SY,Bearing1_5,42,One-Class SVM (nu=0.05),one_class_svm,decimate,1,1.0,2019-01-01 00:29:00,2019-01-01 00:51:00,0.37,0.35,0.016666666666666666,,0.9545454545454546,0.0,100.0,True,4,10,3,False,False,terminal,rms_kurt,load_pipeline (invariant)
XJTU-SY,Bearing1_5,42,One-Class SVM (nu=0.05),one_class_svm,decimate,2,2.0,2019-01-01 00:29:00,2019-01-01 00:51:00,0.37,0.38333333333333336,,100.0,1.0454545454545456,0.0,100.0,False,5,5,4,False,False,terminal,rms_kurt,load_pipeline (invariant)
XJTU-SY,Bearing1_5,42,One-Class SVM (nu=0.05),one_class_svm,decimate,5,5.0,2019-01-01 00:29:00,2019-01-01 00:51:00,0.37,0.35,0.016666666666666666,,0.9545454545454546,0.0,100.0,True,4,3,2,True,False,terminal,rms_kurt,load_pipeline (invariant)
XJTU-SY,Bearing2_1,42,One-Class SVM (nu=0.05),one_class_svm,aggregate,1,1.0,2019-01-01 07:32:00,2019-01-01 08:10:00,0.63,3.0,,87.5,4.736842105263158,3.0,0.0,False,39,10,3,False,False,terminal,rms_kurt,load_pipeline (invariant)
XJTU-SY,Bearing2_1,42,One-Class SVM (nu=0.05),one_class_svm,aggregate,2,2.0,2019-01-01 07:32:00,2019-01-01 08:10:00,0.63,3.033333333333333,,85.0,4.7894736842105265,3.033333333333333,0.0,False,49,5,4,False,False,terminal,rms_kurt,load_pipeline (invariant)
XJTU-SY,Bearing2_1,42,One-Class SVM (nu=0.05),one_class_svm,aggregate,5,5.0,2019-01-01 07:32:00,2019-01-01 08:10:00,0.63,3.0833333333333335,,93.75,4.86842105263158,3.0833333333333335,0.0,False,39,3,2,True,False,terminal,rms_kurt,load_pipeline (invariant)
XJTU-SY,Bearing2_1,42,One-Class SVM (nu=0.05),one_class_svm,aggregate,10,10.0,2019-01-01 07:32:00,2019-01-01 08:10:00,0.63,3.3333333333333335,,100.0,5.2631578947368425,0.0,100.0,False,20,3,1,True,False,terminal,rms_kurt,load_pipeline (invariant)
XJTU-SY,Bearing2_1,42,One-Class SVM (nu=0.05),one_class_svm,aggregate,20,20.0,2019-01-01 07:32:00,2019-01-01 08:10:00,0.63,3.5,,100.0,5.526315789473684,0.0,100.0,False,10,3,1,True,False,terminal,rms_kurt,load_pipeline (invariant)
XJTU-SY,Bearing2_1,42,One-Class SVM (nu=0.05),one_class_svm,decimate,1,1.0,2019-01-01 07:32:00,2019-01-01 08:10:00,0.63,3.0,,87.5,4.736842105263158,3.0,0.0,False,39,10,3,False,False,terminal,rms_kurt,load_pipeline (invariant)
XJTU-SY,Bearing2_1,42,One-Class SVM (nu=0.05),one_class_svm,decimate,2,2.0,2019-01-01 07:32:00,2019-01-01 08:10:00,0.63,3.3,,87.5,5.2105263157894735,0.0,100.0,False,49,5,4,False,False,terminal,rms_kurt,load_pipeline (invariant)
XJTU-SY,Bearing2_1,42,One-Class SVM (nu=0.05),one_class_svm,decimate,5,5.0,2019-01-01 07:32:00,2019-01-01 08:10:00,0.63,3.1666666666666665,,62.5,5.0,0.0,50.0,False,39,3,2,True,False,terminal,rms_kurt,load_pipeline (invariant)
XJTU-SY,Bearing2_1,42,One-Class SVM (nu=0.05),one_class_svm,decimate,10,10.0,2019-01-01 07:32:00,2019-01-01 08:10:00,0.63,2.6666666666666665,,64.70588235294117,4.2105263157894735,2.6666666666666665,0.0,False,20,3,1,True,False,terminal,rms_kurt,load_pipeline (invariant)
XJTU-SY,Bearing2_1,42,One-Class SVM (nu=0.05),one_class_svm,decimate,20,20.0,2019-01-01 07:32:00,2019-01-01 08:10:00,0.63,3.5,,100.0,5.526315789473684,0.0,100.0,False,10,3,1,True,False,terminal,rms_kurt,load_pipeline (invariant)
XJTU-SY,Bearing2_2,42,One-Class SVM (nu=0.05),one_class_svm,aggregate,1,1.0,2019-01-01 01:24:00,2019-01-01 02:40:00,1.27,1.0833333333333333,0.18333333333333332,,0.8552631578947368,0.0,100.0,True,13,10,3,False,False,terminal,rms_kurt,load_pipeline (invariant)
XJTU-SY,Bearing2_2,42,One-Class SVM (nu=0.05),one_class_svm,aggregate,2,2.0,2019-01-01 01:24:00,2019-01-01 02:40:00,1.27,1.0666666666666667,0.2,,0.8421052631578948,0.0,100.0,True,16,5,4,False,False,terminal,rms_kurt,load_pipeline (invariant)
XJTU-SY,Bearing2_2,42,One-Class SVM (nu=0.05),one_class_svm,aggregate,5,5.0,2019-01-01 01:24:00,2019-01-01 02:40:00,1.27,1.0833333333333333,0.18333333333333332,,0.8552631578947368,0.0,100.0,True,13,3,2,True,False,terminal,rms_kurt,load_pipeline (invariant)
XJTU-SY,Bearing2_2,42,One-Class SVM (nu=0.05),one_class_svm,aggregate,10,10.0,2019-01-01 01:24:00,2019-01-01 02:40:00,1.27,1.0,0.26666666666666666,,0.7894736842105263,0.0,100.0,True,6,3,1,True,False,terminal,rms_kurt,load_pipeline (invariant)
XJTU-SY,Bearing2_2,42,One-Class SVM (nu=0.05),one_class_svm,aggregate,20,20.0,2019-01-01 01:24:00,2019-01-01 02:40:00,1.27,1.0,0.26666666666666666,,0.7894736842105263,0.0,100.0,True,3,3,1,True,False,terminal,rms_kurt,load_pipeline (invariant)
XJTU-SY,Bearing2_2,42,One-Class SVM (nu=0.05),one_class_svm,decimate,1,1.0,2019-01-01 01:24:00,2019-01-01 02:40:00,1.27,1.0833333333333333,0.18333333333333332,,0.8552631578947368,0.0,100.0,True,13,10,3,False,False,terminal,rms_kurt,load_pipeline (invariant)
XJTU-SY,Bearing2_2,42,One-Class SVM (nu=0.05),one_class_svm,decimate,2,2.0,2019-01-01 01:24:00,2019-01-01 02:40:00,1.27,1.0666666666666667,0.2,,0.8421052631578948,0.0,100.0,True,16,5,4,False,False,terminal,rms_kurt,load_pipeline (invariant)
XJTU-SY,Bearing2_2,42,One-Class SVM (nu=0.05),one_class_svm,decimate,5,5.0,2019-01-01 01:24:00,2019-01-01 02:40:00,1.27,1.0833333333333333,0.18333333333333332,,0.8552631578947368,0.0,100.0,True,13,3,2,True,False,terminal,rms_kurt,load_pipeline (invariant)
XJTU-SY,Bearing2_2,42,One-Class SVM (nu=0.05),one_class_svm,decimate,10,10.0,2019-01-01 01:24:00,2019-01-01 02:40:00,1.27,1.0,0.26666666666666666,,0.7894736842105263,0.0,100.0,True,6,3,1,True,False,terminal,rms_kurt,load_pipeline (invariant)
XJTU-SY,Bearing2_2,42,One-Class SVM (nu=0.05),one_class_svm,decimate,20,20.0,2019-01-01 01:24:00,2019-01-01 02:40:00,1.27,1.0,0.26666666666666666,,0.7894736842105263,0.0,100.0,True,3,3,1,True,False,terminal,rms_kurt,load_pipeline (invariant)
XJTU-SY,Bearing2_3,42,One-Class SVM (nu=0.05),one_class_svm,aggregate,1,1.0,2019-01-01 05:23:00,2019-01-01 08:52:00,3.48,3.533333333333333,,100.0,1.014354066985646,0.0,100.0,False,42,10,3,False,False,terminal,rms_kurt,load_pipeline (invariant)
XJTU-SY,Bearing2_3,42,One-Class SVM (nu=0.05),one_class_svm,aggregate,2,2.0,2019-01-01 05:23:00,2019-01-01 08:52:00,3.48,3.533333333333333,,100.0,1.014354066985646,0.0,100.0,False,53,5,4,False,False,terminal,rms_kurt,load_pipeline (invariant)
XJTU-SY,Bearing2_3,42,One-Class SVM (nu=0.05),one_class_svm,aggregate,5,5.0,2019-01-01 05:23:00,2019-01-01 08:52:00,3.48,3.533333333333333,,100.0,1.014354066985646,0.0,100.0,False,42,3,2,True,False,terminal,rms_kurt,load_pipeline (invariant)
XJTU-SY,Bearing2_3,42,One-Class SVM (nu=0.05),one_class_svm,aggregate,10,10.0,2019-01-01 05:23:00,2019-01-01 08:52:00,3.48,3.533333333333333,,100.0,1.014354066985646,0.0,100.0,False,21,3,1,True,False,terminal,rms_kurt,load_pipeline (invariant)
XJTU-SY,Bearing2_3,42,One-Class SVM (nu=0.05),one_class_svm,aggregate,20,20.0,2019-01-01 05:23:00,2019-01-01 08:52:00,3.48,3.533333333333333,,100.0,1.014354066985646,0.0,100.0,False,10,3,1,True,False,terminal,rms_kurt,load_pipeline (invariant)
XJTU-SY,Bearing2_3,42,One-Class SVM (nu=0.05),one_class_svm,decimate,1,1.0,2019-01-01 05:23:00,2019-01-01 08:52:00,3.48,3.533333333333333,,100.0,1.014354066985646,0.0,100.0,False,42,10,3,False,False,terminal,rms_kurt,load_pipeline (invariant)
XJTU-SY,Bearing2_3,42,One-Class SVM (nu=0.05),one_class_svm,decimate,2,2.0,2019-01-01 05:23:00,2019-01-01 08:52:00,3.48,3.533333333333333,,100.0,1.014354066985646,0.0,100.0,False,53,5,4,False,False,terminal,rms_kurt,load_pipeline (invariant)
XJTU-SY,Bearing2_3,42,One-Class SVM (nu=0.05),one_class_svm,decimate,5,5.0,2019-01-01 05:23:00,2019-01-01 08:52:00,3.48,3.533333333333333,,100.0,1.014354066985646,0.0,100.0,False,42,3,2,True,False,terminal,rms_kurt,load_pipeline (invariant)
XJTU-SY,Bearing2_3,42,One-Class SVM (nu=0.05),one_class_svm,decimate,10,10.0,2019-01-01 05:23:00,2019-01-01 08:52:00,3.48,3.533333333333333,,100.0,1.014354066985646,0.0,100.0,False,21,3,1,True,False,terminal,rms_kurt,load_pipeline (invariant)
XJTU-SY,Bearing2_3,42,One-Class SVM (nu=0.05),one_class_svm,decimate,20,20.0,2019-01-01 05:23:00,2019-01-01 08:52:00,3.48,3.533333333333333,,100.0,1.014354066985646,0.0,100.0,False,10,3,1,True,False,terminal,rms_kurt,load_pipeline (invariant)
XJTU-SY,Bearing2_4,42,One-Class SVM (nu=0.05),one_class_svm,aggregate,1,1.0,2019-01-01 00:30:00,2019-01-01 00:41:00,0.18,0.26666666666666666,,100.0,1.4545454545454546,0.0,100.0,False,3,10,3,False,False,terminal,rms_kurt,load_pipeline (invariant)
XJTU-SY,Bearing2_4,42,One-Class SVM (nu=0.05),one_class_svm,aggregate,2,2.0,2019-01-01 00:30:00,2019-01-01 00:41:00,0.18,0.2833333333333333,,100.0,1.5454545454545454,0.0,100.0,False,4,5,4,False,False,terminal,rms_kurt,load_pipeline (invariant)
XJTU-SY,Bearing2_4,42,One-Class SVM (nu=0.05),one_class_svm,aggregate,5,5.0,2019-01-01 00:30:00,2019-01-01 00:41:00,0.18,0.26666666666666666,,100.0,1.4545454545454546,0.0,100.0,False,3,3,2,True,False,terminal,rms_kurt,load_pipeline (invariant)
XJTU-SY,Bearing2_4,42,One-Class SVM (nu=0.05),one_class_svm,decimate,1,1.0,2019-01-01 00:30:00,2019-01-01 00:41:00,0.18,0.26666666666666666,,100.0,1.4545454545454546,0.0,100.0,False,3,10,3,False,False,terminal,rms_kurt,load_pipeline (invariant)
XJTU-SY,Bearing2_4,42,One-Class SVM (nu=0.05),one_class_svm,decimate,2,2.0,2019-01-01 00:30:00,2019-01-01 00:41:00,0.18,0.2833333333333333,,100.0,1.5454545454545454,0.0,100.0,False,4,5,4,False,False,terminal,rms_kurt,load_pipeline (invariant)
XJTU-SY,Bearing2_4,42,One-Class SVM (nu=0.05),one_class_svm,decimate,5,5.0,2019-01-01 00:30:00,2019-01-01 00:41:00,0.18,0.26666666666666666,,100.0,1.4545454545454546,0.0,100.0,False,3,3,2,True,False,terminal,rms_kurt,load_pipeline (invariant)
XJTU-SY,Bearing2_5,42,One-Class SVM (nu=0.05),one_class_svm,aggregate,1,1.0,2019-01-01 02:50:00,2019-01-01 05:38:00,2.8,2.3,0.5,,0.8214285714285714,0.0,100.0,True,27,10,3,False,False,terminal,rms_kurt,load_pipeline (invariant)
XJTU-SY,Bearing2_5,42,One-Class SVM (nu=0.05),one_class_svm,aggregate,2,2.0,2019-01-01 02:50:00,2019-01-01 05:38:00,2.8,2.3,0.5,,0.8214285714285714,0.0,100.0,True,34,5,4,False,False,terminal,rms_kurt,load_pipeline (invariant)
XJTU-SY,Bearing2_5,42,One-Class SVM (nu=0.05),one_class_svm,aggregate,5,5.0,2019-01-01 02:50:00,2019-01-01 05:38:00,2.8,2.3,0.5,,0.8214285714285714,0.0,100.0,True,27,3,2,True,False,terminal,rms_kurt,load_pipeline (invariant)
XJTU-SY,Bearing2_5,42,One-Class SVM (nu=0.05),one_class_svm,aggregate,10,10.0,2019-01-01 02:50:00,2019-01-01 05:38:00,2.8,2.3,0.5,,0.8214285714285714,0.0,100.0,True,13,3,1,True,False,terminal,rms_kurt,load_pipeline (invariant)
XJTU-SY,Bearing2_5,42,One-Class SVM (nu=0.05),one_class_svm,aggregate,20,20.0,2019-01-01 02:50:00,2019-01-01 05:38:00,2.8,2.3,0.5,,0.8214285714285714,0.0,100.0,True,6,3,1,True,False,terminal,rms_kurt,load_pipeline (invariant)
XJTU-SY,Bearing2_5,42,One-Class SVM (nu=0.05),one_class_svm,decimate,1,1.0,2019-01-01 02:50:00,2019-01-01 05:38:00,2.8,2.3,0.5,,0.8214285714285714,0.0,100.0,True,27,10,3,False,False,terminal,rms_kurt,load_pipeline (invariant)
XJTU-SY,Bearing2_5,42,One-Class SVM (nu=0.05),one_class_svm,decimate,2,2.0,2019-01-01 02:50:00,2019-01-01 05:38:00,2.8,2.3,0.5,,0.8214285714285714,0.0,100.0,True,34,5,4,False,False,terminal,rms_kurt,load_pipeline (invariant)
XJTU-SY,Bearing2_5,42,One-Class SVM (nu=0.05),one_class_svm,decimate,5,5.0,2019-01-01 02:50:00,2019-01-01 05:38:00,2.8,2.3,0.5,,0.8214285714285714,0.0,100.0,True,27,3,2,True,False,terminal,rms_kurt,load_pipeline (invariant)
XJTU-SY,Bearing2_5,42,One-Class SVM (nu=0.05),one_class_svm,decimate,10,10.0,2019-01-01 02:50:00,2019-01-01 05:38:00,2.8,2.3,0.5,,0.8214285714285714,0.0,100.0,True,13,3,1,True,False,terminal,rms_kurt,load_pipeline (invariant)
XJTU-SY,Bearing2_5,42,One-Class SVM (nu=0.05),one_class_svm,decimate,20,20.0,2019-01-01 02:50:00,2019-01-01 05:38:00,2.8,2.3,0.5,,0.8214285714285714,0.0,100.0,True,6,3,1,True,False,terminal,rms_kurt,load_pipeline (invariant)
