item_id,item_type,group_id,status,note,context
S00.001,sentence,,located,,"A Latch-On-Resistant, False-Alarm-Gated Lead-Time Metric for Bearing Anomaly Detection — and What It Reveals About SCADA-Rate Logging Ansh Goyal1 1 Jaypee Institute of Information Technology, Noida, I"
S00.001.n01,number,1,located,,"A Latch-On-Resistant, False-Alarm-Gated Lead-Time Metric for Bearing Anomaly Detection — and What It Reveals About SCADA-Rate Logging Ansh Goyal1 1 Jaypee Institute of Information Technology, Noida, I"
S00.002,sentence,,located,,"We argue that lead time, the warning interval before failure, is the operationally decisive quantity, and we make it the primary evaluation object through a latch-on-resistant, false-alarm-gated metri"
S00.003,sentence,,located,,"Warning time is credited only when the pre-onset false-alarm rate lies within a stated budget τ , so a degenerate constant-on detector is provably scored invalid."
S00.004,sentence,,located,,We then ask whether the bin-averaged logging of a SCADA historian destroys detection lead time relative to simple decimation.
S00.005,sentence,,located,,"Eleven detectors (four statistical process control (SPC) charts, Isolation Forest, three deep reconstruction autoencoders, a root-mean-square (RMS) trend baseline, and two one-class models) are assess"
S00.005.n01,number,10,located,,"Eleven detectors (four statistical process control (SPC) charts, Isolation Forest, three deep reconstruction autoencoders, a root-mean-square (RMS) trend baseline, and two one-class models) are assess"
S00.005.n02,number,6,located,,"Eleven detectors (four statistical process control (SPC) charts, Isolation Forest, three deep reconstruction autoencoders, a root-mean-square (RMS) trend baseline, and two one-class models) are assess"
S00.005.n03,number,6,located,,"Eleven detectors (four statistical process control (SPC) charts, Isolation Forest, three deep reconstruction autoencoders, a root-mean-square (RMS) trend baseline, and two one-class models) are assess"
S00.005.n04,number,3,located,,"Eleven detectors (four statistical process control (SPC) charts, Isolation Forest, three deep reconstruction autoencoders, a root-mean-square (RMS) trend baseline, and two one-class models) are assess"
S00.006,sentence,,located,,"On IMS the variance-sensitive charts show a positive median shift (3σ +15.1 h), but the direction is not consistent across the three runs and does not survive Holm correction across the N = 44 family "
S00.006.n01,number,15.1,located,,"On IMS the variance-sensitive charts show a positive median shift (3σ +15.1 h), but the direction is not consistent across the three runs and does not survive Holm correction across the N = 44 family "
S00.006.n02,number,44,located,,"On IMS the variance-sensitive charts show a positive median shift (3σ +15.1 h), but the direction is not consistent across the three runs and does not survive Holm correction across the N = 44 family "
S00.006.n03,number,1.00,located,,"On IMS the variance-sensitive charts show a positive median shift (3σ +15.1 h), but the direction is not consistent across the three runs and does not survive Holm correction across the N = 44 family "
S00.007,sentence,,located,,"We state the crossdataset conclusion as a bounded equivalence rather than an accepted null: against a pre-specified ±1 h operational margin—the resolution at which the result is actionable, since a ma"
S00.007.n01,number,±1,located,,"We state the crossdataset conclusion as a bounded equivalence rather than an accepted null: against a pre-specified ±1 h operational margin—the resolution at which the result is actionable, since a ma"
S00.007.n02,number,33,located,,"We state the crossdataset conclusion as a bounded equivalence rather than an accepted null: against a pre-specified ±1 h operational margin—the resolution at which the result is actionable, since a ma"
S00.007.n03,number,3,located,,"We state the crossdataset conclusion as a bounded equivalence rather than an accepted null: against a pre-specified ±1 h operational margin—the resolution at which the result is actionable, since a ma"
S00.007.n04,number,9,located,,"We state the crossdataset conclusion as a bounded equivalence rather than an accepted null: against a pre-specified ±1 h operational margin—the resolution at which the result is actionable, since a ma"
S00.007.n05,number,11,located,,"We state the crossdataset conclusion as a bounded equivalence rather than an accepted null: against a pre-specified ±1 h operational margin—the resolution at which the result is actionable, since a ma"
S00.007.n06,number,2,located,,"We state the crossdataset conclusion as a bounded equivalence rather than an accepted null: against a pre-specified ±1 h operational margin—the resolution at which the result is actionable, since a ma"
S00.007.n07,number,1,located,,"We state the crossdataset conclusion as a bounded equivalence rather than an accepted null: against a pre-specified ±1 h operational margin—the resolution at which the result is actionable, since a ma"
S00.008,sentence,,located,,"No cell shows decimation superior beyond the margin; in the five cells whose interval lies wholly below zero, decimation leads by less than the margin, the widest such interval (3σ on FEMTO) reaching "
S00.008.n01,number,-0.45,located,,"No cell shows decimation superior beyond the margin; in the five cells whose interval lies wholly below zero, decimation leads by less than the margin, the widest such interval (3σ on FEMTO) reaching "
S00.009,sentence,,located,,"The campaigns that supply this statistical power are short-lived bearings, on which an effect of the magnitude IMS shows could not have appeared, so the cross-dataset null bounds the effect at the sca"
S00.010,sentence,,located,,"On the short-lived bearings tested, deep reconstruction models do not overtake the control charts at any training fraction in [0.20, 0.60]; whether a crossover exists on long-runway assets is left ope"
S00.010.n01,number,0.20,located,,"On the short-lived bearings tested, deep reconstruction models do not overtake the control charts at any training fraction in [0.20, 0.60]; whether a crossover exists on long-runway assets is left ope"
S00.010.n02,number,0.60,located,,"On the short-lived bearings tested, deep reconstruction models do not overtake the control charts at any training fraction in [0.20, 0.60]; whether a crossover exists on long-runway assets is left ope"
S00.011,sentence,,located,,"The full pipeline, detectors, and result tables are released at https:// github.com/Ansh-Goyal01/Scada-Leadtime-Benchmark."
S00.012,sentence,,located,,"Keywords: bearing anomaly detection, lead-time metric, false-alarm gating, SCADA historian, prognostic horizon, statistical process control, conformal prediction"
S01.001,sentence,,located,0.94,"Condition-based maintenance (CBM) and prognostics and health management (PHM) promise to replace fixed-interval servicing with data-driven intervention, reducing both unplanned downtime and unnecessar"
S01.002,sentence,,located,0.85,"Rolling-element bearings are the most common failure mode in rotating machinery, and a large literature applies statistical control charts, classical machine learning, and deep models to detect incipi"
S01.003,sentence,,located,0.83,"The economic case is well established: a warning delivered hours or days before a catastrophic seizure lets an operator schedule an orderly shutdown, order parts, and avoid secondary damage to shafts,"
S01.004,sentence,,located,,"Despite this, most published detectors are evaluated with classification metrics—accuracy, precision/recall, and receiver operating characteristic area under the curve (ROC- AUC)."
S01.005,sentence,,located,,"These answer “was the failure detected?” but not the question a maintenance planner actually asks: “how many hours of warning did we get, and how often did the system cry wolf?"
S01.006,sentence,,located,1.00,A detector that warns 48 h ahead at a low nuisance-alarm rate is operationally distinct from one that fires minutes before breakdown or one that alarms every day.
S01.006.n01,number,48,located,,A detector that warns 48 h ahead at a low nuisance-alarm rate is operationally distinct from one that fires minutes before breakdown or one that alarms every day.
S01.007,sentence,,located,,"The prognostics community has long advocated time-aware metrics (Saxena et al., 2008; Saxena, Celaya, Saha, Saha, & Goebel, 2010; Goebel, Saha, & Saxena, 2011), yet lead time is rarely the headline qu"
S01.008,sentence,,located,,"In particular, any lead-time metric that does not pair warning time with a false-alarm constraint can be trivially maximized by a detector that simply alarms from the first sample—a “latch-on” exploit"
S01.009,sentence,,located-manual,signposting removed: Sec. 1 P3 opens 'A second question is practical.',"A second, eminently practical question motivates this study."
S01.010,sentence,,located,0.88,Industrial Supervisory Control and Data Acquisition (SCADA) historians rarely store raw high-rate vibration; they store decimated or time-averaged summaries at a coarse logging interval (Tautz-Weinert
S01.011,sentence,,located,,The folklore concern is that this storage step destroys fault-relevant information: that bin-averaging the summary statistics a historian retains washes out the very excursions that signal an incipien
S01.012,sentence,,located,0.62,"Whether this is actually true is an empirical question that, to our knowledge, has not been tested with a sound lead-time metric across multiple datasets."
S01.013,sentence,,located,,"The answer matters: if averaging is harmless, operators can store compact, cheap, bin-averaged streams without sacrificing warning time; if it is harmful, the implication is that prognostics-grade mon"
S01.014,sentence,,located-manual,signposting removed: Sec. 1 P4 'We answer both questions.',This paper makes both questions precise and answers them.
S01.015,sentence,,located-manual,signposting removed (arc labels): arc content folded into Sec. 1 P4,We state the arc explicitly: Problem.
S01.016,sentence,,located,,"Detectors are ranked by classification accuracy, which ignores how early a warning arrives and at what false-alarm cost; and it is unknown whether the coarse, bin-averaged logging of a SCADA historian"
S01.017,sentence,,located,,We make lead time gated by a leakage-free falsealarm rate the primary metric—warning time counts only when the pre-onset false-alarm rate is within budget—so that the degenerate latch-on detector is p
S01.018,sentence,,located,,"Under this metric we run a controlled sampling sweep that holds window content and alarm persistence constant, applied to nine detectors (four SPC charts, Isolation Forest, three deep reconstruction a"
S01.018.n01,number,10,located,,"Under this metric we run a controlled sampling sweep that holds window content and alarm persistence constant, applied to nine detectors (four SPC charts, Isolation Forest, three deep reconstruction a"
S01.018.n02,number,6,located,,"Under this metric we run a controlled sampling sweep that holds window content and alarm persistence constant, applied to nine detectors (four SPC charts, Isolation Forest, three deep reconstruction a"
S01.018.n03,number,6,located,,"Under this metric we run a controlled sampling sweep that holds window content and alarm persistence constant, applied to nine detectors (four SPC charts, Isolation Forest, three deep reconstruction a"
S01.018.n04,number,3,located,,"Under this metric we run a controlled sampling sweep that holds window content and alarm persistence constant, applied to nine detectors (four SPC charts, Isolation Forest, three deep reconstruction a"
S01.019,sentence,,located,,The folklore is refuted on every dataset tested: historian-style aggregation does not destroy lead time.
S01.020,sentence,,located,,"On the large multi-bearing sets (XJTU-SY, FEMTO, Ferrara) the difference is negligible; on IMS the median shift is positive for most magnitude detectors but not consistent in direction across the thre"
S01.020.n01,number,3,located,,"On the large multi-bearing sets (XJTU-SY, FEMTO, Ferrara) the difference is negligible; on IMS the median shift is positive for most magnitude detectors but not consistent in direction across the thre"
S01.021,sentence,,located,,The defensible cross-dataset conclusion is bounded non-destruction: no dataset × detector cell shows decimation superior beyond a ±1 h operational margin (the cells that favour decimation at all do so
S01.021.n01,number,±1,located,,The defensible cross-dataset conclusion is bounded non-destruction: no dataset × detector cell shows decimation superior beyond a ±1 h operational margin (the cells that favour decimation at all do so
S01.022,sentence,,located-manual,signposting removed: contribution list kept (Contributions.),We make five contributions. 1.
S01.022.n01,number,1,located,,We make five contributions. 1.
S01.023,sentence,,located,,"A latch-on-resistant, false-alarm-gated, onset-relative lead-time metric."
S01.024,sentence,,located,,"Warning time is credited only when the false-alarm rate over a data-anchored, leakage-free pre-onset region is within a stated budget."
S01.025,sentence,,located,,"We prove— by construction and by a unit test that is part of the released code—that a constant-on (latch-on) detector is scored invalid, while a detector that fires just after the true degradation ons"
S01.026,sentence,,located,,We do not claim the metric is unconditionally ungameable; we discuss residual gaming surfaces in Section 8. 2.
S01.026.n01,number,2,located,,We do not claim the metric is unconditionally ungameable; we discuss residual gaming surfaces in Section 8. 2.
S01.027,sentence,,located,0.80,A formal proof that gating changes the answer.
S01.028,sentence,,located,,"We give, to our knowledge, the first formal comparison showing that an ungated prognostic-horizon metric (the Saxena PH) produces a different and operationally misleading detector recommendation relat"
S01.028.n01,number,10%,located,,"We give, to our knowledge, the first formal comparison showing that an ungated prognostic-horizon metric (the Saxena PH) produces a different and operationally misleading detector recommendation relat"
S01.028.n02,number,3,located,,"We give, to our knowledge, the first formal comparison showing that an ungated prognostic-horizon metric (the Saxena PH) produces a different and operationally misleading detector recommendation relat"
S01.029,sentence,,located,,"A controlled SCADA-sampling methodology that holds window content and alarm persistence constant, so that any lead-time difference between the historian’s aggregate mechanism and simple decimation ref"
S01.029.n01,number,4,located,,"A controlled SCADA-sampling methodology that holds window content and alarm persistence constant, so that any lead-time difference between the historian’s aggregate mechanism and simple decimation ref"
S01.030,sentence,,located,1.00,A multi-dataset null result.
S01.031,sentence,,located,,"Across XJTU-SY (n = 10), FEMTO/PRONOSTIA (n = 6), University of Ferrara (n = 6), and NASA IMS (n = 3), with bootstrap confidence intervals and run-level significance tests treating the run, not the wi"
S01.031.n01,number,10,located,,"Across XJTU-SY (n = 10), FEMTO/PRONOSTIA (n = 6), University of Ferrara (n = 6), and NASA IMS (n = 3), with bootstrap confidence intervals and run-level significance tests treating the run, not the wi"
S01.031.n02,number,6,located,,"Across XJTU-SY (n = 10), FEMTO/PRONOSTIA (n = 6), University of Ferrara (n = 6), and NASA IMS (n = 3), with bootstrap confidence intervals and run-level significance tests treating the run, not the wi"
S01.031.n03,number,6,located,,"Across XJTU-SY (n = 10), FEMTO/PRONOSTIA (n = 6), University of Ferrara (n = 6), and NASA IMS (n = 3), with bootstrap confidence intervals and run-level significance tests treating the run, not the wi"
S01.031.n04,number,3,located,,"Across XJTU-SY (n = 10), FEMTO/PRONOSTIA (n = 6), University of Ferrara (n = 6), and NASA IMS (n = 3), with bootstrap confidence intervals and run-level significance tests treating the run, not the wi"
S01.032,sentence,,located,,No dataset × detector cell shows decimation superior beyond a ±1 h operational margin (the cells that favour decimation at all do so by less than that margin) (Section 6.4); nothing survives Holm corr
S01.032.n01,number,±1,located,,No dataset × detector cell shows decimation superior beyond a ±1 h operational margin (the cells that favour decimation at all do so by less than that margin) (Section 6.4); nothing survives Holm corr
S01.032.n02,number,44,located,,No dataset × detector cell shows decimation superior beyond a ±1 h operational margin (the cells that favour decimation at all do so by less than that margin) (Section 6.4); nothing survives Holm corr
S01.032.n03,number,5,located,,No dataset × detector cell shows decimation superior beyond a ±1 h operational margin (the cells that favour decimation at all do so by less than that margin) (Section 6.4); nothing survives Holm corr
S01.033,sentence,,located,,"Validation: wiring and empirical validation of a conformal detector for distribution-free false-alarm control, a lead-time-vs-false-alarm trade-off analysis, feature-group and spectral ablations that "
S01.033.n01,number,0.20,located,,"Validation: wiring and empirical validation of a conformal detector for distribution-free false-alarm control, a lead-time-vs-false-alarm trade-off analysis, feature-group and spectral ablations that "
S01.033.n02,number,0.60,located,,"Validation: wiring and empirical validation of a conformal detector for distribution-free false-alarm control, a lead-time-vs-false-alarm trade-off analysis, feature-group and spectral ablations that "
S01.034,sentence,,located,1.00,Scope of claims.
S01.035,sentence,,located,,"The empirical results are for rollingelement bearings under approximately steady operating conditions; we make no claim of transfer to gearboxes, blades, or variable-speed machinery."
S01.036,sentence,,located,1.00,The sampling question is specifically bin-averaged historian storage versus decimated storage.
S01.037,sentence,,located,,The metric itself is failure-mode-agnostic: it applies wherever a run-to-failure trajectory and a stationary normal region exist.
S01.038,sentence,,located,,We deliberately report a result that is not the one we set out to find.
S01.039,sentence,,located,,Our working hypothesis was that bin-averaging the stored summary series would wash out incipient-fault excursions and shorten lead time.
S01.040,sentence,,located,1.00,It does not.
S01.041,sentence,,located,,"We regard reporting the refutation, with its dataset-dependent direction made explicit, as more valuable than a tidy but unsupported positive claim."
S03.001,sentence,,located,1.00,"Reviews of machinery diagnostics and prognostics (Jardine et al., 2006; Lee et al., 2014; Lei et al., 2018) and of remaininguseful-life (RUL) estimation (Si, Wang, Hu, & Zhou, 2011) establish the CBM/"
S03.002,sentence,,located,,Saxena et al.
S03.003,sentence,,located,,"(2008), Saxena et al."
S03.004,sentence,,located,1.00,"(2010), and Goebel et al."
S03.005,sentence,,located,,"(2011) propose a family of prognostic-performance metrics (prognostic horizon, α-λ accuracy, relative accuracy, and timeliness) that explicitly reward early, well-calibrated predictions."
S03.006,sentence,,located,0.92,Our onset-relative lead time is in this spirit: it measures warning time relative to a degradation event rather than to an arbitrary positional marker.
S03.007,sentence,,located,,"We depart from prior practice in one key respect: we make the false-alarm budget an integral part of the metric’s validity condition rather than a separately reported number, which is precisely what c"
S03.008,sentence,,located-manual,"paraphrased: Sec. 2.1 P1: 'the first formal comparison showing that an ungated prognostic horizon ranks detectors differently, and misleadingly'","We further provide, to our knowledge, the first formal comparison showing that an ungated prognostic-horizon metric produces a different and operationally misleading detector ranking relative to a fal"
S03.009,sentence,,located,,"The disagreement is not marginal: on IMS the detectors the prognostic horizon ranks first by raw lead (Hotelling T 2, Isolation Forest, and EWMA) each have no valid operating point at a 10% false-alar"
S03.009.n01,number,10%,located,,"The disagreement is not marginal: on IMS the detectors the prognostic horizon ranks first by raw lead (Hotelling T 2, Isolation Forest, and EWMA) each have no valid operating point at a 10% false-alar"
S03.010,sentence,,located,1.00,The cost asymmetry between a missed detection and a false alarm has been treated explicitly outside bearing prognostics.
S03.011,sentence,,located,,"The Numenta Anomaly Benchmark (Lavin & Ahmad, 2015) scores streaming detectors under an application profile that rewards early detection and penalises false positives, making the same commitment our g"
S03.012,sentence,,located,1.00,The difference is structural.
S03.013,sentence,,located,,"That benchmark folds both into a single weighted score, so a detector may trade false alarms against earliness and still rank well; our budget is a validity condition, and an alarm outside it earns no"
S03.014,sentence,,located,1.00,A parallel line of work revises evaluation itself for time-series detection.
S03.015,sentence,,located,,"Tatbul, Lee, Zdonik, Alam, and Gottschlich (2018) generalise precision and recall from points to ranges with a tunable positional bias, so that early detection within an anomalous interval can be rewa"
S03.016,sentence,,located,,"Our metric shares the diagnosis and differs in what it reports: rather than a score on a bounded scale, the gated lead time is a physical quantity— hours of warning—that a maintenance planner can act "
S04.001,sentence,,located,0.78,"Univariate and multivariate statistical-process-control charts—the 3σ rule, the exponentially weighted moving average (EWMA) (Roberts, 1959), and Hotelling’s T 2 (Hotelling, 1947)—remain workhorses of"
S04.002,sentence,,located,0.83,"In the unsupervised machinelearning family, Isolation Forest (Liu, Ting, & Zhou, 2008) and the one-class support vector machine (SVM) (Schölkopf, Platt, Shawe-Taylor, Smola, & Williamson, 2001) are wi"
S04.003,sentence,,located,,"We evaluate representatives of both the classical and learning families under a single, fixed hyperparameter protocol so that the comparison is about the evaluation and the sampling question, not abou"
S04.004,sentence,,located,1.00,Relation to published FEMTO/XJTU results.
S04.005,sentence,,located,,"The FEMTO/PRONOSTIA and XJTU-SY campaigns are best known through the IEEE PHM 2012 challenge and subsequent remaining-useful-life (RUL) studies (Wang, Lei, Li, & Li, 2020; Nectoux et al., 2012), whose"
S04.005.n01,number,2012,located,,"The FEMTO/PRONOSTIA and XJTU-SY campaigns are best known through the IEEE PHM 2012 challenge and subsequent remaining-useful-life (RUL) studies (Wang, Lei, Li, & Li, 2020; Nectoux et al., 2012), whose"
S04.006,sentence,,located,,"Those numbers are not directly comparable to ours for two structural reasons: (i) they estimate a continuous RUL on runs with no observed failure, whereas our metric measures early-warning lead time o"
S04.007,sentence,,located,,"We therefore do not tabulate their RUL scores against our lead times, which would be a category error."
S04.008,sentence,,located,,"The classic normalized-RMS health-indicator with a first-prediction-time threshold—the workhorse baseline underlying most of that literature—is represented here by our rms_trend detector, evaluated un"
S04.009,sentence,,located,1.00,The pairing of detection delay with a false-alarm constraint is the founding formulation of sequential change detection.
S04.010,sentence,,located,,"Lorden (1971) posed the minimax problem of minimising worst-case detection delay subject to a lower bound on the average run length to false alarm, and Moustakides (1986) later showed that the cumulat"
S04.011,sentence,,located,0.64,"Our gate inherits the same premise and applies it at a different stage: that theory constrains the false-alarm rate when a detector is designed, by choosing a threshold that meets a stated run-length "
S04.012,sentence,,located,1.00,The two can disagree.
S04.013,sentence,,located,,"CUSUM, whose optimality theory this is, has no valid operating point on IMS at a 10% budget, because its pre-onset false-alarm rate sits at 19.0-19.8% across every threshold we sweep. 2.3."
S04.013.n01,number,10%,located,,"CUSUM, whose optimality theory this is, has no valid operating point on IMS at a 10% budget, because its pre-onset false-alarm rate sits at 19.0-19.8% across every threshold we sweep. 2.3."
S04.013.n02,number,19.0,located,,"CUSUM, whose optimality theory this is, has no valid operating point on IMS at a 10% budget, because its pre-onset false-alarm rate sits at 19.0-19.8% across every threshold we sweep. 2.3."
S04.013.n03,number,19.8%,located,,"CUSUM, whose optimality theory this is, has no valid operating point on IMS at a 10% budget, because its pre-onset false-alarm rate sits at 19.0-19.8% across every threshold we sweep. 2.3."
S04.013.n04,number,2.3,located,,"CUSUM, whose optimality theory this is, has no valid operating point on IMS at a 10% budget, because its pre-onset false-alarm rate sits at 19.0-19.8% across every threshold we sweep. 2.3."
S04.014,sentence,,located,1.00,Uncertainty Quantification and Conformal Prediction
S05.001,sentence,,located,,"Conformal prediction (Vovk, Gammerman, & Shafer, 2005; Laxhammar & Falkman, 2014) provides a distribution-free guarantee that the false-alarm rate is bounded by a target α under exchangeability."
S05.002,sentence,,located-manual,"paraphrased: Sec. 2.3: 'converting a raw score into an alarm with an interpretable, finite-sample guarantee'","This is attractive for prognostics because it converts a detector’s raw score into an alarm with an interpretable, finite-sample false-alarm guarantee."
S05.003,sentence,,located,,"We wire conformal calibration into the lead-time pipeline and, rather than assuming the guarantee, test it empirically across runs— including a run where exchangeability provably fails because the “no"
S06.001,sentence,,located,1.00,"Bearing-defect frequencies, spectral kurtosis (Antoni, 2006), and envelope (demodulation) analysis (Randall & Antoni, 2011) are the classical frequency-domain tools for bearing diagnostics."
S06.002,sentence,,located,,"We include fast Fourier transform (FFT) band energies, spectral kurtosis, and Hilbert-envelope amplitudes at the bearing characteristic frequencies, and we ablate them against pure time-domain statist"
S07.001,sentence,,located,0.92,Tautz-Weinert and Watson (2017) review SCADA-data condition monitoring and note explicitly that historian aggregation is a recognized but under-quantified concern: practitioners suspect that coarse av
S07.002,sentence,,located-manual,"paraphrased: Sec. 2.5: 'for bearing faults, the concern is not borne out'","The present paper addresses exactly this gap, and reaches the perhaps surprising conclusion that, for bearing faults, the concern is not borne out."
S08.001,sentence,,located,,"We use four inferential run-to-failure datasets spanning controlled-lab and cross-condition regimes, together with a single-asset real-historian case study (Table 1)."
S08.002,sentence,,located,,"They were chosen so that the central sampling claim is tested under genuinely different conditions: a high-rate rawwaveform rig where aggregation can be simulated faithfully (IMS), two multi-bearing c"
S08.003,sentence,,located,0.92,"The NASA/IMS bearing dataset (Qiu, Lee, Lin, & Yu, 2006) provides raw 20.48 kHz accelerometer waveforms for three run-to-failure tests on a shaft loaded with four bearings."
S08.003.n01,number,20.48,located,,"The NASA/IMS bearing dataset (Qiu, Lee, Lin, & Yu, 2006) provides raw 20.48 kHz accelerometer waveforms for three run-to-failure tests on a shaft loaded with four bearings."
S08.004,sentence,,located,,"Because the waveforms are raw, frequency-domain features (spectral kurtosis, envelope) are meaningful; the coarsening sweep itself acts on the windowed feature vectors, not on the waveform (Section 4."
S08.005,sentence,,located,0.78,IMS test 3’s failure label is set as documented in the released repository; the justification appears in Appendix C.
S08.005.n01,number,3,located,,IMS test 3’s failure label is set as documented in the released repository; the justification appears in Appendix C.
S08.006,sentence,,located,0.92,"The XJTU-SY dataset (Wang et al., 2020) contributes ten run-to-failure bearings under two operating conditions (five bearings each) at 25.6 kHz, sampled in 1.28 s snapshots once per minute."
S08.006.n01,number,25.6,located,,"The XJTU-SY dataset (Wang et al., 2020) contributes ten run-to-failure bearings under two operating conditions (five bearings each) at 25.6 kHz, sampled in 1.28 s snapshots once per minute."
S08.006.n02,number,1.28,located,,"The XJTU-SY dataset (Wang et al., 2020) contributes ten run-to-failure bearings under two operating conditions (five bearings each) at 25.6 kHz, sampled in 1.28 s snapshots once per minute."
S08.007,sentence,,located,,"With n = 10 it provides the strongest generalization test in this study; its published lifetimes range widely (52-533 min), which deliberately stresses the metric with both long-degrading and abrupt-f"
S08.007.n01,number,10,located,,"With n = 10 it provides the strongest generalization test in this study; its published lifetimes range widely (52-533 min), which deliberately stresses the metric with both long-degrading and abrupt-f"
S08.007.n02,number,52,located,,"With n = 10 it provides the strongest generalization test in this study; its published lifetimes range widely (52-533 min), which deliberately stresses the metric with both long-degrading and abrupt-f"
S08.007.n03,number,533,located,,"With n = 10 it provides the strongest generalization test in this study; its published lifetimes range widely (52-533 min), which deliberately stresses the metric with both long-degrading and abrupt-f"
S08.008,sentence,,located,,"The FEMTO/PRONOSTIA platform (Nectoux et al., 2012) contributes an independent run-tofailure campaign: six Learning_set bearings under three operating conditions, with horizontal and vertical accelero"
S08.008.n01,number,0.1,located,,"The FEMTO/PRONOSTIA platform (Nectoux et al., 2012) contributes an independent run-tofailure campaign: six Learning_set bearings under three operating conditions, with horizontal and vertical accelero"
S08.008.n02,number,25.6,located,,"The FEMTO/PRONOSTIA platform (Nectoux et al., 2012) contributes an independent run-tofailure campaign: six Learning_set bearings under three operating conditions, with horizontal and vertical accelero"
S08.008.n03,number,10,located,,"The FEMTO/PRONOSTIA platform (Nectoux et al., 2012) contributes an independent run-tofailure campaign: six Learning_set bearings under three operating conditions, with horizontal and vertical accelero"
S08.009,sentence,,located,,"We use only the six Learning_set bearings because they are run until the platform’s 20 g vibration stop—a failure, and hence a lead time, is actually observed—whereas the Test_set/Validation_set copie"
S08.009.n01,number,20,located,,"We use only the six Learning_set bearings because they are run until the platform’s 20 g vibration stop—a failure, and hence a lead time, is actually observed—whereas the Test_set/Validation_set copie"
S08.009.n02,number,2012,located,,"We use only the six Learning_set bearings because they are run until the platform’s 20 g vibration stop—a failure, and hence a lead time, is actually observed—whereas the Test_set/Validation_set copie"
S08.010,sentence,,located,,Lifetimes span ∼1.4-7.8 h.
S08.010.n01,number,1.4,located,,Lifetimes span ∼1.4-7.8 h.
S08.010.n02,number,7.8,located,,Lifetimes span ∼1.4-7.8 h.
S08.011,sentence,,located,,"We deliberately exclude the Paderborn dataset (Lessmeier, Kimotho, Zimmer, & Sextro, 2016) from the lead-time study: it comprises pre-damaged bearings measured at fixed operating conditions for fault "
S08.012,sentence,,located,,"Using it for the headline would be a category error, and we say so rather than pad the dataset count."
S08.013,sentence,,located,1.00,University of Ferrara.
S08.014,sentence,,located,,"The University of Ferrara dataset (Arpa, Gabrielli, & Battarra, 2024) contributes a fully independent run-to-failure campaign: six self-aligning double-row ball bearings under constant speed and radia"
S08.014.n01,number,25.6,located,,"The University of Ferrara dataset (Arpa, Gabrielli, & Battarra, 2024) contributes a fully independent run-to-failure campaign: six self-aligning double-row ball bearings under constant speed and radia"
S08.015,sentence,,located,,"Lifetimes span 0.7-6.8 h, similar to FEMTO."
S08.015.n01,number,0.7,located,,"Lifetimes span 0.7-6.8 h, similar to FEMTO."
S08.015.n02,number,6.8,located,,"Lifetimes span 0.7-6.8 h, similar to FEMTO."
S08.016,sentence,,located,,"Operating conditions are fixed, making the dataset directly compatible with our onset detector without normalization; we use all six available runs (E1-E6)."
S08.017,sentence,,located,,The single accelerometer channel is duplicated into the two channel slots so the channel-invariant feature schema applies unchanged.
S08.018,sentence,,located,,"The dataset is included to further test the non-destruction hypothesis with an independent 2024 rig; like FEMTO and XJTU-SY, its short bearing lifetimes mean this campaign cannot confirm or deny the I"
S08.018.n01,number,2024,located,,"The dataset is included to further test the non-destruction hypothesis with an independent 2024 rig; like FEMTO and XJTU-SY, its short bearing lifetimes mean this campaign cannot confirm or deny the I"
S08.019,sentence,,located,,"XJTU-SY (n = 10) is our primary inferential dataset; IMS (n = 3) is retained for its raw-waveform access, which permits the faithful aggregate/decimate simulation and the mechanism analysis (Appendix "
S08.019.n01,number,10,located,,"XJTU-SY (n = 10) is our primary inferential dataset; IMS (n = 3) is retained for its raw-waveform access, which permits the faithful aggregate/decimate simulation and the mechanism analysis (Appendix "
S08.019.n02,number,3,located,,"XJTU-SY (n = 10) is our primary inferential dataset; IMS (n = 3) is retained for its raw-waveform access, which permits the faithful aggregate/decimate simulation and the mechanism analysis (Appendix "
S10.001,sentence,,located,0.80,For each run we observe a sequence of snapshots indexed by time t.
S10.002,sentence,,located,0.88,A feature extractor maps each snapshot (and a short trailing window) to a vector xt ∈ Rd.
S10.003,sentence,,located,,"A detector assigns a score st and, via a threshold and a persistence filter, an alarm indicator at ∈ {0, 1}."
S10.003.n01,number,0,located,,"A detector assigns a score st and, via a threshold and a persistence filter, an alarm indicator at ∈ {0, 1}."
S10.003.n02,number,1,located,,"A detector assigns a score st and, via a threshold and a persistence filter, an alarm indicator at ∈ {0, 1}."
S10.004,sentence,,located,0.88,Each run has a failure time tf and is split at a train boundary tb; all scaling and threshold statistics are fit on {t ≤ tb} only.
S10.005,sentence,,located,0.85,The two quantities we care about are the lead time (how long before tf the first sustained alarm fires) and the pre-onset false-alarm rate (how often the detector alarms while the machine is still hea
S10.006,sentence,,located-manual,signposting removed: -,The remainder of this section makes each ingredient precise.
S11.001,sentence,,located,0.95,"Each snapshot yields per-channel time-domain statistics— RMS, kurtosis, skewness, peak-to-peak, crest factor, and variance—and, for raw-waveform datasets, frequencydomain features: FFT band energies, "
S11.002,sentence,,located,,A naive feature scheme that concatenates per-channel statistics and all cross-channel pairs is channel-count dependent and ill-posed: it produces 445 features for a 4-channel run and 1465 for an 8-cha
S11.002.n01,number,445,located,,A naive feature scheme that concatenates per-channel statistics and all cross-channel pairs is channel-count dependent and ill-posed: it produces 445 features for a 4-channel run and 1465 for an 8-cha
S11.002.n02,number,4,located,,A naive feature scheme that concatenates per-channel statistics and all cross-channel pairs is channel-count dependent and ill-posed: it produces 445 features for a 4-channel run and 1465 for an 8-cha
S11.002.n03,number,1465,located,,A naive feature scheme that concatenates per-channel statistics and all cross-channel pairs is channel-count dependent and ill-posed: it produces 445 features for a 4-channel run and 1465 for an 8-cha
S11.002.n04,number,8,located,,A naive feature scheme that concatenates per-channel statistics and all cross-channel pairs is channel-count dependent and ill-posed: it produces 445 features for a 4-channel run and 1465 for an 8-cha
S11.002.n05,number,100,located,,A naive feature scheme that concatenates per-channel statistics and all cross-channel pairs is channel-count dependent and ill-posed: it produces 445 features for a 4-channel run and 1465 for an 8-cha
S11.003,sentence,,located,0.75,"Such a space overfits, is not comparable across runs with different channel counts, and silently inflates the apparent dimensionality."
S11.004,sentence,,located,0.79,We therefore aggregate each statistic family across physical channels (taking the mean and the max over channels) and summarize each aggregated series over a rolling window with four descriptors (mean
S11.005,sentence,,located,,This yields a fixed 49-dimensional space that is identical across 4and 8-channel assets and directly comparable across datasets.
S11.005.n01,number,49,located,,This yields a fixed 49-dimensional space that is identical across 4and 8-channel assets and directly comparable across datasets.
S11.005.n02,number,4,located,,This yields a fixed 49-dimensional space that is identical across 4and 8-channel assets and directly comparable across datasets.
S11.005.n03,number,8,located,,This yields a fixed 49-dimensional space that is identical across 4and 8-channel assets and directly comparable across datasets.
S11.006,sentence,,located,,A train-fit variance top-k selection (k ≤ 50) then guarantees p < n.
S11.006.n01,number,50,located,,A train-fit variance top-k selection (k ≤ 50) then guarantees p < n.
S11.007,sentence,,located,,"All scaling is fit on the training split only, so no test-region statistic leaks into the features."
S12.001,sentence,,located,1.00,Lead-time metrics that reference an arbitrary positional marker (e.g.
S12.002,sentence,,located,1.00,"“the first 5% of the test window is normal”) are gameable, because the marker is not tied to the physics of the run."
S12.002.n01,number,5%,located,,"“the first 5% of the test window is normal”) are gameable, because the marker is not tied to the physics of the run."
S12.003,sentence,,located,0.88,We instead compute a single degradation onset to per run from a scalar health indicator h(t).
S12.004,sentence,,located,,The default indicator is the element-wise maximum of two baseline-standardized trends—the mean-RMS trend and the mean-kurtosis trend— so that it responds to whichever degradation mode (amplitude growt
S12.004.n01,number,1,located,,The default indicator is the element-wise maximum of two baseline-standardized trends—the mean-RMS trend and the mean-kurtosis trend— so that it responds to whichever degradation mode (amplitude growt
S12.005,sentence,,located,,"With band β = µb + kσb (default k = 4), the onset is the start of the last sustained excursion above β before failure, to = min{ t ∈ Rlast : h(t) > β }, (2) where Rlast is the final run of consecutive"
S12.005.n01,number,4,located,,"With band β = µb + kσb (default k = 4), the onset is the start of the last sustained excursion above β before failure, to = min{ t ∈ Rlast : h(t) > β }, (2) where Rlast is the final run of consecutive"
S12.005.n02,number,2,located,,"With band β = µb + kσb (default k = 4), the onset is the start of the last sustained excursion above β before failure, to = min{ t ∈ Rlast : h(t) > β }, (2) where Rlast is the final run of consecutive"
S12.006,sentence,,located,,"Using the last sustained excursion makes the onset robust to early run-in transients and to the single trailing machine-off sample, both of which can otherwise spuriously mark an early onset."
S12.007,sentence,,located-manual,signposting removed: Algorithm 1 referenced in Sec. 4.3 P3,Algorithm 1 states the procedure.
S12.008,sentence,,located,,Algorithm 1 Leakage-free terminal degradation onset The terminal-excursion rule has a predictable bias.
S12.009,sentence,,located,,"The onset fires at the first sample of the last sustained excursion above the band β = µb + kσb, so for a degradation ramp of slope m the estimator is late by approximately kσb/m, with a standard devi"
S12.010,sentence,,located,,"The persistence requirement P does not enter this bias: Algorithm 1 returns min Rlast, the start of the qualifying run, so P governs which excursions are admitted rather than delaying the timestamp re"
S12.011,sentence,,located,,"Both bias and spread scale inversely with the ramp slope: the estimator is near-unbiased and stable under abrupt degradation, where the delay falls to the sampling interval ∆t alone, and systematicall"
S12.012,sentence,,located,,"This accounts for the pattern in Table 3, where the abrupt first IMS test agrees across all three health indicators at 98-99% of span while the slow-degrading second and third tests move substantially"
S12.012.n01,number,98,located,,"This accounts for the pattern in Table 3, where the abrupt first IMS test agrees across all three health indicators at 98-99% of span while the slow-degrading second and third tests move substantially"
S12.012.n02,number,99%,located,,"This accounts for the pattern in Table 3, where the abrupt first IMS test agrees across all three health indicators at 98-99% of span while the slow-degrading second and third tests move substantially"
S12.013,sentence,,located,,"The persistence (5 samples) and gap (10 samples) tolerances of Algorithm 1 are fixed in samples of the health-indicator series, not physical time, and are held constant across datasets."
S12.013.n01,number,5,located,,"The persistence (5 samples) and gap (10 samples) tolerances of Algorithm 1 are fixed in samples of the health-indicator series, not physical time, and are held constant across datasets."
S12.013.n02,number,10,located,,"The persistence (5 samples) and gap (10 samples) tolerances of Algorithm 1 are fixed in samples of the health-indicator series, not physical time, and are held constant across datasets."
S12.014,sentence,,located,,"The datasets are logged at different native intervals (∼10 min per snapshot for IMS after resampling to a uniform grid, 1 min for XJTU-SY, and 10 s for FEMTO and ONGC), so the same 5/10-sample bars co"
S12.014.n01,number,10,located,,"The datasets are logged at different native intervals (∼10 min per snapshot for IMS after resampling to a uniform grid, 1 min for XJTU-SY, and 10 s for FEMTO and ONGC), so the same 5/10-sample bars co"
S12.014.n02,number,1,located,,"The datasets are logged at different native intervals (∼10 min per snapshot for IMS after resampling to a uniform grid, 1 min for XJTU-SY, and 10 s for FEMTO and ONGC), so the same 5/10-sample bars co"
S12.014.n03,number,10,located,,"The datasets are logged at different native intervals (∼10 min per snapshot for IMS after resampling to a uniform grid, 1 min for XJTU-SY, and 10 s for FEMTO and ONGC), so the same 5/10-sample bars co"
S12.014.n04,number,5/10,located,,"The datasets are logged at different native intervals (∼10 min per snapshot for IMS after resampling to a uniform grid, 1 min for XJTU-SY, and 10 s for FEMTO and ONGC), so the same 5/10-sample bars co"
S12.014.n05,number,50/100,located,,"The datasets are logged at different native intervals (∼10 min per snapshot for IMS after resampling to a uniform grid, 1 min for XJTU-SY, and 10 s for FEMTO and ONGC), so the same 5/10-sample bars co"
S12.014.n06,number,5/10,located,,"The datasets are logged at different native intervals (∼10 min per snapshot for IMS after resampling to a uniform grid, 1 min for XJTU-SY, and 10 s for FEMTO and ONGC), so the same 5/10-sample bars co"
S12.014.n07,number,50/100,located,,"The datasets are logged at different native intervals (∼10 min per snapshot for IMS after resampling to a uniform grid, 1 min for XJTU-SY, and 10 s for FEMTO and ONGC), so the same 5/10-sample bars co"
S12.015,sentence,,located,,This keeps the onset rule algorithmically identical everywhere at the price of exact physical-time comparability; the difference is negligible for long records but non-trivial for the shortest bearing
S12.015.n01,number,42,located,,This keeps the onset rule algorithmically identical everywhere at the price of exact physical-time comparability; the difference is negligible for long records but non-trivial for the shortest bearing
S12.015.n02,number,5,located,,This keeps the onset rule algorithmically identical everywhere at the price of exact physical-time comparability; the difference is negligible for long records but non-trivial for the shortest bearing
S12.015.n03,number,12%,located,,This keeps the onset rule algorithmically identical everywhere at the price of exact physical-time comparability; the difference is negligible for long records but non-trivial for the shortest bearing
S12.016,sentence,,located,,Caveat: onset positions on bearings with total lifetime below 2 h are treated as fragile throughout; per-bearing results in Tables 5 and 9 flag these cases explicitly rather than silently discarding t
S12.016.n01,number,2,located,,Caveat: onset positions on bearings with total lifetime below 2 h are treated as fragile throughout; per-bearing results in Tables 5 and 9 flag these cases explicitly rather than silently discarding t
S12.017,sentence,,located,0.86,"The sensitivity analyses probe the threshold multiplier k (Table 3), not these fixed timing tolerances, which we leave in sample units for algorithmic reproducibility."
S13.001,sentence,,located,1.00,Let the first sustained alarm time be FAT and the failure time tf .
S13.002,sentence,,located,1.00,"The lead time is ( ) L = max 0, tf - FAT hours, (3) 3600 with L = 0 if there is no alarm or if the alarm is at or after failure."
S13.002.n01,number,0,located,,"The lead time is ( ) L = max 0, tf - FAT hours, (3) 3600 with L = 0 if there is no alarm or if the alarm is at or after failure."
S13.002.n02,number,3,located,,"The lead time is ( ) L = max 0, tf - FAT hours, (3) 3600 with L = 0 if there is no alarm or if the alarm is at or after failure."
S13.002.n03,number,3600,located,,"The lead time is ( ) L = max 0, tf - FAT hours, (3) 3600 with L = 0 if there is no alarm or if the alarm is at or after failure."
S13.002.n04,number,0,located,,"The lead time is ( ) L = max 0, tf - FAT hours, (3) 3600 with L = 0 if there is no alarm or if the alarm is at or after failure."
S13.003,sentence,,located,1.00,"The pre-onset false-alarm rate is the fraction of windows strictly before the onset that are flagged, FARpre = |{t < to |{t : a(t) = < to}| 1}| , (4) measured over the entire apparently-normal region "
S13.003.n01,number,1,located,,"The pre-onset false-alarm rate is the fraction of windows strictly before the onset that are flagged, FARpre = |{t < to |{t : a(t) = < to}| 1}| , (4) measured over the entire apparently-normal region "
S13.003.n02,number,4,located,,"The pre-onset false-alarm rate is the fraction of windows strictly before the onset that are flagged, FARpre = |{t < to |{t : a(t) = < to}| 1}| , (4) measured over the entire apparently-normal region "
S13.004,sentence,,located,,"An alarm is valid if and only if L > 0 ∧ FARpre ≤ τ, (5) with budget τ = 0.10 throughout."
S13.004.n01,number,0,located,,"An alarm is valid if and only if L > 0 ∧ FARpre ≤ τ, (5) with budget τ = 0.10 throughout."
S13.004.n02,number,5,located,,"An alarm is valid if and only if L > 0 ∧ FARpre ≤ τ, (5) with budget τ = 0.10 throughout."
S13.004.n03,number,0.10,located,,"An alarm is valid if and only if L > 0 ∧ FARpre ≤ τ, (5) with budget τ = 0.10 throughout."
S13.005,sentence,,located,,"Where the pre-onset region is empty—the onset estimator places to at or before the first scored window—FARpre is undefined, so the alarm cannot be gated and is excluded from the validity denominator r"
S13.006,sentence,,located,,Why the metric defeats the latch-on exploit.
S13.007,sentence,,located-manual,paraphrased: Sec. 4.4 latch-on paragraph: 'the conjunction in Eq. (5) scores it invalid',"Reporting L and FARpre jointly, with the conjunction in Eq."
S13.008,sentence,,located,,"(5), defeats the latch-on exploit."
S13.008.n01,number,5,located,,"(5), defeats the latch-on exploit."
S13.009,sentence,,located,,"A detector that fires from the first sample earns a large L (the full run length) but floods the entire preonset region, giving FARpre ≈ 1 > τ and hence invalid."
S13.009.n01,number,1,located,,"A detector that fires from the first sample earns a large L (the full run length) but floods the entire preonset region, giving FARpre ≈ 1 > τ and hence invalid."
S13.010,sentence,,located,0.70,"Conversely, a detector that first fires just after to has FARpre = 0 and a positive L, scoring valid."
S13.010.n01,number,0,located,,"Conversely, a detector that first fires just after to has FARpre = 0 and a positive L, scoring valid."
S13.011,sentence,,located,,"A unit test in the released code asserts exactly these two cases: a constant-on detector scores invalid, and an oracle that fires at to+ scores valid at zero preonset FAR."
S13.012,sentence,,located,0.70,"Because to is computed only from training-region statistics (Eq. 2), neither L nor FARpre can be tuned using testregion information."
S13.013,sentence,,located,,We stress that this defeats the specific latch-on exploit; it is not a claim of unconditional ungameability (see Section 8).
S14.001,sentence,,located,,"The headline set comprises nine detectors, evaluated under one fixed hyperparameter protocol: • RMS-trend (naive baseline): alarm when the mean-RMS exceeds kσ above its training baseline."
S14.002,sentence,,located,0.85,"Included to verify that the metric penalizes a weak detector. • 3σ rule: alarm when the ℓ2-norm health index exceeds three training standard deviations. • EWMA (Roberts, 1959): an exponentially weight"
S14.002.n01,number,0.2,located,,"Included to verify that the metric penalizes a weak detector. • 3σ rule: alarm when the ℓ2-norm health index exceeds three training standard deviations. • EWMA (Roberts, 1959): an exponentially weight"
S14.002.n02,number,3.0,located,,"Included to verify that the metric penalizes a weak detector. • 3σ rule: alarm when the ℓ2-norm health index exceeds three training standard deviations. • EWMA (Roberts, 1959): an exponentially weight"
S14.002.n03,number,0.5,located,,"Included to verify that the metric penalizes a weak detector. • 3σ rule: alarm when the ℓ2-norm health index exceeds three training standard deviations. • EWMA (Roberts, 1959): an exponentially weight"
S14.002.n04,number,5.0,located,,"Included to verify that the metric penalizes a weak detector. • 3σ rule: alarm when the ℓ2-norm health index exceeds three training standard deviations. • EWMA (Roberts, 1959): an exponentially weight"
S14.003,sentence,,located,0.97,"Deterministic. • Hotelling T 2 (Hotelling, 1947): computed in a principal component analysis (PCA)-reduced subspace (rank ≪ n) so the covariance is well-conditioned. • Isolation Forest (Liu et al., 20"
S14.004,sentence,,located,0.88,Each is trained on normal feature-window sequences only and scores a window by its reconstruction error.
S14.005,sentence,,located,,Additionally evaluated (not in the headline nine).
S14.006,sentence,,located,0.90,"We also evaluate Deep SVDD (Ruff et al., 2018), a one-class deep model whose multi-layer perceptron (MLP) encoder maps normal data toward a fixed center and scores a window by its squared distance to "
S14.007,sentence,,located,,"Deep SVDD produced no valid alarm on any FEMTO bearing at any training fraction below T = 0.60, and a valid alarm on exactly one of the six bearings at T = 0.60 (Section 6.12); it is omitted from the "
S14.007.n01,number,0.60,located,,"Deep SVDD produced no valid alarm on any FEMTO bearing at any training fraction below T = 0.60, and a valid alarm on exactly one of the six bearings at T = 0.60 (Section 6.12); it is omitted from the "
S14.007.n02,number,0.60,located,,"Deep SVDD produced no valid alarm on any FEMTO bearing at any training fraction below T = 0.60, and a valid alarm on exactly one of the six bearings at T = 0.60 (Section 6.12); it is omitted from the "
S14.007.n03,number,15,located,,"Deep SVDD produced no valid alarm on any FEMTO bearing at any training fraction below T = 0.60, and a valid alarm on exactly one of the six bearings at T = 0.60 (Section 6.12); it is omitted from the "
S14.008,sentence,,located,,"We keep it visible because it is the low-false-alarm operating point under the gated metric (Section 6.9, Table 12)."
S14.009,sentence,,located,,"The deep sequence models carry a caveat: across bearings and training fractions these runs furnish between 20 and 335 normal training windows, with a median of 88 at the default split, so the models a"
S14.009.n01,number,20,located,,"The deep sequence models carry a caveat: across bearings and training fractions these runs furnish between 20 and 335 normal training windows, with a median of 88 at the default split, so the models a"
S14.009.n02,number,335,located,,"The deep sequence models carry a caveat: across bearings and training fractions these runs furnish between 20 and 335 normal training windows, with a median of 88 at the default split, so the models a"
S14.009.n03,number,88,located,,"The deep sequence models carry a caveat: across bearings and training fractions these runs furnish between 20 and 335 normal training windows, with a median of 88 at the default split, so the models a"
S14.010,sentence,,located,,"We include them to provide a modern-baseline comparison and to determine whether a finite commissioning-data requirement makes deep reconstruction models competitive with SPC charts, and if so to quan"
S14.011,sentence,,located,,"We do not tune them per-dataset, the same fixed-protocol fairness applied to the SPC charts."
S14.012,sentence,,located,,"On runs with fewer feature windows than the sequence length (short XJTU bearings, some coarse IMS factors) a sequence cannot be formed; we record that (run, detector) cell as an explicit N/A rather th"
S14.013,sentence,,located,,"All non-conformal detectors alarm via a percentile threshold on training scores followed by a persistence filter, so the alarm semantics are identical across detectors and only the score differs."
S15.001,sentence,,located-manual,paraphrased: Sec. 6.8 P1 + fig:conformal caption (ConformalPanelA),"Table 11 reports the empirical pre-onset false-alarm rate of the conformal Isolation Forest against the target α on each IMS run, and Figure 4a plots it."
S15.002,sentence,,located,,"The distribution-free guarantee FAR ≤ α holds on test 2 (0% through α = 0.10) and is essentially satisfied on test 3 (0.9% at α = 0.01, 4.4% at α = 0.05, so it holds through α = 0.05, while slightly e"
S15.002.n01,number,2,located,,"The distribution-free guarantee FAR ≤ α holds on test 2 (0% through α = 0.10) and is essentially satisfied on test 3 (0.9% at α = 0.01, 4.4% at α = 0.05, so it holds through α = 0.05, while slightly e"
S15.002.n02,number,0%,located,,"The distribution-free guarantee FAR ≤ α holds on test 2 (0% through α = 0.10) and is essentially satisfied on test 3 (0.9% at α = 0.01, 4.4% at α = 0.05, so it holds through α = 0.05, while slightly e"
S15.002.n03,number,0.10,located,,"The distribution-free guarantee FAR ≤ α holds on test 2 (0% through α = 0.10) and is essentially satisfied on test 3 (0.9% at α = 0.01, 4.4% at α = 0.05, so it holds through α = 0.05, while slightly e"
S15.002.n04,number,3,located,,"The distribution-free guarantee FAR ≤ α holds on test 2 (0% through α = 0.10) and is essentially satisfied on test 3 (0.9% at α = 0.01, 4.4% at α = 0.05, so it holds through α = 0.05, while slightly e"
S15.002.n05,number,0.9%,located,,"The distribution-free guarantee FAR ≤ α holds on test 2 (0% through α = 0.10) and is essentially satisfied on test 3 (0.9% at α = 0.01, 4.4% at α = 0.05, so it holds through α = 0.05, while slightly e"
S15.002.n06,number,0.01,located,,"The distribution-free guarantee FAR ≤ α holds on test 2 (0% through α = 0.10) and is essentially satisfied on test 3 (0.9% at α = 0.01, 4.4% at α = 0.05, so it holds through α = 0.05, while slightly e"
S15.002.n07,number,4.4%,located,,"The distribution-free guarantee FAR ≤ α holds on test 2 (0% through α = 0.10) and is essentially satisfied on test 3 (0.9% at α = 0.01, 4.4% at α = 0.05, so it holds through α = 0.05, while slightly e"
S15.002.n08,number,0.05,located,,"The distribution-free guarantee FAR ≤ α holds on test 2 (0% through α = 0.10) and is essentially satisfied on test 3 (0.9% at α = 0.01, 4.4% at α = 0.05, so it holds through α = 0.05, while slightly e"
S15.002.n09,number,0.05,located,,"The distribution-free guarantee FAR ≤ α holds on test 2 (0% through α = 0.10) and is essentially satisfied on test 3 (0.9% at α = 0.01, 4.4% at α = 0.05, so it holds through α = 0.05, while slightly e"
S15.002.n10,number,0.10,located,,"The distribution-free guarantee FAR ≤ α holds on test 2 (0% through α = 0.10) and is essentially satisfied on test 3 (0.9% at α = 0.01, 4.4% at α = 0.05, so it holds through α = 0.05, while slightly e"
S15.002.n11,number,13%,located,,"The distribution-free guarantee FAR ≤ α holds on test 2 (0% through α = 0.10) and is essentially satisfied on test 3 (0.9% at α = 0.01, 4.4% at α = 0.05, so it holds through α = 0.05, while slightly e"
S15.003,sentence,,located,,"It is violated on test 1 for a principled reason that Table 3 already foretold: that run’s onset fires only ∼12 h before failure, so its “pre-onset” region spans almost the whole record and already co"
S15.003.n01,number,1,located,,"It is violated on test 1 for a principled reason that Table 3 already foretold: that run’s onset fires only ∼12 h before failure, so its “pre-onset” region spans almost the whole record and already co"
S15.003.n02,number,12,located,,"It is violated on test 1 for a principled reason that Table 3 already foretold: that run’s onset fires only ∼12 h before failure, so its “pre-onset” region spans almost the whole record and already co"
S15.003.n03,number,0.74,located,,"It is violated on test 1 for a principled reason that Table 3 already foretold: that run’s onset fires only ∼12 h before failure, so its “pre-onset” region spans almost the whole record and already co"
S15.003.n04,number,0.85,located,,"It is violated on test 1 for a principled reason that Table 3 already foretold: that run’s onset fires only ∼12 h before failure, so its “pre-onset” region spans almost the whole record and already co"
S15.004,sentence,,located,,"We report this run rather than discarding it, because it delimits exactly when the conformal guarantee is and is not usable in prognostics: it requires a genuinely stationary normal region, which an a"
S15.005,sentence,,located-manual,paraphrased: Sec. 6.8 P1: 'On XJTU-SY (Figure 4b) bearings with a substantial stationary pre-onset region...',The XJTU calibration (Figure 4b) tells the same story at scale: bearings with a substantial stationary pre-onset region (e.g.
S15.006,sentence,,located,,"Bearing2_3, calibrated through α = 0.05) honor the bound, while those with only one or two pre-onset windows, an artifact of the short XJTU lifetimes, cannot satisfy a finite-sample guarantee and are "
S15.006.n01,number,0.05,located,,"Bearing2_3, calibrated through α = 0.05) honor the bound, while those with only one or two pre-onset windows, an artifact of the short XJTU lifetimes, cannot satisfy a finite-sample guarantee and are "
S15.007,sentence,,located,,The conformal machinery thus doubles as a per-asset usability test: it reports whether enough stationary normal data exists to control the false-alarm rate at all.
S15.008,sentence,,located,1.00,FEMTO and ONGC calibration.
S15.009,sentence,,located,,The same per-asset usability test on FEMTO (Figure 4c) and the ONGC turbine (Figure 4d) confirms the pattern and its limits.
S15.010,sentence,,located,,"On FEMTO, no bearing honors the bound at α = 0.05 (empirical pre-onset FAR 0.08-0.56; pooled 0.27), because the short 1.4-7.8 h lifetimes leave a pre-onset region that is neither long nor stationary—t"
S15.010.n01,number,0.05,located,,"On FEMTO, no bearing honors the bound at α = 0.05 (empirical pre-onset FAR 0.08-0.56; pooled 0.27), because the short 1.4-7.8 h lifetimes leave a pre-onset region that is neither long nor stationary—t"
S15.010.n02,number,0.08,located,,"On FEMTO, no bearing honors the bound at α = 0.05 (empirical pre-onset FAR 0.08-0.56; pooled 0.27), because the short 1.4-7.8 h lifetimes leave a pre-onset region that is neither long nor stationary—t"
S15.010.n03,number,0.56,located,,"On FEMTO, no bearing honors the bound at α = 0.05 (empirical pre-onset FAR 0.08-0.56; pooled 0.27), because the short 1.4-7.8 h lifetimes leave a pre-onset region that is neither long nor stationary—t"
S15.010.n04,number,0.27,located,,"On FEMTO, no bearing honors the bound at α = 0.05 (empirical pre-onset FAR 0.08-0.56; pooled 0.27), because the short 1.4-7.8 h lifetimes leave a pre-onset region that is neither long nor stationary—t"
S15.010.n05,number,1.4,located,,"On FEMTO, no bearing honors the bound at α = 0.05 (empirical pre-onset FAR 0.08-0.56; pooled 0.27), because the short 1.4-7.8 h lifetimes leave a pre-onset region that is neither long nor stationary—t"
S15.010.n06,number,7.8,located,,"On FEMTO, no bearing honors the bound at α = 0.05 (empirical pre-onset FAR 0.08-0.56; pooled 0.27), because the short 1.4-7.8 h lifetimes leave a pre-onset region that is neither long nor stationary—t"
S15.010.n07,number,1,located,,"On FEMTO, no bearing honors the bound at α = 0.05 (empirical pre-onset FAR 0.08-0.56; pooled 0.27), because the short 1.4-7.8 h lifetimes leave a pre-onset region that is neither long nor stationary—t"
S15.011,sentence,,located,,"The two bearings with the most stationary normal region (Bearing2_2 at 0.08, Bearing1_2 at 0.10) come closest, while the abrupt Bearing1_1 (0.56) violates it badly—exactly the diagnostic the conformal"
S15.011.n01,number,0.08,located,,"The two bearings with the most stationary normal region (Bearing2_2 at 0.08, Bearing1_2 at 0.10) come closest, while the abrupt Bearing1_1 (0.56) violates it badly—exactly the diagnostic the conformal"
S15.011.n02,number,0.10,located,,"The two bearings with the most stationary normal region (Bearing2_2 at 0.08, Bearing1_2 at 0.10) come closest, while the abrupt Bearing1_1 (0.56) violates it badly—exactly the diagnostic the conformal"
S15.011.n03,number,0.56,located,,"The two bearings with the most stationary normal region (Bearing2_2 at 0.08, Bearing1_2 at 0.10) come closest, while the abrupt Bearing1_1 (0.56) violates it badly—exactly the diagnostic the conformal"
S15.012,sentence,,located,,"On the real ONGC historian stream the single-asset calibration tracks the diagonal much more closely (empirical FAR 0.016, 0.030, 0.096 at α = 0.01, 0.02, 0.05), sitting a modest 1.5-2× above the targ"
S15.012.n01,number,0.016,located,,"On the real ONGC historian stream the single-asset calibration tracks the diagonal much more closely (empirical FAR 0.016, 0.030, 0.096 at α = 0.01, 0.02, 0.05), sitting a modest 1.5-2× above the targ"
S15.012.n02,number,0.030,located,,"On the real ONGC historian stream the single-asset calibration tracks the diagonal much more closely (empirical FAR 0.016, 0.030, 0.096 at α = 0.01, 0.02, 0.05), sitting a modest 1.5-2× above the targ"
S15.012.n03,number,0.096,located,,"On the real ONGC historian stream the single-asset calibration tracks the diagonal much more closely (empirical FAR 0.016, 0.030, 0.096 at α = 0.01, 0.02, 0.05), sitting a modest 1.5-2× above the targ"
S15.012.n04,number,0.01,located,,"On the real ONGC historian stream the single-asset calibration tracks the diagonal much more closely (empirical FAR 0.016, 0.030, 0.096 at α = 0.01, 0.02, 0.05), sitting a modest 1.5-2× above the targ"
S15.012.n05,number,0.02,located,,"On the real ONGC historian stream the single-asset calibration tracks the diagonal much more closely (empirical FAR 0.016, 0.030, 0.096 at α = 0.01, 0.02, 0.05), sitting a modest 1.5-2× above the targ"
S15.012.n06,number,0.05,located,,"On the real ONGC historian stream the single-asset calibration tracks the diagonal much more closely (empirical FAR 0.016, 0.030, 0.096 at α = 0.01, 0.02, 0.05), sitting a modest 1.5-2× above the targ"
S15.012.n07,number,1.5,located,,"On the real ONGC historian stream the single-asset calibration tracks the diagonal much more closely (empirical FAR 0.016, 0.030, 0.096 at α = 0.01, 0.02, 0.05), sitting a modest 1.5-2× above the targ"
S15.012.n08,number,2,located,,"On the real ONGC historian stream the single-asset calibration tracks the diagonal much more closely (empirical FAR 0.016, 0.030, 0.096 at α = 0.01, 0.02, 0.05), sitting a modest 1.5-2× above the targ"
S15.013,sentence,,located,,"The conformal guarantee is therefore usable where a stationary normal region exists (ONGC, the longer IMS/XJTU bearings) and self-reports as invalid where it does not (short FEMTO/XJTU bearings, abrup"
S16.001,sentence,,located,0.86,"We coarsen the time grid by a factor f ∈ {1, 2, 5, 10, 20} under two mechanisms: • aggregate: take the mean within each bin of width f , exactly as a SCADA historian stores a bin-averaged value; • dec"
S16.001.n01,number,1,located,,"We coarsen the time grid by a factor f ∈ {1, 2, 5, 10, 20} under two mechanisms: • aggregate: take the mean within each bin of width f , exactly as a SCADA historian stores a bin-averaged value; • dec"
S16.001.n02,number,2,located,,"We coarsen the time grid by a factor f ∈ {1, 2, 5, 10, 20} under two mechanisms: • aggregate: take the mean within each bin of width f , exactly as a SCADA historian stores a bin-averaged value; • dec"
S16.001.n03,number,5,located,,"We coarsen the time grid by a factor f ∈ {1, 2, 5, 10, 20} under two mechanisms: • aggregate: take the mean within each bin of width f , exactly as a SCADA historian stores a bin-averaged value; • dec"
S16.001.n04,number,10,located,,"We coarsen the time grid by a factor f ∈ {1, 2, 5, 10, 20} under two mechanisms: • aggregate: take the mean within each bin of width f , exactly as a SCADA historian stores a bin-averaged value; • dec"
S16.001.n05,number,20,located,,"We coarsen the time grid by a factor f ∈ {1, 2, 5, 10, 20} under two mechanisms: • aggregate: take the mean within each bin of width f , exactly as a SCADA historian stores a bin-averaged value; • dec"
S16.002,sentence,,located,0.88,"A naive sweep changes the window’s wall-clock span as f grows, which by itself alters lead time through a windowcounting artifact rather than information loss."
S16.003,sentence,,located,,Our controlled sweep holds window content and alarm persistence constant so that only the effective logging interval varies.
S16.004,sentence,,located-manual,paraphrased: Sec. 4.7: 'isolating whether averaging loses fault-relevant information relative to decimation',This isolates the quantity of interest—does averaging lose fault-relevant information relative to decimation—from the confound.
S17.001,sentence,,located,1.00,"The aggregate and decimate operations are different experiments depending on the level at which they act, so we state that level for each dataset."
S17.002,sentence,,located,,"On no dataset is the raw waveform coarsened: every loader reduces each snapshot to per-channel time-domain statistics at ingest, so the sweep operates on summary series throughout."
S17.003,sentence,,located,,"On IMS the sweep coarsens the windowed feature vectors, after rolling-window summarisation, which holds window content and alarm persistence constant as the effective logging interval varies."
S17.004,sentence,,located,1.00,"On XJTU-SY, FEMTO/PRONOSTIA, University of Ferrara and ONGC the sweep coarsens the per-snapshot feature series: aggregate takes the mean of the summary statistics within each bin, and decimate retains"
S17.005,sentence,,located,,"This is the operation a historian performs—historians store summary statistics, not waveforms—and it is the operation our claim concerns."
S17.006,sentence,,located,,It is not a test of raw-signal averaging.
S17.007,sentence,,located,,"Averaging a raw waveform is a low-pass filter and does attenuate the impulsive transients that mark an incipient spall; we neither test nor dispute that, and Section 8 names it as the complementary st"
S17.008,sentence,,located,1.00,"The ONGC record is the clearest case, since its channels are the historian stream and no coarsening is simulated at all."
S18.001,sentence,,located,1.00,"Results are emitted in long format, one row per run × mode × factor × seed × method."
S18.002,sentence,,located,,"Confidence intervals are obtained by bootstrapping runs, which are the unit of generalization (resampling seeds would understate uncertainty)."
S18.003,sentence,,located,,The run is the unit of inference.
S18.004,sentence,,located,,"A single physical bearing run produces one degradation trajectory; the five coarsening factors we apply to that run (f ∈ {1, 2, 5, 10, 20}) are not independent observations but repeated transformation"
S18.004.n01,number,1,located,,"A single physical bearing run produces one degradation trajectory; the five coarsening factors we apply to that run (f ∈ {1, 2, 5, 10, 20}) are not independent observations but repeated transformation"
S18.004.n02,number,2,located,,"A single physical bearing run produces one degradation trajectory; the five coarsening factors we apply to that run (f ∈ {1, 2, 5, 10, 20}) are not independent observations but repeated transformation"
S18.004.n03,number,5,located,,"A single physical bearing run produces one degradation trajectory; the five coarsening factors we apply to that run (f ∈ {1, 2, 5, 10, 20}) are not independent observations but repeated transformation"
S18.004.n04,number,10,located,,"A single physical bearing run produces one degradation trajectory; the five coarsening factors we apply to that run (f ∈ {1, 2, 5, 10, 20}) are not independent observations but repeated transformation"
S18.004.n05,number,20,located,,"A single physical bearing run produces one degradation trajectory; the five coarsening factors we apply to that run (f ∈ {1, 2, 5, 10, 20}) are not independent observations but repeated transformation"
S18.005,sentence,,located,,Pooling them as 3 × 5 = 15 “pairs” per detector (as an earlier version of this work did) inflates the effective sample size fivefold and yields overconfident p-values.
S18.005.n01,number,3,located,,Pooling them as 3 × 5 = 15 “pairs” per detector (as an earlier version of this work did) inflates the effective sample size fivefold and yields overconfident p-values.
S18.005.n02,number,5,located,,Pooling them as 3 × 5 = 15 “pairs” per detector (as an earlier version of this work did) inflates the effective sample size fivefold and yields overconfident p-values.
S18.005.n03,number,15,located,,Pooling them as 3 × 5 = 15 “pairs” per detector (as an earlier version of this work did) inflates the effective sample size fivefold and yields overconfident p-values.
S18.006,sentence,,located,,"We therefore collapse each run to a single difference, the mean of (aggregate - decimate) over factors, giving one observation per run: n = 3 on IMS, n = 10 on XJTU-SY, and n = 1 on ONGC (a single ass"
S18.006.n01,number,3,located,,"We therefore collapse each run to a single difference, the mean of (aggregate - decimate) over factors, giving one observation per run: n = 3 on IMS, n = 10 on XJTU-SY, and n = 1 on ONGC (a single ass"
S18.006.n02,number,10,located,,"We therefore collapse each run to a single difference, the mean of (aggregate - decimate) over factors, giving one observation per run: n = 3 on IMS, n = 10 on XJTU-SY, and n = 1 on ONGC (a single ass"
S18.006.n03,number,1,located,,"We therefore collapse each run to a single difference, the mean of (aggregate - decimate) over factors, giving one observation per run: n = 3 on IMS, n = 10 on XJTU-SY, and n = 1 on ONGC (a single ass"
S18.007,sentence,,located,,"On the resulting run-level differences we apply an exact two- sided sign test (binomial, H0 : P (aggregate > decimate) = 1 2 )."
S18.007.n01,number,1,located,,"On the resulting run-level differences we apply an exact two- sided sign test (binomial, H0 : P (aggregate > decimate) = 1 2 )."
S18.007.n02,number,2,located,,"On the resulting run-level differences we apply an exact two- sided sign test (binomial, H0 : P (aggregate > decimate) = 1 2 )."
S18.008,sentence,,located,,"The sign test is assumption-light and the conservative choice at small n: it uses only the direction of each run’s dif- ference, making no normality or symmetry assumption that n = 3 could not support"
S18.008.n01,number,3,located,,"The sign test is assumption-light and the conservative choice at small n: it uses only the direction of each run’s dif- ference, making no normality or symmetry assumption that n = 3 could not support"
S18.009,sentence,,located,,A parametric mixed-effects model with three random-effect levels would be over-fit and is de- liberately not used.
S18.010,sentence,,located-manual,paraphrased: Sec. 4.9: 'all three runs concordant gives p = 2(1/2)^3 = 0.25',"Note that the test cannot reach signifi- cance at n = 3: the most extreme outcome, all three runs concordant, gives p = 2( 1 2 )3 = 0.25."
S18.010.n01,number,3,located,,"Note that the test cannot reach signifi- cance at n = 3: the most extreme outcome, all three runs concordant, gives p = 2( 1 2 )3 = 0.25."
S18.010.n02,number,2,located,,"Note that the test cannot reach signifi- cance at n = 3: the most extreme outcome, all three runs concordant, gives p = 2( 1 2 )3 = 0.25."
S18.010.n03,number,1,located,,"Note that the test cannot reach signifi- cance at n = 3: the most extreme outcome, all three runs concordant, gives p = 2( 1 2 )3 = 0.25."
S18.010.n04,number,2,located,,"Note that the test cannot reach signifi- cance at n = 3: the most extreme outcome, all three runs concordant, gives p = 2( 1 2 )3 = 0.25."
S18.010.n05,number,3,located,,"Note that the test cannot reach signifi- cance at n = 3: the most extreme outcome, all three runs concordant, gives p = 2( 1 2 )3 = 0.25."
S18.010.n06,number,0.25,located,,"Note that the test cannot reach signifi- cance at n = 3: the most extreme outcome, all three runs concordant, gives p = 2( 1 2 )3 = 0.25."
S18.011,sentence,,located,,"We report this floor explicitly so that the IMS direction is read as a trend, not a significant effect."
S18.012,sentence,,located,,Runs whose mean (aggregate - deci- mate) difference is exactly zero after factor-collapsing are ex- cluded from the sign-test count; the n+ and n- tallies in Ta- ble 5 count only non-zero-difference r
S18.012.n01,number,5,located,,Runs whose mean (aggregate - deci- mate) difference is exactly zero after factor-collapsing are ex- cluded from the sign-test count; the n+ and n- tallies in Ta- ble 5 count only non-zero-difference r
S18.013,sentence,,located,,"Across the detec- tor × dataset family of aggregate-vs-decimate tests (ONGC excluded, n = 1) we control the family-wise error rate with the Holm-Bonferroni step-down procedure at α = 0.05, stat- ing t"
S18.013.n01,number,1,located,,"Across the detec- tor × dataset family of aggregate-vs-decimate tests (ONGC excluded, n = 1) we control the family-wise error rate with the Holm-Bonferroni step-down procedure at α = 0.05, stat- ing t"
S18.013.n02,number,0.05,located,,"Across the detec- tor × dataset family of aggregate-vs-decimate tests (ONGC excluded, n = 1) we control the family-wise error rate with the Holm-Bonferroni step-down procedure at α = 0.05, stat- ing t"
S18.013.n03,number,1,located,,"Across the detec- tor × dataset family of aggregate-vs-decimate tests (ONGC excluded, n = 1) we control the family-wise error rate with the Holm-Bonferroni step-down procedure at α = 0.05, stat- ing t"
S18.013.n04,number,1,located,,"Across the detec- tor × dataset family of aggregate-vs-decimate tests (ONGC excluded, n = 1) we control the family-wise error rate with the Holm-Bonferroni step-down procedure at α = 0.05, stat- ing t"
S18.014,sentence,,located,,"We use a single fixed hyperparameter proto- col throughout to avoid optimistic, per-condition tuning bias."
S19.001,sentence,,located,,"All experiments use a fixed random-seed protocol; stochastic detectors (Isolation Forest, the conformal wrapper) inject the seed explicitly so that runs are bit-reproducible."
S19.002,sentence,,located,,"The feature pipeline caches extracted features to Parquet so that the sampling sweep, ablations, calibration, and trade-off analyses all consume identical features."
S19.003,sentence,,located,,"The released environment is pinned to the exact package versions that produced the numbers reported here, and a test suite (168 tests) asserts the metric’s ungameability properties, the leakage-free o"
S19.003.n01,number,168,documented,test count corrected to the measured suite (final pass Part 3): pytest --collect-only = 181 -> 'a 181-test suite',"The released environment is pinned to the exact package versions that produced the numbers reported here, and a test suite (168 tests) asserts the metric’s ungameability properties, the leakage-free o"
S19.004,sentence,,located,,The figures and tables in this paper are generated directly from the released result tables; no number in this manuscript is hand-edited.
S20.001,sentence,,located,,We present IMS first for its raw-waveform access and the mechanism analysis it permits; XJTU-SY (n = 10) is the primary inferential test.
S20.001.n01,number,10,located,,We present IMS first for its raw-waveform access and the mechanism analysis it permits; XJTU-SY (n = 10) is the primary inferential test.
S20.002,sentence,,located-manual,signposting removed: Sec. 6 intro keeps 'Section 7 draws the results together',"Each subsection below states its own result, and Section 7 draws them together. 6.1."
S20.002.n01,number,6.1,located,,"Each subsection below states its own result, and Section 7 draws them together. 6.1."
S20.003,sentence,,located,1.00,Lead Time and Confidence Intervals on IMS
S21.001,sentence,,located-manual,table narration removed: tab:imsdet caption defines raw lead + 95% CI over n=3 runs; Sec. 6.1 P1,"Table 2 reports the mean raw (ungated) detection lead time across the three IMS runs at full resolution, with 95% bootstrap confidence intervals obtained by resampling the n = 3 runs."
S21.001.n01,number,95%,located,,"Table 2 reports the mean raw (ungated) detection lead time across the three IMS runs at full resolution, with 95% bootstrap confidence intervals obtained by resampling the n = 3 runs."
S21.001.n02,number,3,located,,"Table 2 reports the mean raw (ungated) detection lead time across the three IMS runs at full resolution, with 95% bootstrap confidence intervals obtained by resampling the n = 3 runs."
S21.002,sentence,,located,,"On raw lead alone the three deep reconstruction models top the table, followed by the one-class SVM, with Hotelling T 2 leading the control charts."
S21.003,sentence,,located,0.88,"The false-alarm budget overturns exactly this ordering: the daggered detectors post their long leads only by flooding the pre-onset region, and have no valid operating point under τ = 10% (Table 13)."
S21.003.n01,number,10%,located,,"The false-alarm budget overturns exactly this ordering: the daggered detectors post their long leads only by flooding the pre-onset region, and have no valid operating point under τ = 10% (Table 13)."
S21.004,sentence,,located,,"Once the budget is enforced, 3σ and Deep SVDD are the deployable choices, a reordering we make precise as a formal comparison against the Saxena prognostic horizon in Section 6.11."
S21.005,sentence,,located,,"The three deep reconstruction models post raw leads of 183- 198 h but score L = 0 on all three IMS runs (valid-alarm fraction 0/3), because at the 97.5th-percentile operating threshold their pre-onset"
S21.005.n01,number,183,located,,"The three deep reconstruction models post raw leads of 183- 198 h but score L = 0 on all three IMS runs (valid-alarm fraction 0/3), because at the 97.5th-percentile operating threshold their pre-onset"
S21.005.n02,number,198,located,,"The three deep reconstruction models post raw leads of 183- 198 h but score L = 0 on all three IMS runs (valid-alarm fraction 0/3), because at the 97.5th-percentile operating threshold their pre-onset"
S21.005.n03,number,0,located,,"The three deep reconstruction models post raw leads of 183- 198 h but score L = 0 on all three IMS runs (valid-alarm fraction 0/3), because at the 97.5th-percentile operating threshold their pre-onset"
S21.005.n04,number,0/3,located,,"The three deep reconstruction models post raw leads of 183- 198 h but score L = 0 on all three IMS runs (valid-alarm fraction 0/3), because at the 97.5th-percentile operating threshold their pre-onset"
S21.005.n05,number,97.5,located,,"The three deep reconstruction models post raw leads of 183- 198 h but score L = 0 on all three IMS runs (valid-alarm fraction 0/3), because at the 97.5th-percentile operating threshold their pre-onset"
S21.005.n06,number,61%,located,,"The three deep reconstruction models post raw leads of 183- 198 h but score L = 0 on all three IMS runs (valid-alarm fraction 0/3), because at the 97.5th-percentile operating threshold their pre-onset"
S21.005.n07,number,3,located,,"The three deep reconstruction models post raw leads of 183- 198 h but score L = 0 on all three IMS runs (valid-alarm fraction 0/3), because at the 97.5th-percentile operating threshold their pre-onset"
S21.005.n08,number,100%,located,,"The three deep reconstruction models post raw leads of 183- 198 h but score L = 0 on all three IMS runs (valid-alarm fraction 0/3), because at the 97.5th-percentile operating threshold their pre-onset"
S21.005.n09,number,1,located,,"The three deep reconstruction models post raw leads of 183- 198 h but score L = 0 on all three IMS runs (valid-alarm fraction 0/3), because at the 97.5th-percentile operating threshold their pre-onset"
S21.005.n10,number,2,located,,"The three deep reconstruction models post raw leads of 183- 198 h but score L = 0 on all three IMS runs (valid-alarm fraction 0/3), because at the 97.5th-percentile operating threshold their pre-onset"
S21.005.n11,number,10%,located,,"The three deep reconstruction models post raw leads of 183- 198 h but score L = 0 on all three IMS runs (valid-alarm fraction 0/3), because at the 97.5th-percentile operating threshold their pre-onset"
S21.006,sentence,,located,,"Sweeping the alarm threshold changes this only once: across the percentiles of Table 13, which lists all three deep reconstruction models as rows, TCN-AE and Transformer-AD attain no valid operating p"
S21.006.n01,number,99.5,located,,"Sweeping the alarm threshold changes this only once: across the percentiles of Table 13, which lists all three deep reconstruction models as rows, TCN-AE and Transformer-AD attain no valid operating p"
S21.006.n02,number,3,located,,"Sweeping the alarm threshold changes this only once: across the percentiles of Table 13, which lists all three deep reconstruction models as rows, TCN-AE and Transformer-AD attain no valid operating p"
S21.006.n03,number,59.7,located,,"Sweeping the alarm threshold changes this only once: across the percentiles of Table 13, which lists all three deep reconstruction models as rows, TCN-AE and Transformer-AD attain no valid operating p"
S21.006.n04,number,4.19%,located,,"Sweeping the alarm threshold changes this only once: across the percentiles of Table 13, which lists all three deep reconstruction models as rows, TCN-AE and Transformer-AD attain no valid operating p"
S21.006.n05,number,1/3,located,,"Sweeping the alarm threshold changes this only once: across the percentiles of Table 13, which lists all three deep reconstruction models as rows, TCN-AE and Transformer-AD attain no valid operating p"
S21.007,sentence,,located-manual,"paraphrased: Sec. 6.1: 'the intervals are wide at n=3, which is why the XJTU-SY, FEMTO and Ferrara campaigns follow'",The intervals are wide; this is the consequence of n = 3 and is precisely why we add ONGC and the ten XJTU bearings next.
S21.007.n01,number,3,located,,The intervals are wide; this is the consequence of n = 3 and is precisely why we add ONGC and the ten XJTU bearings next.
S21.008,sentence,,located,0.92,"Figure 1 shows the leakagefree onset and failure markers on a representative run, with the shaded training region from which all baseline statistics are computed. 6.2."
S21.008.n01,number,6.2,located,,"Figure 1 shows the leakagefree onset and failure markers on a representative run, with the shaded training region from which all baseline statistics are computed. 6.2."
S21.009,sentence,,located,1.00,Sensitivity of the Onset Definition
S22.001,sentence,,located,1.00,Onset stability on IMS.
S22.002,sentence,,located,0.75,Table 3 sweeps the threshold multiplier k of Eq.
S22.003,sentence,,located,1.00,(2) for the default health indicator.
S22.003.n01,number,2,located,,(2) for the default health indicator.
S22.004,sentence,,located,,"Across k ∈ {3, 4, 5} the onset moves by less than two percent of run span on every run."
S22.004.n01,number,3,located,,"Across k ∈ {3, 4, 5} the onset moves by less than two percent of run span on every run."
S22.004.n02,number,4,located,,"Across k ∈ {3, 4, 5} the onset moves by less than two percent of run span on every run."
S22.004.n03,number,5,located,,"Across k ∈ {3, 4, 5} the onset moves by less than two percent of run span on every run."
S22.005,sentence,,located,,"The table also exposes a structural fact about the first IMS test: its onset sits at ∼98% of run span, only ∼12.9 h before failure, so its “pre-onset” region is almost the entire record and may alread"
S22.005.n01,number,98%,located,,"The table also exposes a structural fact about the first IMS test: its onset sits at ∼98% of run span, only ∼12.9 h before failure, so its “pre-onset” region is almost the entire record and may alread"
S22.005.n02,number,12.9,located,,"The table also exposes a structural fact about the first IMS test: its onset sits at ∼98% of run span, only ∼12.9 h before failure, so its “pre-onset” region is almost the entire record and may alread"
S22.006,sentence,,located,0.60,Short-bearing onset stability (XJTU and FEMTO).
S22.007,sentence,,located,,"Because the fixed-sample onset parameters (persistence 5, gap tolerance 10) are a larger fraction of a sub-2-hour bearing than of a multi-week IMS run, we repeat the k ∈ {3, 4, 5} sweep on all sixteen"
S22.007.n01,number,5,located,,"Because the fixed-sample onset parameters (persistence 5, gap tolerance 10) are a larger fraction of a sub-2-hour bearing than of a multi-week IMS run, we repeat the k ∈ {3, 4, 5} sweep on all sixteen"
S22.007.n02,number,10,located,,"Because the fixed-sample onset parameters (persistence 5, gap tolerance 10) are a larger fraction of a sub-2-hour bearing than of a multi-week IMS run, we repeat the k ∈ {3, 4, 5} sweep on all sixteen"
S22.007.n03,number,2,located,,"Because the fixed-sample onset parameters (persistence 5, gap tolerance 10) are a larger fraction of a sub-2-hour bearing than of a multi-week IMS run, we repeat the k ∈ {3, 4, 5} sweep on all sixteen"
S22.007.n04,number,3,located,,"Because the fixed-sample onset parameters (persistence 5, gap tolerance 10) are a larger fraction of a sub-2-hour bearing than of a multi-week IMS run, we repeat the k ∈ {3, 4, 5} sweep on all sixteen"
S22.007.n05,number,4,located,,"Because the fixed-sample onset parameters (persistence 5, gap tolerance 10) are a larger fraction of a sub-2-hour bearing than of a multi-week IMS run, we repeat the k ∈ {3, 4, 5} sweep on all sixteen"
S22.007.n06,number,5,located,,"Because the fixed-sample onset parameters (persistence 5, gap tolerance 10) are a larger fraction of a sub-2-hour bearing than of a multi-week IMS run, we repeat the k ∈ {3, 4, 5} sweep on all sixteen"
S22.008,sentence,,located,,"Every one yields an onset at the default k, including the shortest runs (XJTU Bearing2_4 at 42 min, FEMTO Bearing3_1 at 1.43 h), and the median across-k spread is 1.0 percentage points of run span on "
S22.008.n01,number,42,located,,"Every one yields an onset at the default k, including the shortest runs (XJTU Bearing2_4 at 42 min, FEMTO Bearing3_1 at 1.43 h), and the median across-k spread is 1.0 percentage points of run span on "
S22.008.n02,number,1.43,located,,"Every one yields an onset at the default k, including the shortest runs (XJTU Bearing2_4 at 42 min, FEMTO Bearing3_1 at 1.43 h), and the median across-k spread is 1.0 percentage points of run span on "
S22.008.n03,number,1.0,located,,"Every one yields an onset at the default k, including the shortest runs (XJTU Bearing2_4 at 42 min, FEMTO Bearing3_1 at 1.43 h), and the median across-k spread is 1.0 percentage points of run span on "
S22.008.n04,number,0.15,located,,"Every one yields an onset at the default k, including the shortest runs (XJTU Bearing2_4 at 42 min, FEMTO Bearing3_1 at 1.43 h), and the median across-k spread is 1.0 percentage points of run span on "
S22.008.n05,number,1.6,located,,"Every one yields an onset at the default k, including the shortest runs (XJTU Bearing2_4 at 42 min, FEMTO Bearing3_1 at 1.43 h), and the median across-k spread is 1.0 percentage points of run span on "
S22.009,sentence,,located,,"Two exceptions: XJTU Bearing1_2 fires at only one of the three k values, and FEMTO Bearing1_1 has the widest spread (8.9 points)—both short-lived bearings the per-bearing analysis already flags as har"
S22.009.n01,number,8.9,located,,"Two exceptions: XJTU Bearing1_2 fires at only one of the three k values, and FEMTO Bearing1_1 has the widest spread (8.9 points)—both short-lived bearings the per-bearing analysis already flags as har"
S22.010,sentence,,located,,Onset under a decoupled health indicator.
S22.011,sentence,,located,0.83,"The default onset indicator shares its RMS/kurtosis basis with the detectors’ own features, so onset and detection are not fully independent (Section 8)."
S22.012,sentence,,located,0.71,"Recomputing the onset under a kurtosis-only indicator and under the first principal component of the health channels (Table 3, right) gives a two-sided answer."
S22.013,sentence,,located,,"The onset is not invariant: on the slow-degrading runs a kurtosis-only onset fires much later than the RMS-inclusive default (98.8% vs 61.9% of span on test 2), because amplitude rises before impulsiv"
S22.013.n01,number,98.8%,located,,"The onset is not invariant: on the slow-degrading runs a kurtosis-only onset fires much later than the RMS-inclusive default (98.8% vs 61.9% of span on test 2), because amplitude rises before impulsiv"
S22.013.n02,number,61.9%,located,,"The onset is not invariant: on the slow-degrading runs a kurtosis-only onset fires much later than the RMS-inclusive default (98.8% vs 61.9% of span on test 2), because amplitude rises before impulsiv"
S22.013.n03,number,2,located,,"The onset is not invariant: on the slow-degrading runs a kurtosis-only onset fires much later than the RMS-inclusive default (98.8% vs 61.9% of span on test 2), because amplitude rises before impulsiv"
S22.014,sentence,,located,,"The headline is unaffected: the aggregate-vs-decimate contrast is computed on raw lead time (Section 4.9), which contains no onset term."
S22.015,sentence,,located,,Test 1 agrees across all three definitions (∼98-99% of span).
S22.015.n01,number,1,located,,Test 1 agrees across all three definitions (∼98-99% of span).
S22.015.n02,number,98,located,,Test 1 agrees across all three definitions (∼98-99% of span).
S22.015.n03,number,99%,located,,Test 1 agrees across all three definitions (∼98-99% of span).
S22.016,sentence,,located,,"Sweeping the persistence filter (default 3 windows) over {1, 3, 5, 10} on IMS (Table 4a) leaves the median direction stable but not its run-level consistency: 3σ has one negative run at the default (n"
S22.016.n01,number,3,located,,"Sweeping the persistence filter (default 3 windows) over {1, 3, 5, 10} on IMS (Table 4a) leaves the median direction stable but not its run-level consistency: 3σ has one negative run at the default (n"
S22.016.n02,number,1,located,,"Sweeping the persistence filter (default 3 windows) over {1, 3, 5, 10} on IMS (Table 4a) leaves the median direction stable but not its run-level consistency: 3σ has one negative run at the default (n"
S22.016.n03,number,3,located,,"Sweeping the persistence filter (default 3 windows) over {1, 3, 5, 10} on IMS (Table 4a) leaves the median direction stable but not its run-level consistency: 3σ has one negative run at the default (n"
S22.016.n04,number,5,located,,"Sweeping the persistence filter (default 3 windows) over {1, 3, 5, 10} on IMS (Table 4a) leaves the median direction stable but not its run-level consistency: 3σ has one negative run at the default (n"
S22.016.n05,number,10,located,,"Sweeping the persistence filter (default 3 windows) over {1, 3, 5, 10} on IMS (Table 4a) leaves the median direction stable but not its run-level consistency: 3σ has one negative run at the default (n"
S22.016.n06,number,2/1,located,,"Sweeping the persistence filter (default 3 windows) over {1, 3, 5, 10} on IMS (Table 4a) leaves the median direction stable but not its run-level consistency: 3σ has one negative run at the default (n"
S22.016.n07,number,3/0,located,,"Sweeping the persistence filter (default 3 windows) over {1, 3, 5, 10} on IMS (Table 4a) leaves the median direction stable but not its run-level consistency: 3σ has one negative run at the default (n"
S22.016.n08,number,2/1,located,,"Sweeping the persistence filter (default 3 windows) over {1, 3, 5, 10} on IMS (Table 4a) leaves the median direction stable but not its run-level consistency: 3σ has one negative run at the default (n"
S22.016.n09,number,1,located,,"Sweeping the persistence filter (default 3 windows) over {1, 3, 5, 10} on IMS (Table 4a) leaves the median direction stable but not its run-level consistency: 3σ has one negative run at the default (n"
S22.016.n10,number,3,located,,"Sweeping the persistence filter (default 3 windows) over {1, 3, 5, 10} on IMS (Table 4a) leaves the median direction stable but not its run-level consistency: 3σ has one negative run at the default (n"
S22.016.n11,number,5,located,,"Sweeping the persistence filter (default 3 windows) over {1, 3, 5, 10} on IMS (Table 4a) leaves the median direction stable but not its run-level consistency: 3σ has one negative run at the default (n"
S22.016.n12,number,3/0,located,,"Sweeping the persistence filter (default 3 windows) over {1, 3, 5, 10} on IMS (Table 4a) leaves the median direction stable but not its run-level consistency: 3σ has one negative run at the default (n"
S22.016.n13,number,10,located,,"Sweeping the persistence filter (default 3 windows) over {1, 3, 5, 10} on IMS (Table 4a) leaves the median direction stable but not its run-level consistency: 3σ has one negative run at the default (n"
S22.016.n14,number,5,located,,"Sweeping the persistence filter (default 3 windows) over {1, 3, 5, 10} on IMS (Table 4a) leaves the median direction stable but not its run-level consistency: 3σ has one negative run at the default (n"
S22.016.n15,number,-0.8,located,,"Sweeping the persistence filter (default 3 windows) over {1, 3, 5, 10} on IMS (Table 4a) leaves the median direction stable but not its run-level consistency: 3σ has one negative run at the default (n"
S22.017,sentence,,located,,"The 3σ valid-alarm fraction is 0.67 at every persistence at full resolution; pooled over the sampling sweep it falls from 0.67 at persistence 1 and 3 to 0.53 at 5 and 0.33 at 10, so a longer filter co"
S22.017.n01,number,0.67,located,,"The 3σ valid-alarm fraction is 0.67 at every persistence at full resolution; pooled over the sampling sweep it falls from 0.67 at persistence 1 and 3 to 0.53 at 5 and 0.33 at 10, so a longer filter co"
S22.017.n02,number,0.67,located,,"The 3σ valid-alarm fraction is 0.67 at every persistence at full resolution; pooled over the sampling sweep it falls from 0.67 at persistence 1 and 3 to 0.53 at 5 and 0.33 at 10, so a longer filter co"
S22.017.n03,number,1,located,,"The 3σ valid-alarm fraction is 0.67 at every persistence at full resolution; pooled over the sampling sweep it falls from 0.67 at persistence 1 and 3 to 0.53 at 5 and 0.33 at 10, so a longer filter co"
S22.017.n04,number,3,located,,"The 3σ valid-alarm fraction is 0.67 at every persistence at full resolution; pooled over the sampling sweep it falls from 0.67 at persistence 1 and 3 to 0.53 at 5 and 0.33 at 10, so a longer filter co"
S22.017.n05,number,0.53,located,,"The 3σ valid-alarm fraction is 0.67 at every persistence at full resolution; pooled over the sampling sweep it falls from 0.67 at persistence 1 and 3 to 0.53 at 5 and 0.33 at 10, so a longer filter co"
S22.017.n06,number,5,located,,"The 3σ valid-alarm fraction is 0.67 at every persistence at full resolution; pooled over the sampling sweep it falls from 0.67 at persistence 1 and 3 to 0.53 at 5 and 0.33 at 10, so a longer filter co"
S22.017.n07,number,0.33,located,,"The 3σ valid-alarm fraction is 0.67 at every persistence at full resolution; pooled over the sampling sweep it falls from 0.67 at persistence 1 and 3 to 0.53 at 5 and 0.33 at 10, so a longer filter co"
S22.017.n08,number,10,located,,"The 3σ valid-alarm fraction is 0.67 at every persistence at full resolution; pooled over the sampling sweep it falls from 0.67 at persistence 1 and 3 to 0.53 at 5 and 0.33 at 10, so a longer filter co"
S22.018,sentence,,located,1.00,Missing-data (historian-gap) robustness.
S22.019,sentence,,located,0.83,"Real historians drop records, so we inject random gaps, setting 5% and 20% of snapshot rows to missing (NaN, timestamp retained), and re-measure lead time on IMS and XJTU-SY (Table 4b)."
S22.019.n01,number,5%,located,,"Real historians drop records, so we inject random gaps, setting 5% and 20% of snapshot rows to missing (NaN, timestamp retained), and re-measure lead time on IMS and XJTU-SY (Table 4b)."
S22.019.n02,number,20%,located,,"Real historians drop records, so we inject random gaps, setting 5% and 20% of snapshot rows to missing (NaN, timestamp retained), and re-measure lead time on IMS and XJTU-SY (Table 4b)."
S22.020,sentence,,located,,"A single random draw cannot separate a gap effect from the draw, so we repeat every gap level over five independent draws and state magnitudes only from the across-draw result."
S22.021,sentence,,located-manual,paraphrased: Sec. 6.2: 'At 20% every detector on both datasets stays inside the +-1 h margin but one',"On that basis every detector on both datasets stays inside the ±1 h operational margin at 20% missing rows, with one exception."
S22.021.n01,number,±1,located,,"On that basis every detector on both datasets stays inside the ±1 h operational margin at 20% missing rows, with one exception."
S22.021.n02,number,20%,located,,"On that basis every detector on both datasets stays inside the ±1 h operational margin at 20% missing rows, with one exception."
S22.022,sentence,,located,1.00,"The across-draw mean change at 20% is +0.83 h for 3σ on IMS and -0.04 h on XJTU-SY, -0.08 and -0.12 h for EWMA, -0.67 and -0.02 h for CUSUM, and -0.92 and -0.07 h for Isolation Forest."
S22.022.n01,number,20%,located,,"The across-draw mean change at 20% is +0.83 h for 3σ on IMS and -0.04 h on XJTU-SY, -0.08 and -0.12 h for EWMA, -0.67 and -0.02 h for CUSUM, and -0.92 and -0.07 h for Isolation Forest."
S22.022.n02,number,0.83,located,,"The across-draw mean change at 20% is +0.83 h for 3σ on IMS and -0.04 h on XJTU-SY, -0.08 and -0.12 h for EWMA, -0.67 and -0.02 h for CUSUM, and -0.92 and -0.07 h for Isolation Forest."
S22.022.n03,number,-0.04,located,,"The across-draw mean change at 20% is +0.83 h for 3σ on IMS and -0.04 h on XJTU-SY, -0.08 and -0.12 h for EWMA, -0.67 and -0.02 h for CUSUM, and -0.92 and -0.07 h for Isolation Forest."
S22.022.n04,number,-0.08,located,,"The across-draw mean change at 20% is +0.83 h for 3σ on IMS and -0.04 h on XJTU-SY, -0.08 and -0.12 h for EWMA, -0.67 and -0.02 h for CUSUM, and -0.92 and -0.07 h for Isolation Forest."
S22.022.n05,number,-0.12,located,,"The across-draw mean change at 20% is +0.83 h for 3σ on IMS and -0.04 h on XJTU-SY, -0.08 and -0.12 h for EWMA, -0.67 and -0.02 h for CUSUM, and -0.92 and -0.07 h for Isolation Forest."
S22.022.n06,number,-0.67,located,,"The across-draw mean change at 20% is +0.83 h for 3σ on IMS and -0.04 h on XJTU-SY, -0.08 and -0.12 h for EWMA, -0.67 and -0.02 h for CUSUM, and -0.92 and -0.07 h for Isolation Forest."
S22.022.n07,number,-0.02,located,,"The across-draw mean change at 20% is +0.83 h for 3σ on IMS and -0.04 h on XJTU-SY, -0.08 and -0.12 h for EWMA, -0.67 and -0.02 h for CUSUM, and -0.92 and -0.07 h for Isolation Forest."
S22.022.n08,number,-0.92,located,,"The across-draw mean change at 20% is +0.83 h for 3σ on IMS and -0.04 h on XJTU-SY, -0.08 and -0.12 h for EWMA, -0.67 and -0.02 h for CUSUM, and -0.92 and -0.07 h for Isolation Forest."
S22.022.n09,number,-0.07,located,,"The across-draw mean change at 20% is +0.83 h for 3σ on IMS and -0.04 h on XJTU-SY, -0.08 and -0.12 h for EWMA, -0.67 and -0.02 h for CUSUM, and -0.92 and -0.07 h for Isolation Forest."
S22.023,sentence,,located,,"The exception is Hotelling T 2 on IMS, which loses 51.2 h on average at 20% missing—but that loss is bimodal across draws, ranging from 0 to 128.1 h, because it turns entirely on whether the draw remo"
S22.023.n01,number,51.2,located,,"The exception is Hotelling T 2 on IMS, which loses 51.2 h on average at 20% missing—but that loss is bimodal across draws, ranging from 0 to 128.1 h, because it turns entirely on whether the draw remo"
S22.023.n02,number,20%,located,,"The exception is Hotelling T 2 on IMS, which loses 51.2 h on average at 20% missing—but that loss is bimodal across draws, ranging from 0 to 128.1 h, because it turns entirely on whether the draw remo"
S22.023.n03,number,0,located,,"The exception is Hotelling T 2 on IMS, which loses 51.2 h on average at 20% missing—but that loss is bimodal across draws, ranging from 0 to 128.1 h, because it turns entirely on whether the draw remo"
S22.023.n04,number,128.1,located,,"The exception is Hotelling T 2 on IMS, which loses 51.2 h on average at 20% missing—but that loss is bimodal across draws, ranging from 0 to 128.1 h, because it turns entirely on whether the draw remo"
S22.023.n05,number,3,located,,"The exception is Hotelling T 2 on IMS, which loses 51.2 h on average at 20% missing—but that loss is bimodal across draws, ranging from 0 to 128.1 h, because it turns entirely on whether the draw remo"
S22.024,sentence,,located,0.60,"At 5% missing, Hotelling T 2 is unchanged in all five draws."
S22.024.n01,number,5%,located,,"At 5% missing, Hotelling T 2 is unchanged in all five draws."
S22.025,sentence,,located,,An earlier single-draw run reported a 128.1 h collapse already at 5%; that figure is a property of that one draw and we do not state it.
S22.025.n01,number,128.1,located,,An earlier single-draw run reported a 128.1 h collapse already at 5%; that figure is a property of that one draw and we do not state it.
S22.025.n02,number,5%,located,,An earlier single-draw run reported a 128.1 h collapse already at 5%; that figure is a property of that one draw and we do not state it.
S22.026,sentence,,located,1.00,"Valid-alarm fractions are unchanged on IMS (2/3 for every detector at every gap level, in every draw), and move by at most two bearings on XJTU-SY."
S22.026.n01,number,2/3,located,,"Valid-alarm fractions are unchanged on IMS (2/3 for every detector at every gap level, in every draw), and move by at most two bearings on XJTU-SY."
S22.027,sentence,,located,,"The bounded statement is therefore narrower than the sampling result, and we scope it accordingly: at 20% missing rows the univariate control charts and Isolation Forest lose at most 1 h of warning ti"
S22.027.n01,number,20%,located,,"The bounded statement is therefore narrower than the sampling result, and we scope it accordingly: at 20% missing rows the univariate control charts and Isolation Forest lose at most 1 h of warning ti"
S22.027.n02,number,1,located,,"The bounded statement is therefore narrower than the sampling result, and we scope it accordingly: at 20% missing rows the univariate control charts and Isolation Forest lose at most 1 h of warning ti"
S22.027.n03,number,3,located,,"The bounded statement is therefore narrower than the sampling result, and we scope it accordingly: at 20% missing rows the univariate control charts and Isolation Forest lose at most 1 h of warning ti"
S22.028,sentence,,located,,"We claim gap-tolerance for the univariate charts and Isolation Forest at this magnitude of loss, and explicitly not for Hotelling T 2."
S23.001,sentence,,located-manual,paraphrased: Sec. 3: 'With n=10 it gives the strongest generalization test here',Ten run-to-failure bearings provide a far stronger test than IMS’s three.
S23.002,sentence,,located,,"Table 5 (XJTU-SY rows) shows that the IMS “aggregation helps” trend does not replicate: at the run level (collapsing factors, n = 10) the median difference is 0 h for ten of the eleven detectors (-0.1"
S23.002.n01,number,10,located,,"Table 5 (XJTU-SY rows) shows that the IMS “aggregation helps” trend does not replicate: at the run level (collapsing factors, n = 10) the median difference is 0 h for ten of the eleven detectors (-0.1"
S23.002.n02,number,0,located,,"Table 5 (XJTU-SY rows) shows that the IMS “aggregation helps” trend does not replicate: at the run level (collapsing factors, n = 10) the median difference is 0 h for ten of the eleven detectors (-0.1"
S23.002.n03,number,-0.10,located,,"Table 5 (XJTU-SY rows) shows that the IMS “aggregation helps” trend does not replicate: at the run level (collapsing factors, n = 10) the median difference is 0 h for ten of the eleven detectors (-0.1"
S23.002.n04,number,0.18,located,,"Table 5 (XJTU-SY rows) shows that the IMS “aggregation helps” trend does not replicate: at the run level (collapsing factors, n = 10) the median difference is 0 h for ten of the eleven detectors (-0.1"
S23.003,sentence,,located,,"Crucially, aggregation does not destroy lead time either: the medians are flat and the per-run differences are within a few minutes."
S23.004,sentence,,located,,"Lead times are short in absolute terms (0-3.5 h) because XJTU bearings are short-lived (52-533 min); over the five window-magnitude detectors (the three SPC charts 3σ/EWMA/Hotelling, Isolation Forest,"
S23.004.n01,number,0,located,,"Lead times are short in absolute terms (0-3.5 h) because XJTU bearings are short-lived (52-533 min); over the five window-magnitude detectors (the three SPC charts 3σ/EWMA/Hotelling, Isolation Forest,"
S23.004.n02,number,3.5,located,,"Lead times are short in absolute terms (0-3.5 h) because XJTU bearings are short-lived (52-533 min); over the five window-magnitude detectors (the three SPC charts 3σ/EWMA/Hotelling, Isolation Forest,"
S23.004.n03,number,52,located,,"Lead times are short in absolute terms (0-3.5 h) because XJTU bearings are short-lived (52-533 min); over the five window-magnitude detectors (the three SPC charts 3σ/EWMA/Hotelling, Isolation Forest,"
S23.004.n04,number,533,located,,"Lead times are short in absolute terms (0-3.5 h) because XJTU bearings are short-lived (52-533 min); over the five window-magnitude detectors (the three SPC charts 3σ/EWMA/Hotelling, Isolation Forest,"
S23.004.n05,number,450,located,,"Lead times are short in absolute terms (0-3.5 h) because XJTU bearings are short-lived (52-533 min); over the five window-magnitude detectors (the three SPC charts 3σ/EWMA/Hotelling, Isolation Forest,"
S23.005,sentence,,located,,"The deep sequence models are mostly N/A here: only the three longest-lived bearings furnish enough feature windows to form a length-30 sequence (76/90 cells N/A per deep model), a consequence of short"
S23.005.n01,number,30,located,,"The deep sequence models are mostly N/A here: only the three longest-lived bearings furnish enough feature windows to form a length-30 sequence (76/90 cells N/A per deep model), a consequence of short"
S23.005.n02,number,76/90,located,,"The deep sequence models are mostly N/A here: only the three longest-lived bearings furnish enough feature windows to form a length-30 sequence (76/90 cells N/A per deep model), a consequence of short"
S23.006,sentence,,located,,Halving the sequence length to 15 windows does not change this picture: it makes only one additional short bearing usable and the deep reconstruction models still yield a valid alarm on at most one of
S23.006.n01,number,15,located,,Halving the sequence length to 15 windows does not change this picture: it makes only one additional short bearing usable and the deep reconstruction models still yield a valid alarm on at most one of
S23.007,sentence,,located,,"Figure 2 summarizes the cross-dataset picture in one view: a positive but non-significant median shift on IMS that is not consistent across its three runs, and null effects on ONGC and XJTU."
S24.001,sentence,,located,,"The six FEMTO Learning_set bearings provide a second, fully independent multi-bearing test, and—unlike XJTU, where most bearings are too short to form a length-30 sequence—all six are long enough that"
S24.001.n01,number,30,located,,"The six FEMTO Learning_set bearings provide a second, fully independent multi-bearing test, and—unlike XJTU, where most bearings are too short to form a length-30 sequence—all six are long enough that"
S24.001.n02,number,6,located,,"The six FEMTO Learning_set bearings provide a second, fully independent multi-bearing test, and—unlike XJTU, where most bearings are too short to form a length-30 sequence—all six are long enough that"
S24.002,sentence,,located,,"Table 5 (FEMTO rows) shows the same verdict as XJTU: at the run level the median aggregate-decimate difference is within ±9 min for every detector, only LSTM-AE and Transformer-AD are sign-consistent,"
S24.002.n01,number,±9,located,,"Table 5 (FEMTO rows) shows the same verdict as XJTU: at the run level the median aggregate-decimate difference is within ±9 min for every detector, only LSTM-AE and Transformer-AD are sign-consistent,"
S24.002.n02,number,0/3,located,,"Table 5 (FEMTO rows) shows the same verdict as XJTU: at the run level the median aggregate-decimate difference is within ±9 min for every detector, only LSTM-AE and Transformer-AD are sign-consistent,"
S24.002.n03,number,0/4,located,,"Table 5 (FEMTO rows) shows the same verdict as XJTU: at the run level the median aggregate-decimate difference is within ±9 min for every detector, only LSTM-AE and Transformer-AD are sign-consistent,"
S24.002.n04,number,0.125,located,,"Table 5 (FEMTO rows) shows the same verdict as XJTU: at the run level the median aggregate-decimate difference is within ±9 min for every detector, only LSTM-AE and Transformer-AD are sign-consistent,"
S24.003,sentence,,located,,"Decimation leads aggregation in several FEMTO cells, but never by more than the ±1 h operational margin: the run-level 95% bootstrap interval lies wholly below zero for 3σ (mean -0.21 h, [-0.45, -0.04"
S24.003.n01,number,±1,located,,"Decimation leads aggregation in several FEMTO cells, but never by more than the ±1 h operational margin: the run-level 95% bootstrap interval lies wholly below zero for 3σ (mean -0.21 h, [-0.45, -0.04"
S24.003.n02,number,95%,located,,"Decimation leads aggregation in several FEMTO cells, but never by more than the ±1 h operational margin: the run-level 95% bootstrap interval lies wholly below zero for 3σ (mean -0.21 h, [-0.45, -0.04"
S24.003.n03,number,-0.21,located,,"Decimation leads aggregation in several FEMTO cells, but never by more than the ±1 h operational margin: the run-level 95% bootstrap interval lies wholly below zero for 3σ (mean -0.21 h, [-0.45, -0.04"
S24.003.n04,number,-0.45,located,,"Decimation leads aggregation in several FEMTO cells, but never by more than the ±1 h operational margin: the run-level 95% bootstrap interval lies wholly below zero for 3σ (mean -0.21 h, [-0.45, -0.04"
S24.003.n05,number,-0.04,located,,"Decimation leads aggregation in several FEMTO cells, but never by more than the ±1 h operational margin: the run-level 95% bootstrap interval lies wholly below zero for 3σ (mean -0.21 h, [-0.45, -0.04"
S24.003.n06,number,±1,located,,"Decimation leads aggregation in several FEMTO cells, but never by more than the ±1 h operational margin: the run-level 95% bootstrap interval lies wholly below zero for 3σ (mean -0.21 h, [-0.45, -0.04"
S24.004,sentence,,located,,"Table 6 reports the full equivalence family: all 33 of the 33 dataset × detector cells on XJTU-SY, FEMTO and Ferrara are equivalent at δ = 1 h, with no interval endpoint reaching ±0.6 h."
S24.004.n01,number,33,located,,"Table 6 reports the full equivalence family: all 33 of the 33 dataset × detector cells on XJTU-SY, FEMTO and Ferrara are equivalent at δ = 1 h, with no interval endpoint reaching ±0.6 h."
S24.004.n02,number,33,located,,"Table 6 reports the full equivalence family: all 33 of the 33 dataset × detector cells on XJTU-SY, FEMTO and Ferrara are equivalent at δ = 1 h, with no interval endpoint reaching ±0.6 h."
S24.004.n03,number,1,located,,"Table 6 reports the full equivalence family: all 33 of the 33 dataset × detector cells on XJTU-SY, FEMTO and Ferrara are equivalent at δ = 1 h, with no interval endpoint reaching ±0.6 h."
S24.004.n04,number,±0.6,located,,"Table 6 reports the full equivalence family: all 33 of the 33 dataset × detector cells on XJTU-SY, FEMTO and Ferrara are equivalent at δ = 1 h, with no interval endpoint reaching ±0.6 h."
S24.005,sentence,,located,,"Across the three campaigns exactly five cells have an interval lying wholly below zero—Isolation Forest on XJTU-SY, and 3σ, LSTM-AE, RMS-trend and TransformerAD on FEMTO—and every one of them favours "
S24.005.n01,number,±1,located,,"Across the three campaigns exactly five cells have an interval lying wholly below zero—Isolation Forest on XJTU-SY, and 3σ, LSTM-AE, RMS-trend and TransformerAD on FEMTO—and every one of them favours "
S24.006,sentence,,located,,"These cells bound rather than overturn that conclusion: the direction of any residual aggregate-vs-decimate effect is dataset-specific noise, while the robust, replicated conclusion is non-destruction"
S24.007,sentence,,located,,"Across all eleven evaluated detectors (every one runs on the full n = 6), 211/660 evaluations yield a valid alarm; as on XJTU, the short-lived bearings (∼1.4-7.8 h) keep absolute lead times small."
S24.007.n01,number,6,located,,"Across all eleven evaluated detectors (every one runs on the full n = 6), 211/660 evaluations yield a valid alarm; as on XJTU, the short-lived bearings (∼1.4-7.8 h) keep absolute lead times small."
S24.007.n02,number,211/660,located,,"Across all eleven evaluated detectors (every one runs on the full n = 6), 211/660 evaluations yield a valid alarm; as on XJTU, the short-lived bearings (∼1.4-7.8 h) keep absolute lead times small."
S24.007.n03,number,1.4,located,,"Across all eleven evaluated detectors (every one runs on the full n = 6), 211/660 evaluations yield a valid alarm; as on XJTU, the short-lived bearings (∼1.4-7.8 h) keep absolute lead times small."
S24.007.n04,number,7.8,located,,"Across all eleven evaluated detectors (every one runs on the full n = 6), 211/660 evaluations yield a valid alarm; as on XJTU, the short-lived bearings (∼1.4-7.8 h) keep absolute lead times small."
S25.001,sentence,,located,,"The University of Ferrara campaign (Arpa et al., 2024) adds a fifth, fully independent run-to-failure dataset and a second constant-condition multi-bearing rig beyond FEMTO."
S25.002,sentence,,located,,"Table 5 (Ferrara rows) gives the same verdict as XJTU-SY and FEMTO: at the run level the median aggregate-decimate difference is within ±5 min for every detector, no detector is sign-consistent across"
S25.002.n01,number,±5,documented,Part 4: Ferrara bound '+-5 min' -> '+-1 min' (post-correction max |median| 0.875 min),"Table 5 (Ferrara rows) gives the same verdict as XJTU-SY and FEMTO: at the run level the median aggregate-decimate difference is within ±5 min for every detector, no detector is sign-consistent across"
S25.002.n02,number,0.219,located,,"Table 5 (Ferrara rows) gives the same verdict as XJTU-SY and FEMTO: at the run level the median aggregate-decimate difference is within ±5 min for every detector, no detector is sign-consistent across"
S25.003,sentence,,located,,"Like the other short-lived campaigns, Ferrara’s 0.7-6.8 h lifetimes mean it cannot confirm or deny the IMS positive trend; what it does add is a second independent replication on a modern (2024) rig."
S25.003.n01,number,0.7,located,,"Like the other short-lived campaigns, Ferrara’s 0.7-6.8 h lifetimes mean it cannot confirm or deny the IMS positive trend; what it does add is a second independent replication on a modern (2024) rig."
S25.003.n02,number,6.8,located,,"Like the other short-lived campaigns, Ferrara’s 0.7-6.8 h lifetimes mean it cannot confirm or deny the IMS positive trend; what it does add is a second independent replication on a modern (2024) rig."
S25.004,sentence,,located,,"The larger per-run negatives (the -0.5 to -1.1 h entries) are all on E1, whose degradation onset sits within ∼0.1 h of failure (an abrupt, near-coincident-onset bearing analogous to IMS test 1), not a"
S25.004.n01,number,-0.5,located,,"The larger per-run negatives (the -0.5 to -1.1 h entries) are all on E1, whose degradation onset sits within ∼0.1 h of failure (an abrupt, near-coincident-onset bearing analogous to IMS test 1), not a"
S25.004.n02,number,-1.1,located,,"The larger per-run negatives (the -0.5 to -1.1 h entries) are all on E1, whose degradation onset sits within ∼0.1 h of failure (an abrupt, near-coincident-onset bearing analogous to IMS test 1), not a"
S25.004.n03,number,0.1,located,,"The larger per-run negatives (the -0.5 to -1.1 h entries) are all on E1, whose degradation onset sits within ∼0.1 h of failure (an abrupt, near-coincident-onset bearing analogous to IMS test 1), not a"
S25.004.n04,number,1,located,,"The larger per-run negatives (the -0.5 to -1.1 h entries) are all on E1, whose degradation onset sits within ∼0.1 h of failure (an abrupt, near-coincident-onset bearing analogous to IMS test 1), not a"
S26.001,sentence,,located-manual,table narration removed: Sec. 6.6 P1 cites Figure 3,Figure 3 plots lead time against the effective logging interval for both mechanisms.
S26.002,sentence,,located,,"Under aggregation, lead time remains high and stable as the interval coarsens; under decimation it degrades faster, with 3σ and Isolation Forest collapsing at coarse intervals (for example, 3σ falls f"
S26.002.n01,number,64.6,located,,"Under aggregation, lead time remains high and stable as the interval coarsens; under decimation it degrades faster, with 3σ and Isolation Forest collapsing at coarse intervals (for example, 3σ falls f"
S26.002.n02,number,24.8,located,,"Under aggregation, lead time remains high and stable as the interval coarsens; under decimation it degrades faster, with 3σ and Isolation Forest collapsing at coarse intervals (for example, 3σ falls f"
S26.002.n03,number,10,located,,"Under aggregation, lead time remains high and stable as the interval coarsens; under decimation it degrades faster, with 3σ and Isolation Forest collapsing at coarse intervals (for example, 3σ falls f"
S26.002.n04,number,64.6,located,,"Under aggregation, lead time remains high and stable as the interval coarsens; under decimation it degrades faster, with 3σ and Isolation Forest collapsing at coarse intervals (for example, 3σ falls f"
S26.003,sentence,,located,,"The upturn at the very largest factor reflects the fewwindows regime, where only one or two runs survive and the mean is no longer comparable; we annotate rather than hide it."
S26.004,sentence,,located,,Table 7 gives the run-level test over all eleven evaluated detectors.
S26.005,sentence,,located,,"Honoring the run as the unit of inference (Section 4.9), the magnitude-monitoring detectors show a positive median difference, but only two are signconsistent: CUSUM (per-run +4.2, +4.7, +4.3 h; media"
S26.005.n01,number,4.2,located,,"Honoring the run as the unit of inference (Section 4.9), the magnitude-monitoring detectors show a positive median difference, but only two are signconsistent: CUSUM (per-run +4.2, +4.7, +4.3 h; media"
S26.005.n02,number,4.7,located,,"Honoring the run as the unit of inference (Section 4.9), the magnitude-monitoring detectors show a positive median difference, but only two are signconsistent: CUSUM (per-run +4.2, +4.7, +4.3 h; media"
S26.005.n03,number,4.3,located,,"Honoring the run as the unit of inference (Section 4.9), the magnitude-monitoring detectors show a positive median difference, but only two are signconsistent: CUSUM (per-run +4.2, +4.7, +4.3 h; media"
S26.005.n04,number,4.3,located,,"Honoring the run as the unit of inference (Section 4.9), the magnitude-monitoring detectors show a positive median difference, but only two are signconsistent: CUSUM (per-run +4.2, +4.7, +4.3 h; media"
S26.005.n05,number,1.0,located,,"Honoring the run as the unit of inference (Section 4.9), the magnitude-monitoring detectors show a positive median difference, but only two are signconsistent: CUSUM (per-run +4.2, +4.7, +4.3 h; media"
S26.005.n06,number,1.2,located,,"Honoring the run as the unit of inference (Section 4.9), the magnitude-monitoring detectors show a positive median difference, but only two are signconsistent: CUSUM (per-run +4.2, +4.7, +4.3 h; media"
S26.005.n07,number,81.7,located,,"Honoring the run as the unit of inference (Section 4.9), the magnitude-monitoring detectors show a positive median difference, but only two are signconsistent: CUSUM (per-run +4.2, +4.7, +4.3 h; media"
S26.005.n08,number,1.2,located,,"Honoring the run as the unit of inference (Section 4.9), the magnitude-monitoring detectors show a positive median difference, but only two are signconsistent: CUSUM (per-run +4.2, +4.7, +4.3 h; media"
S26.005.n09,number,25.8,located,,"Honoring the run as the unit of inference (Section 4.9), the magnitude-monitoring detectors show a positive median difference, but only two are signconsistent: CUSUM (per-run +4.2, +4.7, +4.3 h; media"
S26.005.n10,number,15.1,located,,"Honoring the run as the unit of inference (Section 4.9), the magnitude-monitoring detectors show a positive median difference, but only two are signconsistent: CUSUM (per-run +4.2, +4.7, +4.3 h; media"
S26.005.n11,number,-1.0,located,,"Honoring the run as the unit of inference (Section 4.9), the magnitude-monitoring detectors show a positive median difference, but only two are signconsistent: CUSUM (per-run +4.2, +4.7, +4.3 h; media"
S26.005.n12,number,15.1,located,,"Honoring the run as the unit of inference (Section 4.9), the magnitude-monitoring detectors show a positive median difference, but only two are signconsistent: CUSUM (per-run +4.2, +4.7, +4.3 h; media"
S26.005.n13,number,-0.7,located,,"Honoring the run as the unit of inference (Section 4.9), the magnitude-monitoring detectors show a positive median difference, but only two are signconsistent: CUSUM (per-run +4.2, +4.7, +4.3 h; media"
S26.005.n14,number,16.9,located,,"Honoring the run as the unit of inference (Section 4.9), the magnitude-monitoring detectors show a positive median difference, but only two are signconsistent: CUSUM (per-run +4.2, +4.7, +4.3 h; media"
S26.005.n15,number,3.4,located,,"Honoring the run as the unit of inference (Section 4.9), the magnitude-monitoring detectors show a positive median difference, but only two are signconsistent: CUSUM (per-run +4.2, +4.7, +4.3 h; media"
S26.005.n16,number,3.4,located,,"Honoring the run as the unit of inference (Section 4.9), the magnitude-monitoring detectors show a positive median difference, but only two are signconsistent: CUSUM (per-run +4.2, +4.7, +4.3 h; media"
S26.005.n17,number,-3.9,located,,"Honoring the run as the unit of inference (Section 4.9), the magnitude-monitoring detectors show a positive median difference, but only two are signconsistent: CUSUM (per-run +4.2, +4.7, +4.3 h; media"
S26.005.n18,number,4.3,located,,"Honoring the run as the unit of inference (Section 4.9), the magnitude-monitoring detectors show a positive median difference, but only two are signconsistent: CUSUM (per-run +4.2, +4.7, +4.3 h; media"
S26.005.n19,number,2.1,located,,"Honoring the run as the unit of inference (Section 4.9), the magnitude-monitoring detectors show a positive median difference, but only two are signconsistent: CUSUM (per-run +4.2, +4.7, +4.3 h; media"
S26.005.n20,number,2.1,located,,"Honoring the run as the unit of inference (Section 4.9), the magnitude-monitoring detectors show a positive median difference, but only two are signconsistent: CUSUM (per-run +4.2, +4.7, +4.3 h; media"
S26.005.n21,number,8.9,located,,"Honoring the run as the unit of inference (Section 4.9), the magnitude-monitoring detectors show a positive median difference, but only two are signconsistent: CUSUM (per-run +4.2, +4.7, +4.3 h; media"
S26.005.n22,number,0.0,located,,"Honoring the run as the unit of inference (Section 4.9), the magnitude-monitoring detectors show a positive median difference, but only two are signconsistent: CUSUM (per-run +4.2, +4.7, +4.3 h; media"
S26.005.n23,number,0.0,located,,"Honoring the run as the unit of inference (Section 4.9), the magnitude-monitoring detectors show a positive median difference, but only two are signconsistent: CUSUM (per-run +4.2, +4.7, +4.3 h; media"
S26.006,sentence,,located,0.83,"The three deep reconstruction models and the one-class SVM have negative medians (LSTM-AE, TCN and Transformer-AD each -0.4 h; one-class SVM -2.4 h), each with two negative runs and one positive; the "
S26.006.n01,number,-0.4,located,,"The three deep reconstruction models and the one-class SVM have negative medians (LSTM-AE, TCN and Transformer-AD each -0.4 h; one-class SVM -2.4 h), each with two negative runs and one positive; the "
S26.006.n02,number,-2.4,located,,"The three deep reconstruction models and the one-class SVM have negative medians (LSTM-AE, TCN and Transformer-AD each -0.4 h; one-class SVM -2.4 h), each with two negative runs and one positive; the "
S26.006.n03,number,3,located,,"The three deep reconstruction models and the one-class SVM have negative medians (LSTM-AE, TCN and Transformer-AD each -0.4 h; one-class SVM -2.4 h), each with two negative runs and one positive; the "
S26.006.n04,number,56.1,located,,"The three deep reconstruction models and the one-class SVM have negative medians (LSTM-AE, TCN and Transformer-AD each -0.4 h; one-class SVM -2.4 h), each with two negative runs and one positive; the "
S26.006.n05,number,9.0,located,,"The three deep reconstruction models and the one-class SVM have negative medians (LSTM-AE, TCN and Transformer-AD each -0.4 h; one-class SVM -2.4 h), each with two negative runs and one positive; the "
S26.006.n06,number,68.8,located,,"The three deep reconstruction models and the one-class SVM have negative medians (LSTM-AE, TCN and Transformer-AD each -0.4 h; one-class SVM -2.4 h), each with two negative runs and one positive; the "
S26.007,sentence,,located,1.00,The RMS-trend baseline is mixed.
S26.008,sentence,,located,,"The direction is therefore a positive median for the chart/distance detectors, but not a consistent one—aggregation shortens the lead time of 3σ, EWMA and Isolation Forest on one run each—and with onl"
S26.008.n01,number,3,located,,"The direction is therefore a positive median for the chart/distance detectors, but not a consistent one—aggregation shortens the lead time of 3σ, EWMA and Isolation Forest on one run each—and with onl"
S26.008.n02,number,0.25,located,,"The direction is therefore a positive median for the chart/distance detectors, but not a consistent one—aggregation shortens the lead time of 3σ, EWMA and Isolation Forest on one run each—and with onl"
S26.009,sentence,,located,,We make no significance claim; the defensible reading is a null result with a positive median direction for the magnitude-monitoring detectors.
S26.010,sentence,,located,,"The candidate mechanism is that bin-averaging acts as a low-pass filter suppressing single-window noise in the health statistic, so the alarm threshold is crossed earlier and held more persistently th"
S26.011,sentence,,located-manual,paraphrased: Sec. 6.6: 'Appendix D.1 tests it and Section 7.3 gives the signal-theoretic reason',"We test this smoothing hypothesis directly in Appendix D.1, and give the signal-theoretic reason it should hold for this class of health statistic in Section 7.3."
S27.001,sentence,,located,,"The aggregate-vs-decimate question is asked once per detector on each inferential dataset, so the family of hypotheses is the 11 × 4 = 44 detector × dataset tests over IMS, XJTUSY, FEMTO, and Ferrara "
S27.001.n01,number,11,located,,"The aggregate-vs-decimate question is asked once per detector on each inferential dataset, so the family of hypotheses is the 11 × 4 = 44 detector × dataset tests over IMS, XJTUSY, FEMTO, and Ferrara "
S27.001.n02,number,4,located,,"The aggregate-vs-decimate question is asked once per detector on each inferential dataset, so the family of hypotheses is the 11 × 4 = 44 detector × dataset tests over IMS, XJTUSY, FEMTO, and Ferrara "
S27.001.n03,number,44,located,,"The aggregate-vs-decimate question is asked once per detector on each inferential dataset, so the family of hypotheses is the 11 × 4 = 44 detector × dataset tests over IMS, XJTUSY, FEMTO, and Ferrara "
S27.001.n04,number,1,located,,"The aggregate-vs-decimate question is asked once per detector on each inferential dataset, so the family of hypotheses is the 11 × 4 = 44 detector × dataset tests over IMS, XJTUSY, FEMTO, and Ferrara "
S27.002,sentence,,located,,"The uncorrected family-wise error rate at α = 0.05 is 1 - (1 - 0.05)44 ≈ 0.90, which is exactly why a correction is required."
S27.002.n01,number,0.05,located,,"The uncorrected family-wise error rate at α = 0.05 is 1 - (1 - 0.05)44 ≈ 0.90, which is exactly why a correction is required."
S27.002.n02,number,1,located,,"The uncorrected family-wise error rate at α = 0.05 is 1 - (1 - 0.05)44 ≈ 0.90, which is exactly why a correction is required."
S27.002.n03,number,1,located,,"The uncorrected family-wise error rate at α = 0.05 is 1 - (1 - 0.05)44 ≈ 0.90, which is exactly why a correction is required."
S27.002.n04,number,0.05,located,,"The uncorrected family-wise error rate at α = 0.05 is 1 - (1 - 0.05)44 ≈ 0.90, which is exactly why a correction is required."
S27.002.n05,number,44,located,,"The uncorrected family-wise error rate at α = 0.05 is 1 - (1 - 0.05)44 ≈ 0.90, which is exactly why a correction is required."
S27.002.n06,number,0.90,located,,"The uncorrected family-wise error rate at α = 0.05 is 1 - (1 - 0.05)44 ≈ 0.90, which is exactly why a correction is required."
S27.003,sentence,,located,,We apply Holm-Bonferroni to the forty-four run-level signtest p-values (Table 8).
S27.004,sentence,,located,,"No hypothesis survives (0 of 44): the smallest raw p-value is 0.125 (Transformer-AD on FEMTO), and after Holm correction across the N = 44 family its adjusted p is 1.00, still far above α."
S27.004.n01,number,0,located,,"No hypothesis survives (0 of 44): the smallest raw p-value is 0.125 (Transformer-AD on FEMTO), and after Holm correction across the N = 44 family its adjusted p is 1.00, still far above α."
S27.004.n02,number,44,located,,"No hypothesis survives (0 of 44): the smallest raw p-value is 0.125 (Transformer-AD on FEMTO), and after Holm correction across the N = 44 family its adjusted p is 1.00, still far above α."
S27.004.n03,number,0.125,located,,"No hypothesis survives (0 of 44): the smallest raw p-value is 0.125 (Transformer-AD on FEMTO), and after Holm correction across the N = 44 family its adjusted p is 1.00, still far above α."
S27.004.n04,number,44,located,,"No hypothesis survives (0 of 44): the smallest raw p-value is 0.125 (Transformer-AD on FEMTO), and after Holm correction across the N = 44 family its adjusted p is 1.00, still far above α."
S27.004.n05,number,1.00,located,,"No hypothesis survives (0 of 44): the smallest raw p-value is 0.125 (Transformer-AD on FEMTO), and after Holm correction across the N = 44 family its adjusted p is 1.00, still far above α."
S27.005,sentence,,located,,Every one of the fortyfour adjusted p-values is 1.00.
S27.005.n01,number,1.00,located,,Every one of the fortyfour adjusted p-values is 1.00.
S27.006,sentence,,located-manual,paraphrased: Sec. 6.7: 'there is no significant aggregate-vs-decimate effect on any dataset',"The conclusion is unambiguous and conservative: after honoring the run structure and correcting for multiple comparisons, there is no statistically significant aggregate-vs-decimate effect on any data"
S27.007,sentence,,located,0.78,"The positive IMS median shift remains a reportable trend; it is simply not, and cannot be at n = 3, a significant one."
S27.007.n01,number,3,located,,"The positive IMS median shift remains a reportable trend; it is simply not, and cannot be at n = 3, a significant one."
S27.008,sentence,,located,,"We note that the family is heterogeneous in power: the three deep sequence models contribute n = 3 XJTU tests rather than n = 10 (marked ‡ in Table 8), and those three cells rest on the longest-lived—"
S27.008.n01,number,3,located,,"We note that the family is heterogeneous in power: the three deep sequence models contribute n = 3 XJTU tests rather than n = 10 (marked ‡ in Table 8), and those three cells rest on the longest-lived—"
S27.008.n02,number,10,located,,"We note that the family is heterogeneous in power: the three deep sequence models contribute n = 3 XJTU tests rather than n = 10 (marked ‡ in Table 8), and those three cells rest on the longest-lived—"
S27.009,sentence,,located,,"Because every uncorrected p in the family already exceeds 0.1, this heterogeneity does not change any rejection decision; we flag it so the N = 44 count is not read as forty-four equallypowered tests."
S27.009.n01,number,0.1,located,,"Because every uncorrected p in the family already exceeds 0.1, this heterogeneity does not change any rejection decision; we flag it so the N = 44 count is not read as forty-four equallypowered tests."
S27.009.n02,number,44,located,,"Because every uncorrected p in the family already exceeds 0.1, this heterogeneity does not change any rejection decision; we flag it so the N = 44 count is not read as forty-four equallypowered tests."
S27.010,sentence,,located,0.60,"Table 9 breaks the XJTU result down by bearing at full resolution (aggregate mechanism, valid alarms counted over the five detectors)."
S27.011,sentence,,located,0.75,"We report the mean lead over the valid detectors as the realistic singledeployed-detector expectation, alongside the oracle “best lead” (the maximum over five, which presumes foreknowledge of which de"
S27.012,sentence,,located,0.67,Bearing2_2: 1.00 h mean vs. 1.08 h oracle).
S27.012.n01,number,1.00,located,,Bearing2_2: 1.00 h mean vs. 1.08 h oracle).
S27.012.n02,number,1.08,documented,Part 1 (Eq. 5 validity restatement): Bearing2_2 mean-vs-oracle example (1.00 vs 1.08 h) dropped; the bearing is not scoreable and mean = best on every scoreable bearing,Bearing2_2: 1.00 h mean vs. 1.08 h oracle).
S27.013,sentence,,located,,The aggregate 209/450 valid-alarm figure quoted above is not uniform: it is the sum of a strongly heterogeneous per-bearing picture.
S27.013.n01,number,209/450,documented,Part 1 (Eq. 5 validity restatement): 209/450 -> 48/230 scoreable (220 excluded),The aggregate 209/450 valid-alarm figure quoted above is not uniform: it is the sum of a strongly heterogeneous per-bearing picture.
S27.014,sentence,,located,,"Long-degrading bearings such as Bearing2_3 (533 min life) and Bearing1_3 (158 min) are warnable with multi-hour or near-hour lead, whereas the two shortest-lived, abrupt-failure bearings—Bearing2_4 (4"
S27.014.n01,number,533,located,,"Long-degrading bearings such as Bearing2_3 (533 min life) and Bearing1_3 (158 min) are warnable with multi-hour or near-hour lead, whereas the two shortest-lived, abrupt-failure bearings—Bearing2_4 (4"
S27.014.n02,number,158,located,,"Long-degrading bearings such as Bearing2_3 (533 min life) and Bearing1_3 (158 min) are warnable with multi-hour or near-hour lead, whereas the two shortest-lived, abrupt-failure bearings—Bearing2_4 (4"
S27.014.n03,number,42,located,,"Long-degrading bearings such as Bearing2_3 (533 min life) and Bearing1_3 (158 min) are warnable with multi-hour or near-hour lead, whereas the two shortest-lived, abrupt-failure bearings—Bearing2_4 (4"
S27.014.n04,number,123,located,,"Long-degrading bearings such as Bearing2_3 (533 min life) and Bearing1_3 (158 min) are warnable with multi-hour or near-hour lead, whereas the two shortest-lived, abrupt-failure bearings—Bearing2_4 (4"
S27.014.n05,number,2/10,documented,Part 1 (Eq. 5 validity restatement): '2/10 bearings' -> '2 of the 5 scoreable bearings',"Long-degrading bearings such as Bearing2_3 (533 min life) and Bearing1_3 (158 min) are warnable with multi-hour or near-hour lead, whereas the two shortest-lived, abrupt-failure bearings—Bearing2_4 (4"
S27.015,sentence,,located,1.00,The metric credits no warning time on bearings that provide none.
S27.016,sentence,,located,,The same contrast under the gated metric.
S27.017,sentence,,located,,"The cross-dataset headline above is computed on raw lead time, the quantity a coarsening operation acts on directly and the one that carries no dependence on the budget τ ."
S27.018,sentence,,located,,"Because this paper argues that ungated lead time can mislead, we also report the aggregate-vs-decimate contrast under the gated metric itself, so the sampling conclusion does not rest on a quantity we"
S27.019,sentence,,located,,"The answer does not change: on every inferential dataset the median run-level difference is at most a few thousandths of an hour under either metric, no detector is sign-consistent enough to reach sig"
S27.019.n01,number,44,located,,"The answer does not change: on every inferential dataset the median run-level difference is at most a few thousandths of an hour under either metric, no detector is sign-consistent enough to reach sig"
S27.020,sentence,,located,1.00,What changes is power.
S27.021,sentence,,located,,"Gating discards every run in which a detector never produces a valid alarm, so the mean effective sample size per detector falls from 3.0 to 1.3 on XJTU-SY, 4.8 to 2.8 on FEMTO, 5.0 to 3.6 on Ferrara,"
S27.021.n01,number,3.0,located,,"Gating discards every run in which a detector never produces a valid alarm, so the mean effective sample size per detector falls from 3.0 to 1.3 on XJTU-SY, 4.8 to 2.8 on FEMTO, 5.0 to 3.6 on Ferrara,"
S27.021.n02,number,1.3,located,,"Gating discards every run in which a detector never produces a valid alarm, so the mean effective sample size per detector falls from 3.0 to 1.3 on XJTU-SY, 4.8 to 2.8 on FEMTO, 5.0 to 3.6 on Ferrara,"
S27.021.n03,number,4.8,located,,"Gating discards every run in which a detector never produces a valid alarm, so the mean effective sample size per detector falls from 3.0 to 1.3 on XJTU-SY, 4.8 to 2.8 on FEMTO, 5.0 to 3.6 on Ferrara,"
S27.021.n04,number,2.8,located,,"Gating discards every run in which a detector never produces a valid alarm, so the mean effective sample size per detector falls from 3.0 to 1.3 on XJTU-SY, 4.8 to 2.8 on FEMTO, 5.0 to 3.6 on Ferrara,"
S27.021.n05,number,5.0,located,,"Gating discards every run in which a detector never produces a valid alarm, so the mean effective sample size per detector falls from 3.0 to 1.3 on XJTU-SY, 4.8 to 2.8 on FEMTO, 5.0 to 3.6 on Ferrara,"
S27.021.n06,number,3.6,located,,"Gating discards every run in which a detector never produces a valid alarm, so the mean effective sample size per detector falls from 3.0 to 1.3 on XJTU-SY, 4.8 to 2.8 on FEMTO, 5.0 to 3.6 on Ferrara,"
S27.021.n07,number,2.7,located,,"Gating discards every run in which a detector never produces a valid alarm, so the mean effective sample size per detector falls from 3.0 to 1.3 on XJTU-SY, 4.8 to 2.8 on FEMTO, 5.0 to 3.6 on Ferrara,"
S27.021.n08,number,1.2,located,,"Gating discards every run in which a detector never produces a valid alarm, so the mean effective sample size per detector falls from 3.0 to 1.3 on XJTU-SY, 4.8 to 2.8 on FEMTO, 5.0 to 3.6 on Ferrara,"
S27.022,sentence,,located-manual,"paraphrased: Sec. 6.7 gated paragraph: 'agrees with the raw one with materially less power, so raw lead stays the primary quantity and the gated version is a robustness check'","The gated contrast is thus the more conservative and the less informative of the two: it agrees with the raw contrast while having materially less ability to detect a difference, which is why we keep "
S28.001,sentence,,located,,"Sweeping the alarm-threshold percentile traces a prognostics analog of the ROC curve (Figure 5a, Table 13): tightening the threshold lowers both pre-onset FAR and lead time together, letting an operat"
S28.002,sentence,,located,,"On the achievable frontier (highest lead at the lowest FAR each detector attains) Hotelling T 2 and Isolation Forest dominate the upper-left, while the naive RMS-trend baseline collapses to near-zero "
S28.003,sentence,,located,,"At a strict 99.5th-percentile threshold, for instance, 3σ retains 56.3 h of lead at 8.9% pre-onset FAR, whereas RMS-trend has collapsed to 1.3 h."
S28.003.n01,number,99.5,located,,"At a strict 99.5th-percentile threshold, for instance, 3σ retains 56.3 h of lead at 8.9% pre-onset FAR, whereas RMS-trend has collapsed to 1.3 h."
S28.003.n02,number,56.3,located,,"At a strict 99.5th-percentile threshold, for instance, 3σ retains 56.3 h of lead at 8.9% pre-onset FAR, whereas RMS-trend has collapsed to 1.3 h."
S28.003.n03,number,8.9%,located,,"At a strict 99.5th-percentile threshold, for instance, 3σ retains 56.3 h of lead at 8.9% pre-onset FAR, whereas RMS-trend has collapsed to 1.3 h."
S28.003.n04,number,1.3,located,,"At a strict 99.5th-percentile threshold, for instance, 3σ retains 56.3 h of lead at 8.9% pre-onset FAR, whereas RMS-trend has collapsed to 1.3 h."
S28.004,sentence,,located,,This converts the single gated number into a usable operating-point selector.
S28.005,sentence,,located,,Note that many entries in Table 13 sit above the τ = 10% false-alarm budget; under the gated metric those operating points are invalid and we mark them with a dagger.
S28.005.n01,number,10%,located,,Note that many entries in Table 13 sit above the τ = 10% false-alarm budget; under the gated metric those operating points are invalid and we mark them with a dagger.
S28.006,sentence,,located,,This has a concrete consequence for detector choice: Hotelling T 2 attains the highest raw lead of any control chart in Table 13 but its pre-onset FAR exceeds the τ = 10% budget at every threshold tes
S28.006.n01,number,10%,located,,This has a concrete consequence for detector choice: Hotelling T 2 attains the highest raw lead of any control chart in Table 13 but its pre-onset FAR exceeds the τ = 10% budget at every threshold tes
S28.007,sentence,,located,,"EWMA and CUSUM behave the same way: their preonset FAR sits at 19.0-22.1% across the swept thresholds, never dipping below the budget, so neither has a valid operating point: the two memory-based cont"
S28.007.n01,number,19.0,located,,"EWMA and CUSUM behave the same way: their preonset FAR sits at 19.0-22.1% across the swept thresholds, never dipping below the budget, so neither has a valid operating point: the two memory-based cont"
S28.007.n02,number,22.1%,located,,"EWMA and CUSUM behave the same way: their preonset FAR sits at 19.0-22.1% across the swept thresholds, never dipping below the budget, so neither has a valid operating point: the two memory-based cont"
S28.007.n03,number,10%,located,,"EWMA and CUSUM behave the same way: their preonset FAR sits at 19.0-22.1% across the swept thresholds, never dipping below the budget, so neither has a valid operating point: the two memory-based cont"
S28.008,sentence,,located,,"Deep SVDD occupies the opposite corner: it stays comfortably within budget (≤ 0.6% FAR) but only by firing late, buying that low false-alarm rate with a short ≤ 14.8 h lead."
S28.008.n01,number,0.6%,located,,"Deep SVDD occupies the opposite corner: it stays comfortably within budget (≤ 0.6% FAR) but only by firing late, buying that low false-alarm rate with a short ≤ 14.8 h lead."
S28.008.n02,number,14.8,located,,"Deep SVDD occupies the opposite corner: it stays comfortably within budget (≤ 0.6% FAR) but only by firing late, buying that low false-alarm rate with a short ≤ 14.8 h lead."
S28.009,sentence,,located,,"The 3σ chart, by contrast, reaches a valid point (56.3 h of lead at 8.9% FAR at the 99.5th percentile) and is therefore the recommended chart under a 10% budget, a ranking the raw-lead column of Table"
S28.009.n01,number,56.3,located,,"The 3σ chart, by contrast, reaches a valid point (56.3 h of lead at 8.9% FAR at the 99.5th percentile) and is therefore the recommended chart under a 10% budget, a ranking the raw-lead column of Table"
S28.009.n02,number,8.9%,located,,"The 3σ chart, by contrast, reaches a valid point (56.3 h of lead at 8.9% FAR at the 99.5th percentile) and is therefore the recommended chart under a 10% budget, a ranking the raw-lead column of Table"
S28.009.n03,number,99.5,located,,"The 3σ chart, by contrast, reaches a valid point (56.3 h of lead at 8.9% FAR at the 99.5th percentile) and is therefore the recommended chart under a 10% budget, a ranking the raw-lead column of Table"
S28.009.n04,number,10%,located,,"The 3σ chart, by contrast, reaches a valid point (56.3 h of lead at 8.9% FAR at the 99.5th percentile) and is therefore the recommended chart under a 10% budget, a ranking the raw-lead column of Table"
S28.010,sentence,,located,0.65,"The same tradeoff computed on the ten XJTU bearings (Figure 5b) has the same qualitative shape at the shorter absolute lead times those bearings allow, confirming that the operating-point selection ge"
S28.011,sentence,,located,1.00,Sensitivity to the false-alarm budget.
S28.012,sentence,,located-manual,paraphrased: Sec. 6.9: 'The budget tau is a policy input',"The budget τ is a policy input, so we report how the detector recommendation moves with it rather than fixing τ = 10% silently (Table 12)."
S28.012.n01,number,10%,located,,"The budget τ is a policy input, so we report how the detector recommendation moves with it rather than fixing τ = 10% silently (Table 12)."
S28.013,sentence,,located-manual,paraphrased: Sec. 6.9: 'the recommendation is not tau-invariant',"The recommendation is not τ -invariant, and we state this plainly."
S28.014,sentence,,located,,"At τ = 0.20 the 3σ chart gives the longest valid lead (77.0 h), now joined by CUSUM, Hotelling T 2, and Isolation Forest as their pre-onset FAR falls within the looser budget."
S28.014.n01,number,0.20,located,,"At τ = 0.20 the 3σ chart gives the longest valid lead (77.0 h), now joined by CUSUM, Hotelling T 2, and Isolation Forest as their pre-onset FAR falls within the looser budget."
S28.014.n02,number,77.0,located,,"At τ = 0.20 the 3σ chart gives the longest valid lead (77.0 h), now joined by CUSUM, Hotelling T 2, and Isolation Forest as their pre-onset FAR falls within the looser budget."
S28.015,sentence,,located,,At τ = 0.10 the 3σ chart remains the best valid chart (56.3 h).
S28.015.n01,number,0.10,located,,At τ = 0.10 the 3σ chart remains the best valid chart (56.3 h).
S28.015.n02,number,56.3,located,,At τ = 0.10 the 3σ chart remains the best valid chart (56.3 h).
S28.016,sentence,,located,,But at a strict τ = 0.05 no control chart qualifies at all—only Deep SVDD (14.8 h) and the RMS-trend floor (34.7 h) stay within a 5% budget—so an operator with a very low nuisancealarm tolerance shoul
S28.016.n01,number,0.05,located,,But at a strict τ = 0.05 no control chart qualifies at all—only Deep SVDD (14.8 h) and the RMS-trend floor (34.7 h) stay within a 5% budget—so an operator with a very low nuisancealarm tolerance shoul
S28.016.n02,number,14.8,located,,But at a strict τ = 0.05 no control chart qualifies at all—only Deep SVDD (14.8 h) and the RMS-trend floor (34.7 h) stay within a 5% budget—so an operator with a very low nuisancealarm tolerance shoul
S28.016.n03,number,34.7,located,,But at a strict τ = 0.05 no control chart qualifies at all—only Deep SVDD (14.8 h) and the RMS-trend floor (34.7 h) stay within a 5% budget—so an operator with a very low nuisancealarm tolerance shoul
S28.016.n04,number,5%,located,,But at a strict τ = 0.05 no control chart qualifies at all—only Deep SVDD (14.8 h) and the RMS-trend floor (34.7 h) stay within a 5% budget—so an operator with a very low nuisancealarm tolerance shoul
S28.017,sentence,,located,,The 3σ recommendation therefore holds for τ ≥ 0.10 on IMS and inverts toward the low-FAR detectors below it.
S28.017.n01,number,0.10,located,,The 3σ recommendation therefore holds for τ ≥ 0.10 on IMS and inverts toward the low-FAR detectors below it.
S28.018,sentence,,located,,"Crucially, the cross-dataset headline is untouched by this choice: it is computed on raw (ungated) leadtime differences (Section 4.9) and does not depend on τ at all."
S28.019,sentence,,located,1.00,Where does τ = 10% come from?
S28.019.n01,number,10%,located,,Where does τ = 10% come from?
S28.020,sentence,,located,,A cost-ratio argument.
S28.021,sentence,,located-manual,paraphrased: Sec. 6.9 cost-ratio paragraph (the anchor for tau),We do not treat τ as arbitrary.
S28.022,sentence,,located,0.95,"Consider a simple expected-cost model with two site parameters: cI , the cost of responding to one nuisance alarm (a wasted inspection), and cF , the cost of an unplanned bearing failure (downtime plu"
S28.023,sentence,,located,0.94,"Over a bearing’s pre-onset life of k windows a detector at pre-onset FAR f issues ≈kf nuisance inspections, and a valid alarm with adequate lead converts the failure into a planned repair, saving cF ."
S28.024,sentence,,located,,"An operator should tolerate false alarms up to the budget at which their cumulative cost equals the warning’s value, kτ cI ≈ cF , i.e. τ∗ ≈ cF ρ =, k cI k ρ ≡ cF /cI ."
S28.025,sentence,,located,,"(6) For rolling-element bearings an unplanned failure typically costs ρ = 102-104 times a routine inspection, and the preonset window count is of order k ∼ 103 on the runs studied here, so Eq."
S28.025.n01,number,6,located,,"(6) For rolling-element bearings an unplanned failure typically costs ρ = 102-104 times a routine inspection, and the preonset window count is of order k ∼ 103 on the runs studied here, so Eq."
S28.025.n02,number,102,located,,"(6) For rolling-element bearings an unplanned failure typically costs ρ = 102-104 times a routine inspection, and the preonset window count is of order k ∼ 103 on the runs studied here, so Eq."
S28.025.n03,number,104,located,,"(6) For rolling-element bearings an unplanned failure typically costs ρ = 102-104 times a routine inspection, and the preonset window count is of order k ∼ 103 on the runs studied here, so Eq."
S28.025.n04,number,103,located,,"(6) For rolling-element bearings an unplanned failure typically costs ρ = 102-104 times a routine inspection, and the preonset window count is of order k ∼ 103 on the runs studied here, so Eq."
S28.026,sentence,,located,,"(6) places the break-even budget at τ ∗ ∼ 0.1-1 (τ ∗ saturates at 1 for ρ ≥ 103 and falls to 0.10 at ρ = 102, k = 103)."
S28.026.n01,number,6,located,,"(6) places the break-even budget at τ ∗ ∼ 0.1-1 (τ ∗ saturates at 1 for ρ ≥ 103 and falls to 0.10 at ρ = 102, k = 103)."
S28.026.n02,number,0.1,located,,"(6) places the break-even budget at τ ∗ ∼ 0.1-1 (τ ∗ saturates at 1 for ρ ≥ 103 and falls to 0.10 at ρ = 102, k = 103)."
S28.026.n03,number,1,located,,"(6) places the break-even budget at τ ∗ ∼ 0.1-1 (τ ∗ saturates at 1 for ρ ≥ 103 and falls to 0.10 at ρ = 102, k = 103)."
S28.026.n04,number,1,located,,"(6) places the break-even budget at τ ∗ ∼ 0.1-1 (τ ∗ saturates at 1 for ρ ≥ 103 and falls to 0.10 at ρ = 102, k = 103)."
S28.026.n05,number,103,located,,"(6) places the break-even budget at τ ∗ ∼ 0.1-1 (τ ∗ saturates at 1 for ρ ≥ 103 and falls to 0.10 at ρ = 102, k = 103)."
S28.026.n06,number,0.10,located,,"(6) places the break-even budget at τ ∗ ∼ 0.1-1 (τ ∗ saturates at 1 for ρ ≥ 103 and falls to 0.10 at ρ = 102, k = 103)."
S28.026.n07,number,102,located,,"(6) places the break-even budget at τ ∗ ∼ 0.1-1 (τ ∗ saturates at 1 for ρ ≥ 103 and falls to 0.10 at ρ = 102, k = 103)."
S28.026.n08,number,103,located,,"(6) places the break-even budget at τ ∗ ∼ 0.1-1 (τ ∗ saturates at 1 for ρ ≥ 103 and falls to 0.10 at ρ = 102, k = 103)."
S28.027,sentence,,located,0.88,"Our τ = 0.10 is the conservative end of that range, justified whenever failures are at least ∼100× costlier than inspections."
S28.027.n01,number,0.10,located,,"Our τ = 0.10 is the conservative end of that range, justified whenever failures are at least ∼100× costlier than inspections."
S28.027.n02,number,100,located,,"Our τ = 0.10 is the conservative end of that range, justified whenever failures are at least ∼100× costlier than inspections."
S28.028,sentence,,located,,"The strict τ = 0.05 column of Table 12 corre- sponds to the opposite regime, inspections that are themselves disruptive (e.g. requiring a shutdown) so ρ is small, exactly where the low-FAR Deep SVDD p"
S28.028.n01,number,0.05,located,,"The strict τ = 0.05 column of Table 12 corre- sponds to the opposite regime, inspections that are themselves disruptive (e.g. requiring a shutdown) so ρ is small, exactly where the low-FAR Deep SVDD p"
S28.029,sentence,,located,,"We stress this is an order-of-magnitude anchor, not a site-specific optimisation: the true optimum requires an operator’s actual cI and cF , which we do not have, and Eq."
S28.030,sentence,,located,0.67,(6) is offered so a practitioner can substitute their own.
S28.030.n01,number,6,located,,(6) is offered so a practitioner can substitute their own.
S29.001,sentence,,located-manual,"paraphrased: tab:ablation_general caption: six non-sequence detectors, mean over the three runs","We ablate feature families on IMS for all six non-sequence detectors, reporting the valid-alarm fraction by group across the three runs (Table 14)."
S29.002,sentence,,located,,"The pattern is consistent and somewhat against expectation: time-domain amplitude features (rms_only or time_only) give each detector its highest or tied-highest validity, and admitting spectral, enve"
S29.003,sentence,,located,,"For the memory-based control charts it sharpens: rms_only is the unique group at which 3σ and EWMA reach full validity (1.00 at 0% pre-onset FAR), and spectral/envelope/all collapse all four SPC chart"
S29.003.n01,number,1.00,located,,"For the memory-based control charts it sharpens: rms_only is the unique group at which 3σ and EWMA reach full validity (1.00 at 0% pre-onset FAR), and spectral/envelope/all collapse all four SPC chart"
S29.003.n02,number,0%,located,,"For the memory-based control charts it sharpens: rms_only is the unique group at which 3σ and EWMA reach full validity (1.00 at 0% pre-onset FAR), and spectral/envelope/all collapse all four SPC chart"
S29.003.n03,number,0.33,located,,"For the memory-based control charts it sharpens: rms_only is the unique group at which 3σ and EWMA reach full validity (1.00 at 0% pre-onset FAR), and spectral/envelope/all collapse all four SPC chart"
S29.003.n04,number,42,located,,"For the memory-based control charts it sharpens: rms_only is the unique group at which 3σ and EWMA reach full validity (1.00 at 0% pre-onset FAR), and spectral/envelope/all collapse all four SPC chart"
S29.003.n05,number,63%,located,,"For the memory-based control charts it sharpens: rms_only is the unique group at which 3σ and EWMA reach full validity (1.00 at 0% pre-onset FAR), and spectral/envelope/all collapse all four SPC chart"
S29.004,sentence,,located,,"Deep SVDD is the instructive exception, and it fails for the opposite reason: its pre-onset FAR stays near 0% under every feature set (it rarely false-alarms), yet spectral features still cut its vali"
S29.004.n01,number,0%,located,,"Deep SVDD is the instructive exception, and it fails for the opposite reason: its pre-onset FAR stays near 0% under every feature set (it rarely false-alarms), yet spectral features still cut its vali"
S29.004.n02,number,0.33,located,,"Deep SVDD is the instructive exception, and it fails for the opposite reason: its pre-onset FAR stays near 0% under every feature set (it rarely false-alarms), yet spectral features still cut its vali"
S29.004.n03,number,0.00,located,,"Deep SVDD is the instructive exception, and it fails for the opposite reason: its pre-onset FAR stays near 0% under every feature set (it rarely false-alarms), yet spectral features still cut its vali"
S29.005,sentence,,located,,"Either way the practical recommendation is detector-general on IMS: under a false-alarm budget, restrict every detector to time-domain amplitude features; frequency-domain features must be admitted wi"
S29.006,sentence,,located,,"Raw lead time inverts this ranking without overturning it: on Isolation Forest the envelope group yields the longest mean lead (99.4 h) and rms_only the shortest (32.0 h), but the long-lead groups acc"
S29.006.n01,number,99.4,located,,"Raw lead time inverts this ranking without overturning it: on Isolation Forest the envelope group yields the longest mean lead (99.4 h) and rms_only the shortest (32.0 h), but the long-lead groups acc"
S29.006.n02,number,32.0,located,,"Raw lead time inverts this ranking without overturning it: on Isolation Forest the envelope group yields the longest mean lead (99.4 h) and rms_only the shortest (32.0 h), but the long-lead groups acc"
S29.006.n03,number,23,located,,"Raw lead time inverts this ranking without overturning it: on Isolation Forest the envelope group yields the longest mean lead (99.4 h) and rms_only the shortest (32.0 h), but the long-lead groups acc"
S29.006.n04,number,29%,located,,"Raw lead time inverts this ranking without overturning it: on Isolation Forest the envelope group yields the longest mean lead (99.4 h) and rms_only the shortest (32.0 h), but the long-lead groups acc"
S29.006.n05,number,0.2%,located,,"Raw lead time inverts this ranking without overturning it: on Isolation Forest the envelope group yields the longest mean lead (99.4 h) and rms_only the shortest (32.0 h), but the long-lead groups acc"
S29.006.n06,number,2,located,,"Raw lead time inverts this ranking without overturning it: on Isolation Forest the envelope group yields the longest mean lead (99.4 h) and rms_only the shortest (32.0 h), but the long-lead groups acc"
S29.006.n07,number,100%,located,,"Raw lead time inverts this ranking without overturning it: on Isolation Forest the envelope group yields the longest mean lead (99.4 h) and rms_only the shortest (32.0 h), but the long-lead groups acc"
S29.007,sentence,,located,,"Repeating the ablation at every coarsening factor leaves rms_only uniquely best at native and 2× resolution (f ≤ 2), matching the informational argument that bin-averaging preserves the amplitude stat"
S29.007.n01,number,2,located,,"Repeating the ablation at every coarsening factor leaves rms_only uniquely best at native and 2× resolution (f ≤ 2), matching the informational argument that bin-averaging preserves the amplitude stat"
S29.007.n02,number,2,located,,"Repeating the ablation at every coarsening factor leaves rms_only uniquely best at native and 2× resolution (f ≤ 2), matching the informational argument that bin-averaging preserves the amplitude stat"
S29.007.n03,number,5,located,,"Repeating the ablation at every coarsening factor leaves rms_only uniquely best at native and 2× resolution (f ≤ 2), matching the informational argument that bin-averaging preserves the amplitude stat"
S29.007.n04,number,1/3,located,,"Repeating the ablation at every coarsening factor leaves rms_only uniquely best at native and 2× resolution (f ≤ 2), matching the informational argument that bin-averaging preserves the amplitude stat"
S29.007.n05,number,3,located,,"Repeating the ablation at every coarsening factor leaves rms_only uniquely best at native and 2× resolution (f ≤ 2), matching the informational argument that bin-averaging preserves the amplitude stat"
S30.001,sentence,,located,1.00,"If the false-alarm gate is what separates a usable warning from a manufactured one, then a metric without that gate should reward detectors our metric rejects."
S30.002,sentence,,located,,"We test this against the most widely used ungated warning-time metric— the Saxena prognostic horizon (PH) (Saxena et al., 2008, 2010)—and show that on IMS it makes a different, and operationally wrong"
S30.003,sentence,,located,,"The PH is the interval between a detector’s first alarm and failure, PH = max(0, (tf -FAT)/3600) hours, with no falsealarm constraint."
S30.003.n01,number,0,located,,"The PH is the interval between a detector’s first alarm and failure, PH = max(0, (tf -FAT)/3600) hours, with no falsealarm constraint."
S30.003.n02,number,3600,located,,"The PH is the interval between a detector’s first alarm and failure, PH = max(0, (tf -FAT)/3600) hours, with no falsealarm constraint."
S30.004,sentence,,located,,It is exactly our lead time L before the validity gate (Eq. 5) is applied; that one missing conjunct is decisive.
S30.005,sentence,,located,,PH is maximized by the latch-on detector.
S30.006,sentence,,located,,A detector that alarms from the first sample earns the entire record as prognostic horizon.
S30.007,sentence,,located,,"On the three IMS runs this constant-on detector earns the full run length as prognostic horizon (164- 1073 h) while flooding the pre-onset region (FARpre ≈ 1), so the gated metric scores it invalid on"
S30.007.n01,number,164,located,,"On the three IMS runs this constant-on detector earns the full run length as prognostic horizon (164- 1073 h) while flooding the pre-onset region (FARpre ≈ 1), so the gated metric scores it invalid on"
S30.007.n02,number,1073,located,,"On the three IMS runs this constant-on detector earns the full run length as prognostic horizon (164- 1073 h) while flooding the pre-onset region (FARpre ≈ 1), so the gated metric scores it invalid on"
S30.007.n03,number,1,located,,"On the three IMS runs this constant-on detector earns the full run length as prognostic horizon (164- 1073 h) while flooding the pre-onset region (FARpre ≈ 1), so the gated metric scores it invalid on"
S30.007.n04,number,0,located,,"On the three IMS runs this constant-on detector earns the full run length as prognostic horizon (164- 1073 h) while flooding the pre-onset region (FARpre ≈ 1), so the gated metric scores it invalid on"
S30.007.n05,number,12.9,located,,"On the three IMS runs this constant-on detector earns the full run length as prognostic horizon (164- 1073 h) while flooding the pre-onset region (FARpre ≈ 1), so the gated metric scores it invalid on"
S30.007.n06,number,62.5,located,,"On the three IMS runs this constant-on detector earns the full run length as prognostic horizon (164- 1073 h) while flooding the pre-onset region (FARpre ≈ 1), so the gated metric scores it invalid on"
S30.007.n07,number,44.5,located,,"On the three IMS runs this constant-on detector earns the full run length as prognostic horizon (164- 1073 h) while flooding the pre-onset region (FARpre ≈ 1), so the gated metric scores it invalid on"
S30.008,sentence,,located,,Under PH the latch-on detector is the clear winner; under L it is scored worthless.
S30.009,sentence,,located,,PH and L disagree on the real ranking.
S30.010,sentence,,located,,The latch-on case is a worst-case existence proof; the more damaging point is that PH and L disagree on deployable detectors evaluated at their own best operating points.
S30.011,sentence,,located,,Table 15 ranks the seven nonsequence detectors on IMS by their best raw lead (PH) and by their best lead at an operating point within the τ = 10% budget (L).
S30.011.n01,number,10%,located,,Table 15 ranks the seven nonsequence detectors on IMS by their best raw lead (PH) and by their best lead at an operating point within the τ = 10% budget (L).
S30.012,sentence,,located,,The two rankings are nearly inverted at the top.
S30.013,sentence,,located,,"The four detectors PH ranks highest (Hotelling T 2 176.9 h, Isolation Forest 174.7 h, EWMA 89.1 h, and CUSUM 65.0 h) each have no valid operating point under a 10% false-alarm budget, so their gated l"
S30.013.n01,number,176.9,located,,"The four detectors PH ranks highest (Hotelling T 2 176.9 h, Isolation Forest 174.7 h, EWMA 89.1 h, and CUSUM 65.0 h) each have no valid operating point under a 10% false-alarm budget, so their gated l"
S30.013.n02,number,174.7,located,,"The four detectors PH ranks highest (Hotelling T 2 176.9 h, Isolation Forest 174.7 h, EWMA 89.1 h, and CUSUM 65.0 h) each have no valid operating point under a 10% false-alarm budget, so their gated l"
S30.013.n03,number,89.1,located,,"The four detectors PH ranks highest (Hotelling T 2 176.9 h, Isolation Forest 174.7 h, EWMA 89.1 h, and CUSUM 65.0 h) each have no valid operating point under a 10% false-alarm budget, so their gated l"
S30.013.n04,number,65.0,located,,"The four detectors PH ranks highest (Hotelling T 2 176.9 h, Isolation Forest 174.7 h, EWMA 89.1 h, and CUSUM 65.0 h) each have no valid operating point under a 10% false-alarm budget, so their gated l"
S30.013.n05,number,10%,located,,"The four detectors PH ranks highest (Hotelling T 2 176.9 h, Isolation Forest 174.7 h, EWMA 89.1 h, and CUSUM 65.0 h) each have no valid operating point under a 10% false-alarm budget, so their gated l"
S30.013.n06,number,0,located,,"The four detectors PH ranks highest (Hotelling T 2 176.9 h, Isolation Forest 174.7 h, EWMA 89.1 h, and CUSUM 65.0 h) each have no valid operating point under a 10% false-alarm budget, so their gated l"
S30.014,sentence,,located,,"The detector PH ranks only fourth, 3σ (77.0 h raw), is the one that actually clears the budget (56.3 h of lead at 8.9% pre-onset FAR) and is the correct recommendation; Deep SVDD, ranked last of the s"
S30.014.n01,number,77.0,located,,"The detector PH ranks only fourth, 3σ (77.0 h raw), is the one that actually clears the budget (56.3 h of lead at 8.9% pre-onset FAR) and is the correct recommendation; Deep SVDD, ranked last of the s"
S30.014.n02,number,56.3,located,,"The detector PH ranks only fourth, 3σ (77.0 h raw), is the one that actually clears the budget (56.3 h of lead at 8.9% pre-onset FAR) and is the correct recommendation; Deep SVDD, ranked last of the s"
S30.014.n03,number,8.9%,located,,"The detector PH ranks only fourth, 3σ (77.0 h raw), is the one that actually clears the budget (56.3 h of lead at 8.9% pre-onset FAR) and is the correct recommendation; Deep SVDD, ranked last of the s"
S30.014.n04,number,14.8,located,,"The detector PH ranks only fourth, 3σ (77.0 h raw), is the one that actually clears the budget (56.3 h of lead at 8.9% pre-onset FAR) and is the correct recommendation; Deep SVDD, ranked last of the s"
S30.015,sentence,,located,,"The three deep reconstruction models (omitted from the sweep) would sit above all of these by PH, with raw leads of 183-198 h (Table 2), while alarming through 61-100% of every pre-onset region, i.e."
S30.015.n01,number,183,located,,"The three deep reconstruction models (omitted from the sweep) would sit above all of these by PH, with raw leads of 183-198 h (Table 2), while alarming through 61-100% of every pre-onset region, i.e."
S30.015.n02,number,198,located,,"The three deep reconstruction models (omitted from the sweep) would sit above all of these by PH, with raw leads of 183-198 h (Table 2), while alarming through 61-100% of every pre-onset region, i.e."
S30.015.n03,number,61,located,,"The three deep reconstruction models (omitted from the sweep) would sit above all of these by PH, with raw leads of 183-198 h (Table 2), while alarming through 61-100% of every pre-onset region, i.e."
S30.015.n04,number,100%,located,,"The three deep reconstruction models (omitted from the sweep) would sit above all of these by PH, with raw leads of 183-198 h (Table 2), while alarming through 61-100% of every pre-onset region, i.e."
S30.016,sentence,,located,,L = 0: the most extreme illustration that PH rewards precisely the detectors a false-alarm-budgeted operator must avoid.
S30.016.n01,number,0,located,,L = 0: the most extreme illustration that PH rewards precisely the detectors a false-alarm-budgeted operator must avoid.
S30.017,sentence,,located,,"Any warning-time metric that does not gate on FARpre can be driven to its maximum by loosening the alarm threshold—in the limit, the constant-on detector."
S30.018,sentence,,located,,Our metric closes this by construction; the Saxena PH does not.
S30.019,sentence,,located,,"The distinction is not theoretical: on IMS it changes the recommended detector from the ones PH ranks first by raw lead to 3σ, the only classical chart with a valid operating point at a 10% budget. 6."
S30.019.n01,number,10%,located,,"The distinction is not theoretical: on IMS it changes the recommended detector from the ones PH ranks first by raw lead to 3σ, the only classical chart with a valid operating point at a 10% budget. 6."
S30.019.n02,number,6.12,located,,"The distinction is not theoretical: on IMS it changes the recommended detector from the ones PH ranks first by raw lead to 3σ, the only classical chart with a valid operating point at a 10% budget. 6."
S30.020,sentence,,located,1.00,Minimum Training Data for Deep Anomaly
S31.001,sentence,,located,0.74,A practitioner commissioning condition monitoring at a new asset must decide how much normal run-in history to collect before a deep model can be trusted over a simple control chart.
S31.002,sentence,,located,0.86,"We quantify this on FEMTO—the one dataset where all six bearings are long enough for every detector, including the seq-len-30 deep models, to run on the full n = 6—by sweeping the training fraction T "
S31.002.n01,number,30,located,,"We quantify this on FEMTO—the one dataset where all six bearings are long enough for every detector, including the seq-len-30 deep models, to run on the full n = 6—by sweeping the training fraction T "
S31.002.n02,number,6,located,,"We quantify this on FEMTO—the one dataset where all six bearings are long enough for every detector, including the seq-len-30 deep models, to run on the full n = 6—by sweeping the training fraction T "
S31.002.n03,number,0.20,located,,"We quantify this on FEMTO—the one dataset where all six bearings are long enough for every detector, including the seq-len-30 deep models, to run on the full n = 6—by sweeping the training fraction T "
S31.002.n04,number,0.60,located,,"We quantify this on FEMTO—the one dataset where all six bearings are long enough for every detector, including the seq-len-30 deep models, to run on the full n = 6—by sweeping the training fraction T "
S31.002.n05,number,0.10,located,,"We quantify this on FEMTO—the one dataset where all six bearings are long enough for every detector, including the seq-len-30 deep models, to run on the full n = 6—by sweeping the training fraction T "
S31.002.n06,number,1,located,,"We quantify this on FEMTO—the one dataset where all six bearings are long enough for every detector, including the seq-len-30 deep models, to run on the full n = 6—by sweeping the training fraction T "
S31.002.n07,number,-0.10,located,,"We quantify this on FEMTO—the one dataset where all six bearings are long enough for every detector, including the seq-len-30 deep models, to run on the full n = 6—by sweeping the training fraction T "
S31.003,sentence,,located,,"At T = 0.20 the shortest bearing (Bearing3_1) forms only 20 training windows, fewer than the 30 a sequence requires, so LSTM-AE, TCN-AE and Transformer-AD are recorded there as explicit N/A rather tha"
S31.003.n01,number,0.20,located,,"At T = 0.20 the shortest bearing (Bearing3_1) forms only 20 training windows, fewer than the 30 a sequence requires, so LSTM-AE, TCN-AE and Transformer-AD are recorded there as explicit N/A rather tha"
S31.003.n02,number,20,located,,"At T = 0.20 the shortest bearing (Bearing3_1) forms only 20 training windows, fewer than the 30 a sequence requires, so LSTM-AE, TCN-AE and Transformer-AD are recorded there as explicit N/A rather tha"
S31.003.n03,number,30,located,,"At T = 0.20 the shortest bearing (Bearing3_1) forms only 20 training windows, fewer than the 30 a sequence requires, so LSTM-AE, TCN-AE and Transformer-AD are recorded there as explicit N/A rather tha"
S31.004,sentence,,located,,"Those are the only three N/A cells in the sweep; the remaining 297 of the 300 (detector, bearing, T ) cells are genuine evaluations."
S31.004.n01,number,297,documented,"Part 1 (Eq. 5 validity restatement): 'the other 297 of the 300 cells being genuine evaluations' -> fractions over n=6 bearings, or five at T=0.20 (Bearing2_2 not scoreable)","Those are the only three N/A cells in the sweep; the remaining 297 of the 300 (detector, bearing, T ) cells are genuine evaluations."
S31.004.n02,number,300,located,,"Those are the only three N/A cells in the sweep; the remaining 297 of the 300 (detector, bearing, T ) cells are genuine evaluations."
S31.005,sentence,,located,0.73,Valid-alarm fractions below are computed over the full n = 6 with an N/A counted as no valid alarm—the conservative choice—and the released sweep records the N/A count separately.
S31.005.n01,number,6,located,,Valid-alarm fractions below are computed over the full n = 6 with an N/A counted as no valid alarm—the conservative choice—and the released sweep records the N/A count separately.
S31.006,sentence,,located,,"The result (Figure 6) is unambiguous and, we think, more useful than a crossover point would have been: there is no crossover."
S31.007,sentence,,located,,"The four SPC charts that define the baseline in Figure 6 (3σ, EWMA, CUSUM, Hotelling T 2) are already at or near their best at the smallest training fraction we tested—3σ at 1.00, EWMA and Hotelling T"
S31.007.n01,number,1.00,located,,"The four SPC charts that define the baseline in Figure 6 (3σ, EWMA, CUSUM, Hotelling T 2) are already at or near their best at the smallest training fraction we tested—3σ at 1.00, EWMA and Hotelling T"
S31.007.n02,number,0.667,located,,"The four SPC charts that define the baseline in Figure 6 (3σ, EWMA, CUSUM, Hotelling T 2) are already at or near their best at the smallest training fraction we tested—3σ at 1.00, EWMA and Hotelling T"
S31.007.n03,number,0.500,located,,"The four SPC charts that define the baseline in Figure 6 (3σ, EWMA, CUSUM, Hotelling T 2) are already at or near their best at the smallest training fraction we tested—3σ at 1.00, EWMA and Hotelling T"
S31.007.n04,number,1.00,located,,"The four SPC charts that define the baseline in Figure 6 (3σ, EWMA, CUSUM, Hotelling T 2) are already at or near their best at the smallest training fraction we tested—3σ at 1.00, EWMA and Hotelling T"
S31.007.n05,number,0.20,located,,"The four SPC charts that define the baseline in Figure 6 (3σ, EWMA, CUSUM, Hotelling T 2) are already at or near their best at the smallest training fraction we tested—3σ at 1.00, EWMA and Hotelling T"
S31.007.n06,number,0.833,located,,"The four SPC charts that define the baseline in Figure 6 (3σ, EWMA, CUSUM, Hotelling T 2) are already at or near their best at the smallest training fraction we tested—3σ at 1.00, EWMA and Hotelling T"
S31.007.n07,number,0.30,located,,"The four SPC charts that define the baseline in Figure 6 (3σ, EWMA, CUSUM, Hotelling T 2) are already at or near their best at the smallest training fraction we tested—3σ at 1.00, EWMA and Hotelling T"
S31.007.n08,number,0.667,located,,"The four SPC charts that define the baseline in Figure 6 (3σ, EWMA, CUSUM, Hotelling T 2) are already at or near their best at the smallest training fraction we tested—3σ at 1.00, EWMA and Hotelling T"
S31.007.n09,number,0.40,located,,"The four SPC charts that define the baseline in Figure 6 (3σ, EWMA, CUSUM, Hotelling T 2) are already at or near their best at the smallest training fraction we tested—3σ at 1.00, EWMA and Hotelling T"
S31.007.n10,number,0.667,located,,"The four SPC charts that define the baseline in Figure 6 (3σ, EWMA, CUSUM, Hotelling T 2) are already at or near their best at the smallest training fraction we tested—3σ at 1.00, EWMA and Hotelling T"
S31.007.n11,number,0.500,located,,"The four SPC charts that define the baseline in Figure 6 (3σ, EWMA, CUSUM, Hotelling T 2) are already at or near their best at the smallest training fraction we tested—3σ at 1.00, EWMA and Hotelling T"
S31.007.n12,number,0.667,located,,"The four SPC charts that define the baseline in Figure 6 (3σ, EWMA, CUSUM, Hotelling T 2) are already at or near their best at the smallest training fraction we tested—3σ at 1.00, EWMA and Hotelling T"
S31.007.n13,number,0.500,located,,"The four SPC charts that define the baseline in Figure 6 (3σ, EWMA, CUSUM, Hotelling T 2) are already at or near their best at the smallest training fraction we tested—3σ at 1.00, EWMA and Hotelling T"
S31.007.n14,number,0.667,located,,"The four SPC charts that define the baseline in Figure 6 (3σ, EWMA, CUSUM, Hotelling T 2) are already at or near their best at the smallest training fraction we tested—3σ at 1.00, EWMA and Hotelling T"
S31.007.n15,number,0.50,located,,"The four SPC charts that define the baseline in Figure 6 (3σ, EWMA, CUSUM, Hotelling T 2) are already at or near their best at the smallest training fraction we tested—3σ at 1.00, EWMA and Hotelling T"
S31.008,sentence,,located,,"Isolation Forest starts from the same 0.667 and ends there too, but non-monotonically, dipping to 0.167 at T = 0.30 before recovering."
S31.008.n01,number,0.667,located,,"Isolation Forest starts from the same 0.667 and ends there too, but non-monotonically, dipping to 0.167 at T = 0.30 before recovering."
S31.008.n02,number,0.167,located,,"Isolation Forest starts from the same 0.667 and ends there too, but non-monotonically, dipping to 0.167 at T = 0.30 before recovering."
S31.008.n03,number,0.30,located,,"Isolation Forest starts from the same 0.667 and ends there too, but non-monotonically, dipping to 0.167 at T = 0.30 before recovering."
S31.009,sentence,,located,0.83,"Only the naive RMStrend baseline rises with T , and from a far lower base (0.000 to 0.500)."
S31.009.n01,number,0.000,located,,"Only the naive RMStrend baseline rises with T , and from a far lower base (0.000 to 0.500)."
S31.009.n02,number,0.500,located,,"Only the naive RMStrend baseline rises with T , and from a far lower base (0.000 to 0.500)."
S31.010,sentence,,located,,"This is a consequence of the design rather than a reverse data-hunger effect: the test fraction is 1 - T - 0.10, so the window in which a valid alarm can still fire shrinks as T grows, and on bearings"
S31.010.n01,number,1,located,,"This is a consequence of the design rather than a reverse data-hunger effect: the test fraction is 1 - T - 0.10, so the window in which a valid alarm can still fire shrinks as T grows, and on bearings"
S31.010.n02,number,0.10,located,,"This is a consequence of the design rather than a reverse data-hunger effect: the test fraction is 1 - T - 0.10, so the window in which a valid alarm can still fire shrinks as T grows, and on bearings"
S31.011,sentence,,located,,"The three deep reconstruction models sit far below the charts at every training fraction (LSTM-AE and Transformer-AD 0.000-0.333, TCN-AE 0.000-0.167) and do not close the gap as T grows: more commissi"
S31.011.n01,number,0.000,located,,"The three deep reconstruction models sit far below the charts at every training fraction (LSTM-AE and Transformer-AD 0.000-0.333, TCN-AE 0.000-0.167) and do not close the gap as T grows: more commissi"
S31.011.n02,number,0.333,located,,"The three deep reconstruction models sit far below the charts at every training fraction (LSTM-AE and Transformer-AD 0.000-0.333, TCN-AE 0.000-0.167) and do not close the gap as T grows: more commissi"
S31.011.n03,number,0.000,located,,"The three deep reconstruction models sit far below the charts at every training fraction (LSTM-AE and Transformer-AD 0.000-0.333, TCN-AE 0.000-0.167) and do not close the gap as T grows: more commissi"
S31.011.n04,number,0.167,located,,"The three deep reconstruction models sit far below the charts at every training fraction (LSTM-AE and Transformer-AD 0.000-0.333, TCN-AE 0.000-0.167) and do not close the gap as T grows: more commissi"
S31.012,sentence,,located,,"Deep SVDD produces no valid alarm at any training fraction below T = 0.60 and 0.167 at T = 0.60—one bearing, at the largest training fraction and therefore the shortest test window."
S31.012.n01,number,0.60,located,,"Deep SVDD produces no valid alarm at any training fraction below T = 0.60 and 0.167 at T = 0.60—one bearing, at the largest training fraction and therefore the shortest test window."
S31.012.n02,number,0.167,located,,"Deep SVDD produces no valid alarm at any training fraction below T = 0.60 and 0.167 at T = 0.60—one bearing, at the largest training fraction and therefore the shortest test window."
S31.012.n03,number,0.60,located,,"Deep SVDD produces no valid alarm at any training fraction below T = 0.60 and 0.167 at T = 0.60—one bearing, at the largest training fraction and therefore the shortest test window."
S31.013,sentence,,located,,"The failure mode is the same as on IMS test 1: Deep SVDD fires very late in the run, because its threshold requires substantial encoder-distance growth from the trained center before alarming, so on s"
S31.013.n01,number,1,located,,"The failure mode is the same as on IMS test 1: Deep SVDD fires very late in the run, because its threshold requires substantial encoder-distance growth from the trained center before alarming, so on s"
S31.013.n02,number,1.4,located,,"The failure mode is the same as on IMS test 1: Deep SVDD fires very late in the run, because its threshold requires substantial encoder-distance growth from the trained center before alarming, so on s"
S31.013.n03,number,7.8,located,,"The failure mode is the same as on IMS test 1: Deep SVDD fires very late in the run, because its threshold requires substantial encoder-distance growth from the trained center before alarming, so on s"
S31.013.n04,number,0.60,located,,"The failure mode is the same as on IMS test 1: Deep SVDD fires very late in the run, because its threshold requires substantial encoder-distance growth from the trained center before alarming, so on s"
S31.013.n05,number,0.60,located,,"The failure mode is the same as on IMS test 1: Deep SVDD fires very late in the run, because its threshold requires substantial encoder-distance growth from the trained center before alarming, so on s"
S31.014,sentence,,located,,"This is a bearing-lifetime constraint, not a training-data constraint: the model is not data-starved in the usual sense but structurally unable to alarm early enough on runs this short."
S31.015,sentence,,located-manual,"paraphrased: Sec. 6.12: 'regardless of how much run-in history is available ... a statement about a data regime, not the architectures'","The practical recommendation is therefore narrower than “collect more data”, and narrower than a statement about the model class."
S31.016,sentence,,located,,"On bearings of the lifetimes tested here, control charts should be preferred regardless of how much run-in history is available, because the deep reconstruction models do not overtake them anywhere in"
S31.016.n01,number,0.20,located,,"On bearings of the lifetimes tested here, control charts should be preferred regardless of how much run-in history is available, because the deep reconstruction models do not overtake them anywhere in"
S31.016.n02,number,0.60,located,,"On bearings of the lifetimes tested here, control charts should be preferred regardless of how much run-in history is available, because the deep reconstruction models do not overtake them anywhere in"
S31.017,sentence,,located,,"This is a statement about a data regime, not about the architectures: across bearings and training fractions these runs furnish between 20 and 335 normal training windows, whereas the models carry 2.0"
S31.017.n01,number,20,located,,"This is a statement about a data regime, not about the architectures: across bearings and training fractions these runs furnish between 20 and 335 normal training windows, whereas the models carry 2.0"
S31.017.n02,number,335,located,,"This is a statement about a data regime, not about the architectures: across bearings and training fractions these runs furnish between 20 and 335 normal training windows, whereas the models carry 2.0"
S31.017.n03,number,2.0,located,,"This is a statement about a data regime, not about the architectures: across bearings and training fractions these runs furnish between 20 and 335 normal training windows, whereas the models carry 2.0"
S31.017.n04,number,5.5,located,,"This is a statement about a data regime, not about the architectures: across bearings and training fractions these runs furnish between 20 and 335 normal training windows, whereas the models carry 2.0"
S31.017.n05,number,104,located,,"This is a statement about a data regime, not about the architectures: across bearings and training fractions these runs furnish between 20 and 335 normal training windows, whereas the models carry 2.0"
S31.018,sentence,,located,,"Whether a crossover appears on genuinely long-running assets, where a deep model could see orders of magnitude more normal windows than any bearing here provides, is the central open question."
S31.019,sentence,,located,,"The closest publicly available single-bearing example is the KAIST bearing with a ∼43-hour lifecycle (n = 1, insufficient for inference as noted in Section 8)."
S31.019.n01,number,43,located,,"The closest publicly available single-bearing example is the KAIST bearing with a ∼43-hour lifecycle (n = 1, insufficient for inference as noted in Section 8)."
S31.019.n02,number,1,located,,"The closest publicly available single-bearing example is the KAIST bearing with a ∼43-hour lifecycle (n = 1, insufficient for inference as noted in Section 8)."
S31.020,sentence,,located,,"Research groups with access to multi-run, long-runway industrial historian archives (gas turbines, compressors, paper machines) can apply the released pipeline directly; loader templates for all publi"
S33.001,sentence,,located,,"Four methodological corrections, applied together, change the conclusion of the sampling study."
S33.002,sentence,,located,,"First, a correct failure label for the third IMS test (which had left a fifth of the data after the nominal failure) turns a guaranteed miss into a valid detection."
S33.003,sentence,,located,,"Second, an onset-gated metric that defeats the latch-on exploit prevents a constant-on detector from manufacturing lead time."
S33.004,sentence,,located,,"Third, a p < n, channel-invariant feature space removes the ill-posedness of a channel-countdependent scheme."
S33.005,sentence,,located,,"Fourth, a statistical test on the genuine unit of inference—the run, not the within-run sampling factor—replaces an eyeballed curve and a pseudoreplicated paired test."
S33.006,sentence,,located,,"With all four in place, the original claim that SCADA averaging destroys lead time is refuted on every dataset tested, and the previously-reported significant positive effect is corrected to a consist"
S34.001,sentence,,located,,"The IMS trend has a clean candidate mechanism: binaveraging is a low-pass filter that removes single-window noise spikes, so the variance-sensitive control charts (3σ, EWMA) cross and hold their thres"
S34.002,sentence,,located,,"This is consistent with the largest IMS median shift appearing in the 3σ chart (+15.1 h), although the shift is not consistent in direction across the three runs."
S34.002.n01,number,15.1,located,,"This is consistent with the largest IMS median shift appearing in the 3σ chart (+15.1 h), although the shift is not consistent in direction across the three runs."
S34.003,sentence,,located,,"The IMS trend is reproduced by an ordinary moving-average or Kalman filter on the decimated stream (Appendix D.1), indicating a generic lowpass-smoothing mechanism rather than historian averaging spec"
S34.004,sentence,,located,,"On ONGC the data is already smoothed at the 10 s historian rate, so further aggregation adds little; on XJTU the bearings are short-lived and many fail abruptly, so there is little quiet runway over w"
S34.004.n01,number,10,located,,"On ONGC the data is already smoothed at the 10 s historian rate, so further aggregation adds little; on XJTU the bearings are short-lived and many fail abruptly, so there is little quiet runway over w"
S34.005,sentence,,located,,"The synthesis is therefore not “averaging helps” but bounded non-destruction: across very different regimes, no dataset × detector cell shows decimation superior beyond a ±1 h operational margin (the "
S34.005.n01,number,±1,located,,"The synthesis is therefore not “averaging helps” but bounded non-destruction: across very different regimes, no dataset × detector cell shows decimation superior beyond a ±1 h operational margin (the "
S34.006,sentence,,located,,The single-asset turbine case study.
S34.007,sentence,,located,,"The one real historian record in our study, an ONGC gas-turbine low-pressurecompressor bearing logged at a 10 s SCADA rate and ending in a genuine operator shutdown, has nine of its eleven detectors a"
S34.007.n01,number,10,located,,"The one real historian record in our study, an ONGC gas-turbine low-pressurecompressor bearing logged at a 10 s SCADA rate and ending in a genuine operator shutdown, has nine of its eleven detectors a"
S34.007.n02,number,34,documented,"ONGC corrected to the data (n20_rerun_long_ONGC.csv, factor 1): '34-35 h' became '30-35 h (seven within 34.9-35.3 h, CUSUM 33.9, Hotelling 30.4)'","The one real historian record in our study, an ONGC gas-turbine low-pressurecompressor bearing logged at a 10 s SCADA rate and ending in a genuine operator shutdown, has nine of its eleven detectors a"
S34.007.n03,number,35,located,,"The one real historian record in our study, an ONGC gas-turbine low-pressurecompressor bearing logged at a 10 s SCADA rate and ending in a genuine operator shutdown, has nine of its eleven detectors a"
S34.007.n04,number,23,located,,"The one real historian record in our study, an ONGC gas-turbine low-pressurecompressor bearing logged at a 10 s SCADA rate and ending in a genuine operator shutdown, has nine of its eleven detectors a"
S34.008,sentence,,located,,Because it is a single asset (n = 1) we draw no inference from it and exclude it from the inferential family; we report it in full as a case study in Appendix D.2.
S34.008.n01,number,1,located,,Because it is a single asset (n = 1) we draw no inference from it and exclude it from the inferential family; we report it in full as a case study in Appendix D.2.
S34.009,sentence,,located,0.67,"It is nonetheless the cleanest illustration of the practical question, using no simulated coarsening, and is consistent with it."
S35.001,sentence,,located,,"Bin-averaging by a factor f is a length-f moving-average filter followed by downsampling: an anti-alias filter, then decimation."
S35.002,sentence,,located,1.00,Plain decimation is the same downsampling with the filter omitted.
S35.003,sentence,,located,,"The prognostic content of the health statistic evolves on the degradation timescale—hours—far below the post-coarsening Nyquist rate even at f = 20, while measurement noise in the same series is broad"
S35.003.n01,number,20,located,,"The prognostic content of the health statistic evolves on the degradation timescale—hours—far below the post-coarsening Nyquist rate even at f = 20, while measurement noise in the same series is broad"
S35.004,sentence,,located,,"Decimation therefore folds out-of-band noise into the low-frequency band occupied by the degradation trend, raising the variance of the health statistic without changing its mean; aggregation attenuat"
S35.005,sentence,,located,1.00,"For a detector that alarms when the statistic crosses µb + kσb, a lower noise variance means the threshold is crossed earlier and held more persistently."
S35.006,sentence,,located,,"The prediction that follows is about noise, not about detectors: the advantage of aggregation should grow as the noise floor rises."
S35.007,sentence,,located,,"Appendix D.1 tests this directly (Table 21), and the advantage rises monotonically as injected noise increases, from -0.35 h at the native noise level to +6.60 h at 10 dB, and is recovered by applying"
S35.007.n01,number,-0.35,located,,"Appendix D.1 tests this directly (Table 21), and the advantage rises monotonically as injected noise increases, from -0.35 h at the native noise level to +6.60 h at 10 dB, and is recovered by applying"
S35.007.n02,number,6.60,located,,"Appendix D.1 tests this directly (Table 21), and the advantage rises monotonically as injected noise increases, from -0.35 h at the native noise level to +6.60 h at 10 dB, and is recovered by applying"
S35.007.n03,number,10,located,,"Appendix D.1 tests this directly (Table 21), and the advantage rises monotonically as injected noise increases, from -0.35 h at the native noise level to +6.60 h at 10 dB, and is recovered by applying"
S35.008,sentence,,located,1.00,"The feature space degrades unevenly under aggregation, for a structural reason."
S35.009,sentence,,located,1.00,"Each channel-aggregated series is summarised over the rolling window by its mean, standard deviation, maximum and linear-trend slope."
S35.010,sentence,,located,,"The mean and the slope are linear functionals of the underlying series, so block-averaging them commutes with the summary up to the weighting induced by the 50% window overlap; the standard deviation,"
S35.010.n01,number,50%,located,,"The mean and the slope are linear functionals of the underlying series, so block-averaging them commutes with the summary up to the weighting induced by the 50% window overlap; the standard deviation,"
S35.011,sentence,,located,1.00,Aggregation therefore preserves the amplitude and trend descriptors more faithfully than the dispersion and extremal ones.
S35.012,sentence,,located,,We claim no conservation result.
S35.013,sentence,,located,1.00,"The detectors monitor a scalar collapse of the full standardised feature vector rather than any individual statistic, and the window overlap makes even the linear summaries a non-uniformly weighted av"
S35.014,sentence,,located,,The argument states which descriptors degrade gracefully under aggregation and why the effect should track the noise floor; it does not predict the magnitude of the effect for any particular detector.
S36.001,sentence,,located,,For practitioners the message is reassuring and actionable.
S36.002,sentence,,located,,"Storing bin-averaged vibration at SCADA rates, the default behavior of most historians, does not inherently sacrifice bearing-fault warning time relative to keeping decimated raw samples, and may even"
S36.003,sentence,,located,,"The conformal results add a usable, distribution-free false-alarm guarantee wherever the normal region is genuinely stationary, and the trade-off curve turns the gated metric into an operating-point s"
S36.004,sentence,,located,,"The ablations caution that more features are not better under a false-alarm budget: time-domain amplitude and impulsiveness statistics carry the usable signal on IMS, and spectral features must be adm"
S36.005,sentence,,located,0.90,"Operators whose cost structure penalizes false alarms heavily (for instance, process plants where each alarm triggers a mandatory manual inspection) have a complementary operating point available."
S36.006,sentence,,located,,"Deep SVDD consistently stays within budget at ≤ 0.6% pre-onset FAR across the swept threshold levels on IMS (Table 13), achieving 14.8 h of advance warning with near-zero false alarms."
S36.006.n01,number,0.6%,located,,"Deep SVDD consistently stays within budget at ≤ 0.6% pre-onset FAR across the swept threshold levels on IMS (Table 13), achieving 14.8 h of advance warning with near-zero false alarms."
S36.006.n02,number,14.8,located,,"Deep SVDD consistently stays within budget at ≤ 0.6% pre-onset FAR across the swept threshold levels on IMS (Table 13), achieving 14.8 h of advance warning with near-zero false alarms."
S36.007,sentence,,located,0.64,"Where 3σ maximizes warning time within the 10% budget, Deep SVDD minimizes nuisance alarms for operators requiring near-zero tolerance."
S36.007.n01,number,10%,located,,"Where 3σ maximizes warning time within the 10% budget, Deep SVDD minimizes nuisance alarms for operators requiring near-zero tolerance."
S36.008,sentence,,located,0.89,"Neither should be used on IMS test 1, which the conformal machinery flags as uncalibrated (Table 11)."
S36.008.n01,number,1,located,,"Neither should be used on IMS test 1, which the conformal machinery flags as uncalibrated (Table 11)."
S37.001,sentence,,located-manual,signposting removed: -,"We state the limits of the evidence plainly, grouped by the kind of validity each concern bears on."
S37.002,sentence,,located,1.00,External validity (generalization).
S37.003,sentence,,located,,"The IMS “aggregation helps” tendency is a positive-median but non-significant trend, sign-consistent only for CUSUM and Hotelling T 2 (n = 3; Table 7) and does not replicate on the larger XJTU or FEMT"
S37.003.n01,number,3,located,,"The IMS “aggregation helps” tendency is a positive-median but non-significant trend, sign-consistent only for CUSUM and Hotelling T 2 (n = 3; Table 7) and does not replicate on the larger XJTU or FEMT"
S37.004,sentence,,located,,"ONGC is a single asset (n = 1), reported as a descriptive case study with no inference (Table 23)."
S37.004.n01,number,1,located,,"ONGC is a single asset (n = 1), reported as a descriptive case study with no inference (Table 23)."
S37.005,sentence,,located,,"The datasets, while deliberately diverse, are all rolling-element bearings; we do not claim the result transfers to gearboxes, blades, or other failure modes without further testing."
S37.006,sentence,,located,,A structural asymmetry limits what the cross-dataset null can establish.
S37.007,sentence,,located,,"The three campaigns that supply statistical power—XJTU-SY, FEMTO/PRONOSTIA and University of Ferrara—comprise bearings whose total lifetimes span roughly 0.7 to 8.9 h, so an aggregation effect of the "
S37.007.n01,number,0.7,located,,"The three campaigns that supply statistical power—XJTU-SY, FEMTO/PRONOSTIA and University of Ferrara—comprise bearings whose total lifetimes span roughly 0.7 to 8.9 h, so an aggregation effect of the "
S37.007.n02,number,8.9,located,,"The three campaigns that supply statistical power—XJTU-SY, FEMTO/PRONOSTIA and University of Ferrara—comprise bearings whose total lifetimes span roughly 0.7 to 8.9 h, so an aggregation effect of the "
S37.007.n03,number,15.1,located,,"The three campaigns that supply statistical power—XJTU-SY, FEMTO/PRONOSTIA and University of Ferrara—comprise bearings whose total lifetimes span roughly 0.7 to 8.9 h, so an aggregation effect of the "
S37.008,sentence,,located,,"The null on these campaigns therefore bounds the effect at the scale of minutes, which is what our equivalence margin reflects, rather than bounding it at the scale of the IMS result."
S37.009,sentence,,located,,"Conversely, the only dataset whose runway is long enough to express such an effect has n = 3 and cannot reach significance at any margin."
S37.009.n01,number,3,located,,"Conversely, the only dataset whose runway is long enough to express such an effect has n = 3 and cannot reach significance at any margin."
S37.010,sentence,,located,,"We therefore claim non-destruction at short bearing lifetimes, where the evidence is strong, and consistency with—not demonstration of—non-destruction at the multi-week lifetimes typical of industrial"
S37.011,sentence,,located,,Residual gaming surfaces of the metric.
S37.012,sentence,,located,,"We claim the metric defeats the specific latch-on (constant-on) exploit, not that it is unconditionally ungameable, and we name two surfaces we do not close."
S37.013,sentence,,located,0.75,"(a) A detector could in principle align its alarm threshold to fire just after the onset time t+o ; because our onset is computed only from training-region statistics, this cannot use test-region info"
S37.014,sentence,,located,1.00,"(b) The onset health indicator shares its RMS/kurtosis basis with several of the detectors’ own features, so onset and detection are not fully independent—a circularity that could, in principle, favor"
S37.015,sentence,,located,,We acknowledge both rather than claim to have eliminated them; closing them (e.g. an onset signal disjoint from the detector features) is future work.
S37.016,sentence,,located,1.00,Construct validity (does the metric measure warning time?).
S37.017,sentence,,located,,"The onset definition, although leakage-free and stable to its threshold multiplier across k ∈ {3, 4, 5} (Table 3), is not the ground-truth defect-initiation time, which is unobservable in these datase"
S37.017.n01,number,3,located,,"The onset definition, although leakage-free and stable to its threshold multiplier across k ∈ {3, 4, 5} (Table 3), is not the ground-truth defect-initiation time, which is unobservable in these datase"
S37.017.n02,number,4,located,,"The onset definition, although leakage-free and stable to its threshold multiplier across k ∈ {3, 4, 5} (Table 3), is not the ground-truth defect-initiation time, which is unobservable in these datase"
S37.017.n03,number,5,located,,"The onset definition, although leakage-free and stable to its threshold multiplier across k ∈ {3, 4, 5} (Table 3), is not the ground-truth defect-initiation time, which is unobservable in these datase"
S37.018,sentence,,located,,"A late onset—as on IMS test 1, where degradation and failure are nearly coincident—inflates the pre-onset region, can mark a genuine early detection invalid, and breaks the conformal exchangeability a"
S37.018.n01,number,1,located,,"A late onset—as on IMS test 1, where degradation and failure are nearly coincident—inflates the pre-onset region, can mark a genuine early detection invalid, and breaks the conformal exchangeability a"
S37.019,sentence,,located,,"The per-bearing XJTU breakdown (Table 9) shows the same effect: bearings whose physics provides essentially no warning runway score zero valid alarms regardless of detector, which is correct behavior "
S37.020,sentence,,located,1.00,Internal validity (is the comparison fair?).
S37.021,sentence,,located,,"We use a single fixed hyperparameter protocol throughout to avoid optimistic per-condition tuning, and we expose threshold sensitivity through the full trade-off sweep (Table 13) rather than reporting"
S37.022,sentence,,located,,The controlled sampling sweep holds window content and persistence constant so that the aggregate-vs-decimate contrast isolates information loss; the few-windows regime at the largest coarsening facto
S37.023,sentence,,located,,Stochastic detectors inject their seed explicitly so results are bit-reproducible.
S37.024,sentence,,located-manual,"paraphrased: Sec. 8 statistical-conclusion validity: 'we resample runs, the unit of generalization, not seeds'; Sec. 4.9 'resampling seeds would understate uncertainty'","Confidence intervals are wide on IMS (n = 3); we resample runs, the genuine unit of gen- eralization, rather than seeds, which would understate uncer- tainty."
S37.024.n01,number,3,located,,"Confidence intervals are wide on IMS (n = 3); we resample runs, the genuine unit of gen- eralization, rather than seeds, which would understate uncer- tainty."
S37.025,sentence,,located,,"Crucially, the five sampling factors applied within a run are pseudoreplicates of one degradation trajectory, not in- dependent observations: an earlier pooled 15-pair Wilcoxon test treated them as in"
S37.025.n01,number,15,located,,"Crucially, the five sampling factors applied within a run are pseudoreplicates of one degradation trajectory, not in- dependent observations: an earlier pooled 15-pair Wilcoxon test treated them as in"
S37.026,sentence,,located,,"We collapse to one difference per run and apply an exact sign test, which at n = 3 cannot fall below p = 0.25; after Holm correction across the forty-four-test family nothing is significant (Table 8)."
S37.026.n01,number,3,located,,"We collapse to one difference per run and apply an exact sign test, which at n = 3 cannot fall below p = 0.25; after Holm correction across the forty-four-test family nothing is significant (Table 8)."
S37.026.n02,number,0.25,located,,"We collapse to one difference per run and apply an exact sign test, which at n = 3 cannot fall below p = 0.25; after Holm correction across the forty-four-test family nothing is significant (Table 8)."
S37.027,sentence,,located,0.67,"The IMS result is therefore a directional trend to be read together with the XJTU and FEMTO nulls, never as a significant effect."
S37.028,sentence,,located,,"A parametric mixed-effects model is not used: with three random-effect levels it would be over-fit, and the assumption-light sign test is the defensible choice at this sample size."
S37.029,sentence,,located,,The minimum- dataset requirement follows directly from the test itself: the exact sign test we use cannot reach significance until at least six runs are sign-concordant (2( 1 2 )6 = 0.031).
S37.029.n01,number,2,located,,The minimum- dataset requirement follows directly from the test itself: the exact sign test we use cannot reach significance until at least six runs are sign-concordant (2( 1 2 )6 = 0.031).
S37.029.n02,number,1,located,,The minimum- dataset requirement follows directly from the test itself: the exact sign test we use cannot reach significance until at least six runs are sign-concordant (2( 1 2 )6 = 0.031).
S37.029.n03,number,2,located,,The minimum- dataset requirement follows directly from the test itself: the exact sign test we use cannot reach significance until at least six runs are sign-concordant (2( 1 2 )6 = 0.031).
S37.029.n04,number,6,located,,The minimum- dataset requirement follows directly from the test itself: the exact sign test we use cannot reach significance until at least six runs are sign-concordant (2( 1 2 )6 = 0.031).
S37.029.n05,number,0.031,located,,The minimum- dataset requirement follows directly from the test itself: the exact sign test we use cannot reach significance until at least six runs are sign-concordant (2( 1 2 )6 = 0.031).
S37.030,sentence,,located,,"The three IMS runs are thus at least a factor of two short of the sample size a significance claim would require—the quantitative content of the “long-runway, many-bearing campaign” the future work ca"
S37.031,sentence,,located,,"Long-runway bearing datasets with multiple runs are rare in the public domain; the closest available single- bearing example is a KAIST bearing with a ∼43-hour lifecy- cle (n = 1, insufficient for inf"
S37.031.n01,number,43,located,,"Long-runway bearing datasets with multiple runs are rare in the public domain; the closest available single- bearing example is a KAIST bearing with a ∼43-hour lifecy- cle (n = 1, insufficient for inf"
S37.031.n02,number,1,located,,"Long-runway bearing datasets with multiple runs are rare in the public domain; the closest available single- bearing example is a KAIST bearing with a ∼43-hour lifecy- cle (n = 1, insufficient for inf"
S37.032,sentence,,located,,"Research groups with access to long-running industrial historian archives—gas tur- bines, compressors, paper machines—can directly apply our released pipeline to test this hypothesis; we provide loade"
S37.033,sentence,,located,,Limited external benchmarking.
S37.034,sentence,,located,,We do not benchmark the gated lead-time metric against the RUL-estimation literature.
S37.035,sentence,,located,,"The comparison is not straightforward—RUL methods predict a remaining-life quantity and are scored by prediction error, whereas our metric scores when an alarm fires against a false-alarm budget—but t"
S37.036,sentence,,located,,"Two extensions would sharpen these conclusions most directly: run-to-failure campaigns on long-life bearings of the kind typical in industrial service, where the multi-week runway could express an agg"
S38.001,sentence,,located,,"We presented a lead-time-centric evaluation protocol for bearing anomaly detection, one that defeats the latch-on exploit through an onset-gated, false-alarm-budgeted metric, and used it to test wheth"
S38.002,sentence,,located,,"Across four inferential run-to-failure datasets (XJTU-SY n = 10, FEMTO/PRONOSTIA n = 6, University of Ferrara n = 6, and NASA IMS n = 3) together with a real single-asset turbine SCADA case study (App"
S38.002.n01,number,10,located,,"Across four inferential run-to-failure datasets (XJTU-SY n = 10, FEMTO/PRONOSTIA n = 6, University of Ferrara n = 6, and NASA IMS n = 3) together with a real single-asset turbine SCADA case study (App"
S38.002.n02,number,6,located,,"Across four inferential run-to-failure datasets (XJTU-SY n = 10, FEMTO/PRONOSTIA n = 6, University of Ferrara n = 6, and NASA IMS n = 3) together with a real single-asset turbine SCADA case study (App"
S38.002.n03,number,6,located,,"Across four inferential run-to-failure datasets (XJTU-SY n = 10, FEMTO/PRONOSTIA n = 6, University of Ferrara n = 6, and NASA IMS n = 3) together with a real single-asset turbine SCADA case study (App"
S38.002.n04,number,3,located,,"Across four inferential run-to-failure datasets (XJTU-SY n = 10, FEMTO/PRONOSTIA n = 6, University of Ferrara n = 6, and NASA IMS n = 3) together with a real single-asset turbine SCADA case study (App"
S38.002.n05,number,3,located,,"Across four inferential run-to-failure datasets (XJTU-SY n = 10, FEMTO/PRONOSTIA n = 6, University of Ferrara n = 6, and NASA IMS n = 3) together with a real single-asset turbine SCADA case study (App"
S38.002.n06,number,44,located,,"Across four inferential run-to-failure datasets (XJTU-SY n = 10, FEMTO/PRONOSTIA n = 6, University of Ferrara n = 6, and NASA IMS n = 3) together with a real single-asset turbine SCADA case study (App"
S38.003,sentence,,located,,No dataset × detector cell shows decimation superior beyond a ±1 h operational margin (the cells that favour decimation at all do so by less than that margin) (Section 6.4).
S38.003.n01,number,±1,located,,No dataset × detector cell shows decimation superior beyond a ±1 h operational margin (the cells that favour decimation at all do so by less than that margin) (Section 6.4).
S38.004,sentence,,located,,"That null is bounded by the scale of the evidence: the three campaigns supplying the statistical power comprise bearings of 0.7-8.9 h total life, on which an aggregation effect of the magnitude seen o"
S38.004.n01,number,0.7,located,,"That null is bounded by the scale of the evidence: the three campaigns supplying the statistical power comprise bearings of 0.7-8.9 h total life, on which an aggregation effect of the magnitude seen o"
S38.004.n02,number,8.9,located,,"That null is bounded by the scale of the evidence: the three campaigns supplying the statistical power comprise bearings of 0.7-8.9 h total life, on which an aggregation effect of the magnitude seen o"
S38.005,sentence,,located,,"On the short-lived bearings tested, the deep reconstruction models do not overtake the control charts at any training fraction in [0.20, 0.60]; whether a crossover exists on long-runway assets is left"
S38.005.n01,number,0.20,located,,"On the short-lived bearings tested, the deep reconstruction models do not overtake the control charts at any training fraction in [0.20, 0.60]; whether a crossover exists on long-runway assets is left"
S38.005.n02,number,0.60,located,,"On the short-lived bearings tested, the deep reconstruction models do not overtake the control charts at any training fraction in [0.20, 0.60]; whether a crossover exists on long-runway assets is left"
S38.006,sentence,,located,,"The contribution is a reproducible methodology and a counter-intuitive empirical result: nondestruction, not a guaranteed positive effect."
S38.007,sentence,,located,,"Future work will learn the degradation onset jointly with the detector so that the metric’s anchor is independent of a hand-set health indicator (closing the circularity noted in Section 8), and exten"
S38.008,sentence,,located,,"We release the full harness, detectors, tests, and the exact tables and figures of this paper to support replication and extension."
S39.001,sentence,,located,,The author thanks the operators and data engineers at ONGC who collected and maintained the gas-turbine SCADA record used in the single-asset case study.
S39.002,sentence,,located,0.93,"The NASA/IMS, XJTU- SY, FEMTO/PRONOSTIA, and University of Ferrara runto-failure datasets are publicly released by their respective providers and are gratefully acknowledged."
S39.003,sentence,,located,1.00,All experiments were conducted on personal computing resources; no external funding was received for this work.
S40.001,sentence,,located,,"All code—detectors, the leakage-free onset, the gated metric, the sampling sweep, the conformal wrapper, the run-level statistical harness, and the noise/denoiser mechanism test—is released with a pin"
S40.001.n01,number,3.13,located,,"All code—detectors, the leakage-free onset, the gated metric, the sampling sweep, the conformal wrapper, the run-level statistical harness, and the noise/denoiser mechanism test—is released with a pin"
S40.002,sentence,,located,,Every table and figure in this paper is generated directly from the result files released in the repository under results/tables/; no number is hand-edited. results/tables/MANIFEST.md maps each table 
S40.003,sentence,,located,,"Where a result exists in more than one arm (the pre-D-2 legacy feature schema, or the pre-N-20 rerun), the superseded arm has been moved to results/tables/superseded/ with a note on why, so a replicat"
S40.003.n01,number,2,located,,"Where a result exists in more than one arm (the pre-D-2 legacy feature schema, or the pre-N-20 rerun), the superseded arm has been moved to results/tables/superseded/ with a note on why, so a replicat"
S40.003.n02,number,20,located,,"Where a result exists in more than one arm (the pre-D-2 legacy feature schema, or the pre-N-20 rerun), the superseded arm has been moved to results/tables/superseded/ with a note on why, so a replicat"
S40.004,sentence,,located,,Repository: https://github.com/ Ansh-Goyal01/Scada-Leadtime-Benchmark.
S40.005,sentence,,located,,A versioned snapshot is archived on Zenodo at the concept DOI https://doi.org/10.5281/zenodo.20719076.
S40.005.n01,number,10.5281,located,,A versioned snapshot is archived on Zenodo at the concept DOI https://doi.org/10.5281/zenodo.20719076.
S40.006,sentence,,located,,"The IMS (NASA), XJTU-SY, and FEMTO/PRONOSTIA run-to-failure datasets are publicly available from their original providers; the repository ships the loaders and the derived per-bearing feature caches f"
S40.007,sentence,,located,,The ONGC gas-turbine SCADA record is proprietary and covered by a non-disclosure agreement.
S40.008,sentence,,located,,"Withheld, and not redistributable: the raw vibration waveforms, the channel-level measurements from which the features are built, and all asset identifiers."
S40.009,sentence,,located,,"Released, so that the n = 1 case study can be repeated rather than merely inspected, are the derived files behind every ONGC number in this paper (all paths relative to results/tables/): the degradati"
S40.009.n01,number,03:44,located-manual,"date '2023-11-13 03:44' present intact in Data Availability; the Phase 0 PDF split it across a line, so its fragments were inventoried as numbers","Released, so that the n = 1 case study can be repeated rather than merely inspected, are the derived files behind every ONGC number in this paper (all paths relative to results/tables/): the degradati"
S40.009.n02,number,1,located,,"Released, so that the n = 1 case study can be repeated rather than merely inspected, are the derived files behind every ONGC number in this paper (all paths relative to results/tables/): the degradati"
S40.009.n03,number,10,located,,"Released, so that the n = 1 case study can be repeated rather than merely inspected, are the derived files behind every ONGC number in this paper (all paths relative to results/tables/): the degradati"
S40.009.n04,number,2023,located,,"Released, so that the n = 1 case study can be repeated rather than merely inspected, are the derived files behind every ONGC number in this paper (all paths relative to results/tables/): the degradati"
S40.009.n05,number,1113,located-manual,"fragment '11-13' of the same date, present intact (see S40.009.n01)","Released, so that the n = 1 case study can be repeated rather than merely inspected, are the derived files behind every ONGC number in this paper (all paths relative to results/tables/): the degradati"
S40.009.n06,number,20,located,,"Released, so that the n = 1 case study can be repeated rather than merely inspected, are the derived files behind every ONGC number in this paper (all paths relative to results/tables/): the degradati"
S40.009.n07,number,110,located,,"Released, so that the n = 1 case study can be repeated rather than merely inspected, are the derived files behind every ONGC number in this paper (all paths relative to results/tables/): the degradati"
S40.009.n08,number,20,located,,"Released, so that the n = 1 case study can be repeated rather than merely inspected, are the derived files behind every ONGC number in this paper (all paths relative to results/tables/): the degradati"
S40.009.n09,number,20,located,,"Released, so that the n = 1 case study can be repeated rather than merely inspected, are the derived files behind every ONGC number in this paper (all paths relative to results/tables/): the degradati"
S40.010,sentence,,located,1.00,"The health indicator is an aggregate from which the four per-channel measurements cannot be recovered, and being baseline-standardized it discloses no absolute vibration amplitude."
S40.011,sentence,,located,,"No inferential claim in this paper depends on ONGC: it is a single asset, reported descriptively, excluded from every run-level significance test and from the 33-cell cross-dataset equivalence result,"
S40.011.n01,number,33,located,,"No inferential claim in this paper depends on ONGC: it is a single asset, reported descriptively, excluded from every run-level significance test and from the 33-cell cross-dataset equivalence result,"
S42.001,sentence,,located,0.80,"Table 16 lists the fixed hyperparameters used throughout, taken verbatim from the released config.py."
S42.002,sentence,,located,,"Table 18 gives the architectures and training protocol of the four deep models, transcribed from the same source, with trainable parameter counts measured at the 49-dimensional invariant feature width"
S42.002.n01,number,49,located,,"Table 18 gives the architectures and training protocol of the four deep models, transcribed from the same source, with trainable parameter counts measured at the 49-dimensional invariant feature width"
S42.003,sentence,,located,,"A single protocol is applied to every detector, dataset, run, and sampling factor—no per-condition tuning."
S42.004,sentence,,located,0.88,"Table 17 reports the wall-clock training and per-window inference cost of each detector on the largest IMS run (Xtrain = 631, Xtest = 506 windows, single CPU core, median of five repeats)."
S42.004.n01,number,631,located,,"Table 17 reports the wall-clock training and per-window inference cost of each detector on the largest IMS run (Xtrain = 631, Xtest = 506 windows, single CPU core, median of five repeats)."
S42.004.n02,number,506,located,,"Table 17 reports the wall-clock training and per-window inference cost of each detector on the largest IMS run (Xtrain = 631, Xtest = 506 windows, single CPU core, median of five repeats)."
S42.005,sentence,,located,,"Training is a one-off offline step; inference is negligible for every detector—at most ∼0.5 ms per window (LSTM-AE), more than four orders of magnitude below the fastest historian polling interval in "
S42.005.n01,number,0.5,located,,"Training is a one-off offline step; inference is negligible for every detector—at most ∼0.5 ms per window (LSTM-AE), more than four orders of magnitude below the fastest historian polling interval in "
S42.005.n02,number,10,located,,"Training is a one-off offline step; inference is negligible for every detector—at most ∼0.5 ms per window (LSTM-AE), more than four orders of magnitude below the fastest historian polling interval in "
S42.006,sentence,,located,,Streaming condition monitoring at native SCADA rates is therefore not compute-bound for any of the eleven evaluated
S43.001,sentence,,located,0.86,Each snapshot’s raw waveform yields six per-channel timedomain statistics (Table 19).
S43.002,sentence,,located,,"Each family is made channelcount-invariant by aggregating across the physical channels with the channel mean and the channel max, and each aggregated series is summarised over the rolling window (10 s"
S43.002.n01,number,10,located,,"Each family is made channelcount-invariant by aggregating across the physical channels with the channel mean and the channel max, and each aggregated series is summarised over the rolling window (10 s"
S43.002.n02,number,50%,located,,"Each family is made channelcount-invariant by aggregating across the physical channels with the channel mean and the channel max, and each aggregated series is summarised over the rolling window (10 s"
S43.002.n03,number,6,located,,"Each family is made channelcount-invariant by aggregating across the physical channels with the channel mean and the channel max, and each aggregated series is summarised over the rolling window (10 s"
S43.002.n04,number,2,located,,"Each family is made channelcount-invariant by aggregating across the physical channels with the channel mean and the channel max, and each aggregated series is summarised over the rolling window (10 s"
S43.002.n05,number,4,located,,"Each family is made channelcount-invariant by aggregating across the physical channels with the channel mean and the channel max, and each aggregated series is summarised over the rolling window (10 s"
S43.002.n06,number,48,located,,"Each family is made channelcount-invariant by aggregating across the physical channels with the channel mean and the channel max, and each aggregated series is summarised over the rolling window (10 s"
S43.002.n07,number,49,located,,"Each family is made channelcount-invariant by aggregating across the physical channels with the channel mean and the channel max, and each aggregated series is summarised over the rolling window (10 s"
S43.003,sentence,,located,,"A train-fit variance top-k selection (k ≤ 50) keeps p < n, and every statistic is fit on the training split only, so no test-region information leaks into the features."
S43.003.n01,number,50,located,,"A train-fit variance top-k selection (k ≤ 50) keeps p < n, and every statistic is fit on the training split only, so no test-region information leaks into the features."
S43.004,sentence,,located,0.86,Feature naming and the exact construction are in the released code (Appendix A).
S44.001,sentence,,located,,"A subtlety we correct here is the failure-label of the third test: an earlier label placed failure on 2004-04-08, leaving 21.5% of the recorded data after the nominal “failure”—impossible for a run-to"
S44.001.n01,number,2004-04-08,located,,"A subtlety we correct here is the failure-label of the third test: an earlier label placed failure on 2004-04-08, leaving 21.5% of the recorded data after the nominal “failure”—impossible for a run-to"
S44.001.n02,number,21.5%,located,,"A subtlety we correct here is the failure-label of the third test: an earlier label placed failure on 2004-04-08, leaving 21.5% of the recorded data after the nominal “failure”—impossible for a run-to"
S44.001.n03,number,100%,located,,"A subtlety we correct here is the failure-label of the third test: an earlier label placed failure on 2004-04-08, leaving 21.5% of the recorded data after the nominal “failure”—impossible for a run-to"
S44.002,sentence,,located,,"We relabel it to the last recorded sample (2004-04-18 02:42), at which the mean-RMS health indicator has ramped from its flat baseline (∼0.068) to ∼0.228 before the final machine-off reading— within t"
S44.002.n01,number,2004-04-18 02:42,located,,"We relabel it to the last recorded sample (2004-04-18 02:42), at which the mean-RMS health indicator has ramped from its flat baseline (∼0.068) to ∼0.228 before the final machine-off reading— within t"
S44.002.n02,number,0.068,located,,"We relabel it to the last recorded sample (2004-04-18 02:42), at which the mean-RMS health indicator has ramped from its flat baseline (∼0.068) to ∼0.228 before the final machine-off reading— within t"
S44.002.n03,number,0.228,located,,"We relabel it to the last recorded sample (2004-04-18 02:42), at which the mean-RMS health indicator has ramped from its flat baseline (∼0.068) to ∼0.228 before the final machine-off reading— within t"
S44.002.n04,number,4,located,,"We relabel it to the last recorded sample (2004-04-18 02:42), at which the mean-RMS health indicator has ramped from its flat baseline (∼0.068) to ∼0.228 before the final machine-off reading— within t"
S44.003,sentence,,located,,"The relabeling therefore moves the third test in the direction of harder, not easier, detection: a previously guaranteed 100% miss becomes an evaluable run, and because the aggregatevs-decimate contra"
S44.003.n01,number,100%,located,,"The relabeling therefore moves the third test in the direction of harder, not easier, detection: a previously guaranteed 100% miss becomes an evaluable run, and because the aggregatevs-decimate contra"
S44.004,sentence,,located,,"We present this as an author relabeling based on the health-indicator trajectory, not an independently verified ground truth: we are not aware of a published benchmark that corrects this label, so we "
S44.005,sentence,,located-manual,paraphrased: App. C P1: 'It affects only the single hardest run and is not a tuning choice'; contrast computed within each run,"It is nonetheless not a tuning choice: it only affects the single hardest run, and it makes that run pass rather than improving any aggregate-vs-decimate contrast (the contrast is computed within each"
S44.006,sentence,,located,1.00,It is the labeling we use throughout.
S44.007,sentence,,located,,"The relabeling made our own claim harder to support, not easier."
S44.008,sentence,,located,,"Because a reader may reasonably ask whether the label was chosen for the result it produces, we re-ran the entire IMS sweep under the original 2004-04-08 label and report both arms side by side (Table"
S44.008.n01,number,2004-04-08,located,,"Because a reader may reasonably ask whether the label was chosen for the result it produces, we re-ran the entire IMS sweep under the original 2004-04-08 label and report both arms side by side (Table"
S44.009,sentence,,located,0.67,The decisive case is the 3σ chart.
S44.010,sentence,,located,,"Under the original label the third test is a guaranteed miss, so its aggregate and decimate lead times are both zero and the run’s collapsed difference is exactly 0.00 h; Section 4.9’s zero-difference"
S44.010.n01,number,0.00,located,,"Under the original label the third test is a guaranteed miss, so its aggregate and decimate lead times are both zero and the run’s collapsed difference is exactly 0.00 h; Section 4.9’s zero-difference"
S44.011,sentence,,located,,An earlier version of this work claimed that in no run does aggregation shorten the lead time of the magnitudemonitoring detectors.
S44.012,sentence,,located,1.00,That claim would have been true under the original label.
S44.013,sentence,,located,,"It is false only under the corrected one, where the third test contributes -1.00 h, and we have withdrawn it accordingly."
S44.013.n01,number,-1.00,located,,"It is false only under the corrected one, where the third test contributes -1.00 h, and we have withdrawn it accordingly."
S44.014,sentence,,located,0.92,"The relabeling therefore moved the evidence against the paper’s own claim rather than in its favor, which is the opposite of what a result-motivated relabeling would do."
S44.015,sentence,,located,1.00,The relabeling is also narrower than one might expect.
S44.016,sentence,,located,,"Under the original label the third test is a guaranteed miss for six of the ten detectors, not for all ten: 3σ, CUSUM, EWMA, Isolation Forest, Deep SVDD, and RMS-trend all score L = 0 in both modes."
S44.016.n01,number,0,located,,"Under the original label the third test is a guaranteed miss for six of the ten detectors, not for all ten: 3σ, CUSUM, EWMA, Isolation Forest, Deep SVDD, and RMS-trend all score L = 0 in both modes."
S44.017,sentence,,located,,"The remaining four—Hotelling T 2, LSTM-AE, TCN-AE, and Transformer-AD—alarm early enough to precede even the earlier failure time, so they retain a positive lead in both modes and their third run surv"
S44.018,sentence,,located,,"The effective sample size is detector-dependent, and neither label can reach significance."
S44.019,sentence,,located,,"Because the zero-difference exclusion operates per detector, the original label does not simply reduce IMS to n = 2."
S44.019.n01,number,2,located,,"Because the zero-difference exclusion operates per detector, the original label does not simply reduce IMS to n = 2."
S44.020,sentence,,located,,"It leaves neff = 3 for the four detectors that still warn on the third test, drops it to neff = 2 for 3σ, CUSUM, EWMA and Isolation Forest, and to neff = 1 for Deep SVDD and RMS-trend."
S44.020.n01,number,3,located,,"It leaves neff = 3 for the four detectors that still warn on the third test, drops it to neff = 2 for 3σ, CUSUM, EWMA and Isolation Forest, and to neff = 1 for Deep SVDD and RMS-trend."
S44.020.n02,number,2,located,,"It leaves neff = 3 for the four detectors that still warn on the third test, drops it to neff = 2 for 3σ, CUSUM, EWMA and Isolation Forest, and to neff = 1 for Deep SVDD and RMS-trend."
S44.020.n03,number,1,located,,"It leaves neff = 3 for the four detectors that still warn on the third test, drops it to neff = 2 for 3σ, CUSUM, EWMA and Isolation Forest, and to neff = 1 for Deep SVDD and RMS-trend."
S44.021,sentence,,located,,"The exact two-sided sign test floors at p = 0.25, 0.50 and 1.00 at those three sample sizes respectively, so under the original label six of the ten detectors could not have reached α = 0.05 at any ef"
S44.021.n01,number,0.25,located,,"The exact two-sided sign test floors at p = 0.25, 0.50 and 1.00 at those three sample sizes respectively, so under the original label six of the ten detectors could not have reached α = 0.05 at any ef"
S44.021.n02,number,0.50,located,,"The exact two-sided sign test floors at p = 0.25, 0.50 and 1.00 at those three sample sizes respectively, so under the original label six of the ten detectors could not have reached α = 0.05 at any ef"
S44.021.n03,number,1.00,located,,"The exact two-sided sign test floors at p = 0.25, 0.50 and 1.00 at those three sample sizes respectively, so under the original label six of the ten detectors could not have reached α = 0.05 at any ef"
S44.021.n04,number,0.05,located,,"The exact two-sided sign test floors at p = 0.25, 0.50 and 1.00 at those three sample sizes respectively, so under the original label six of the ten detectors could not have reached α = 0.05 at any ef"
S44.022,sentence,,located,,"The four that retain neff = 3 floor at p = 0.25, which is itself already above α."
S44.022.n01,number,3,located,,"The four that retain neff = 3 floor at p = 0.25, which is itself already above α."
S44.022.n02,number,0.25,located,,"The four that retain neff = 3 floor at p = 0.25, which is itself already above α."
S44.023,sentence,,located,,"The same floor governs the corrected label, where every run is retained but n = 3 still bounds the attainable p at 0.25."
S44.023.n01,number,3,located,,"The same floor governs the corrected label, where every run is retained but n = 3 still bounds the attainable p at 0.25."
S44.023.n02,number,0.25,located,,"The same floor governs the corrected label, where every run is retained but n = 3 still bounds the attainable p at 0.25."
S44.024,sentence,,located,,"No IMS detector therefore reaches significance under either label, and the best attainable p is 0.25 in both arms (Hotelling T 2)."
S44.024.n01,number,0.25,located,,"No IMS detector therefore reaches significance under either label, and the best attainable p is 0.25 in both arms (Hotelling T 2)."
S44.025,sentence,,located,,"What the label does not change is the direction: no median flips sign between the two arms, with 3σ holding at +15.10 h and Hotelling T 2 at +1.17 h."
S44.025.n01,number,15.10,located,,"What the label does not change is the direction: no median flips sign between the two arms, with 3σ holding at +15.10 h and Hotelling T 2 at +1.17 h."
S44.025.n02,number,1.17,located,,"What the label does not change is the direction: no median flips sign between the two arms, with 3σ holding at +15.10 h and Hotelling T 2 at +1.17 h."
S44.026,sentence,,located,,The Holm verdict of Section 6 and the headline are untouched by the relabeling.
S46.001,sentence,,located,,"The IMS trend admits a clean candidate mechanism: binaveraging is a low-pass filter that suppresses single-window noise in the health statistic, letting the alarm threshold be crossed earlier and held"
S46.002,sentence,,located,,"If that is the mechanism, two predictions follow, and we test both directly on IMS (controlling window content at sampling factor 5 so only the smoothing differs)."
S46.002.n01,number,5,located,,"If that is the mechanism, two predictions follow, and we test both directly on IMS (controlling window content at sampling factor 5 so only the smoothing differs)."
S46.003,sentence,,located,1.00,Prediction 1: the aggregate advantage should grow with noise.
S46.003.n01,number,1,located,,Prediction 1: the aggregate advantage should grow with noise.
S46.004,sentence,,located,0.62,"We add zero-mean Gaussian noise to the per-window health statistic at signal-to-noise ratios of 30, 20, and 10 dB and recompute the (aggregate - decimate) lead time."
S46.004.n01,number,30,located,,"We add zero-mean Gaussian noise to the per-window health statistic at signal-to-noise ratios of 30, 20, and 10 dB and recompute the (aggregate - decimate) lead time."
S46.004.n02,number,20,located,,"We add zero-mean Gaussian noise to the per-window health statistic at signal-to-noise ratios of 30, 20, and 10 dB and recompute the (aggregate - decimate) lead time."
S46.004.n03,number,10,located,,"We add zero-mean Gaussian noise to the per-window health statistic at signal-to-noise ratios of 30, 20, and 10 dB and recompute the (aggregate - decimate) lead time."
S46.005,sentence,,located,,"To avoid the pseudoreplication we corrected in the main analysis, we collapse the four magnitude-monitoring SPC charts to one mean difference per run and treat the run as the unit of inference (n = 3 "
S46.005.n01,number,3,located,,"To avoid the pseudoreplication we corrected in the main analysis, we collapse the four magnitude-monitoring SPC charts to one mean difference per run and treat the run as the unit of inference (n = 3 "
S46.006,sentence,,located,,"The mean advantage rises monotonically as noise increases (Table 21): from -0.35 h at the native noise level to +6.6 h at 10 dB, and at the two highest noise levels all three runs share the positive s"
S46.006.n01,number,-0.35,located,,"The mean advantage rises monotonically as noise increases (Table 21): from -0.35 h at the native noise level to +6.6 h at 10 dB, and at the two highest noise levels all three runs share the positive s"
S46.006.n02,number,6.6,documented,Part 4: App. D.1 '+6.6 h' -> '+6.60 h' (matches S7.3 and Table 15a),"The mean advantage rises monotonically as noise increases (Table 21): from -0.35 h at the native noise level to +6.6 h at 10 dB, and at the two highest noise levels all three runs share the positive s"
S46.006.n03,number,10,located,,"The mean advantage rises monotonically as noise increases (Table 21): from -0.35 h at the native noise level to +6.6 h at 10 dB, and at the two highest noise levels all three runs share the positive s"
S46.007,sentence,,located,,"The lone large negative in the table, the -7.94 h native-noise entry, is IMS test 1—the abrupt near-coincident-onset run whose degradation begins only ∼12 h before failure, the same run that violates "
S46.007.n01,number,-7.94,located,,"The lone large negative in the table, the -7.94 h native-noise entry, is IMS test 1—the abrupt near-coincident-onset run whose degradation begins only ∼12 h before failure, the same run that violates "
S46.007.n02,number,1,located,,"The lone large negative in the table, the -7.94 h native-noise entry, is IMS test 1—the abrupt near-coincident-onset run whose degradation begins only ∼12 h before failure, the same run that violates "
S46.007.n03,number,12,located,,"The lone large negative in the table, the -7.94 h native-noise entry, is IMS test 1—the abrupt near-coincident-onset run whose degradation begins only ∼12 h before failure, the same run that violates "
S46.008,sentence,,located,,"This is the qualitative signature of a low-pass mechanism—the noisier the health signal, the more bin-averaging helps."
S46.009,sentence,,located,,"At n = 3 this is a directional trend, not a significant effect (the exact sign test floors at p = 0.25, and at 30 dB the per-run signs are mixed)."
S46.009.n01,number,3,located,,"At n = 3 this is a directional trend, not a significant effect (the exact sign test floors at p = 0.25, and at 30 dB the per-run signs are mixed)."
S46.009.n02,number,0.25,located,,"At n = 3 this is a directional trend, not a significant effect (the exact sign test floors at p = 0.25, and at 30 dB the per-run signs are mixed)."
S46.009.n03,number,30,located,,"At n = 3 this is a directional trend, not a significant effect (the exact sign test floors at p = 0.25, and at 30 dB the per-run signs are mixed)."
S46.010,sentence,,located,0.88,"It corroborates the proposed mechanism; it does not, and at this sample size cannot, establish it statistically."
S46.011,sentence,,located,1.00,Prediction 2: any smoother on the decimated stream should recover the advantage.
S46.011.n01,number,2,located,,Prediction 2: any smoother on the decimated stream should recover the advantage.
S46.012,sentence,,located,,"If the benefit is generic smoothing rather than the historian’s averaging specifically, then applying an ordinary smoother to the decimated stream should match bin-averaging."
S46.013,sentence,,located,,"We compare a median filter, a moving average, a constant-velocity Kalman filter, and a wavelet denoiser against raw aggregation and raw decimation (Table 22)."
S46.014,sentence,,located,,"The moving average and Kalman filter recover essentially the full aggregate lead time (76.0 and 75.7 h vs. aggregation’s 75.7 h), while the median and wavelet filters fall slightly short."
S46.014.n01,number,76.0,located,,"The moving average and Kalman filter recover essentially the full aggregate lead time (76.0 and 75.7 h vs. aggregation’s 75.7 h), while the median and wavelet filters fall slightly short."
S46.014.n02,number,75.7,documented,N-29 double rounding corrected to 75.6 (source 75.6469 h),"The moving average and Kalman filter recover essentially the full aggregate lead time (76.0 and 75.7 h vs. aggregation’s 75.7 h), while the median and wavelet filters fall slightly short."
S46.014.n03,number,75.7,documented,N-29 double rounding corrected to 75.6 (source 75.6469 h),"The moving average and Kalman filter recover essentially the full aggregate lead time (76.0 and 75.7 h vs. aggregation’s 75.7 h), while the median and wavelet filters fall slightly short."
S46.015,sentence,,located,,"The effect is therefore generic smoothing of the health signal, not a property unique to historian bin-averaging—an operator who decimates and then lightly smooths recovers the same warning time."
S46.016,sentence,,located,,"The linear smoothers (moving average, Kalman) recover the advantage but the wavelet denoiser does not, dropping to 6/12 valid alarms—below even raw decimation—because its soft-thresholding of detail c"
S46.016.n01,number,6/12,located,,"The linear smoothers (moving average, Kalman) recover the advantage but the wavelet denoiser does not, dropping to 6/12 valid alarms—below even raw decimation—because its soft-thresholding of detail c"
S46.017,sentence,,located,0.71,"The lesson sharpens rather than breaks: smoothing that preserves the normal baseline recovers the lead time, while smoothing that distorts it can cost validity."
S46.018,sentence,,located,,"The onealarm gap between raw decimation (8/12) and aggregation (7/12) at statistically indistinguishable lead times (76.0 vs. 75.7 h) is sampling noise at n = 12, not evidence that decimation is prefe"
S46.018.n01,number,8/12,located,,"The onealarm gap between raw decimation (8/12) and aggregation (7/12) at statistically indistinguishable lead times (76.0 vs. 75.7 h) is sampling noise at n = 12, not evidence that decimation is prefe"
S46.018.n02,number,7/12,located,,"The onealarm gap between raw decimation (8/12) and aggregation (7/12) at statistically indistinguishable lead times (76.0 vs. 75.7 h) is sampling noise at n = 12, not evidence that decimation is prefe"
S46.018.n03,number,76.0,located,,"The onealarm gap between raw decimation (8/12) and aggregation (7/12) at statistically indistinguishable lead times (76.0 vs. 75.7 h) is sampling noise at n = 12, not evidence that decimation is prefe"
S46.018.n04,number,75.7,documented,N-29 double rounding corrected to 75.6 (source 75.6469 h),"The onealarm gap between raw decimation (8/12) and aggregation (7/12) at statistically indistinguishable lead times (76.0 vs. 75.7 h) is sampling noise at n = 12, not evidence that decimation is prefe"
S46.018.n05,number,12,located,,"The onealarm gap between raw decimation (8/12) and aggregation (7/12) at statistically indistinguishable lead times (76.0 vs. 75.7 h) is sampling noise at n = 12, not evidence that decimation is prefe"
S47.001,sentence,,located,,"The ONGC record is a real Solar-Turbine low-pressurecompressor (LPC) dataset: four vibration channels logged at a 10 s SCADA rate over ∼5 days (42,698 rows), ending in a genuine operator shutdown on 2"
S47.001.n01,number,2023-11-13 09:46,located,,"The ONGC record is a real Solar-Turbine low-pressurecompressor (LPC) dataset: four vibration channels logged at a 10 s SCADA rate over ∼5 days (42,698 rows), ending in a genuine operator shutdown on 2"
S47.001.n02,number,10,located,,"The ONGC record is a real Solar-Turbine low-pressurecompressor (LPC) dataset: four vibration channels logged at a 10 s SCADA rate over ∼5 days (42,698 rows), ending in a genuine operator shutdown on 2"
S47.001.n03,number,5,located,,"The ONGC record is a real Solar-Turbine low-pressurecompressor (LPC) dataset: four vibration channels logged at a 10 s SCADA rate over ∼5 days (42,698 rows), ending in a genuine operator shutdown on 2"
S47.001.n04,number,"42,698",located,,"The ONGC record is a real Solar-Turbine low-pressurecompressor (LPC) dataset: four vibration channels logged at a 10 s SCADA rate over ∼5 days (42,698 rows), ending in a genuine operator shutdown on 2"
S47.002,sentence,,located,,"This is authentic historian data with a real, documented event—the maintenance record confirms the shutdown followed a rolling-element bearing fault on the LPC—and the data-derived degradation onset ("
S47.002.n01,number,2023-11-13 03:44,located,,"This is authentic historian data with a real, documented event—the maintenance record confirms the shutdown followed a rolling-element bearing fault on the LPC—and the data-derived degradation onset ("
S47.003,sentence,,located,1.00,ONGC is the only dataset that requires no simulated coarsening to be SCADA-rate: it is the historian.
S47.004,sentence,,located,,"On genuine 10 s industrial SCADA data ending in a real operator shutdown, every detector achieves a long warning: 3σ, EWMA, Hotelling T 2, and Isolation Forest each alarm roughly 35 h before the label"
S47.004.n01,number,10,located,,"On genuine 10 s industrial SCADA data ending in a real operator shutdown, every detector achieves a long warning: 3σ, EWMA, Hotelling T 2, and Isolation Forest each alarm roughly 35 h before the label"
S47.004.n02,number,35,located,,"On genuine 10 s industrial SCADA data ending in a real operator shutdown, every detector achieves a long warning: 3σ, EWMA, Hotelling T 2, and Isolation Forest each alarm roughly 35 h before the label"
S47.004.n03,number,22.8,located,,"On genuine 10 s industrial SCADA data ending in a real operator shutdown, every detector achieves a long warning: 3σ, EWMA, Hotelling T 2, and Isolation Forest each alarm roughly 35 h before the label"
S47.005,sentence,,located,,"More to the point of this paper, the aggregate-vs-decimate difference is at most about a minute for every detector (Table 23)."
S47.006,sentence,,located,,"Because ONGC is a single asset (n = 1), we treat it as a descriptive case study and draw no statistical inference from it."
S47.006.n01,number,1,located,,"Because ONGC is a single asset (n = 1), we treat it as a descriptive case study and draw no statistical inference from it."
S47.007,sentence,,located,1.00,"On data that is already a real historian stream, the choice of logging mechanism does not materially change warning time."
S47.008,sentence,,located,,This is the cleanest possible illustration of the practical question—it uses no simulated coarsening—and it is consistent with “averaging is not the enemy.
S47.009,sentence,,located,,"The conformal calibration on this stream (Figure 4d) tracks the diagonal closely, consistent with a mostlystationary normal region."
tab:datasets.cap01,sentence,,located,0.67,Datasets used in this study.
tab:datasets.cap02,sentence,,located,0.67,“Role” indicates the function each dataset plays in the argument.
tab:datasets.cap03,sentence,,located,,The four inferential datasets supply the run-level statistics; ONGC is a single-asset case study (Appendix D.2) and Paderborn is excluded.
tab:imslead.cap01,sentence,,located,,Table 2. † Detectors with no valid operating point under Ta the τ = 10% pre-onset-FAR budget (Table 13): their long im raw leads are achieved only by flooding the pre-onset re- Le gion with false alar
tab:imslead.cap01.n01,number,10%,located,,Table 2. † Detectors with no valid operating point under Ta the τ = 10% pre-onset-FAR budget (Table 13): their long im raw leads are achieved only by flooding the pre-onset re- Le gion with false alar
tab:imslead.cap01.n02,number,95%,located,,Table 2. † Detectors with no valid operating point under Ta the τ = 10% pre-onset-FAR budget (Table 13): their long im raw leads are achieved only by flooding the pre-onset re- Le gion with false alar
tab:imslead.cap01.n03,number,3,located,,Table 2. † Detectors with no valid operating point under Ta the τ = 10% pre-onset-FAR budget (Table 13): their long im raw leads are achieved only by flooding the pre-onset re- Le gion with false alar
tab:imslead.cap02,sentence,,located,1.00,"This is the raw, ungated co lead. th th"
fig:health.cap01,sentence,,located,1.00,de pl Figure 1.
fig:health.cap02,sentence,,located,,Health-indicator trajectory for IMS Bearing test 2 with the leakage-free degradation onset and failure markers.
fig:health.cap02.n01,number,2,located,,Health-indicator trajectory for IMS Bearing test 2 with the leakage-free degradation onset and failure markers.
fig:health.cap03,sentence,,located,,"The baseline mean and standard deviation use only the shaded m un training region, so the onset cannot see the test data. on"
tab:onset.cap01,sentence,,located,1.00,"Onset position on IMS, as % of run span, with the implied maximum lead (failure minus onset, h) in brackets."
tab:onset.cap02,sentence,,located,1.00,"Left: the default RMS/kurtosis indicator with the terminalexcursion rule at threshold multiplier k ∈ {3, 4, 5}."
tab:onset.cap02.n01,number,3,located,,"Left: the default RMS/kurtosis indicator with the terminalexcursion rule at threshold multiplier k ∈ {3, 4, 5}."
tab:onset.cap02.n02,number,4,located,,"Left: the default RMS/kurtosis indicator with the terminalexcursion rule at threshold multiplier k ∈ {3, 4, 5}."
tab:onset.cap02.n03,number,5,located,,"Left: the default RMS/kurtosis indicator with the terminalexcursion rule at threshold multiplier k ∈ {3, 4, 5}."
tab:onset.cap03,sentence,,located,,"Right: two decoupled indicators that do not share the amplitude basis of the magnitude detectors, at the default k = 4."
tab:onset.cap03.n01,number,4,located,,"Right: two decoupled indicators that do not share the amplitude basis of the magnitude detectors, at the default k = 4."
tab:onset.cap04,sentence,,located,,"The default onset is stable to k; it shifts materially under the decoupled indicators on the slow-degrading tests 2 and 3, but the headline is computed on raw lead and is unaffected by this choice."
tab:onset.cap04.n01,number,2,located,,"The default onset is stable to k; it shifts materially under the decoupled indicators on the slow-degrading tests 2 and 3, but the headline is computed on raw lead and is unaffected by this choice."
tab:onset.cap04.n02,number,3,located,,"The default onset is stable to k; it shifts materially under the decoupled indicators on the slow-degrading tests 2 and 3, but the headline is computed on raw lead and is unaffected by this choice."
tab:robust.cap01,sentence,,located,0.67,Robustness of the IMS and XJTU-SY re- de sults.
tab:robust.cap02,sentence,,located,,"(a) Alarm persistence on IMS: run-level median aggregate-decimate lead-time difference (h) and the 3σ fa valid-alarm fraction (at full resolution, and pooled over the is five sampling factors) at pers"
tab:robust.cap02.n01,number,1,located,,"(a) Alarm persistence on IMS: run-level median aggregate-decimate lead-time difference (h) and the 3σ fa valid-alarm fraction (at full resolution, and pooled over the is five sampling factors) at pers"
tab:robust.cap02.n02,number,3,located,,"(a) Alarm persistence on IMS: run-level median aggregate-decimate lead-time difference (h) and the 3σ fa valid-alarm fraction (at full resolution, and pooled over the is five sampling factors) at pers"
tab:robust.cap02.n03,number,5,located,,"(a) Alarm persistence on IMS: run-level median aggregate-decimate lead-time difference (h) and the 3σ fa valid-alarm fraction (at full resolution, and pooled over the is five sampling factors) at pers"
tab:robust.cap02.n04,number,10,located,,"(a) Alarm persistence on IMS: run-level median aggregate-decimate lead-time difference (h) and the 3σ fa valid-alarm fraction (at full resolution, and pooled over the is five sampling factors) at pers"
tab:robust.cap02.n05,number,10,located,,"(a) Alarm persistence on IMS: run-level median aggregate-decimate lead-time difference (h) and the 3σ fa valid-alarm fraction (at full resolution, and pooled over the is five sampling factors) at pers"
tab:robust.cap03,sentence,,located,,"(b) Historian gaps: mean valid lead time (h) under random gaps of 0%, 5% and 20%, averaged over the runs on which the alarm is valid and then 6 over five independent gap draws per level (defect D18): "
tab:robust.cap03.n01,number,0%,located,,"(b) Historian gaps: mean valid lead time (h) under random gaps of 0%, 5% and 20%, averaged over the runs on which the alarm is valid and then 6 over five independent gap draws per level (defect D18): "
tab:robust.cap03.n02,number,5%,located,,"(b) Historian gaps: mean valid lead time (h) under random gaps of 0%, 5% and 20%, averaged over the runs on which the alarm is valid and then 6 over five independent gap draws per level (defect D18): "
tab:robust.cap03.n03,number,20%,located,,"(b) Historian gaps: mean valid lead time (h) under random gaps of 0%, 5% and 20%, averaged over the runs on which the alarm is valid and then 6 over five independent gap draws per level (defect D18): "
tab:robust.cap03.n04,number,6,located,,"(b) Historian gaps: mean valid lead time (h) under random gaps of 0%, 5% and 20%, averaged over the runs on which the alarm is valid and then 6 over five independent gap draws per level (defect D18): "
tab:robust.cap04,sentence,,located,0.92,Valid-alarm fractions are unchanged across gap levels and across draws IM on IMS (2/3 for each detector at every level); on XJTU-SY “a they move by at most two bearings across draws.
tab:robust.cap04.n01,number,2/3,located,,Valid-alarm fractions are unchanged across gap levels and across draws IM on IMS (2/3 for each detector at every level); on XJTU-SY “a they move by at most two bearings across draws.
tab:robust.cap05,sentence,,located,,"Only one (c cell is materially draw-dependent: Hotelling T 2 on IMS at te 20%, which ranges from 58.0 to 186.1 h over the five draws. sig Every other cell varies by less than 3.4 h on IMS and 0.37 h o"
tab:robust.cap05.n01,number,20%,located,,"Only one (c cell is materially draw-dependent: Hotelling T 2 on IMS at te 20%, which ranges from 58.0 to 186.1 h over the five draws. sig Every other cell varies by less than 3.4 h on IMS and 0.37 h o"
tab:robust.cap05.n02,number,58.0,located,,"Only one (c cell is materially draw-dependent: Hotelling T 2 on IMS at te 20%, which ranges from 58.0 to 186.1 h over the five draws. sig Every other cell varies by less than 3.4 h on IMS and 0.37 h o"
tab:robust.cap05.n03,number,186.1,located,,"Only one (c cell is materially draw-dependent: Hotelling T 2 on IMS at te 20%, which ranges from 58.0 to 186.1 h over the five draws. sig Every other cell varies by less than 3.4 h on IMS and 0.37 h o"
tab:robust.cap05.n04,number,3.4,located,,"Only one (c cell is materially draw-dependent: Hotelling T 2 on IMS at te 20%, which ranges from 58.0 to 186.1 h over the five draws. sig Every other cell varies by less than 3.4 h on IMS and 0.37 h o"
tab:robust.cap05.n05,number,0.37,documented,Part 1 (Eq. 5 validity restatement): Table 4b XJTU-SY across-draw spread bound 0.37 -> 1.34 h (five scoreable bearings),"Only one (c cell is materially draw-dependent: Hotelling T 2 on IMS at te 20%, which ranges from 58.0 to 186.1 h over the five draws. sig Every other cell varies by less than 3.4 h on IMS and 0.37 h o"
tab:crossds.cap01,sentence,,located,,"Run-level sign test of aggregate vs decimate or lead time on the three multi-bearing datasets, collapsing the within-bearing sampling factors, for all eleven evaluated de- cl tectors."
tab:crossds.cap02,sentence,,located,,Med. ∆ is the run-level median difference (h); m n+/n- count only non-zero-difference runs; S-c. marks sign Th consistency (yes-: every non-zero run negative). ‡: the three a deep sequence models need
tab:crossds.cap02.n01,number,30,located,,Med. ∆ is the run-level median difference (h); m n+/n- count only non-zero-difference runs; S-c. marks sign Th consistency (yes-: every non-zero run negative). ‡: the three a deep sequence models need
tab:crossds.cap02.n02,number,3,located,,Med. ∆ is the run-level median difference (h); m n+/n- count only non-zero-difference runs; S-c. marks sign Th consistency (yes-: every non-zero run negative). ‡: the three a deep sequence models need
tab:crossds.cap03,sentence,,located,,"No detector is signif- he icant after Holm correction (Table 8); on FEMTO the only sign-consistent detectors, LSTM-AE and Transformer-AD, sm are both negative, and on Ferrara none is sign-consistent. "
tab:equiv.cap01,sentence,,located,,"Equivalence of the run-level aggregate-decimate lead-time difference against a pre-specified margin δ = 1 h, on the three multi-bearing inferential campaigns for all eleven evaluated detectors."
tab:equiv.cap01.n01,number,1,located,,"Equivalence of the run-level aggregate-decimate lead-time difference against a pre-specified margin δ = 1 h, on the three multi-bearing inferential campaigns for all eleven evaluated detectors."
tab:equiv.cap02,sentence,,located-manual,"caption merged: tab:crossds caption: mean with 95% bootstrap CI; equivalent when the CI lies inside [-delta, +delta]","Each cell gives the run-level mean difference (h) and its 95% bootstrap confidence interval over runs; a cell is equivalent when the whole interval lies inside [-δ, +δ]."
tab:equiv.cap02.n01,number,95%,located,,"Each cell gives the run-level mean difference (h) and its 95% bootstrap confidence interval over runs; a cell is equivalent when the whole interval lies inside [-δ, +δ]."
tab:equiv.cap03,sentence,,located,,"All 33 of 33 cells are equivalent, and no interval endpoint reaches ±0.6 h, so the margin is cleared with an order of magnitude to spare."
tab:equiv.cap03.n01,number,33,located,,"All 33 of 33 cells are equivalent, and no interval endpoint reaches ±0.6 h, so the margin is cleared with an order of magnitude to spare."
tab:equiv.cap03.n02,number,33,located,,"All 33 of 33 cells are equivalent, and no interval endpoint reaches ±0.6 h, so the margin is cleared with an order of magnitude to spare."
tab:equiv.cap03.n03,number,±0.6,located,,"All 33 of 33 cells are equivalent, and no interval endpoint reaches ±0.6 h, so the margin is cleared with an order of magnitude to spare."
tab:equiv.cap04,sentence,,located,0.60,Deep sequence models are evaluated on the bearings long enough to form a length-30 sequence (n = 3 on XJTU-SY).
tab:equiv.cap04.n01,number,30,located,,Deep sequence models are evaluated on the bearings long enough to form a length-30 sequence (n = 3 on XJTU-SY).
tab:equiv.cap04.n02,number,3,located,,Deep sequence models are evaluated on the bearings long enough to form a length-30 sequence (n = 3 on XJTU-SY).
tab:equiv.cap05,sentence,,located,,"IMS is equivalent in no cell at n = 3, its intervals being too wide to decide, and ONGC is untestable at n = 1; neither enters this family."
tab:equiv.cap05.n01,number,3,located,,"IMS is equivalent in no cell at n = 3, its intervals being too wide to decide, and ONGC is untestable at n = 1; neither enters this family."
tab:equiv.cap05.n02,number,1,located,,"IMS is equivalent in no cell at n = 3, its intervals being too wide to decide, and ONGC is untestable at n = 1; neither enters this family."
fig:crossdataset.cap01,sentence,,located,,"Median run-level lead-time difference (aggregate - decimate) per dataset and detector, annotated with the unit of inference (n = 3 IMS, n = 10 XJTU, n = 6 FEMTO, n = 6 Ferrara), plus the n = 1 ONGC ca"
fig:crossdataset.cap01.n01,number,3,located,,"Median run-level lead-time difference (aggregate - decimate) per dataset and detector, annotated with the unit of inference (n = 3 IMS, n = 10 XJTU, n = 6 FEMTO, n = 6 Ferrara), plus the n = 1 ONGC ca"
fig:crossdataset.cap01.n02,number,10,located,,"Median run-level lead-time difference (aggregate - decimate) per dataset and detector, annotated with the unit of inference (n = 3 IMS, n = 10 XJTU, n = 6 FEMTO, n = 6 Ferrara), plus the n = 1 ONGC ca"
fig:crossdataset.cap01.n03,number,6,located,,"Median run-level lead-time difference (aggregate - decimate) per dataset and detector, annotated with the unit of inference (n = 3 IMS, n = 10 XJTU, n = 6 FEMTO, n = 6 Ferrara), plus the n = 1 ONGC ca"
fig:crossdataset.cap01.n04,number,6,located,,"Median run-level lead-time difference (aggregate - decimate) per dataset and detector, annotated with the unit of inference (n = 3 IMS, n = 10 XJTU, n = 6 FEMTO, n = 6 Ferrara), plus the n = 1 ONGC ca"
fig:crossdataset.cap01.n05,number,1,located,,"Median run-level lead-time difference (aggregate - decimate) per dataset and detector, annotated with the unit of inference (n = 3 IMS, n = 10 XJTU, n = 6 FEMTO, n = 6 Ferrara), plus the n = 1 ONGC ca"
fig:crossdataset.cap02,sentence,,located,,"IMS shows a positive median shift for most magnitude detectors, not consistent across its three runs; the inferential XJTU, FEMTO, and Ferrara differences are ≈0 on this scale."
fig:crossdataset.cap02.n01,number,0,located,,"IMS shows a positive median shift for most magnitude detectors, not consistent across its three runs; the inferential XJTU, FEMTO, and Ferrara differences are ≈0 on this scale."
fig:crossdataset.cap03,sentence,,located-manual,moved to text: Sec. 6.3/6.4/6.7 (null result); forest caption,The cross-dataset headline is a null result.
fig:crossdataset.cap04,sentence,,located,,ONGC bars are hatched to mark the n = 1 descriptive case study as separate from the four inferential datasets.
fig:crossdataset.cap04.n01,number,1,located,,ONGC bars are hatched to mark the n = 1 descriptive case study as separate from the four inferential datasets.
fig:sweep.cap01,sentence,,located,1.00,"Detection lead time vs effective SCADA logging interval on IMS (controlled sweep, mean across runs)."
fig:sweep.cap02,sentence,,located,,"Aggregation (left) preserves lead time as the interval coarsens far better than decimation (right), where the variance-sensitive detectors collapse at coarse rates."
tab:imssweep.cap01,sentence,,located-manual,caption merged: tab:imsongc caption,"IMS controlled sweep: run-level difference of ag- Ta gregate vs decimate lead time, collapsing the five within-run (a sampling factors to one mean difference per run (the unit of du inference; n = 3)."
tab:imssweep.cap01.n01,number,3,located,,"IMS controlled sweep: run-level difference of ag- Ta gregate vs decimate lead time, collapsing the five within-run (a sampling factors to one mean difference per run (the unit of du inference; n = 3)."
tab:imssweep.cap02,sentence,,located,,The exact two-sided sign test floors at de p = 0.25 at n = 3.
tab:imssweep.cap02.n01,number,0.25,located,,The exact two-sided sign test floors at de p = 0.25 at n = 3.
tab:imssweep.cap02.n02,number,3,located,,The exact two-sided sign test floors at de p = 0.25 at n = 3.
tab:imssweep.cap03,sentence,,located,,Holm-adjusted p in Table 8. be
tab:holm.cap01,sentence,,located,,"Holm-Bonferroni correction across the N = 44 Ta detector × dataset family (IMS n = 3, XJTU-SY n = 10, th FEMTO n = 6, University of Ferrara n = 6; ONGC, n = 1, te is excluded)."
tab:holm.cap01.n01,number,44,located,,"Holm-Bonferroni correction across the N = 44 Ta detector × dataset family (IMS n = 3, XJTU-SY n = 10, th FEMTO n = 6, University of Ferrara n = 6; ONGC, n = 1, te is excluded)."
tab:holm.cap01.n02,number,3,located,,"Holm-Bonferroni correction across the N = 44 Ta detector × dataset family (IMS n = 3, XJTU-SY n = 10, th FEMTO n = 6, University of Ferrara n = 6; ONGC, n = 1, te is excluded)."
tab:holm.cap01.n03,number,10,located,,"Holm-Bonferroni correction across the N = 44 Ta detector × dataset family (IMS n = 3, XJTU-SY n = 10, th FEMTO n = 6, University of Ferrara n = 6; ONGC, n = 1, te is excluded)."
tab:holm.cap01.n04,number,6,located,,"Holm-Bonferroni correction across the N = 44 Ta detector × dataset family (IMS n = 3, XJTU-SY n = 10, th FEMTO n = 6, University of Ferrara n = 6; ONGC, n = 1, te is excluded)."
tab:holm.cap01.n05,number,6,located,,"Holm-Bonferroni correction across the N = 44 Ta detector × dataset family (IMS n = 3, XJTU-SY n = 10, th FEMTO n = 6, University of Ferrara n = 6; ONGC, n = 1, te is excluded)."
tab:holm.cap01.n06,number,1,located,,"Holm-Bonferroni correction across the N = 44 Ta detector × dataset family (IMS n = 3, XJTU-SY n = 10, th FEMTO n = 6, University of Ferrara n = 6; ONGC, n = 1, te is excluded)."
tab:holm.cap02,sentence,,located-manual,caption merged: tab:crossds caption Holm sentence; p columns of tab:crossds and tab:imsongc,"Cells are the raw run-level sign-test p-value for te the aggregate-vs-decimate comparison, grouped by dataset to across the columns."
tab:holm.cap03,sentence,,located,,"The smallest is 0.125 (Transformer-AD pl on FEMTO); no cell is nominally significant at an uncor- ro rected α = 0.05. ‡: the three deep sequence models need sio a length-30 window sequence, so their X"
tab:holm.cap03.n01,number,0.125,located,,"The smallest is 0.125 (Transformer-AD pl on FEMTO); no cell is nominally significant at an uncor- ro rected α = 0.05. ‡: the three deep sequence models need sio a length-30 window sequence, so their X"
tab:holm.cap03.n02,number,0.05,located,,"The smallest is 0.125 (Transformer-AD pl on FEMTO); no cell is nominally significant at an uncor- ro rected α = 0.05. ‡: the three deep sequence models need sio a length-30 window sequence, so their X"
tab:holm.cap03.n03,number,30,located,,"The smallest is 0.125 (Transformer-AD pl on FEMTO); no cell is nominally significant at an uncor- ro rected α = 0.05. ‡: the three deep sequence models need sio a length-30 window sequence, so their X"
tab:holm.cap03.n04,number,3,located,,"The smallest is 0.125 (Transformer-AD pl on FEMTO); no cell is nominally significant at an uncor- ro rected α = 0.05. ‡: the three deep sequence models need sio a length-30 window sequence, so their X"
tab:holm.cap04,sentence,,located,,After Holm correction every one of the forty-four adjusted p-values is 1.00 and no hypothesis is rejected at α = 0.05; the adjusted-p and rejection columns are therefore omitted rather than repeated f
tab:holm.cap04.n01,number,1.00,located,,After Holm correction every one of the forty-four adjusted p-values is 1.00 and no hypothesis is rejected at α = 0.05; the adjusted-p and rejection columns are therefore omitted rather than repeated f
tab:holm.cap04.n02,number,0.05,located,,After Holm correction every one of the forty-four adjusted p-values is 1.00 and no hypothesis is rejected at α = 0.05; the adjusted-p and rejection columns are therefore omitted rather than repeated f
tab:perbearing.cap01,sentence,,located,1.00,XJTU-SY per-bearing summary at full resolution (aggregate).
tab:perbearing.cap02,sentence,,located,1.00,“Valid/5” counts the detectors (of five) that produce a valid alarm; “Mean valid” is the mean lead over those detectors; “Best” is the oracle maximum over the five.
tab:perbearing.cap02.n01,number,5,located,,“Valid/5” counts the detectors (of five) that produce a valid alarm; “Mean valid” is the mean lead over those detectors; “Best” is the oracle maximum over the five.
tab:perbearing.cap03,sentence,,located,0.67,Two bearings are warned by no detector (0/5).
tab:perbearing.cap03.n01,number,0/5,documented,Part 1 (Eq. 5 validity restatement): Table 7 caption '(0/5)' sentence replaced by the n.s. legend; totals 6/25 and 2/5,Two bearings are warned by no detector (0/5).
tab:gatedcontrast.cap01,sentence,,located,,"Aggregate-decimate contrast under the raw and the gated metric, on the post-N-20 reruns over all eleven detectors."
tab:gatedcontrast.cap01.n01,number,20,located,,"Aggregate-decimate contrast under the raw and the gated metric, on the post-N-20 reruns over all eleven detectors."
tab:gatedcontrast.cap02,sentence,,located,,“Med. ∆” is the median across detectors of each detector’s run-level median difference; n+/n-/0 counts detectors by the sign of that median; n¯eff is the mean effective sample size once zero-differenc
tab:gatedcontrast.cap02.n01,number,0,located,,“Med. ∆” is the median across detectors of each detector’s run-level median difference; n+/n-/0 counts detectors by the sign of that median; n¯eff is the mean effective sample size once zero-differenc
tab:gatedcontrast.cap03,sentence,,located,,Gating costs roughly half the effective sample size and changes no conclu- sion: under both metrics no hypothesis is rejected after Holm correction across the N = 44 family.
tab:gatedcontrast.cap03.n01,number,44,located,,Gating costs roughly half the effective sample size and changes no conclu- sion: under both metrics no hypothesis is rejected after Holm correction across the N = 44 family.
tab:conformal.cap01,sentence,,located-manual,caption merged: fig:conformal caption: values via ConformalPanelA; 'on or below the diagonal satisfy the guarantee',Conformal Isolation Forest on IMS: empirical preonset FAR vs target α. ✓ marks FAR ≤ α (guarantee satis- fied). bu co la
fig:conformal.cap01,sentence,,located,0.64,Conformal calibration: empirical pre-onset FAR vs target α; points on or below the diagonal satisfy the distributionfree guarantee.
fig:conformal.cap02,sentence,,located,,(a) IMS: test 1 violates it because its near-failure onset leaves no genuinely stationary normal region.
fig:conformal.cap02.n01,number,1,located,,(a) IMS: test 1 violates it because its near-failure onset leaves no genuinely stationary normal region.
fig:conformal.cap03,sentence,,located,,(b) XJTU-SY: bearings with a substantial stationary pre-onset region honor the bound; those with only one or two pre-onset windows cannot support a finite-sample guarantee and are flagged uncalibrated
fig:conformal.cap04,sentence,,located,,"(c) FEMTO/PRONOSTIA: no bearing honors the bound at α = 0.05, because the short, non-stationary pre-onset regions of these 1.4-7.8 h bearings cannot support it."
fig:conformal.cap04.n01,number,0.05,located,,"(c) FEMTO/PRONOSTIA: no bearing honors the bound at α = 0.05, because the short, non-stationary pre-onset regions of these 1.4-7.8 h bearings cannot support it."
fig:conformal.cap04.n02,number,1.4,located,,"(c) FEMTO/PRONOSTIA: no bearing honors the bound at α = 0.05, because the short, non-stationary pre-onset regions of these 1.4-7.8 h bearings cannot support it."
fig:conformal.cap04.n03,number,7.8,located,,"(c) FEMTO/PRONOSTIA: no bearing honors the bound at α = 0.05, because the short, non-stationary pre-onset regions of these 1.4-7.8 h bearings cannot support it."
fig:conformal.cap05,sentence,,located,,"(d) ONGC turbine (n = 1 case study, Appendix D.2): the real historian stream tracks the diagonal closely, a modest 1.5-2× above target, consistent with a mostly-stationary normal region."
fig:conformal.cap05.n01,number,1,located,,"(d) ONGC turbine (n = 1 case study, Appendix D.2): the real historian stream tracks the diagonal closely, a modest 1.5-2× above target, consistent with a mostly-stationary normal region."
fig:conformal.cap05.n02,number,1.5,located,,"(d) ONGC turbine (n = 1 case study, Appendix D.2): the real historian stream tracks the diagonal closely, a modest 1.5-2× above target, consistent with a mostly-stationary normal region."
fig:conformal.cap05.n03,number,2,located,,"(d) ONGC turbine (n = 1 case study, Appendix D.2): the real historian stream tracks the diagonal closely, a modest 1.5-2× above target, consistent with a mostly-stationary normal region."
fig:tradeoffs.cap01,sentence,,located,,"Lead-time vs pre-onset-FAR trade-off (threshold percentile swept, mean across runs); up-and-to-the-left is better."
fig:tradeoffs.cap02,sentence,,located,0.77,(a) IMS: Hotelling T 2 and Isolation Forest dominate the achievable frontier—highest lead at the lowest attainable FAR; the RMS-trend baseline collapses at low FAR.
fig:tradeoffs.cap03,sentence,,located,,"(b) The ten XJTU-SY bearings: the same qualitative shape at the shorter absolute lead times these short-lived bearings permit, showing that the operating-point selection generalizes."
tab:farbudget.cap01,sentence,,located,,FAR-budget sensitivity on IMS: best valid lead time Ta (h) per detector at each false-alarm budget τ (0.0 = no oper- ac ating point within budget).
tab:farbudget.cap01.n01,number,0.0,located,,FAR-budget sensitivity on IMS: best valid lead time Ta (h) per detector at each false-alarm budget τ (0.0 = no oper- ac ating point within budget).
tab:farbudget.cap02,sentence,,located,,"The gate here is applied to the le pre-onset FAR averaged across the three runs, so a detector w can hold a valid operating point on an individual run and still th show 0.0 in this table: LSTM-AE is e"
tab:farbudget.cap02.n01,number,0.0,located,,"The gate here is applied to the le pre-onset FAR averaged across the three runs, so a detector w can hold a valid operating point on an individual run and still th show 0.0 in this table: LSTM-AE is e"
tab:farbudget.cap02.n02,number,62.00%,located,,"The gate here is applied to the le pre-onset FAR averaged across the three runs, so a detector w can hold a valid operating point on an individual run and still th show 0.0 in this table: LSTM-AE is e"
tab:farbudget.cap02.n03,number,99.5,located,,"The gate here is applied to the le pre-onset FAR averaged across the three runs, so a detector w can hold a valid operating point on an individual run and still th show 0.0 in this table: LSTM-AE is e"
tab:farbudget.cap02.n04,number,4.19%,located,,"The gate here is applied to the le pre-onset FAR averaged across the three runs, so a detector w can hold a valid operating point on an individual run and still th show 0.0 in this table: LSTM-AE is e"
tab:farbudget.cap02.n05,number,59.67,located,,"The gate here is applied to the le pre-onset FAR averaged across the three runs, so a detector w can hold a valid operating point on an individual run and still th show 0.0 in this table: LSTM-AE is e"
tab:farbudget.cap02.n06,number,3,located,,"The gate here is applied to the le pre-onset FAR averaged across the three runs, so a detector w can hold a valid operating point on an individual run and still th show 0.0 in this table: LSTM-AE is e"
tab:farbudget.cap02.n07,number,99,located,,"The gate here is applied to the le pre-onset FAR averaged across the three runs, so a detector w can hold a valid operating point on an individual run and still th show 0.0 in this table: LSTM-AE is e"
tab:farbudget.cap02.n08,number,6,located,,"The gate here is applied to the le pre-onset FAR averaged across the three runs, so a detector w can hold a valid operating point on an individual run and still th show 0.0 in this table: LSTM-AE is e"
tab:farbudget.cap03,sentence,,located,,The 3σ recommendation th holds at τ = 0.10 and 0.20 but not at a strict τ = 0.05.
tab:farbudget.cap03.n01,number,0.10,located,,The 3σ recommendation th holds at τ = 0.10 and 0.20 but not at a strict τ = 0.05.
tab:farbudget.cap03.n02,number,0.20,located,,The 3σ recommendation th holds at τ = 0.10 and 0.20 but not at a strict τ = 0.05.
tab:farbudget.cap03.n03,number,0.05,located,,The 3σ recommendation th holds at τ = 0.10 and 0.20 but not at a strict τ = 0.05.
tab:farbudget.cap04,sentence,,located,,The conclusion is computed on raw lead and is unaffected by τ .
tab:tradeoff.cap01,sentence,,located,1.00,IMS lead-time-vs-false-alarm trade-off (mean across runs) at three threshold percentiles.
tab:tradeoff.cap02,sentence,,located,,"Up-and-to-theleft (high lead, low FAR) is better. † marks operating points whose pre-onset FAR exceeds the τ = 10% budget and are therefore invalid under the gated metric."
tab:tradeoff.cap02.n01,number,10%,located,,"Up-and-to-theleft (high lead, low FAR) is better. † marks operating points whose pre-onset FAR exceeds the τ = 10% budget and are therefore invalid under the gated metric."
tab:tradeoff.cap03,sentence,,located,0.69,The three deep reconstruction models are included so the “no valid operating point” claim can be checked per threshold rather than asserted: all nine of their entries are daggered.
tab:tradeoff.cap04,sentence,,located,,"LSTM-AE’s 99.5th-percentile entry is daggered on the across-run mean (62.0%) although it is within budget on 3rd_test alone, the case the caption of Table 12 describes."
tab:tradeoff.cap04.n01,number,99.5,located,,"LSTM-AE’s 99.5th-percentile entry is daggered on the across-run mean (62.0%) although it is within budget on 3rd_test alone, the case the caption of Table 12 describes."
tab:tradeoff.cap04.n02,number,62.0%,located,,"LSTM-AE’s 99.5th-percentile entry is daggered on the across-run mean (62.0%) although it is within budget on 3rd_test alone, the case the caption of Table 12 describes."
tab:tradeoff.cap04.n03,number,3,located,,"LSTM-AE’s 99.5th-percentile entry is daggered on the across-run mean (62.0%) although it is within budget on 3rd_test alone, the case the caption of Table 12 describes."
tab:ablation_general.cap01,sentence,,located,0.62,Feature-group ablation generalized beyond Isola- Ta tion Forest: valid-alarm fraction (mean over the three IMS zo runs) by group.
tab:ablation_general.cap02,sentence,,located,,"Time-domain amplitude features are best le for every detector; for the SPC charts rms_only is uniquely ra (3σ, EWMA) or jointly best, and spectral/envelope/all col- va lapse them to 0.33. ab an"
tab:ablation_general.cap02.n01,number,0.33,located,,"Time-domain amplitude features are best le for every detector; for the SPC charts rms_only is uniquely ra (3σ, EWMA) or jointly best, and spectral/envelope/all col- va lapse them to 0.33. ab an"
tab:phrank.cap01,sentence,,located,,"Detector rankings on IMS: Saxena prognostic horizon (PH, ungated best raw lead) vs. the gated metric L (best lead at an operating point within the τ = 10% budget)."
tab:phrank.cap01.n01,number,10%,located,,"Detector rankings on IMS: Saxena prognostic horizon (PH, ungated best raw lead) vs. the gated metric L (best lead at an operating point within the τ = 10% budget)."
tab:phrank.cap02,sentence,,located,,"The rankings invert at the top: the detectors PH ranks best have no valid operating point, while 3σ—PH’s fourth—is the deployable winner. ∗RMS-trend is valid only at the loosest threshold and on one o"
fig:mintrain.cap01,sentence,,located,1.00,Valid-alarm fraction vs. training fraction on FEMTO (n = 6).
fig:mintrain.cap01.n01,number,6,located,,Valid-alarm fraction vs. training fraction on FEMTO (n = 6).
fig:mintrain.cap02,sentence,,located,,"SPC charts (blue) sit at the top throughout, peaking at the smallest training fraction and declining slightly thereafter as the test window shrinks; the deep reconstruction models (red) and Deep SVDD "
fig:mintrain.cap02.n01,number,0.62,located,,"SPC charts (blue) sit at the top throughout, peaking at the smallest training fraction and declining slightly thereafter as the test window shrinks; the deep reconstruction models (red) and Deep SVDD "
fig:mintrain.cap03,sentence,,located,,"The three N/A cells at T = 0.20, all on Bearing3_1, which forms only 20 training windows, are counted as no valid alarm."
fig:mintrain.cap03.n01,number,0.20,located,,"The three N/A cells at T = 0.20, all on Bearing3_1, which forms only 20 training windows, are counted as no valid alarm."
fig:mintrain.cap03.n02,number,20,located,,"The three N/A cells at T = 0.20, all on Bearing3_1, which forms only 20 training windows, are counted as no valid alarm."
tab:hyperparams.cap01,sentence,,located,,Fixed hyperparameter protocol (from config.py).
tab:hyperparams.cap02,sentence,,located,,The onset persistence/gap tolerances are in samples of the health-indicator series.
tab:hyperparams.cap03,sentence,,located,1.00,The pre-onset FAR is measured over the full pre-onset window t < to (Eq. 5).
tab:compute.cap01,sentence,,located,,"Per-detector compute cost on the largest IMS run (631 train / 506 test windows, 49-dimensional invariant features, one core of an Intel Core i5-13420H, median of five repeats)."
tab:compute.cap01.n01,number,631,located,,"Per-detector compute cost on the largest IMS run (631 train / 506 test windows, 49-dimensional invariant features, one core of an Intel Core i5-13420H, median of five repeats)."
tab:compute.cap01.n02,number,506,located,,"Per-detector compute cost on the largest IMS run (631 train / 506 test windows, 49-dimensional invariant features, one core of an Intel Core i5-13420H, median of five repeats)."
tab:compute.cap01.n03,number,49,located,,"Per-detector compute cost on the largest IMS run (631 train / 506 test windows, 49-dimensional invariant features, one core of an Intel Core i5-13420H, median of five repeats)."
tab:compute.cap01.n04,number,13420,located,,"Per-detector compute cost on the largest IMS run (631 train / 506 test windows, 49-dimensional invariant features, one core of an Intel Core i5-13420H, median of five repeats)."
tab:compute.cap02,sentence,,located-manual,moved to text: App. A: 'more than four orders of magnitude below ... (10 s)',Even the slowest model’s inference is ≪ the 10 s SCADA polling interval.
tab:compute.cap02.n01,number,10,located,,Even the slowest model’s inference is ≪ the 10 s SCADA polling interval.
tab:deeparch.cap01,sentence,,located,,"Deep-model architectures and training protocol, transcribed from the released config.py and model definitions."
tab:deeparch.cap02,sentence,,located,,All four are trained with Adam at a fixed learning rate with no per-dataset tuning and no early stopping: every model runs its full epoch budget.
tab:deeparch.cap03,sentence,,located,,Parameter counts are measured at the 49-dimensional invariant feature width (Appendix B).
tab:deeparch.cap03.n01,number,49,located,,Parameter counts are measured at the 49-dimensional invariant feature width (Appendix B).
tab:deeparch.cap04,sentence,,located,0.62,Deep SVDD scores individual windows and so takes no sequence length.
tab:basestats.cap01,sentence,,located,,The six per-snapshot base statistics from which the 49-dim invariant space is built.
tab:basestats.cap01.n01,number,49,located,,The six per-snapshot base statistics from which the 49-dim invariant space is built.
tab:basestats.cap02,sentence,,located,1.00,"Each is computed per physical channel on the snapshot waveform x (mean µ, std σ), then channel-aggregated (mean, max) and window-summarised (mean, std, max, slope)."
tab:d17label.cap01,sentence,,located,,"IMS aggregate-decimate lead-time difference under the original (2004-04-08) and corrected (2004-04-18) third- test failure labels, all ten detectors."
tab:d17label.cap01.n01,number,2004-04-08,located,,"IMS aggregate-decimate lead-time difference under the original (2004-04-08) and corrected (2004-04-18) third- test failure labels, all ten detectors."
tab:d17label.cap01.n02,number,2004-04-18,located,,"IMS aggregate-decimate lead-time difference under the original (2004-04-08) and corrected (2004-04-18) third- test failure labels, all ten detectors."
tab:d17label.cap02,sentence,,located,,"Run differences are (1st_test, 2nd_test, 3rd_test) in hours, collapsing the five within-run sampling factors to one mean difference per run (Section 4.9). n+/n-/0 counts positive, negative and exactly"
tab:d17label.cap02.n01,number,1,located,,"Run differences are (1st_test, 2nd_test, 3rd_test) in hours, collapsing the five within-run sampling factors to one mean difference per run (Section 4.9). n+/n-/0 counts positive, negative and exactly"
tab:d17label.cap02.n02,number,2,located,,"Run differences are (1st_test, 2nd_test, 3rd_test) in hours, collapsing the five within-run sampling factors to one mean difference per run (Section 4.9). n+/n-/0 counts positive, negative and exactly"
tab:d17label.cap02.n03,number,3,located,,"Run differences are (1st_test, 2nd_test, 3rd_test) in hours, collapsing the five within-run sampling factors to one mean difference per run (Section 4.9). n+/n-/0 counts positive, negative and exactly"
tab:d17label.cap02.n04,number,0,located,,"Run differences are (1st_test, 2nd_test, 3rd_test) in hours, collapsing the five within-run sampling factors to one mean difference per run (Section 4.9). n+/n-/0 counts positive, negative and exactly"
tab:d17label.cap03,sentence,,located,,“Floor” is the smallest two-sided exact sign-test p attainable at that neff.
tab:d17label.cap04,sentence,,located,,Both arms are computed on the 49-dimensional invariant feature schema so that the contrast isolates the label alone.
tab:d17label.cap04.n01,number,49,located,,Both arms are computed on the 49-dimensional invariant feature schema so that the contrast isolates the label alone.
tab:d17label.cap05,sentence,,located,,"No median changes sign between labels, and no detector reaches α = 0.05 under either label."
tab:d17label.cap05.n01,number,0.05,located,,"No median changes sign between labels, and no detector reaches α = 0.05 under either label."
tab:noise.cap01,sentence,,located-manual,caption merged: tab:mechanism caption (a),"IMS noise injection, run-level (factor 5): the four magnitude SPC charts collapsed to one mean aggregate - decimate lead-time difference per run (n = 3)."
tab:noise.cap01.n01,number,5,located,,"IMS noise injection, run-level (factor 5): the four magnitude SPC charts collapsed to one mean aggregate - decimate lead-time difference per run (n = 3)."
tab:noise.cap01.n02,number,3,located,,"IMS noise injection, run-level (factor 5): the four magnitude SPC charts collapsed to one mean aggregate - decimate lead-time difference per run (n = 3)."
tab:noise.cap02,sentence,,located-manual,"caption merged: tab:mechanism panel (a) header 'Per-run [t1, t2, t3]'","Per-run values in order (test 1, test 2, test 3)."
tab:noise.cap02.n01,number,1,located,,"Per-run values in order (test 1, test 2, test 3)."
tab:noise.cap02.n02,number,2,located,,"Per-run values in order (test 1, test 2, test 3)."
tab:noise.cap02.n03,number,3,located,,"Per-run values in order (test 1, test 2, test 3)."
tab:noise.cap03,sentence,,located,,The mean advantage grows monotonically as SNR falls—the signature of a lowpass mechanism—but at n = 3 this is a directional trend that cannot be significance-tested.
tab:noise.cap03.n01,number,3,located,,The mean advantage grows monotonically as SNR falls—the signature of a lowpass mechanism—but at n = 3 this is a directional trend that cannot be significance-tested.
tab:denoise.cap01,sentence,,located-manual,caption merged: tab:mechanism caption (b),"IMS denoiser comparison (factor 5, four magnitude op charts collapsed to one mean per run, n = 3): mean lead time when a smoother is applied to the decimated stream, against 3σ raw aggregation and raw"
tab:denoise.cap01.n01,number,5,located,,"IMS denoiser comparison (factor 5, four magnitude op charts collapsed to one mean per run, n = 3): mean lead time when a smoother is applied to the decimated stream, against 3σ raw aggregation and raw"
tab:denoise.cap01.n02,number,3,located,,"IMS denoiser comparison (factor 5, four magnitude op charts collapsed to one mean per run, n = 3): mean lead time when a smoother is applied to the decimated stream, against 3σ raw aggregation and raw"
tab:denoise.cap02,sentence,,located,,"A moving average or ro Kalman filter recovers the aggregate lead time, showing the RM benefit is generic smoothing. pa a"
tab:ongc.cap01,sentence,,located,,"ONGC real-turbine SCADA (single-asset case study, n = 1; no statistical inference): descriptive aggregate - decimate lead-time difference, median over the five sampling factors."
tab:ongc.cap01.n01,number,1,located,,"ONGC real-turbine SCADA (single-asset case study, n = 1; no statistical inference): descriptive aggregate - decimate lead-time difference, median over the five sampling factors."
tab:ongc.cap02,sentence,,located,,All differences are about a minute or less.
C001@S00.001,claim,C001,located,,"A Latch-On-Resistant, False-Alarm-Gated Lead-Time Metric for Bearing Anomaly Detection — and What It Reveals About SCADA-Rate Logging Ansh Goyal1 1 Jaypee Institute of Information Technology, Noida, I"
C001@S01.004,claim,C001,located,,"Despite this, most published detectors are evaluated with classification metrics—accuracy, precision/recall, and receiver operating characteristic area under the curve (ROC- AUC)."
C001@S01.005,claim,C001,located,,"These answer “was the failure detected?” but not the question a maintenance planner actually asks: “how many hours of warning did we get, and how often did the system cry wolf?"
C001@S01.016,claim,C001,located,,"Detectors are ranked by classification accuracy, which ignores how early a warning arrives and at what false-alarm cost; and it is unknown whether the coarse, bin-averaged logging of a SCADA historian"
C002@S00.002,claim,C002,located,,"We argue that lead time, the warning interval before failure, is the operationally decisive quantity, and we make it the primary evaluation object through a latch-on-resistant, false-alarm-gated metri"
C002@S01.017,claim,C002,located,,We make lead time gated by a leakage-free falsealarm rate the primary metric—warning time counts only when the pre-onset false-alarm rate is within budget—so that the degenerate latch-on detector is p
C002@S38.001,claim,C002,located,,"We presented a lead-time-centric evaluation protocol for bearing anomaly detection, one that defeats the latch-on exploit through an onset-gated, false-alarm-budgeted metric, and used it to test wheth"
C003@S00.001,claim,C003,located,,"A Latch-On-Resistant, False-Alarm-Gated Lead-Time Metric for Bearing Anomaly Detection — and What It Reveals About SCADA-Rate Logging Ansh Goyal1 1 Jaypee Institute of Information Technology, Noida, I"
C003@S00.002,claim,C003,located,,"We argue that lead time, the warning interval before failure, is the operationally decisive quantity, and we make it the primary evaluation object through a latch-on-resistant, false-alarm-gated metri"
C003@S00.003,claim,C003,located,,"Warning time is credited only when the pre-onset false-alarm rate lies within a stated budget τ , so a degenerate constant-on detector is provably scored invalid."
C003@S01.017,claim,C003,located,,We make lead time gated by a leakage-free falsealarm rate the primary metric—warning time counts only when the pre-onset false-alarm rate is within budget—so that the degenerate latch-on detector is p
C003@S01.023,claim,C003,located,,"A latch-on-resistant, false-alarm-gated, onset-relative lead-time metric."
C003@S01.024,claim,C003,located,,"Warning time is credited only when the false-alarm rate over a data-anchored, leakage-free pre-onset region is within a stated budget."
C003@S03.007,claim,C003,located,,"We depart from prior practice in one key respect: we make the false-alarm budget an integral part of the metric’s validity condition rather than a separately reported number, which is precisely what c"
C003@S03.013,claim,C003,located,,"That benchmark folds both into a single weighted score, so a detector may trade false alarms against earliness and still rank well; our budget is a validity condition, and an alarm outside it earns no"
C003@S03.016,claim,C003,located,,"Our metric shares the diagnosis and differs in what it reports: rather than a score on a bounded scale, the gated lead time is a physical quantity— hours of warning—that a maintenance planner can act "
C003@S28.008,claim,C003,located,,"Deep SVDD occupies the opposite corner: it stays comfortably within budget (≤ 0.6% FAR) but only by firing late, buying that low false-alarm rate with a short ≤ 14.8 h lead."
C003@S36.006,claim,C003,located,,"Deep SVDD consistently stays within budget at ≤ 0.6% pre-onset FAR across the swept threshold levels on IMS (Table 13), achieving 14.8 h of advance warning with near-zero false alarms."
C003@tab:farbudget.cap01,claim,C003,located,,FAR-budget sensitivity on IMS: best valid lead time Ta (h) per detector at each false-alarm budget τ (0.0 = no oper- ac ating point within budget).
C003@tab:tradeoff.cap04,claim,C003,located,,"LSTM-AE’s 99.5th-percentile entry is daggered on the across-run mean (62.0%) although it is within budget on 3rd_test alone, the case the caption of Table 12 describes."
C004@S00.001,claim,C004,located,,"A Latch-On-Resistant, False-Alarm-Gated Lead-Time Metric for Bearing Anomaly Detection — and What It Reveals About SCADA-Rate Logging Ansh Goyal1 1 Jaypee Institute of Information Technology, Noida, I"
C004@S00.002,claim,C004,located,,"We argue that lead time, the warning interval before failure, is the operationally decisive quantity, and we make it the primary evaluation object through a latch-on-resistant, false-alarm-gated metri"
C004@S00.003,claim,C004,located,,"Warning time is credited only when the pre-onset false-alarm rate lies within a stated budget τ , so a degenerate constant-on detector is provably scored invalid."
C004@S01.008,claim,C004,located,,"In particular, any lead-time metric that does not pair warning time with a false-alarm constraint can be trivially maximized by a detector that simply alarms from the first sample—a “latch-on” exploit"
C004@S01.017,claim,C004,located,,We make lead time gated by a leakage-free falsealarm rate the primary metric—warning time counts only when the pre-onset false-alarm rate is within budget—so that the degenerate latch-on detector is p
C004@S01.023,claim,C004,located,,"A latch-on-resistant, false-alarm-gated, onset-relative lead-time metric."
C004@S01.025,claim,C004,located,,"We prove— by construction and by a unit test that is part of the released code—that a constant-on (latch-on) detector is scored invalid, while a detector that fires just after the true degradation ons"
C004@S03.007,claim,C004,located,,"We depart from prior practice in one key respect: we make the false-alarm budget an integral part of the metric’s validity condition rather than a separately reported number, which is precisely what c"
C004@S13.006,claim,C004,located,,Why the metric defeats the latch-on exploit.
C004@S13.008,claim,C004,located,,"(5), defeats the latch-on exploit."
C004@S13.009,claim,C004,located,,"A detector that fires from the first sample earns a large L (the full run length) but floods the entire preonset region, giving FARpre ≈ 1 > τ and hence invalid."
C004@S13.011,claim,C004,located,,"A unit test in the released code asserts exactly these two cases: a constant-on detector scores invalid, and an oracle that fires at to+ scores valid at zero preonset FAR."
C004@S13.013,claim,C004,located,,We stress that this defeats the specific latch-on exploit; it is not a claim of unconditional ungameability (see Section 8).
C004@S30.005,claim,C004,located,,PH is maximized by the latch-on detector.
C004@S30.006,claim,C004,located,,A detector that alarms from the first sample earns the entire record as prognostic horizon.
C004@S30.007,claim,C004,located,,"On the three IMS runs this constant-on detector earns the full run length as prognostic horizon (164- 1073 h) while flooding the pre-onset region (FARpre ≈ 1), so the gated metric scores it invalid on"
C004@S30.008,claim,C004,located,,Under PH the latch-on detector is the clear winner; under L it is scored worthless.
C004@S30.010,claim,C004,located,,The latch-on case is a worst-case existence proof; the more damaging point is that PH and L disagree on deployable detectors evaluated at their own best operating points.
C004@S30.017,claim,C004,located,,"Any warning-time metric that does not gate on FARpre can be driven to its maximum by loosening the alarm threshold—in the limit, the constant-on detector."
C004@S33.003,claim,C004,located,,"Second, an onset-gated metric that defeats the latch-on exploit prevents a constant-on detector from manufacturing lead time."
C004@S37.012,claim,C004,located,,"We claim the metric defeats the specific latch-on (constant-on) exploit, not that it is unconditionally ungameable, and we name two surfaces we do not close."
C004@S38.001,claim,C004,located,,"We presented a lead-time-centric evaluation protocol for bearing anomaly detection, one that defeats the latch-on exploit through an onset-gated, false-alarm-budgeted metric, and used it to test wheth"
C004@S40.001,claim,C004,located,,"All code—detectors, the leakage-free onset, the gated metric, the sampling sweep, the conformal wrapper, the run-level statistical harness, and the noise/denoiser mechanism test—is released with a pin"
C005@S01.025,claim,C005,located,,"We prove— by construction and by a unit test that is part of the released code—that a constant-on (latch-on) detector is scored invalid, while a detector that fires just after the true degradation ons"
C005@S13.011,claim,C005,located,,"A unit test in the released code asserts exactly these two cases: a constant-on detector scores invalid, and an oracle that fires at to+ scores valid at zero preonset FAR."
C005@S19.003,claim,C005,located,,"The released environment is pinned to the exact package versions that produced the numbers reported here, and a test suite (168 tests) asserts the metric’s ungameability properties, the leakage-free o"
C005@S40.001,claim,C005,located,,"All code—detectors, the leakage-free onset, the gated metric, the sampling sweep, the conformal wrapper, the run-level statistical harness, and the noise/denoiser mechanism test—is released with a pin"
C005@S40.009,claim,C005,located,,"Released, so that the n = 1 case study can be repeated rather than merely inspected, are the derived files behind every ONGC number in this paper (all paths relative to results/tables/): the degradati"
C006@S01.026,claim,C006,located,,We do not claim the metric is unconditionally ungameable; we discuss residual gaming surfaces in Section 8. 2.
C006@S13.013,claim,C006,located,,We stress that this defeats the specific latch-on exploit; it is not a claim of unconditional ungameability (see Section 8).
C006@S19.003,claim,C006,located,,"The released environment is pinned to the exact package versions that produced the numbers reported here, and a test suite (168 tests) asserts the metric’s ungameability properties, the leakage-free o"
C006@S37.011,claim,C006,located,,Residual gaming surfaces of the metric.
C006@S37.012,claim,C006,located,,"We claim the metric defeats the specific latch-on (constant-on) exploit, not that it is unconditionally ungameable, and we name two surfaces we do not close."
C007@S00.004,claim,C007,located,,We then ask whether the bin-averaged logging of a SCADA historian destroys detection lead time relative to simple decimation.
C007@S01.011,claim,C007,located,,The folklore concern is that this storage step destroys fault-relevant information: that bin-averaging the summary statistics a historian retains washes out the very excursions that signal an incipien
C007@S01.019,claim,C007,located,,The folklore is refuted on every dataset tested: historian-style aggregation does not destroy lead time.
C007@S01.031,claim,C007,located,,"Across XJTU-SY (n = 10), FEMTO/PRONOSTIA (n = 6), University of Ferrara (n = 6), and NASA IMS (n = 3), with bootstrap confidence intervals and run-level significance tests treating the run, not the wi"
C007@S23.003,claim,C007,located,,"Crucially, aggregation does not destroy lead time either: the medians are flat and the per-run differences are within a few minutes."
C007@S33.006,claim,C007,located,,"With all four in place, the original claim that SCADA averaging destroys lead time is refuted on every dataset tested, and the previously-reported significant positive effect is corrected to a consist"
C007@S38.001,claim,C007,located,,"We presented a lead-time-centric evaluation protocol for bearing anomaly detection, one that defeats the latch-on exploit through an onset-gated, false-alarm-budgeted metric, and used it to test wheth"
C007@S38.002,claim,C007,located,,"Across four inferential run-to-failure datasets (XJTU-SY n = 10, FEMTO/PRONOSTIA n = 6, University of Ferrara n = 6, and NASA IMS n = 3) together with a real single-asset turbine SCADA case study (App"
C008@S01.013,claim,C008,located,,"The answer matters: if averaging is harmless, operators can store compact, cheap, bin-averaged streams without sacrificing warning time; if it is harmful, the implication is that prognostics-grade mon"
C008@S36.002,claim,C008,located,,"Storing bin-averaged vibration at SCADA rates, the default behavior of most historians, does not inherently sacrifice bearing-fault warning time relative to keeping decimated raw samples, and may even"
C009@S01.019,claim,C009,located,,The folklore is refuted on every dataset tested: historian-style aggregation does not destroy lead time.
C009@S01.038,claim,C009,located,,We deliberately report a result that is not the one we set out to find.
C009@S01.039,claim,C009,located,,Our working hypothesis was that bin-averaging the stored summary series would wash out incipient-fault excursions and shorten lead time.
C009@S01.041,claim,C009,located,,"We regard reporting the refutation, with its dataset-dependent direction made explicit, as more valuable than a tidy but unsupported positive claim."
C009@S33.006,claim,C009,located,,"With all four in place, the original claim that SCADA averaging destroys lead time is refuted on every dataset tested, and the previously-reported significant positive effect is corrected to a consist"
C009@S38.006,claim,C009,located,,"The contribution is a reproducible methodology and a counter-intuitive empirical result: nondestruction, not a guaranteed positive effect."
C010@S01.035,claim,C010,located,,"The empirical results are for rollingelement bearings under approximately steady operating conditions; we make no claim of transfer to gearboxes, blades, or variable-speed machinery."
C010@S01.037,claim,C010,located,,The metric itself is failure-mode-agnostic: it applies wherever a run-to-failure trajectory and a stationary normal region exist.
C010@S37.005,claim,C010,located,,"The datasets, while deliberately diverse, are all rolling-element bearings; we do not claim the result transfers to gearboxes, blades, or other failure modes without further testing."
C010@S37.036,claim,C010,located,,"Two extensions would sharpen these conclusions most directly: run-to-failure campaigns on long-life bearings of the kind typical in industrial service, where the multi-week runway could express an agg"
C011@S00.005,claim,C011,located,,"Eleven detectors (four statistical process control (SPC) charts, Isolation Forest, three deep reconstruction autoencoders, a root-mean-square (RMS) trend baseline, and two one-class models) are assess"
C011@S23.002,claim,C011,located,,"Table 5 (XJTU-SY rows) shows that the IMS “aggregation helps” trend does not replicate: at the run level (collapsing factors, n = 10) the median difference is 0 h for ten of the eleven detectors (-0.1"
C011@S24.007,claim,C011,located,,"Across all eleven evaluated detectors (every one runs on the full n = 6), 211/660 evaluations yield a valid alarm; as on XJTU, the short-lived bearings (∼1.4-7.8 h) keep absolute lead times small."
C011@S26.004,claim,C011,located,,Table 7 gives the run-level test over all eleven evaluated detectors.
C011@S34.007,claim,C011,located,,"The one real historian record in our study, an ONGC gas-turbine low-pressurecompressor bearing logged at a 10 s SCADA rate and ending in a genuine operator shutdown, has nine of its eleven detectors a"
C011@S40.009,claim,C011,located,,"Released, so that the n = 1 case study can be repeated rather than merely inspected, are the derived files behind every ONGC number in this paper (all paths relative to results/tables/): the degradati"
C011@tab:imslead.cap01,claim,C011,located,,Table 2. † Detectors with no valid operating point under Ta the τ = 10% pre-onset-FAR budget (Table 13): their long im raw leads are achieved only by flooding the pre-onset re- Le gion with false alar
C011@tab:crossds.cap01,claim,C011,located,,"Run-level sign test of aggregate vs decimate or lead time on the three multi-bearing datasets, collapsing the within-bearing sampling factors, for all eleven evaluated de- cl tectors."
C011@tab:equiv.cap01,claim,C011,located,,"Equivalence of the run-level aggregate-decimate lead-time difference against a pre-specified margin δ = 1 h, on the three multi-bearing inferential campaigns for all eleven evaluated detectors."
C011@tab:gatedcontrast.cap01,claim,C011,located,,"Aggregate-decimate contrast under the raw and the gated metric, on the post-N-20 reruns over all eleven detectors."
C012@S01.018,claim,C012,located,,"Under this metric we run a controlled sampling sweep that holds window content and alarm persistence constant, applied to nine detectors (four SPC charts, Isolation Forest, three deep reconstruction a"
C012@S14.001,claim,C012,located,,"The headline set comprises nine detectors, evaluated under one fixed hyperparameter protocol: • RMS-trend (naive baseline): alarm when the mean-RMS exceeds kσ above its training baseline."
C012@S14.005,claim,C012,located,,Additionally evaluated (not in the headline nine).
C012@S14.007,claim,C012,located,,"Deep SVDD produced no valid alarm on any FEMTO bearing at any training fraction below T = 0.60, and a valid alarm on exactly one of the six bearings at T = 0.60 (Section 6.12); it is omitted from the "
C012@tab:imslead.cap01,claim,C012,located,,Table 2. † Detectors with no valid operating point under Ta the τ = 10% pre-onset-FAR budget (Table 13): their long im raw leads are achieved only by flooding the pre-onset re- Le gion with false alar
C013@S00.005,claim,C013,located,,"Eleven detectors (four statistical process control (SPC) charts, Isolation Forest, three deep reconstruction autoencoders, a root-mean-square (RMS) trend baseline, and two one-class models) are assess"
C013@S01.018,claim,C013,located,,"Under this metric we run a controlled sampling sweep that holds window content and alarm persistence constant, applied to nine detectors (four SPC charts, Isolation Forest, three deep reconstruction a"
C013@S01.031,claim,C013,located,,"Across XJTU-SY (n = 10), FEMTO/PRONOSTIA (n = 6), University of Ferrara (n = 6), and NASA IMS (n = 3), with bootstrap confidence intervals and run-level significance tests treating the run, not the wi"
C013@S08.001,claim,C013,located,,"We use four inferential run-to-failure datasets spanning controlled-lab and cross-condition regimes, together with a single-asset real-historian case study (Table 1)."
C013@S37.036,claim,C013,located,,"Two extensions would sharpen these conclusions most directly: run-to-failure campaigns on long-life bearings of the kind typical in industrial service, where the multi-week runway could express an agg"
C013@S38.002,claim,C013,located,,"Across four inferential run-to-failure datasets (XJTU-SY n = 10, FEMTO/PRONOSTIA n = 6, University of Ferrara n = 6, and NASA IMS n = 3) together with a real single-asset turbine SCADA case study (App"
C013@S40.006,claim,C013,located,,"The IMS (NASA), XJTU-SY, and FEMTO/PRONOSTIA run-to-failure datasets are publicly available from their original providers; the repository ships the loaders and the derived per-bearing feature caches f"
C013@tab:datasets.cap03,claim,C013,located,,The four inferential datasets supply the run-level statistics; ONGC is a single-asset case study (Appendix D.2) and Paderborn is excluded.
C013@fig:crossdataset.cap04,claim,C013,located,,ONGC bars are hatched to mark the n = 1 descriptive case study as separate from the four inferential datasets.
C014@S00.007,claim,C014,located,,"We state the crossdataset conclusion as a bounded equivalence rather than an accepted null: against a pre-specified ±1 h operational margin—the resolution at which the result is actionable, since a ma"
C014@S01.018,claim,C014,located,,"Under this metric we run a controlled sampling sweep that holds window content and alarm persistence constant, applied to nine detectors (four SPC charts, Isolation Forest, three deep reconstruction a"
C014@S01.020,claim,C014,located,,"On the large multi-bearing sets (XJTU-SY, FEMTO, Ferrara) the difference is negligible; on IMS the median shift is positive for most magnitude detectors but not consistent in direction across the thre"
C014@S08.001,claim,C014,located,,"We use four inferential run-to-failure datasets spanning controlled-lab and cross-condition regimes, together with a single-asset real-historian case study (Table 1)."
C014@S08.002,claim,C014,located,,"They were chosen so that the central sampling claim is tested under genuinely different conditions: a high-rate rawwaveform rig where aggregation can be simulated faithfully (IMS), two multi-bearing c"
C014@S15.012,claim,C014,located,,"On the real ONGC historian stream the single-asset calibration tracks the diagonal much more closely (empirical FAR 0.016, 0.030, 0.096 at α = 0.01, 0.02, 0.05), sitting a modest 1.5-2× above the targ"
C014@S18.006,claim,C014,located,,"We therefore collapse each run to a single difference, the mean of (aggregate - decimate) over factors, giving one observation per run: n = 3 on IMS, n = 10 on XJTU-SY, and n = 1 on ONGC (a single ass"
C014@S18.013,claim,C014,located,,"Across the detec- tor × dataset family of aggregate-vs-decimate tests (ONGC excluded, n = 1) we control the family-wise error rate with the Holm-Bonferroni step-down procedure at α = 0.05, stat- ing t"
C014@S27.001,claim,C014,located,,"The aggregate-vs-decimate question is asked once per detector on each inferential dataset, so the family of hypotheses is the 11 × 4 = 44 detector × dataset tests over IMS, XJTUSY, FEMTO, and Ferrara "
C014@S31.019,claim,C014,located,,"The closest publicly available single-bearing example is the KAIST bearing with a ∼43-hour lifecycle (n = 1, insufficient for inference as noted in Section 8)."
C014@S34.006,claim,C014,located,,The single-asset turbine case study.
C014@S34.008,claim,C014,located,,Because it is a single asset (n = 1) we draw no inference from it and exclude it from the inferential family; we report it in full as a case study in Appendix D.2.
C014@S37.004,claim,C014,located,,"ONGC is a single asset (n = 1), reported as a descriptive case study with no inference (Table 23)."
C014@S37.031,claim,C014,located,,"Long-runway bearing datasets with multiple runs are rare in the public domain; the closest available single- bearing example is a KAIST bearing with a ∼43-hour lifecy- cle (n = 1, insufficient for inf"
C014@S38.002,claim,C014,located,,"Across four inferential run-to-failure datasets (XJTU-SY n = 10, FEMTO/PRONOSTIA n = 6, University of Ferrara n = 6, and NASA IMS n = 3) together with a real single-asset turbine SCADA case study (App"
C014@S39.001,claim,C014,located,,The author thanks the operators and data engineers at ONGC who collected and maintained the gas-turbine SCADA record used in the single-asset case study.
C014@S40.009,claim,C014,located,,"Released, so that the n = 1 case study can be repeated rather than merely inspected, are the derived files behind every ONGC number in this paper (all paths relative to results/tables/): the degradati"
C014@S47.006,claim,C014,located,,"Because ONGC is a single asset (n = 1), we treat it as a descriptive case study and draw no statistical inference from it."
C014@tab:datasets.cap03,claim,C014,located,,The four inferential datasets supply the run-level statistics; ONGC is a single-asset case study (Appendix D.2) and Paderborn is excluded.
C014@tab:equiv.cap05,claim,C014,located,,"IMS is equivalent in no cell at n = 3, its intervals being too wide to decide, and ONGC is untestable at n = 1; neither enters this family."
C014@fig:crossdataset.cap01,claim,C014,located,,"Median run-level lead-time difference (aggregate - decimate) per dataset and detector, annotated with the unit of inference (n = 3 IMS, n = 10 XJTU, n = 6 FEMTO, n = 6 Ferrara), plus the n = 1 ONGC ca"
C014@fig:crossdataset.cap04,claim,C014,located,,ONGC bars are hatched to mark the n = 1 descriptive case study as separate from the four inferential datasets.
C014@tab:holm.cap01,claim,C014,located,,"Holm-Bonferroni correction across the N = 44 Ta detector × dataset family (IMS n = 3, XJTU-SY n = 10, th FEMTO n = 6, University of Ferrara n = 6; ONGC, n = 1, te is excluded)."
C014@fig:conformal.cap05,claim,C014,located,,"(d) ONGC turbine (n = 1 case study, Appendix D.2): the real historian stream tracks the diagonal closely, a modest 1.5-2× above target, consistent with a mostly-stationary normal region."
C014@tab:ongc.cap01,claim,C014,located,,"ONGC real-turbine SCADA (single-asset case study, n = 1; no statistical inference): descriptive aggregate - decimate lead-time difference, median over the five sampling factors."
C015@S08.019,claim,C015,located,,"XJTU-SY (n = 10) is our primary inferential dataset; IMS (n = 3) is retained for its raw-waveform access, which permits the faithful aggregate/decimate simulation and the mechanism analysis (Appendix "
C015@S20.001,claim,C015,located,,We present IMS first for its raw-waveform access and the mechanism analysis it permits; XJTU-SY (n = 10) is the primary inferential test.
C016@S08.011,claim,C016,located,,"We deliberately exclude the Paderborn dataset (Lessmeier, Kimotho, Zimmer, & Sextro, 2016) from the lead-time study: it comprises pre-damaged bearings measured at fixed operating conditions for fault "
C016@tab:datasets.cap03,claim,C016,located,,The four inferential datasets supply the run-level statistics; ONGC is a single-asset case study (Appendix D.2) and Paderborn is excluded.
C017@S04.005,claim,C017,located,,"The FEMTO/PRONOSTIA and XJTU-SY campaigns are best known through the IEEE PHM 2012 challenge and subsequent remaining-useful-life (RUL) studies (Wang, Lei, Li, & Li, 2020; Nectoux et al., 2012), whose"
C017@S08.008,claim,C017,located,,"The FEMTO/PRONOSTIA platform (Nectoux et al., 2012) contributes an independent run-tofailure campaign: six Learning_set bearings under three operating conditions, with horizontal and vertical accelero"
C017@S08.009,claim,C017,located,,"We use only the six Learning_set bearings because they are run until the platform’s 20 g vibration stop—a failure, and hence a lead time, is actually observed—whereas the Test_set/Validation_set copie"
C017@S24.001,claim,C017,located,,"The six FEMTO Learning_set bearings provide a second, fully independent multi-bearing test, and—unlike XJTU, where most bearings are too short to form a length-30 sequence—all six are long enough that"
C018@S08.014,claim,C018,located,,"The University of Ferrara dataset (Arpa, Gabrielli, & Battarra, 2024) contributes a fully independent run-to-failure campaign: six self-aligning double-row ball bearings under constant speed and radia"
C018@S08.017,claim,C018,located,,The single accelerometer channel is duplicated into the two channel slots so the channel-invariant feature schema applies unchanged.
C018@S08.018,claim,C018,located,,"The dataset is included to further test the non-destruction hypothesis with an independent 2024 rig; like FEMTO and XJTU-SY, its short bearing lifetimes mean this campaign cannot confirm or deny the I"
C018@S25.001,claim,C018,located,,"The University of Ferrara campaign (Arpa et al., 2024) adds a fifth, fully independent run-to-failure dataset and a second constant-condition multi-bearing rig beyond FEMTO."
C018@S25.003,claim,C018,located,,"Like the other short-lived campaigns, Ferrara’s 0.7-6.8 h lifetimes mean it cannot confirm or deny the IMS positive trend; what it does add is a second independent replication on a modern (2024) rig."
C019@S00.009,claim,C019,located,,"The campaigns that supply this statistical power are short-lived bearings, on which an effect of the magnitude IMS shows could not have appeared, so the cross-dataset null bounds the effect at the sca"
C019@S00.010,claim,C019,located,,"On the short-lived bearings tested, deep reconstruction models do not overtake the control charts at any training fraction in [0.20, 0.60]; whether a crossover exists on long-runway assets is left ope"
C019@S01.033,claim,C019,located,,"Validation: wiring and empirical validation of a conformal detector for distribution-free false-alarm control, a lead-time-vs-false-alarm trade-off analysis, feature-group and spectral ablations that "
C019@S08.007,claim,C019,located,,"With n = 10 it provides the strongest generalization test in this study; its published lifetimes range widely (52-533 min), which deliberately stresses the metric with both long-degrading and abrupt-f"
C019@S08.010,claim,C019,located,,Lifetimes span ∼1.4-7.8 h.
C019@S08.015,claim,C019,located,,"Lifetimes span 0.7-6.8 h, similar to FEMTO."
C019@S15.010,claim,C019,located,,"On FEMTO, no bearing honors the bound at α = 0.05 (empirical pre-onset FAR 0.08-0.56; pooled 0.27), because the short 1.4-7.8 h lifetimes leave a pre-onset region that is neither long nor stationary—t"
C019@S22.009,claim,C019,located,,"Two exceptions: XJTU Bearing1_2 fires at only one of the three k values, and FEMTO Bearing1_1 has the widest spread (8.9 points)—both short-lived bearings the per-bearing analysis already flags as har"
C019@S23.004,claim,C019,located,,"Lead times are short in absolute terms (0-3.5 h) because XJTU bearings are short-lived (52-533 min); over the five window-magnitude detectors (the three SPC charts 3σ/EWMA/Hotelling, Isolation Forest,"
C019@S24.007,claim,C019,located,,"Across all eleven evaluated detectors (every one runs on the full n = 6), 211/660 evaluations yield a valid alarm; as on XJTU, the short-lived bearings (∼1.4-7.8 h) keep absolute lead times small."
C019@S25.003,claim,C019,located,,"Like the other short-lived campaigns, Ferrara’s 0.7-6.8 h lifetimes mean it cannot confirm or deny the IMS positive trend; what it does add is a second independent replication on a modern (2024) rig."
C019@S31.013,claim,C019,located,,"The failure mode is the same as on IMS test 1: Deep SVDD fires very late in the run, because its threshold requires substantial encoder-distance growth from the trained center before alarming, so on s"
C019@S34.004,claim,C019,located,,"On ONGC the data is already smoothed at the 10 s historian rate, so further aggregation adds little; on XJTU the bearings are short-lived and many fail abruptly, so there is little quiet runway over w"
C019@S37.007,claim,C019,located,,"The three campaigns that supply statistical power—XJTU-SY, FEMTO/PRONOSTIA and University of Ferrara—comprise bearings whose total lifetimes span roughly 0.7 to 8.9 h, so an aggregation effect of the "
C019@S38.004,claim,C019,located,,"That null is bounded by the scale of the evidence: the three campaigns supplying the statistical power comprise bearings of 0.7-8.9 h total life, on which an aggregation effect of the magnitude seen o"
C019@S38.005,claim,C019,located,,"On the short-lived bearings tested, the deep reconstruction models do not overtake the control charts at any training fraction in [0.20, 0.60]; whether a crossover exists on long-runway assets is left"
C019@fig:conformal.cap04,claim,C019,located,,"(c) FEMTO/PRONOSTIA: no bearing honors the bound at α = 0.05, because the short, non-stationary pre-onset regions of these 1.4-7.8 h bearings cannot support it."
C019@fig:tradeoffs.cap03,claim,C019,located,,"(b) The ten XJTU-SY bearings: the same qualitative shape at the shorter absolute lead times these short-lived bearings permit, showing that the operating-point selection generalizes."
C020@S08.017,claim,C020,located,,The single accelerometer channel is duplicated into the two channel slots so the channel-invariant feature schema applies unchanged.
C020@S11.002,claim,C020,located,,A naive feature scheme that concatenates per-channel statistics and all cross-channel pairs is channel-count dependent and ill-posed: it produces 445 features for a 4-channel run and 1465 for an 8-cha
C020@S11.005,claim,C020,located,,This yields a fixed 49-dimensional space that is identical across 4and 8-channel assets and directly comparable across datasets.
C020@S33.004,claim,C020,located,,"Third, a p < n, channel-invariant feature space removes the ill-posedness of a channel-countdependent scheme."
C020@S42.002,claim,C020,located,,"Table 18 gives the architectures and training protocol of the four deep models, transcribed from the same source, with trainable parameter counts measured at the 49-dimensional invariant feature width"
C020@tab:compute.cap01,claim,C020,located,,"Per-detector compute cost on the largest IMS run (631 train / 506 test windows, 49-dimensional invariant features, one core of an Intel Core i5-13420H, median of five repeats)."
C020@tab:deeparch.cap03,claim,C020,located,,Parameter counts are measured at the 49-dimensional invariant feature width (Appendix B).
C020@tab:basestats.cap01,claim,C020,located,,The six per-snapshot base statistics from which the 49-dim invariant space is built.
C020@tab:d17label.cap04,claim,C020,located,,Both arms are computed on the 49-dimensional invariant feature schema so that the contrast isolates the label alone.
C021@S11.006,claim,C021,located,,A train-fit variance top-k selection (k ≤ 50) then guarantees p < n.
C021@S11.007,claim,C021,located,,"All scaling is fit on the training split only, so no test-region statistic leaks into the features."
C021@S33.004,claim,C021,located,,"Third, a p < n, channel-invariant feature space removes the ill-posedness of a channel-countdependent scheme."
C021@S43.003,claim,C021,located,,"A train-fit variance top-k selection (k ≤ 50) keeps p < n, and every statistic is fit on the training split only, so no test-region information leaks into the features."
C022@S12.005,claim,C022,located,,"With band β = µb + kσb (default k = 4), the onset is the start of the last sustained excursion above β before failure, to = min{ t ∈ Rlast : h(t) > β }, (2) where Rlast is the final run of consecutive"
C022@S12.006,claim,C022,located,,"Using the last sustained excursion makes the onset robust to early run-in transients and to the single trailing machine-off sample, both of which can otherwise spuriously mark an early onset."
C022@S12.008,claim,C022,located,,Algorithm 1 Leakage-free terminal degradation onset The terminal-excursion rule has a predictable bias.
C022@S12.009,claim,C022,located,,"The onset fires at the first sample of the last sustained excursion above the band β = µb + kσb, so for a degradation ramp of slope m the estimator is late by approximately kσb/m, with a standard devi"
C023@S01.017,claim,C023,located,,We make lead time gated by a leakage-free falsealarm rate the primary metric—warning time counts only when the pre-onset false-alarm rate is within budget—so that the degenerate latch-on detector is p
C023@S01.024,claim,C023,located,,"Warning time is credited only when the false-alarm rate over a data-anchored, leakage-free pre-onset region is within a stated budget."
C023@S12.004,claim,C023,located,,The default indicator is the element-wise maximum of two baseline-standardized trends—the mean-RMS trend and the mean-kurtosis trend— so that it responds to whichever degradation mode (amplitude growt
C023@S12.008,claim,C023,located,,Algorithm 1 Leakage-free terminal degradation onset The terminal-excursion rule has a predictable bias.
C023@S19.003,claim,C023,located,,"The released environment is pinned to the exact package versions that produced the numbers reported here, and a test suite (168 tests) asserts the metric’s ungameability properties, the leakage-free o"
C023@S37.017,claim,C023,located,,"The onset definition, although leakage-free and stable to its threshold multiplier across k ∈ {3, 4, 5} (Table 3), is not the ground-truth defect-initiation time, which is unobservable in these datase"
C023@S40.001,claim,C023,located,,"All code—detectors, the leakage-free onset, the gated metric, the sampling sweep, the conformal wrapper, the run-level statistical harness, and the noise/denoiser mechanism test—is released with a pin"
C023@fig:health.cap02,claim,C023,located,,Health-indicator trajectory for IMS Bearing test 2 with the leakage-free degradation onset and failure markers.
C023@fig:health.cap03,claim,C023,located,,"The baseline mean and standard deviation use only the shaded m un training region, so the onset cannot see the test data. on"
C024@S12.008,claim,C024,located,,Algorithm 1 Leakage-free terminal degradation onset The terminal-excursion rule has a predictable bias.
C024@S12.009,claim,C024,located,,"The onset fires at the first sample of the last sustained excursion above the band β = µb + kσb, so for a degradation ramp of slope m the estimator is late by approximately kσb/m, with a standard devi"
C024@S12.010,claim,C024,located,,"The persistence requirement P does not enter this bias: Algorithm 1 returns min Rlast, the start of the qualifying run, so P governs which excursions are admitted rather than delaying the timestamp re"
C024@S12.011,claim,C024,located,,"Both bias and spread scale inversely with the ramp slope: the estimator is near-unbiased and stable under abrupt degradation, where the delay falls to the sampling interval ∆t alone, and systematicall"
C025@S12.013,claim,C025,located,,"The persistence (5 samples) and gap (10 samples) tolerances of Algorithm 1 are fixed in samples of the health-indicator series, not physical time, and are held constant across datasets."
C025@S12.014,claim,C025,located,,"The datasets are logged at different native intervals (∼10 min per snapshot for IMS after resampling to a uniform grid, 1 min for XJTU-SY, and 10 s for FEMTO and ONGC), so the same 5/10-sample bars co"
C025@S12.015,claim,C025,located,,This keeps the onset rule algorithmically identical everywhere at the price of exact physical-time comparability; the difference is negligible for long records but non-trivial for the shortest bearing
C025@tab:hyperparams.cap02,claim,C025,located,,The onset persistence/gap tolerances are in samples of the health-indicator series.
C026@S12.016,claim,C026,located,,Caveat: onset positions on bearings with total lifetime below 2 h are treated as fragile throughout; per-bearing results in Tables 5 and 9 flag these cases explicitly rather than silently discarding t
C027@S13.004,claim,C027,located,,"An alarm is valid if and only if L > 0 ∧ FARpre ≤ τ, (5) with budget τ = 0.10 throughout."
C028@S13.005,claim,C028,located,,"Where the pre-onset region is empty—the onset estimator places to at or before the first scored window—FARpre is undefined, so the alarm cannot be gated and is excluded from the validity denominator r"
C029@S14.009,claim,C029,located,,"The deep sequence models carry a caveat: across bearings and training fractions these runs furnish between 20 and 335 normal training windows, with a median of 88 at the default split, so the models a"
C029@S31.014,claim,C029,located,,"This is a bearing-lifetime constraint, not a training-data constraint: the model is not data-starved in the usual sense but structurally unable to alarm early enough on runs this short."
C029@S31.017,claim,C029,located,,"This is a statement about a data regime, not about the architectures: across bearings and training fractions these runs furnish between 20 and 335 normal training windows, whereas the models carry 2.0"
C030@S14.012,claim,C030,located,,"On runs with fewer feature windows than the sequence length (short XJTU bearings, some coarse IMS factors) a sequence cannot be formed; we record that (run, detector) cell as an explicit N/A rather th"
C030@S31.003,claim,C030,located,,"At T = 0.20 the shortest bearing (Bearing3_1) forms only 20 training windows, fewer than the 30 a sequence requires, so LSTM-AE, TCN-AE and Transformer-AD are recorded there as explicit N/A rather tha"
C031@S04.003,claim,C031,located,,"We evaluate representatives of both the classical and learning families under a single, fixed hyperparameter protocol so that the comparison is about the evaluation and the sampling question, not abou"
C031@S14.001,claim,C031,located,,"The headline set comprises nine detectors, evaluated under one fixed hyperparameter protocol: • RMS-trend (naive baseline): alarm when the mean-RMS exceeds kσ above its training baseline."
C031@S14.011,claim,C031,located,,"We do not tune them per-dataset, the same fixed-protocol fairness applied to the SPC charts."
C031@S18.014,claim,C031,located,,"We use a single fixed hyperparameter proto- col throughout to avoid optimistic, per-condition tuning bias."
C031@S37.021,claim,C031,located,,"We use a single fixed hyperparameter protocol throughout to avoid optimistic per-condition tuning, and we expose threshold sensitivity through the full trade-off sweep (Table 13) rather than reporting"
C031@S42.003,claim,C031,located,,"A single protocol is applied to every detector, dataset, run, and sampling factor—no per-condition tuning."
C031@tab:hyperparams.cap01,claim,C031,located,,Fixed hyperparameter protocol (from config.py).
C031@tab:deeparch.cap02,claim,C031,located,,All four are trained with Adam at a fixed learning rate with no per-dataset tuning and no early stopping: every model runs its full epoch budget.
C032@S01.033,claim,C032,located,,"Validation: wiring and empirical validation of a conformal detector for distribution-free false-alarm control, a lead-time-vs-false-alarm trade-off analysis, feature-group and spectral ablations that "
C032@S05.001,claim,C032,located,,"Conformal prediction (Vovk, Gammerman, & Shafer, 2005; Laxhammar & Falkman, 2014) provides a distribution-free guarantee that the false-alarm rate is bounded by a target α under exchangeability."
C032@S05.003,claim,C032,located,,"We wire conformal calibration into the lead-time pipeline and, rather than assuming the guarantee, test it empirically across runs— including a run where exchangeability provably fails because the “no"
C032@S15.002,claim,C032,located,,"The distribution-free guarantee FAR ≤ α holds on test 2 (0% through α = 0.10) and is essentially satisfied on test 3 (0.9% at α = 0.01, 4.4% at α = 0.05, so it holds through α = 0.05, while slightly e"
C032@S15.003,claim,C032,located,,"It is violated on test 1 for a principled reason that Table 3 already foretold: that run’s onset fires only ∼12 h before failure, so its “pre-onset” region spans almost the whole record and already co"
C032@S15.012,claim,C032,located,,"On the real ONGC historian stream the single-asset calibration tracks the diagonal much more closely (empirical FAR 0.016, 0.030, 0.096 at α = 0.01, 0.02, 0.05), sitting a modest 1.5-2× above the targ"
C032@S36.003,claim,C032,located,,"The conformal results add a usable, distribution-free false-alarm guarantee wherever the normal region is genuinely stationary, and the trade-off curve turns the gated metric into an operating-point s"
C032@S37.018,claim,C032,located,,"A late onset—as on IMS test 1, where degradation and failure are nearly coincident—inflates the pre-onset region, can mark a genuine early detection invalid, and breaks the conformal exchangeability a"
C032@S38.007,claim,C032,located,,"Future work will learn the degradation onset jointly with the detector so that the metric’s anchor is independent of a hand-set health indicator (closing the circularity noted in Section 8), and exten"
C033@S01.018,claim,C033,located,,"Under this metric we run a controlled sampling sweep that holds window content and alarm persistence constant, applied to nine detectors (four SPC charts, Isolation Forest, three deep reconstruction a"
C033@S01.029,claim,C033,located,,"A controlled SCADA-sampling methodology that holds window content and alarm persistence constant, so that any lead-time difference between the historian’s aggregate mechanism and simple decimation ref"
C033@S16.003,claim,C033,located,,Our controlled sweep holds window content and alarm persistence constant so that only the effective logging interval varies.
C033@S17.003,claim,C033,located,,"On IMS the sweep coarsens the windowed feature vectors, after rolling-window summarisation, which holds window content and alarm persistence constant as the effective logging interval varies."
C033@S37.022,claim,C033,located,,The controlled sampling sweep holds window content and persistence constant so that the aggregate-vs-decimate contrast isolates information loss; the few-windows regime at the largest coarsening facto
C033@S46.002,claim,C033,located,,"If that is the mechanism, two predictions follow, and we test both directly on IMS (controlling window content at sampling factor 5 so only the smoothing differs)."
C034@S01.039,claim,C034,located,,Our working hypothesis was that bin-averaging the stored summary series would wash out incipient-fault excursions and shorten lead time.
C034@S08.004,claim,C034,located,,"Because the waveforms are raw, frequency-domain features (spectral kurtosis, envelope) are meaningful; the coarsening sweep itself acts on the windowed feature vectors, not on the waveform (Section 4."
C034@S17.002,claim,C034,located,,"On no dataset is the raw waveform coarsened: every loader reduces each snapshot to per-channel time-domain statistics at ingest, so the sweep operates on summary series throughout."
C034@S17.005,claim,C034,located,,"This is the operation a historian performs—historians store summary statistics, not waveforms—and it is the operation our claim concerns."
C034@S17.006,claim,C034,located,,It is not a test of raw-signal averaging.
C035@S01.018,claim,C035,located,,"Under this metric we run a controlled sampling sweep that holds window content and alarm persistence constant, applied to nine detectors (four SPC charts, Isolation Forest, three deep reconstruction a"
C035@S01.031,claim,C035,located,,"Across XJTU-SY (n = 10), FEMTO/PRONOSTIA (n = 6), University of Ferrara (n = 6), and NASA IMS (n = 3), with bootstrap confidence intervals and run-level significance tests treating the run, not the wi"
C035@S18.002,claim,C035,located,,"Confidence intervals are obtained by bootstrapping runs, which are the unit of generalization (resampling seeds would understate uncertainty)."
C035@S18.003,claim,C035,located,,The run is the unit of inference.
C035@S18.004,claim,C035,located,,"A single physical bearing run produces one degradation trajectory; the five coarsening factors we apply to that run (f ∈ {1, 2, 5, 10, 20}) are not independent observations but repeated transformation"
C035@S26.005,claim,C035,located,,"Honoring the run as the unit of inference (Section 4.9), the magnitude-monitoring detectors show a positive median difference, but only two are signconsistent: CUSUM (per-run +4.2, +4.7, +4.3 h; media"
C035@S33.005,claim,C035,located,,"Fourth, a statistical test on the genuine unit of inference—the run, not the within-run sampling factor—replaces an eyeballed curve and a pseudoreplicated paired test."
C035@S37.025,claim,C035,located,,"Crucially, the five sampling factors applied within a run are pseudoreplicates of one degradation trajectory, not in- dependent observations: an earlier pooled 15-pair Wilcoxon test treated them as in"
C035@S46.005,claim,C035,located,,"To avoid the pseudoreplication we corrected in the main analysis, we collapse the four magnitude-monitoring SPC charts to one mean difference per run and treat the run as the unit of inference (n = 3 "
C035@fig:crossdataset.cap01,claim,C035,located,,"Median run-level lead-time difference (aggregate - decimate) per dataset and detector, annotated with the unit of inference (n = 3 IMS, n = 10 XJTU, n = 6 FEMTO, n = 6 Ferrara), plus the n = 1 ONGC ca"
C036@S18.007,claim,C036,located,,"On the resulting run-level differences we apply an exact two- sided sign test (binomial, H0 : P (aggregate > decimate) = 1 2 )."
C036@S18.008,claim,C036,located,,"The sign test is assumption-light and the conservative choice at small n: it uses only the direction of each run’s dif- ference, making no normality or symmetry assumption that n = 3 could not support"
C036@S18.009,claim,C036,located,,A parametric mixed-effects model with three random-effect levels would be over-fit and is de- liberately not used.
C036@S23.002,claim,C036,located,,"Table 5 (XJTU-SY rows) shows that the IMS “aggregation helps” trend does not replicate: at the run level (collapsing factors, n = 10) the median difference is 0 h for ten of the eleven detectors (-0.1"
C036@S26.008,claim,C036,located,,"The direction is therefore a positive median for the chart/distance detectors, but not a consistent one—aggregation shortens the lead time of 3σ, EWMA and Isolation Forest on one run each—and with onl"
C036@S37.026,claim,C036,located,,"We collapse to one difference per run and apply an exact sign test, which at n = 3 cannot fall below p = 0.25; after Holm correction across the forty-four-test family nothing is significant (Table 8)."
C036@S37.028,claim,C036,located,,"A parametric mixed-effects model is not used: with three random-effect levels it would be over-fit, and the assumption-light sign test is the defensible choice at this sample size."
C036@S37.029,claim,C036,located,,The minimum- dataset requirement follows directly from the test itself: the exact sign test we use cannot reach significance until at least six runs are sign-concordant (2( 1 2 )6 = 0.031).
C036@S44.021,claim,C036,located,,"The exact two-sided sign test floors at p = 0.25, 0.50 and 1.00 at those three sample sizes respectively, so under the original label six of the ten detectors could not have reached α = 0.05 at any ef"
C036@S46.009,claim,C036,located,,"At n = 3 this is a directional trend, not a significant effect (the exact sign test floors at p = 0.25, and at 30 dB the per-run signs are mixed)."
C036@tab:crossds.cap01,claim,C036,located,,"Run-level sign test of aggregate vs decimate or lead time on the three multi-bearing datasets, collapsing the within-bearing sampling factors, for all eleven evaluated de- cl tectors."
C036@tab:imssweep.cap02,claim,C036,located,,The exact two-sided sign test floors at de p = 0.25 at n = 3.
C036@tab:d17label.cap02,claim,C036,located,,"Run differences are (1st_test, 2nd_test, 3rd_test) in hours, collapsing the five within-run sampling factors to one mean difference per run (Section 4.9). n+/n-/0 counts positive, negative and exactly"
C037@S18.011,claim,C037,located,,"We report this floor explicitly so that the IMS direction is read as a trend, not a significant effect."
C037@S23.004,claim,C037,located,,"Lead times are short in absolute terms (0-3.5 h) because XJTU bearings are short-lived (52-533 min); over the five window-magnitude detectors (the three SPC charts 3σ/EWMA/Hotelling, Isolation Forest,"
C037@S26.008,claim,C037,located,,"The direction is therefore a positive median for the chart/distance detectors, but not a consistent one—aggregation shortens the lead time of 3σ, EWMA and Isolation Forest on one run each—and with onl"
C037@S28.016,claim,C037,located,,But at a strict τ = 0.05 no control chart qualifies at all—only Deep SVDD (14.8 h) and the RMS-trend floor (34.7 h) stay within a 5% budget—so an operator with a very low nuisancealarm tolerance shoul
C037@S35.006,claim,C037,located,,"The prediction that follows is about noise, not about detectors: the advantage of aggregation should grow as the noise floor rises."
C037@S35.014,claim,C037,located,,The argument states which descriptors degrade gracefully under aggregation and why the effect should track the noise floor; it does not predict the magnitude of the effect for any particular detector.
C037@S37.026,claim,C037,located,,"We collapse to one difference per run and apply an exact sign test, which at n = 3 cannot fall below p = 0.25; after Holm correction across the forty-four-test family nothing is significant (Table 8)."
C037@S44.021,claim,C037,located,,"The exact two-sided sign test floors at p = 0.25, 0.50 and 1.00 at those three sample sizes respectively, so under the original label six of the ten detectors could not have reached α = 0.05 at any ef"
C037@S44.022,claim,C037,located,,"The four that retain neff = 3 floor at p = 0.25, which is itself already above α."
C037@S44.023,claim,C037,located,,"The same floor governs the corrected label, where every run is retained but n = 3 still bounds the attainable p at 0.25."
C037@S46.009,claim,C037,located,,"At n = 3 this is a directional trend, not a significant effect (the exact sign test floors at p = 0.25, and at 30 dB the per-run signs are mixed)."
C037@tab:imssweep.cap02,claim,C037,located,,The exact two-sided sign test floors at de p = 0.25 at n = 3.
C037@tab:d17label.cap03,claim,C037,located,,“Floor” is the smallest two-sided exact sign-test p attainable at that neff.
C038@S18.012,claim,C038,located,,Runs whose mean (aggregate - deci- mate) difference is exactly zero after factor-collapsing are ex- cluded from the sign-test count; the n+ and n- tallies in Ta- ble 5 count only non-zero-difference r
C038@S44.010,claim,C038,located,,"Under the original label the third test is a guaranteed miss, so its aggregate and decimate lead times are both zero and the run’s collapsed difference is exactly 0.00 h; Section 4.9’s zero-difference"
C038@S44.017,claim,C038,located,,"The remaining four—Hotelling T 2, LSTM-AE, TCN-AE, and Transformer-AD—alarm early enough to precede even the earlier failure time, so they retain a positive lead in both modes and their third run surv"
C038@S44.019,claim,C038,located,,"Because the zero-difference exclusion operates per detector, the original label does not simply reduce IMS to n = 2."
C038@tab:crossds.cap02,claim,C038,located,,Med. ∆ is the run-level median difference (h); m n+/n- count only non-zero-difference runs; S-c. marks sign Th consistency (yes-: every non-zero run negative). ‡: the three a deep sequence models need
C038@tab:gatedcontrast.cap02,claim,C038,located,,“Med. ∆” is the median across detectors of each detector’s run-level median difference; n+/n-/0 counts detectors by the sign of that median; n¯eff is the mean effective sample size once zero-differenc
C038@tab:d17label.cap02,claim,C038,located,,"Run differences are (1st_test, 2nd_test, 3rd_test) in hours, collapsing the five within-run sampling factors to one mean difference per run (Section 4.9). n+/n-/0 counts positive, negative and exactly"
C039@S00.006,claim,C039,located,,"On IMS the variance-sensitive charts show a positive median shift (3σ +15.1 h), but the direction is not consistent across the three runs and does not survive Holm correction across the N = 44 family "
C039@S01.018,claim,C039,located,,"Under this metric we run a controlled sampling sweep that holds window content and alarm persistence constant, applied to nine detectors (four SPC charts, Isolation Forest, three deep reconstruction a"
C039@S01.032,claim,C039,located,,No dataset × detector cell shows decimation superior beyond a ±1 h operational margin (the cells that favour decimation at all do so by less than that margin) (Section 6.4); nothing survives Holm corr
C039@S18.013,claim,C039,located,,"Across the detec- tor × dataset family of aggregate-vs-decimate tests (ONGC excluded, n = 1) we control the family-wise error rate with the Holm-Bonferroni step-down procedure at α = 0.05, stat- ing t"
C039@S24.002,claim,C039,located,,"Table 5 (FEMTO rows) shows the same verdict as XJTU: at the run level the median aggregate-decimate difference is within ±9 min for every detector, only LSTM-AE and Transformer-AD are sign-consistent,"
C039@S26.008,claim,C039,located,,"The direction is therefore a positive median for the chart/distance detectors, but not a consistent one—aggregation shortens the lead time of 3σ, EWMA and Isolation Forest on one run each—and with onl"
C039@S27.001,claim,C039,located,,"The aggregate-vs-decimate question is asked once per detector on each inferential dataset, so the family of hypotheses is the 11 × 4 = 44 detector × dataset tests over IMS, XJTUSY, FEMTO, and Ferrara "
C039@S27.002,claim,C039,located,,"The uncorrected family-wise error rate at α = 0.05 is 1 - (1 - 0.05)44 ≈ 0.90, which is exactly why a correction is required."
C039@S27.003,claim,C039,located,,We apply Holm-Bonferroni to the forty-four run-level signtest p-values (Table 8).
C039@S27.004,claim,C039,located,,"No hypothesis survives (0 of 44): the smallest raw p-value is 0.125 (Transformer-AD on FEMTO), and after Holm correction across the N = 44 family its adjusted p is 1.00, still far above α."
C039@S27.009,claim,C039,located,,"Because every uncorrected p in the family already exceeds 0.1, this heterogeneity does not change any rejection decision; we flag it so the N = 44 count is not read as forty-four equallypowered tests."
C039@S27.019,claim,C039,located,,"The answer does not change: on every inferential dataset the median run-level difference is at most a few thousandths of an hour under either metric, no detector is sign-consistent enough to reach sig"
C039@S37.026,claim,C039,located,,"We collapse to one difference per run and apply an exact sign test, which at n = 3 cannot fall below p = 0.25; after Holm correction across the forty-four-test family nothing is significant (Table 8)."
C039@S38.002,claim,C039,located,,"Across four inferential run-to-failure datasets (XJTU-SY n = 10, FEMTO/PRONOSTIA n = 6, University of Ferrara n = 6, and NASA IMS n = 3) together with a real single-asset turbine SCADA case study (App"
C039@S40.001,claim,C039,located,,"All code—detectors, the leakage-free onset, the gated metric, the sampling sweep, the conformal wrapper, the run-level statistical harness, and the noise/denoiser mechanism test—is released with a pin"
C039@S44.026,claim,C039,located,,The Holm verdict of Section 6 and the headline are untouched by the relabeling.
C039@tab:crossds.cap03,claim,C039,located,,"No detector is signif- he icant after Holm correction (Table 8); on FEMTO the only sign-consistent detectors, LSTM-AE and Transformer-AD, sm are both negative, and on Ferrara none is sign-consistent. "
C039@tab:imssweep.cap03,claim,C039,located,,Holm-adjusted p in Table 8. be
C039@tab:holm.cap01,claim,C039,located,,"Holm-Bonferroni correction across the N = 44 Ta detector × dataset family (IMS n = 3, XJTU-SY n = 10, th FEMTO n = 6, University of Ferrara n = 6; ONGC, n = 1, te is excluded)."
C039@tab:holm.cap04,claim,C039,located,,After Holm correction every one of the forty-four adjusted p-values is 1.00 and no hypothesis is rejected at α = 0.05; the adjusted-p and rejection columns are therefore omitted rather than repeated f
C039@tab:gatedcontrast.cap03,claim,C039,located,,Gating costs roughly half the effective sample size and changes no conclu- sion: under both metrics no hypothesis is rejected after Holm correction across the N = 44 family.
C040@S19.001,claim,C040,located,,"All experiments use a fixed random-seed protocol; stochastic detectors (Isolation Forest, the conformal wrapper) inject the seed explicitly so that runs are bit-reproducible."
C040@S19.002,claim,C040,located,,"The feature pipeline caches extracted features to Parquet so that the sampling sweep, ablations, calibration, and trade-off analyses all consume identical features."
C040@S19.003,claim,C040,located,,"The released environment is pinned to the exact package versions that produced the numbers reported here, and a test suite (168 tests) asserts the metric’s ungameability properties, the leakage-free o"
C040@S19.004,claim,C040,located,,The figures and tables in this paper are generated directly from the released result tables; no number in this manuscript is hand-edited.
C040@S37.023,claim,C040,located,,Stochastic detectors inject their seed explicitly so results are bit-reproducible.
C040@S40.002,claim,C040,located,,Every table and figure in this paper is generated directly from the result files released in the repository under results/tables/; no number is hand-edited. results/tables/MANIFEST.md maps each table 
C041@S00.006,claim,C041,located,,"On IMS the variance-sensitive charts show a positive median shift (3σ +15.1 h), but the direction is not consistent across the three runs and does not survive Holm correction across the N = 44 family "
C041@S01.031,claim,C041,located,,"Across XJTU-SY (n = 10), FEMTO/PRONOSTIA (n = 6), University of Ferrara (n = 6), and NASA IMS (n = 3), with bootstrap confidence intervals and run-level significance tests treating the run, not the wi"
C041@S23.002,claim,C041,located,,"Table 5 (XJTU-SY rows) shows that the IMS “aggregation helps” trend does not replicate: at the run level (collapsing factors, n = 10) the median difference is 0 h for ten of the eleven detectors (-0.1"
C041@S26.005,claim,C041,located,,"Honoring the run as the unit of inference (Section 4.9), the magnitude-monitoring detectors show a positive median difference, but only two are signconsistent: CUSUM (per-run +4.2, +4.7, +4.3 h; media"
C041@S26.008,claim,C041,located,,"The direction is therefore a positive median for the chart/distance detectors, but not a consistent one—aggregation shortens the lead time of 3σ, EWMA and Isolation Forest on one run each—and with onl"
C041@S26.009,claim,C041,located,,We make no significance claim; the defensible reading is a null result with a positive median direction for the magnitude-monitoring detectors.
C041@S34.002,claim,C041,located,,"This is consistent with the largest IMS median shift appearing in the 3σ chart (+15.1 h), although the shift is not consistent in direction across the three runs."
C041@S37.003,claim,C041,located,,"The IMS “aggregation helps” tendency is a positive-median but non-significant trend, sign-consistent only for CUSUM and Hotelling T 2 (n = 3; Table 7) and does not replicate on the larger XJTU or FEMT"
C041@S37.007,claim,C041,located,,"The three campaigns that supply statistical power—XJTU-SY, FEMTO/PRONOSTIA and University of Ferrara—comprise bearings whose total lifetimes span roughly 0.7 to 8.9 h, so an aggregation effect of the "
C041@S38.002,claim,C041,located,,"Across four inferential run-to-failure datasets (XJTU-SY n = 10, FEMTO/PRONOSTIA n = 6, University of Ferrara n = 6, and NASA IMS n = 3) together with a real single-asset turbine SCADA case study (App"
C041@S44.025,claim,C041,located,,"What the label does not change is the direction: no median flips sign between the two arms, with 3σ holding at +15.10 h and Hotelling T 2 at +1.17 h."
C041@fig:crossdataset.cap02,claim,C041,located,,"IMS shows a positive median shift for most magnitude detectors, not consistent across its three runs; the inferential XJTU, FEMTO, and Ferrara differences are ≈0 on this scale."
C042@S00.006,claim,C042,located,,"On IMS the variance-sensitive charts show a positive median shift (3σ +15.1 h), but the direction is not consistent across the three runs and does not survive Holm correction across the N = 44 family "
C042@S01.020,claim,C042,located,,"On the large multi-bearing sets (XJTU-SY, FEMTO, Ferrara) the difference is negligible; on IMS the median shift is positive for most magnitude detectors but not consistent in direction across the thre"
C042@S01.031,claim,C042,located,,"Across XJTU-SY (n = 10), FEMTO/PRONOSTIA (n = 6), University of Ferrara (n = 6), and NASA IMS (n = 3), with bootstrap confidence intervals and run-level significance tests treating the run, not the wi"
C042@S22.016,claim,C042,located,,"Sweeping the persistence filter (default 3 windows) over {1, 3, 5, 10} on IMS (Table 4a) leaves the median direction stable but not its run-level consistency: 3σ has one negative run at the default (n"
C042@S23.007,claim,C042,located,,"Figure 2 summarizes the cross-dataset picture in one view: a positive but non-significant median shift on IMS that is not consistent across its three runs, and null effects on ONGC and XJTU."
C042@S26.005,claim,C042,located,,"Honoring the run as the unit of inference (Section 4.9), the magnitude-monitoring detectors show a positive median difference, but only two are signconsistent: CUSUM (per-run +4.2, +4.7, +4.3 h; media"
C042@S26.008,claim,C042,located,,"The direction is therefore a positive median for the chart/distance detectors, but not a consistent one—aggregation shortens the lead time of 3σ, EWMA and Isolation Forest on one run each—and with onl"
C042@S34.002,claim,C042,located,,"This is consistent with the largest IMS median shift appearing in the 3σ chart (+15.1 h), although the shift is not consistent in direction across the three runs."
C042@S38.002,claim,C042,located,,"Across four inferential run-to-failure datasets (XJTU-SY n = 10, FEMTO/PRONOSTIA n = 6, University of Ferrara n = 6, and NASA IMS n = 3) together with a real single-asset turbine SCADA case study (App"
C042@fig:crossdataset.cap02,claim,C042,located,,"IMS shows a positive median shift for most magnitude detectors, not consistent across its three runs; the inferential XJTU, FEMTO, and Ferrara differences are ≈0 on this scale."
C043@S00.006,claim,C043,located,,"On IMS the variance-sensitive charts show a positive median shift (3σ +15.1 h), but the direction is not consistent across the three runs and does not survive Holm correction across the N = 44 family "
C043@S01.032,claim,C043,located,,No dataset × detector cell shows decimation superior beyond a ±1 h operational margin (the cells that favour decimation at all do so by less than that margin) (Section 6.4); nothing survives Holm corr
C043@S24.002,claim,C043,located,,"Table 5 (FEMTO rows) shows the same verdict as XJTU: at the run level the median aggregate-decimate difference is within ±9 min for every detector, only LSTM-AE and Transformer-AD are sign-consistent,"
C043@S26.008,claim,C043,located,,"The direction is therefore a positive median for the chart/distance detectors, but not a consistent one—aggregation shortens the lead time of 3σ, EWMA and Isolation Forest on one run each—and with onl"
C043@S27.004,claim,C043,located,,"No hypothesis survives (0 of 44): the smallest raw p-value is 0.125 (Transformer-AD on FEMTO), and after Holm correction across the N = 44 family its adjusted p is 1.00, still far above α."
C043@S27.005,claim,C043,located,,Every one of the fortyfour adjusted p-values is 1.00.
C043@S27.019,claim,C043,located,,"The answer does not change: on every inferential dataset the median run-level difference is at most a few thousandths of an hour under either metric, no detector is sign-consistent enough to reach sig"
C043@tab:holm.cap04,claim,C043,located,,After Holm correction every one of the forty-four adjusted p-values is 1.00 and no hypothesis is rejected at α = 0.05; the adjusted-p and rejection columns are therefore omitted rather than repeated f
C043@tab:gatedcontrast.cap03,claim,C043,located,,Gating costs roughly half the effective sample size and changes no conclu- sion: under both metrics no hypothesis is rejected after Holm correction across the N = 44 family.
C044@S24.002,claim,C044,located,,"Table 5 (FEMTO rows) shows the same verdict as XJTU: at the run level the median aggregate-decimate difference is within ±9 min for every detector, only LSTM-AE and Transformer-AD are sign-consistent,"
C044@S27.004,claim,C044,located,,"No hypothesis survives (0 of 44): the smallest raw p-value is 0.125 (Transformer-AD on FEMTO), and after Holm correction across the N = 44 family its adjusted p is 1.00, still far above α."
C044@tab:holm.cap03,claim,C044,located,,"The smallest is 0.125 (Transformer-AD pl on FEMTO); no cell is nominally significant at an uncor- ro rected α = 0.05. ‡: the three deep sequence models need sio a length-30 window sequence, so their X"
C045@S00.007,claim,C045,located,,"We state the crossdataset conclusion as a bounded equivalence rather than an accepted null: against a pre-specified ±1 h operational margin—the resolution at which the result is actionable, since a ma"
C045@S22.017,claim,C045,located,,"The 3σ valid-alarm fraction is 0.67 at every persistence at full resolution; pooled over the sampling sweep it falls from 0.67 at persistence 1 and 3 to 0.53 at 5 and 0.33 at 10, so a longer filter co"
C045@S24.004,claim,C045,located,,"Table 6 reports the full equivalence family: all 33 of the 33 dataset × detector cells on XJTU-SY, FEMTO and Ferrara are equivalent at δ = 1 h, with no interval endpoint reaching ±0.6 h."
C045@S29.003,claim,C045,located,,"For the memory-based control charts it sharpens: rms_only is the unique group at which 3σ and EWMA reach full validity (1.00 at 0% pre-onset FAR), and spectral/envelope/all collapse all four SPC chart"
C045@S29.004,claim,C045,located,,"Deep SVDD is the instructive exception, and it fails for the opposite reason: its pre-onset FAR stays near 0% under every feature set (it rarely false-alarms), yet spectral features still cut its vali"
C045@S37.008,claim,C045,located,,"The null on these campaigns therefore bounds the effect at the scale of minutes, which is what our equivalence margin reflects, rather than bounding it at the scale of the IMS result."
C045@S40.011,claim,C045,located,,"No inferential claim in this paper depends on ONGC: it is a single asset, reported descriptively, excluded from every run-level significance test and from the 33-cell cross-dataset equivalence result,"
C045@tab:equiv.cap01,claim,C045,located,,"Equivalence of the run-level aggregate-decimate lead-time difference against a pre-specified margin δ = 1 h, on the three multi-bearing inferential campaigns for all eleven evaluated detectors."
C045@tab:equiv.cap03,claim,C045,located,,"All 33 of 33 cells are equivalent, and no interval endpoint reaches ±0.6 h, so the margin is cleared with an order of magnitude to spare."
C045@tab:ablation_general.cap02,claim,C045,located,,"Time-domain amplitude features are best le for every detector; for the SPC charts rms_only is uniquely ra (3σ, EWMA) or jointly best, and spectral/envelope/all col- va lapse them to 0.33. ab an"
C046@S00.007,claim,C046,located,,"We state the crossdataset conclusion as a bounded equivalence rather than an accepted null: against a pre-specified ±1 h operational margin—the resolution at which the result is actionable, since a ma"
C046@tab:equiv.cap05,claim,C046,located,,"IMS is equivalent in no cell at n = 3, its intervals being too wide to decide, and ONGC is untestable at n = 1; neither enters this family."
C047@S00.007,claim,C047,located,,"We state the crossdataset conclusion as a bounded equivalence rather than an accepted null: against a pre-specified ±1 h operational margin—the resolution at which the result is actionable, since a ma"
C048@S00.008,claim,C048,located,,"No cell shows decimation superior beyond the margin; in the five cells whose interval lies wholly below zero, decimation leads by less than the margin, the widest such interval (3σ on FEMTO) reaching "
C048@S01.021,claim,C048,located,,The defensible cross-dataset conclusion is bounded non-destruction: no dataset × detector cell shows decimation superior beyond a ±1 h operational margin (the cells that favour decimation at all do so
C048@S01.032,claim,C048,located,,No dataset × detector cell shows decimation superior beyond a ±1 h operational margin (the cells that favour decimation at all do so by less than that margin) (Section 6.4); nothing survives Holm corr
C048@S24.003,claim,C048,located,,"Decimation leads aggregation in several FEMTO cells, but never by more than the ±1 h operational margin: the run-level 95% bootstrap interval lies wholly below zero for 3σ (mean -0.21 h, [-0.45, -0.04"
C048@S34.005,claim,C048,located,,"The synthesis is therefore not “averaging helps” but bounded non-destruction: across very different regimes, no dataset × detector cell shows decimation superior beyond a ±1 h operational margin (the "
C048@S38.003,claim,C048,located,,No dataset × detector cell shows decimation superior beyond a ±1 h operational margin (the cells that favour decimation at all do so by less than that margin) (Section 6.4).
C049@S00.008,claim,C049,located,,"No cell shows decimation superior beyond the margin; in the five cells whose interval lies wholly below zero, decimation leads by less than the margin, the widest such interval (3σ on FEMTO) reaching "
C049@S24.003,claim,C049,located,,"Decimation leads aggregation in several FEMTO cells, but never by more than the ±1 h operational margin: the run-level 95% bootstrap interval lies wholly below zero for 3σ (mean -0.21 h, [-0.45, -0.04"
C049@S24.005,claim,C049,located,,"Across the three campaigns exactly five cells have an interval lying wholly below zero—Isolation Forest on XJTU-SY, and 3σ, LSTM-AE, RMS-trend and TransformerAD on FEMTO—and every one of them favours "
C050@S00.009,claim,C050,located,,"The campaigns that supply this statistical power are short-lived bearings, on which an effect of the magnitude IMS shows could not have appeared, so the cross-dataset null bounds the effect at the sca"
C050@S37.006,claim,C050,located,,A structural asymmetry limits what the cross-dataset null can establish.
C050@S37.007,claim,C050,located,,"The three campaigns that supply statistical power—XJTU-SY, FEMTO/PRONOSTIA and University of Ferrara—comprise bearings whose total lifetimes span roughly 0.7 to 8.9 h, so an aggregation effect of the "
C050@S37.008,claim,C050,located,,"The null on these campaigns therefore bounds the effect at the scale of minutes, which is what our equivalence margin reflects, rather than bounding it at the scale of the IMS result."
C050@S37.010,claim,C050,located,,"We therefore claim non-destruction at short bearing lifetimes, where the evidence is strong, and consistency with—not demonstration of—non-destruction at the multi-week lifetimes typical of industrial"
C050@S37.036,claim,C050,located,,"Two extensions would sharpen these conclusions most directly: run-to-failure campaigns on long-life bearings of the kind typical in industrial service, where the multi-week runway could express an agg"
C050@S38.004,claim,C050,located,,"That null is bounded by the scale of the evidence: the three campaigns supplying the statistical power comprise bearings of 0.7-8.9 h total life, on which an aggregation effect of the magnitude seen o"
C051@S00.010,claim,C051,located,,"On the short-lived bearings tested, deep reconstruction models do not overtake the control charts at any training fraction in [0.20, 0.60]; whether a crossover exists on long-runway assets is left ope"
C051@S01.033,claim,C051,located,,"Validation: wiring and empirical validation of a conformal detector for distribution-free false-alarm control, a lead-time-vs-false-alarm trade-off analysis, feature-group and spectral ablations that "
C051@S14.010,claim,C051,located,,"We include them to provide a modern-baseline comparison and to determine whether a finite commissioning-data requirement makes deep reconstruction models competitive with SPC charts, and if so to quan"
C051@S31.006,claim,C051,located,,"The result (Figure 6) is unambiguous and, we think, more useful than a crossover point would have been: there is no crossover."
C051@S31.016,claim,C051,located,,"On bearings of the lifetimes tested here, control charts should be preferred regardless of how much run-in history is available, because the deep reconstruction models do not overtake them anywhere in"
C051@S38.005,claim,C051,located,,"On the short-lived bearings tested, the deep reconstruction models do not overtake the control charts at any training fraction in [0.20, 0.60]; whether a crossover exists on long-runway assets is left"
C051@fig:mintrain.cap02,claim,C051,located,,"SPC charts (blue) sit at the top throughout, peaking at the smallest training fraction and declining slightly thereafter as the test window shrinks; the deep reconstruction models (red) and Deep SVDD "
C052@S00.010,claim,C052,located,,"On the short-lived bearings tested, deep reconstruction models do not overtake the control charts at any training fraction in [0.20, 0.60]; whether a crossover exists on long-runway assets is left ope"
C052@S01.033,claim,C052,located,,"Validation: wiring and empirical validation of a conformal detector for distribution-free false-alarm control, a lead-time-vs-false-alarm trade-off analysis, feature-group and spectral ablations that "
C052@S31.018,claim,C052,located,,"Whether a crossover appears on genuinely long-running assets, where a deep model could see orders of magnitude more normal windows than any bearing here provides, is the central open question."
C052@S38.005,claim,C052,located,,"On the short-lived bearings tested, the deep reconstruction models do not overtake the control charts at any training fraction in [0.20, 0.60]; whether a crossover exists on long-runway assets is left"
C053@S01.019,claim,C053,located,,The folklore is refuted on every dataset tested: historian-style aggregation does not destroy lead time.
C053@S01.021,claim,C053,located,,The defensible cross-dataset conclusion is bounded non-destruction: no dataset × detector cell shows decimation superior beyond a ±1 h operational margin (the cells that favour decimation at all do so
C053@S01.031,claim,C053,located,,"Across XJTU-SY (n = 10), FEMTO/PRONOSTIA (n = 6), University of Ferrara (n = 6), and NASA IMS (n = 3), with bootstrap confidence intervals and run-level significance tests treating the run, not the wi"
C053@S08.018,claim,C053,located,,"The dataset is included to further test the non-destruction hypothesis with an independent 2024 rig; like FEMTO and XJTU-SY, its short bearing lifetimes mean this campaign cannot confirm or deny the I"
C053@S23.003,claim,C053,located,,"Crucially, aggregation does not destroy lead time either: the medians are flat and the per-run differences are within a few minutes."
C053@S24.006,claim,C053,located,,"These cells bound rather than overturn that conclusion: the direction of any residual aggregate-vs-decimate effect is dataset-specific noise, while the robust, replicated conclusion is non-destruction"
C053@S34.005,claim,C053,located,,"The synthesis is therefore not “averaging helps” but bounded non-destruction: across very different regimes, no dataset × detector cell shows decimation superior beyond a ±1 h operational margin (the "
C053@S37.003,claim,C053,located,,"The IMS “aggregation helps” tendency is a positive-median but non-significant trend, sign-consistent only for CUSUM and Hotelling T 2 (n = 3; Table 7) and does not replicate on the larger XJTU or FEMT"
C053@S37.010,claim,C053,located,,"We therefore claim non-destruction at short bearing lifetimes, where the evidence is strong, and consistency with—not demonstration of—non-destruction at the multi-week lifetimes typical of industrial"
C053@S38.002,claim,C053,located,,"Across four inferential run-to-failure datasets (XJTU-SY n = 10, FEMTO/PRONOSTIA n = 6, University of Ferrara n = 6, and NASA IMS n = 3) together with a real single-asset turbine SCADA case study (App"
C054@S00.011,claim,C054,located,,"The full pipeline, detectors, and result tables are released at https:// github.com/Ansh-Goyal01/Scada-Leadtime-Benchmark."
C054@S31.020,claim,C054,located,,"Research groups with access to multi-run, long-runway industrial historian archives (gas turbines, compressors, paper machines) can apply the released pipeline directly; loader templates for all publi"
C054@S38.008,claim,C054,located,,"We release the full harness, detectors, tests, and the exact tables and figures of this paper to support replication and extension."
C054@S40.004,claim,C054,located,,Repository: https://github.com/ Ansh-Goyal01/Scada-Leadtime-Benchmark.
C054@S40.005,claim,C054,located,,A versioned snapshot is archived on Zenodo at the concept DOI https://doi.org/10.5281/zenodo.20719076.
C055@S03.011,claim,C055,located,,"The Numenta Anomaly Benchmark (Lavin & Ahmad, 2015) scores streaming detectors under an application profile that rewards early detection and penalises false positives, making the same commitment our g"
C055@S03.015,claim,C055,located,,"Tatbul, Lee, Zdonik, Alam, and Gottschlich (2018) generalise precision and recall from points to ranges with a tunable positional bias, so that early detection within an anomalous interval can be rewa"
C055@S04.010,claim,C055,located,,"Lorden (1971) posed the minimax problem of minimising worst-case detection delay subject to a lower bound on the average run length to false alarm, and Moustakides (1986) later showed that the cumulat"
C056@S00.012,claim,C056,located,,"Keywords: bearing anomaly detection, lead-time metric, false-alarm gating, SCADA historian, prognostic horizon, statistical process control, conformal prediction"
C056@S01.007,claim,C056,located,,"The prognostics community has long advocated time-aware metrics (Saxena et al., 2008; Saxena, Celaya, Saha, Saha, & Goebel, 2010; Goebel, Saha, & Saxena, 2011), yet lead time is rarely the headline qu"
C056@S01.028,claim,C056,located,,"We give, to our knowledge, the first formal comparison showing that an ungated prognostic-horizon metric (the Saxena PH) produces a different and operationally misleading detector recommendation relat"
C056@S03.002,claim,C056,located,,Saxena et al.
C056@S03.003,claim,C056,located,,"(2008), Saxena et al."
C056@S03.005,claim,C056,located,,"(2011) propose a family of prognostic-performance metrics (prognostic horizon, α-λ accuracy, relative accuracy, and timeliness) that explicitly reward early, well-calibrated predictions."
C056@S03.009,claim,C056,located,,"The disagreement is not marginal: on IMS the detectors the prognostic horizon ranks first by raw lead (Hotelling T 2, Isolation Forest, and EWMA) each have no valid operating point at a 10% false-alar"
C056@S21.004,claim,C056,located,,"Once the budget is enforced, 3σ and Deep SVDD are the deployable choices, a reordering we make precise as a formal comparison against the Saxena prognostic horizon in Section 6.11."
C056@S30.002,claim,C056,located,,"We test this against the most widely used ungated warning-time metric— the Saxena prognostic horizon (PH) (Saxena et al., 2008, 2010)—and show that on IMS it makes a different, and operationally wrong"
C056@S30.003,claim,C056,located,,"The PH is the interval between a detector’s first alarm and failure, PH = max(0, (tf -FAT)/3600) hours, with no falsealarm constraint."
C056@S30.005,claim,C056,located,,PH is maximized by the latch-on detector.
C056@S30.006,claim,C056,located,,A detector that alarms from the first sample earns the entire record as prognostic horizon.
C056@S30.007,claim,C056,located,,"On the three IMS runs this constant-on detector earns the full run length as prognostic horizon (164- 1073 h) while flooding the pre-onset region (FARpre ≈ 1), so the gated metric scores it invalid on"
C056@S30.008,claim,C056,located,,Under PH the latch-on detector is the clear winner; under L it is scored worthless.
C056@S30.009,claim,C056,located,,PH and L disagree on the real ranking.
C056@S30.010,claim,C056,located,,The latch-on case is a worst-case existence proof; the more damaging point is that PH and L disagree on deployable detectors evaluated at their own best operating points.
C056@S30.011,claim,C056,located,,Table 15 ranks the seven nonsequence detectors on IMS by their best raw lead (PH) and by their best lead at an operating point within the τ = 10% budget (L).
C056@S30.013,claim,C056,located,,"The four detectors PH ranks highest (Hotelling T 2 176.9 h, Isolation Forest 174.7 h, EWMA 89.1 h, and CUSUM 65.0 h) each have no valid operating point under a 10% false-alarm budget, so their gated l"
C056@S30.014,claim,C056,located,,"The detector PH ranks only fourth, 3σ (77.0 h raw), is the one that actually clears the budget (56.3 h of lead at 8.9% pre-onset FAR) and is the correct recommendation; Deep SVDD, ranked last of the s"
C056@S30.015,claim,C056,located,,"The three deep reconstruction models (omitted from the sweep) would sit above all of these by PH, with raw leads of 183-198 h (Table 2), while alarming through 61-100% of every pre-onset region, i.e."
C056@S30.016,claim,C056,located,,L = 0: the most extreme illustration that PH rewards precisely the detectors a false-alarm-budgeted operator must avoid.
C056@S30.018,claim,C056,located,,Our metric closes this by construction; the Saxena PH does not.
C056@S30.019,claim,C056,located,,"The distinction is not theoretical: on IMS it changes the recommended detector from the ones PH ranks first by raw lead to 3σ, the only classical chart with a valid operating point at a 10% budget. 6."
C056@tab:phrank.cap01,claim,C056,located,,"Detector rankings on IMS: Saxena prognostic horizon (PH, ungated best raw lead) vs. the gated metric L (best lead at an operating point within the τ = 10% budget)."
C056@tab:phrank.cap02,claim,C056,located,,"The rankings invert at the top: the detectors PH ranks best have no valid operating point, while 3σ—PH’s fourth—is the deployable winner. ∗RMS-trend is valid only at the loosest threshold and on one o"
C057@S04.013,claim,C057,located,,"CUSUM, whose optimality theory this is, has no valid operating point on IMS at a 10% budget, because its pre-onset false-alarm rate sits at 19.0-19.8% across every threshold we sweep. 2.3."
C057@S28.007,claim,C057,located,,"EWMA and CUSUM behave the same way: their preonset FAR sits at 19.0-22.1% across the swept thresholds, never dipping below the budget, so neither has a valid operating point: the two memory-based cont"
C057@S29.003,claim,C057,located,,"For the memory-based control charts it sharpens: rms_only is the unique group at which 3σ and EWMA reach full validity (1.00 at 0% pre-onset FAR), and spectral/envelope/all collapse all four SPC chart"
C058@S04.005,claim,C058,located,,"The FEMTO/PRONOSTIA and XJTU-SY campaigns are best known through the IEEE PHM 2012 challenge and subsequent remaining-useful-life (RUL) studies (Wang, Lei, Li, & Li, 2020; Nectoux et al., 2012), whose"
C058@S04.006,claim,C058,located,,"Those numbers are not directly comparable to ours for two structural reasons: (i) they estimate a continuous RUL on runs with no observed failure, whereas our metric measures early-warning lead time o"
C058@S04.007,claim,C058,located,,"We therefore do not tabulate their RUL scores against our lead times, which would be a category error."
C058@S08.012,claim,C058,located,,"Using it for the headline would be a category error, and we say so rather than pad the dataset count."
C059@S21.002,claim,C059,located,,"On raw lead alone the three deep reconstruction models top the table, followed by the one-class SVM, with Hotelling T 2 leading the control charts."
C059@S21.005,claim,C059,located,,"The three deep reconstruction models post raw leads of 183- 198 h but score L = 0 on all three IMS runs (valid-alarm fraction 0/3), because at the 97.5th-percentile operating threshold their pre-onset"
C059@S30.015,claim,C059,located,,"The three deep reconstruction models (omitted from the sweep) would sit above all of these by PH, with raw leads of 183-198 h (Table 2), while alarming through 61-100% of every pre-onset region, i.e."
C060@S21.005,claim,C060,located,,"The three deep reconstruction models post raw leads of 183- 198 h but score L = 0 on all three IMS runs (valid-alarm fraction 0/3), because at the 97.5th-percentile operating threshold their pre-onset"
C060@S30.015,claim,C060,located,,"The three deep reconstruction models (omitted from the sweep) would sit above all of these by PH, with raw leads of 183-198 h (Table 2), while alarming through 61-100% of every pre-onset region, i.e."
C061@S21.006,claim,C061,located,,"Sweeping the alarm threshold changes this only once: across the percentiles of Table 13, which lists all three deep reconstruction models as rows, TCN-AE and Transformer-AD attain no valid operating p"
C061@tab:farbudget.cap02,claim,C061,located,,"The gate here is applied to the le pre-onset FAR averaged across the three runs, so a detector w can hold a valid operating point on an individual run and still th show 0.0 in this table: LSTM-AE is e"
C062@S01.028,claim,C062,located,,"We give, to our knowledge, the first formal comparison showing that an ungated prognostic-horizon metric (the Saxena PH) produces a different and operationally misleading detector recommendation relat"
C062@S03.009,claim,C062,located,,"The disagreement is not marginal: on IMS the detectors the prognostic horizon ranks first by raw lead (Hotelling T 2, Isolation Forest, and EWMA) each have no valid operating point at a 10% false-alar"
C062@S21.004,claim,C062,located,,"Once the budget is enforced, 3σ and Deep SVDD are the deployable choices, a reordering we make precise as a formal comparison against the Saxena prognostic horizon in Section 6.11."
C062@S22.017,claim,C062,located,,"The 3σ valid-alarm fraction is 0.67 at every persistence at full resolution; pooled over the sampling sweep it falls from 0.67 at persistence 1 and 3 to 0.53 at 5 and 0.33 at 10, so a longer filter co"
C062@S30.010,claim,C062,located,,The latch-on case is a worst-case existence proof; the more damaging point is that PH and L disagree on deployable detectors evaluated at their own best operating points.
C062@tab:phrank.cap02,claim,C062,located,,"The rankings invert at the top: the detectors PH ranks best have no valid operating point, while 3σ—PH’s fourth—is the deployable winner. ∗RMS-trend is valid only at the loosest threshold and on one o"
C063@S22.004,claim,C063,located,,"Across k ∈ {3, 4, 5} the onset moves by less than two percent of run span on every run."
C063@S37.017,claim,C063,located,,"The onset definition, although leakage-free and stable to its threshold multiplier across k ∈ {3, 4, 5} (Table 3), is not the ground-truth defect-initiation time, which is unobservable in these datase"
C063@tab:onset.cap04,claim,C063,located,,"The default onset is stable to k; it shifts materially under the decoupled indicators on the slow-degrading tests 2 and 3, but the headline is computed on raw lead and is unaffected by this choice."
C064@S12.012,claim,C064,located,,"This accounts for the pattern in Table 3, where the abrupt first IMS test agrees across all three health indicators at 98-99% of span while the slow-degrading second and third tests move substantially"
C064@S22.005,claim,C064,located,,"The table also exposes a structural fact about the first IMS test: its onset sits at ∼98% of run span, only ∼12.9 h before failure, so its “pre-onset” region is almost the entire record and may alread"
C064@S22.015,claim,C064,located,,Test 1 agrees across all three definitions (∼98-99% of span).
C064@S25.004,claim,C064,located,,"The larger per-run negatives (the -0.5 to -1.1 h entries) are all on E1, whose degradation onset sits within ∼0.1 h of failure (an abrupt, near-coincident-onset bearing analogous to IMS test 1), not a"
C064@S27.014,claim,C064,located,,"Long-degrading bearings such as Bearing2_3 (533 min life) and Bearing1_3 (158 min) are warnable with multi-hour or near-hour lead, whereas the two shortest-lived, abrupt-failure bearings—Bearing2_4 (4"
C064@S30.007,claim,C064,located,,"On the three IMS runs this constant-on detector earns the full run length as prognostic horizon (164- 1073 h) while flooding the pre-onset region (FARpre ≈ 1), so the gated metric scores it invalid on"
C064@S37.018,claim,C064,located,,"A late onset—as on IMS test 1, where degradation and failure are nearly coincident—inflates the pre-onset region, can mark a genuine early detection invalid, and breaks the conformal exchangeability a"
C064@S46.007,claim,C064,located,,"The lone large negative in the table, the -7.94 h native-noise entry, is IMS test 1—the abrupt near-coincident-onset run whose degradation begins only ∼12 h before failure, the same run that violates "
C065@S22.007,claim,C065,located,,"Because the fixed-sample onset parameters (persistence 5, gap tolerance 10) are a larger fraction of a sub-2-hour bearing than of a multi-week IMS run, we repeat the k ∈ {3, 4, 5} sweep on all sixteen"
C065@S22.008,claim,C065,located,,"Every one yields an onset at the default k, including the shortest runs (XJTU Bearing2_4 at 42 min, FEMTO Bearing3_1 at 1.43 h), and the median across-k spread is 1.0 percentage points of run span on "
C065@S22.009,claim,C065,located,,"Two exceptions: XJTU Bearing1_2 fires at only one of the three k values, and FEMTO Bearing1_1 has the widest spread (8.9 points)—both short-lived bearings the per-bearing analysis already flags as har"
C066@S22.010,claim,C066,located,,Onset under a decoupled health indicator.
C066@S22.013,claim,C066,located,,"The onset is not invariant: on the slow-degrading runs a kurtosis-only onset fires much later than the RMS-inclusive default (98.8% vs 61.9% of span on test 2), because amplitude rises before impulsiv"
C066@S40.009,claim,C066,located,,"Released, so that the n = 1 case study can be repeated rather than merely inspected, are the derived files behind every ONGC number in this paper (all paths relative to results/tables/): the degradati"
C066@tab:onset.cap03,claim,C066,located,,"Right: two decoupled indicators that do not share the amplitude basis of the magnitude detectors, at the default k = 4."
C066@tab:onset.cap04,claim,C066,located,,"The default onset is stable to k; it shifts materially under the decoupled indicators on the slow-degrading tests 2 and 3, but the headline is computed on raw lead and is unaffected by this choice."
C067@S22.014,claim,C067,located,,"The headline is unaffected: the aggregate-vs-decimate contrast is computed on raw lead time (Section 4.9), which contains no onset term."
C067@tab:onset.cap04,claim,C067,located,,"The default onset is stable to k; it shifts materially under the decoupled indicators on the slow-degrading tests 2 and 3, but the headline is computed on raw lead and is unaffected by this choice."
C068@S10.003,claim,C068,located,,"A detector assigns a score st and, via a threshold and a persistence filter, an alarm indicator at ∈ {0, 1}."
C068@S14.013,claim,C068,located,,"All non-conformal detectors alarm via a percentile threshold on training scores followed by a persistence filter, so the alarm semantics are identical across detectors and only the score differs."
C068@S22.016,claim,C068,located,,"Sweeping the persistence filter (default 3 windows) over {1, 3, 5, 10} on IMS (Table 4a) leaves the median direction stable but not its run-level consistency: 3σ has one negative run at the default (n"
C068@S22.017,claim,C068,located,,"The 3σ valid-alarm fraction is 0.67 at every persistence at full resolution; pooled over the sampling sweep it falls from 0.67 at persistence 1 and 3 to 0.53 at 5 and 0.33 at 10, so a longer filter co"
C068@tab:robust.cap02,claim,C068,located,,"(a) Alarm persistence on IMS: run-level median aggregate-decimate lead-time difference (h) and the 3σ fa valid-alarm fraction (at full resolution, and pooled over the is five sampling factors) at pers"
C069@S22.020,claim,C069,located,,"A single random draw cannot separate a gap effect from the draw, so we repeat every gap level over five independent draws and state magnitudes only from the across-draw result."
C069@S22.023,claim,C069,located,,"The exception is Hotelling T 2 on IMS, which loses 51.2 h on average at 20% missing—but that loss is bimodal across draws, ranging from 0 to 128.1 h, because it turns entirely on whether the draw remo"
C069@S22.025,claim,C069,located,,An earlier single-draw run reported a 128.1 h collapse already at 5%; that figure is a property of that one draw and we do not state it.
C069@S22.027,claim,C069,located,,"The bounded statement is therefore narrower than the sampling result, and we scope it accordingly: at 20% missing rows the univariate control charts and Isolation Forest lose at most 1 h of warning ti"
C069@tab:robust.cap03,claim,C069,located,,"(b) Historian gaps: mean valid lead time (h) under random gaps of 0%, 5% and 20%, averaged over the runs on which the alarm is valid and then 6 over five independent gap draws per level (defect D18): "
C069@tab:robust.cap05,claim,C069,located,,"Only one (c cell is materially draw-dependent: Hotelling T 2 on IMS at te 20%, which ranges from 58.0 to 186.1 h over the five draws. sig Every other cell varies by less than 3.4 h on IMS and 0.37 h o"
C070@S22.020,claim,C070,located,,"A single random draw cannot separate a gap effect from the draw, so we repeat every gap level over five independent draws and state magnitudes only from the across-draw result."
C070@S22.025,claim,C070,located,,An earlier single-draw run reported a 128.1 h collapse already at 5%; that figure is a property of that one draw and we do not state it.
C071@S22.028,claim,C071,located,,"We claim gap-tolerance for the univariate charts and Isolation Forest at this magnitude of loss, and explicitly not for Hotelling T 2."
C072@S26.002,claim,C072,located,,"Under aggregation, lead time remains high and stable as the interval coarsens; under decimation it degrades faster, with 3σ and Isolation Forest collapsing at coarse intervals (for example, 3σ falls f"
C072@fig:sweep.cap02,claim,C072,located,,"Aggregation (left) preserves lead time as the interval coarsens far better than decimation (right), where the variance-sensitive detectors collapse at coarse rates."
C073@S26.003,claim,C073,located,,"The upturn at the very largest factor reflects the fewwindows regime, where only one or two runs survive and the mean is no longer comparable; we annotate rather than hide it."
C073@S37.022,claim,C073,located,,The controlled sampling sweep holds window content and persistence constant so that the aggregate-vs-decimate contrast isolates information loss; the few-windows regime at the largest coarsening facto
C074@S26.008,claim,C074,located,,"The direction is therefore a positive median for the chart/distance detectors, but not a consistent one—aggregation shortens the lead time of 3σ, EWMA and Isolation Forest on one run each—and with onl"
C074@S37.003,claim,C074,located,,"The IMS “aggregation helps” tendency is a positive-median but non-significant trend, sign-consistent only for CUSUM and Hotelling T 2 (n = 3; Table 7) and does not replicate on the larger XJTU or FEMT"
C075@S17.007,claim,C075,located,,"Averaging a raw waveform is a low-pass filter and does attenuate the impulsive transients that mark an incipient spall; we neither test nor dispute that, and Section 8 names it as the complementary st"
C075@S26.010,claim,C075,located,,"The candidate mechanism is that bin-averaging acts as a low-pass filter suppressing single-window noise in the health statistic, so the alarm threshold is crossed earlier and held more persistently th"
C075@S34.001,claim,C075,located,,"The IMS trend has a clean candidate mechanism: binaveraging is a low-pass filter that removes single-window noise spikes, so the variance-sensitive control charts (3σ, EWMA) cross and hold their thres"
C075@S46.001,claim,C075,located,,"The IMS trend admits a clean candidate mechanism: binaveraging is a low-pass filter that suppresses single-window noise in the health statistic, letting the alarm threshold be crossed earlier and held"
C075@S46.008,claim,C075,located,,"This is the qualitative signature of a low-pass mechanism—the noisier the health signal, the more bin-averaging helps."
C076@S23.002,claim,C076,located,,"Table 5 (XJTU-SY rows) shows that the IMS “aggregation helps” trend does not replicate: at the run level (collapsing factors, n = 10) the median difference is 0 h for ten of the eleven detectors (-0.1"
C076@S37.003,claim,C076,located,,"The IMS “aggregation helps” tendency is a positive-median but non-significant trend, sign-consistent only for CUSUM and Hotelling T 2 (n = 3; Table 7) and does not replicate on the larger XJTU or FEMT"
C077@S23.004,claim,C077,located,,"Lead times are short in absolute terms (0-3.5 h) because XJTU bearings are short-lived (52-533 min); over the five window-magnitude detectors (the three SPC charts 3σ/EWMA/Hotelling, Isolation Forest,"
C077@S27.008,claim,C077,located,,"We note that the family is heterogeneous in power: the three deep sequence models contribute n = 3 XJTU tests rather than n = 10 (marked ‡ in Table 8), and those three cells rest on the longest-lived—"
C077@S27.009,claim,C077,located,,"Because every uncorrected p in the family already exceeds 0.1, this heterogeneity does not change any rejection decision; we flag it so the N = 44 count is not read as forty-four equallypowered tests."
C077@S27.013,claim,C077,located,,The aggregate 209/450 valid-alarm figure quoted above is not uniform: it is the sum of a strongly heterogeneous per-bearing picture.
C078@S23.005,claim,C078,located,,"The deep sequence models are mostly N/A here: only the three longest-lived bearings furnish enough feature windows to form a length-30 sequence (76/90 cells N/A per deep model), a consequence of short"
C078@S23.006,claim,C078,located,,Halving the sequence length to 15 windows does not change this picture: it makes only one additional short bearing usable and the deep reconstruction models still yield a valid alarm on at most one of
C079@S27.014,claim,C079,located,,"Long-degrading bearings such as Bearing2_3 (533 min life) and Bearing1_3 (158 min) are warnable with multi-hour or near-hour lead, whereas the two shortest-lived, abrupt-failure bearings—Bearing2_4 (4"
C079@S37.019,claim,C079,located,,"The per-bearing XJTU breakdown (Table 9) shows the same effect: bearings whose physics provides essentially no warning runway score zero valid alarms regardless of detector, which is correct behavior "
C079@S46.007,claim,C079,located,,"The lone large negative in the table, the -7.94 h native-noise entry, is IMS test 1—the abrupt near-coincident-onset run whose degradation begins only ∼12 h before failure, the same run that violates "
C080@S24.002,claim,C080,located,,"Table 5 (FEMTO rows) shows the same verdict as XJTU: at the run level the median aggregate-decimate difference is within ±9 min for every detector, only LSTM-AE and Transformer-AD are sign-consistent,"
C080@S37.003,claim,C080,located,,"The IMS “aggregation helps” tendency is a positive-median but non-significant trend, sign-consistent only for CUSUM and Hotelling T 2 (n = 3; Table 7) and does not replicate on the larger XJTU or FEMT"
C080@tab:crossds.cap03,claim,C080,located,,"No detector is signif- he icant after Holm correction (Table 8); on FEMTO the only sign-consistent detectors, LSTM-AE and Transformer-AD, sm are both negative, and on Ferrara none is sign-consistent. "
C081@S24.007,claim,C081,located,,"Across all eleven evaluated detectors (every one runs on the full n = 6), 211/660 evaluations yield a valid alarm; as on XJTU, the short-lived bearings (∼1.4-7.8 h) keep absolute lead times small."
C082@S08.016,claim,C082,located,,"Operating conditions are fixed, making the dataset directly compatible with our onset detector without normalization; we use all six available runs (E1-E6)."
C082@S25.002,claim,C082,located,,"Table 5 (Ferrara rows) gives the same verdict as XJTU-SY and FEMTO: at the run level the median aggregate-decimate difference is within ±5 min for every detector, no detector is sign-consistent across"
C082@S25.004,claim,C082,located,,"The larger per-run negatives (the -0.5 to -1.1 h entries) are all on E1, whose degradation onset sits within ∼0.1 h of failure (an abrupt, near-coincident-onset bearing analogous to IMS test 1), not a"
C083@S27.008,claim,C083,located,,"We note that the family is heterogeneous in power: the three deep sequence models contribute n = 3 XJTU tests rather than n = 10 (marked ‡ in Table 8), and those three cells rest on the longest-lived—"
C083@S27.009,claim,C083,located,,"Because every uncorrected p in the family already exceeds 0.1, this heterogeneity does not change any rejection decision; we flag it so the N = 44 count is not read as forty-four equallypowered tests."
C084@S00.002,claim,C084,located,,"We argue that lead time, the warning interval before failure, is the operationally decisive quantity, and we make it the primary evaluation object through a latch-on-resistant, false-alarm-gated metri"
C084@S04.008,claim,C084,located,,"The classic normalized-RMS health-indicator with a first-prediction-time threshold—the workhorse baseline underlying most of that literature—is represented here by our rms_trend detector, evaluated un"
C084@S06.002,claim,C084,located,,"We include fast Fourier transform (FFT) band energies, spectral kurtosis, and Hilbert-envelope amplitudes at the bearing characteristic frequencies, and we ablate them against pure time-domain statist"
C084@S14.008,claim,C084,located,,"We keep it visible because it is the low-false-alarm operating point under the gated metric (Section 6.9, Table 12)."
C084@S18.005,claim,C084,located,,Pooling them as 3 × 5 = 15 “pairs” per detector (as an earlier version of this work did) inflates the effective sample size fivefold and yields overconfident p-values.
C084@S27.016,claim,C084,located,,The same contrast under the gated metric.
C084@S27.018,claim,C084,located,,"Because this paper argues that ungated lead time can mislead, we also report the aggregate-vs-decimate contrast under the gated metric itself, so the sampling conclusion does not rest on a quantity we"
C084@S27.019,claim,C084,located,,"The answer does not change: on every inferential dataset the median run-level difference is at most a few thousandths of an hour under either metric, no detector is sign-consistent enough to reach sig"
C084@S27.021,claim,C084,located,,"Gating discards every run in which a detector never produces a valid alarm, so the mean effective sample size per detector falls from 3.0 to 1.3 on XJTU-SY, 4.8 to 2.8 on FEMTO, 5.0 to 3.6 on Ferrara,"
C084@S28.005,claim,C084,located,,Note that many entries in Table 13 sit above the τ = 10% false-alarm budget; under the gated metric those operating points are invalid and we mark them with a dagger.
C084@S28.006,claim,C084,located,,This has a concrete consequence for detector choice: Hotelling T 2 attains the highest raw lead of any control chart in Table 13 but its pre-onset FAR exceeds the τ = 10% budget at every threshold tes
C084@S30.007,claim,C084,located,,"On the three IMS runs this constant-on detector earns the full run length as prognostic horizon (164- 1073 h) while flooding the pre-onset region (FARpre ≈ 1), so the gated metric scores it invalid on"
C084@S33.003,claim,C084,located,,"Second, an onset-gated metric that defeats the latch-on exploit prevents a constant-on detector from manufacturing lead time."
C084@S36.003,claim,C084,located,,"The conformal results add a usable, distribution-free false-alarm guarantee wherever the normal region is genuinely stationary, and the trade-off curve turns the gated metric into an operating-point s"
C084@S40.001,claim,C084,located,,"All code—detectors, the leakage-free onset, the gated metric, the sampling sweep, the conformal wrapper, the run-level statistical harness, and the noise/denoiser mechanism test—is released with a pin"
C084@S44.018,claim,C084,located,,"The effective sample size is detector-dependent, and neither label can reach significance."
C084@tab:gatedcontrast.cap01,claim,C084,located,,"Aggregate-decimate contrast under the raw and the gated metric, on the post-N-20 reruns over all eleven detectors."
C084@tab:gatedcontrast.cap02,claim,C084,located,,“Med. ∆” is the median across detectors of each detector’s run-level median difference; n+/n-/0 counts detectors by the sign of that median; n¯eff is the mean effective sample size once zero-differenc
C084@tab:gatedcontrast.cap03,claim,C084,located,,Gating costs roughly half the effective sample size and changes no conclu- sion: under both metrics no hypothesis is rejected after Holm correction across the N = 44 family.
C084@tab:tradeoff.cap02,claim,C084,located,,"Up-and-to-theleft (high lead, low FAR) is better. † marks operating points whose pre-onset FAR exceeds the τ = 10% budget and are therefore invalid under the gated metric."
C084@tab:phrank.cap01,claim,C084,located,,"Detector rankings on IMS: Saxena prognostic horizon (PH, ungated best raw lead) vs. the gated metric L (best lead at an operating point within the τ = 10% budget)."
C084@tab:d17label.cap02,claim,C084,located,,"Run differences are (1st_test, 2nd_test, 3rd_test) in hours, collapsing the five within-run sampling factors to one mean difference per run (Section 4.9). n+/n-/0 counts positive, negative and exactly"
C085@S15.002,claim,C085,located,,"The distribution-free guarantee FAR ≤ α holds on test 2 (0% through α = 0.10) and is essentially satisfied on test 3 (0.9% at α = 0.01, 4.4% at α = 0.05, so it holds through α = 0.05, while slightly e"
C085@S15.003,claim,C085,located,,"It is violated on test 1 for a principled reason that Table 3 already foretold: that run’s onset fires only ∼12 h before failure, so its “pre-onset” region spans almost the whole record and already co"
C086@S01.037,claim,C086,located,,The metric itself is failure-mode-agnostic: it applies wherever a run-to-failure trajectory and a stationary normal region exist.
C086@S15.004,claim,C086,located,,"We report this run rather than discarding it, because it delimits exactly when the conformal guarantee is and is not usable in prognostics: it requires a genuinely stationary normal region, which an a"
C086@S15.006,claim,C086,located,,"Bearing2_3, calibrated through α = 0.05) honor the bound, while those with only one or two pre-onset windows, an artifact of the short XJTU lifetimes, cannot satisfy a finite-sample guarantee and are "
C086@S15.007,claim,C086,located,,The conformal machinery thus doubles as a per-asset usability test: it reports whether enough stationary normal data exists to control the false-alarm rate at all.
C086@S15.009,claim,C086,located,,The same per-asset usability test on FEMTO (Figure 4c) and the ONGC turbine (Figure 4d) confirms the pattern and its limits.
C086@S15.011,claim,C086,located,,"The two bearings with the most stationary normal region (Bearing2_2 at 0.08, Bearing1_2 at 0.10) come closest, while the abrupt Bearing1_1 (0.56) violates it badly—exactly the diagnostic the conformal"
C086@S15.013,claim,C086,located,,"The conformal guarantee is therefore usable where a stationary normal region exists (ONGC, the longer IMS/XJTU bearings) and self-reports as invalid where it does not (short FEMTO/XJTU bearings, abrup"
C086@S47.009,claim,C086,located,,"The conformal calibration on this stream (Figure 4d) tracks the diagonal closely, consistent with a mostlystationary normal region."
C086@fig:conformal.cap02,claim,C086,located,,(a) IMS: test 1 violates it because its near-failure onset leaves no genuinely stationary normal region.
C086@fig:conformal.cap03,claim,C086,located,,(b) XJTU-SY: bearings with a substantial stationary pre-onset region honor the bound; those with only one or two pre-onset windows cannot support a finite-sample guarantee and are flagged uncalibrated
C086@fig:conformal.cap05,claim,C086,located,,"(d) ONGC turbine (n = 1 case study, Appendix D.2): the real historian stream tracks the diagonal closely, a modest 1.5-2× above target, consistent with a mostly-stationary normal region."
C087@S15.010,claim,C087,located,,"On FEMTO, no bearing honors the bound at α = 0.05 (empirical pre-onset FAR 0.08-0.56; pooled 0.27), because the short 1.4-7.8 h lifetimes leave a pre-onset region that is neither long nor stationary—t"
C087@fig:conformal.cap04,claim,C087,located,,"(c) FEMTO/PRONOSTIA: no bearing honors the bound at α = 0.05, because the short, non-stationary pre-onset regions of these 1.4-7.8 h bearings cannot support it."
C088@S15.012,claim,C088,located,,"On the real ONGC historian stream the single-asset calibration tracks the diagonal much more closely (empirical FAR 0.016, 0.030, 0.096 at α = 0.01, 0.02, 0.05), sitting a modest 1.5-2× above the targ"
C088@S47.009,claim,C088,located,,"The conformal calibration on this stream (Figure 4d) tracks the diagonal closely, consistent with a mostlystationary normal region."
C088@fig:conformal.cap05,claim,C088,located,,"(d) ONGC turbine (n = 1 case study, Appendix D.2): the real historian stream tracks the diagonal closely, a modest 1.5-2× above target, consistent with a mostly-stationary normal region."
C089@S28.001,claim,C089,located,,"Sweeping the alarm-threshold percentile traces a prognostics analog of the ROC curve (Figure 5a, Table 13): tightening the threshold lowers both pre-onset FAR and lead time together, letting an operat"
C089@S28.002,claim,C089,located,,"On the achievable frontier (highest lead at the lowest FAR each detector attains) Hotelling T 2 and Isolation Forest dominate the upper-left, while the naive RMS-trend baseline collapses to near-zero "
C089@S28.004,claim,C089,located,,This converts the single gated number into a usable operating-point selector.
C089@S36.003,claim,C089,located,,"The conformal results add a usable, distribution-free false-alarm guarantee wherever the normal region is genuinely stationary, and the trade-off curve turns the gated metric into an operating-point s"
C089@fig:tradeoffs.cap01,claim,C089,located,,"Lead-time vs pre-onset-FAR trade-off (threshold percentile swept, mean across runs); up-and-to-the-left is better."
C090@S28.003,claim,C090,located,,"At a strict 99.5th-percentile threshold, for instance, 3σ retains 56.3 h of lead at 8.9% pre-onset FAR, whereas RMS-trend has collapsed to 1.3 h."
C090@S28.009,claim,C090,located,,"The 3σ chart, by contrast, reaches a valid point (56.3 h of lead at 8.9% FAR at the 99.5th percentile) and is therefore the recommended chart under a 10% budget, a ranking the raw-lead column of Table"
C090@S28.015,claim,C090,located,,At τ = 0.10 the 3σ chart remains the best valid chart (56.3 h).
C090@S30.014,claim,C090,located,,"The detector PH ranks only fourth, 3σ (77.0 h raw), is the one that actually clears the budget (56.3 h of lead at 8.9% pre-onset FAR) and is the correct recommendation; Deep SVDD, ranked last of the s"
C091@S28.008,claim,C091,located,,"Deep SVDD occupies the opposite corner: it stays comfortably within budget (≤ 0.6% FAR) but only by firing late, buying that low false-alarm rate with a short ≤ 14.8 h lead."
C091@S28.016,claim,C091,located,,But at a strict τ = 0.05 no control chart qualifies at all—only Deep SVDD (14.8 h) and the RMS-trend floor (34.7 h) stay within a 5% budget—so an operator with a very low nuisancealarm tolerance shoul
C091@S28.017,claim,C091,located,,The 3σ recommendation therefore holds for τ ≥ 0.10 on IMS and inverts toward the low-FAR detectors below it.
C091@S28.028,claim,C091,located,,"The strict τ = 0.05 column of Table 12 corre- sponds to the opposite regime, inspections that are themselves disruptive (e.g. requiring a shutdown) so ρ is small, exactly where the low-FAR Deep SVDD p"
C091@S30.014,claim,C091,located,,"The detector PH ranks only fourth, 3σ (77.0 h raw), is the one that actually clears the budget (56.3 h of lead at 8.9% pre-onset FAR) and is the correct recommendation; Deep SVDD, ranked last of the s"
C091@S36.006,claim,C091,located,,"Deep SVDD consistently stays within budget at ≤ 0.6% pre-onset FAR across the swept threshold levels on IMS (Table 13), achieving 14.8 h of advance warning with near-zero false alarms."
C092@S28.014,claim,C092,located,,"At τ = 0.20 the 3σ chart gives the longest valid lead (77.0 h), now joined by CUSUM, Hotelling T 2, and Isolation Forest as their pre-onset FAR falls within the looser budget."
C092@S28.016,claim,C092,located,,But at a strict τ = 0.05 no control chart qualifies at all—only Deep SVDD (14.8 h) and the RMS-trend floor (34.7 h) stay within a 5% budget—so an operator with a very low nuisancealarm tolerance shoul
C092@S28.017,claim,C092,located,,The 3σ recommendation therefore holds for τ ≥ 0.10 on IMS and inverts toward the low-FAR detectors below it.
C092@S28.028,claim,C092,located,,"The strict τ = 0.05 column of Table 12 corre- sponds to the opposite regime, inspections that are themselves disruptive (e.g. requiring a shutdown) so ρ is small, exactly where the low-FAR Deep SVDD p"
C092@S30.014,claim,C092,located,,"The detector PH ranks only fourth, 3σ (77.0 h raw), is the one that actually clears the budget (56.3 h of lead at 8.9% pre-onset FAR) and is the correct recommendation; Deep SVDD, ranked last of the s"
C092@tab:farbudget.cap03,claim,C092,located,,The 3σ recommendation th holds at τ = 0.10 and 0.20 but not at a strict τ = 0.05.
C093@S27.017,claim,C093,located,,"The cross-dataset headline above is computed on raw lead time, the quantity a coarsening operation acts on directly and the one that carries no dependence on the budget τ ."
C093@S28.018,claim,C093,located,,"Crucially, the cross-dataset headline is untouched by this choice: it is computed on raw (ungated) leadtime differences (Section 4.9) and does not depend on τ at all."
C093@tab:farbudget.cap04,claim,C093,located,,The conclusion is computed on raw lead and is unaffected by τ .
C094@S28.020,claim,C094,located,,A cost-ratio argument.
C094@S28.024,claim,C094,located,,"An operator should tolerate false alarms up to the budget at which their cumulative cost equals the warning’s value, kτ cI ≈ cF , i.e. τ∗ ≈ cF ρ =, k cI k ρ ≡ cF /cI ."
C094@S28.025,claim,C094,located,,"(6) For rolling-element bearings an unplanned failure typically costs ρ = 102-104 times a routine inspection, and the preonset window count is of order k ∼ 103 on the runs studied here, so Eq."
C094@S28.026,claim,C094,located,,"(6) places the break-even budget at τ ∗ ∼ 0.1-1 (τ ∗ saturates at 1 for ρ ≥ 103 and falls to 0.10 at ρ = 102, k = 103)."
C094@S28.028,claim,C094,located,,"The strict τ = 0.05 column of Table 12 corre- sponds to the opposite regime, inspections that are themselves disruptive (e.g. requiring a shutdown) so ρ is small, exactly where the low-FAR Deep SVDD p"
C094@S28.029,claim,C094,located,,"We stress this is an order-of-magnitude anchor, not a site-specific optimisation: the true optimum requires an operator’s actual cI and cF , which we do not have, and Eq."
C095@tab:farbudget.cap02,claim,C095,located,,"The gate here is applied to the le pre-onset FAR averaged across the three runs, so a detector w can hold a valid operating point on an individual run and still th show 0.0 in this table: LSTM-AE is e"
C095@tab:tradeoff.cap04,claim,C095,located,,"LSTM-AE’s 99.5th-percentile entry is daggered on the across-run mean (62.0%) although it is within budget on 3rd_test alone, the case the caption of Table 12 describes."
C096@S29.002,claim,C096,located,,"The pattern is consistent and somewhat against expectation: time-domain amplitude features (rms_only or time_only) give each detector its highest or tied-highest validity, and admitting spectral, enve"
C096@S29.003,claim,C096,located,,"For the memory-based control charts it sharpens: rms_only is the unique group at which 3σ and EWMA reach full validity (1.00 at 0% pre-onset FAR), and spectral/envelope/all collapse all four SPC chart"
C096@S29.005,claim,C096,located,,"Either way the practical recommendation is detector-general on IMS: under a false-alarm budget, restrict every detector to time-domain amplitude features; frequency-domain features must be admitted wi"
C096@S29.006,claim,C096,located,,"Raw lead time inverts this ranking without overturning it: on Isolation Forest the envelope group yields the longest mean lead (99.4 h) and rms_only the shortest (32.0 h), but the long-lead groups acc"
C096@S29.007,claim,C096,located,,"Repeating the ablation at every coarsening factor leaves rms_only uniquely best at native and 2× resolution (f ≤ 2), matching the informational argument that bin-averaging preserves the amplitude stat"
C096@S36.004,claim,C096,located,,"The ablations caution that more features are not better under a false-alarm budget: time-domain amplitude and impulsiveness statistics carry the usable signal on IMS, and spectral features must be adm"
C096@tab:ablation_general.cap02,claim,C096,located,,"Time-domain amplitude features are best le for every detector; for the SPC charts rms_only is uniquely ra (3σ, EWMA) or jointly best, and spectral/envelope/all col- va lapse them to 0.33. ab an"
C097@S29.003,claim,C097,located,,"For the memory-based control charts it sharpens: rms_only is the unique group at which 3σ and EWMA reach full validity (1.00 at 0% pre-onset FAR), and spectral/envelope/all collapse all four SPC chart"
C097@S29.004,claim,C097,located,,"Deep SVDD is the instructive exception, and it fails for the opposite reason: its pre-onset FAR stays near 0% under every feature set (it rarely false-alarms), yet spectral features still cut its vali"
C098@S29.006,claim,C098,located,,"Raw lead time inverts this ranking without overturning it: on Isolation Forest the envelope group yields the longest mean lead (99.4 h) and rms_only the shortest (32.0 h), but the long-lead groups acc"
C099@S29.007,claim,C099,located,,"Repeating the ablation at every coarsening factor leaves rms_only uniquely best at native and 2× resolution (f ≤ 2), matching the informational argument that bin-averaging preserves the amplitude stat"
C100@S30.004,claim,C100,located,,It is exactly our lead time L before the validity gate (Eq. 5) is applied; that one missing conjunct is decisive.
C101@S30.007,claim,C101,located,,"On the three IMS runs this constant-on detector earns the full run length as prognostic horizon (164- 1073 h) while flooding the pre-onset region (FARpre ≈ 1), so the gated metric scores it invalid on"
C102@S30.012,claim,C102,located,,The two rankings are nearly inverted at the top.
C102@S30.014,claim,C102,located,,"The detector PH ranks only fourth, 3σ (77.0 h raw), is the one that actually clears the budget (56.3 h of lead at 8.9% pre-onset FAR) and is the correct recommendation; Deep SVDD, ranked last of the s"
C102@tab:phrank.cap02,claim,C102,located,,"The rankings invert at the top: the detectors PH ranks best have no valid operating point, while 3σ—PH’s fourth—is the deployable winner. ∗RMS-trend is valid only at the loosest threshold and on one o"
C103@S31.003,claim,C103,located,,"At T = 0.20 the shortest bearing (Bearing3_1) forms only 20 training windows, fewer than the 30 a sequence requires, so LSTM-AE, TCN-AE and Transformer-AD are recorded there as explicit N/A rather tha"
C103@S31.004,claim,C103,located,,"Those are the only three N/A cells in the sweep; the remaining 297 of the 300 (detector, bearing, T ) cells are genuine evaluations."
C103@fig:mintrain.cap03,claim,C103,located,,"The three N/A cells at T = 0.20, all on Bearing3_1, which forms only 20 training windows, are counted as no valid alarm."
C104@S31.007,claim,C104,located,,"The four SPC charts that define the baseline in Figure 6 (3σ, EWMA, CUSUM, Hotelling T 2) are already at or near their best at the smallest training fraction we tested—3σ at 1.00, EWMA and Hotelling T"
C104@S31.010,claim,C104,located,,"This is a consequence of the design rather than a reverse data-hunger effect: the test fraction is 1 - T - 0.10, so the window in which a valid alarm can still fire shrinks as T grows, and on bearings"
C104@fig:mintrain.cap02,claim,C104,located,,"SPC charts (blue) sit at the top throughout, peaking at the smallest training fraction and declining slightly thereafter as the test window shrinks; the deep reconstruction models (red) and Deep SVDD "
C105@S31.011,claim,C105,located,,"The three deep reconstruction models sit far below the charts at every training fraction (LSTM-AE and Transformer-AD 0.000-0.333, TCN-AE 0.000-0.167) and do not close the gap as T grows: more commissi"
C106@S14.007,claim,C106,located,,"Deep SVDD produced no valid alarm on any FEMTO bearing at any training fraction below T = 0.60, and a valid alarm on exactly one of the six bearings at T = 0.60 (Section 6.12); it is omitted from the "
C106@S31.012,claim,C106,located,,"Deep SVDD produces no valid alarm at any training fraction below T = 0.60 and 0.167 at T = 0.60—one bearing, at the largest training fraction and therefore the shortest test window."
C106@S31.013,claim,C106,located,,"The failure mode is the same as on IMS test 1: Deep SVDD fires very late in the run, because its threshold requires substantial encoder-distance growth from the trained center before alarming, so on s"
C106@S31.014,claim,C106,located,,"This is a bearing-lifetime constraint, not a training-data constraint: the model is not data-starved in the usual sense but structurally unable to alarm early enough on runs this short."
C107@S31.019,claim,C107,located,,"The closest publicly available single-bearing example is the KAIST bearing with a ∼43-hour lifecycle (n = 1, insufficient for inference as noted in Section 8)."
C107@S37.031,claim,C107,located,,"Long-runway bearing datasets with multiple runs are rare in the public domain; the closest available single- bearing example is a KAIST bearing with a ∼43-hour lifecy- cle (n = 1, insufficient for inf"
C108@S31.020,claim,C108,located,,"Research groups with access to multi-run, long-runway industrial historian archives (gas turbines, compressors, paper machines) can apply the released pipeline directly; loader templates for all publi"
C108@S37.032,claim,C108,located,,"Research groups with access to long-running industrial historian archives—gas tur- bines, compressors, paper machines—can directly apply our released pipeline to test this hypothesis; we provide loade"
C109@S18.005,claim,C109,located,,Pooling them as 3 × 5 = 15 “pairs” per detector (as an earlier version of this work did) inflates the effective sample size fivefold and yields overconfident p-values.
C109@S33.001,claim,C109,located,,"Four methodological corrections, applied together, change the conclusion of the sampling study."
C109@S33.006,claim,C109,located,,"With all four in place, the original claim that SCADA averaging destroys lead time is refuted on every dataset tested, and the previously-reported significant positive effect is corrected to a consist"
C109@S44.011,claim,C109,located,,An earlier version of this work claimed that in no run does aggregation shorten the lead time of the magnitudemonitoring detectors.
C110@S34.003,claim,C110,located,,"The IMS trend is reproduced by an ordinary moving-average or Kalman filter on the decimated stream (Appendix D.1), indicating a generic lowpass-smoothing mechanism rather than historian averaging spec"
C110@S35.007,claim,C110,located,,"Appendix D.1 tests this directly (Table 21), and the advantage rises monotonically as injected noise increases, from -0.35 h at the native noise level to +6.60 h at 10 dB, and is recovered by applying"
C110@S46.012,claim,C110,located,,"If the benefit is generic smoothing rather than the historian’s averaging specifically, then applying an ordinary smoother to the decimated stream should match bin-averaging."
C110@S46.013,claim,C110,located,,"We compare a median filter, a moving average, a constant-velocity Kalman filter, and a wavelet denoiser against raw aggregation and raw decimation (Table 22)."
C110@S46.014,claim,C110,located,,"The moving average and Kalman filter recover essentially the full aggregate lead time (76.0 and 75.7 h vs. aggregation’s 75.7 h), while the median and wavelet filters fall slightly short."
C110@S46.015,claim,C110,located,,"The effect is therefore generic smoothing of the health signal, not a property unique to historian bin-averaging—an operator who decimates and then lightly smooths recovers the same warning time."
C110@S46.016,claim,C110,located,,"The linear smoothers (moving average, Kalman) recover the advantage but the wavelet denoiser does not, dropping to 6/12 valid alarms—below even raw decimation—because its soft-thresholding of detail c"
C110@tab:denoise.cap02,claim,C110,located,,"A moving average or ro Kalman filter recovers the aggregate lead time, showing the RM benefit is generic smoothing. pa a"
C111@S35.001,claim,C111,located,,"Bin-averaging by a factor f is a length-f moving-average filter followed by downsampling: an anti-alias filter, then decimation."
C111@S35.003,claim,C111,located,,"The prognostic content of the health statistic evolves on the degradation timescale—hours—far below the post-coarsening Nyquist rate even at f = 20, while measurement noise in the same series is broad"
C111@S35.004,claim,C111,located,,"Decimation therefore folds out-of-band noise into the low-frequency band occupied by the degradation trend, raising the variance of the health statistic without changing its mean; aggregation attenuat"
C112@S35.010,claim,C112,located,,"The mean and the slope are linear functionals of the underlying series, so block-averaging them commutes with the summary up to the weighting induced by the 50% window overlap; the standard deviation,"
C113@S35.012,claim,C113,located,,We claim no conservation result.
C114@S31.008,claim,C114,located,,"Isolation Forest starts from the same 0.667 and ends there too, but non-monotonically, dipping to 0.167 at T = 0.30 before recovering."
C114@S35.007,claim,C114,located,,"Appendix D.1 tests this directly (Table 21), and the advantage rises monotonically as injected noise increases, from -0.35 h at the native noise level to +6.60 h at 10 dB, and is recovered by applying"
C114@S46.006,claim,C114,located,,"The mean advantage rises monotonically as noise increases (Table 21): from -0.35 h at the native noise level to +6.6 h at 10 dB, and at the two highest noise levels all three runs share the positive s"
C114@tab:noise.cap03,claim,C114,located,,The mean advantage grows monotonically as SNR falls—the signature of a lowpass mechanism—but at n = 3 this is a directional trend that cannot be significance-tested.
C115@S46.013,claim,C115,located,,"We compare a median filter, a moving average, a constant-velocity Kalman filter, and a wavelet denoiser against raw aggregation and raw decimation (Table 22)."
C115@S46.014,claim,C115,located,,"The moving average and Kalman filter recover essentially the full aggregate lead time (76.0 and 75.7 h vs. aggregation’s 75.7 h), while the median and wavelet filters fall slightly short."
C115@S46.016,claim,C115,located,,"The linear smoothers (moving average, Kalman) recover the advantage but the wavelet denoiser does not, dropping to 6/12 valid alarms—below even raw decimation—because its soft-thresholding of detail c"
C115@S46.018,claim,C115,located,,"The onealarm gap between raw decimation (8/12) and aggregation (7/12) at statistically indistinguishable lead times (76.0 vs. 75.7 h) is sampling noise at n = 12, not evidence that decimation is prefe"
C116@S34.007,claim,C116,located,,"The one real historian record in our study, an ONGC gas-turbine low-pressurecompressor bearing logged at a 10 s SCADA rate and ending in a genuine operator shutdown, has nine of its eleven detectors a"
C116@S47.004,claim,C116,located,,"On genuine 10 s industrial SCADA data ending in a real operator shutdown, every detector achieves a long warning: 3σ, EWMA, Hotelling T 2, and Isolation Forest each alarm roughly 35 h before the label"
C116@S47.005,claim,C116,located,,"More to the point of this paper, the aggregate-vs-decimate difference is at most about a minute for every detector (Table 23)."
C116@tab:ongc.cap02,claim,C116,located,,All differences are about a minute or less.
C117@S36.001,claim,C117,located,,For practitioners the message is reassuring and actionable.
C117@S36.002,claim,C117,located,,"Storing bin-averaged vibration at SCADA rates, the default behavior of most historians, does not inherently sacrifice bearing-fault warning time relative to keeping decimated raw samples, and may even"
C117@S47.008,claim,C117,located,,This is the cleanest possible illustration of the practical question—it uses no simulated coarsening—and it is consistent with “averaging is not the enemy.
C118@S37.017,claim,C118,located,,"The onset definition, although leakage-free and stable to its threshold multiplier across k ∈ {3, 4, 5} (Table 3), is not the ground-truth defect-initiation time, which is unobservable in these datase"
C118@S37.019,claim,C118,located,,"The per-bearing XJTU breakdown (Table 9) shows the same effect: bearings whose physics provides essentially no warning runway score zero valid alarms regardless of detector, which is correct behavior "
C119@S18.005,claim,C119,located,,Pooling them as 3 × 5 = 15 “pairs” per detector (as an earlier version of this work did) inflates the effective sample size fivefold and yields overconfident p-values.
C119@S37.025,claim,C119,located,,"Crucially, the five sampling factors applied within a run are pseudoreplicates of one degradation trajectory, not in- dependent observations: an earlier pooled 15-pair Wilcoxon test treated them as in"
C120@S37.029,claim,C120,located,,The minimum- dataset requirement follows directly from the test itself: the exact sign test we use cannot reach significance until at least six runs are sign-concordant (2( 1 2 )6 = 0.031).
C120@S37.030,claim,C120,located,,"The three IMS runs are thus at least a factor of two short of the sample size a significance claim would require—the quantitative content of the “long-runway, many-bearing campaign” the future work ca"
C121@S37.033,claim,C121,located,,Limited external benchmarking.
C121@S37.034,claim,C121,located,,We do not benchmark the gated lead-time metric against the RUL-estimation literature.
C121@S37.035,claim,C121,located,,"The comparison is not straightforward—RUL methods predict a remaining-life quantity and are scored by prediction error, whereas our metric scores when an alarm fires against a false-alarm budget—but t"
C122@S04.008,claim,C122,located,,"The classic normalized-RMS health-indicator with a first-prediction-time threshold—the workhorse baseline underlying most of that literature—is represented here by our rms_trend detector, evaluated un"
C122@S37.015,claim,C122,located,,We acknowledge both rather than claim to have eliminated them; closing them (e.g. an onset signal disjoint from the detector features) is future work.
C122@S37.030,claim,C122,located,,"The three IMS runs are thus at least a factor of two short of the sample size a significance claim would require—the quantitative content of the “long-runway, many-bearing campaign” the future work ca"
C122@S38.007,claim,C122,located,,"Future work will learn the degradation onset jointly with the detector so that the metric’s anchor is independent of a hand-set health indicator (closing the circularity noted in Section 8), and exten"
C123@S40.007,claim,C123,located,,The ONGC gas-turbine SCADA record is proprietary and covered by a non-disclosure agreement.
C123@S40.008,claim,C123,located,,"Withheld, and not redistributable: the raw vibration waveforms, the channel-level measurements from which the features are built, and all asset identifiers."
C123@S40.009,claim,C123,located,,"Released, so that the n = 1 case study can be repeated rather than merely inspected, are the derived files behind every ONGC number in this paper (all paths relative to results/tables/): the degradati"
C124@S40.002,claim,C124,located,,Every table and figure in this paper is generated directly from the result files released in the repository under results/tables/; no number is hand-edited. results/tables/MANIFEST.md maps each table 
C124@S40.003,claim,C124,located,,"Where a result exists in more than one arm (the pre-D-2 legacy feature schema, or the pre-N-20 rerun), the superseded arm has been moved to results/tables/superseded/ with a note on why, so a replicat"
C125@S42.005,claim,C125,located,,"Training is a one-off offline step; inference is negligible for every detector—at most ∼0.5 ms per window (LSTM-AE), more than four orders of magnitude below the fastest historian polling interval in "
C125@S42.006,claim,C125,located,,Streaming condition monitoring at native SCADA rates is therefore not compute-bound for any of the eleven evaluated
C126@S42.002,claim,C126,located,,"Table 18 gives the architectures and training protocol of the four deep models, transcribed from the same source, with trainable parameter counts measured at the 49-dimensional invariant feature width"
C126@tab:deeparch.cap01,claim,C126,located,,"Deep-model architectures and training protocol, transcribed from the released config.py and model definitions."
C126@tab:deeparch.cap02,claim,C126,located,,All four are trained with Adam at a fixed learning rate with no per-dataset tuning and no early stopping: every model runs its full epoch budget.
C127@S43.002,claim,C127,located,,"Each family is made channelcount-invariant by aggregating across the physical channels with the channel mean and the channel max, and each aggregated series is summarised over the rolling window (10 s"
C128@S44.001,claim,C128,located,,"A subtlety we correct here is the failure-label of the third test: an earlier label placed failure on 2004-04-08, leaving 21.5% of the recorded data after the nominal “failure”—impossible for a run-to"
C128@S44.002,claim,C128,located,,"We relabel it to the last recorded sample (2004-04-18 02:42), at which the mean-RMS health indicator has ramped from its flat baseline (∼0.068) to ∼0.228 before the final machine-off reading— within t"
C128@S44.008,claim,C128,located,,"Because a reader may reasonably ask whether the label was chosen for the result it produces, we re-ran the entire IMS sweep under the original 2004-04-08 label and report both arms side by side (Table"
C128@tab:d17label.cap01,claim,C128,located,,"IMS aggregate-decimate lead-time difference under the original (2004-04-08) and corrected (2004-04-18) third- test failure labels, all ten detectors."
C129@S44.003,claim,C129,located,,"The relabeling therefore moves the third test in the direction of harder, not easier, detection: a previously guaranteed 100% miss becomes an evaluable run, and because the aggregatevs-decimate contra"
C129@S44.007,claim,C129,located,,"The relabeling made our own claim harder to support, not easier."
C129@S44.013,claim,C129,located,,"It is false only under the corrected one, where the third test contributes -1.00 h, and we have withdrawn it accordingly."
C130@S00.009,claim,C130,located,,"The campaigns that supply this statistical power are short-lived bearings, on which an effect of the magnitude IMS shows could not have appeared, so the cross-dataset null bounds the effect at the sca"
C130@S27.021,claim,C130,located,,"Gating discards every run in which a detector never produces a valid alarm, so the mean effective sample size per detector falls from 3.0 to 1.3 on XJTU-SY, 4.8 to 2.8 on FEMTO, 5.0 to 3.6 on Ferrara,"
C130@S31.020,claim,C130,located,,"Research groups with access to multi-run, long-runway industrial historian archives (gas turbines, compressors, paper machines) can apply the released pipeline directly; loader templates for all publi"
C130@S33.002,claim,C130,located,,"First, a correct failure label for the third IMS test (which had left a fifth of the data after the nominal failure) turns a guaranteed miss into a valid detection."
C130@S37.007,claim,C130,located,,"The three campaigns that supply statistical power—XJTU-SY, FEMTO/PRONOSTIA and University of Ferrara—comprise bearings whose total lifetimes span roughly 0.7 to 8.9 h, so an aggregation effect of the "
C130@S37.009,claim,C130,located,,"Conversely, the only dataset whose runway is long enough to express such an effect has n = 3 and cannot reach significance at any margin."
C130@S37.032,claim,C130,located,,"Research groups with access to long-running industrial historian archives—gas tur- bines, compressors, paper machines—can directly apply our released pipeline to test this hypothesis; we provide loade"
C130@S37.036,claim,C130,located,,"Two extensions would sharpen these conclusions most directly: run-to-failure campaigns on long-life bearings of the kind typical in industrial service, where the multi-week runway could express an agg"
C130@S38.004,claim,C130,located,,"That null is bounded by the scale of the evidence: the three campaigns supplying the statistical power comprise bearings of 0.7-8.9 h total life, on which an aggregation effect of the magnitude seen o"
C130@S44.001,claim,C130,located,,"A subtlety we correct here is the failure-label of the third test: an earlier label placed failure on 2004-04-08, leaving 21.5% of the recorded data after the nominal “failure”—impossible for a run-to"
C130@S44.003,claim,C130,located,,"The relabeling therefore moves the third test in the direction of harder, not easier, detection: a previously guaranteed 100% miss becomes an evaluable run, and because the aggregatevs-decimate contra"
C130@S44.010,claim,C130,located,,"Under the original label the third test is a guaranteed miss, so its aggregate and decimate lead times are both zero and the run’s collapsed difference is exactly 0.00 h; Section 4.9’s zero-difference"
C130@S44.016,claim,C130,located,,"Under the original label the third test is a guaranteed miss for six of the ten detectors, not for all ten: 3σ, CUSUM, EWMA, Isolation Forest, Deep SVDD, and RMS-trend all score L = 0 in both modes."
C130@S44.020,claim,C130,located,,"It leaves neff = 3 for the four detectors that still warn on the third test, drops it to neff = 2 for 3σ, CUSUM, EWMA and Isolation Forest, and to neff = 1 for Deep SVDD and RMS-trend."
C130@S44.021,claim,C130,located,,"The exact two-sided sign test floors at p = 0.25, 0.50 and 1.00 at those three sample sizes respectively, so under the original label six of the ten detectors could not have reached α = 0.05 at any ef"
C130@S44.022,claim,C130,located,,"The four that retain neff = 3 floor at p = 0.25, which is itself already above α."
C130@tab:gatedcontrast.cap02,claim,C130,located,,“Med. ∆” is the median across detectors of each detector’s run-level median difference; n+/n-/0 counts detectors by the sign of that median; n¯eff is the mean effective sample size once zero-differenc
C130@tab:d17label.cap02,claim,C130,located,,"Run differences are (1st_test, 2nd_test, 3rd_test) in hours, collapsing the five within-run sampling factors to one mean difference per run (Section 4.9). n+/n-/0 counts positive, negative and exactly"
C130@tab:d17label.cap03,claim,C130,located,,“Floor” is the smallest two-sided exact sign-test p attainable at that neff.
C131@S44.024,claim,C131,located,,"No IMS detector therefore reaches significance under either label, and the best attainable p is 0.25 in both arms (Hotelling T 2)."
C131@S44.025,claim,C131,located,,"What the label does not change is the direction: no median flips sign between the two arms, with 3σ holding at +15.10 h and Hotelling T 2 at +1.17 h."
C131@tab:d17label.cap05,claim,C131,located,,"No median changes sign between labels, and no detector reaches α = 0.05 under either label."
C132@S44.004,claim,C132,located,,"We present this as an author relabeling based on the health-indicator trajectory, not an independently verified ground truth: we are not aware of a published benchmark that corrects this label, so we "
C133@S40.009,claim,C133,located,,"Released, so that the n = 1 case study can be repeated rather than merely inspected, are the derived files behind every ONGC number in this paper (all paths relative to results/tables/): the degradati"
C133@S47.001,claim,C133,located,,"The ONGC record is a real Solar-Turbine low-pressurecompressor (LPC) dataset: four vibration channels logged at a 10 s SCADA rate over ∼5 days (42,698 rows), ending in a genuine operator shutdown on 2"
C133@S47.002,claim,C133,located,,"This is authentic historian data with a real, documented event—the maintenance record confirms the shutdown followed a rolling-element bearing fault on the LPC—and the data-derived degradation onset ("
tab:datasets.c001,table-cell,tab:datasets,located,,IMS
tab:datasets.c002,table-cell,tab:datasets,located,,IMS
tab:datasets.c003,table-cell,tab:datasets,located,,IMS
tab:datasets.c004,table-cell,tab:datasets,located,,ONGC
tab:datasets.c005,table-cell,tab:datasets,located,,ONGC
tab:datasets.c006,table-cell,tab:datasets,located,,ONGC
tab:datasets.c007,table-cell,tab:datasets,located,,XJTU-SY
tab:datasets.c008,table-cell,tab:datasets,located,,XJTU-SY
tab:datasets.c009,table-cell,tab:datasets,located,,XJTU-SY
tab:datasets.c010,table-cell,tab:datasets,located,,FEMTO
tab:datasets.c011,table-cell,tab:datasets,located,,FEMTO
tab:datasets.c012,table-cell,tab:datasets,located,,FEMTO
tab:datasets.c013,table-cell,tab:datasets,located,,Ferrara
tab:datasets.c014,table-cell,tab:datasets,located,,Ferrara
tab:datasets.c015,table-cell,tab:datasets,located,,Ferrara
tab:datasets.c016,table-cell,tab:datasets,located,,Paderborn
tab:datasets.c017,table-cell,tab:datasets,located,,Paderborn
tab:datasets.c018,table-cell,tab:datasets,located,,Paderborn
tab:imslead.c019,table-cell,tab:imslead,located,,No valid operating point at =10% (raw lead only)
tab:imslead.c020,table-cell,tab:imslead,located,,No valid operating point at =10% (raw lead only) / LSTM-AE†
tab:imslead.c021,table-cell,tab:imslead,located,,No valid operating point at =10% (raw lead only) / LSTM-AE†
tab:imslead.c022,table-cell,tab:imslead,located,,No valid operating point at =10% (raw lead only) / TCN-AE†
tab:imslead.c023,table-cell,tab:imslead,located,,No valid operating point at =10% (raw lead only) / TCN-AE†
tab:imslead.c024,table-cell,tab:imslead,located,,No valid operating point at =10% (raw lead only) / Transformer-AD†
tab:imslead.c025,table-cell,tab:imslead,located,,No valid operating point at =10% (raw lead only) / Transformer-AD†
tab:imslead.c026,table-cell,tab:imslead,documented,N-29 double rounding corrected to 180.2 (source 180.2496 h),No valid operating point at =10% (raw lead only) / One-class SVM†
tab:imslead.c027,table-cell,tab:imslead,located,,No valid operating point at =10% (raw lead only) / One-class SVM†
tab:imslead.c028,table-cell,tab:imslead,located,,No valid operating point at =10% (raw lead only) / Hotelling T2†
tab:imslead.c029,table-cell,tab:imslead,located,,No valid operating point at =10% (raw lead only) / Hotelling T2†
tab:imslead.c030,table-cell,tab:imslead,located,,No valid operating point at =10% (raw lead only) / Isolation Forest†
tab:imslead.c031,table-cell,tab:imslead,located,,No valid operating point at =10% (raw lead only) / Isolation Forest†
tab:imslead.c032,table-cell,tab:imslead,located,,No valid operating point at =10% (raw lead only) / EWMA†
tab:imslead.c033,table-cell,tab:imslead,located,,No valid operating point at =10% (raw lead only) / EWMA†
tab:imslead.c034,table-cell,tab:imslead,located,,No valid operating point at =10% (raw lead only) / CUSUM†
tab:imslead.c035,table-cell,tab:imslead,located,,No valid operating point at =10% (raw lead only) / CUSUM†
tab:imslead.c036,table-cell,tab:imslead,located,,Valid operating point exists--deployable under =10%
tab:imslead.c037,table-cell,tab:imslead,located,,Valid operating point exists--deployable under =10% / 3σ
tab:imslead.c038,table-cell,tab:imslead,located,,Valid operating point exists--deployable under =10% / 3σ
tab:imslead.c039,table-cell,tab:imslead,located,,Valid operating point exists--deployable under =10% / Deep SVDD
tab:imslead.c040,table-cell,tab:imslead,located,,Valid operating point exists--deployable under =10% / Deep SVDD
tab:imslead.c041,table-cell,tab:imslead,located,,Valid operating point exists--deployable under =10% / RMS-trend
tab:imslead.c042,table-cell,tab:imslead,located,,Valid operating point exists--deployable under =10% / RMS-trend
tab:onset.c043,table-cell,tab:onset,located,,Test 1
tab:onset.c044,table-cell,tab:onset,located,,Test 1
tab:onset.c045,table-cell,tab:onset,located,,Test 1
tab:onset.c046,table-cell,tab:onset,located,,Test 1
tab:onset.c047,table-cell,tab:onset,located,,Test 1
tab:onset.c048,table-cell,tab:onset,located,,Test 2
tab:onset.c049,table-cell,tab:onset,located,,Test 2
tab:onset.c050,table-cell,tab:onset,located,,Test 2
tab:onset.c051,table-cell,tab:onset,located,,Test 2
tab:onset.c052,table-cell,tab:onset,located,,Test 2
tab:onset.c053,table-cell,tab:onset,located,,Test 3
tab:onset.c054,table-cell,tab:onset,located,,Test 3
tab:onset.c055,table-cell,tab:onset,located,,Test 3
tab:onset.c056,table-cell,tab:onset,located,,Test 3
tab:onset.c057,table-cell,tab:onset,located,,Test 3
tab:robust.c058,table-cell,tab:robust,located,,3σ median Δ (h)
tab:robust.c059,table-cell,tab:robust,located,,3σ median Δ (h)
tab:robust.c060,table-cell,tab:robust,located,,3σ median Δ (h)
tab:robust.c061,table-cell,tab:robust,located,,3σ median Δ (h)
tab:robust.c062,table-cell,tab:robust,located,,EWMA median Δ (h)
tab:robust.c063,table-cell,tab:robust,located,,EWMA median Δ (h)
tab:robust.c064,table-cell,tab:robust,located,,EWMA median Δ (h)
tab:robust.c065,table-cell,tab:robust,located,,EWMA median Δ (h)
tab:robust.c066,table-cell,tab:robust,located,,Iso. Forest median Δ (h)
tab:robust.c067,table-cell,tab:robust,located,,Iso. Forest median Δ (h)
tab:robust.c068,table-cell,tab:robust,located,,Iso. Forest median Δ (h)
tab:robust.c069,table-cell,tab:robust,located,,Iso. Forest median Δ (h)
tab:robust.c070,table-cell,tab:robust,located,,"3σ valid-alarm frac., full res."
tab:robust.c071,table-cell,tab:robust,located,,"3σ valid-alarm frac., full res."
tab:robust.c072,table-cell,tab:robust,located,,"3σ valid-alarm frac., full res."
tab:robust.c073,table-cell,tab:robust,located,,"3σ valid-alarm frac., full res."
tab:robust.c074,table-cell,tab:robust,located,,"3σ valid-alarm frac., all factors"
tab:robust.c075,table-cell,tab:robust,located,,"3σ valid-alarm frac., all factors"
tab:robust.c076,table-cell,tab:robust,located,,"3σ valid-alarm frac., all factors"
tab:robust.c077,table-cell,tab:robust,located,,"3σ valid-alarm frac., all factors"
tab:robust.c078,table-cell,tab:robust,located,,3σ
tab:robust.c079,table-cell,tab:robust,located,,3σ
tab:robust.c080,table-cell,tab:robust,located,,3σ
tab:robust.c081,table-cell,tab:robust,located,,3σ
tab:robust.c082,table-cell,tab:robust,located,,3σ
tab:robust.c083,table-cell,tab:robust,located,,3σ
tab:robust.c084,table-cell,tab:robust,located,,EWMA
tab:robust.c085,table-cell,tab:robust,located,,EWMA
tab:robust.c086,table-cell,tab:robust,located,,EWMA
tab:robust.c087,table-cell,tab:robust,located,,EWMA
tab:robust.c088,table-cell,tab:robust,located,,EWMA
tab:robust.c089,table-cell,tab:robust,located,,EWMA
tab:robust.c090,table-cell,tab:robust,located,,CUSUM
tab:robust.c091,table-cell,tab:robust,located,,CUSUM
tab:robust.c092,table-cell,tab:robust,located,,CUSUM
tab:robust.c093,table-cell,tab:robust,located,,CUSUM
tab:robust.c094,table-cell,tab:robust,located,,CUSUM
tab:robust.c095,table-cell,tab:robust,located,,CUSUM
tab:robust.c096,table-cell,tab:robust,located,,Hot. T2
tab:robust.c097,table-cell,tab:robust,located,,Hot. T2
tab:robust.c098,table-cell,tab:robust,located,,Hot. T2
tab:robust.c099,table-cell,tab:robust,located,,Hot. T2
tab:robust.c100,table-cell,tab:robust,located,,Hot. T2
tab:robust.c101,table-cell,tab:robust,located,,Hot. T2
tab:robust.c102,table-cell,tab:robust,located,,Iso. Forest
tab:robust.c103,table-cell,tab:robust,located,,Iso. Forest
tab:robust.c104,table-cell,tab:robust,located,,Iso. Forest
tab:robust.c105,table-cell,tab:robust,located,,Iso. Forest
tab:robust.c106,table-cell,tab:robust,located,,Iso. Forest
tab:robust.c107,table-cell,tab:robust,located,,Iso. Forest
tab:crossds.c108,table-cell,tab:crossds,located,,XJTU-SY (n=10) / 3σ
tab:crossds.c109,table-cell,tab:crossds,located,,XJTU-SY (n=10) / 3σ
tab:crossds.c110,table-cell,tab:crossds,documented,sign-consistency verdict now encoded as the s-superscript on n+/n- (verify_tables checks it),XJTU-SY (n=10) / 3σ
tab:crossds.c111,table-cell,tab:crossds,located,,XJTU-SY (n=10) / 3σ
tab:crossds.c112,table-cell,tab:crossds,located,,XJTU-SY (n=10) / EWMA
tab:crossds.c113,table-cell,tab:crossds,located,,XJTU-SY (n=10) / EWMA
tab:crossds.c114,table-cell,tab:crossds,documented,sign-consistency verdict now encoded as the s-superscript on n+/n- (verify_tables checks it),XJTU-SY (n=10) / EWMA
tab:crossds.c115,table-cell,tab:crossds,located,,XJTU-SY (n=10) / EWMA
tab:crossds.c116,table-cell,tab:crossds,located,,XJTU-SY (n=10) / CUSUM
tab:crossds.c117,table-cell,tab:crossds,located,,XJTU-SY (n=10) / CUSUM
tab:crossds.c118,table-cell,tab:crossds,documented,sign-consistency verdict now encoded as the s-superscript on n+/n- (verify_tables checks it),XJTU-SY (n=10) / CUSUM
tab:crossds.c119,table-cell,tab:crossds,located,,XJTU-SY (n=10) / CUSUM
tab:crossds.c120,table-cell,tab:crossds,located,,XJTU-SY (n=10) / Hotelling T2
tab:crossds.c121,table-cell,tab:crossds,located,,XJTU-SY (n=10) / Hotelling T2
tab:crossds.c122,table-cell,tab:crossds,documented,sign-consistency verdict now encoded as the s-superscript on n+/n- (verify_tables checks it),XJTU-SY (n=10) / Hotelling T2
tab:crossds.c123,table-cell,tab:crossds,located,,XJTU-SY (n=10) / Hotelling T2
tab:crossds.c124,table-cell,tab:crossds,located,,XJTU-SY (n=10) / Iso. Forest
tab:crossds.c125,table-cell,tab:crossds,located,,XJTU-SY (n=10) / Iso. Forest
tab:crossds.c126,table-cell,tab:crossds,documented,sign-consistency verdict now encoded as the s-superscript on n+/n- (verify_tables checks it),XJTU-SY (n=10) / Iso. Forest
tab:crossds.c127,table-cell,tab:crossds,located,,XJTU-SY (n=10) / Iso. Forest
tab:crossds.c128,table-cell,tab:crossds,located,,XJTU-SY (n=10) / Deep SVDD
tab:crossds.c129,table-cell,tab:crossds,located,,XJTU-SY (n=10) / Deep SVDD
tab:crossds.c130,table-cell,tab:crossds,documented,sign-consistency verdict now encoded as the s-superscript on n+/n- (verify_tables checks it),XJTU-SY (n=10) / Deep SVDD
tab:crossds.c131,table-cell,tab:crossds,located,,XJTU-SY (n=10) / Deep SVDD
tab:crossds.c132,table-cell,tab:crossds,located,,XJTU-SY (n=10) / One-class SVM
tab:crossds.c133,table-cell,tab:crossds,located,,XJTU-SY (n=10) / One-class SVM
tab:crossds.c134,table-cell,tab:crossds,documented,sign-consistency verdict now encoded as the s-superscript on n+/n- (verify_tables checks it),XJTU-SY (n=10) / One-class SVM
tab:crossds.c135,table-cell,tab:crossds,located,,XJTU-SY (n=10) / One-class SVM
tab:crossds.c136,table-cell,tab:crossds,located,,XJTU-SY (n=10) / LSTM-AE‡
tab:crossds.c137,table-cell,tab:crossds,located,,XJTU-SY (n=10) / LSTM-AE‡
tab:crossds.c138,table-cell,tab:crossds,documented,sign-consistency verdict now encoded as the s-superscript on n+/n- (verify_tables checks it),XJTU-SY (n=10) / LSTM-AE‡
tab:crossds.c139,table-cell,tab:crossds,located,,XJTU-SY (n=10) / LSTM-AE‡
tab:crossds.c140,table-cell,tab:crossds,located,,XJTU-SY (n=10) / TCN-AE‡
tab:crossds.c141,table-cell,tab:crossds,located,,XJTU-SY (n=10) / TCN-AE‡
tab:crossds.c142,table-cell,tab:crossds,documented,sign-consistency verdict now encoded as the s-superscript on n+/n- (verify_tables checks it),XJTU-SY (n=10) / TCN-AE‡
tab:crossds.c143,table-cell,tab:crossds,located,,XJTU-SY (n=10) / TCN-AE‡
tab:crossds.c144,table-cell,tab:crossds,located,,XJTU-SY (n=10) / Transf.-AD‡
tab:crossds.c145,table-cell,tab:crossds,located,,XJTU-SY (n=10) / Transf.-AD‡
tab:crossds.c146,table-cell,tab:crossds,documented,sign-consistency verdict now encoded as the s-superscript on n+/n- (verify_tables checks it),XJTU-SY (n=10) / Transf.-AD‡
tab:crossds.c147,table-cell,tab:crossds,located,,XJTU-SY (n=10) / Transf.-AD‡
tab:crossds.c148,table-cell,tab:crossds,located,,XJTU-SY (n=10) / RMS-trend
tab:crossds.c149,table-cell,tab:crossds,located,,XJTU-SY (n=10) / RMS-trend
tab:crossds.c150,table-cell,tab:crossds,documented,sign-consistency verdict now encoded as the s-superscript on n+/n- (verify_tables checks it),XJTU-SY (n=10) / RMS-trend
tab:crossds.c151,table-cell,tab:crossds,located,,XJTU-SY (n=10) / RMS-trend
tab:crossds.c152,table-cell,tab:crossds,located,,FEMTO (n=6) / 3σ
tab:crossds.c153,table-cell,tab:crossds,located,,FEMTO (n=6) / 3σ
tab:crossds.c154,table-cell,tab:crossds,documented,sign-consistency verdict now encoded as the s-superscript on n+/n- (verify_tables checks it),FEMTO (n=6) / 3σ
tab:crossds.c155,table-cell,tab:crossds,located,,FEMTO (n=6) / 3σ
tab:crossds.c156,table-cell,tab:crossds,located,,FEMTO (n=6) / EWMA
tab:crossds.c157,table-cell,tab:crossds,located,,FEMTO (n=6) / EWMA
tab:crossds.c158,table-cell,tab:crossds,documented,sign-consistency verdict now encoded as the s-superscript on n+/n- (verify_tables checks it),FEMTO (n=6) / EWMA
tab:crossds.c159,table-cell,tab:crossds,located,,FEMTO (n=6) / EWMA
tab:crossds.c160,table-cell,tab:crossds,located,,FEMTO (n=6) / CUSUM
tab:crossds.c161,table-cell,tab:crossds,located,,FEMTO (n=6) / CUSUM
tab:crossds.c162,table-cell,tab:crossds,documented,sign-consistency verdict now encoded as the s-superscript on n+/n- (verify_tables checks it),FEMTO (n=6) / CUSUM
tab:crossds.c163,table-cell,tab:crossds,located,,FEMTO (n=6) / CUSUM
tab:crossds.c164,table-cell,tab:crossds,located,,FEMTO (n=6) / Hotelling T2
tab:crossds.c165,table-cell,tab:crossds,located,,FEMTO (n=6) / Hotelling T2
tab:crossds.c166,table-cell,tab:crossds,documented,sign-consistency verdict now encoded as the s-superscript on n+/n- (verify_tables checks it),FEMTO (n=6) / Hotelling T2
tab:crossds.c167,table-cell,tab:crossds,located,,FEMTO (n=6) / Hotelling T2
tab:crossds.c168,table-cell,tab:crossds,located,,FEMTO (n=6) / Iso. Forest
tab:crossds.c169,table-cell,tab:crossds,located,,FEMTO (n=6) / Iso. Forest
tab:crossds.c170,table-cell,tab:crossds,documented,sign-consistency verdict now encoded as the s-superscript on n+/n- (verify_tables checks it),FEMTO (n=6) / Iso. Forest
tab:crossds.c171,table-cell,tab:crossds,located,,FEMTO (n=6) / Iso. Forest
tab:crossds.c172,table-cell,tab:crossds,located,,FEMTO (n=6) / Deep SVDD
tab:crossds.c173,table-cell,tab:crossds,located,,FEMTO (n=6) / Deep SVDD
tab:crossds.c174,table-cell,tab:crossds,documented,sign-consistency verdict now encoded as the s-superscript on n+/n- (verify_tables checks it),FEMTO (n=6) / Deep SVDD
tab:crossds.c175,table-cell,tab:crossds,located,,FEMTO (n=6) / Deep SVDD
tab:crossds.c176,table-cell,tab:crossds,located,,FEMTO (n=6) / One-class SVM
tab:crossds.c177,table-cell,tab:crossds,located,,FEMTO (n=6) / One-class SVM
tab:crossds.c178,table-cell,tab:crossds,documented,sign-consistency verdict now encoded as the s-superscript on n+/n- (verify_tables checks it),FEMTO (n=6) / One-class SVM
tab:crossds.c179,table-cell,tab:crossds,located,,FEMTO (n=6) / One-class SVM
tab:crossds.c180,table-cell,tab:crossds,located,,FEMTO (n=6) / LSTM-AE
tab:crossds.c181,table-cell,tab:crossds,located,,FEMTO (n=6) / LSTM-AE
tab:crossds.c182,table-cell,tab:crossds,documented,sign-consistency verdict now encoded as the s-superscript on n+/n- (verify_tables checks it),FEMTO (n=6) / LSTM-AE
tab:crossds.c183,table-cell,tab:crossds,located,,FEMTO (n=6) / LSTM-AE
tab:crossds.c184,table-cell,tab:crossds,located,,FEMTO (n=6) / TCN-AE
tab:crossds.c185,table-cell,tab:crossds,located,,FEMTO (n=6) / TCN-AE
tab:crossds.c186,table-cell,tab:crossds,documented,sign-consistency verdict now encoded as the s-superscript on n+/n- (verify_tables checks it),FEMTO (n=6) / TCN-AE
tab:crossds.c187,table-cell,tab:crossds,located,,FEMTO (n=6) / TCN-AE
tab:crossds.c188,table-cell,tab:crossds,located,,FEMTO (n=6) / Transf.-AD
tab:crossds.c189,table-cell,tab:crossds,located,,FEMTO (n=6) / Transf.-AD
tab:crossds.c190,table-cell,tab:crossds,documented,sign-consistency verdict now encoded as the s-superscript on n+/n- (verify_tables checks it),FEMTO (n=6) / Transf.-AD
tab:crossds.c191,table-cell,tab:crossds,located,,FEMTO (n=6) / Transf.-AD
tab:crossds.c192,table-cell,tab:crossds,located,,FEMTO (n=6) / RMS-trend
tab:crossds.c193,table-cell,tab:crossds,located,,FEMTO (n=6) / RMS-trend
tab:crossds.c194,table-cell,tab:crossds,documented,sign-consistency verdict now encoded as the s-superscript on n+/n- (verify_tables checks it),FEMTO (n=6) / RMS-trend
tab:crossds.c195,table-cell,tab:crossds,located,,FEMTO (n=6) / RMS-trend
tab:crossds.c196,table-cell,tab:crossds,located,,Ferrara (n=6) / 3σ
tab:crossds.c197,table-cell,tab:crossds,located,,Ferrara (n=6) / 3σ
tab:crossds.c198,table-cell,tab:crossds,documented,sign-consistency verdict now encoded as the s-superscript on n+/n- (verify_tables checks it),Ferrara (n=6) / 3σ
tab:crossds.c199,table-cell,tab:crossds,located,,Ferrara (n=6) / 3σ
tab:crossds.c200,table-cell,tab:crossds,located,,Ferrara (n=6) / EWMA
tab:crossds.c201,table-cell,tab:crossds,located,,Ferrara (n=6) / EWMA
tab:crossds.c202,table-cell,tab:crossds,documented,sign-consistency verdict now encoded as the s-superscript on n+/n- (verify_tables checks it),Ferrara (n=6) / EWMA
tab:crossds.c203,table-cell,tab:crossds,located,,Ferrara (n=6) / EWMA
tab:crossds.c204,table-cell,tab:crossds,located,,Ferrara (n=6) / CUSUM
tab:crossds.c205,table-cell,tab:crossds,located,,Ferrara (n=6) / CUSUM
tab:crossds.c206,table-cell,tab:crossds,documented,sign-consistency verdict now encoded as the s-superscript on n+/n- (verify_tables checks it),Ferrara (n=6) / CUSUM
tab:crossds.c207,table-cell,tab:crossds,located,,Ferrara (n=6) / CUSUM
tab:crossds.c208,table-cell,tab:crossds,located,,Ferrara (n=6) / Hotelling T2
tab:crossds.c209,table-cell,tab:crossds,located,,Ferrara (n=6) / Hotelling T2
tab:crossds.c210,table-cell,tab:crossds,documented,sign-consistency verdict now encoded as the s-superscript on n+/n- (verify_tables checks it),Ferrara (n=6) / Hotelling T2
tab:crossds.c211,table-cell,tab:crossds,located,,Ferrara (n=6) / Hotelling T2
tab:crossds.c212,table-cell,tab:crossds,located,,Ferrara (n=6) / Iso. Forest
tab:crossds.c213,table-cell,tab:crossds,located,,Ferrara (n=6) / Iso. Forest
tab:crossds.c214,table-cell,tab:crossds,documented,sign-consistency verdict now encoded as the s-superscript on n+/n- (verify_tables checks it),Ferrara (n=6) / Iso. Forest
tab:crossds.c215,table-cell,tab:crossds,located,,Ferrara (n=6) / Iso. Forest
tab:crossds.c216,table-cell,tab:crossds,located,,Ferrara (n=6) / Deep SVDD
tab:crossds.c217,table-cell,tab:crossds,located,,Ferrara (n=6) / Deep SVDD
tab:crossds.c218,table-cell,tab:crossds,documented,sign-consistency verdict now encoded as the s-superscript on n+/n- (verify_tables checks it),Ferrara (n=6) / Deep SVDD
tab:crossds.c219,table-cell,tab:crossds,located,,Ferrara (n=6) / Deep SVDD
tab:crossds.c220,table-cell,tab:crossds,located,,Ferrara (n=6) / One-class SVM
tab:crossds.c221,table-cell,tab:crossds,located,,Ferrara (n=6) / One-class SVM
tab:crossds.c222,table-cell,tab:crossds,documented,sign-consistency verdict now encoded as the s-superscript on n+/n- (verify_tables checks it),Ferrara (n=6) / One-class SVM
tab:crossds.c223,table-cell,tab:crossds,located,,Ferrara (n=6) / One-class SVM
tab:crossds.c224,table-cell,tab:crossds,located,,Ferrara (n=6) / LSTM-AE
tab:crossds.c225,table-cell,tab:crossds,located,,Ferrara (n=6) / LSTM-AE
tab:crossds.c226,table-cell,tab:crossds,documented,sign-consistency verdict now encoded as the s-superscript on n+/n- (verify_tables checks it),Ferrara (n=6) / LSTM-AE
tab:crossds.c227,table-cell,tab:crossds,located,,Ferrara (n=6) / LSTM-AE
tab:crossds.c228,table-cell,tab:crossds,located,,Ferrara (n=6) / TCN-AE
tab:crossds.c229,table-cell,tab:crossds,located,,Ferrara (n=6) / TCN-AE
tab:crossds.c230,table-cell,tab:crossds,documented,sign-consistency verdict now encoded as the s-superscript on n+/n- (verify_tables checks it),Ferrara (n=6) / TCN-AE
tab:crossds.c231,table-cell,tab:crossds,located,,Ferrara (n=6) / TCN-AE
tab:crossds.c232,table-cell,tab:crossds,located,,Ferrara (n=6) / Transf.-AD
tab:crossds.c233,table-cell,tab:crossds,located,,Ferrara (n=6) / Transf.-AD
tab:crossds.c234,table-cell,tab:crossds,documented,sign-consistency verdict now encoded as the s-superscript on n+/n- (verify_tables checks it),Ferrara (n=6) / Transf.-AD
tab:crossds.c235,table-cell,tab:crossds,located,,Ferrara (n=6) / Transf.-AD
tab:crossds.c236,table-cell,tab:crossds,located,,Ferrara (n=6) / RMS-trend
tab:crossds.c237,table-cell,tab:crossds,located,,Ferrara (n=6) / RMS-trend
tab:crossds.c238,table-cell,tab:crossds,documented,sign-consistency verdict now encoded as the s-superscript on n+/n- (verify_tables checks it),Ferrara (n=6) / RMS-trend
tab:crossds.c239,table-cell,tab:crossds,located,,Ferrara (n=6) / RMS-trend
tab:equiv.c240,table-cell,tab:equiv,located,,3σ
tab:equiv.c241,table-cell,tab:equiv,located,,3σ
tab:equiv.c242,table-cell,tab:equiv,located,,3σ
tab:equiv.c243,table-cell,tab:equiv,located,,3σ
tab:equiv.c244,table-cell,tab:equiv,located,,3σ
tab:equiv.c245,table-cell,tab:equiv,located,,3σ
tab:equiv.c246,table-cell,tab:equiv,located,,EWMA
tab:equiv.c247,table-cell,tab:equiv,located,,EWMA
tab:equiv.c248,table-cell,tab:equiv,located,,EWMA
tab:equiv.c249,table-cell,tab:equiv,located,,EWMA
tab:equiv.c250,table-cell,tab:equiv,located,,EWMA
tab:equiv.c251,table-cell,tab:equiv,located,,EWMA
tab:equiv.c252,table-cell,tab:equiv,located,,CUSUM
tab:equiv.c253,table-cell,tab:equiv,located,,CUSUM
tab:equiv.c254,table-cell,tab:equiv,located,,CUSUM
tab:equiv.c255,table-cell,tab:equiv,located,,CUSUM
tab:equiv.c256,table-cell,tab:equiv,located,,CUSUM
tab:equiv.c257,table-cell,tab:equiv,located,,CUSUM
tab:equiv.c258,table-cell,tab:equiv,located,,Hotelling T2
tab:equiv.c259,table-cell,tab:equiv,located,,Hotelling T2
tab:equiv.c260,table-cell,tab:equiv,located,,Hotelling T2
tab:equiv.c261,table-cell,tab:equiv,located,,Hotelling T2
tab:equiv.c262,table-cell,tab:equiv,located,,Hotelling T2
tab:equiv.c263,table-cell,tab:equiv,located,,Hotelling T2
tab:equiv.c264,table-cell,tab:equiv,located,,Iso. Forest
tab:equiv.c265,table-cell,tab:equiv,located,,Iso. Forest
tab:equiv.c266,table-cell,tab:equiv,located,,Iso. Forest
tab:equiv.c267,table-cell,tab:equiv,located,,Iso. Forest
tab:equiv.c268,table-cell,tab:equiv,located,,Iso. Forest
tab:equiv.c269,table-cell,tab:equiv,located,,Iso. Forest
tab:equiv.c270,table-cell,tab:equiv,located,,One-Class SVM
tab:equiv.c271,table-cell,tab:equiv,located,,One-Class SVM
tab:equiv.c272,table-cell,tab:equiv,located,,One-Class SVM
tab:equiv.c273,table-cell,tab:equiv,located,,One-Class SVM
tab:equiv.c274,table-cell,tab:equiv,located,,One-Class SVM
tab:equiv.c275,table-cell,tab:equiv,located,,One-Class SVM
tab:equiv.c276,table-cell,tab:equiv,located,,Deep SVDD
tab:equiv.c277,table-cell,tab:equiv,located,,Deep SVDD
tab:equiv.c278,table-cell,tab:equiv,located,,Deep SVDD
tab:equiv.c279,table-cell,tab:equiv,located,,Deep SVDD
tab:equiv.c280,table-cell,tab:equiv,located,,Deep SVDD
tab:equiv.c281,table-cell,tab:equiv,located,,Deep SVDD
tab:equiv.c282,table-cell,tab:equiv,located,,LSTM-AE
tab:equiv.c283,table-cell,tab:equiv,located,,LSTM-AE
tab:equiv.c284,table-cell,tab:equiv,located,,LSTM-AE
tab:equiv.c285,table-cell,tab:equiv,located,,LSTM-AE
tab:equiv.c286,table-cell,tab:equiv,located,,LSTM-AE
tab:equiv.c287,table-cell,tab:equiv,located,,LSTM-AE
tab:equiv.c288,table-cell,tab:equiv,located,,TCN-AE
tab:equiv.c289,table-cell,tab:equiv,located,,TCN-AE
tab:equiv.c290,table-cell,tab:equiv,located,,TCN-AE
tab:equiv.c291,table-cell,tab:equiv,located,,TCN-AE
tab:equiv.c292,table-cell,tab:equiv,located,,TCN-AE
tab:equiv.c293,table-cell,tab:equiv,located,,TCN-AE
tab:equiv.c294,table-cell,tab:equiv,located,,Transformer-AD
tab:equiv.c295,table-cell,tab:equiv,located,,Transformer-AD
tab:equiv.c296,table-cell,tab:equiv,located,,Transformer-AD
tab:equiv.c297,table-cell,tab:equiv,located,,Transformer-AD
tab:equiv.c298,table-cell,tab:equiv,located,,Transformer-AD
tab:equiv.c299,table-cell,tab:equiv,located,,Transformer-AD
tab:equiv.c300,table-cell,tab:equiv,located,,RMS-trend
tab:equiv.c301,table-cell,tab:equiv,located,,RMS-trend
tab:equiv.c302,table-cell,tab:equiv,located,,RMS-trend
tab:equiv.c303,table-cell,tab:equiv,located,,RMS-trend
tab:equiv.c304,table-cell,tab:equiv,located,,RMS-trend
tab:equiv.c305,table-cell,tab:equiv,located,,RMS-trend
tab:imssweep.c306,table-cell,tab:imssweep,located,,3σ
tab:imssweep.c307,table-cell,tab:imssweep,located,,3σ
tab:imssweep.c308,table-cell,tab:imssweep,documented,sign-consistency verdict now encoded as the s-superscript on n+/n- (verify_tables checks it),3σ
tab:imssweep.c309,table-cell,tab:imssweep,located,,3σ
tab:imssweep.c310,table-cell,tab:imssweep,located,,Iso. Forest
tab:imssweep.c311,table-cell,tab:imssweep,located,,Iso. Forest
tab:imssweep.c312,table-cell,tab:imssweep,documented,sign-consistency verdict now encoded as the s-superscript on n+/n- (verify_tables checks it),Iso. Forest
tab:imssweep.c313,table-cell,tab:imssweep,located,,Iso. Forest
tab:imssweep.c314,table-cell,tab:imssweep,located,,EWMA
tab:imssweep.c315,table-cell,tab:imssweep,located,,EWMA
tab:imssweep.c316,table-cell,tab:imssweep,documented,sign-consistency verdict now encoded as the s-superscript on n+/n- (verify_tables checks it),EWMA
tab:imssweep.c317,table-cell,tab:imssweep,located,,EWMA
tab:imssweep.c318,table-cell,tab:imssweep,located,,CUSUM
tab:imssweep.c319,table-cell,tab:imssweep,located,,CUSUM
tab:imssweep.c320,table-cell,tab:imssweep,documented,sign-consistency verdict now encoded as the s-superscript on n+/n- (verify_tables checks it),CUSUM
tab:imssweep.c321,table-cell,tab:imssweep,located,,CUSUM
tab:imssweep.c322,table-cell,tab:imssweep,located,,Hotelling T2
tab:imssweep.c323,table-cell,tab:imssweep,located,,Hotelling T2
tab:imssweep.c324,table-cell,tab:imssweep,documented,sign-consistency verdict now encoded as the s-superscript on n+/n- (verify_tables checks it),Hotelling T2
tab:imssweep.c325,table-cell,tab:imssweep,located,,Hotelling T2
tab:imssweep.c326,table-cell,tab:imssweep,located,,Deep SVDD
tab:imssweep.c327,table-cell,tab:imssweep,located,,Deep SVDD
tab:imssweep.c328,table-cell,tab:imssweep,located,,Deep SVDD
tab:imssweep.c329,table-cell,tab:imssweep,located,,Deep SVDD
tab:imssweep.c330,table-cell,tab:imssweep,located,,One-class SVM
tab:imssweep.c331,table-cell,tab:imssweep,located,,One-class SVM
tab:imssweep.c332,table-cell,tab:imssweep,documented,sign-consistency verdict now encoded as the s-superscript on n+/n- (verify_tables checks it),One-class SVM
tab:imssweep.c333,table-cell,tab:imssweep,located,,One-class SVM
tab:imssweep.c334,table-cell,tab:imssweep,located,,RMS-trend
tab:imssweep.c335,table-cell,tab:imssweep,located,,RMS-trend
tab:imssweep.c336,table-cell,tab:imssweep,documented,sign-consistency verdict now encoded as the s-superscript on n+/n- (verify_tables checks it),RMS-trend
tab:imssweep.c337,table-cell,tab:imssweep,located,,RMS-trend
tab:imssweep.c338,table-cell,tab:imssweep,located,,LSTM-AE
tab:imssweep.c339,table-cell,tab:imssweep,located,,LSTM-AE
tab:imssweep.c340,table-cell,tab:imssweep,documented,sign-consistency verdict now encoded as the s-superscript on n+/n- (verify_tables checks it),LSTM-AE
tab:imssweep.c341,table-cell,tab:imssweep,located,,LSTM-AE
tab:imssweep.c342,table-cell,tab:imssweep,located,,TCN-AE
tab:imssweep.c343,table-cell,tab:imssweep,located,,TCN-AE
tab:imssweep.c344,table-cell,tab:imssweep,documented,sign-consistency verdict now encoded as the s-superscript on n+/n- (verify_tables checks it),TCN-AE
tab:imssweep.c345,table-cell,tab:imssweep,located,,TCN-AE
tab:imssweep.c346,table-cell,tab:imssweep,located,,Transformer-AD
tab:imssweep.c347,table-cell,tab:imssweep,located,,Transformer-AD
tab:imssweep.c348,table-cell,tab:imssweep,documented,sign-consistency verdict now encoded as the s-superscript on n+/n- (verify_tables checks it),Transformer-AD
tab:imssweep.c349,table-cell,tab:imssweep,located,,Transformer-AD
tab:holm.c350,table-cell,tab:holm,located,,3σ
tab:holm.c351,table-cell,tab:holm,located,,3σ
tab:holm.c352,table-cell,tab:holm,located,,3σ
tab:holm.c353,table-cell,tab:holm,located,,3σ
tab:holm.c354,table-cell,tab:holm,located,,EWMA
tab:holm.c355,table-cell,tab:holm,located,,EWMA
tab:holm.c356,table-cell,tab:holm,located,,EWMA
tab:holm.c357,table-cell,tab:holm,located,,EWMA
tab:holm.c358,table-cell,tab:holm,located,,CUSUM
tab:holm.c359,table-cell,tab:holm,located,,CUSUM
tab:holm.c360,table-cell,tab:holm,located,,CUSUM
tab:holm.c361,table-cell,tab:holm,located,,CUSUM
tab:holm.c362,table-cell,tab:holm,located,,Hotelling T2
tab:holm.c363,table-cell,tab:holm,located,,Hotelling T2
tab:holm.c364,table-cell,tab:holm,located,,Hotelling T2
tab:holm.c365,table-cell,tab:holm,located,,Hotelling T2
tab:holm.c366,table-cell,tab:holm,located,,Iso. Forest
tab:holm.c367,table-cell,tab:holm,located,,Iso. Forest
tab:holm.c368,table-cell,tab:holm,located,,Iso. Forest
tab:holm.c369,table-cell,tab:holm,located,,Iso. Forest
tab:holm.c370,table-cell,tab:holm,located,,One-class SVM
tab:holm.c371,table-cell,tab:holm,located,,One-class SVM
tab:holm.c372,table-cell,tab:holm,located,,One-class SVM
tab:holm.c373,table-cell,tab:holm,located,,One-class SVM
tab:holm.c374,table-cell,tab:holm,located,,Deep SVDD
tab:holm.c375,table-cell,tab:holm,located,,Deep SVDD
tab:holm.c376,table-cell,tab:holm,located,,Deep SVDD
tab:holm.c377,table-cell,tab:holm,located,,Deep SVDD
tab:holm.c378,table-cell,tab:holm,located,,LSTM-AE
tab:holm.c379,table-cell,tab:holm,located,,LSTM-AE
tab:holm.c380,table-cell,tab:holm,located,,LSTM-AE
tab:holm.c381,table-cell,tab:holm,located,,LSTM-AE
tab:holm.c382,table-cell,tab:holm,located,,TCN-AE
tab:holm.c383,table-cell,tab:holm,located,,TCN-AE
tab:holm.c384,table-cell,tab:holm,located,,TCN-AE
tab:holm.c385,table-cell,tab:holm,located,,TCN-AE
tab:holm.c386,table-cell,tab:holm,located,,Transf.-AD
tab:holm.c387,table-cell,tab:holm,located,,Transf.-AD
tab:holm.c388,table-cell,tab:holm,located,,Transf.-AD
tab:holm.c389,table-cell,tab:holm,located,,Transf.-AD
tab:holm.c390,table-cell,tab:holm,located,,RMS-trend
tab:holm.c391,table-cell,tab:holm,located,,RMS-trend
tab:holm.c392,table-cell,tab:holm,located,,RMS-trend
tab:holm.c393,table-cell,tab:holm,located,,RMS-trend
tab:perbearing.c394,table-cell,tab:perbearing,located,,Bearing1_1
tab:perbearing.c395,table-cell,tab:perbearing,located,,Bearing1_1
tab:perbearing.c396,table-cell,tab:perbearing,located,,Bearing1_1
tab:perbearing.c397,table-cell,tab:perbearing,located,,Bearing1_1
tab:perbearing.c398,table-cell,tab:perbearing,located,,Bearing1_1
tab:perbearing.c399,table-cell,tab:perbearing,located,,Bearing1_2
tab:perbearing.c400,table-cell,tab:perbearing,located,,Bearing1_2
tab:perbearing.c401,table-cell,tab:perbearing,located,,Bearing1_2
tab:perbearing.c402,table-cell,tab:perbearing,located,,Bearing1_2
tab:perbearing.c403,table-cell,tab:perbearing,located,,Bearing1_2
tab:perbearing.c404,table-cell,tab:perbearing,located,,Bearing1_3
tab:perbearing.c405,table-cell,tab:perbearing,located,,Bearing1_3
tab:perbearing.c406,table-cell,tab:perbearing,located,,Bearing1_3
tab:perbearing.c407,table-cell,tab:perbearing,documented,Part 1 (Eq. 5 validity restatement): Bearing1_3 1.03 -> n.s. (empty pre-onset region),Bearing1_3
tab:perbearing.c408,table-cell,tab:perbearing,documented,Part 1 (Eq. 5 validity restatement): Bearing1_3 1.03 -> n.s. (empty pre-onset region),Bearing1_3
tab:perbearing.c409,table-cell,tab:perbearing,located,,Bearing1_4
tab:perbearing.c410,table-cell,tab:perbearing,located,,Bearing1_4
tab:perbearing.c411,table-cell,tab:perbearing,located,,Bearing1_4
tab:perbearing.c412,table-cell,tab:perbearing,located,,Bearing1_4
tab:perbearing.c413,table-cell,tab:perbearing,located,,Bearing1_4
tab:perbearing.c414,table-cell,tab:perbearing,located,,Bearing1_5
tab:perbearing.c415,table-cell,tab:perbearing,located,,Bearing1_5
tab:perbearing.c416,table-cell,tab:perbearing,located,,Bearing1_5
tab:perbearing.c417,table-cell,tab:perbearing,located,,Bearing1_5
tab:perbearing.c418,table-cell,tab:perbearing,located,,Bearing1_5
tab:perbearing.c419,table-cell,tab:perbearing,located,,Bearing2_1
tab:perbearing.c420,table-cell,tab:perbearing,located,,Bearing2_1
tab:perbearing.c421,table-cell,tab:perbearing,located,,Bearing2_1
tab:perbearing.c422,table-cell,tab:perbearing,located,,Bearing2_1
tab:perbearing.c423,table-cell,tab:perbearing,located,,Bearing2_1
tab:perbearing.c424,table-cell,tab:perbearing,located,,Bearing2_2
tab:perbearing.c425,table-cell,tab:perbearing,located,,Bearing2_2
tab:perbearing.c426,table-cell,tab:perbearing,located,,Bearing2_2
tab:perbearing.c427,table-cell,tab:perbearing,located,,Bearing2_2
tab:perbearing.c428,table-cell,tab:perbearing,documented,Part 1 (Eq. 5 validity restatement): Bearing2_2 1.08 -> n.s. (empty pre-onset region),Bearing2_2
tab:perbearing.c429,table-cell,tab:perbearing,located,,Bearing2_3
tab:perbearing.c430,table-cell,tab:perbearing,located,,Bearing2_3
tab:perbearing.c431,table-cell,tab:perbearing,located,,Bearing2_3
tab:perbearing.c432,table-cell,tab:perbearing,located,,Bearing2_3
tab:perbearing.c433,table-cell,tab:perbearing,located,,Bearing2_3
tab:perbearing.c434,table-cell,tab:perbearing,located,,Bearing2_4
tab:perbearing.c435,table-cell,tab:perbearing,located,,Bearing2_4
tab:perbearing.c436,table-cell,tab:perbearing,located,,Bearing2_4
tab:perbearing.c437,table-cell,tab:perbearing,located,,Bearing2_4
tab:perbearing.c438,table-cell,tab:perbearing,located,,Bearing2_4
tab:perbearing.c439,table-cell,tab:perbearing,located,,Bearing2_5
tab:perbearing.c440,table-cell,tab:perbearing,located,,Bearing2_5
tab:perbearing.c441,table-cell,tab:perbearing,located,,Bearing2_5
tab:perbearing.c442,table-cell,tab:perbearing,documented,Part 1 (Eq. 5 validity restatement): Bearing2_5 2.30 -> n.s. (empty pre-onset region),Bearing2_5
tab:perbearing.c443,table-cell,tab:perbearing,documented,Part 1 (Eq. 5 validity restatement): Bearing2_5 2.30 -> n.s. (empty pre-onset region),Bearing2_5
tab:perbearing.c444,table-cell,tab:perbearing,located,,"Total (full-res, aggregate)"
tab:perbearing.c445,table-cell,tab:perbearing,located,,Bearings with no valid detector
tab:gatedcontrast.c446,table-cell,tab:gatedcontrast,located,,Raw lead time
tab:gatedcontrast.c447,table-cell,tab:gatedcontrast,located,,Raw lead time / XJTU-SY
tab:gatedcontrast.c448,table-cell,tab:gatedcontrast,located,,Raw lead time / XJTU-SY
tab:gatedcontrast.c449,table-cell,tab:gatedcontrast,located,,Raw lead time / XJTU-SY
tab:gatedcontrast.c450,table-cell,tab:gatedcontrast,located,,Raw lead time / FEMTO
tab:gatedcontrast.c451,table-cell,tab:gatedcontrast,located,,Raw lead time / FEMTO
tab:gatedcontrast.c452,table-cell,tab:gatedcontrast,located,,Raw lead time / FEMTO
tab:gatedcontrast.c453,table-cell,tab:gatedcontrast,located,,Raw lead time / Ferrara
tab:gatedcontrast.c454,table-cell,tab:gatedcontrast,located,,Raw lead time / Ferrara
tab:gatedcontrast.c455,table-cell,tab:gatedcontrast,located,,Raw lead time / Ferrara
tab:gatedcontrast.c456,table-cell,tab:gatedcontrast,located,,Raw lead time / IMS
tab:gatedcontrast.c457,table-cell,tab:gatedcontrast,located,,Raw lead time / IMS
tab:gatedcontrast.c458,table-cell,tab:gatedcontrast,located,,Raw lead time / IMS
tab:gatedcontrast.c459,table-cell,tab:gatedcontrast,located,,Gated lead time ( =10% pre-onset FAR)
tab:gatedcontrast.c460,table-cell,tab:gatedcontrast,located,,Gated lead time ( =10% pre-onset FAR) / XJTU-SY
tab:gatedcontrast.c461,table-cell,tab:gatedcontrast,located,,Gated lead time ( =10% pre-onset FAR) / XJTU-SY
tab:gatedcontrast.c462,table-cell,tab:gatedcontrast,located,,Gated lead time ( =10% pre-onset FAR) / XJTU-SY
tab:gatedcontrast.c463,table-cell,tab:gatedcontrast,located,,Gated lead time ( =10% pre-onset FAR) / FEMTO
tab:gatedcontrast.c464,table-cell,tab:gatedcontrast,located,,Gated lead time ( =10% pre-onset FAR) / FEMTO
tab:gatedcontrast.c465,table-cell,tab:gatedcontrast,located,,Gated lead time ( =10% pre-onset FAR) / FEMTO
tab:gatedcontrast.c466,table-cell,tab:gatedcontrast,located,,Gated lead time ( =10% pre-onset FAR) / Ferrara
tab:gatedcontrast.c467,table-cell,tab:gatedcontrast,located,,Gated lead time ( =10% pre-onset FAR) / Ferrara
tab:gatedcontrast.c468,table-cell,tab:gatedcontrast,located,,Gated lead time ( =10% pre-onset FAR) / Ferrara
tab:gatedcontrast.c469,table-cell,tab:gatedcontrast,located,,Gated lead time ( =10% pre-onset FAR) / IMS
tab:gatedcontrast.c470,table-cell,tab:gatedcontrast,located,,Gated lead time ( =10% pre-onset FAR) / IMS
tab:gatedcontrast.c471,table-cell,tab:gatedcontrast,located,,Gated lead time ( =10% pre-onset FAR) / IMS
tab:conformal.c472,table-cell,tab:conformal,located,,1st_test
tab:conformal.c473,table-cell,tab:conformal,located,,1st_test
tab:conformal.c474,table-cell,tab:conformal,located,,1st_test
tab:conformal.c475,table-cell,tab:conformal,located,,1st_test
tab:conformal.c476,table-cell,tab:conformal,located,,2nd_test
tab:conformal.c477,table-cell,tab:conformal,located,,2nd_test
tab:conformal.c478,table-cell,tab:conformal,located,,2nd_test
tab:conformal.c479,table-cell,tab:conformal,located,,2nd_test
tab:conformal.c480,table-cell,tab:conformal,located,,3rd_test
tab:conformal.c481,table-cell,tab:conformal,located,,3rd_test
tab:conformal.c482,table-cell,tab:conformal,located,,3rd_test
tab:conformal.c483,table-cell,tab:conformal,located,,3rd_test
tab:farbudget.c484,table-cell,tab:farbudget,located,,3σ
tab:farbudget.c485,table-cell,tab:farbudget,located,,3σ
tab:farbudget.c486,table-cell,tab:farbudget,located,,3σ
tab:farbudget.c487,table-cell,tab:farbudget,located,,EWMA
tab:farbudget.c488,table-cell,tab:farbudget,located,,EWMA
tab:farbudget.c489,table-cell,tab:farbudget,located,,EWMA
tab:farbudget.c490,table-cell,tab:farbudget,located,,CUSUM
tab:farbudget.c491,table-cell,tab:farbudget,located,,CUSUM
tab:farbudget.c492,table-cell,tab:farbudget,located,,CUSUM
tab:farbudget.c493,table-cell,tab:farbudget,located,,Hotelling T2
tab:farbudget.c494,table-cell,tab:farbudget,located,,Hotelling T2
tab:farbudget.c495,table-cell,tab:farbudget,located,,Hotelling T2
tab:farbudget.c496,table-cell,tab:farbudget,located,,Iso. Forest
tab:farbudget.c497,table-cell,tab:farbudget,located,,Iso. Forest
tab:farbudget.c498,table-cell,tab:farbudget,located,,Iso. Forest
tab:farbudget.c499,table-cell,tab:farbudget,located,,Deep SVDD
tab:farbudget.c500,table-cell,tab:farbudget,located,,Deep SVDD
tab:farbudget.c501,table-cell,tab:farbudget,located,,Deep SVDD
tab:farbudget.c502,table-cell,tab:farbudget,located,,RMS-trend
tab:farbudget.c503,table-cell,tab:farbudget,located,,RMS-trend
tab:farbudget.c504,table-cell,tab:farbudget,located,,RMS-trend
tab:tradeoff.c505,table-cell,tab:tradeoff,located,,3σ
tab:tradeoff.c506,table-cell,tab:tradeoff,located,,3σ
tab:tradeoff.c507,table-cell,tab:tradeoff,located,,3σ
tab:tradeoff.c508,table-cell,tab:tradeoff,located,,3σ
tab:tradeoff.c509,table-cell,tab:tradeoff,located,,3σ
tab:tradeoff.c510,table-cell,tab:tradeoff,located,,3σ
tab:tradeoff.c511,table-cell,tab:tradeoff,located,,EWMA
tab:tradeoff.c512,table-cell,tab:tradeoff,located,,EWMA
tab:tradeoff.c513,table-cell,tab:tradeoff,located,,EWMA
tab:tradeoff.c514,table-cell,tab:tradeoff,located,,EWMA
tab:tradeoff.c515,table-cell,tab:tradeoff,located,,EWMA
tab:tradeoff.c516,table-cell,tab:tradeoff,located,,EWMA
tab:tradeoff.c517,table-cell,tab:tradeoff,located,,CUSUM
tab:tradeoff.c518,table-cell,tab:tradeoff,located,,CUSUM
tab:tradeoff.c519,table-cell,tab:tradeoff,located,,CUSUM
tab:tradeoff.c520,table-cell,tab:tradeoff,located,,CUSUM
tab:tradeoff.c521,table-cell,tab:tradeoff,located,,CUSUM
tab:tradeoff.c522,table-cell,tab:tradeoff,located,,CUSUM
tab:tradeoff.c523,table-cell,tab:tradeoff,located,,Hot. T2
tab:tradeoff.c524,table-cell,tab:tradeoff,located,,Hot. T2
tab:tradeoff.c525,table-cell,tab:tradeoff,located,,Hot. T2
tab:tradeoff.c526,table-cell,tab:tradeoff,located,,Hot. T2
tab:tradeoff.c527,table-cell,tab:tradeoff,located,,Hot. T2
tab:tradeoff.c528,table-cell,tab:tradeoff,located,,Hot. T2
tab:tradeoff.c529,table-cell,tab:tradeoff,located,,Iso. For.
tab:tradeoff.c530,table-cell,tab:tradeoff,located,,Iso. For.
tab:tradeoff.c531,table-cell,tab:tradeoff,located,,Iso. For.
tab:tradeoff.c532,table-cell,tab:tradeoff,located,,Iso. For.
tab:tradeoff.c533,table-cell,tab:tradeoff,located,,Iso. For.
tab:tradeoff.c534,table-cell,tab:tradeoff,located,,Iso. For.
tab:tradeoff.c535,table-cell,tab:tradeoff,located,,Deep SVDD
tab:tradeoff.c536,table-cell,tab:tradeoff,located,,Deep SVDD
tab:tradeoff.c537,table-cell,tab:tradeoff,located,,Deep SVDD
tab:tradeoff.c538,table-cell,tab:tradeoff,located,,Deep SVDD
tab:tradeoff.c539,table-cell,tab:tradeoff,located,,Deep SVDD
tab:tradeoff.c540,table-cell,tab:tradeoff,located,,Deep SVDD
tab:tradeoff.c541,table-cell,tab:tradeoff,located,,RMS-trend
tab:tradeoff.c542,table-cell,tab:tradeoff,located,,RMS-trend
tab:tradeoff.c543,table-cell,tab:tradeoff,located,,RMS-trend
tab:tradeoff.c544,table-cell,tab:tradeoff,located,,RMS-trend
tab:tradeoff.c545,table-cell,tab:tradeoff,located,,RMS-trend
tab:tradeoff.c546,table-cell,tab:tradeoff,located,,RMS-trend
tab:tradeoff.c547,table-cell,tab:tradeoff,located,,LSTM-AE
tab:tradeoff.c548,table-cell,tab:tradeoff,located,,LSTM-AE
tab:tradeoff.c549,table-cell,tab:tradeoff,located,,LSTM-AE
tab:tradeoff.c550,table-cell,tab:tradeoff,located,,LSTM-AE
tab:tradeoff.c551,table-cell,tab:tradeoff,located,,LSTM-AE
tab:tradeoff.c552,table-cell,tab:tradeoff,located,,LSTM-AE
tab:tradeoff.c553,table-cell,tab:tradeoff,located,,TCN-AE
tab:tradeoff.c554,table-cell,tab:tradeoff,located,,TCN-AE
tab:tradeoff.c555,table-cell,tab:tradeoff,located,,TCN-AE
tab:tradeoff.c556,table-cell,tab:tradeoff,located,,TCN-AE
tab:tradeoff.c557,table-cell,tab:tradeoff,located,,TCN-AE
tab:tradeoff.c558,table-cell,tab:tradeoff,located,,TCN-AE
tab:tradeoff.c559,table-cell,tab:tradeoff,located,,Transf.-AD
tab:tradeoff.c560,table-cell,tab:tradeoff,located,,Transf.-AD
tab:tradeoff.c561,table-cell,tab:tradeoff,located,,Transf.-AD
tab:tradeoff.c562,table-cell,tab:tradeoff,located,,Transf.-AD
tab:tradeoff.c563,table-cell,tab:tradeoff,located,,Transf.-AD
tab:tradeoff.c564,table-cell,tab:tradeoff,located,,Transf.-AD
tab:ablation_general.c565,table-cell,tab:ablation_general,located,,rms_only
tab:ablation_general.c566,table-cell,tab:ablation_general,located,,rms_only
tab:ablation_general.c567,table-cell,tab:ablation_general,located,,rms_only
tab:ablation_general.c568,table-cell,tab:ablation_general,located,,rms_only
tab:ablation_general.c569,table-cell,tab:ablation_general,located,,rms_only
tab:ablation_general.c570,table-cell,tab:ablation_general,located,,rms_only
tab:ablation_general.c571,table-cell,tab:ablation_general,located,,kurt_only
tab:ablation_general.c572,table-cell,tab:ablation_general,located,,kurt_only
tab:ablation_general.c573,table-cell,tab:ablation_general,located,,kurt_only
tab:ablation_general.c574,table-cell,tab:ablation_general,located,,kurt_only
tab:ablation_general.c575,table-cell,tab:ablation_general,located,,kurt_only
tab:ablation_general.c576,table-cell,tab:ablation_general,located,,kurt_only
tab:ablation_general.c577,table-cell,tab:ablation_general,located,,time_only
tab:ablation_general.c578,table-cell,tab:ablation_general,located,,time_only
tab:ablation_general.c579,table-cell,tab:ablation_general,located,,time_only
tab:ablation_general.c580,table-cell,tab:ablation_general,located,,time_only
tab:ablation_general.c581,table-cell,tab:ablation_general,located,,time_only
tab:ablation_general.c582,table-cell,tab:ablation_general,located,,time_only
tab:ablation_general.c583,table-cell,tab:ablation_general,located,,spectral_only
tab:ablation_general.c584,table-cell,tab:ablation_general,located,,spectral_only
tab:ablation_general.c585,table-cell,tab:ablation_general,located,,spectral_only
tab:ablation_general.c586,table-cell,tab:ablation_general,located,,spectral_only
tab:ablation_general.c587,table-cell,tab:ablation_general,located,,spectral_only
tab:ablation_general.c588,table-cell,tab:ablation_general,located,,spectral_only
tab:ablation_general.c589,table-cell,tab:ablation_general,located,,envelope_only
tab:ablation_general.c590,table-cell,tab:ablation_general,located,,envelope_only
tab:ablation_general.c591,table-cell,tab:ablation_general,located,,envelope_only
tab:ablation_general.c592,table-cell,tab:ablation_general,located,,envelope_only
tab:ablation_general.c593,table-cell,tab:ablation_general,located,,envelope_only
tab:ablation_general.c594,table-cell,tab:ablation_general,located,,envelope_only
tab:ablation_general.c595,table-cell,tab:ablation_general,located,,time+spectral
tab:ablation_general.c596,table-cell,tab:ablation_general,located,,time+spectral
tab:ablation_general.c597,table-cell,tab:ablation_general,located,,time+spectral
tab:ablation_general.c598,table-cell,tab:ablation_general,located,,time+spectral
tab:ablation_general.c599,table-cell,tab:ablation_general,located,,time+spectral
tab:ablation_general.c600,table-cell,tab:ablation_general,located,,time+spectral
tab:ablation_general.c601,table-cell,tab:ablation_general,located,,all
tab:ablation_general.c602,table-cell,tab:ablation_general,located,,all
tab:ablation_general.c603,table-cell,tab:ablation_general,located,,all
tab:ablation_general.c604,table-cell,tab:ablation_general,located,,all
tab:ablation_general.c605,table-cell,tab:ablation_general,located,,all
tab:ablation_general.c606,table-cell,tab:ablation_general,located,,all
tab:phrank.c607,table-cell,tab:phrank,located,,Hotelling T2
tab:phrank.c608,table-cell,tab:phrank,located,,Hotelling T2
tab:phrank.c609,table-cell,tab:phrank,located,,Hotelling T2
tab:phrank.c610,table-cell,tab:phrank,located,,Hotelling T2
tab:phrank.c611,table-cell,tab:phrank,documented,sign-consistency verdict now encoded as the s-superscript on n+/n- (verify_tables checks it),Hotelling T2
tab:phrank.c612,table-cell,tab:phrank,located,,Iso. Forest
tab:phrank.c613,table-cell,tab:phrank,located,,Iso. Forest
tab:phrank.c614,table-cell,tab:phrank,located,,Iso. Forest
tab:phrank.c615,table-cell,tab:phrank,located,,Iso. Forest
tab:phrank.c616,table-cell,tab:phrank,documented,sign-consistency verdict now encoded as the s-superscript on n+/n- (verify_tables checks it),Iso. Forest
tab:phrank.c617,table-cell,tab:phrank,located,,EWMA
tab:phrank.c618,table-cell,tab:phrank,located,,EWMA
tab:phrank.c619,table-cell,tab:phrank,located,,EWMA
tab:phrank.c620,table-cell,tab:phrank,located,,EWMA
tab:phrank.c621,table-cell,tab:phrank,documented,sign-consistency verdict now encoded as the s-superscript on n+/n- (verify_tables checks it),EWMA
tab:phrank.c622,table-cell,tab:phrank,located,,3σ
tab:phrank.c623,table-cell,tab:phrank,located,,3σ
tab:phrank.c624,table-cell,tab:phrank,located,,3σ
tab:phrank.c625,table-cell,tab:phrank,located,,3σ
tab:phrank.c626,table-cell,tab:phrank,documented,sign-consistency verdict now encoded as the s-superscript on n+/n- (verify_tables checks it),3σ
tab:phrank.c627,table-cell,tab:phrank,located,,CUSUM
tab:phrank.c628,table-cell,tab:phrank,located,,CUSUM
tab:phrank.c629,table-cell,tab:phrank,located,,CUSUM
tab:phrank.c630,table-cell,tab:phrank,located,,CUSUM
tab:phrank.c631,table-cell,tab:phrank,documented,sign-consistency verdict now encoded as the s-superscript on n+/n- (verify_tables checks it),CUSUM
tab:phrank.c632,table-cell,tab:phrank,located,,RMS-trend
tab:phrank.c633,table-cell,tab:phrank,located,,RMS-trend
tab:phrank.c634,table-cell,tab:phrank,located,,RMS-trend
tab:phrank.c635,table-cell,tab:phrank,located,,RMS-trend
tab:phrank.c636,table-cell,tab:phrank,located-manual,unchanged table text: row label RMS-trend in tab:imsdet (grep: 13 occurrences in the .tex); PDF glyph mismatch,RMS-trend
tab:phrank.c637,table-cell,tab:phrank,located,,Deep SVDD
tab:phrank.c638,table-cell,tab:phrank,located,,Deep SVDD
tab:phrank.c639,table-cell,tab:phrank,located,,Deep SVDD
tab:phrank.c640,table-cell,tab:phrank,located,,Deep SVDD
tab:phrank.c641,table-cell,tab:phrank,documented,sign-consistency verdict now encoded as the s-superscript on n+/n- (verify_tables checks it),Deep SVDD
tab:hyperparams.c642,table-cell,tab:hyperparams,located,,Feature window / overlap
tab:hyperparams.c643,table-cell,tab:hyperparams,located,,Feature schema
tab:hyperparams.c644,table-cell,tab:hyperparams,located,,Train-fit feature cap
tab:hyperparams.c645,table-cell,tab:hyperparams,located,,Train / calib. / test
tab:hyperparams.c646,table-cell,tab:hyperparams,located-manual,"unchanged table text: tab:hyperparams panel (a) row, verbatim in gen/hyperparams_static.tex",Pre-onset FAR region
tab:hyperparams.c647,table-cell,tab:hyperparams,located,,Onset health indicator
tab:hyperparams.c648,table-cell,tab:hyperparams,located,,Onset method / persistence
tab:hyperparams.c649,table-cell,tab:hyperparams,located,,Onset kσ / gap tolerance
tab:hyperparams.c650,table-cell,tab:hyperparams,located,,Alarm threshold / persistence
tab:hyperparams.c651,table-cell,tab:hyperparams,located,,FAR budget
tab:hyperparams.c652,table-cell,tab:hyperparams,located,,Isolation Forest
tab:hyperparams.c653,table-cell,tab:hyperparams,located,,Hotelling T2
tab:hyperparams.c654,table-cell,tab:hyperparams,located,,EWMA / CUSUM
tab:hyperparams.c655,table-cell,tab:hyperparams,located,,Deep models
tab:hyperparams.c656,table-cell,tab:hyperparams,located,,Transformer
tab:hyperparams.c657,table-cell,tab:hyperparams,located,,FEMTO channels
tab:hyperparams.c658,table-cell,tab:hyperparams,located,,Conformal calib. fraction
tab:hyperparams.c659,table-cell,tab:hyperparams,located,,Bootstrap resamples
tab:hyperparams.c660,table-cell,tab:hyperparams,located,,Random seed
tab:hyperparams.c661,table-cell,tab:hyperparams,located,,Environment
tab:compute.c662,table-cell,tab:compute,located,,3σ
tab:compute.c663,table-cell,tab:compute,located,,3σ
tab:compute.c664,table-cell,tab:compute,located,,EWMA
tab:compute.c665,table-cell,tab:compute,located,,EWMA
tab:compute.c666,table-cell,tab:compute,located,,CUSUM
tab:compute.c667,table-cell,tab:compute,located,,CUSUM
tab:compute.c668,table-cell,tab:compute,located,,RMS-trend
tab:compute.c669,table-cell,tab:compute,located,,RMS-trend
tab:compute.c670,table-cell,tab:compute,located,,Hotelling T2
tab:compute.c671,table-cell,tab:compute,located,,Hotelling T2
tab:compute.c672,table-cell,tab:compute,located,,One-class SVM
tab:compute.c673,table-cell,tab:compute,located,,One-class SVM
tab:compute.c674,table-cell,tab:compute,located,,Isolation Forest
tab:compute.c675,table-cell,tab:compute,located,,Isolation Forest
tab:compute.c676,table-cell,tab:compute,located,,Deep SVDD
tab:compute.c677,table-cell,tab:compute,located,,Deep SVDD
tab:compute.c678,table-cell,tab:compute,located,,LSTM-AE
tab:compute.c679,table-cell,tab:compute,located,,LSTM-AE
tab:compute.c680,table-cell,tab:compute,located,,TCN-AE
tab:compute.c681,table-cell,tab:compute,located,,TCN-AE
tab:compute.c682,table-cell,tab:compute,located,,Transformer-AD
tab:compute.c683,table-cell,tab:compute,located,,Transformer-AD
tab:deeparch.c684,table-cell,tab:deeparch,located,,Structure
tab:deeparch.c685,table-cell,tab:deeparch,located,,Structure
tab:deeparch.c686,table-cell,tab:deeparch,located,,Structure
tab:deeparch.c687,table-cell,tab:deeparch,located,,Structure
tab:deeparch.c688,table-cell,tab:deeparch,located,,+ linear to latent;
tab:deeparch.c689,table-cell,tab:deeparch,located,,2 dilated causal
tab:deeparch.c690,table-cell,tab:deeparch,located,,linear input projection
tab:deeparch.c691,table-cell,tab:deeparch,located,,"bias-free,"
tab:deeparch.c692,table-cell,tab:deeparch,located,,1-layer LSTM decoder
tab:deeparch.c693,table-cell,tab:deeparch,located,,"convolutions each,"
tab:deeparch.c694,table-cell,tab:deeparch,located,,and reconstruction head
tab:deeparch.c695,table-cell,tab:deeparch,located,,ReLU between
tab:deeparch.c696,table-cell,tab:deeparch,located,,+ linear to output
tab:deeparch.c697,table-cell,tab:deeparch,located,,"residual, 1 1 head"
tab:deeparch.c698,table-cell,tab:deeparch,located,,Hidden width
tab:deeparch.c699,table-cell,tab:deeparch,located,,Hidden width
tab:deeparch.c700,table-cell,tab:deeparch,located,,Hidden width
tab:deeparch.c701,table-cell,tab:deeparch,located,,Hidden width
tab:deeparch.c702,table-cell,tab:deeparch,located,,Latent width
tab:deeparch.c703,table-cell,tab:deeparch,located,,Latent width
tab:deeparch.c704,table-cell,tab:deeparch,located,,Latent width
tab:deeparch.c705,table-cell,tab:deeparch,located,,Latent width
tab:deeparch.c706,table-cell,tab:deeparch,located,,Kernel / dilations
tab:deeparch.c707,table-cell,tab:deeparch,located,,Kernel / dilations
tab:deeparch.c708,table-cell,tab:deeparch,located,,Kernel / dilations
tab:deeparch.c709,table-cell,tab:deeparch,located,,Kernel / dilations
tab:deeparch.c710,table-cell,tab:deeparch,located,,Attention heads
tab:deeparch.c711,table-cell,tab:deeparch,located,,Attention heads
tab:deeparch.c712,table-cell,tab:deeparch,located,,Attention heads
tab:deeparch.c713,table-cell,tab:deeparch,located,,Attention heads
tab:deeparch.c714,table-cell,tab:deeparch,located,,Sequence length
tab:deeparch.c715,table-cell,tab:deeparch,located,,Sequence length
tab:deeparch.c716,table-cell,tab:deeparch,located,,Sequence length
tab:deeparch.c717,table-cell,tab:deeparch,located,,Sequence length
tab:deeparch.c718,table-cell,tab:deeparch,located,,Optimiser
tab:deeparch.c719,table-cell,tab:deeparch,located,,Optimiser
tab:deeparch.c720,table-cell,tab:deeparch,located,,Optimiser
tab:deeparch.c721,table-cell,tab:deeparch,located,,Optimiser
tab:deeparch.c722,table-cell,tab:deeparch,located,,Learning rate
tab:deeparch.c723,table-cell,tab:deeparch,located,,Learning rate
tab:deeparch.c724,table-cell,tab:deeparch,located,,Learning rate
tab:deeparch.c725,table-cell,tab:deeparch,located,,Learning rate
tab:deeparch.c726,table-cell,tab:deeparch,located,,Batch size
tab:deeparch.c727,table-cell,tab:deeparch,located,,Batch size
tab:deeparch.c728,table-cell,tab:deeparch,located,,Batch size
tab:deeparch.c729,table-cell,tab:deeparch,located,,Batch size
tab:deeparch.c730,table-cell,tab:deeparch,located,,Epochs
tab:deeparch.c731,table-cell,tab:deeparch,located,,Epochs
tab:deeparch.c732,table-cell,tab:deeparch,located,,Epochs
tab:deeparch.c733,table-cell,tab:deeparch,located,,Epochs
tab:deeparch.c734,table-cell,tab:deeparch,located,,Dropout
tab:deeparch.c735,table-cell,tab:deeparch,located,,Dropout
tab:deeparch.c736,table-cell,tab:deeparch,located,,Dropout
tab:deeparch.c737,table-cell,tab:deeparch,located,,Dropout
tab:deeparch.c738,table-cell,tab:deeparch,located,,Early stopping
tab:deeparch.c739,table-cell,tab:deeparch,located,,Early stopping
tab:deeparch.c740,table-cell,tab:deeparch,located,,Early stopping
tab:deeparch.c741,table-cell,tab:deeparch,located,,Early stopping
tab:deeparch.c742,table-cell,tab:deeparch,located,,Loss
tab:deeparch.c743,table-cell,tab:deeparch,located,,Loss
tab:deeparch.c744,table-cell,tab:deeparch,located,,Loss
tab:deeparch.c745,table-cell,tab:deeparch,located,,Loss
tab:deeparch.c746,table-cell,tab:deeparch,located,present in the source table (PDF glyph mismatch only),to the fixed center
tab:deeparch.c747,table-cell,tab:deeparch,located,,Seed
tab:deeparch.c748,table-cell,tab:deeparch,located,,Seed
tab:deeparch.c749,table-cell,tab:deeparch,located,,Seed
tab:deeparch.c750,table-cell,tab:deeparch,located,,Seed
tab:deeparch.c751,table-cell,tab:deeparch,located,,Trainable parameters
tab:deeparch.c752,table-cell,tab:deeparch,located,,Trainable parameters
tab:deeparch.c753,table-cell,tab:deeparch,located,,Trainable parameters
tab:deeparch.c754,table-cell,tab:deeparch,located,,Trainable parameters
tab:basestats.c755,table-cell,tab:basestats,located,,RMS
tab:basestats.c756,table-cell,tab:basestats,located,,RMS
tab:basestats.c757,table-cell,tab:basestats,located,,Kurtosis
tab:basestats.c758,table-cell,tab:basestats,located,,Kurtosis
tab:basestats.c759,table-cell,tab:basestats,located,,Skewness
tab:basestats.c760,table-cell,tab:basestats,located,,Skewness
tab:basestats.c761,table-cell,tab:basestats,located,,Peak-to-peak
tab:basestats.c762,table-cell,tab:basestats,located-manual,unchanged table text: tab:basestats row Peak-to-peak (table not modified),Peak-to-peak
tab:basestats.c763,table-cell,tab:basestats,located,,Crest factor
tab:basestats.c764,table-cell,tab:basestats,located-manual,unchanged table text: tab:basestats row Crest factor (table not modified),Crest factor
tab:basestats.c765,table-cell,tab:basestats,located,,Variance
tab:basestats.c766,table-cell,tab:basestats,located,,Variance
tab:d17label.c767,table-cell,tab:d17label,located,,3σ
tab:d17label.c768,table-cell,tab:d17label,located,,3σ
tab:d17label.c769,table-cell,tab:d17label,located,,3σ
tab:d17label.c770,table-cell,tab:d17label,located,,3σ
tab:d17label.c771,table-cell,tab:d17label,located,,3σ
tab:d17label.c772,table-cell,tab:d17label,located,,3σ
tab:d17label.c773,table-cell,tab:d17label,located,,3σ
tab:d17label.c774,table-cell,tab:d17label,located,,3σ
tab:d17label.c775,table-cell,tab:d17label,located,,CUSUM
tab:d17label.c776,table-cell,tab:d17label,located,,CUSUM
tab:d17label.c777,table-cell,tab:d17label,located,,CUSUM
tab:d17label.c778,table-cell,tab:d17label,located,,CUSUM
tab:d17label.c779,table-cell,tab:d17label,located,,CUSUM
tab:d17label.c780,table-cell,tab:d17label,located,,CUSUM
tab:d17label.c781,table-cell,tab:d17label,located,,CUSUM
tab:d17label.c782,table-cell,tab:d17label,located,,CUSUM
tab:d17label.c783,table-cell,tab:d17label,located,,EWMA
tab:d17label.c784,table-cell,tab:d17label,located,,EWMA
tab:d17label.c785,table-cell,tab:d17label,located,,EWMA
tab:d17label.c786,table-cell,tab:d17label,located,,EWMA
tab:d17label.c787,table-cell,tab:d17label,located,,EWMA
tab:d17label.c788,table-cell,tab:d17label,located,,EWMA
tab:d17label.c789,table-cell,tab:d17label,located,,EWMA
tab:d17label.c790,table-cell,tab:d17label,located,,EWMA
tab:d17label.c791,table-cell,tab:d17label,located,,Hotelling T2
tab:d17label.c792,table-cell,tab:d17label,located,,Hotelling T2
tab:d17label.c793,table-cell,tab:d17label,located,,Hotelling T2
tab:d17label.c794,table-cell,tab:d17label,located,,Hotelling T2
tab:d17label.c795,table-cell,tab:d17label,located,,Hotelling T2
tab:d17label.c796,table-cell,tab:d17label,located,,Hotelling T2
tab:d17label.c797,table-cell,tab:d17label,located,,Hotelling T2
tab:d17label.c798,table-cell,tab:d17label,located,,Hotelling T2
tab:d17label.c799,table-cell,tab:d17label,located,,Iso. Forest
tab:d17label.c800,table-cell,tab:d17label,located,,Iso. Forest
tab:d17label.c801,table-cell,tab:d17label,located,,Iso. Forest
tab:d17label.c802,table-cell,tab:d17label,located,,Iso. Forest
tab:d17label.c803,table-cell,tab:d17label,located,,Iso. Forest
tab:d17label.c804,table-cell,tab:d17label,located,,Iso. Forest
tab:d17label.c805,table-cell,tab:d17label,located,,Iso. Forest
tab:d17label.c806,table-cell,tab:d17label,located,,Iso. Forest
tab:d17label.c807,table-cell,tab:d17label,located,,Deep SVDD
tab:d17label.c808,table-cell,tab:d17label,located,,Deep SVDD
tab:d17label.c809,table-cell,tab:d17label,located,,Deep SVDD
tab:d17label.c810,table-cell,tab:d17label,located,,Deep SVDD
tab:d17label.c811,table-cell,tab:d17label,located,,Deep SVDD
tab:d17label.c812,table-cell,tab:d17label,located,,Deep SVDD
tab:d17label.c813,table-cell,tab:d17label,located,,Deep SVDD
tab:d17label.c814,table-cell,tab:d17label,located,,Deep SVDD
tab:d17label.c815,table-cell,tab:d17label,located,,RMS-trend
tab:d17label.c816,table-cell,tab:d17label,located,,RMS-trend
tab:d17label.c817,table-cell,tab:d17label,located,,RMS-trend
tab:d17label.c818,table-cell,tab:d17label,located,,RMS-trend
tab:d17label.c819,table-cell,tab:d17label,located,,RMS-trend
tab:d17label.c820,table-cell,tab:d17label,located,,RMS-trend
tab:d17label.c821,table-cell,tab:d17label,located,,RMS-trend
tab:d17label.c822,table-cell,tab:d17label,located,,RMS-trend
tab:d17label.c823,table-cell,tab:d17label,located,,LSTM-AE
tab:d17label.c824,table-cell,tab:d17label,located,,LSTM-AE
tab:d17label.c825,table-cell,tab:d17label,located,,LSTM-AE
tab:d17label.c826,table-cell,tab:d17label,located,,LSTM-AE
tab:d17label.c827,table-cell,tab:d17label,located,,LSTM-AE
tab:d17label.c828,table-cell,tab:d17label,located,,LSTM-AE
tab:d17label.c829,table-cell,tab:d17label,located,,LSTM-AE
tab:d17label.c830,table-cell,tab:d17label,located,,LSTM-AE
tab:d17label.c831,table-cell,tab:d17label,located,,TCN-AE
tab:d17label.c832,table-cell,tab:d17label,located,,TCN-AE
tab:d17label.c833,table-cell,tab:d17label,located,,TCN-AE
tab:d17label.c834,table-cell,tab:d17label,located,,TCN-AE
tab:d17label.c835,table-cell,tab:d17label,located,,TCN-AE
tab:d17label.c836,table-cell,tab:d17label,located,,TCN-AE
tab:d17label.c837,table-cell,tab:d17label,located,,TCN-AE
tab:d17label.c838,table-cell,tab:d17label,located,,TCN-AE
tab:d17label.c839,table-cell,tab:d17label,located,,Transformer-AD
tab:d17label.c840,table-cell,tab:d17label,located,,Transformer-AD
tab:d17label.c841,table-cell,tab:d17label,located,,Transformer-AD
tab:d17label.c842,table-cell,tab:d17label,located,,Transformer-AD
tab:d17label.c843,table-cell,tab:d17label,located,,Transformer-AD
tab:d17label.c844,table-cell,tab:d17label,located,,Transformer-AD
tab:d17label.c845,table-cell,tab:d17label,located,,Transformer-AD
tab:d17label.c846,table-cell,tab:d17label,located,,Transformer-AD
tab:noise.c847,table-cell,tab:noise,located,,None (native)
tab:noise.c848,table-cell,tab:noise,located,,None (native)
tab:noise.c849,table-cell,tab:noise,located,,None (native)
tab:noise.c850,table-cell,tab:noise,located,,30 dB
tab:noise.c851,table-cell,tab:noise,located,,30 dB
tab:noise.c852,table-cell,tab:noise,located,,30 dB
tab:noise.c853,table-cell,tab:noise,located,,20 dB
tab:noise.c854,table-cell,tab:noise,located,,20 dB
tab:noise.c855,table-cell,tab:noise,located,,20 dB
tab:noise.c856,table-cell,tab:noise,located,,10 dB
tab:noise.c857,table-cell,tab:noise,located,,10 dB
tab:noise.c858,table-cell,tab:noise,located,,10 dB
tab:denoise.c859,table-cell,tab:denoise,documented,N-29 double rounding corrected to 75.6 (source 75.6469 h),Aggregate (historian)
tab:denoise.c860,table-cell,tab:denoise,located,,Aggregate (historian)
tab:denoise.c861,table-cell,tab:denoise,located,,Decimate (raw)
tab:denoise.c862,table-cell,tab:denoise,located,,Decimate (raw)
tab:denoise.c863,table-cell,tab:denoise,located,,Decimate + median
tab:denoise.c864,table-cell,tab:denoise,located,,Decimate + median
tab:denoise.c865,table-cell,tab:denoise,located,,Decimate + moving avg
tab:denoise.c866,table-cell,tab:denoise,located,,Decimate + moving avg
tab:denoise.c867,table-cell,tab:denoise,documented,N-29 double rounding corrected to 75.6 (source 75.6469 h),Decimate + Kalman
tab:denoise.c868,table-cell,tab:denoise,located,,Decimate + Kalman
tab:denoise.c869,table-cell,tab:denoise,located,,Decimate + wavelet
tab:denoise.c870,table-cell,tab:denoise,located,,Decimate + wavelet
tab:ongc.c871,table-cell,tab:ongc,located,,3σ
tab:ongc.c872,table-cell,tab:ongc,located,,EWMA
tab:ongc.c873,table-cell,tab:ongc,located,,Hotelling T2
tab:ongc.c874,table-cell,tab:ongc,located,,Isolation Forest
tab:ongc.c875,table-cell,tab:ongc,located,,RMS-trend
cite:jardine2006review@tex82,citation,jardine2006review,located,,jardine2006review
cite:lee2014prognostics@tex82,citation,lee2014prognostics,located,,lee2014prognostics
cite:lei2018machinery@tex82,citation,lei2018machinery,located,,lei2018machinery
cite:randall2011rolling@tex82,citation,randall2011rolling,located,,randall2011rolling
cite:zhao2019deep@tex82,citation,zhao2019deep,located,,zhao2019deep
cite:saxena2008metrics@tex84,citation,saxena2008metrics,located,,saxena2008metrics
cite:saxena2010metrics@tex84,citation,saxena2010metrics,located,,saxena2010metrics
cite:goebel2011comparison@tex84,citation,goebel2011comparison,located,,goebel2011comparison
cite:tautzweinert2017using@tex86,citation,tautzweinert2017using,located,,tautzweinert2017using
cite:jardine2006review@tex115,citation,jardine2006review,located,,jardine2006review
cite:lee2014prognostics@tex115,citation,lee2014prognostics,located,,lee2014prognostics
cite:lei2018machinery@tex115,citation,lei2018machinery,located,,lei2018machinery
cite:si2011remaining@tex115,citation,si2011remaining,located,,si2011remaining
cite:saxena2008metrics@tex115,citation,saxena2008metrics,located,,saxena2008metrics
cite:saxena2010metrics@tex115,citation,saxena2010metrics,located,,saxena2010metrics
cite:goebel2011comparison@tex115,citation,goebel2011comparison,located,,goebel2011comparison
cite:lavin2015nab@tex117,citation,lavin2015nab,located,,lavin2015nab
cite:tatbul2018@tex119,citation,tatbul2018,located,,tatbul2018
cite:wu2023flawed@tex119,citation,wu2023flawed,located,,wu2023flawed
cite:roberts1959control@tex122,citation,roberts1959control,located,,roberts1959control
cite:hotelling1947multivariate@tex122,citation,hotelling1947multivariate,located,,hotelling1947multivariate
cite:montgomery2009introduction@tex122,citation,montgomery2009introduction,located,,montgomery2009introduction
cite:liu2008isolation@tex122,citation,liu2008isolation,located,,liu2008isolation
cite:scholkopf2001estimating@tex122,citation,scholkopf2001estimating,located,,scholkopf2001estimating
cite:hochreiter1997long@tex122,citation,hochreiter1997long,located,,hochreiter1997long
cite:malhotra2016lstm@tex122,citation,malhotra2016lstm,located,,malhotra2016lstm
cite:hundman2018detecting@tex122,citation,hundman2018detecting,located,,hundman2018detecting
cite:ruff2018deep@tex122,citation,ruff2018deep,located,,ruff2018deep
cite:zhao2019deep@tex122,citation,zhao2019deep,located,,zhao2019deep
cite:wang2020hybrid@tex124,citation,wang2020hybrid,located,,wang2020hybrid
cite:nectoux2012pronostia@tex124,citation,nectoux2012pronostia,located,,nectoux2012pronostia
cite:lorden1971@tex126,citation,lorden1971,located,,lorden1971
cite:moustakides1986@tex126,citation,moustakides1986,located,,moustakides1986
cite:page1954continuous@tex126,citation,page1954continuous,located,,page1954continuous
cite:pollak1985@tex126,citation,pollak1985,located,,pollak1985
cite:vovk2005algorithmic@tex129,citation,vovk2005algorithmic,located,,vovk2005algorithmic
cite:laxhammar2014online@tex129,citation,laxhammar2014online,located,,laxhammar2014online
cite:antoni2006spectral@tex132,citation,antoni2006spectral,located,,antoni2006spectral
cite:randall2011rolling@tex132,citation,randall2011rolling,located,,randall2011rolling
cite:tautzweinert2017using@tex135,citation,tautzweinert2017using,located,,tautzweinert2017using
cite:qiu2006wavelet@tex141,citation,qiu2006wavelet,located,,qiu2006wavelet
cite:wang2020hybrid@tex143,citation,wang2020hybrid,located,,wang2020hybrid
cite:nectoux2012pronostia@tex145,citation,nectoux2012pronostia,located,,nectoux2012pronostia
cite:lessmeier2016condition@tex145,citation,lessmeier2016condition,located,,lessmeier2016condition
cite:arpa2024ferrara@tex147,citation,arpa2024ferrara,located,,arpa2024ferrara
cite:antoni2006spectral@tex176,citation,antoni2006spectral,located,,antoni2006spectral
cite:roberts1959control@tex243,citation,roberts1959control,located,,roberts1959control
cite:page1954continuous@tex244,citation,page1954continuous,located,,page1954continuous
cite:hotelling1947multivariate@tex245,citation,hotelling1947multivariate,located,,hotelling1947multivariate
cite:liu2008isolation@tex246,citation,liu2008isolation,located,,liu2008isolation
cite:malhotra2016lstm@tex247,citation,malhotra2016lstm,located,,malhotra2016lstm
cite:vaswani2017attention@tex247,citation,vaswani2017attention,located,,vaswani2017attention
cite:ruff2018deep@tex250,citation,ruff2018deep,located,,ruff2018deep
cite:scholkopf2001estimating@tex250,citation,scholkopf2001estimating,located,,scholkopf2001estimating
cite:vovk2005algorithmic@tex254,citation,vovk2005algorithmic,located,,vovk2005algorithmic
cite:arpa2024ferrara@tex472,citation,arpa2024ferrara,located,,arpa2024ferrara
cite:saxena2008metrics@tex714,citation,saxena2008metrics,located,,saxena2008metrics
cite:saxena2010metrics@tex714,citation,saxena2010metrics,located,,saxena2010metrics
