item_id,item_type,group_id,value,section,location_kind,location,context,claim_ids,protected
S00.001,sentence,,,"Front matter: title, abstract, keywords",body,"Front matter: title, abstract, keywords","A Latch-On-Resistant, False-Alarm-Gated Lead-Time Metric for Bearing Anomaly Detection — and What It Reveals About SCADA-Rate Logging Ansh Goyal1 1 Jaypee Institute of Information Technology, Noida, India anshgoyal500@gmail.com ABSTRACT Anomaly detectors for rolling-element-bearing prognostics are typically evaluated by classification accuracy, which answers whether a fault is detected but not how early or at what false-alarm cost.",C001;C003;C004,
S00.001.n01,number,1,1,"Front matter: title, abstract, keywords",body,"Front matter: title, abstract, keywords","A Latch-On-Resistant, False-Alarm-Gated Lead-Time Metric for Bearing Anomaly Detection — and What It Reveals About SCADA-Rate Logging Ansh Goyal1 1 Jaypee Institute of Information Technology, Noida, India anshgoyal500@gmail.com ABSTRACT Anomaly detectors for rolling-element-bearing prognostics are typically evaluated by classification accuracy, which answers whether a fault is detected but not how early or at what false-alarm cost.",,
S00.002,sentence,,,"Front matter: title, abstract, keywords",body,"Front matter: title, abstract, keywords","We argue that lead time, the warning interval before failure, is the operationally decisive quantity, and we make it the primary evaluation object through a latch-on-resistant, false-alarm-gated metric.",C002;C003;C004;C084,
S00.003,sentence,,,"Front matter: title, abstract, keywords",body,"Front matter: title, abstract, keywords","Warning time is credited only when the pre-onset false-alarm rate lies within a stated budget τ , so a degenerate constant-on detector is provably scored invalid.",C003;C004,
S00.004,sentence,,,"Front matter: title, abstract, keywords",body,"Front matter: title, abstract, keywords",We then ask whether the bin-averaged logging of a SCADA historian destroys detection lead time relative to simple decimation.,C007,
S00.005,sentence,,,"Front matter: title, abstract, keywords",body,"Front matter: title, abstract, keywords","Eleven detectors (four statistical process control (SPC) charts, Isolation Forest, three deep reconstruction autoencoders, a root-mean-square (RMS) trend baseline, and two one-class models) are assessed under a controlled sampling sweep across four inferential run-to-failure datasets: XJTU-SY (n = 10), FEMTO/PRONOSTIA (n = 6), University of Ferrara (n = 6), and NASA IMS (n = 3).",C011;C013,
S00.005.n01,number,10,10,"Front matter: title, abstract, keywords",body,"Front matter: title, abstract, keywords","Eleven detectors (four statistical process control (SPC) charts, Isolation Forest, three deep reconstruction autoencoders, a root-mean-square (RMS) trend baseline, and two one-class models) are assessed under a controlled sampling sweep across four inferential run-to-failure datasets: XJTU-SY (n = 10), FEMTO/PRONOSTIA (n = 6), University of Ferrara (n = 6), and NASA IMS (n = 3).",,
S00.005.n02,number,6,6,"Front matter: title, abstract, keywords",body,"Front matter: title, abstract, keywords","Eleven detectors (four statistical process control (SPC) charts, Isolation Forest, three deep reconstruction autoencoders, a root-mean-square (RMS) trend baseline, and two one-class models) are assessed under a controlled sampling sweep across four inferential run-to-failure datasets: XJTU-SY (n = 10), FEMTO/PRONOSTIA (n = 6), University of Ferrara (n = 6), and NASA IMS (n = 3).",,
S00.005.n03,number,6,6,"Front matter: title, abstract, keywords",body,"Front matter: title, abstract, keywords","Eleven detectors (four statistical process control (SPC) charts, Isolation Forest, three deep reconstruction autoencoders, a root-mean-square (RMS) trend baseline, and two one-class models) are assessed under a controlled sampling sweep across four inferential run-to-failure datasets: XJTU-SY (n = 10), FEMTO/PRONOSTIA (n = 6), University of Ferrara (n = 6), and NASA IMS (n = 3).",,
S00.005.n04,number,3,3,"Front matter: title, abstract, keywords",body,"Front matter: title, abstract, keywords","Eleven detectors (four statistical process control (SPC) charts, Isolation Forest, three deep reconstruction autoencoders, a root-mean-square (RMS) trend baseline, and two one-class models) are assessed under a controlled sampling sweep across four inferential run-to-failure datasets: XJTU-SY (n = 10), FEMTO/PRONOSTIA (n = 6), University of Ferrara (n = 6), and NASA IMS (n = 3).",,
S00.006,sentence,,,"Front matter: title, abstract, keywords",body,"Front matter: title, abstract, keywords","On IMS the variance-sensitive charts show a positive median shift (3σ +15.1 h), but the direction is not consistent across the three runs and does not survive Holm correction across the N = 44 family (smallest adjusted p = 1.00).",C039;C041;C042;C043,
S00.006.n01,number,15.1,+15.1,"Front matter: title, abstract, keywords",body,"Front matter: title, abstract, keywords","On IMS the variance-sensitive charts show a positive median shift (3σ +15.1 h), but the direction is not consistent across the three runs and does not survive Holm correction across the N = 44 family (smallest adjusted p = 1.00).",,
S00.006.n02,number,44,44,"Front matter: title, abstract, keywords",body,"Front matter: title, abstract, keywords","On IMS the variance-sensitive charts show a positive median shift (3σ +15.1 h), but the direction is not consistent across the three runs and does not survive Holm correction across the N = 44 family (smallest adjusted p = 1.00).",,
S00.006.n03,number,1.00,1.00,"Front matter: title, abstract, keywords",body,"Front matter: title, abstract, keywords","On IMS the variance-sensitive charts show a positive median shift (3σ +15.1 h), but the direction is not consistent across the three runs and does not survive Holm correction across the N = 44 family (smallest adjusted p = 1.00).",,
S00.007,sentence,,,"Front matter: title, abstract, keywords",body,"Front matter: title, abstract, keywords","We state the crossdataset conclusion as a bounded equivalence rather than an accepted null: against a pre-specified ±1 h operational margin—the resolution at which the result is actionable, since a maintenance planner cannot act on sub-hour differences in warning time—the run-level aggregate-minus-decimate difference is equivalent to zero in all 33 dataset × detector cells on the three multi-bearing campaigns, while on IMS the intervals are too wide at n = 3 to decide in 9 of 11 cells and favour aggregation beyond the margin in the other 2, and the single-asset gas-turbine record of the Oil and Natural Gas Corporation (ONGC, n = 1) cannot be tested.",C014;C045;C046;C047,
S00.007.n01,number,±1,±1,"Front matter: title, abstract, keywords",body,"Front matter: title, abstract, keywords","We state the crossdataset conclusion as a bounded equivalence rather than an accepted null: against a pre-specified ±1 h operational margin—the resolution at which the result is actionable, since a maintenance planner cannot act on sub-hour differences in warning time—the run-level aggregate-minus-decimate difference is equivalent to zero in all 33 dataset × detector cells on the three multi-bearing campaigns, while on IMS the intervals are too wide at n = 3 to decide in 9 of 11 cells and favour aggregation beyond the margin in the other 2, and the single-asset gas-turbine record of the Oil and Natural Gas Corporation (ONGC, n = 1) cannot be tested.",,
S00.007.n02,number,33,33,"Front matter: title, abstract, keywords",body,"Front matter: title, abstract, keywords","We state the crossdataset conclusion as a bounded equivalence rather than an accepted null: against a pre-specified ±1 h operational margin—the resolution at which the result is actionable, since a maintenance planner cannot act on sub-hour differences in warning time—the run-level aggregate-minus-decimate difference is equivalent to zero in all 33 dataset × detector cells on the three multi-bearing campaigns, while on IMS the intervals are too wide at n = 3 to decide in 9 of 11 cells and favour aggregation beyond the margin in the other 2, and the single-asset gas-turbine record of the Oil and Natural Gas Corporation (ONGC, n = 1) cannot be tested.",,
S00.007.n03,number,3,3,"Front matter: title, abstract, keywords",body,"Front matter: title, abstract, keywords","We state the crossdataset conclusion as a bounded equivalence rather than an accepted null: against a pre-specified ±1 h operational margin—the resolution at which the result is actionable, since a maintenance planner cannot act on sub-hour differences in warning time—the run-level aggregate-minus-decimate difference is equivalent to zero in all 33 dataset × detector cells on the three multi-bearing campaigns, while on IMS the intervals are too wide at n = 3 to decide in 9 of 11 cells and favour aggregation beyond the margin in the other 2, and the single-asset gas-turbine record of the Oil and Natural Gas Corporation (ONGC, n = 1) cannot be tested.",,
S00.007.n04,number,9,9,"Front matter: title, abstract, keywords",body,"Front matter: title, abstract, keywords","We state the crossdataset conclusion as a bounded equivalence rather than an accepted null: against a pre-specified ±1 h operational margin—the resolution at which the result is actionable, since a maintenance planner cannot act on sub-hour differences in warning time—the run-level aggregate-minus-decimate difference is equivalent to zero in all 33 dataset × detector cells on the three multi-bearing campaigns, while on IMS the intervals are too wide at n = 3 to decide in 9 of 11 cells and favour aggregation beyond the margin in the other 2, and the single-asset gas-turbine record of the Oil and Natural Gas Corporation (ONGC, n = 1) cannot be tested.",,
S00.007.n05,number,11,11,"Front matter: title, abstract, keywords",body,"Front matter: title, abstract, keywords","We state the crossdataset conclusion as a bounded equivalence rather than an accepted null: against a pre-specified ±1 h operational margin—the resolution at which the result is actionable, since a maintenance planner cannot act on sub-hour differences in warning time—the run-level aggregate-minus-decimate difference is equivalent to zero in all 33 dataset × detector cells on the three multi-bearing campaigns, while on IMS the intervals are too wide at n = 3 to decide in 9 of 11 cells and favour aggregation beyond the margin in the other 2, and the single-asset gas-turbine record of the Oil and Natural Gas Corporation (ONGC, n = 1) cannot be tested.",,
S00.007.n06,number,2,2,"Front matter: title, abstract, keywords",body,"Front matter: title, abstract, keywords","We state the crossdataset conclusion as a bounded equivalence rather than an accepted null: against a pre-specified ±1 h operational margin—the resolution at which the result is actionable, since a maintenance planner cannot act on sub-hour differences in warning time—the run-level aggregate-minus-decimate difference is equivalent to zero in all 33 dataset × detector cells on the three multi-bearing campaigns, while on IMS the intervals are too wide at n = 3 to decide in 9 of 11 cells and favour aggregation beyond the margin in the other 2, and the single-asset gas-turbine record of the Oil and Natural Gas Corporation (ONGC, n = 1) cannot be tested.",,
S00.007.n07,number,1,1,"Front matter: title, abstract, keywords",body,"Front matter: title, abstract, keywords","We state the crossdataset conclusion as a bounded equivalence rather than an accepted null: against a pre-specified ±1 h operational margin—the resolution at which the result is actionable, since a maintenance planner cannot act on sub-hour differences in warning time—the run-level aggregate-minus-decimate difference is equivalent to zero in all 33 dataset × detector cells on the three multi-bearing campaigns, while on IMS the intervals are too wide at n = 3 to decide in 9 of 11 cells and favour aggregation beyond the margin in the other 2, and the single-asset gas-turbine record of the Oil and Natural Gas Corporation (ONGC, n = 1) cannot be tested.",,
S00.008,sentence,,,"Front matter: title, abstract, keywords",body,"Front matter: title, abstract, keywords","No cell shows decimation superior beyond the margin; in the five cells whose interval lies wholly below zero, decimation leads by less than the margin, the widest such interval (3σ on FEMTO) reaching only -0.45 h.",C048;C049,
S00.008.n01,number,-0.45,-0.45,"Front matter: title, abstract, keywords",body,"Front matter: title, abstract, keywords","No cell shows decimation superior beyond the margin; in the five cells whose interval lies wholly below zero, decimation leads by less than the margin, the widest such interval (3σ on FEMTO) reaching only -0.45 h.",,
S00.009,sentence,,,"Front matter: title, abstract, keywords",body,"Front matter: title, abstract, keywords","The campaigns that supply this statistical power are short-lived bearings, on which an effect of the magnitude IMS shows could not have appeared, so the cross-dataset null bounds the effect at the scale of minutes rather than hours.",C019;C050;C130,
S00.010,sentence,,,"Front matter: title, abstract, keywords",body,"Front matter: title, abstract, keywords","On the short-lived bearings tested, deep reconstruction models do not overtake the control charts at any training fraction in [0.20, 0.60]; whether a crossover exists on long-runway assets is left open.",C019;C051;C052,
S00.010.n01,number,0.20,0.20,"Front matter: title, abstract, keywords",body,"Front matter: title, abstract, keywords","On the short-lived bearings tested, deep reconstruction models do not overtake the control charts at any training fraction in [0.20, 0.60]; whether a crossover exists on long-runway assets is left open.",,
S00.010.n02,number,0.60,0.60,"Front matter: title, abstract, keywords",body,"Front matter: title, abstract, keywords","On the short-lived bearings tested, deep reconstruction models do not overtake the control charts at any training fraction in [0.20, 0.60]; whether a crossover exists on long-runway assets is left open.",,
S00.011,sentence,,,"Front matter: title, abstract, keywords",body,"Front matter: title, abstract, keywords","The full pipeline, detectors, and result tables are released at https:// github.com/Ansh-Goyal01/Scada-Leadtime-Benchmark.",C054,
S00.012,sentence,,,"Front matter: title, abstract, keywords",body,"Front matter: title, abstract, keywords","Keywords: bearing anomaly detection, lead-time metric, false-alarm gating, SCADA historian, prognostic horizon, statistical process control, conformal prediction",C056,
S01.001,sentence,,,Introduction,body,Introduction,"Condition-based maintenance (CBM) and prognostics and health management (PHM) promise to replace fixed-interval servicing with data-driven intervention, reducing both unplanned downtime and unnecessary maintenance (Jardine, Lin, & Banjevic, 2006; Lee et al., 2014; Lei et al., 2018).",,
S01.002,sentence,,,Introduction,body,Introduction,"Rolling-element bearings are the most common failure mode in rotating machinery, and a large literature applies statistical control charts, classical machine learning, and deep models to detect incipient bearing faults from vibration (Randall & Antoni, 2011; Zhao et al., 2019).",,
S01.003,sentence,,,Introduction,body,Introduction,"The economic case is well established: a warning delivered hours or days before a catastrophic seizure lets an operator schedule an orderly shutdown, order parts, and avoid secondary damage to shafts, housings, and couplings.",,
S01.004,sentence,,,Introduction,body,Introduction,"Despite this, most published detectors are evaluated with classification metrics—accuracy, precision/recall, and receiver operating characteristic area under the curve (ROC- AUC).",C001,
S01.005,sentence,,,Introduction,body,Introduction,"These answer “was the failure detected?” but not the question a maintenance planner actually asks: “how many hours of warning did we get, and how often did the system cry wolf?",C001,
S01.006,sentence,,,Introduction,body,Introduction,A detector that warns 48 h ahead at a low nuisance-alarm rate is operationally distinct from one that fires minutes before breakdown or one that alarms every day.,,
S01.006.n01,number,48,48,Introduction,body,Introduction,A detector that warns 48 h ahead at a low nuisance-alarm rate is operationally distinct from one that fires minutes before breakdown or one that alarms every day.,,
S01.007,sentence,,,Introduction,body,Introduction,"The prognostics community has long advocated time-aware metrics (Saxena et al., 2008; Saxena, Celaya, Saha, Saha, & Goebel, 2010; Goebel, Saha, & Saxena, 2011), yet lead time is rarely the headline quantity in detector benchmarks, and ad hoc lead-time definitions are easy to game.",C056,
S01.008,sentence,,,Introduction,body,Introduction,"In particular, any lead-time metric that does not pair warning time with a false-alarm constraint can be trivially maximized by a detector that simply alarms from the first sample—a “latch-on” exploit that earns the full run length as lead time while being operationally useless.",C004,
S01.009,sentence,,,Introduction,body,Introduction,"A second, eminently practical question motivates this study.",,
S01.010,sentence,,,Introduction,body,Introduction,"Industrial Supervisory Control and Data Acquisition (SCADA) historians rarely store raw high-rate vibration; they store decimated or time-averaged summaries at a coarse logging interval (Tautz-Weinert & Watson, 2017)—seconds to minutes, rather than the tens of kilohertz at which accelerometers are sampled.",,
S01.011,sentence,,,Introduction,body,Introduction,"The folklore concern is that this storage step destroys fault-relevant information: that bin-averaging the summary statistics a historian retains washes out the very excursions that signal an incipient spall, so that the act of long-term storage would blind any prognostic algorithm that consumes the historian.",C007,
S01.012,sentence,,,Introduction,body,Introduction,"Whether this is actually true is an empirical question that, to our knowledge, has not been tested with a sound lead-time metric across multiple datasets.",,
S01.013,sentence,,,Introduction,body,Introduction,"The answer matters: if averaging is harmless, operators can store compact, cheap, bin-averaged streams without sacrificing warning time; if it is harmful, the implication is that prognostics-grade monitoring requires separate high-rate acquisition.",C008,
S01.014,sentence,,,Introduction,body,Introduction,This paper makes both questions precise and answers them.,,
S01.015,sentence,,,Introduction,body,Introduction,We state the arc explicitly: Problem.,,
S01.016,sentence,,,Introduction,body,Introduction,"Detectors are ranked by classification accuracy, which ignores how early a warning arrives and at what false-alarm cost; and it is unknown whether the coarse, bin-averaged logging of a SCADA historian destroys that warning time relative to plain decimation.",C001,
S01.017,sentence,,,Introduction,body,Introduction,We make lead time gated by a leakage-free falsealarm rate the primary metric—warning time counts only when the pre-onset false-alarm rate is within budget—so that the degenerate latch-on detector is provably scored invalid rather than winning.,C002;C003;C004;C023,
S01.018,sentence,,,Introduction,body,Introduction,"Under this metric we run a controlled sampling sweep that holds window content and alarm persistence constant, applied to nine detectors (four SPC charts, Isolation Forest, three deep reconstruction autoencoders, and an RMS-trend baseline; Deep SVDD, a deep support vector data description model, additionally evaluated) across four inferential run-to-failure datasets—XJTU-SY (n = 10), FEMTO/PRONOSTIA (n = 6), University of Ferrara (n = 6), and NASA IMS (n = 3), plus a real single-asset ONGC gas-turbine SCADA record analyzed as a case study (Appendix D.2)—with run-level significance tests (the run, not the within-run sampling factor, is the unit of inference) and Holm correction.",C012;C013;C014;C033;C035;C039,
S01.018.n01,number,10,10,Introduction,body,Introduction,"Under this metric we run a controlled sampling sweep that holds window content and alarm persistence constant, applied to nine detectors (four SPC charts, Isolation Forest, three deep reconstruction autoencoders, and an RMS-trend baseline; Deep SVDD, a deep support vector data description model, additionally evaluated) across four inferential run-to-failure datasets—XJTU-SY (n = 10), FEMTO/PRONOSTIA (n = 6), University of Ferrara (n = 6), and NASA IMS (n = 3), plus a real single-asset ONGC gas-turbine SCADA record analyzed as a case study (Appendix D.2)—with run-level significance tests (the run, not the within-run sampling factor, is the unit of inference) and Holm correction.",,
S01.018.n02,number,6,6,Introduction,body,Introduction,"Under this metric we run a controlled sampling sweep that holds window content and alarm persistence constant, applied to nine detectors (four SPC charts, Isolation Forest, three deep reconstruction autoencoders, and an RMS-trend baseline; Deep SVDD, a deep support vector data description model, additionally evaluated) across four inferential run-to-failure datasets—XJTU-SY (n = 10), FEMTO/PRONOSTIA (n = 6), University of Ferrara (n = 6), and NASA IMS (n = 3), plus a real single-asset ONGC gas-turbine SCADA record analyzed as a case study (Appendix D.2)—with run-level significance tests (the run, not the within-run sampling factor, is the unit of inference) and Holm correction.",,
S01.018.n03,number,6,6,Introduction,body,Introduction,"Under this metric we run a controlled sampling sweep that holds window content and alarm persistence constant, applied to nine detectors (four SPC charts, Isolation Forest, three deep reconstruction autoencoders, and an RMS-trend baseline; Deep SVDD, a deep support vector data description model, additionally evaluated) across four inferential run-to-failure datasets—XJTU-SY (n = 10), FEMTO/PRONOSTIA (n = 6), University of Ferrara (n = 6), and NASA IMS (n = 3), plus a real single-asset ONGC gas-turbine SCADA record analyzed as a case study (Appendix D.2)—with run-level significance tests (the run, not the within-run sampling factor, is the unit of inference) and Holm correction.",,
S01.018.n04,number,3,3,Introduction,body,Introduction,"Under this metric we run a controlled sampling sweep that holds window content and alarm persistence constant, applied to nine detectors (four SPC charts, Isolation Forest, three deep reconstruction autoencoders, and an RMS-trend baseline; Deep SVDD, a deep support vector data description model, additionally evaluated) across four inferential run-to-failure datasets—XJTU-SY (n = 10), FEMTO/PRONOSTIA (n = 6), University of Ferrara (n = 6), and NASA IMS (n = 3), plus a real single-asset ONGC gas-turbine SCADA record analyzed as a case study (Appendix D.2)—with run-level significance tests (the run, not the within-run sampling factor, is the unit of inference) and Holm correction.",,
S01.019,sentence,,,Introduction,body,Introduction,The folklore is refuted on every dataset tested: historian-style aggregation does not destroy lead time.,C007;C009;C053,
S01.020,sentence,,,Introduction,body,Introduction,"On the large multi-bearing sets (XJTU-SY, FEMTO, Ferrara) the difference is negligible; on IMS the median shift is positive for most magnitude detectors but not consistent in direction across the three runs (not significant at n = 3); the single-asset turbine record agrees (case study, Appendix D.2).",C014;C042,
S01.020.n01,number,3,3,Introduction,body,Introduction,"On the large multi-bearing sets (XJTU-SY, FEMTO, Ferrara) the difference is negligible; on IMS the median shift is positive for most magnitude detectors but not consistent in direction across the three runs (not significant at n = 3); the single-asset turbine record agrees (case study, Appendix D.2).",,
S01.021,sentence,,,Introduction,body,Introduction,The defensible cross-dataset conclusion is bounded non-destruction: no dataset × detector cell shows decimation superior beyond a ±1 h operational margin (the cells that favour decimation at all do so by less than that margin) (Section 6.4).,C048;C053,
S01.021.n01,number,±1,±1,Introduction,body,Introduction,The defensible cross-dataset conclusion is bounded non-destruction: no dataset × detector cell shows decimation superior beyond a ±1 h operational margin (the cells that favour decimation at all do so by less than that margin) (Section 6.4).,,
S01.022,sentence,,,Introduction,body,Introduction,We make five contributions. 1.,,
S01.022.n01,number,1,1,Introduction,body,Introduction,We make five contributions. 1.,,
S01.023,sentence,,,Introduction,body,Introduction,"A latch-on-resistant, false-alarm-gated, onset-relative lead-time metric.",C003;C004,
S01.024,sentence,,,Introduction,body,Introduction,"Warning time is credited only when the false-alarm rate over a data-anchored, leakage-free pre-onset region is within a stated budget.",C003;C023,
S01.025,sentence,,,Introduction,body,Introduction,"We prove— by construction and by a unit test that is part of the released code—that a constant-on (latch-on) detector is scored invalid, while a detector that fires just after the true degradation onset scores valid at zero false-alarm rate.",C004;C005,
S01.026,sentence,,,Introduction,body,Introduction,We do not claim the metric is unconditionally ungameable; we discuss residual gaming surfaces in Section 8. 2.,C006,
S01.026.n01,number,2,2,Introduction,body,Introduction,We do not claim the metric is unconditionally ungameable; we discuss residual gaming surfaces in Section 8. 2.,,
S01.027,sentence,,,Introduction,body,Introduction,A formal proof that gating changes the answer.,,
S01.028,sentence,,,Introduction,body,Introduction,"We give, to our knowledge, the first formal comparison showing that an ungated prognostic-horizon metric (the Saxena PH) produces a different and operationally misleading detector recommendation relative to the false-alarm-budgeted metric (Section 6.11, Table 15): on IMS the detectors PH ranks first by raw lead (Hotelling T 2, Isolation Forest, and the exponentially weighted moving average (EWMA) chart) each have no valid operating point at a 10% false-alarm budget, whereas our metric identifies 3σ as the deployable choice. 3.",C056;C062,
S01.028.n01,number,10%,10%,Introduction,body,Introduction,"We give, to our knowledge, the first formal comparison showing that an ungated prognostic-horizon metric (the Saxena PH) produces a different and operationally misleading detector recommendation relative to the false-alarm-budgeted metric (Section 6.11, Table 15): on IMS the detectors PH ranks first by raw lead (Hotelling T 2, Isolation Forest, and the exponentially weighted moving average (EWMA) chart) each have no valid operating point at a 10% false-alarm budget, whereas our metric identifies 3σ as the deployable choice. 3.",,
S01.028.n02,number,3,3,Introduction,body,Introduction,"We give, to our knowledge, the first formal comparison showing that an ungated prognostic-horizon metric (the Saxena PH) produces a different and operationally misleading detector recommendation relative to the false-alarm-budgeted metric (Section 6.11, Table 15): on IMS the detectors PH ranks first by raw lead (Hotelling T 2, Isolation Forest, and the exponentially weighted moving average (EWMA) chart) each have no valid operating point at a 10% false-alarm budget, whereas our metric identifies 3σ as the deployable choice. 3.",,
S01.029,sentence,,,Introduction,body,Introduction,"A controlled SCADA-sampling methodology that holds window content and alarm persistence constant, so that any lead-time difference between the historian’s aggregate mechanism and simple decimation reflects genuine information loss rather than a window-counting artifact of coarser time grids. 4.",C033,
S01.029.n01,number,4,4,Introduction,body,Introduction,"A controlled SCADA-sampling methodology that holds window content and alarm persistence constant, so that any lead-time difference between the historian’s aggregate mechanism and simple decimation reflects genuine information loss rather than a window-counting artifact of coarser time grids. 4.",,
S01.030,sentence,,,Introduction,body,Introduction,A multi-dataset null result.,,
S01.031,sentence,,,Introduction,body,Introduction,"Across XJTU-SY (n = 10), FEMTO/PRONOSTIA (n = 6), University of Ferrara (n = 6), and NASA IMS (n = 3), with bootstrap confidence intervals and run-level significance tests treating the run, not the within-run sampling factor, as the unit of inference, SCADA-rate aggregation does not destroy lead time, and on IMS shows a positive median shift for most control charts though not consistently across runs.",C007;C013;C035;C041;C042;C053,
S01.031.n01,number,10,10,Introduction,body,Introduction,"Across XJTU-SY (n = 10), FEMTO/PRONOSTIA (n = 6), University of Ferrara (n = 6), and NASA IMS (n = 3), with bootstrap confidence intervals and run-level significance tests treating the run, not the within-run sampling factor, as the unit of inference, SCADA-rate aggregation does not destroy lead time, and on IMS shows a positive median shift for most control charts though not consistently across runs.",,
S01.031.n02,number,6,6,Introduction,body,Introduction,"Across XJTU-SY (n = 10), FEMTO/PRONOSTIA (n = 6), University of Ferrara (n = 6), and NASA IMS (n = 3), with bootstrap confidence intervals and run-level significance tests treating the run, not the within-run sampling factor, as the unit of inference, SCADA-rate aggregation does not destroy lead time, and on IMS shows a positive median shift for most control charts though not consistently across runs.",,
S01.031.n03,number,6,6,Introduction,body,Introduction,"Across XJTU-SY (n = 10), FEMTO/PRONOSTIA (n = 6), University of Ferrara (n = 6), and NASA IMS (n = 3), with bootstrap confidence intervals and run-level significance tests treating the run, not the within-run sampling factor, as the unit of inference, SCADA-rate aggregation does not destroy lead time, and on IMS shows a positive median shift for most control charts though not consistently across runs.",,
S01.031.n04,number,3,3,Introduction,body,Introduction,"Across XJTU-SY (n = 10), FEMTO/PRONOSTIA (n = 6), University of Ferrara (n = 6), and NASA IMS (n = 3), with bootstrap confidence intervals and run-level significance tests treating the run, not the within-run sampling factor, as the unit of inference, SCADA-rate aggregation does not destroy lead time, and on IMS shows a positive median shift for most control charts though not consistently across runs.",,
S01.032,sentence,,,Introduction,body,Introduction,No dataset × detector cell shows decimation superior beyond a ±1 h operational margin (the cells that favour decimation at all do so by less than that margin) (Section 6.4); nothing survives Holm correction across the N = 44 family. 5.,C039;C043;C048,
S01.032.n01,number,±1,±1,Introduction,body,Introduction,No dataset × detector cell shows decimation superior beyond a ±1 h operational margin (the cells that favour decimation at all do so by less than that margin) (Section 6.4); nothing survives Holm correction across the N = 44 family. 5.,,
S01.032.n02,number,44,44,Introduction,body,Introduction,No dataset × detector cell shows decimation superior beyond a ±1 h operational margin (the cells that favour decimation at all do so by less than that margin) (Section 6.4); nothing survives Holm correction across the N = 44 family. 5.,,
S01.032.n03,number,5,5,Introduction,body,Introduction,No dataset × detector cell shows decimation superior beyond a ±1 h operational margin (the cells that favour decimation at all do so by less than that margin) (Section 6.4); nothing survives Holm correction across the N = 44 family. 5.,,
S01.033,sentence,,,Introduction,body,Introduction,"Validation: wiring and empirical validation of a conformal detector for distribution-free false-alarm control, a lead-time-vs-false-alarm trade-off analysis, feature-group and spectral ablations that localize the prognostic signal to time-domain statistics on IMS, and a characterization of deep reconstruction models (an LSTM autoencoder, a temporal convolutional network autoencoder (TCN-AE), and a transformer anomaly detector) showing they do not become competitive with SPC charts within the tested training-fraction range [0.20, 0.60] on short-lived bearings; whether a crossover exists on long-runway assets remains open (Section 6.12).",C019;C032;C051;C052,
S01.033.n01,number,0.20,0.20,Introduction,body,Introduction,"Validation: wiring and empirical validation of a conformal detector for distribution-free false-alarm control, a lead-time-vs-false-alarm trade-off analysis, feature-group and spectral ablations that localize the prognostic signal to time-domain statistics on IMS, and a characterization of deep reconstruction models (an LSTM autoencoder, a temporal convolutional network autoencoder (TCN-AE), and a transformer anomaly detector) showing they do not become competitive with SPC charts within the tested training-fraction range [0.20, 0.60] on short-lived bearings; whether a crossover exists on long-runway assets remains open (Section 6.12).",,
S01.033.n02,number,0.60,0.60,Introduction,body,Introduction,"Validation: wiring and empirical validation of a conformal detector for distribution-free false-alarm control, a lead-time-vs-false-alarm trade-off analysis, feature-group and spectral ablations that localize the prognostic signal to time-domain statistics on IMS, and a characterization of deep reconstruction models (an LSTM autoencoder, a temporal convolutional network autoencoder (TCN-AE), and a transformer anomaly detector) showing they do not become competitive with SPC charts within the tested training-fraction range [0.20, 0.60] on short-lived bearings; whether a crossover exists on long-runway assets remains open (Section 6.12).",,
S01.034,sentence,,,Introduction,body,Introduction,Scope of claims.,,
S01.035,sentence,,,Introduction,body,Introduction,"The empirical results are for rollingelement bearings under approximately steady operating conditions; we make no claim of transfer to gearboxes, blades, or variable-speed machinery.",C010,
S01.036,sentence,,,Introduction,body,Introduction,The sampling question is specifically bin-averaged historian storage versus decimated storage.,,
S01.037,sentence,,,Introduction,body,Introduction,The metric itself is failure-mode-agnostic: it applies wherever a run-to-failure trajectory and a stationary normal region exist.,C010;C086,
S01.038,sentence,,,Introduction,body,Introduction,We deliberately report a result that is not the one we set out to find.,C009,
S01.039,sentence,,,Introduction,body,Introduction,Our working hypothesis was that bin-averaging the stored summary series would wash out incipient-fault excursions and shorten lead time.,C009;C034,
S01.040,sentence,,,Introduction,body,Introduction,It does not.,,
S01.041,sentence,,,Introduction,body,Introduction,"We regard reporting the refutation, with its dataset-dependent direction made explicit, as more valuable than a tidy but unsupported positive claim.",C009,
S03.001,sentence,,,"Prognostics, CBM, and Lead-Time Metrics",body,"Prognostics, CBM, and Lead-Time Metrics","Reviews of machinery diagnostics and prognostics (Jardine et al., 2006; Lee et al., 2014; Lei et al., 2018) and of remaininguseful-life (RUL) estimation (Si, Wang, Hu, & Zhou, 2011) establish the CBM/PHM framing in which a health indicator is tracked and an alarm or RUL estimate is produced.",,
S03.002,sentence,,,"Prognostics, CBM, and Lead-Time Metrics",body,"Prognostics, CBM, and Lead-Time Metrics",Saxena et al.,C056,
S03.003,sentence,,,"Prognostics, CBM, and Lead-Time Metrics",body,"Prognostics, CBM, and Lead-Time Metrics","(2008), Saxena et al.",C056,
S03.004,sentence,,,"Prognostics, CBM, and Lead-Time Metrics",body,"Prognostics, CBM, and Lead-Time Metrics","(2010), and Goebel et al.",,
S03.005,sentence,,,"Prognostics, CBM, and Lead-Time Metrics",body,"Prognostics, CBM, and Lead-Time Metrics","(2011) propose a family of prognostic-performance metrics (prognostic horizon, α-λ accuracy, relative accuracy, and timeliness) that explicitly reward early, well-calibrated predictions.",C056,
S03.006,sentence,,,"Prognostics, CBM, and Lead-Time Metrics",body,"Prognostics, CBM, and Lead-Time Metrics",Our onset-relative lead time is in this spirit: it measures warning time relative to a degradation event rather than to an arbitrary positional marker.,,
S03.007,sentence,,,"Prognostics, CBM, and Lead-Time Metrics",body,"Prognostics, CBM, and Lead-Time Metrics","We depart from prior practice in one key respect: we make the false-alarm budget an integral part of the metric’s validity condition rather than a separately reported number, which is precisely what closes the latch-on loophole.",C003;C004,
S03.008,sentence,,,"Prognostics, CBM, and Lead-Time Metrics",body,"Prognostics, CBM, and Lead-Time Metrics","We further provide, to our knowledge, the first formal comparison showing that an ungated prognostic-horizon metric produces a different and operationally misleading detector ranking relative to a false-alarm-budgeted metric (Section 6.11, Table 15).",,
S03.009,sentence,,,"Prognostics, CBM, and Lead-Time Metrics",body,"Prognostics, CBM, and Lead-Time Metrics","The disagreement is not marginal: on IMS the detectors the prognostic horizon ranks first by raw lead (Hotelling T 2, Isolation Forest, and EWMA) each have no valid operating point at a 10% false-alarm budget, while our metric identifies 3σ as the deployable choice.",C056;C062,
S03.009.n01,number,10%,10%,"Prognostics, CBM, and Lead-Time Metrics",body,"Prognostics, CBM, and Lead-Time Metrics","The disagreement is not marginal: on IMS the detectors the prognostic horizon ranks first by raw lead (Hotelling T 2, Isolation Forest, and EWMA) each have no valid operating point at a 10% false-alarm budget, while our metric identifies 3σ as the deployable choice.",,
S03.010,sentence,,,"Prognostics, CBM, and Lead-Time Metrics",body,"Prognostics, CBM, and Lead-Time Metrics",The cost asymmetry between a missed detection and a false alarm has been treated explicitly outside bearing prognostics.,,
S03.011,sentence,,,"Prognostics, CBM, and Lead-Time Metrics",body,"Prognostics, CBM, and Lead-Time Metrics","The Numenta Anomaly Benchmark (Lavin & Ahmad, 2015) scores streaming detectors under an application profile that rewards early detection and penalises false positives, making the same commitment our gate makes in a different domain: that earliness cannot be assessed independently of nuisancealarm behaviour.",C055,
S03.012,sentence,,,"Prognostics, CBM, and Lead-Time Metrics",body,"Prognostics, CBM, and Lead-Time Metrics",The difference is structural.,,
S03.013,sentence,,,"Prognostics, CBM, and Lead-Time Metrics",body,"Prognostics, CBM, and Lead-Time Metrics","That benchmark folds both into a single weighted score, so a detector may trade false alarms against earliness and still rank well; our budget is a validity condition, and an alarm outside it earns no credit that a longer lead can offset.",C003,
S03.014,sentence,,,"Prognostics, CBM, and Lead-Time Metrics",body,"Prognostics, CBM, and Lead-Time Metrics",A parallel line of work revises evaluation itself for time-series detection.,,
S03.015,sentence,,,"Prognostics, CBM, and Lead-Time Metrics",body,"Prognostics, CBM, and Lead-Time Metrics","Tatbul, Lee, Zdonik, Alam, and Gottschlich (2018) generalise precision and recall from points to ranges with a tunable positional bias, so that early detection within an anomalous interval can be rewarded explicitly, and Wu and Keogh (2023) argue that widely used benchmarks admit trivial solutions and overstate progress.",C055,
S03.016,sentence,,,"Prognostics, CBM, and Lead-Time Metrics",body,"Prognostics, CBM, and Lead-Time Metrics","Our metric shares the diagnosis and differs in what it reports: rather than a score on a bounded scale, the gated lead time is a physical quantity— hours of warning—that a maintenance planner can act on directly, and the false-alarm constraint enters as a gate on validity rather than as a weight inside the score.",C003,
S04.001,sentence,,,Anomaly Detectors and Control Charts,body,Anomaly Detectors and Control Charts,"Univariate and multivariate statistical-process-control charts—the 3σ rule, the exponentially weighted moving average (EWMA) (Roberts, 1959), and Hotelling’s T 2 (Hotelling, 1947)—remain workhorses of industrial monitoring (Montgomery, 2009) because they are interpretable and require little training data.",,
S04.002,sentence,,,Anomaly Detectors and Control Charts,body,Anomaly Detectors and Control Charts,"In the unsupervised machinelearning family, Isolation Forest (Liu, Ting, & Zhou, 2008) and the one-class support vector machine (SVM) (Schölkopf, Platt, Shawe-Taylor, Smola, & Williamson, 2001) are widely deployed; deep models such as LSTM autoencoders (Hochreiter & Schmidhuber, 1997; Malhotra et al., 2016; Hundman, Constantinou, Laporte, Colwell, & Soderstrom, 2018) and Deep SVDD (Ruff et al., 2018) have been applied to machine-health monitoring (Zhao et al., 2019).",,
S04.003,sentence,,,Anomaly Detectors and Control Charts,body,Anomaly Detectors and Control Charts,"We evaluate representatives of both the classical and learning families under a single, fixed hyperparameter protocol so that the comparison is about the evaluation and the sampling question, not about detector tuning.",C031,
S04.004,sentence,,,Anomaly Detectors and Control Charts,body,Anomaly Detectors and Control Charts,Relation to published FEMTO/XJTU results.,,
S04.005,sentence,,,Anomaly Detectors and Control Charts,body,Anomaly Detectors and Control Charts,"The FEMTO/PRONOSTIA and XJTU-SY campaigns are best known through the IEEE PHM 2012 challenge and subsequent remaining-useful-life (RUL) studies (Wang, Lei, Li, & Li, 2020; Nectoux et al., 2012), whose leading methods report a RUL-error score on the deliberately truncated Test/Validation copies of the bearings.",C017;C058,
S04.005.n01,number,2012,2012,Anomaly Detectors and Control Charts,body,Anomaly Detectors and Control Charts,"The FEMTO/PRONOSTIA and XJTU-SY campaigns are best known through the IEEE PHM 2012 challenge and subsequent remaining-useful-life (RUL) studies (Wang, Lei, Li, & Li, 2020; Nectoux et al., 2012), whose leading methods report a RUL-error score on the deliberately truncated Test/Validation copies of the bearings.",,
S04.006,sentence,,,Anomaly Detectors and Control Charts,body,Anomaly Detectors and Control Charts,"Those numbers are not directly comparable to ours for two structural reasons: (i) they estimate a continuous RUL on runs with no observed failure, whereas our metric measures early-warning lead time on the complete run-to-failure trajectory and gates it on a pre-onset false-alarm budget; and (ii) they do not report a false-alarm rate at all, so a method’s RUL score says nothing about whether its alarm would survive our τ gate—the very quantity we argue is decisive.",C058,
S04.007,sentence,,,Anomaly Detectors and Control Charts,body,Anomaly Detectors and Control Charts,"We therefore do not tabulate their RUL scores against our lead times, which would be a category error.",C058,
S04.008,sentence,,,Anomaly Detectors and Control Charts,body,Anomaly Detectors and Control Charts,"The classic normalized-RMS health-indicator with a first-prediction-time threshold—the workhorse baseline underlying most of that literature—is represented here by our rms_trend detector, evaluated under the same gated metric as every other method; re-evaluating specific published architectures under the gated metric (which requires their original code) is left as future work.",C084;C122,
S04.009,sentence,,,Anomaly Detectors and Control Charts,body,Anomaly Detectors and Control Charts,The pairing of detection delay with a false-alarm constraint is the founding formulation of sequential change detection.,,
S04.010,sentence,,,Anomaly Detectors and Control Charts,body,Anomaly Detectors and Control Charts,"Lorden (1971) posed the minimax problem of minimising worst-case detection delay subject to a lower bound on the average run length to false alarm, and Moustakides (1986) later showed that the cumulative sum (CUSUM) chart of Page (1954) is exactly optimal under that criterion; Pollak (1985) gives the corresponding result for a revised delay measure.",C055,
S04.011,sentence,,,Anomaly Detectors and Control Charts,body,Anomaly Detectors and Control Charts,"Our gate inherits the same premise and applies it at a different stage: that theory constrains the false-alarm rate when a detector is designed, by choosing a threshold that meets a stated run-length bound, whereas we impose it when a detector is scored, against a rate measured on the data.",,
S04.012,sentence,,,Anomaly Detectors and Control Charts,body,Anomaly Detectors and Control Charts,The two can disagree.,,
S04.013,sentence,,,Anomaly Detectors and Control Charts,body,Anomaly Detectors and Control Charts,"CUSUM, whose optimality theory this is, has no valid operating point on IMS at a 10% budget, because its pre-onset false-alarm rate sits at 19.0-19.8% across every threshold we sweep. 2.3.",C057,
S04.013.n01,number,10%,10%,Anomaly Detectors and Control Charts,body,Anomaly Detectors and Control Charts,"CUSUM, whose optimality theory this is, has no valid operating point on IMS at a 10% budget, because its pre-onset false-alarm rate sits at 19.0-19.8% across every threshold we sweep. 2.3.",,
S04.013.n02,number,19.0,19.0,Anomaly Detectors and Control Charts,body,Anomaly Detectors and Control Charts,"CUSUM, whose optimality theory this is, has no valid operating point on IMS at a 10% budget, because its pre-onset false-alarm rate sits at 19.0-19.8% across every threshold we sweep. 2.3.",,
S04.013.n03,number,19.8%,19.8%,Anomaly Detectors and Control Charts,body,Anomaly Detectors and Control Charts,"CUSUM, whose optimality theory this is, has no valid operating point on IMS at a 10% budget, because its pre-onset false-alarm rate sits at 19.0-19.8% across every threshold we sweep. 2.3.",,
S04.013.n04,number,2.3,2.3,Anomaly Detectors and Control Charts,body,Anomaly Detectors and Control Charts,"CUSUM, whose optimality theory this is, has no valid operating point on IMS at a 10% budget, because its pre-onset false-alarm rate sits at 19.0-19.8% across every threshold we sweep. 2.3.",,
S04.014,sentence,,,Anomaly Detectors and Control Charts,body,Anomaly Detectors and Control Charts,Uncertainty Quantification and Conformal Prediction,,
S05.001,sentence,,,Uncertainty Quantification and Conformal Prediction,body,Uncertainty Quantification and Conformal Prediction,"Conformal prediction (Vovk, Gammerman, & Shafer, 2005; Laxhammar & Falkman, 2014) provides a distribution-free guarantee that the false-alarm rate is bounded by a target α under exchangeability.",C032,
S05.002,sentence,,,Uncertainty Quantification and Conformal Prediction,body,Uncertainty Quantification and Conformal Prediction,"This is attractive for prognostics because it converts a detector’s raw score into an alarm with an interpretable, finite-sample false-alarm guarantee.",,
S05.003,sentence,,,Uncertainty Quantification and Conformal Prediction,body,Uncertainty Quantification and Conformal Prediction,"We wire conformal calibration into the lead-time pipeline and, rather than assuming the guarantee, test it empirically across runs— including a run where exchangeability provably fails because the “normal” region already contains degradation.",C032,
S06.001,sentence,,,Vibration Features,body,Vibration Features,"Bearing-defect frequencies, spectral kurtosis (Antoni, 2006), and envelope (demodulation) analysis (Randall & Antoni, 2011) are the classical frequency-domain tools for bearing diagnostics.",,
S06.002,sentence,,,Vibration Features,body,Vibration Features,"We include fast Fourier transform (FFT) band energies, spectral kurtosis, and Hilbert-envelope amplitudes at the bearing characteristic frequencies, and we ablate them against pure time-domain statistics to see which family actually carries prognostic lead time under our gated metric.",C084,
S07.001,sentence,,,SCADA-Based Condition Monitoring,body,SCADA-Based Condition Monitoring,"Tautz-Weinert and Watson (2017) review SCADA-data condition monitoring and note explicitly that historian aggregation is a recognized but under-quantified concern: practitioners suspect that coarse averaging hurts fault detection, but the magnitude of the effect has not been measured with a principled warning-time metric.",,
S07.002,sentence,,,SCADA-Based Condition Monitoring,body,SCADA-Based Condition Monitoring,"The present paper addresses exactly this gap, and reaches the perhaps surprising conclusion that, for bearing faults, the concern is not borne out.",,
S08.001,sentence,,,Datasets,body,Datasets,"We use four inferential run-to-failure datasets spanning controlled-lab and cross-condition regimes, together with a single-asset real-historian case study (Table 1).",C013;C014,
S08.002,sentence,,,Datasets,body,Datasets,"They were chosen so that the central sampling claim is tested under genuinely different conditions: a high-rate rawwaveform rig where aggregation can be simulated faithfully (IMS), two multi-bearing campaigns (XJTU-SY and FEMTO/PRONOSTIA) that supply the statistical power a three-run rig cannot, a second modern constant-condition rig (Ferrara), and—as a case study only—a real historian stream that already is SCADA-rate data (ONGC, Appendix D.2).",C014,
S08.003,sentence,,,Datasets,body,Datasets,"The NASA/IMS bearing dataset (Qiu, Lee, Lin, & Yu, 2006) provides raw 20.48 kHz accelerometer waveforms for three run-to-failure tests on a shaft loaded with four bearings.",,
S08.003.n01,number,20.48,20.48,Datasets,body,Datasets,"The NASA/IMS bearing dataset (Qiu, Lee, Lin, & Yu, 2006) provides raw 20.48 kHz accelerometer waveforms for three run-to-failure tests on a shaft loaded with four bearings.",,
S08.004,sentence,,,Datasets,body,Datasets,"Because the waveforms are raw, frequency-domain features (spectral kurtosis, envelope) are meaningful; the coarsening sweep itself acts on the windowed feature vectors, not on the waveform (Section 4.8).",C034,
S08.005,sentence,,,Datasets,body,Datasets,IMS test 3’s failure label is set as documented in the released repository; the justification appears in Appendix C.,,
S08.005.n01,number,3,3,Datasets,body,Datasets,IMS test 3’s failure label is set as documented in the released repository; the justification appears in Appendix C.,,
S08.006,sentence,,,Datasets,body,Datasets,"The XJTU-SY dataset (Wang et al., 2020) contributes ten run-to-failure bearings under two operating conditions (five bearings each) at 25.6 kHz, sampled in 1.28 s snapshots once per minute.",,
S08.006.n01,number,25.6,25.6,Datasets,body,Datasets,"The XJTU-SY dataset (Wang et al., 2020) contributes ten run-to-failure bearings under two operating conditions (five bearings each) at 25.6 kHz, sampled in 1.28 s snapshots once per minute.",,
S08.006.n02,number,1.28,1.28,Datasets,body,Datasets,"The XJTU-SY dataset (Wang et al., 2020) contributes ten run-to-failure bearings under two operating conditions (five bearings each) at 25.6 kHz, sampled in 1.28 s snapshots once per minute.",,
S08.007,sentence,,,Datasets,body,Datasets,"With n = 10 it provides the strongest generalization test in this study; its published lifetimes range widely (52-533 min), which deliberately stresses the metric with both long-degrading and abrupt-failure bearings.",C019,
S08.007.n01,number,10,10,Datasets,body,Datasets,"With n = 10 it provides the strongest generalization test in this study; its published lifetimes range widely (52-533 min), which deliberately stresses the metric with both long-degrading and abrupt-failure bearings.",,
S08.007.n02,number,52,52,Datasets,body,Datasets,"With n = 10 it provides the strongest generalization test in this study; its published lifetimes range widely (52-533 min), which deliberately stresses the metric with both long-degrading and abrupt-failure bearings.",,
S08.007.n03,number,533,533,Datasets,body,Datasets,"With n = 10 it provides the strongest generalization test in this study; its published lifetimes range widely (52-533 min), which deliberately stresses the metric with both long-degrading and abrupt-failure bearings.",,
S08.008,sentence,,,Datasets,body,Datasets,"The FEMTO/PRONOSTIA platform (Nectoux et al., 2012) contributes an independent run-tofailure campaign: six Learning_set bearings under three operating conditions, with horizontal and vertical accelerometers sampled in 0.1 s snapshots at 25.6 kHz once every 10 s.",C017,
S08.008.n01,number,0.1,0.1,Datasets,body,Datasets,"The FEMTO/PRONOSTIA platform (Nectoux et al., 2012) contributes an independent run-tofailure campaign: six Learning_set bearings under three operating conditions, with horizontal and vertical accelerometers sampled in 0.1 s snapshots at 25.6 kHz once every 10 s.",,
S08.008.n02,number,25.6,25.6,Datasets,body,Datasets,"The FEMTO/PRONOSTIA platform (Nectoux et al., 2012) contributes an independent run-tofailure campaign: six Learning_set bearings under three operating conditions, with horizontal and vertical accelerometers sampled in 0.1 s snapshots at 25.6 kHz once every 10 s.",,
S08.008.n03,number,10,10,Datasets,body,Datasets,"The FEMTO/PRONOSTIA platform (Nectoux et al., 2012) contributes an independent run-tofailure campaign: six Learning_set bearings under three operating conditions, with horizontal and vertical accelerometers sampled in 0.1 s snapshots at 25.6 kHz once every 10 s.",,
S08.009,sentence,,,Datasets,body,Datasets,"We use only the six Learning_set bearings because they are run until the platform’s 20 g vibration stop—a failure, and hence a lead time, is actually observed—whereas the Test_set/Validation_set copies are deliberately truncated mid-life for the IEEE PHM 2012 RUL-prediction challenge and would make lead time undefined.",C017,
S08.009.n01,number,20,20,Datasets,body,Datasets,"We use only the six Learning_set bearings because they are run until the platform’s 20 g vibration stop—a failure, and hence a lead time, is actually observed—whereas the Test_set/Validation_set copies are deliberately truncated mid-life for the IEEE PHM 2012 RUL-prediction challenge and would make lead time undefined.",,
S08.009.n02,number,2012,2012,Datasets,body,Datasets,"We use only the six Learning_set bearings because they are run until the platform’s 20 g vibration stop—a failure, and hence a lead time, is actually observed—whereas the Test_set/Validation_set copies are deliberately truncated mid-life for the IEEE PHM 2012 RUL-prediction challenge and would make lead time undefined.",,
S08.010,sentence,,,Datasets,body,Datasets,Lifetimes span ∼1.4-7.8 h.,C019,
S08.010.n01,number,1.4,1.4,Datasets,body,Datasets,Lifetimes span ∼1.4-7.8 h.,,
S08.010.n02,number,7.8,7.8,Datasets,body,Datasets,Lifetimes span ∼1.4-7.8 h.,,
S08.011,sentence,,,Datasets,body,Datasets,"We deliberately exclude the Paderborn dataset (Lessmeier, Kimotho, Zimmer, & Sextro, 2016) from the lead-time study: it comprises pre-damaged bearings measured at fixed operating conditions for fault classification, with no degradation timeline and no failure event, so it cannot test a lead-time or sampling claim.",C016,
S08.012,sentence,,,Datasets,body,Datasets,"Using it for the headline would be a category error, and we say so rather than pad the dataset count.",C058,
S08.013,sentence,,,Datasets,body,Datasets,University of Ferrara.,,
S08.014,sentence,,,Datasets,body,Datasets,"The University of Ferrara dataset (Arpa, Gabrielli, & Battarra, 2024) contributes a fully independent run-to-failure campaign: six self-aligning double-row ball bearings under constant speed and radial load, with continuous uniaxial vibration recorded at 25.6 kHz throughout each bearing’s entire lifecycle (five-second snapshots, contiguous).",C018,
S08.014.n01,number,25.6,25.6,Datasets,body,Datasets,"The University of Ferrara dataset (Arpa, Gabrielli, & Battarra, 2024) contributes a fully independent run-to-failure campaign: six self-aligning double-row ball bearings under constant speed and radial load, with continuous uniaxial vibration recorded at 25.6 kHz throughout each bearing’s entire lifecycle (five-second snapshots, contiguous).",,
S08.015,sentence,,,Datasets,body,Datasets,"Lifetimes span 0.7-6.8 h, similar to FEMTO.",C019,
S08.015.n01,number,0.7,0.7,Datasets,body,Datasets,"Lifetimes span 0.7-6.8 h, similar to FEMTO.",,
S08.015.n02,number,6.8,6.8,Datasets,body,Datasets,"Lifetimes span 0.7-6.8 h, similar to FEMTO.",,
S08.016,sentence,,,Datasets,body,Datasets,"Operating conditions are fixed, making the dataset directly compatible with our onset detector without normalization; we use all six available runs (E1-E6).",C082,
S08.017,sentence,,,Datasets,body,Datasets,The single accelerometer channel is duplicated into the two channel slots so the channel-invariant feature schema applies unchanged.,C018;C020,
S08.018,sentence,,,Datasets,body,Datasets,"The dataset is included to further test the non-destruction hypothesis with an independent 2024 rig; like FEMTO and XJTU-SY, its short bearing lifetimes mean this campaign cannot confirm or deny the IMS positive trend.",C018;C053,
S08.018.n01,number,2024,2024,Datasets,body,Datasets,"The dataset is included to further test the non-destruction hypothesis with an independent 2024 rig; like FEMTO and XJTU-SY, its short bearing lifetimes mean this campaign cannot confirm or deny the IMS positive trend.",,
S08.019,sentence,,,Datasets,body,Datasets,"XJTU-SY (n = 10) is our primary inferential dataset; IMS (n = 3) is retained for its raw-waveform access, which permits the faithful aggregate/decimate simulation and the mechanism analysis (Appendix D.1).",C015,
S08.019.n01,number,10,10,Datasets,body,Datasets,"XJTU-SY (n = 10) is our primary inferential dataset; IMS (n = 3) is retained for its raw-waveform access, which permits the faithful aggregate/decimate simulation and the mechanism analysis (Appendix D.1).",,
S08.019.n02,number,3,3,Datasets,body,Datasets,"XJTU-SY (n = 10) is our primary inferential dataset; IMS (n = 3) is retained for its raw-waveform access, which permits the faithful aggregate/decimate simulation and the mechanism analysis (Appendix D.1).",,
S10.001,sentence,,,Problem Formulation and Notation,body,Problem Formulation and Notation,For each run we observe a sequence of snapshots indexed by time t.,,
S10.002,sentence,,,Problem Formulation and Notation,body,Problem Formulation and Notation,A feature extractor maps each snapshot (and a short trailing window) to a vector xt ∈ Rd.,,
S10.003,sentence,,,Problem Formulation and Notation,body,Problem Formulation and Notation,"A detector assigns a score st and, via a threshold and a persistence filter, an alarm indicator at ∈ {0, 1}.",C068,
S10.003.n01,number,0,0,Problem Formulation and Notation,body,Problem Formulation and Notation,"A detector assigns a score st and, via a threshold and a persistence filter, an alarm indicator at ∈ {0, 1}.",,
S10.003.n02,number,1,1,Problem Formulation and Notation,body,Problem Formulation and Notation,"A detector assigns a score st and, via a threshold and a persistence filter, an alarm indicator at ∈ {0, 1}.",,
S10.004,sentence,,,Problem Formulation and Notation,body,Problem Formulation and Notation,Each run has a failure time tf and is split at a train boundary tb; all scaling and threshold statistics are fit on {t ≤ tb} only.,,
S10.005,sentence,,,Problem Formulation and Notation,body,Problem Formulation and Notation,The two quantities we care about are the lead time (how long before tf the first sustained alarm fires) and the pre-onset false-alarm rate (how often the detector alarms while the machine is still healthy).,,
S10.006,sentence,,,Problem Formulation and Notation,body,Problem Formulation and Notation,The remainder of this section makes each ingredient precise.,,
S11.001,sentence,,,Channel-Invariant Feature Schema,body,Channel-Invariant Feature Schema,"Each snapshot yields per-channel time-domain statistics— RMS, kurtosis, skewness, peak-to-peak, crest factor, and variance—and, for raw-waveform datasets, frequencydomain features: FFT band energies, spectral kurtosis (Antoni, 2006), and Hilbert-envelope amplitudes at the bearing characteristic frequencies—ball pass frequency outer race (BPFO), ball pass frequency inner race (BPFI), ball spin frequency (BSF) and fundamental train frequency (FTF)—computed from the dataset geometry.",,
S11.002,sentence,,,Channel-Invariant Feature Schema,body,Channel-Invariant Feature Schema,"A naive feature scheme that concatenates per-channel statistics and all cross-channel pairs is channel-count dependent and ill-posed: it produces 445 features for a 4-channel run and 1465 for an 8-channel run, against only ∼100 training snapshots, i.e. p ≫ n.",C020,
S11.002.n01,number,445,445,Channel-Invariant Feature Schema,body,Channel-Invariant Feature Schema,"A naive feature scheme that concatenates per-channel statistics and all cross-channel pairs is channel-count dependent and ill-posed: it produces 445 features for a 4-channel run and 1465 for an 8-channel run, against only ∼100 training snapshots, i.e. p ≫ n.",,
S11.002.n02,number,4,4,Channel-Invariant Feature Schema,body,Channel-Invariant Feature Schema,"A naive feature scheme that concatenates per-channel statistics and all cross-channel pairs is channel-count dependent and ill-posed: it produces 445 features for a 4-channel run and 1465 for an 8-channel run, against only ∼100 training snapshots, i.e. p ≫ n.",,
S11.002.n03,number,1465,1465,Channel-Invariant Feature Schema,body,Channel-Invariant Feature Schema,"A naive feature scheme that concatenates per-channel statistics and all cross-channel pairs is channel-count dependent and ill-posed: it produces 445 features for a 4-channel run and 1465 for an 8-channel run, against only ∼100 training snapshots, i.e. p ≫ n.",,
S11.002.n04,number,8,8,Channel-Invariant Feature Schema,body,Channel-Invariant Feature Schema,"A naive feature scheme that concatenates per-channel statistics and all cross-channel pairs is channel-count dependent and ill-posed: it produces 445 features for a 4-channel run and 1465 for an 8-channel run, against only ∼100 training snapshots, i.e. p ≫ n.",,
S11.002.n05,number,100,100,Channel-Invariant Feature Schema,body,Channel-Invariant Feature Schema,"A naive feature scheme that concatenates per-channel statistics and all cross-channel pairs is channel-count dependent and ill-posed: it produces 445 features for a 4-channel run and 1465 for an 8-channel run, against only ∼100 training snapshots, i.e. p ≫ n.",,
S11.003,sentence,,,Channel-Invariant Feature Schema,body,Channel-Invariant Feature Schema,"Such a space overfits, is not comparable across runs with different channel counts, and silently inflates the apparent dimensionality.",,
S11.004,sentence,,,Channel-Invariant Feature Schema,body,Channel-Invariant Feature Schema,"We therefore aggregate each statistic family across physical channels (taking the mean and the max over channels) and summarize each aggregated series over a rolling window with four descriptors (mean, standard deviation, max, and linear-trend slope), plus one cross-channel RMS-coherence feature.",,
S11.005,sentence,,,Channel-Invariant Feature Schema,body,Channel-Invariant Feature Schema,This yields a fixed 49-dimensional space that is identical across 4and 8-channel assets and directly comparable across datasets.,C020,
S11.005.n01,number,49,49,Channel-Invariant Feature Schema,body,Channel-Invariant Feature Schema,This yields a fixed 49-dimensional space that is identical across 4and 8-channel assets and directly comparable across datasets.,,
S11.005.n02,number,4,4,Channel-Invariant Feature Schema,body,Channel-Invariant Feature Schema,This yields a fixed 49-dimensional space that is identical across 4and 8-channel assets and directly comparable across datasets.,,
S11.005.n03,number,8,8,Channel-Invariant Feature Schema,body,Channel-Invariant Feature Schema,This yields a fixed 49-dimensional space that is identical across 4and 8-channel assets and directly comparable across datasets.,,
S11.006,sentence,,,Channel-Invariant Feature Schema,body,Channel-Invariant Feature Schema,A train-fit variance top-k selection (k ≤ 50) then guarantees p < n.,C021,
S11.006.n01,number,50,50,Channel-Invariant Feature Schema,body,Channel-Invariant Feature Schema,A train-fit variance top-k selection (k ≤ 50) then guarantees p < n.,,
S11.007,sentence,,,Channel-Invariant Feature Schema,body,Channel-Invariant Feature Schema,"All scaling is fit on the training split only, so no test-region statistic leaks into the features.",C021,
S12.001,sentence,,,Leakage-Free Degradation Onset,body,Leakage-Free Degradation Onset,Lead-time metrics that reference an arbitrary positional marker (e.g.,,
S12.002,sentence,,,Leakage-Free Degradation Onset,body,Leakage-Free Degradation Onset,"“the first 5% of the test window is normal”) are gameable, because the marker is not tied to the physics of the run.",,
S12.002.n01,number,5%,5%,Leakage-Free Degradation Onset,body,Leakage-Free Degradation Onset,"“the first 5% of the test window is normal”) are gameable, because the marker is not tied to the physics of the run.",,
S12.003,sentence,,,Leakage-Free Degradation Onset,body,Leakage-Free Degradation Onset,We instead compute a single degradation onset to per run from a scalar health indicator h(t).,,
S12.004,sentence,,,Leakage-Free Degradation Onset,body,Leakage-Free Degradation Onset,"The default indicator is the element-wise maximum of two baseline-standardized trends—the mean-RMS trend and the mean-kurtosis trend— so that it responds to whichever degradation mode (amplitude growth or impulsiveness) appears first: ( ) h(t) = max zb[RMS](t), zb[kurt](t) , (1) where the baseline mean µb and standard deviation σb used in the z-score zb[·] are estimated only on data up to the train boundary tb, so to cannot see the test region.",C023,
S12.004.n01,number,1,1,Leakage-Free Degradation Onset,body,Leakage-Free Degradation Onset,"The default indicator is the element-wise maximum of two baseline-standardized trends—the mean-RMS trend and the mean-kurtosis trend— so that it responds to whichever degradation mode (amplitude growth or impulsiveness) appears first: ( ) h(t) = max zb[RMS](t), zb[kurt](t) , (1) where the baseline mean µb and standard deviation σb used in the z-score zb[·] are estimated only on data up to the train boundary tb, so to cannot see the test region.",,
S12.005,sentence,,,Leakage-Free Degradation Onset,body,Leakage-Free Degradation Onset,"With band β = µb + kσb (default k = 4), the onset is the start of the last sustained excursion above β before failure, to = min{ t ∈ Rlast : h(t) > β }, (2) where Rlast is the final run of consecutive above-band samples, merging gaps shorter than a tolerance and requiring a minimum persistence.",C022,
S12.005.n01,number,4,4,Leakage-Free Degradation Onset,body,Leakage-Free Degradation Onset,"With band β = µb + kσb (default k = 4), the onset is the start of the last sustained excursion above β before failure, to = min{ t ∈ Rlast : h(t) > β }, (2) where Rlast is the final run of consecutive above-band samples, merging gaps shorter than a tolerance and requiring a minimum persistence.",,
S12.005.n02,number,2,2,Leakage-Free Degradation Onset,body,Leakage-Free Degradation Onset,"With band β = µb + kσb (default k = 4), the onset is the start of the last sustained excursion above β before failure, to = min{ t ∈ Rlast : h(t) > β }, (2) where Rlast is the final run of consecutive above-band samples, merging gaps shorter than a tolerance and requiring a minimum persistence.",,
S12.006,sentence,,,Leakage-Free Degradation Onset,body,Leakage-Free Degradation Onset,"Using the last sustained excursion makes the onset robust to early run-in transients and to the single trailing machine-off sample, both of which can otherwise spuriously mark an early onset.",C022,
S12.007,sentence,,,Leakage-Free Degradation Onset,body,Leakage-Free Degradation Onset,Algorithm 1 states the procedure.,,
S12.008,sentence,,,Leakage-Free Degradation Onset,body,Leakage-Free Degradation Onset,Algorithm 1 Leakage-free terminal degradation onset The terminal-excursion rule has a predictable bias.,C022;C023;C024,
S12.009,sentence,,,Leakage-Free Degradation Onset,body,Leakage-Free Degradation Onset,"The onset fires at the first sample of the last sustained excursion above the band β = µb + kσb, so for a degradation ramp of slope m the estimator is late by approximately kσb/m, with a standard deviation of order σb/m.",C022;C024,
S12.010,sentence,,,Leakage-Free Degradation Onset,body,Leakage-Free Degradation Onset,"The persistence requirement P does not enter this bias: Algorithm 1 returns min Rlast, the start of the qualifying run, so P governs which excursions are admitted rather than delaying the timestamp reported for an admitted one.",C024,
S12.011,sentence,,,Leakage-Free Degradation Onset,body,Leakage-Free Degradation Onset,"Both bias and spread scale inversely with the ramp slope: the estimator is near-unbiased and stable under abrupt degradation, where the delay falls to the sampling interval ∆t alone, and systematically late and more variable under gradual degradation.",C024,
S12.012,sentence,,,Leakage-Free Degradation Onset,body,Leakage-Free Degradation Onset,"This accounts for the pattern in Table 3, where the abrupt first IMS test agrees across all three health indicators at 98-99% of span while the slow-degrading second and third tests move substantially.",C064,
S12.012.n01,number,98,98,Leakage-Free Degradation Onset,body,Leakage-Free Degradation Onset,"This accounts for the pattern in Table 3, where the abrupt first IMS test agrees across all three health indicators at 98-99% of span while the slow-degrading second and third tests move substantially.",,
S12.012.n02,number,99%,99%,Leakage-Free Degradation Onset,body,Leakage-Free Degradation Onset,"This accounts for the pattern in Table 3, where the abrupt first IMS test agrees across all three health indicators at 98-99% of span while the slow-degrading second and third tests move substantially.",,
S12.013,sentence,,,Leakage-Free Degradation Onset,body,Leakage-Free Degradation Onset,"The persistence (5 samples) and gap (10 samples) tolerances of Algorithm 1 are fixed in samples of the health-indicator series, not physical time, and are held constant across datasets.",C025,
S12.013.n01,number,5,5,Leakage-Free Degradation Onset,body,Leakage-Free Degradation Onset,"The persistence (5 samples) and gap (10 samples) tolerances of Algorithm 1 are fixed in samples of the health-indicator series, not physical time, and are held constant across datasets.",,
S12.013.n02,number,10,10,Leakage-Free Degradation Onset,body,Leakage-Free Degradation Onset,"The persistence (5 samples) and gap (10 samples) tolerances of Algorithm 1 are fixed in samples of the health-indicator series, not physical time, and are held constant across datasets.",,
S12.014,sentence,,,Leakage-Free Degradation Onset,body,Leakage-Free Degradation Onset,"The datasets are logged at different native intervals (∼10 min per snapshot for IMS after resampling to a uniform grid, 1 min for XJTU-SY, and 10 s for FEMTO and ONGC), so the same 5/10-sample bars correspond to ∼50/100 min on IMS, 5/10 min on XJTU, and 50/100 s on FEMTO/ONGC.",C025,
S12.014.n01,number,10,10,Leakage-Free Degradation Onset,body,Leakage-Free Degradation Onset,"The datasets are logged at different native intervals (∼10 min per snapshot for IMS after resampling to a uniform grid, 1 min for XJTU-SY, and 10 s for FEMTO and ONGC), so the same 5/10-sample bars correspond to ∼50/100 min on IMS, 5/10 min on XJTU, and 50/100 s on FEMTO/ONGC.",,
S12.014.n02,number,1,1,Leakage-Free Degradation Onset,body,Leakage-Free Degradation Onset,"The datasets are logged at different native intervals (∼10 min per snapshot for IMS after resampling to a uniform grid, 1 min for XJTU-SY, and 10 s for FEMTO and ONGC), so the same 5/10-sample bars correspond to ∼50/100 min on IMS, 5/10 min on XJTU, and 50/100 s on FEMTO/ONGC.",,
S12.014.n03,number,10,10,Leakage-Free Degradation Onset,body,Leakage-Free Degradation Onset,"The datasets are logged at different native intervals (∼10 min per snapshot for IMS after resampling to a uniform grid, 1 min for XJTU-SY, and 10 s for FEMTO and ONGC), so the same 5/10-sample bars correspond to ∼50/100 min on IMS, 5/10 min on XJTU, and 50/100 s on FEMTO/ONGC.",,
S12.014.n04,number,5/10,5/10,Leakage-Free Degradation Onset,body,Leakage-Free Degradation Onset,"The datasets are logged at different native intervals (∼10 min per snapshot for IMS after resampling to a uniform grid, 1 min for XJTU-SY, and 10 s for FEMTO and ONGC), so the same 5/10-sample bars correspond to ∼50/100 min on IMS, 5/10 min on XJTU, and 50/100 s on FEMTO/ONGC.",,
S12.014.n05,number,50/100,50/100,Leakage-Free Degradation Onset,body,Leakage-Free Degradation Onset,"The datasets are logged at different native intervals (∼10 min per snapshot for IMS after resampling to a uniform grid, 1 min for XJTU-SY, and 10 s for FEMTO and ONGC), so the same 5/10-sample bars correspond to ∼50/100 min on IMS, 5/10 min on XJTU, and 50/100 s on FEMTO/ONGC.",,
S12.014.n06,number,5/10,5/10,Leakage-Free Degradation Onset,body,Leakage-Free Degradation Onset,"The datasets are logged at different native intervals (∼10 min per snapshot for IMS after resampling to a uniform grid, 1 min for XJTU-SY, and 10 s for FEMTO and ONGC), so the same 5/10-sample bars correspond to ∼50/100 min on IMS, 5/10 min on XJTU, and 50/100 s on FEMTO/ONGC.",,
S12.014.n07,number,50/100,50/100,Leakage-Free Degradation Onset,body,Leakage-Free Degradation Onset,"The datasets are logged at different native intervals (∼10 min per snapshot for IMS after resampling to a uniform grid, 1 min for XJTU-SY, and 10 s for FEMTO and ONGC), so the same 5/10-sample bars correspond to ∼50/100 min on IMS, 5/10 min on XJTU, and 50/100 s on FEMTO/ONGC.",,
S12.015,sentence,,,Leakage-Free Degradation Onset,body,Leakage-Free Degradation Onset,"This keeps the onset rule algorithmically identical everywhere at the price of exact physical-time comparability; the difference is negligible for long records but non-trivial for the shortest bearings: XJTU Bearing2_4 (42 min total life) must clear a ∼5-minute persistence bar, roughly 12% of its lifetime, so onset positions on the very shortest bearings carry this caveat.",C025,
S12.015.n01,number,42,42,Leakage-Free Degradation Onset,body,Leakage-Free Degradation Onset,"This keeps the onset rule algorithmically identical everywhere at the price of exact physical-time comparability; the difference is negligible for long records but non-trivial for the shortest bearings: XJTU Bearing2_4 (42 min total life) must clear a ∼5-minute persistence bar, roughly 12% of its lifetime, so onset positions on the very shortest bearings carry this caveat.",,
S12.015.n02,number,5,5,Leakage-Free Degradation Onset,body,Leakage-Free Degradation Onset,"This keeps the onset rule algorithmically identical everywhere at the price of exact physical-time comparability; the difference is negligible for long records but non-trivial for the shortest bearings: XJTU Bearing2_4 (42 min total life) must clear a ∼5-minute persistence bar, roughly 12% of its lifetime, so onset positions on the very shortest bearings carry this caveat.",,
S12.015.n03,number,12%,12%,Leakage-Free Degradation Onset,body,Leakage-Free Degradation Onset,"This keeps the onset rule algorithmically identical everywhere at the price of exact physical-time comparability; the difference is negligible for long records but non-trivial for the shortest bearings: XJTU Bearing2_4 (42 min total life) must clear a ∼5-minute persistence bar, roughly 12% of its lifetime, so onset positions on the very shortest bearings carry this caveat.",,
S12.016,sentence,,,Leakage-Free Degradation Onset,body,Leakage-Free Degradation Onset,Caveat: onset positions on bearings with total lifetime below 2 h are treated as fragile throughout; per-bearing results in Tables 5 and 9 flag these cases explicitly rather than silently discarding them.,C026,
S12.016.n01,number,2,2,Leakage-Free Degradation Onset,body,Leakage-Free Degradation Onset,Caveat: onset positions on bearings with total lifetime below 2 h are treated as fragile throughout; per-bearing results in Tables 5 and 9 flag these cases explicitly rather than silently discarding them.,,
S12.017,sentence,,,Leakage-Free Degradation Onset,body,Leakage-Free Degradation Onset,"The sensitivity analyses probe the threshold multiplier k (Table 3), not these fixed timing tolerances, which we leave in sample units for algorithmic reproducibility.",,
S13.001,sentence,,,Onset-Relative Lead-Time Metric,body,Onset-Relative Lead-Time Metric,Let the first sustained alarm time be FAT and the failure time tf .,,
S13.002,sentence,,,Onset-Relative Lead-Time Metric,body,Onset-Relative Lead-Time Metric,"The lead time is ( ) L = max 0, tf - FAT hours, (3) 3600 with L = 0 if there is no alarm or if the alarm is at or after failure.",,
S13.002.n01,number,0,0,Onset-Relative Lead-Time Metric,body,Onset-Relative Lead-Time Metric,"The lead time is ( ) L = max 0, tf - FAT hours, (3) 3600 with L = 0 if there is no alarm or if the alarm is at or after failure.",,
S13.002.n02,number,3,3,Onset-Relative Lead-Time Metric,body,Onset-Relative Lead-Time Metric,"The lead time is ( ) L = max 0, tf - FAT hours, (3) 3600 with L = 0 if there is no alarm or if the alarm is at or after failure.",,
S13.002.n03,number,3600,3600,Onset-Relative Lead-Time Metric,body,Onset-Relative Lead-Time Metric,"The lead time is ( ) L = max 0, tf - FAT hours, (3) 3600 with L = 0 if there is no alarm or if the alarm is at or after failure.",,
S13.002.n04,number,0,0,Onset-Relative Lead-Time Metric,body,Onset-Relative Lead-Time Metric,"The lead time is ( ) L = max 0, tf - FAT hours, (3) 3600 with L = 0 if there is no alarm or if the alarm is at or after failure.",,
S13.003,sentence,,,Onset-Relative Lead-Time Metric,body,Onset-Relative Lead-Time Metric,"The pre-onset false-alarm rate is the fraction of windows strictly before the onset that are flagged, FARpre = |{t < to |{t : a(t) = < to}| 1}| , (4) measured over the entire apparently-normal region rather than a positional sample.",,
S13.003.n01,number,1,1,Onset-Relative Lead-Time Metric,body,Onset-Relative Lead-Time Metric,"The pre-onset false-alarm rate is the fraction of windows strictly before the onset that are flagged, FARpre = |{t < to |{t : a(t) = < to}| 1}| , (4) measured over the entire apparently-normal region rather than a positional sample.",,
S13.003.n02,number,4,4,Onset-Relative Lead-Time Metric,body,Onset-Relative Lead-Time Metric,"The pre-onset false-alarm rate is the fraction of windows strictly before the onset that are flagged, FARpre = |{t < to |{t : a(t) = < to}| 1}| , (4) measured over the entire apparently-normal region rather than a positional sample.",,
S13.004,sentence,,,Onset-Relative Lead-Time Metric,body,Onset-Relative Lead-Time Metric,"An alarm is valid if and only if L > 0 ∧ FARpre ≤ τ, (5) with budget τ = 0.10 throughout.",C027,
S13.004.n01,number,0,0,Onset-Relative Lead-Time Metric,body,Onset-Relative Lead-Time Metric,"An alarm is valid if and only if L > 0 ∧ FARpre ≤ τ, (5) with budget τ = 0.10 throughout.",,
S13.004.n02,number,5,5,Onset-Relative Lead-Time Metric,body,Onset-Relative Lead-Time Metric,"An alarm is valid if and only if L > 0 ∧ FARpre ≤ τ, (5) with budget τ = 0.10 throughout.",,
S13.004.n03,number,0.10,0.10,Onset-Relative Lead-Time Metric,body,Onset-Relative Lead-Time Metric,"An alarm is valid if and only if L > 0 ∧ FARpre ≤ τ, (5) with budget τ = 0.10 throughout.",,
S13.005,sentence,,,Onset-Relative Lead-Time Metric,body,Onset-Relative Lead-Time Metric,"Where the pre-onset region is empty—the onset estimator places to at or before the first scored window—FARpre is undefined, so the alarm cannot be gated and is excluded from the validity denominator rather than counted as valid.",C028,
S13.006,sentence,,,Onset-Relative Lead-Time Metric,body,Onset-Relative Lead-Time Metric,Why the metric defeats the latch-on exploit.,C004,
S13.007,sentence,,,Onset-Relative Lead-Time Metric,body,Onset-Relative Lead-Time Metric,"Reporting L and FARpre jointly, with the conjunction in Eq.",,
S13.008,sentence,,,Onset-Relative Lead-Time Metric,body,Onset-Relative Lead-Time Metric,"(5), defeats the latch-on exploit.",C004,
S13.008.n01,number,5,5,Onset-Relative Lead-Time Metric,body,Onset-Relative Lead-Time Metric,"(5), defeats the latch-on exploit.",,
S13.009,sentence,,,Onset-Relative Lead-Time Metric,body,Onset-Relative Lead-Time Metric,"A detector that fires from the first sample earns a large L (the full run length) but floods the entire preonset region, giving FARpre ≈ 1 > τ and hence invalid.",C004,
S13.009.n01,number,1,1,Onset-Relative Lead-Time Metric,body,Onset-Relative Lead-Time Metric,"A detector that fires from the first sample earns a large L (the full run length) but floods the entire preonset region, giving FARpre ≈ 1 > τ and hence invalid.",,
S13.010,sentence,,,Onset-Relative Lead-Time Metric,body,Onset-Relative Lead-Time Metric,"Conversely, a detector that first fires just after to has FARpre = 0 and a positive L, scoring valid.",,
S13.010.n01,number,0,0,Onset-Relative Lead-Time Metric,body,Onset-Relative Lead-Time Metric,"Conversely, a detector that first fires just after to has FARpre = 0 and a positive L, scoring valid.",,
S13.011,sentence,,,Onset-Relative Lead-Time Metric,body,Onset-Relative Lead-Time Metric,"A unit test in the released code asserts exactly these two cases: a constant-on detector scores invalid, and an oracle that fires at to+ scores valid at zero preonset FAR.",C004;C005,
S13.012,sentence,,,Onset-Relative Lead-Time Metric,body,Onset-Relative Lead-Time Metric,"Because to is computed only from training-region statistics (Eq. 2), neither L nor FARpre can be tuned using testregion information.",,
S13.013,sentence,,,Onset-Relative Lead-Time Metric,body,Onset-Relative Lead-Time Metric,We stress that this defeats the specific latch-on exploit; it is not a claim of unconditional ungameability (see Section 8).,C004;C006,
S14.001,sentence,,,Detectors,body,Detectors,"The headline set comprises nine detectors, evaluated under one fixed hyperparameter protocol: • RMS-trend (naive baseline): alarm when the mean-RMS exceeds kσ above its training baseline.",C012;C031,
S14.002,sentence,,,Detectors,body,Detectors,"Included to verify that the metric penalizes a weak detector. • 3σ rule: alarm when the ℓ2-norm health index exceeds three training standard deviations. • EWMA (Roberts, 1959): an exponentially weighted moving-average control chart (λ = 0.2, k = 3.0), sensitive to small sustained shifts. • CUSUM (Page, 1954): a two-sided tabular cumulative sum (CUSUM) control chart (k = 0.5, h = 5.0) on the monitored magnitude—the classic change-point chart, most sensitive to a small sustained mean shift such as slow degradation onset.",,
S14.002.n01,number,0.2,0.2,Detectors,body,Detectors,"Included to verify that the metric penalizes a weak detector. • 3σ rule: alarm when the ℓ2-norm health index exceeds three training standard deviations. • EWMA (Roberts, 1959): an exponentially weighted moving-average control chart (λ = 0.2, k = 3.0), sensitive to small sustained shifts. • CUSUM (Page, 1954): a two-sided tabular cumulative sum (CUSUM) control chart (k = 0.5, h = 5.0) on the monitored magnitude—the classic change-point chart, most sensitive to a small sustained mean shift such as slow degradation onset.",,
S14.002.n02,number,3.0,3.0,Detectors,body,Detectors,"Included to verify that the metric penalizes a weak detector. • 3σ rule: alarm when the ℓ2-norm health index exceeds three training standard deviations. • EWMA (Roberts, 1959): an exponentially weighted moving-average control chart (λ = 0.2, k = 3.0), sensitive to small sustained shifts. • CUSUM (Page, 1954): a two-sided tabular cumulative sum (CUSUM) control chart (k = 0.5, h = 5.0) on the monitored magnitude—the classic change-point chart, most sensitive to a small sustained mean shift such as slow degradation onset.",,
S14.002.n03,number,0.5,0.5,Detectors,body,Detectors,"Included to verify that the metric penalizes a weak detector. • 3σ rule: alarm when the ℓ2-norm health index exceeds three training standard deviations. • EWMA (Roberts, 1959): an exponentially weighted moving-average control chart (λ = 0.2, k = 3.0), sensitive to small sustained shifts. • CUSUM (Page, 1954): a two-sided tabular cumulative sum (CUSUM) control chart (k = 0.5, h = 5.0) on the monitored magnitude—the classic change-point chart, most sensitive to a small sustained mean shift such as slow degradation onset.",,
S14.002.n04,number,5.0,5.0,Detectors,body,Detectors,"Included to verify that the metric penalizes a weak detector. • 3σ rule: alarm when the ℓ2-norm health index exceeds three training standard deviations. • EWMA (Roberts, 1959): an exponentially weighted moving-average control chart (λ = 0.2, k = 3.0), sensitive to small sustained shifts. • CUSUM (Page, 1954): a two-sided tabular cumulative sum (CUSUM) control chart (k = 0.5, h = 5.0) on the monitored magnitude—the classic change-point chart, most sensitive to a small sustained mean shift such as slow degradation onset.",,
S14.003,sentence,,,Detectors,body,Detectors,"Deterministic. • Hotelling T 2 (Hotelling, 1947): computed in a principal component analysis (PCA)-reduced subspace (rank ≪ n) so the covariance is well-conditioned. • Isolation Forest (Liu et al., 2008): an unsupervised ensemble that isolates anomalies with few random splits. • Deep reconstruction baselines: an LSTM autoencoder (Malhotra et al., 2016), a Temporal Convolutional Network autoencoder (dilated causal convolutions), and a lightweight reconstruction Transformer (Vaswani et al., 2017).",,
S14.004,sentence,,,Detectors,body,Detectors,Each is trained on normal feature-window sequences only and scores a window by its reconstruction error.,,
S14.005,sentence,,,Detectors,body,Detectors,Additionally evaluated (not in the headline nine).,C012,
S14.006,sentence,,,Detectors,body,Detectors,"We also evaluate Deep SVDD (Ruff et al., 2018), a one-class deep model whose multi-layer perceptron (MLP) encoder maps normal data toward a fixed center and scores a window by its squared distance to that center, and one-class SVM (Schölkopf et al., 2001).",,
S14.007,sentence,,,Detectors,body,Detectors,"Deep SVDD produced no valid alarm on any FEMTO bearing at any training fraction below T = 0.60, and a valid alarm on exactly one of the six bearings at T = 0.60 (Section 6.12); it is omitted from the headline set; its full numbers are retained, unchanged, in the result tables throughout (Tables 2, 5, 8, 12, 13, and 15; Figure 6).",C012;C106,
S14.007.n01,number,0.60,0.60,Detectors,body,Detectors,"Deep SVDD produced no valid alarm on any FEMTO bearing at any training fraction below T = 0.60, and a valid alarm on exactly one of the six bearings at T = 0.60 (Section 6.12); it is omitted from the headline set; its full numbers are retained, unchanged, in the result tables throughout (Tables 2, 5, 8, 12, 13, and 15; Figure 6).",,
S14.007.n02,number,0.60,0.60,Detectors,body,Detectors,"Deep SVDD produced no valid alarm on any FEMTO bearing at any training fraction below T = 0.60, and a valid alarm on exactly one of the six bearings at T = 0.60 (Section 6.12); it is omitted from the headline set; its full numbers are retained, unchanged, in the result tables throughout (Tables 2, 5, 8, 12, 13, and 15; Figure 6).",,
S14.007.n03,number,15,15,Detectors,body,Detectors,"Deep SVDD produced no valid alarm on any FEMTO bearing at any training fraction below T = 0.60, and a valid alarm on exactly one of the six bearings at T = 0.60 (Section 6.12); it is omitted from the headline set; its full numbers are retained, unchanged, in the result tables throughout (Tables 2, 5, 8, 12, 13, and 15; Figure 6).",,
S14.008,sentence,,,Detectors,body,Detectors,"We keep it visible because it is the low-false-alarm operating point under the gated metric (Section 6.9, Table 12).",C084,
S14.009,sentence,,,Detectors,body,Detectors,"The deep sequence models carry a caveat: across bearings and training fractions these runs furnish between 20 and 335 normal training windows, with a median of 88 at the default split, so the models are data-starved.",C029,
S14.009.n01,number,20,20,Detectors,body,Detectors,"The deep sequence models carry a caveat: across bearings and training fractions these runs furnish between 20 and 335 normal training windows, with a median of 88 at the default split, so the models are data-starved.",,
S14.009.n02,number,335,335,Detectors,body,Detectors,"The deep sequence models carry a caveat: across bearings and training fractions these runs furnish between 20 and 335 normal training windows, with a median of 88 at the default split, so the models are data-starved.",,
S14.009.n03,number,88,88,Detectors,body,Detectors,"The deep sequence models carry a caveat: across bearings and training fractions these runs furnish between 20 and 335 normal training windows, with a median of 88 at the default split, so the models are data-starved.",,
S14.010,sentence,,,Detectors,body,Detectors,"We include them to provide a modern-baseline comparison and to determine whether a finite commissioning-data requirement makes deep reconstruction models competitive with SPC charts, and if so to quantify it (Section 6.12).",C051,
S14.011,sentence,,,Detectors,body,Detectors,"We do not tune them per-dataset, the same fixed-protocol fairness applied to the SPC charts.",C031,
S14.012,sentence,,,Detectors,body,Detectors,"On runs with fewer feature windows than the sequence length (short XJTU bearings, some coarse IMS factors) a sequence cannot be formed; we record that (run, detector) cell as an explicit N/A rather than dropping it silently.",C030,
S14.013,sentence,,,Detectors,body,Detectors,"All non-conformal detectors alarm via a percentile threshold on training scores followed by a persistence filter, so the alarm semantics are identical across detectors and only the score differs.",C068,
S15.001,sentence,,,Conformal Calibration,body,Conformal Calibration,"Table 11 reports the empirical pre-onset false-alarm rate of the conformal Isolation Forest against the target α on each IMS run, and Figure 4a plots it.",,
S15.002,sentence,,,Conformal Calibration,body,Conformal Calibration,"The distribution-free guarantee FAR ≤ α holds on test 2 (0% through α = 0.10) and is essentially satisfied on test 3 (0.9% at α = 0.01, 4.4% at α = 0.05, so it holds through α = 0.05, while slightly exceeding the bound at α = 0.10, where the empirical FAR is 13%).",C032;C085,
S15.002.n01,number,2,2,Conformal Calibration,body,Conformal Calibration,"The distribution-free guarantee FAR ≤ α holds on test 2 (0% through α = 0.10) and is essentially satisfied on test 3 (0.9% at α = 0.01, 4.4% at α = 0.05, so it holds through α = 0.05, while slightly exceeding the bound at α = 0.10, where the empirical FAR is 13%).",,
S15.002.n02,number,0%,0%,Conformal Calibration,body,Conformal Calibration,"The distribution-free guarantee FAR ≤ α holds on test 2 (0% through α = 0.10) and is essentially satisfied on test 3 (0.9% at α = 0.01, 4.4% at α = 0.05, so it holds through α = 0.05, while slightly exceeding the bound at α = 0.10, where the empirical FAR is 13%).",,
S15.002.n03,number,0.10,0.10,Conformal Calibration,body,Conformal Calibration,"The distribution-free guarantee FAR ≤ α holds on test 2 (0% through α = 0.10) and is essentially satisfied on test 3 (0.9% at α = 0.01, 4.4% at α = 0.05, so it holds through α = 0.05, while slightly exceeding the bound at α = 0.10, where the empirical FAR is 13%).",,
S15.002.n04,number,3,3,Conformal Calibration,body,Conformal Calibration,"The distribution-free guarantee FAR ≤ α holds on test 2 (0% through α = 0.10) and is essentially satisfied on test 3 (0.9% at α = 0.01, 4.4% at α = 0.05, so it holds through α = 0.05, while slightly exceeding the bound at α = 0.10, where the empirical FAR is 13%).",,
S15.002.n05,number,0.9%,0.9%,Conformal Calibration,body,Conformal Calibration,"The distribution-free guarantee FAR ≤ α holds on test 2 (0% through α = 0.10) and is essentially satisfied on test 3 (0.9% at α = 0.01, 4.4% at α = 0.05, so it holds through α = 0.05, while slightly exceeding the bound at α = 0.10, where the empirical FAR is 13%).",,
S15.002.n06,number,0.01,0.01,Conformal Calibration,body,Conformal Calibration,"The distribution-free guarantee FAR ≤ α holds on test 2 (0% through α = 0.10) and is essentially satisfied on test 3 (0.9% at α = 0.01, 4.4% at α = 0.05, so it holds through α = 0.05, while slightly exceeding the bound at α = 0.10, where the empirical FAR is 13%).",,
S15.002.n07,number,4.4%,4.4%,Conformal Calibration,body,Conformal Calibration,"The distribution-free guarantee FAR ≤ α holds on test 2 (0% through α = 0.10) and is essentially satisfied on test 3 (0.9% at α = 0.01, 4.4% at α = 0.05, so it holds through α = 0.05, while slightly exceeding the bound at α = 0.10, where the empirical FAR is 13%).",,
S15.002.n08,number,0.05,0.05,Conformal Calibration,body,Conformal Calibration,"The distribution-free guarantee FAR ≤ α holds on test 2 (0% through α = 0.10) and is essentially satisfied on test 3 (0.9% at α = 0.01, 4.4% at α = 0.05, so it holds through α = 0.05, while slightly exceeding the bound at α = 0.10, where the empirical FAR is 13%).",,
S15.002.n09,number,0.05,0.05,Conformal Calibration,body,Conformal Calibration,"The distribution-free guarantee FAR ≤ α holds on test 2 (0% through α = 0.10) and is essentially satisfied on test 3 (0.9% at α = 0.01, 4.4% at α = 0.05, so it holds through α = 0.05, while slightly exceeding the bound at α = 0.10, where the empirical FAR is 13%).",,
S15.002.n10,number,0.10,0.10,Conformal Calibration,body,Conformal Calibration,"The distribution-free guarantee FAR ≤ α holds on test 2 (0% through α = 0.10) and is essentially satisfied on test 3 (0.9% at α = 0.01, 4.4% at α = 0.05, so it holds through α = 0.05, while slightly exceeding the bound at α = 0.10, where the empirical FAR is 13%).",,
S15.002.n11,number,13%,13%,Conformal Calibration,body,Conformal Calibration,"The distribution-free guarantee FAR ≤ α holds on test 2 (0% through α = 0.10) and is essentially satisfied on test 3 (0.9% at α = 0.01, 4.4% at α = 0.05, so it holds through α = 0.05, while slightly exceeding the bound at α = 0.10, where the empirical FAR is 13%).",,
S15.003,sentence,,,Conformal Calibration,body,Conformal Calibration,"It is violated on test 1 for a principled reason that Table 3 already foretold: that run’s onset fires only ∼12 h before failure, so its “pre-onset” region spans almost the whole record and already contains degradation; exchangeability between the calibration and “normal” scores therefore fails, and the empirical FAR sits at 0.74-0.85 regardless of α.",C032;C085,
S15.003.n01,number,1,1,Conformal Calibration,body,Conformal Calibration,"It is violated on test 1 for a principled reason that Table 3 already foretold: that run’s onset fires only ∼12 h before failure, so its “pre-onset” region spans almost the whole record and already contains degradation; exchangeability between the calibration and “normal” scores therefore fails, and the empirical FAR sits at 0.74-0.85 regardless of α.",,
S15.003.n02,number,12,12,Conformal Calibration,body,Conformal Calibration,"It is violated on test 1 for a principled reason that Table 3 already foretold: that run’s onset fires only ∼12 h before failure, so its “pre-onset” region spans almost the whole record and already contains degradation; exchangeability between the calibration and “normal” scores therefore fails, and the empirical FAR sits at 0.74-0.85 regardless of α.",,
S15.003.n03,number,0.74,0.74,Conformal Calibration,body,Conformal Calibration,"It is violated on test 1 for a principled reason that Table 3 already foretold: that run’s onset fires only ∼12 h before failure, so its “pre-onset” region spans almost the whole record and already contains degradation; exchangeability between the calibration and “normal” scores therefore fails, and the empirical FAR sits at 0.74-0.85 regardless of α.",,
S15.003.n04,number,0.85,0.85,Conformal Calibration,body,Conformal Calibration,"It is violated on test 1 for a principled reason that Table 3 already foretold: that run’s onset fires only ∼12 h before failure, so its “pre-onset” region spans almost the whole record and already contains degradation; exchangeability between the calibration and “normal” scores therefore fails, and the empirical FAR sits at 0.74-0.85 regardless of α.",,
S15.004,sentence,,,Conformal Calibration,body,Conformal Calibration,"We report this run rather than discarding it, because it delimits exactly when the conformal guarantee is and is not usable in prognostics: it requires a genuinely stationary normal region, which an abrupt late-onset failure does not provide.",C086,
S15.005,sentence,,,Conformal Calibration,body,Conformal Calibration,The XJTU calibration (Figure 4b) tells the same story at scale: bearings with a substantial stationary pre-onset region (e.g.,,
S15.006,sentence,,,Conformal Calibration,body,Conformal Calibration,"Bearing2_3, calibrated through α = 0.05) honor the bound, while those with only one or two pre-onset windows, an artifact of the short XJTU lifetimes, cannot satisfy a finite-sample guarantee and are flagged uncalibrated rather than silently passed.",C086,
S15.006.n01,number,0.05,0.05,Conformal Calibration,body,Conformal Calibration,"Bearing2_3, calibrated through α = 0.05) honor the bound, while those with only one or two pre-onset windows, an artifact of the short XJTU lifetimes, cannot satisfy a finite-sample guarantee and are flagged uncalibrated rather than silently passed.",,
S15.007,sentence,,,Conformal Calibration,body,Conformal Calibration,The conformal machinery thus doubles as a per-asset usability test: it reports whether enough stationary normal data exists to control the false-alarm rate at all.,C086,
S15.008,sentence,,,Conformal Calibration,body,Conformal Calibration,FEMTO and ONGC calibration.,,
S15.009,sentence,,,Conformal Calibration,body,Conformal Calibration,The same per-asset usability test on FEMTO (Figure 4c) and the ONGC turbine (Figure 4d) confirms the pattern and its limits.,C086,
S15.010,sentence,,,Conformal Calibration,body,Conformal Calibration,"On FEMTO, no bearing honors the bound at α = 0.05 (empirical pre-onset FAR 0.08-0.56; pooled 0.27), because the short 1.4-7.8 h lifetimes leave a pre-onset region that is neither long nor stationary—the same reason the short XJTU bearings and IMS test 1 fail.",C019;C087,
S15.010.n01,number,0.05,0.05,Conformal Calibration,body,Conformal Calibration,"On FEMTO, no bearing honors the bound at α = 0.05 (empirical pre-onset FAR 0.08-0.56; pooled 0.27), because the short 1.4-7.8 h lifetimes leave a pre-onset region that is neither long nor stationary—the same reason the short XJTU bearings and IMS test 1 fail.",,
S15.010.n02,number,0.08,0.08,Conformal Calibration,body,Conformal Calibration,"On FEMTO, no bearing honors the bound at α = 0.05 (empirical pre-onset FAR 0.08-0.56; pooled 0.27), because the short 1.4-7.8 h lifetimes leave a pre-onset region that is neither long nor stationary—the same reason the short XJTU bearings and IMS test 1 fail.",,
S15.010.n03,number,0.56,0.56,Conformal Calibration,body,Conformal Calibration,"On FEMTO, no bearing honors the bound at α = 0.05 (empirical pre-onset FAR 0.08-0.56; pooled 0.27), because the short 1.4-7.8 h lifetimes leave a pre-onset region that is neither long nor stationary—the same reason the short XJTU bearings and IMS test 1 fail.",,
S15.010.n04,number,0.27,0.27,Conformal Calibration,body,Conformal Calibration,"On FEMTO, no bearing honors the bound at α = 0.05 (empirical pre-onset FAR 0.08-0.56; pooled 0.27), because the short 1.4-7.8 h lifetimes leave a pre-onset region that is neither long nor stationary—the same reason the short XJTU bearings and IMS test 1 fail.",,
S15.010.n05,number,1.4,1.4,Conformal Calibration,body,Conformal Calibration,"On FEMTO, no bearing honors the bound at α = 0.05 (empirical pre-onset FAR 0.08-0.56; pooled 0.27), because the short 1.4-7.8 h lifetimes leave a pre-onset region that is neither long nor stationary—the same reason the short XJTU bearings and IMS test 1 fail.",,
S15.010.n06,number,7.8,7.8,Conformal Calibration,body,Conformal Calibration,"On FEMTO, no bearing honors the bound at α = 0.05 (empirical pre-onset FAR 0.08-0.56; pooled 0.27), because the short 1.4-7.8 h lifetimes leave a pre-onset region that is neither long nor stationary—the same reason the short XJTU bearings and IMS test 1 fail.",,
S15.010.n07,number,1,1,Conformal Calibration,body,Conformal Calibration,"On FEMTO, no bearing honors the bound at α = 0.05 (empirical pre-onset FAR 0.08-0.56; pooled 0.27), because the short 1.4-7.8 h lifetimes leave a pre-onset region that is neither long nor stationary—the same reason the short XJTU bearings and IMS test 1 fail.",,
S15.011,sentence,,,Conformal Calibration,body,Conformal Calibration,"The two bearings with the most stationary normal region (Bearing2_2 at 0.08, Bearing1_2 at 0.10) come closest, while the abrupt Bearing1_1 (0.56) violates it badly—exactly the diagnostic the conformal machinery is meant to provide.",C086,
S15.011.n01,number,0.08,0.08,Conformal Calibration,body,Conformal Calibration,"The two bearings with the most stationary normal region (Bearing2_2 at 0.08, Bearing1_2 at 0.10) come closest, while the abrupt Bearing1_1 (0.56) violates it badly—exactly the diagnostic the conformal machinery is meant to provide.",,
S15.011.n02,number,0.10,0.10,Conformal Calibration,body,Conformal Calibration,"The two bearings with the most stationary normal region (Bearing2_2 at 0.08, Bearing1_2 at 0.10) come closest, while the abrupt Bearing1_1 (0.56) violates it badly—exactly the diagnostic the conformal machinery is meant to provide.",,
S15.011.n03,number,0.56,0.56,Conformal Calibration,body,Conformal Calibration,"The two bearings with the most stationary normal region (Bearing2_2 at 0.08, Bearing1_2 at 0.10) come closest, while the abrupt Bearing1_1 (0.56) violates it badly—exactly the diagnostic the conformal machinery is meant to provide.",,
S15.012,sentence,,,Conformal Calibration,body,Conformal Calibration,"On the real ONGC historian stream the single-asset calibration tracks the diagonal much more closely (empirical FAR 0.016, 0.030, 0.096 at α = 0.01, 0.02, 0.05), sitting a modest 1.5-2× above the target—consistent with a genuine, mostly-stationary operating record whose normal region only mildly violates exchangeability.",C014;C032;C088,
S15.012.n01,number,0.016,0.016,Conformal Calibration,body,Conformal Calibration,"On the real ONGC historian stream the single-asset calibration tracks the diagonal much more closely (empirical FAR 0.016, 0.030, 0.096 at α = 0.01, 0.02, 0.05), sitting a modest 1.5-2× above the target—consistent with a genuine, mostly-stationary operating record whose normal region only mildly violates exchangeability.",,
S15.012.n02,number,0.030,0.030,Conformal Calibration,body,Conformal Calibration,"On the real ONGC historian stream the single-asset calibration tracks the diagonal much more closely (empirical FAR 0.016, 0.030, 0.096 at α = 0.01, 0.02, 0.05), sitting a modest 1.5-2× above the target—consistent with a genuine, mostly-stationary operating record whose normal region only mildly violates exchangeability.",,
S15.012.n03,number,0.096,0.096,Conformal Calibration,body,Conformal Calibration,"On the real ONGC historian stream the single-asset calibration tracks the diagonal much more closely (empirical FAR 0.016, 0.030, 0.096 at α = 0.01, 0.02, 0.05), sitting a modest 1.5-2× above the target—consistent with a genuine, mostly-stationary operating record whose normal region only mildly violates exchangeability.",,
S15.012.n04,number,0.01,0.01,Conformal Calibration,body,Conformal Calibration,"On the real ONGC historian stream the single-asset calibration tracks the diagonal much more closely (empirical FAR 0.016, 0.030, 0.096 at α = 0.01, 0.02, 0.05), sitting a modest 1.5-2× above the target—consistent with a genuine, mostly-stationary operating record whose normal region only mildly violates exchangeability.",,
S15.012.n05,number,0.02,0.02,Conformal Calibration,body,Conformal Calibration,"On the real ONGC historian stream the single-asset calibration tracks the diagonal much more closely (empirical FAR 0.016, 0.030, 0.096 at α = 0.01, 0.02, 0.05), sitting a modest 1.5-2× above the target—consistent with a genuine, mostly-stationary operating record whose normal region only mildly violates exchangeability.",,
S15.012.n06,number,0.05,0.05,Conformal Calibration,body,Conformal Calibration,"On the real ONGC historian stream the single-asset calibration tracks the diagonal much more closely (empirical FAR 0.016, 0.030, 0.096 at α = 0.01, 0.02, 0.05), sitting a modest 1.5-2× above the target—consistent with a genuine, mostly-stationary operating record whose normal region only mildly violates exchangeability.",,
S15.012.n07,number,1.5,1.5,Conformal Calibration,body,Conformal Calibration,"On the real ONGC historian stream the single-asset calibration tracks the diagonal much more closely (empirical FAR 0.016, 0.030, 0.096 at α = 0.01, 0.02, 0.05), sitting a modest 1.5-2× above the target—consistent with a genuine, mostly-stationary operating record whose normal region only mildly violates exchangeability.",,
S15.012.n08,number,2,2,Conformal Calibration,body,Conformal Calibration,"On the real ONGC historian stream the single-asset calibration tracks the diagonal much more closely (empirical FAR 0.016, 0.030, 0.096 at α = 0.01, 0.02, 0.05), sitting a modest 1.5-2× above the target—consistent with a genuine, mostly-stationary operating record whose normal region only mildly violates exchangeability.",,
S15.013,sentence,,,Conformal Calibration,body,Conformal Calibration,"The conformal guarantee is therefore usable where a stationary normal region exists (ONGC, the longer IMS/XJTU bearings) and self-reports as invalid where it does not (short FEMTO/XJTU bearings, abrupt onsets).",C086,
S16.001,sentence,,,SCADA Sampling Sweep,body,SCADA Sampling Sweep,"We coarsen the time grid by a factor f ∈ {1, 2, 5, 10, 20} under two mechanisms: • aggregate: take the mean within each bin of width f , exactly as a SCADA historian stores a bin-averaged value; • decimate: keep every f -th sample and discard the rest.",,
S16.001.n01,number,1,1,SCADA Sampling Sweep,body,SCADA Sampling Sweep,"We coarsen the time grid by a factor f ∈ {1, 2, 5, 10, 20} under two mechanisms: • aggregate: take the mean within each bin of width f , exactly as a SCADA historian stores a bin-averaged value; • decimate: keep every f -th sample and discard the rest.",,
S16.001.n02,number,2,2,SCADA Sampling Sweep,body,SCADA Sampling Sweep,"We coarsen the time grid by a factor f ∈ {1, 2, 5, 10, 20} under two mechanisms: • aggregate: take the mean within each bin of width f , exactly as a SCADA historian stores a bin-averaged value; • decimate: keep every f -th sample and discard the rest.",,
S16.001.n03,number,5,5,SCADA Sampling Sweep,body,SCADA Sampling Sweep,"We coarsen the time grid by a factor f ∈ {1, 2, 5, 10, 20} under two mechanisms: • aggregate: take the mean within each bin of width f , exactly as a SCADA historian stores a bin-averaged value; • decimate: keep every f -th sample and discard the rest.",,
S16.001.n04,number,10,10,SCADA Sampling Sweep,body,SCADA Sampling Sweep,"We coarsen the time grid by a factor f ∈ {1, 2, 5, 10, 20} under two mechanisms: • aggregate: take the mean within each bin of width f , exactly as a SCADA historian stores a bin-averaged value; • decimate: keep every f -th sample and discard the rest.",,
S16.001.n05,number,20,20,SCADA Sampling Sweep,body,SCADA Sampling Sweep,"We coarsen the time grid by a factor f ∈ {1, 2, 5, 10, 20} under two mechanisms: • aggregate: take the mean within each bin of width f , exactly as a SCADA historian stores a bin-averaged value; • decimate: keep every f -th sample and discard the rest.",,
S16.002,sentence,,,SCADA Sampling Sweep,body,SCADA Sampling Sweep,"A naive sweep changes the window’s wall-clock span as f grows, which by itself alters lead time through a windowcounting artifact rather than information loss.",,
S16.003,sentence,,,SCADA Sampling Sweep,body,SCADA Sampling Sweep,Our controlled sweep holds window content and alarm persistence constant so that only the effective logging interval varies.,C033,
S16.004,sentence,,,SCADA Sampling Sweep,body,SCADA Sampling Sweep,This isolates the quantity of interest—does averaging lose fault-relevant information relative to decimation—from the confound.,,
S17.001,sentence,,,At What Level Coarsening Is Applied,body,At What Level Coarsening Is Applied,"The aggregate and decimate operations are different experiments depending on the level at which they act, so we state that level for each dataset.",,
S17.002,sentence,,,At What Level Coarsening Is Applied,body,At What Level Coarsening Is Applied,"On no dataset is the raw waveform coarsened: every loader reduces each snapshot to per-channel time-domain statistics at ingest, so the sweep operates on summary series throughout.",C034,
S17.003,sentence,,,At What Level Coarsening Is Applied,body,At What Level Coarsening Is Applied,"On IMS the sweep coarsens the windowed feature vectors, after rolling-window summarisation, which holds window content and alarm persistence constant as the effective logging interval varies.",C033,
S17.004,sentence,,,At What Level Coarsening Is Applied,body,At What Level Coarsening Is Applied,"On XJTU-SY, FEMTO/PRONOSTIA, University of Ferrara and ONGC the sweep coarsens the per-snapshot feature series: aggregate takes the mean of the summary statistics within each bin, and decimate retains every f -th snapshot.",,
S17.005,sentence,,,At What Level Coarsening Is Applied,body,At What Level Coarsening Is Applied,"This is the operation a historian performs—historians store summary statistics, not waveforms—and it is the operation our claim concerns.",C034,
S17.006,sentence,,,At What Level Coarsening Is Applied,body,At What Level Coarsening Is Applied,It is not a test of raw-signal averaging.,C034,
S17.007,sentence,,,At What Level Coarsening Is Applied,body,At What Level Coarsening Is Applied,"Averaging a raw waveform is a low-pass filter and does attenuate the impulsive transients that mark an incipient spall; we neither test nor dispute that, and Section 8 names it as the complementary study.",C075,
S17.008,sentence,,,At What Level Coarsening Is Applied,body,At What Level Coarsening Is Applied,"The ONGC record is the clearest case, since its channels are the historian stream and no coarsening is simulated at all.",,
S18.001,sentence,,,Statistical Protocol,body,Statistical Protocol,"Results are emitted in long format, one row per run × mode × factor × seed × method.",,
S18.002,sentence,,,Statistical Protocol,body,Statistical Protocol,"Confidence intervals are obtained by bootstrapping runs, which are the unit of generalization (resampling seeds would understate uncertainty).",C035,
S18.003,sentence,,,Statistical Protocol,body,Statistical Protocol,The run is the unit of inference.,C035,
S18.004,sentence,,,Statistical Protocol,body,Statistical Protocol,"A single physical bearing run produces one degradation trajectory; the five coarsening factors we apply to that run (f ∈ {1, 2, 5, 10, 20}) are not independent observations but repeated transformations of the same trajectory—statistical pseudoreplicates.",C035,
S18.004.n01,number,1,1,Statistical Protocol,body,Statistical Protocol,"A single physical bearing run produces one degradation trajectory; the five coarsening factors we apply to that run (f ∈ {1, 2, 5, 10, 20}) are not independent observations but repeated transformations of the same trajectory—statistical pseudoreplicates.",,
S18.004.n02,number,2,2,Statistical Protocol,body,Statistical Protocol,"A single physical bearing run produces one degradation trajectory; the five coarsening factors we apply to that run (f ∈ {1, 2, 5, 10, 20}) are not independent observations but repeated transformations of the same trajectory—statistical pseudoreplicates.",,
S18.004.n03,number,5,5,Statistical Protocol,body,Statistical Protocol,"A single physical bearing run produces one degradation trajectory; the five coarsening factors we apply to that run (f ∈ {1, 2, 5, 10, 20}) are not independent observations but repeated transformations of the same trajectory—statistical pseudoreplicates.",,
S18.004.n04,number,10,10,Statistical Protocol,body,Statistical Protocol,"A single physical bearing run produces one degradation trajectory; the five coarsening factors we apply to that run (f ∈ {1, 2, 5, 10, 20}) are not independent observations but repeated transformations of the same trajectory—statistical pseudoreplicates.",,
S18.004.n05,number,20,20,Statistical Protocol,body,Statistical Protocol,"A single physical bearing run produces one degradation trajectory; the five coarsening factors we apply to that run (f ∈ {1, 2, 5, 10, 20}) are not independent observations but repeated transformations of the same trajectory—statistical pseudoreplicates.",,
S18.005,sentence,,,Statistical Protocol,body,Statistical Protocol,Pooling them as 3 × 5 = 15 “pairs” per detector (as an earlier version of this work did) inflates the effective sample size fivefold and yields overconfident p-values.,C084;C109;C119,
S18.005.n01,number,3,3,Statistical Protocol,body,Statistical Protocol,Pooling them as 3 × 5 = 15 “pairs” per detector (as an earlier version of this work did) inflates the effective sample size fivefold and yields overconfident p-values.,,
S18.005.n02,number,5,5,Statistical Protocol,body,Statistical Protocol,Pooling them as 3 × 5 = 15 “pairs” per detector (as an earlier version of this work did) inflates the effective sample size fivefold and yields overconfident p-values.,,
S18.005.n03,number,15,15,Statistical Protocol,body,Statistical Protocol,Pooling them as 3 × 5 = 15 “pairs” per detector (as an earlier version of this work did) inflates the effective sample size fivefold and yields overconfident p-values.,,
S18.006,sentence,,,Statistical Protocol,body,Statistical Protocol,"We therefore collapse each run to a single difference, the mean of (aggregate - decimate) over factors, giving one observation per run: n = 3 on IMS, n = 10 on XJTU-SY, and n = 1 on ONGC (a single asset, for which we report descriptive differences only and draw no inference).",C014,
S18.006.n01,number,3,3,Statistical Protocol,body,Statistical Protocol,"We therefore collapse each run to a single difference, the mean of (aggregate - decimate) over factors, giving one observation per run: n = 3 on IMS, n = 10 on XJTU-SY, and n = 1 on ONGC (a single asset, for which we report descriptive differences only and draw no inference).",,
S18.006.n02,number,10,10,Statistical Protocol,body,Statistical Protocol,"We therefore collapse each run to a single difference, the mean of (aggregate - decimate) over factors, giving one observation per run: n = 3 on IMS, n = 10 on XJTU-SY, and n = 1 on ONGC (a single asset, for which we report descriptive differences only and draw no inference).",,
S18.006.n03,number,1,1,Statistical Protocol,body,Statistical Protocol,"We therefore collapse each run to a single difference, the mean of (aggregate - decimate) over factors, giving one observation per run: n = 3 on IMS, n = 10 on XJTU-SY, and n = 1 on ONGC (a single asset, for which we report descriptive differences only and draw no inference).",,
S18.007,sentence,,,Statistical Protocol,body,Statistical Protocol,"On the resulting run-level differences we apply an exact two- sided sign test (binomial, H0 : P (aggregate > decimate) = 1 2 ).",C036,
S18.007.n01,number,1,1,Statistical Protocol,body,Statistical Protocol,"On the resulting run-level differences we apply an exact two- sided sign test (binomial, H0 : P (aggregate > decimate) = 1 2 ).",,
S18.007.n02,number,2,2,Statistical Protocol,body,Statistical Protocol,"On the resulting run-level differences we apply an exact two- sided sign test (binomial, H0 : P (aggregate > decimate) = 1 2 ).",,
S18.008,sentence,,,Statistical Protocol,body,Statistical Protocol,"The sign test is assumption-light and the conservative choice at small n: it uses only the direction of each run’s dif- ference, making no normality or symmetry assumption that n = 3 could not support.",C036,
S18.008.n01,number,3,3,Statistical Protocol,body,Statistical Protocol,"The sign test is assumption-light and the conservative choice at small n: it uses only the direction of each run’s dif- ference, making no normality or symmetry assumption that n = 3 could not support.",,
S18.009,sentence,,,Statistical Protocol,body,Statistical Protocol,A parametric mixed-effects model with three random-effect levels would be over-fit and is de- liberately not used.,C036,
S18.010,sentence,,,Statistical Protocol,body,Statistical Protocol,"Note that the test cannot reach signifi- cance at n = 3: the most extreme outcome, all three runs concordant, gives p = 2( 1 2 )3 = 0.25.",,
S18.010.n01,number,3,3,Statistical Protocol,body,Statistical Protocol,"Note that the test cannot reach signifi- cance at n = 3: the most extreme outcome, all three runs concordant, gives p = 2( 1 2 )3 = 0.25.",,
S18.010.n02,number,2,2,Statistical Protocol,body,Statistical Protocol,"Note that the test cannot reach signifi- cance at n = 3: the most extreme outcome, all three runs concordant, gives p = 2( 1 2 )3 = 0.25.",,
S18.010.n03,number,1,1,Statistical Protocol,body,Statistical Protocol,"Note that the test cannot reach signifi- cance at n = 3: the most extreme outcome, all three runs concordant, gives p = 2( 1 2 )3 = 0.25.",,
S18.010.n04,number,2,2,Statistical Protocol,body,Statistical Protocol,"Note that the test cannot reach signifi- cance at n = 3: the most extreme outcome, all three runs concordant, gives p = 2( 1 2 )3 = 0.25.",,
S18.010.n05,number,3,3,Statistical Protocol,body,Statistical Protocol,"Note that the test cannot reach signifi- cance at n = 3: the most extreme outcome, all three runs concordant, gives p = 2( 1 2 )3 = 0.25.",,
S18.010.n06,number,0.25,0.25,Statistical Protocol,body,Statistical Protocol,"Note that the test cannot reach signifi- cance at n = 3: the most extreme outcome, all three runs concordant, gives p = 2( 1 2 )3 = 0.25.",,
S18.011,sentence,,,Statistical Protocol,body,Statistical Protocol,"We report this floor explicitly so that the IMS direction is read as a trend, not a significant effect.",C037,
S18.012,sentence,,,Statistical Protocol,body,Statistical Protocol,Runs whose mean (aggregate - deci- mate) difference is exactly zero after factor-collapsing are ex- cluded from the sign-test count; the n+ and n- tallies in Ta- ble 5 count only non-zero-difference runs.,C038,
S18.012.n01,number,5,5,Statistical Protocol,body,Statistical Protocol,Runs whose mean (aggregate - deci- mate) difference is exactly zero after factor-collapsing are ex- cluded from the sign-test count; the n+ and n- tallies in Ta- ble 5 count only non-zero-difference runs.,,
S18.013,sentence,,,Statistical Protocol,body,Statistical Protocol,"Across the detec- tor × dataset family of aggregate-vs-decimate tests (ONGC excluded, n = 1) we control the family-wise error rate with the Holm-Bonferroni step-down procedure at α = 0.05, stat- ing the family size N and the uncorrected FWER = 1 - (1 - α)N alongside.",C014;C039,
S18.013.n01,number,1,1,Statistical Protocol,body,Statistical Protocol,"Across the detec- tor × dataset family of aggregate-vs-decimate tests (ONGC excluded, n = 1) we control the family-wise error rate with the Holm-Bonferroni step-down procedure at α = 0.05, stat- ing the family size N and the uncorrected FWER = 1 - (1 - α)N alongside.",,
S18.013.n02,number,0.05,0.05,Statistical Protocol,body,Statistical Protocol,"Across the detec- tor × dataset family of aggregate-vs-decimate tests (ONGC excluded, n = 1) we control the family-wise error rate with the Holm-Bonferroni step-down procedure at α = 0.05, stat- ing the family size N and the uncorrected FWER = 1 - (1 - α)N alongside.",,
S18.013.n03,number,1,1,Statistical Protocol,body,Statistical Protocol,"Across the detec- tor × dataset family of aggregate-vs-decimate tests (ONGC excluded, n = 1) we control the family-wise error rate with the Holm-Bonferroni step-down procedure at α = 0.05, stat- ing the family size N and the uncorrected FWER = 1 - (1 - α)N alongside.",,
S18.013.n04,number,1,1,Statistical Protocol,body,Statistical Protocol,"Across the detec- tor × dataset family of aggregate-vs-decimate tests (ONGC excluded, n = 1) we control the family-wise error rate with the Holm-Bonferroni step-down procedure at α = 0.05, stat- ing the family size N and the uncorrected FWER = 1 - (1 - α)N alongside.",,
S18.014,sentence,,,Statistical Protocol,body,Statistical Protocol,"We use a single fixed hyperparameter proto- col throughout to avoid optimistic, per-condition tuning bias.",C031,
S19.001,sentence,,,Experimental Setup,body,Experimental Setup,"All experiments use a fixed random-seed protocol; stochastic detectors (Isolation Forest, the conformal wrapper) inject the seed explicitly so that runs are bit-reproducible.",C040,
S19.002,sentence,,,Experimental Setup,body,Experimental Setup,"The feature pipeline caches extracted features to Parquet so that the sampling sweep, ablations, calibration, and trade-off analyses all consume identical features.",C040,
S19.003,sentence,,,Experimental Setup,body,Experimental Setup,"The released environment is pinned to the exact package versions that produced the numbers reported here, and a test suite (168 tests) asserts the metric’s ungameability properties, the leakage-free onset, and the conformal factory.",C005;C006;C023;C040,
S19.003.n01,number,168,168,Experimental Setup,body,Experimental Setup,"The released environment is pinned to the exact package versions that produced the numbers reported here, and a test suite (168 tests) asserts the metric’s ungameability properties, the leakage-free onset, and the conformal factory.",,
S19.004,sentence,,,Experimental Setup,body,Experimental Setup,The figures and tables in this paper are generated directly from the released result tables; no number in this manuscript is hand-edited.,C040,
S20.001,sentence,,,Results,body,Results,We present IMS first for its raw-waveform access and the mechanism analysis it permits; XJTU-SY (n = 10) is the primary inferential test.,C015,
S20.001.n01,number,10,10,Results,body,Results,We present IMS first for its raw-waveform access and the mechanism analysis it permits; XJTU-SY (n = 10) is the primary inferential test.,,
S20.002,sentence,,,Results,body,Results,"Each subsection below states its own result, and Section 7 draws them together. 6.1.",,
S20.002.n01,number,6.1,6.1,Results,body,Results,"Each subsection below states its own result, and Section 7 draws them together. 6.1.",,
S20.003,sentence,,,Results,body,Results,Lead Time and Confidence Intervals on IMS,,
S21.001,sentence,,,Lead Time and Confidence Intervals on IMS,body,Lead Time and Confidence Intervals on IMS,"Table 2 reports the mean raw (ungated) detection lead time across the three IMS runs at full resolution, with 95% bootstrap confidence intervals obtained by resampling the n = 3 runs.",,
S21.001.n01,number,95%,95%,Lead Time and Confidence Intervals on IMS,body,Lead Time and Confidence Intervals on IMS,"Table 2 reports the mean raw (ungated) detection lead time across the three IMS runs at full resolution, with 95% bootstrap confidence intervals obtained by resampling the n = 3 runs.",,
S21.001.n02,number,3,3,Lead Time and Confidence Intervals on IMS,body,Lead Time and Confidence Intervals on IMS,"Table 2 reports the mean raw (ungated) detection lead time across the three IMS runs at full resolution, with 95% bootstrap confidence intervals obtained by resampling the n = 3 runs.",,
S21.002,sentence,,,Lead Time and Confidence Intervals on IMS,body,Lead Time and Confidence Intervals on IMS,"On raw lead alone the three deep reconstruction models top the table, followed by the one-class SVM, with Hotelling T 2 leading the control charts.",C059,
S21.003,sentence,,,Lead Time and Confidence Intervals on IMS,body,Lead Time and Confidence Intervals on IMS,"The false-alarm budget overturns exactly this ordering: the daggered detectors post their long leads only by flooding the pre-onset region, and have no valid operating point under τ = 10% (Table 13).",,
S21.003.n01,number,10%,10%,Lead Time and Confidence Intervals on IMS,body,Lead Time and Confidence Intervals on IMS,"The false-alarm budget overturns exactly this ordering: the daggered detectors post their long leads only by flooding the pre-onset region, and have no valid operating point under τ = 10% (Table 13).",,
S21.004,sentence,,,Lead Time and Confidence Intervals on IMS,body,Lead Time and Confidence Intervals on IMS,"Once the budget is enforced, 3σ and Deep SVDD are the deployable choices, a reordering we make precise as a formal comparison against the Saxena prognostic horizon in Section 6.11.",C056;C062,
S21.005,sentence,,,Lead Time and Confidence Intervals on IMS,body,Lead Time and Confidence Intervals on IMS,"The three deep reconstruction models post raw leads of 183- 198 h but score L = 0 on all three IMS runs (valid-alarm fraction 0/3), because at the 97.5th-percentile operating threshold their pre-onset FAR ranges from 61% on test 3 to 100% on tests 1-2, far above the τ = 10% budget.",C059;C060,
S21.005.n01,number,183,183,Lead Time and Confidence Intervals on IMS,body,Lead Time and Confidence Intervals on IMS,"The three deep reconstruction models post raw leads of 183- 198 h but score L = 0 on all three IMS runs (valid-alarm fraction 0/3), because at the 97.5th-percentile operating threshold their pre-onset FAR ranges from 61% on test 3 to 100% on tests 1-2, far above the τ = 10% budget.",,
S21.005.n02,number,198,198,Lead Time and Confidence Intervals on IMS,body,Lead Time and Confidence Intervals on IMS,"The three deep reconstruction models post raw leads of 183- 198 h but score L = 0 on all three IMS runs (valid-alarm fraction 0/3), because at the 97.5th-percentile operating threshold their pre-onset FAR ranges from 61% on test 3 to 100% on tests 1-2, far above the τ = 10% budget.",,
S21.005.n03,number,0,0,Lead Time and Confidence Intervals on IMS,body,Lead Time and Confidence Intervals on IMS,"The three deep reconstruction models post raw leads of 183- 198 h but score L = 0 on all three IMS runs (valid-alarm fraction 0/3), because at the 97.5th-percentile operating threshold their pre-onset FAR ranges from 61% on test 3 to 100% on tests 1-2, far above the τ = 10% budget.",,
S21.005.n04,number,0/3,0/3,Lead Time and Confidence Intervals on IMS,body,Lead Time and Confidence Intervals on IMS,"The three deep reconstruction models post raw leads of 183- 198 h but score L = 0 on all three IMS runs (valid-alarm fraction 0/3), because at the 97.5th-percentile operating threshold their pre-onset FAR ranges from 61% on test 3 to 100% on tests 1-2, far above the τ = 10% budget.",,
S21.005.n05,number,97.5,97.5,Lead Time and Confidence Intervals on IMS,body,Lead Time and Confidence Intervals on IMS,"The three deep reconstruction models post raw leads of 183- 198 h but score L = 0 on all three IMS runs (valid-alarm fraction 0/3), because at the 97.5th-percentile operating threshold their pre-onset FAR ranges from 61% on test 3 to 100% on tests 1-2, far above the τ = 10% budget.",,
S21.005.n06,number,61%,61%,Lead Time and Confidence Intervals on IMS,body,Lead Time and Confidence Intervals on IMS,"The three deep reconstruction models post raw leads of 183- 198 h but score L = 0 on all three IMS runs (valid-alarm fraction 0/3), because at the 97.5th-percentile operating threshold their pre-onset FAR ranges from 61% on test 3 to 100% on tests 1-2, far above the τ = 10% budget.",,
S21.005.n07,number,3,3,Lead Time and Confidence Intervals on IMS,body,Lead Time and Confidence Intervals on IMS,"The three deep reconstruction models post raw leads of 183- 198 h but score L = 0 on all three IMS runs (valid-alarm fraction 0/3), because at the 97.5th-percentile operating threshold their pre-onset FAR ranges from 61% on test 3 to 100% on tests 1-2, far above the τ = 10% budget.",,
S21.005.n08,number,100%,100%,Lead Time and Confidence Intervals on IMS,body,Lead Time and Confidence Intervals on IMS,"The three deep reconstruction models post raw leads of 183- 198 h but score L = 0 on all three IMS runs (valid-alarm fraction 0/3), because at the 97.5th-percentile operating threshold their pre-onset FAR ranges from 61% on test 3 to 100% on tests 1-2, far above the τ = 10% budget.",,
S21.005.n09,number,1,1,Lead Time and Confidence Intervals on IMS,body,Lead Time and Confidence Intervals on IMS,"The three deep reconstruction models post raw leads of 183- 198 h but score L = 0 on all three IMS runs (valid-alarm fraction 0/3), because at the 97.5th-percentile operating threshold their pre-onset FAR ranges from 61% on test 3 to 100% on tests 1-2, far above the τ = 10% budget.",,
S21.005.n10,number,2,2,Lead Time and Confidence Intervals on IMS,body,Lead Time and Confidence Intervals on IMS,"The three deep reconstruction models post raw leads of 183- 198 h but score L = 0 on all three IMS runs (valid-alarm fraction 0/3), because at the 97.5th-percentile operating threshold their pre-onset FAR ranges from 61% on test 3 to 100% on tests 1-2, far above the τ = 10% budget.",,
S21.005.n11,number,10%,10%,Lead Time and Confidence Intervals on IMS,body,Lead Time and Confidence Intervals on IMS,"The three deep reconstruction models post raw leads of 183- 198 h but score L = 0 on all three IMS runs (valid-alarm fraction 0/3), because at the 97.5th-percentile operating threshold their pre-onset FAR ranges from 61% on test 3 to 100% on tests 1-2, far above the τ = 10% budget.",,
S21.006,sentence,,,Lead Time and Confidence Intervals on IMS,body,Lead Time and Confidence Intervals on IMS,"Sweeping the alarm threshold changes this only once: across the percentiles of Table 13, which lists all three deep reconstruction models as rows, TCN-AE and Transformer-AD attain no valid operating point at any level tested, while LSTM-AE attains one at the 99.5th percentile on test 3 alone (59.7 h of lead at 4.19% preonset FAR, unchanged across ten random seeds), leaving its valid-alarm fraction at 1/3.",C061,
S21.006.n01,number,99.5,99.5,Lead Time and Confidence Intervals on IMS,body,Lead Time and Confidence Intervals on IMS,"Sweeping the alarm threshold changes this only once: across the percentiles of Table 13, which lists all three deep reconstruction models as rows, TCN-AE and Transformer-AD attain no valid operating point at any level tested, while LSTM-AE attains one at the 99.5th percentile on test 3 alone (59.7 h of lead at 4.19% preonset FAR, unchanged across ten random seeds), leaving its valid-alarm fraction at 1/3.",,
S21.006.n02,number,3,3,Lead Time and Confidence Intervals on IMS,body,Lead Time and Confidence Intervals on IMS,"Sweeping the alarm threshold changes this only once: across the percentiles of Table 13, which lists all three deep reconstruction models as rows, TCN-AE and Transformer-AD attain no valid operating point at any level tested, while LSTM-AE attains one at the 99.5th percentile on test 3 alone (59.7 h of lead at 4.19% preonset FAR, unchanged across ten random seeds), leaving its valid-alarm fraction at 1/3.",,
S21.006.n03,number,59.7,59.7,Lead Time and Confidence Intervals on IMS,body,Lead Time and Confidence Intervals on IMS,"Sweeping the alarm threshold changes this only once: across the percentiles of Table 13, which lists all three deep reconstruction models as rows, TCN-AE and Transformer-AD attain no valid operating point at any level tested, while LSTM-AE attains one at the 99.5th percentile on test 3 alone (59.7 h of lead at 4.19% preonset FAR, unchanged across ten random seeds), leaving its valid-alarm fraction at 1/3.",,
S21.006.n04,number,4.19%,4.19%,Lead Time and Confidence Intervals on IMS,body,Lead Time and Confidence Intervals on IMS,"Sweeping the alarm threshold changes this only once: across the percentiles of Table 13, which lists all three deep reconstruction models as rows, TCN-AE and Transformer-AD attain no valid operating point at any level tested, while LSTM-AE attains one at the 99.5th percentile on test 3 alone (59.7 h of lead at 4.19% preonset FAR, unchanged across ten random seeds), leaving its valid-alarm fraction at 1/3.",,
S21.006.n05,number,1/3,1/3,Lead Time and Confidence Intervals on IMS,body,Lead Time and Confidence Intervals on IMS,"Sweeping the alarm threshold changes this only once: across the percentiles of Table 13, which lists all three deep reconstruction models as rows, TCN-AE and Transformer-AD attain no valid operating point at any level tested, while LSTM-AE attains one at the 99.5th percentile on test 3 alone (59.7 h of lead at 4.19% preonset FAR, unchanged across ten random seeds), leaving its valid-alarm fraction at 1/3.",,
S21.007,sentence,,,Lead Time and Confidence Intervals on IMS,body,Lead Time and Confidence Intervals on IMS,The intervals are wide; this is the consequence of n = 3 and is precisely why we add ONGC and the ten XJTU bearings next.,,
S21.007.n01,number,3,3,Lead Time and Confidence Intervals on IMS,body,Lead Time and Confidence Intervals on IMS,The intervals are wide; this is the consequence of n = 3 and is precisely why we add ONGC and the ten XJTU bearings next.,,
S21.008,sentence,,,Lead Time and Confidence Intervals on IMS,body,Lead Time and Confidence Intervals on IMS,"Figure 1 shows the leakagefree onset and failure markers on a representative run, with the shaded training region from which all baseline statistics are computed. 6.2.",,
S21.008.n01,number,6.2,6.2,Lead Time and Confidence Intervals on IMS,body,Lead Time and Confidence Intervals on IMS,"Figure 1 shows the leakagefree onset and failure markers on a representative run, with the shaded training region from which all baseline statistics are computed. 6.2.",,
S21.009,sentence,,,Lead Time and Confidence Intervals on IMS,body,Lead Time and Confidence Intervals on IMS,Sensitivity of the Onset Definition,,
S22.001,sentence,,,Sensitivity of the Onset Definition,body,Sensitivity of the Onset Definition,Onset stability on IMS.,,
S22.002,sentence,,,Sensitivity of the Onset Definition,body,Sensitivity of the Onset Definition,Table 3 sweeps the threshold multiplier k of Eq.,,
S22.003,sentence,,,Sensitivity of the Onset Definition,body,Sensitivity of the Onset Definition,(2) for the default health indicator.,,
S22.003.n01,number,2,2,Sensitivity of the Onset Definition,body,Sensitivity of the Onset Definition,(2) for the default health indicator.,,
S22.004,sentence,,,Sensitivity of the Onset Definition,body,Sensitivity of the Onset Definition,"Across k ∈ {3, 4, 5} the onset moves by less than two percent of run span on every run.",C063,
S22.004.n01,number,3,3,Sensitivity of the Onset Definition,body,Sensitivity of the Onset Definition,"Across k ∈ {3, 4, 5} the onset moves by less than two percent of run span on every run.",,
S22.004.n02,number,4,4,Sensitivity of the Onset Definition,body,Sensitivity of the Onset Definition,"Across k ∈ {3, 4, 5} the onset moves by less than two percent of run span on every run.",,
S22.004.n03,number,5,5,Sensitivity of the Onset Definition,body,Sensitivity of the Onset Definition,"Across k ∈ {3, 4, 5} the onset moves by less than two percent of run span on every run.",,
S22.005,sentence,,,Sensitivity of the Onset Definition,body,Sensitivity of the Onset Definition,"The table also exposes a structural fact about the first IMS test: its onset sits at ∼98% of run span, only ∼12.9 h before failure, so its “pre-onset” region is almost the entire record and may already contain early degradation—which returns to explain the conformal result below.",C064,
S22.005.n01,number,98%,98%,Sensitivity of the Onset Definition,body,Sensitivity of the Onset Definition,"The table also exposes a structural fact about the first IMS test: its onset sits at ∼98% of run span, only ∼12.9 h before failure, so its “pre-onset” region is almost the entire record and may already contain early degradation—which returns to explain the conformal result below.",,
S22.005.n02,number,12.9,12.9,Sensitivity of the Onset Definition,body,Sensitivity of the Onset Definition,"The table also exposes a structural fact about the first IMS test: its onset sits at ∼98% of run span, only ∼12.9 h before failure, so its “pre-onset” region is almost the entire record and may already contain early degradation—which returns to explain the conformal result below.",,
S22.006,sentence,,,Sensitivity of the Onset Definition,body,Sensitivity of the Onset Definition,Short-bearing onset stability (XJTU and FEMTO).,,
S22.007,sentence,,,Sensitivity of the Onset Definition,body,Sensitivity of the Onset Definition,"Because the fixed-sample onset parameters (persistence 5, gap tolerance 10) are a larger fraction of a sub-2-hour bearing than of a multi-week IMS run, we repeat the k ∈ {3, 4, 5} sweep on all sixteen short bearings.",C065,
S22.007.n01,number,5,5,Sensitivity of the Onset Definition,body,Sensitivity of the Onset Definition,"Because the fixed-sample onset parameters (persistence 5, gap tolerance 10) are a larger fraction of a sub-2-hour bearing than of a multi-week IMS run, we repeat the k ∈ {3, 4, 5} sweep on all sixteen short bearings.",,
S22.007.n02,number,10,10,Sensitivity of the Onset Definition,body,Sensitivity of the Onset Definition,"Because the fixed-sample onset parameters (persistence 5, gap tolerance 10) are a larger fraction of a sub-2-hour bearing than of a multi-week IMS run, we repeat the k ∈ {3, 4, 5} sweep on all sixteen short bearings.",,
S22.007.n03,number,2,2,Sensitivity of the Onset Definition,body,Sensitivity of the Onset Definition,"Because the fixed-sample onset parameters (persistence 5, gap tolerance 10) are a larger fraction of a sub-2-hour bearing than of a multi-week IMS run, we repeat the k ∈ {3, 4, 5} sweep on all sixteen short bearings.",,
S22.007.n04,number,3,3,Sensitivity of the Onset Definition,body,Sensitivity of the Onset Definition,"Because the fixed-sample onset parameters (persistence 5, gap tolerance 10) are a larger fraction of a sub-2-hour bearing than of a multi-week IMS run, we repeat the k ∈ {3, 4, 5} sweep on all sixteen short bearings.",,
S22.007.n05,number,4,4,Sensitivity of the Onset Definition,body,Sensitivity of the Onset Definition,"Because the fixed-sample onset parameters (persistence 5, gap tolerance 10) are a larger fraction of a sub-2-hour bearing than of a multi-week IMS run, we repeat the k ∈ {3, 4, 5} sweep on all sixteen short bearings.",,
S22.007.n06,number,5,5,Sensitivity of the Onset Definition,body,Sensitivity of the Onset Definition,"Because the fixed-sample onset parameters (persistence 5, gap tolerance 10) are a larger fraction of a sub-2-hour bearing than of a multi-week IMS run, we repeat the k ∈ {3, 4, 5} sweep on all sixteen short bearings.",,
S22.008,sentence,,,Sensitivity of the Onset Definition,body,Sensitivity of the Onset Definition,"Every one yields an onset at the default k, including the shortest runs (XJTU Bearing2_4 at 42 min, FEMTO Bearing3_1 at 1.43 h), and the median across-k spread is 1.0 percentage points of run span on XJTU and 0.15 on FEMTO, versus 1.6 on IMS.",C065,
S22.008.n01,number,42,42,Sensitivity of the Onset Definition,body,Sensitivity of the Onset Definition,"Every one yields an onset at the default k, including the shortest runs (XJTU Bearing2_4 at 42 min, FEMTO Bearing3_1 at 1.43 h), and the median across-k spread is 1.0 percentage points of run span on XJTU and 0.15 on FEMTO, versus 1.6 on IMS.",,
S22.008.n02,number,1.43,1.43,Sensitivity of the Onset Definition,body,Sensitivity of the Onset Definition,"Every one yields an onset at the default k, including the shortest runs (XJTU Bearing2_4 at 42 min, FEMTO Bearing3_1 at 1.43 h), and the median across-k spread is 1.0 percentage points of run span on XJTU and 0.15 on FEMTO, versus 1.6 on IMS.",,
S22.008.n03,number,1.0,1.0,Sensitivity of the Onset Definition,body,Sensitivity of the Onset Definition,"Every one yields an onset at the default k, including the shortest runs (XJTU Bearing2_4 at 42 min, FEMTO Bearing3_1 at 1.43 h), and the median across-k spread is 1.0 percentage points of run span on XJTU and 0.15 on FEMTO, versus 1.6 on IMS.",,
S22.008.n04,number,0.15,0.15,Sensitivity of the Onset Definition,body,Sensitivity of the Onset Definition,"Every one yields an onset at the default k, including the shortest runs (XJTU Bearing2_4 at 42 min, FEMTO Bearing3_1 at 1.43 h), and the median across-k spread is 1.0 percentage points of run span on XJTU and 0.15 on FEMTO, versus 1.6 on IMS.",,
S22.008.n05,number,1.6,1.6,Sensitivity of the Onset Definition,body,Sensitivity of the Onset Definition,"Every one yields an onset at the default k, including the shortest runs (XJTU Bearing2_4 at 42 min, FEMTO Bearing3_1 at 1.43 h), and the median across-k spread is 1.0 percentage points of run span on XJTU and 0.15 on FEMTO, versus 1.6 on IMS.",,
S22.009,sentence,,,Sensitivity of the Onset Definition,body,Sensitivity of the Onset Definition,"Two exceptions: XJTU Bearing1_2 fires at only one of the three k values, and FEMTO Bearing1_1 has the widest spread (8.9 points)—both short-lived bearings the per-bearing analysis already flags as hard.",C019;C065,
S22.009.n01,number,8.9,8.9,Sensitivity of the Onset Definition,body,Sensitivity of the Onset Definition,"Two exceptions: XJTU Bearing1_2 fires at only one of the three k values, and FEMTO Bearing1_1 has the widest spread (8.9 points)—both short-lived bearings the per-bearing analysis already flags as hard.",,
S22.010,sentence,,,Sensitivity of the Onset Definition,body,Sensitivity of the Onset Definition,Onset under a decoupled health indicator.,C066,
S22.011,sentence,,,Sensitivity of the Onset Definition,body,Sensitivity of the Onset Definition,"The default onset indicator shares its RMS/kurtosis basis with the detectors’ own features, so onset and detection are not fully independent (Section 8).",,
S22.012,sentence,,,Sensitivity of the Onset Definition,body,Sensitivity of the Onset Definition,"Recomputing the onset under a kurtosis-only indicator and under the first principal component of the health channels (Table 3, right) gives a two-sided answer.",,
S22.013,sentence,,,Sensitivity of the Onset Definition,body,Sensitivity of the Onset Definition,"The onset is not invariant: on the slow-degrading runs a kurtosis-only onset fires much later than the RMS-inclusive default (98.8% vs 61.9% of span on test 2), because amplitude rises before impulsiveness there, so absolute lead magnitudes do depend on the indicator.",C066,
S22.013.n01,number,98.8%,98.8%,Sensitivity of the Onset Definition,body,Sensitivity of the Onset Definition,"The onset is not invariant: on the slow-degrading runs a kurtosis-only onset fires much later than the RMS-inclusive default (98.8% vs 61.9% of span on test 2), because amplitude rises before impulsiveness there, so absolute lead magnitudes do depend on the indicator.",,
S22.013.n02,number,61.9%,61.9%,Sensitivity of the Onset Definition,body,Sensitivity of the Onset Definition,"The onset is not invariant: on the slow-degrading runs a kurtosis-only onset fires much later than the RMS-inclusive default (98.8% vs 61.9% of span on test 2), because amplitude rises before impulsiveness there, so absolute lead magnitudes do depend on the indicator.",,
S22.013.n03,number,2,2,Sensitivity of the Onset Definition,body,Sensitivity of the Onset Definition,"The onset is not invariant: on the slow-degrading runs a kurtosis-only onset fires much later than the RMS-inclusive default (98.8% vs 61.9% of span on test 2), because amplitude rises before impulsiveness there, so absolute lead magnitudes do depend on the indicator.",,
S22.014,sentence,,,Sensitivity of the Onset Definition,body,Sensitivity of the Onset Definition,"The headline is unaffected: the aggregate-vs-decimate contrast is computed on raw lead time (Section 4.9), which contains no onset term.",C067,
S22.015,sentence,,,Sensitivity of the Onset Definition,body,Sensitivity of the Onset Definition,Test 1 agrees across all three definitions (∼98-99% of span).,C064,
S22.015.n01,number,1,1,Sensitivity of the Onset Definition,body,Sensitivity of the Onset Definition,Test 1 agrees across all three definitions (∼98-99% of span).,,
S22.015.n02,number,98,98,Sensitivity of the Onset Definition,body,Sensitivity of the Onset Definition,Test 1 agrees across all three definitions (∼98-99% of span).,,
S22.015.n03,number,99%,99%,Sensitivity of the Onset Definition,body,Sensitivity of the Onset Definition,Test 1 agrees across all three definitions (∼98-99% of span).,,
S22.016,sentence,,,Sensitivity of the Onset Definition,body,Sensitivity of the Onset Definition,"Sweeping the persistence filter (default 3 windows) over {1, 3, 5, 10} on IMS (Table 4a) leaves the median direction stable but not its run-level consistency: 3σ has one negative run at the default (n+/n- = 2/1, 3/0 elsewhere), EWMA is 2/1 at persistence 1, 3 and 5 and 3/0 only at 10, and Isolation Forest turns slightly negative at persistence 5 (-0.8 h).",C042;C068,
S22.016.n01,number,3,3,Sensitivity of the Onset Definition,body,Sensitivity of the Onset Definition,"Sweeping the persistence filter (default 3 windows) over {1, 3, 5, 10} on IMS (Table 4a) leaves the median direction stable but not its run-level consistency: 3σ has one negative run at the default (n+/n- = 2/1, 3/0 elsewhere), EWMA is 2/1 at persistence 1, 3 and 5 and 3/0 only at 10, and Isolation Forest turns slightly negative at persistence 5 (-0.8 h).",,
S22.016.n02,number,1,1,Sensitivity of the Onset Definition,body,Sensitivity of the Onset Definition,"Sweeping the persistence filter (default 3 windows) over {1, 3, 5, 10} on IMS (Table 4a) leaves the median direction stable but not its run-level consistency: 3σ has one negative run at the default (n+/n- = 2/1, 3/0 elsewhere), EWMA is 2/1 at persistence 1, 3 and 5 and 3/0 only at 10, and Isolation Forest turns slightly negative at persistence 5 (-0.8 h).",,
S22.016.n03,number,3,3,Sensitivity of the Onset Definition,body,Sensitivity of the Onset Definition,"Sweeping the persistence filter (default 3 windows) over {1, 3, 5, 10} on IMS (Table 4a) leaves the median direction stable but not its run-level consistency: 3σ has one negative run at the default (n+/n- = 2/1, 3/0 elsewhere), EWMA is 2/1 at persistence 1, 3 and 5 and 3/0 only at 10, and Isolation Forest turns slightly negative at persistence 5 (-0.8 h).",,
S22.016.n04,number,5,5,Sensitivity of the Onset Definition,body,Sensitivity of the Onset Definition,"Sweeping the persistence filter (default 3 windows) over {1, 3, 5, 10} on IMS (Table 4a) leaves the median direction stable but not its run-level consistency: 3σ has one negative run at the default (n+/n- = 2/1, 3/0 elsewhere), EWMA is 2/1 at persistence 1, 3 and 5 and 3/0 only at 10, and Isolation Forest turns slightly negative at persistence 5 (-0.8 h).",,
S22.016.n05,number,10,10,Sensitivity of the Onset Definition,body,Sensitivity of the Onset Definition,"Sweeping the persistence filter (default 3 windows) over {1, 3, 5, 10} on IMS (Table 4a) leaves the median direction stable but not its run-level consistency: 3σ has one negative run at the default (n+/n- = 2/1, 3/0 elsewhere), EWMA is 2/1 at persistence 1, 3 and 5 and 3/0 only at 10, and Isolation Forest turns slightly negative at persistence 5 (-0.8 h).",,
S22.016.n06,number,2/1,2/1,Sensitivity of the Onset Definition,body,Sensitivity of the Onset Definition,"Sweeping the persistence filter (default 3 windows) over {1, 3, 5, 10} on IMS (Table 4a) leaves the median direction stable but not its run-level consistency: 3σ has one negative run at the default (n+/n- = 2/1, 3/0 elsewhere), EWMA is 2/1 at persistence 1, 3 and 5 and 3/0 only at 10, and Isolation Forest turns slightly negative at persistence 5 (-0.8 h).",,
S22.016.n07,number,3/0,3/0,Sensitivity of the Onset Definition,body,Sensitivity of the Onset Definition,"Sweeping the persistence filter (default 3 windows) over {1, 3, 5, 10} on IMS (Table 4a) leaves the median direction stable but not its run-level consistency: 3σ has one negative run at the default (n+/n- = 2/1, 3/0 elsewhere), EWMA is 2/1 at persistence 1, 3 and 5 and 3/0 only at 10, and Isolation Forest turns slightly negative at persistence 5 (-0.8 h).",,
S22.016.n08,number,2/1,2/1,Sensitivity of the Onset Definition,body,Sensitivity of the Onset Definition,"Sweeping the persistence filter (default 3 windows) over {1, 3, 5, 10} on IMS (Table 4a) leaves the median direction stable but not its run-level consistency: 3σ has one negative run at the default (n+/n- = 2/1, 3/0 elsewhere), EWMA is 2/1 at persistence 1, 3 and 5 and 3/0 only at 10, and Isolation Forest turns slightly negative at persistence 5 (-0.8 h).",,
S22.016.n09,number,1,1,Sensitivity of the Onset Definition,body,Sensitivity of the Onset Definition,"Sweeping the persistence filter (default 3 windows) over {1, 3, 5, 10} on IMS (Table 4a) leaves the median direction stable but not its run-level consistency: 3σ has one negative run at the default (n+/n- = 2/1, 3/0 elsewhere), EWMA is 2/1 at persistence 1, 3 and 5 and 3/0 only at 10, and Isolation Forest turns slightly negative at persistence 5 (-0.8 h).",,
S22.016.n10,number,3,3,Sensitivity of the Onset Definition,body,Sensitivity of the Onset Definition,"Sweeping the persistence filter (default 3 windows) over {1, 3, 5, 10} on IMS (Table 4a) leaves the median direction stable but not its run-level consistency: 3σ has one negative run at the default (n+/n- = 2/1, 3/0 elsewhere), EWMA is 2/1 at persistence 1, 3 and 5 and 3/0 only at 10, and Isolation Forest turns slightly negative at persistence 5 (-0.8 h).",,
S22.016.n11,number,5,5,Sensitivity of the Onset Definition,body,Sensitivity of the Onset Definition,"Sweeping the persistence filter (default 3 windows) over {1, 3, 5, 10} on IMS (Table 4a) leaves the median direction stable but not its run-level consistency: 3σ has one negative run at the default (n+/n- = 2/1, 3/0 elsewhere), EWMA is 2/1 at persistence 1, 3 and 5 and 3/0 only at 10, and Isolation Forest turns slightly negative at persistence 5 (-0.8 h).",,
S22.016.n12,number,3/0,3/0,Sensitivity of the Onset Definition,body,Sensitivity of the Onset Definition,"Sweeping the persistence filter (default 3 windows) over {1, 3, 5, 10} on IMS (Table 4a) leaves the median direction stable but not its run-level consistency: 3σ has one negative run at the default (n+/n- = 2/1, 3/0 elsewhere), EWMA is 2/1 at persistence 1, 3 and 5 and 3/0 only at 10, and Isolation Forest turns slightly negative at persistence 5 (-0.8 h).",,
S22.016.n13,number,10,10,Sensitivity of the Onset Definition,body,Sensitivity of the Onset Definition,"Sweeping the persistence filter (default 3 windows) over {1, 3, 5, 10} on IMS (Table 4a) leaves the median direction stable but not its run-level consistency: 3σ has one negative run at the default (n+/n- = 2/1, 3/0 elsewhere), EWMA is 2/1 at persistence 1, 3 and 5 and 3/0 only at 10, and Isolation Forest turns slightly negative at persistence 5 (-0.8 h).",,
S22.016.n14,number,5,5,Sensitivity of the Onset Definition,body,Sensitivity of the Onset Definition,"Sweeping the persistence filter (default 3 windows) over {1, 3, 5, 10} on IMS (Table 4a) leaves the median direction stable but not its run-level consistency: 3σ has one negative run at the default (n+/n- = 2/1, 3/0 elsewhere), EWMA is 2/1 at persistence 1, 3 and 5 and 3/0 only at 10, and Isolation Forest turns slightly negative at persistence 5 (-0.8 h).",,
S22.016.n15,number,-0.8,-0.8,Sensitivity of the Onset Definition,body,Sensitivity of the Onset Definition,"Sweeping the persistence filter (default 3 windows) over {1, 3, 5, 10} on IMS (Table 4a) leaves the median direction stable but not its run-level consistency: 3σ has one negative run at the default (n+/n- = 2/1, 3/0 elsewhere), EWMA is 2/1 at persistence 1, 3 and 5 and 3/0 only at 10, and Isolation Forest turns slightly negative at persistence 5 (-0.8 h).",,
S22.017,sentence,,,Sensitivity of the Onset Definition,body,Sensitivity of the Onset Definition,"The 3σ valid-alarm fraction is 0.67 at every persistence at full resolution; pooled over the sampling sweep it falls from 0.67 at persistence 1 and 3 to 0.53 at 5 and 0.33 at 10, so a longer filter costs the deployable chart valid alarms at SCADA rates.",C045;C062;C068,
S22.017.n01,number,0.67,0.67,Sensitivity of the Onset Definition,body,Sensitivity of the Onset Definition,"The 3σ valid-alarm fraction is 0.67 at every persistence at full resolution; pooled over the sampling sweep it falls from 0.67 at persistence 1 and 3 to 0.53 at 5 and 0.33 at 10, so a longer filter costs the deployable chart valid alarms at SCADA rates.",,
S22.017.n02,number,0.67,0.67,Sensitivity of the Onset Definition,body,Sensitivity of the Onset Definition,"The 3σ valid-alarm fraction is 0.67 at every persistence at full resolution; pooled over the sampling sweep it falls from 0.67 at persistence 1 and 3 to 0.53 at 5 and 0.33 at 10, so a longer filter costs the deployable chart valid alarms at SCADA rates.",,
S22.017.n03,number,1,1,Sensitivity of the Onset Definition,body,Sensitivity of the Onset Definition,"The 3σ valid-alarm fraction is 0.67 at every persistence at full resolution; pooled over the sampling sweep it falls from 0.67 at persistence 1 and 3 to 0.53 at 5 and 0.33 at 10, so a longer filter costs the deployable chart valid alarms at SCADA rates.",,
S22.017.n04,number,3,3,Sensitivity of the Onset Definition,body,Sensitivity of the Onset Definition,"The 3σ valid-alarm fraction is 0.67 at every persistence at full resolution; pooled over the sampling sweep it falls from 0.67 at persistence 1 and 3 to 0.53 at 5 and 0.33 at 10, so a longer filter costs the deployable chart valid alarms at SCADA rates.",,
S22.017.n05,number,0.53,0.53,Sensitivity of the Onset Definition,body,Sensitivity of the Onset Definition,"The 3σ valid-alarm fraction is 0.67 at every persistence at full resolution; pooled over the sampling sweep it falls from 0.67 at persistence 1 and 3 to 0.53 at 5 and 0.33 at 10, so a longer filter costs the deployable chart valid alarms at SCADA rates.",,
S22.017.n06,number,5,5,Sensitivity of the Onset Definition,body,Sensitivity of the Onset Definition,"The 3σ valid-alarm fraction is 0.67 at every persistence at full resolution; pooled over the sampling sweep it falls from 0.67 at persistence 1 and 3 to 0.53 at 5 and 0.33 at 10, so a longer filter costs the deployable chart valid alarms at SCADA rates.",,
S22.017.n07,number,0.33,0.33,Sensitivity of the Onset Definition,body,Sensitivity of the Onset Definition,"The 3σ valid-alarm fraction is 0.67 at every persistence at full resolution; pooled over the sampling sweep it falls from 0.67 at persistence 1 and 3 to 0.53 at 5 and 0.33 at 10, so a longer filter costs the deployable chart valid alarms at SCADA rates.",,
S22.017.n08,number,10,10,Sensitivity of the Onset Definition,body,Sensitivity of the Onset Definition,"The 3σ valid-alarm fraction is 0.67 at every persistence at full resolution; pooled over the sampling sweep it falls from 0.67 at persistence 1 and 3 to 0.53 at 5 and 0.33 at 10, so a longer filter costs the deployable chart valid alarms at SCADA rates.",,
S22.018,sentence,,,Sensitivity of the Onset Definition,body,Sensitivity of the Onset Definition,Missing-data (historian-gap) robustness.,,
S22.019,sentence,,,Sensitivity of the Onset Definition,body,Sensitivity of the Onset Definition,"Real historians drop records, so we inject random gaps, setting 5% and 20% of snapshot rows to missing (NaN, timestamp retained), and re-measure lead time on IMS and XJTU-SY (Table 4b).",,
S22.019.n01,number,5%,5%,Sensitivity of the Onset Definition,body,Sensitivity of the Onset Definition,"Real historians drop records, so we inject random gaps, setting 5% and 20% of snapshot rows to missing (NaN, timestamp retained), and re-measure lead time on IMS and XJTU-SY (Table 4b).",,
S22.019.n02,number,20%,20%,Sensitivity of the Onset Definition,body,Sensitivity of the Onset Definition,"Real historians drop records, so we inject random gaps, setting 5% and 20% of snapshot rows to missing (NaN, timestamp retained), and re-measure lead time on IMS and XJTU-SY (Table 4b).",,
S22.020,sentence,,,Sensitivity of the Onset Definition,body,Sensitivity of the Onset Definition,"A single random draw cannot separate a gap effect from the draw, so we repeat every gap level over five independent draws and state magnitudes only from the across-draw result.",C069;C070,
S22.021,sentence,,,Sensitivity of the Onset Definition,body,Sensitivity of the Onset Definition,"On that basis every detector on both datasets stays inside the ±1 h operational margin at 20% missing rows, with one exception.",,
S22.021.n01,number,±1,±1,Sensitivity of the Onset Definition,body,Sensitivity of the Onset Definition,"On that basis every detector on both datasets stays inside the ±1 h operational margin at 20% missing rows, with one exception.",,
S22.021.n02,number,20%,20%,Sensitivity of the Onset Definition,body,Sensitivity of the Onset Definition,"On that basis every detector on both datasets stays inside the ±1 h operational margin at 20% missing rows, with one exception.",,
S22.022,sentence,,,Sensitivity of the Onset Definition,body,Sensitivity of the Onset Definition,"The across-draw mean change at 20% is +0.83 h for 3σ on IMS and -0.04 h on XJTU-SY, -0.08 and -0.12 h for EWMA, -0.67 and -0.02 h for CUSUM, and -0.92 and -0.07 h for Isolation Forest.",,
S22.022.n01,number,20%,20%,Sensitivity of the Onset Definition,body,Sensitivity of the Onset Definition,"The across-draw mean change at 20% is +0.83 h for 3σ on IMS and -0.04 h on XJTU-SY, -0.08 and -0.12 h for EWMA, -0.67 and -0.02 h for CUSUM, and -0.92 and -0.07 h for Isolation Forest.",,
S22.022.n02,number,0.83,+0.83,Sensitivity of the Onset Definition,body,Sensitivity of the Onset Definition,"The across-draw mean change at 20% is +0.83 h for 3σ on IMS and -0.04 h on XJTU-SY, -0.08 and -0.12 h for EWMA, -0.67 and -0.02 h for CUSUM, and -0.92 and -0.07 h for Isolation Forest.",,
S22.022.n03,number,-0.04,-0.04,Sensitivity of the Onset Definition,body,Sensitivity of the Onset Definition,"The across-draw mean change at 20% is +0.83 h for 3σ on IMS and -0.04 h on XJTU-SY, -0.08 and -0.12 h for EWMA, -0.67 and -0.02 h for CUSUM, and -0.92 and -0.07 h for Isolation Forest.",,
S22.022.n04,number,-0.08,-0.08,Sensitivity of the Onset Definition,body,Sensitivity of the Onset Definition,"The across-draw mean change at 20% is +0.83 h for 3σ on IMS and -0.04 h on XJTU-SY, -0.08 and -0.12 h for EWMA, -0.67 and -0.02 h for CUSUM, and -0.92 and -0.07 h for Isolation Forest.",,
S22.022.n05,number,-0.12,-0.12,Sensitivity of the Onset Definition,body,Sensitivity of the Onset Definition,"The across-draw mean change at 20% is +0.83 h for 3σ on IMS and -0.04 h on XJTU-SY, -0.08 and -0.12 h for EWMA, -0.67 and -0.02 h for CUSUM, and -0.92 and -0.07 h for Isolation Forest.",,
S22.022.n06,number,-0.67,-0.67,Sensitivity of the Onset Definition,body,Sensitivity of the Onset Definition,"The across-draw mean change at 20% is +0.83 h for 3σ on IMS and -0.04 h on XJTU-SY, -0.08 and -0.12 h for EWMA, -0.67 and -0.02 h for CUSUM, and -0.92 and -0.07 h for Isolation Forest.",,
S22.022.n07,number,-0.02,-0.02,Sensitivity of the Onset Definition,body,Sensitivity of the Onset Definition,"The across-draw mean change at 20% is +0.83 h for 3σ on IMS and -0.04 h on XJTU-SY, -0.08 and -0.12 h for EWMA, -0.67 and -0.02 h for CUSUM, and -0.92 and -0.07 h for Isolation Forest.",,
S22.022.n08,number,-0.92,-0.92,Sensitivity of the Onset Definition,body,Sensitivity of the Onset Definition,"The across-draw mean change at 20% is +0.83 h for 3σ on IMS and -0.04 h on XJTU-SY, -0.08 and -0.12 h for EWMA, -0.67 and -0.02 h for CUSUM, and -0.92 and -0.07 h for Isolation Forest.",,
S22.022.n09,number,-0.07,-0.07,Sensitivity of the Onset Definition,body,Sensitivity of the Onset Definition,"The across-draw mean change at 20% is +0.83 h for 3σ on IMS and -0.04 h on XJTU-SY, -0.08 and -0.12 h for EWMA, -0.67 and -0.02 h for CUSUM, and -0.92 and -0.07 h for Isolation Forest.",,
S22.023,sentence,,,Sensitivity of the Onset Definition,body,Sensitivity of the Onset Definition,"The exception is Hotelling T 2 on IMS, which loses 51.2 h on average at 20% missing—but that loss is bimodal across draws, ranging from 0 to 128.1 h, because it turns entirely on whether the draw removes the rows carrying IMS test 3’s early alarm.",C069,
S22.023.n01,number,51.2,51.2,Sensitivity of the Onset Definition,body,Sensitivity of the Onset Definition,"The exception is Hotelling T 2 on IMS, which loses 51.2 h on average at 20% missing—but that loss is bimodal across draws, ranging from 0 to 128.1 h, because it turns entirely on whether the draw removes the rows carrying IMS test 3’s early alarm.",,
S22.023.n02,number,20%,20%,Sensitivity of the Onset Definition,body,Sensitivity of the Onset Definition,"The exception is Hotelling T 2 on IMS, which loses 51.2 h on average at 20% missing—but that loss is bimodal across draws, ranging from 0 to 128.1 h, because it turns entirely on whether the draw removes the rows carrying IMS test 3’s early alarm.",,
S22.023.n03,number,0,0,Sensitivity of the Onset Definition,body,Sensitivity of the Onset Definition,"The exception is Hotelling T 2 on IMS, which loses 51.2 h on average at 20% missing—but that loss is bimodal across draws, ranging from 0 to 128.1 h, because it turns entirely on whether the draw removes the rows carrying IMS test 3’s early alarm.",,
S22.023.n04,number,128.1,128.1,Sensitivity of the Onset Definition,body,Sensitivity of the Onset Definition,"The exception is Hotelling T 2 on IMS, which loses 51.2 h on average at 20% missing—but that loss is bimodal across draws, ranging from 0 to 128.1 h, because it turns entirely on whether the draw removes the rows carrying IMS test 3’s early alarm.",,
S22.023.n05,number,3,3,Sensitivity of the Onset Definition,body,Sensitivity of the Onset Definition,"The exception is Hotelling T 2 on IMS, which loses 51.2 h on average at 20% missing—but that loss is bimodal across draws, ranging from 0 to 128.1 h, because it turns entirely on whether the draw removes the rows carrying IMS test 3’s early alarm.",,
S22.024,sentence,,,Sensitivity of the Onset Definition,body,Sensitivity of the Onset Definition,"At 5% missing, Hotelling T 2 is unchanged in all five draws.",,
S22.024.n01,number,5%,5%,Sensitivity of the Onset Definition,body,Sensitivity of the Onset Definition,"At 5% missing, Hotelling T 2 is unchanged in all five draws.",,
S22.025,sentence,,,Sensitivity of the Onset Definition,body,Sensitivity of the Onset Definition,An earlier single-draw run reported a 128.1 h collapse already at 5%; that figure is a property of that one draw and we do not state it.,C069;C070,
S22.025.n01,number,128.1,128.1,Sensitivity of the Onset Definition,body,Sensitivity of the Onset Definition,An earlier single-draw run reported a 128.1 h collapse already at 5%; that figure is a property of that one draw and we do not state it.,,
S22.025.n02,number,5%,5%,Sensitivity of the Onset Definition,body,Sensitivity of the Onset Definition,An earlier single-draw run reported a 128.1 h collapse already at 5%; that figure is a property of that one draw and we do not state it.,,
S22.026,sentence,,,Sensitivity of the Onset Definition,body,Sensitivity of the Onset Definition,"Valid-alarm fractions are unchanged on IMS (2/3 for every detector at every gap level, in every draw), and move by at most two bearings on XJTU-SY.",,
S22.026.n01,number,2/3,2/3,Sensitivity of the Onset Definition,body,Sensitivity of the Onset Definition,"Valid-alarm fractions are unchanged on IMS (2/3 for every detector at every gap level, in every draw), and move by at most two bearings on XJTU-SY.",,
S22.027,sentence,,,Sensitivity of the Onset Definition,body,Sensitivity of the Onset Definition,"The bounded statement is therefore narrower than the sampling result, and we scope it accordingly: at 20% missing rows the univariate control charts and Isolation Forest lose at most 1 h of warning time on either dataset, while the detector that depends on a full covariance estimate, Hotelling T 2, can lose far more on a short-runway dataset—though whether it does is draw-dependent at n = 3.",C069,
S22.027.n01,number,20%,20%,Sensitivity of the Onset Definition,body,Sensitivity of the Onset Definition,"The bounded statement is therefore narrower than the sampling result, and we scope it accordingly: at 20% missing rows the univariate control charts and Isolation Forest lose at most 1 h of warning time on either dataset, while the detector that depends on a full covariance estimate, Hotelling T 2, can lose far more on a short-runway dataset—though whether it does is draw-dependent at n = 3.",,
S22.027.n02,number,1,1,Sensitivity of the Onset Definition,body,Sensitivity of the Onset Definition,"The bounded statement is therefore narrower than the sampling result, and we scope it accordingly: at 20% missing rows the univariate control charts and Isolation Forest lose at most 1 h of warning time on either dataset, while the detector that depends on a full covariance estimate, Hotelling T 2, can lose far more on a short-runway dataset—though whether it does is draw-dependent at n = 3.",,
S22.027.n03,number,3,3,Sensitivity of the Onset Definition,body,Sensitivity of the Onset Definition,"The bounded statement is therefore narrower than the sampling result, and we scope it accordingly: at 20% missing rows the univariate control charts and Isolation Forest lose at most 1 h of warning time on either dataset, while the detector that depends on a full covariance estimate, Hotelling T 2, can lose far more on a short-runway dataset—though whether it does is draw-dependent at n = 3.",,
S22.028,sentence,,,Sensitivity of the Onset Definition,body,Sensitivity of the Onset Definition,"We claim gap-tolerance for the univariate charts and Isolation Forest at this magnitude of loss, and explicitly not for Hotelling T 2.",C071,
S23.001,sentence,,,Generalization to XJTU-SY ($n=10$ bearings),body,Generalization to XJTU-SY ($n=10$ bearings),Ten run-to-failure bearings provide a far stronger test than IMS’s three.,,
S23.002,sentence,,,Generalization to XJTU-SY ($n=10$ bearings),body,Generalization to XJTU-SY ($n=10$ bearings),"Table 5 (XJTU-SY rows) shows that the IMS “aggregation helps” trend does not replicate: at the run level (collapsing factors, n = 10) the median difference is 0 h for ten of the eleven detectors (-0.10 h for Isolation Forest), the sign test is non-significant for all (p ≥ 0.18), and no direction is consistent across bearings.",C011;C036;C041;C076,
S23.002.n01,number,10,10,Generalization to XJTU-SY ($n=10$ bearings),body,Generalization to XJTU-SY ($n=10$ bearings),"Table 5 (XJTU-SY rows) shows that the IMS “aggregation helps” trend does not replicate: at the run level (collapsing factors, n = 10) the median difference is 0 h for ten of the eleven detectors (-0.10 h for Isolation Forest), the sign test is non-significant for all (p ≥ 0.18), and no direction is consistent across bearings.",,
S23.002.n02,number,0,0,Generalization to XJTU-SY ($n=10$ bearings),body,Generalization to XJTU-SY ($n=10$ bearings),"Table 5 (XJTU-SY rows) shows that the IMS “aggregation helps” trend does not replicate: at the run level (collapsing factors, n = 10) the median difference is 0 h for ten of the eleven detectors (-0.10 h for Isolation Forest), the sign test is non-significant for all (p ≥ 0.18), and no direction is consistent across bearings.",,
S23.002.n03,number,-0.10,-0.10,Generalization to XJTU-SY ($n=10$ bearings),body,Generalization to XJTU-SY ($n=10$ bearings),"Table 5 (XJTU-SY rows) shows that the IMS “aggregation helps” trend does not replicate: at the run level (collapsing factors, n = 10) the median difference is 0 h for ten of the eleven detectors (-0.10 h for Isolation Forest), the sign test is non-significant for all (p ≥ 0.18), and no direction is consistent across bearings.",,
S23.002.n04,number,0.18,0.18,Generalization to XJTU-SY ($n=10$ bearings),body,Generalization to XJTU-SY ($n=10$ bearings),"Table 5 (XJTU-SY rows) shows that the IMS “aggregation helps” trend does not replicate: at the run level (collapsing factors, n = 10) the median difference is 0 h for ten of the eleven detectors (-0.10 h for Isolation Forest), the sign test is non-significant for all (p ≥ 0.18), and no direction is consistent across bearings.",,
S23.003,sentence,,,Generalization to XJTU-SY ($n=10$ bearings),body,Generalization to XJTU-SY ($n=10$ bearings),"Crucially, aggregation does not destroy lead time either: the medians are flat and the per-run differences are within a few minutes.",C007;C053,
S23.004,sentence,,,Generalization to XJTU-SY ($n=10$ bearings),body,Generalization to XJTU-SY ($n=10$ bearings),"Lead times are short in absolute terms (0-3.5 h) because XJTU bearings are short-lived (52-533 min); over the five window-magnitude detectors (the three SPC charts 3σ/EWMA/Hotelling, Isolation Forest, and the RMS-trend floor, the same five tallied per bearing in Table 9), 209/450 evaluations yield a valid alarm, with marked heterogeneity: the shortest-lived and the abruptfailure bearings are hard or impossible to warn on under any mechanism.",C019;C037;C077,
S23.004.n01,number,0,0,Generalization to XJTU-SY ($n=10$ bearings),body,Generalization to XJTU-SY ($n=10$ bearings),"Lead times are short in absolute terms (0-3.5 h) because XJTU bearings are short-lived (52-533 min); over the five window-magnitude detectors (the three SPC charts 3σ/EWMA/Hotelling, Isolation Forest, and the RMS-trend floor, the same five tallied per bearing in Table 9), 209/450 evaluations yield a valid alarm, with marked heterogeneity: the shortest-lived and the abruptfailure bearings are hard or impossible to warn on under any mechanism.",,
S23.004.n02,number,3.5,3.5,Generalization to XJTU-SY ($n=10$ bearings),body,Generalization to XJTU-SY ($n=10$ bearings),"Lead times are short in absolute terms (0-3.5 h) because XJTU bearings are short-lived (52-533 min); over the five window-magnitude detectors (the three SPC charts 3σ/EWMA/Hotelling, Isolation Forest, and the RMS-trend floor, the same five tallied per bearing in Table 9), 209/450 evaluations yield a valid alarm, with marked heterogeneity: the shortest-lived and the abruptfailure bearings are hard or impossible to warn on under any mechanism.",,
S23.004.n03,number,52,52,Generalization to XJTU-SY ($n=10$ bearings),body,Generalization to XJTU-SY ($n=10$ bearings),"Lead times are short in absolute terms (0-3.5 h) because XJTU bearings are short-lived (52-533 min); over the five window-magnitude detectors (the three SPC charts 3σ/EWMA/Hotelling, Isolation Forest, and the RMS-trend floor, the same five tallied per bearing in Table 9), 209/450 evaluations yield a valid alarm, with marked heterogeneity: the shortest-lived and the abruptfailure bearings are hard or impossible to warn on under any mechanism.",,
S23.004.n04,number,533,533,Generalization to XJTU-SY ($n=10$ bearings),body,Generalization to XJTU-SY ($n=10$ bearings),"Lead times are short in absolute terms (0-3.5 h) because XJTU bearings are short-lived (52-533 min); over the five window-magnitude detectors (the three SPC charts 3σ/EWMA/Hotelling, Isolation Forest, and the RMS-trend floor, the same five tallied per bearing in Table 9), 209/450 evaluations yield a valid alarm, with marked heterogeneity: the shortest-lived and the abruptfailure bearings are hard or impossible to warn on under any mechanism.",,
S23.004.n05,number,450,450,Generalization to XJTU-SY ($n=10$ bearings),body,Generalization to XJTU-SY ($n=10$ bearings),"Lead times are short in absolute terms (0-3.5 h) because XJTU bearings are short-lived (52-533 min); over the five window-magnitude detectors (the three SPC charts 3σ/EWMA/Hotelling, Isolation Forest, and the RMS-trend floor, the same five tallied per bearing in Table 9), 209/450 evaluations yield a valid alarm, with marked heterogeneity: the shortest-lived and the abruptfailure bearings are hard or impossible to warn on under any mechanism.",,
S23.005,sentence,,,Generalization to XJTU-SY ($n=10$ bearings),body,Generalization to XJTU-SY ($n=10$ bearings),"The deep sequence models are mostly N/A here: only the three longest-lived bearings furnish enough feature windows to form a length-30 sequence (76/90 cells N/A per deep model), a consequence of short runs rather than a tuning failure, and where they do run they too show a null aggregatevs-decimate difference.",C078,
S23.005.n01,number,30,30,Generalization to XJTU-SY ($n=10$ bearings),body,Generalization to XJTU-SY ($n=10$ bearings),"The deep sequence models are mostly N/A here: only the three longest-lived bearings furnish enough feature windows to form a length-30 sequence (76/90 cells N/A per deep model), a consequence of short runs rather than a tuning failure, and where they do run they too show a null aggregatevs-decimate difference.",,
S23.005.n02,number,76/90,76/90,Generalization to XJTU-SY ($n=10$ bearings),body,Generalization to XJTU-SY ($n=10$ bearings),"The deep sequence models are mostly N/A here: only the three longest-lived bearings furnish enough feature windows to form a length-30 sequence (76/90 cells N/A per deep model), a consequence of short runs rather than a tuning failure, and where they do run they too show a null aggregatevs-decimate difference.",,
S23.006,sentence,,,Generalization to XJTU-SY ($n=10$ bearings),body,Generalization to XJTU-SY ($n=10$ bearings),"Halving the sequence length to 15 windows does not change this picture: it makes only one additional short bearing usable and the deep reconstruction models still yield a valid alarm on at most one of the ten bearings, so trading sequence context for a marginally larger sample does not make them competitive with the SPC charts.",C078,
S23.006.n01,number,15,15,Generalization to XJTU-SY ($n=10$ bearings),body,Generalization to XJTU-SY ($n=10$ bearings),"Halving the sequence length to 15 windows does not change this picture: it makes only one additional short bearing usable and the deep reconstruction models still yield a valid alarm on at most one of the ten bearings, so trading sequence context for a marginally larger sample does not make them competitive with the SPC charts.",,
S23.007,sentence,,,Generalization to XJTU-SY ($n=10$ bearings),body,Generalization to XJTU-SY ($n=10$ bearings),"Figure 2 summarizes the cross-dataset picture in one view: a positive but non-significant median shift on IMS that is not consistent across its three runs, and null effects on ONGC and XJTU.",C042,
S24.001,sentence,,,Generalization to FEMTO/PRONOSTIA ($n=6$ bearings),body,Generalization to FEMTO/PRONOSTIA ($n=6$ bearings),"The six FEMTO Learning_set bearings provide a second, fully independent multi-bearing test, and—unlike XJTU, where most bearings are too short to form a length-30 sequence—all six are long enough that every detector, including the four deep reconstruction models, runs on the full n = 6.",C017,
S24.001.n01,number,30,30,Generalization to FEMTO/PRONOSTIA ($n=6$ bearings),body,Generalization to FEMTO/PRONOSTIA ($n=6$ bearings),"The six FEMTO Learning_set bearings provide a second, fully independent multi-bearing test, and—unlike XJTU, where most bearings are too short to form a length-30 sequence—all six are long enough that every detector, including the four deep reconstruction models, runs on the full n = 6.",,
S24.001.n02,number,6,6,Generalization to FEMTO/PRONOSTIA ($n=6$ bearings),body,Generalization to FEMTO/PRONOSTIA ($n=6$ bearings),"The six FEMTO Learning_set bearings provide a second, fully independent multi-bearing test, and—unlike XJTU, where most bearings are too short to form a length-30 sequence—all six are long enough that every detector, including the four deep reconstruction models, runs on the full n = 6.",,
S24.002,sentence,,,Generalization to FEMTO/PRONOSTIA ($n=6$ bearings),body,Generalization to FEMTO/PRONOSTIA ($n=6$ bearings),"Table 5 (FEMTO rows) shows the same verdict as XJTU: at the run level the median aggregate-decimate difference is within ±9 min for every detector, only LSTM-AE and Transformer-AD are sign-consistent, both negative (0/3 and 0/4 non-zero runs), and the smallest sign-test p is 0.125 (Transformer-AD, raw)—which does not survive the Holm correction across the family (Table 8).",C039;C043;C044;C080,
S24.002.n01,number,±9,±9,Generalization to FEMTO/PRONOSTIA ($n=6$ bearings),body,Generalization to FEMTO/PRONOSTIA ($n=6$ bearings),"Table 5 (FEMTO rows) shows the same verdict as XJTU: at the run level the median aggregate-decimate difference is within ±9 min for every detector, only LSTM-AE and Transformer-AD are sign-consistent, both negative (0/3 and 0/4 non-zero runs), and the smallest sign-test p is 0.125 (Transformer-AD, raw)—which does not survive the Holm correction across the family (Table 8).",,
S24.002.n02,number,0/3,0/3,Generalization to FEMTO/PRONOSTIA ($n=6$ bearings),body,Generalization to FEMTO/PRONOSTIA ($n=6$ bearings),"Table 5 (FEMTO rows) shows the same verdict as XJTU: at the run level the median aggregate-decimate difference is within ±9 min for every detector, only LSTM-AE and Transformer-AD are sign-consistent, both negative (0/3 and 0/4 non-zero runs), and the smallest sign-test p is 0.125 (Transformer-AD, raw)—which does not survive the Holm correction across the family (Table 8).",,
S24.002.n03,number,0/4,0/4,Generalization to FEMTO/PRONOSTIA ($n=6$ bearings),body,Generalization to FEMTO/PRONOSTIA ($n=6$ bearings),"Table 5 (FEMTO rows) shows the same verdict as XJTU: at the run level the median aggregate-decimate difference is within ±9 min for every detector, only LSTM-AE and Transformer-AD are sign-consistent, both negative (0/3 and 0/4 non-zero runs), and the smallest sign-test p is 0.125 (Transformer-AD, raw)—which does not survive the Holm correction across the family (Table 8).",,
S24.002.n04,number,0.125,0.125,Generalization to FEMTO/PRONOSTIA ($n=6$ bearings),body,Generalization to FEMTO/PRONOSTIA ($n=6$ bearings),"Table 5 (FEMTO rows) shows the same verdict as XJTU: at the run level the median aggregate-decimate difference is within ±9 min for every detector, only LSTM-AE and Transformer-AD are sign-consistent, both negative (0/3 and 0/4 non-zero runs), and the smallest sign-test p is 0.125 (Transformer-AD, raw)—which does not survive the Holm correction across the family (Table 8).",,
S24.003,sentence,,,Generalization to FEMTO/PRONOSTIA ($n=6$ bearings),body,Generalization to FEMTO/PRONOSTIA ($n=6$ bearings),"Decimation leads aggregation in several FEMTO cells, but never by more than the ±1 h operational margin: the run-level 95% bootstrap interval lies wholly below zero for 3σ (mean -0.21 h, [-0.45, -0.04]), LSTM-AE, RMS-trend and TransformerAD, and every FEMTO interval lies inside ±1 h.",C048;C049,
S24.003.n01,number,±1,±1,Generalization to FEMTO/PRONOSTIA ($n=6$ bearings),body,Generalization to FEMTO/PRONOSTIA ($n=6$ bearings),"Decimation leads aggregation in several FEMTO cells, but never by more than the ±1 h operational margin: the run-level 95% bootstrap interval lies wholly below zero for 3σ (mean -0.21 h, [-0.45, -0.04]), LSTM-AE, RMS-trend and TransformerAD, and every FEMTO interval lies inside ±1 h.",,
S24.003.n02,number,95%,95%,Generalization to FEMTO/PRONOSTIA ($n=6$ bearings),body,Generalization to FEMTO/PRONOSTIA ($n=6$ bearings),"Decimation leads aggregation in several FEMTO cells, but never by more than the ±1 h operational margin: the run-level 95% bootstrap interval lies wholly below zero for 3σ (mean -0.21 h, [-0.45, -0.04]), LSTM-AE, RMS-trend and TransformerAD, and every FEMTO interval lies inside ±1 h.",,
S24.003.n03,number,-0.21,-0.21,Generalization to FEMTO/PRONOSTIA ($n=6$ bearings),body,Generalization to FEMTO/PRONOSTIA ($n=6$ bearings),"Decimation leads aggregation in several FEMTO cells, but never by more than the ±1 h operational margin: the run-level 95% bootstrap interval lies wholly below zero for 3σ (mean -0.21 h, [-0.45, -0.04]), LSTM-AE, RMS-trend and TransformerAD, and every FEMTO interval lies inside ±1 h.",,
S24.003.n04,number,-0.45,-0.45,Generalization to FEMTO/PRONOSTIA ($n=6$ bearings),body,Generalization to FEMTO/PRONOSTIA ($n=6$ bearings),"Decimation leads aggregation in several FEMTO cells, but never by more than the ±1 h operational margin: the run-level 95% bootstrap interval lies wholly below zero for 3σ (mean -0.21 h, [-0.45, -0.04]), LSTM-AE, RMS-trend and TransformerAD, and every FEMTO interval lies inside ±1 h.",,
S24.003.n05,number,-0.04,-0.04,Generalization to FEMTO/PRONOSTIA ($n=6$ bearings),body,Generalization to FEMTO/PRONOSTIA ($n=6$ bearings),"Decimation leads aggregation in several FEMTO cells, but never by more than the ±1 h operational margin: the run-level 95% bootstrap interval lies wholly below zero for 3σ (mean -0.21 h, [-0.45, -0.04]), LSTM-AE, RMS-trend and TransformerAD, and every FEMTO interval lies inside ±1 h.",,
S24.003.n06,number,±1,±1,Generalization to FEMTO/PRONOSTIA ($n=6$ bearings),body,Generalization to FEMTO/PRONOSTIA ($n=6$ bearings),"Decimation leads aggregation in several FEMTO cells, but never by more than the ±1 h operational margin: the run-level 95% bootstrap interval lies wholly below zero for 3σ (mean -0.21 h, [-0.45, -0.04]), LSTM-AE, RMS-trend and TransformerAD, and every FEMTO interval lies inside ±1 h.",,
S24.004,sentence,,,Generalization to FEMTO/PRONOSTIA ($n=6$ bearings),body,Generalization to FEMTO/PRONOSTIA ($n=6$ bearings),"Table 6 reports the full equivalence family: all 33 of the 33 dataset × detector cells on XJTU-SY, FEMTO and Ferrara are equivalent at δ = 1 h, with no interval endpoint reaching ±0.6 h.",C045,
S24.004.n01,number,33,33,Generalization to FEMTO/PRONOSTIA ($n=6$ bearings),body,Generalization to FEMTO/PRONOSTIA ($n=6$ bearings),"Table 6 reports the full equivalence family: all 33 of the 33 dataset × detector cells on XJTU-SY, FEMTO and Ferrara are equivalent at δ = 1 h, with no interval endpoint reaching ±0.6 h.",,
S24.004.n02,number,33,33,Generalization to FEMTO/PRONOSTIA ($n=6$ bearings),body,Generalization to FEMTO/PRONOSTIA ($n=6$ bearings),"Table 6 reports the full equivalence family: all 33 of the 33 dataset × detector cells on XJTU-SY, FEMTO and Ferrara are equivalent at δ = 1 h, with no interval endpoint reaching ±0.6 h.",,
S24.004.n03,number,1,1,Generalization to FEMTO/PRONOSTIA ($n=6$ bearings),body,Generalization to FEMTO/PRONOSTIA ($n=6$ bearings),"Table 6 reports the full equivalence family: all 33 of the 33 dataset × detector cells on XJTU-SY, FEMTO and Ferrara are equivalent at δ = 1 h, with no interval endpoint reaching ±0.6 h.",,
S24.004.n04,number,±0.6,±0.6,Generalization to FEMTO/PRONOSTIA ($n=6$ bearings),body,Generalization to FEMTO/PRONOSTIA ($n=6$ bearings),"Table 6 reports the full equivalence family: all 33 of the 33 dataset × detector cells on XJTU-SY, FEMTO and Ferrara are equivalent at δ = 1 h, with no interval endpoint reaching ±0.6 h.",,
S24.005,sentence,,,Generalization to FEMTO/PRONOSTIA ($n=6$ bearings),body,Generalization to FEMTO/PRONOSTIA ($n=6$ bearings),"Across the three campaigns exactly five cells have an interval lying wholly below zero—Isolation Forest on XJTU-SY, and 3σ, LSTM-AE, RMS-trend and TransformerAD on FEMTO—and every one of them favours decimation by less than the ±1 h margin.",C049,
S24.005.n01,number,±1,±1,Generalization to FEMTO/PRONOSTIA ($n=6$ bearings),body,Generalization to FEMTO/PRONOSTIA ($n=6$ bearings),"Across the three campaigns exactly five cells have an interval lying wholly below zero—Isolation Forest on XJTU-SY, and 3σ, LSTM-AE, RMS-trend and TransformerAD on FEMTO—and every one of them favours decimation by less than the ±1 h margin.",,
S24.006,sentence,,,Generalization to FEMTO/PRONOSTIA ($n=6$ bearings),body,Generalization to FEMTO/PRONOSTIA ($n=6$ bearings),"These cells bound rather than overturn that conclusion: the direction of any residual aggregate-vs-decimate effect is dataset-specific noise, while the robust, replicated conclusion is non-destruction.",C053,
S24.007,sentence,,,Generalization to FEMTO/PRONOSTIA ($n=6$ bearings),body,Generalization to FEMTO/PRONOSTIA ($n=6$ bearings),"Across all eleven evaluated detectors (every one runs on the full n = 6), 211/660 evaluations yield a valid alarm; as on XJTU, the short-lived bearings (∼1.4-7.8 h) keep absolute lead times small.",C011;C019;C081,
S24.007.n01,number,6,6,Generalization to FEMTO/PRONOSTIA ($n=6$ bearings),body,Generalization to FEMTO/PRONOSTIA ($n=6$ bearings),"Across all eleven evaluated detectors (every one runs on the full n = 6), 211/660 evaluations yield a valid alarm; as on XJTU, the short-lived bearings (∼1.4-7.8 h) keep absolute lead times small.",,
S24.007.n02,number,211/660,211/660,Generalization to FEMTO/PRONOSTIA ($n=6$ bearings),body,Generalization to FEMTO/PRONOSTIA ($n=6$ bearings),"Across all eleven evaluated detectors (every one runs on the full n = 6), 211/660 evaluations yield a valid alarm; as on XJTU, the short-lived bearings (∼1.4-7.8 h) keep absolute lead times small.",,
S24.007.n03,number,1.4,1.4,Generalization to FEMTO/PRONOSTIA ($n=6$ bearings),body,Generalization to FEMTO/PRONOSTIA ($n=6$ bearings),"Across all eleven evaluated detectors (every one runs on the full n = 6), 211/660 evaluations yield a valid alarm; as on XJTU, the short-lived bearings (∼1.4-7.8 h) keep absolute lead times small.",,
S24.007.n04,number,7.8,7.8,Generalization to FEMTO/PRONOSTIA ($n=6$ bearings),body,Generalization to FEMTO/PRONOSTIA ($n=6$ bearings),"Across all eleven evaluated detectors (every one runs on the full n = 6), 211/660 evaluations yield a valid alarm; as on XJTU, the short-lived bearings (∼1.4-7.8 h) keep absolute lead times small.",,
S25.001,sentence,,,Generalization to University of Ferrara ($n=6$ bearings),body,Generalization to University of Ferrara ($n=6$ bearings),"The University of Ferrara campaign (Arpa et al., 2024) adds a fifth, fully independent run-to-failure dataset and a second constant-condition multi-bearing rig beyond FEMTO.",C018,
S25.002,sentence,,,Generalization to University of Ferrara ($n=6$ bearings),body,Generalization to University of Ferrara ($n=6$ bearings),"Table 5 (Ferrara rows) gives the same verdict as XJTU-SY and FEMTO: at the run level the median aggregate-decimate difference is within ±5 min for every detector, no detector is sign-consistent across the six bearings, and the smallest sign-test p is 0.219 (CUSUM)—not significant even before correction.",C082,
S25.002.n01,number,±5,±5,Generalization to University of Ferrara ($n=6$ bearings),body,Generalization to University of Ferrara ($n=6$ bearings),"Table 5 (Ferrara rows) gives the same verdict as XJTU-SY and FEMTO: at the run level the median aggregate-decimate difference is within ±5 min for every detector, no detector is sign-consistent across the six bearings, and the smallest sign-test p is 0.219 (CUSUM)—not significant even before correction.",,
S25.002.n02,number,0.219,0.219,Generalization to University of Ferrara ($n=6$ bearings),body,Generalization to University of Ferrara ($n=6$ bearings),"Table 5 (Ferrara rows) gives the same verdict as XJTU-SY and FEMTO: at the run level the median aggregate-decimate difference is within ±5 min for every detector, no detector is sign-consistent across the six bearings, and the smallest sign-test p is 0.219 (CUSUM)—not significant even before correction.",,
S25.003,sentence,,,Generalization to University of Ferrara ($n=6$ bearings),body,Generalization to University of Ferrara ($n=6$ bearings),"Like the other short-lived campaigns, Ferrara’s 0.7-6.8 h lifetimes mean it cannot confirm or deny the IMS positive trend; what it does add is a second independent replication on a modern (2024) rig.",C018;C019,
S25.003.n01,number,0.7,0.7,Generalization to University of Ferrara ($n=6$ bearings),body,Generalization to University of Ferrara ($n=6$ bearings),"Like the other short-lived campaigns, Ferrara’s 0.7-6.8 h lifetimes mean it cannot confirm or deny the IMS positive trend; what it does add is a second independent replication on a modern (2024) rig.",,
S25.003.n02,number,6.8,6.8,Generalization to University of Ferrara ($n=6$ bearings),body,Generalization to University of Ferrara ($n=6$ bearings),"Like the other short-lived campaigns, Ferrara’s 0.7-6.8 h lifetimes mean it cannot confirm or deny the IMS positive trend; what it does add is a second independent replication on a modern (2024) rig.",,
S25.004,sentence,,,Generalization to University of Ferrara ($n=6$ bearings),body,Generalization to University of Ferrara ($n=6$ bearings),"The larger per-run negatives (the -0.5 to -1.1 h entries) are all on E1, whose degradation onset sits within ∼0.1 h of failure (an abrupt, near-coincident-onset bearing analogous to IMS test 1), not a systematic aggregation penalty.",C064;C082,
S25.004.n01,number,-0.5,-0.5,Generalization to University of Ferrara ($n=6$ bearings),body,Generalization to University of Ferrara ($n=6$ bearings),"The larger per-run negatives (the -0.5 to -1.1 h entries) are all on E1, whose degradation onset sits within ∼0.1 h of failure (an abrupt, near-coincident-onset bearing analogous to IMS test 1), not a systematic aggregation penalty.",,
S25.004.n02,number,-1.1,-1.1,Generalization to University of Ferrara ($n=6$ bearings),body,Generalization to University of Ferrara ($n=6$ bearings),"The larger per-run negatives (the -0.5 to -1.1 h entries) are all on E1, whose degradation onset sits within ∼0.1 h of failure (an abrupt, near-coincident-onset bearing analogous to IMS test 1), not a systematic aggregation penalty.",,
S25.004.n03,number,0.1,0.1,Generalization to University of Ferrara ($n=6$ bearings),body,Generalization to University of Ferrara ($n=6$ bearings),"The larger per-run negatives (the -0.5 to -1.1 h entries) are all on E1, whose degradation onset sits within ∼0.1 h of failure (an abrupt, near-coincident-onset bearing analogous to IMS test 1), not a systematic aggregation penalty.",,
S25.004.n04,number,1,1,Generalization to University of Ferrara ($n=6$ bearings),body,Generalization to University of Ferrara ($n=6$ bearings),"The larger per-run negatives (the -0.5 to -1.1 h entries) are all on E1, whose degradation onset sits within ∼0.1 h of failure (an abrupt, near-coincident-onset bearing analogous to IMS test 1), not a systematic aggregation penalty.",,
S26.001,sentence,,,Aggregate vs Decimate on IMS: a Positive but Inconsistent Median Shift,body,Aggregate vs Decimate on IMS: a Positive but Inconsistent Median Shift,Figure 3 plots lead time against the effective logging interval for both mechanisms.,,
S26.002,sentence,,,Aggregate vs Decimate on IMS: a Positive but Inconsistent Median Shift,body,Aggregate vs Decimate on IMS: a Positive but Inconsistent Median Shift,"Under aggregation, lead time remains high and stable as the interval coarsens; under decimation it degrades faster, with 3σ and Isolation Forest collapsing at coarse intervals (for example, 3σ falls from 64.6 h at full rate to 24.8 h at a 10× decimation, while aggregation holds it near 64.6 h).",C072,
S26.002.n01,number,64.6,64.6,Aggregate vs Decimate on IMS: a Positive but Inconsistent Median Shift,body,Aggregate vs Decimate on IMS: a Positive but Inconsistent Median Shift,"Under aggregation, lead time remains high and stable as the interval coarsens; under decimation it degrades faster, with 3σ and Isolation Forest collapsing at coarse intervals (for example, 3σ falls from 64.6 h at full rate to 24.8 h at a 10× decimation, while aggregation holds it near 64.6 h).",,
S26.002.n02,number,24.8,24.8,Aggregate vs Decimate on IMS: a Positive but Inconsistent Median Shift,body,Aggregate vs Decimate on IMS: a Positive but Inconsistent Median Shift,"Under aggregation, lead time remains high and stable as the interval coarsens; under decimation it degrades faster, with 3σ and Isolation Forest collapsing at coarse intervals (for example, 3σ falls from 64.6 h at full rate to 24.8 h at a 10× decimation, while aggregation holds it near 64.6 h).",,
S26.002.n03,number,10,10,Aggregate vs Decimate on IMS: a Positive but Inconsistent Median Shift,body,Aggregate vs Decimate on IMS: a Positive but Inconsistent Median Shift,"Under aggregation, lead time remains high and stable as the interval coarsens; under decimation it degrades faster, with 3σ and Isolation Forest collapsing at coarse intervals (for example, 3σ falls from 64.6 h at full rate to 24.8 h at a 10× decimation, while aggregation holds it near 64.6 h).",,
S26.002.n04,number,64.6,64.6,Aggregate vs Decimate on IMS: a Positive but Inconsistent Median Shift,body,Aggregate vs Decimate on IMS: a Positive but Inconsistent Median Shift,"Under aggregation, lead time remains high and stable as the interval coarsens; under decimation it degrades faster, with 3σ and Isolation Forest collapsing at coarse intervals (for example, 3σ falls from 64.6 h at full rate to 24.8 h at a 10× decimation, while aggregation holds it near 64.6 h).",,
S26.003,sentence,,,Aggregate vs Decimate on IMS: a Positive but Inconsistent Median Shift,body,Aggregate vs Decimate on IMS: a Positive but Inconsistent Median Shift,"The upturn at the very largest factor reflects the fewwindows regime, where only one or two runs survive and the mean is no longer comparable; we annotate rather than hide it.",C073,
S26.004,sentence,,,Aggregate vs Decimate on IMS: a Positive but Inconsistent Median Shift,body,Aggregate vs Decimate on IMS: a Positive but Inconsistent Median Shift,Table 7 gives the run-level test over all eleven evaluated detectors.,C011,
S26.005,sentence,,,Aggregate vs Decimate on IMS: a Positive but Inconsistent Median Shift,body,Aggregate vs Decimate on IMS: a Positive but Inconsistent Median Shift,"Honoring the run as the unit of inference (Section 4.9), the magnitude-monitoring detectors show a positive median difference, but only two are signconsistent: CUSUM (per-run +4.2, +4.7, +4.3 h; median +4.3) and Hotelling T 2 (+1.0, +1.2, +81.7; median +1.2). 3σ (+25.8, +15.1, -1.0; median +15.1), Isolation Forest (-0.7, +16.9, +3.4; median +3.4) and EWMA (-3.9, +4.3, +2.1; median +2.1) each have one negative run, and Deep SVDD is positive in one run and tied in two (+8.9, 0.0, 0.0).",C035;C041;C042,
S26.005.n01,number,4.2,+4.2,Aggregate vs Decimate on IMS: a Positive but Inconsistent Median Shift,body,Aggregate vs Decimate on IMS: a Positive but Inconsistent Median Shift,"Honoring the run as the unit of inference (Section 4.9), the magnitude-monitoring detectors show a positive median difference, but only two are signconsistent: CUSUM (per-run +4.2, +4.7, +4.3 h; median +4.3) and Hotelling T 2 (+1.0, +1.2, +81.7; median +1.2). 3σ (+25.8, +15.1, -1.0; median +15.1), Isolation Forest (-0.7, +16.9, +3.4; median +3.4) and EWMA (-3.9, +4.3, +2.1; median +2.1) each have one negative run, and Deep SVDD is positive in one run and tied in two (+8.9, 0.0, 0.0).",,
S26.005.n02,number,4.7,+4.7,Aggregate vs Decimate on IMS: a Positive but Inconsistent Median Shift,body,Aggregate vs Decimate on IMS: a Positive but Inconsistent Median Shift,"Honoring the run as the unit of inference (Section 4.9), the magnitude-monitoring detectors show a positive median difference, but only two are signconsistent: CUSUM (per-run +4.2, +4.7, +4.3 h; median +4.3) and Hotelling T 2 (+1.0, +1.2, +81.7; median +1.2). 3σ (+25.8, +15.1, -1.0; median +15.1), Isolation Forest (-0.7, +16.9, +3.4; median +3.4) and EWMA (-3.9, +4.3, +2.1; median +2.1) each have one negative run, and Deep SVDD is positive in one run and tied in two (+8.9, 0.0, 0.0).",,
S26.005.n03,number,4.3,+4.3,Aggregate vs Decimate on IMS: a Positive but Inconsistent Median Shift,body,Aggregate vs Decimate on IMS: a Positive but Inconsistent Median Shift,"Honoring the run as the unit of inference (Section 4.9), the magnitude-monitoring detectors show a positive median difference, but only two are signconsistent: CUSUM (per-run +4.2, +4.7, +4.3 h; median +4.3) and Hotelling T 2 (+1.0, +1.2, +81.7; median +1.2). 3σ (+25.8, +15.1, -1.0; median +15.1), Isolation Forest (-0.7, +16.9, +3.4; median +3.4) and EWMA (-3.9, +4.3, +2.1; median +2.1) each have one negative run, and Deep SVDD is positive in one run and tied in two (+8.9, 0.0, 0.0).",,
S26.005.n04,number,4.3,+4.3,Aggregate vs Decimate on IMS: a Positive but Inconsistent Median Shift,body,Aggregate vs Decimate on IMS: a Positive but Inconsistent Median Shift,"Honoring the run as the unit of inference (Section 4.9), the magnitude-monitoring detectors show a positive median difference, but only two are signconsistent: CUSUM (per-run +4.2, +4.7, +4.3 h; median +4.3) and Hotelling T 2 (+1.0, +1.2, +81.7; median +1.2). 3σ (+25.8, +15.1, -1.0; median +15.1), Isolation Forest (-0.7, +16.9, +3.4; median +3.4) and EWMA (-3.9, +4.3, +2.1; median +2.1) each have one negative run, and Deep SVDD is positive in one run and tied in two (+8.9, 0.0, 0.0).",,
S26.005.n05,number,1.0,+1.0,Aggregate vs Decimate on IMS: a Positive but Inconsistent Median Shift,body,Aggregate vs Decimate on IMS: a Positive but Inconsistent Median Shift,"Honoring the run as the unit of inference (Section 4.9), the magnitude-monitoring detectors show a positive median difference, but only two are signconsistent: CUSUM (per-run +4.2, +4.7, +4.3 h; median +4.3) and Hotelling T 2 (+1.0, +1.2, +81.7; median +1.2). 3σ (+25.8, +15.1, -1.0; median +15.1), Isolation Forest (-0.7, +16.9, +3.4; median +3.4) and EWMA (-3.9, +4.3, +2.1; median +2.1) each have one negative run, and Deep SVDD is positive in one run and tied in two (+8.9, 0.0, 0.0).",,
S26.005.n06,number,1.2,+1.2,Aggregate vs Decimate on IMS: a Positive but Inconsistent Median Shift,body,Aggregate vs Decimate on IMS: a Positive but Inconsistent Median Shift,"Honoring the run as the unit of inference (Section 4.9), the magnitude-monitoring detectors show a positive median difference, but only two are signconsistent: CUSUM (per-run +4.2, +4.7, +4.3 h; median +4.3) and Hotelling T 2 (+1.0, +1.2, +81.7; median +1.2). 3σ (+25.8, +15.1, -1.0; median +15.1), Isolation Forest (-0.7, +16.9, +3.4; median +3.4) and EWMA (-3.9, +4.3, +2.1; median +2.1) each have one negative run, and Deep SVDD is positive in one run and tied in two (+8.9, 0.0, 0.0).",,
S26.005.n07,number,81.7,+81.7,Aggregate vs Decimate on IMS: a Positive but Inconsistent Median Shift,body,Aggregate vs Decimate on IMS: a Positive but Inconsistent Median Shift,"Honoring the run as the unit of inference (Section 4.9), the magnitude-monitoring detectors show a positive median difference, but only two are signconsistent: CUSUM (per-run +4.2, +4.7, +4.3 h; median +4.3) and Hotelling T 2 (+1.0, +1.2, +81.7; median +1.2). 3σ (+25.8, +15.1, -1.0; median +15.1), Isolation Forest (-0.7, +16.9, +3.4; median +3.4) and EWMA (-3.9, +4.3, +2.1; median +2.1) each have one negative run, and Deep SVDD is positive in one run and tied in two (+8.9, 0.0, 0.0).",,
S26.005.n08,number,1.2,+1.2,Aggregate vs Decimate on IMS: a Positive but Inconsistent Median Shift,body,Aggregate vs Decimate on IMS: a Positive but Inconsistent Median Shift,"Honoring the run as the unit of inference (Section 4.9), the magnitude-monitoring detectors show a positive median difference, but only two are signconsistent: CUSUM (per-run +4.2, +4.7, +4.3 h; median +4.3) and Hotelling T 2 (+1.0, +1.2, +81.7; median +1.2). 3σ (+25.8, +15.1, -1.0; median +15.1), Isolation Forest (-0.7, +16.9, +3.4; median +3.4) and EWMA (-3.9, +4.3, +2.1; median +2.1) each have one negative run, and Deep SVDD is positive in one run and tied in two (+8.9, 0.0, 0.0).",,
S26.005.n09,number,25.8,+25.8,Aggregate vs Decimate on IMS: a Positive but Inconsistent Median Shift,body,Aggregate vs Decimate on IMS: a Positive but Inconsistent Median Shift,"Honoring the run as the unit of inference (Section 4.9), the magnitude-monitoring detectors show a positive median difference, but only two are signconsistent: CUSUM (per-run +4.2, +4.7, +4.3 h; median +4.3) and Hotelling T 2 (+1.0, +1.2, +81.7; median +1.2). 3σ (+25.8, +15.1, -1.0; median +15.1), Isolation Forest (-0.7, +16.9, +3.4; median +3.4) and EWMA (-3.9, +4.3, +2.1; median +2.1) each have one negative run, and Deep SVDD is positive in one run and tied in two (+8.9, 0.0, 0.0).",,
S26.005.n10,number,15.1,+15.1,Aggregate vs Decimate on IMS: a Positive but Inconsistent Median Shift,body,Aggregate vs Decimate on IMS: a Positive but Inconsistent Median Shift,"Honoring the run as the unit of inference (Section 4.9), the magnitude-monitoring detectors show a positive median difference, but only two are signconsistent: CUSUM (per-run +4.2, +4.7, +4.3 h; median +4.3) and Hotelling T 2 (+1.0, +1.2, +81.7; median +1.2). 3σ (+25.8, +15.1, -1.0; median +15.1), Isolation Forest (-0.7, +16.9, +3.4; median +3.4) and EWMA (-3.9, +4.3, +2.1; median +2.1) each have one negative run, and Deep SVDD is positive in one run and tied in two (+8.9, 0.0, 0.0).",,
S26.005.n11,number,-1.0,-1.0,Aggregate vs Decimate on IMS: a Positive but Inconsistent Median Shift,body,Aggregate vs Decimate on IMS: a Positive but Inconsistent Median Shift,"Honoring the run as the unit of inference (Section 4.9), the magnitude-monitoring detectors show a positive median difference, but only two are signconsistent: CUSUM (per-run +4.2, +4.7, +4.3 h; median +4.3) and Hotelling T 2 (+1.0, +1.2, +81.7; median +1.2). 3σ (+25.8, +15.1, -1.0; median +15.1), Isolation Forest (-0.7, +16.9, +3.4; median +3.4) and EWMA (-3.9, +4.3, +2.1; median +2.1) each have one negative run, and Deep SVDD is positive in one run and tied in two (+8.9, 0.0, 0.0).",,
S26.005.n12,number,15.1,+15.1,Aggregate vs Decimate on IMS: a Positive but Inconsistent Median Shift,body,Aggregate vs Decimate on IMS: a Positive but Inconsistent Median Shift,"Honoring the run as the unit of inference (Section 4.9), the magnitude-monitoring detectors show a positive median difference, but only two are signconsistent: CUSUM (per-run +4.2, +4.7, +4.3 h; median +4.3) and Hotelling T 2 (+1.0, +1.2, +81.7; median +1.2). 3σ (+25.8, +15.1, -1.0; median +15.1), Isolation Forest (-0.7, +16.9, +3.4; median +3.4) and EWMA (-3.9, +4.3, +2.1; median +2.1) each have one negative run, and Deep SVDD is positive in one run and tied in two (+8.9, 0.0, 0.0).",,
S26.005.n13,number,-0.7,-0.7,Aggregate vs Decimate on IMS: a Positive but Inconsistent Median Shift,body,Aggregate vs Decimate on IMS: a Positive but Inconsistent Median Shift,"Honoring the run as the unit of inference (Section 4.9), the magnitude-monitoring detectors show a positive median difference, but only two are signconsistent: CUSUM (per-run +4.2, +4.7, +4.3 h; median +4.3) and Hotelling T 2 (+1.0, +1.2, +81.7; median +1.2). 3σ (+25.8, +15.1, -1.0; median +15.1), Isolation Forest (-0.7, +16.9, +3.4; median +3.4) and EWMA (-3.9, +4.3, +2.1; median +2.1) each have one negative run, and Deep SVDD is positive in one run and tied in two (+8.9, 0.0, 0.0).",,
S26.005.n14,number,16.9,+16.9,Aggregate vs Decimate on IMS: a Positive but Inconsistent Median Shift,body,Aggregate vs Decimate on IMS: a Positive but Inconsistent Median Shift,"Honoring the run as the unit of inference (Section 4.9), the magnitude-monitoring detectors show a positive median difference, but only two are signconsistent: CUSUM (per-run +4.2, +4.7, +4.3 h; median +4.3) and Hotelling T 2 (+1.0, +1.2, +81.7; median +1.2). 3σ (+25.8, +15.1, -1.0; median +15.1), Isolation Forest (-0.7, +16.9, +3.4; median +3.4) and EWMA (-3.9, +4.3, +2.1; median +2.1) each have one negative run, and Deep SVDD is positive in one run and tied in two (+8.9, 0.0, 0.0).",,
S26.005.n15,number,3.4,+3.4,Aggregate vs Decimate on IMS: a Positive but Inconsistent Median Shift,body,Aggregate vs Decimate on IMS: a Positive but Inconsistent Median Shift,"Honoring the run as the unit of inference (Section 4.9), the magnitude-monitoring detectors show a positive median difference, but only two are signconsistent: CUSUM (per-run +4.2, +4.7, +4.3 h; median +4.3) and Hotelling T 2 (+1.0, +1.2, +81.7; median +1.2). 3σ (+25.8, +15.1, -1.0; median +15.1), Isolation Forest (-0.7, +16.9, +3.4; median +3.4) and EWMA (-3.9, +4.3, +2.1; median +2.1) each have one negative run, and Deep SVDD is positive in one run and tied in two (+8.9, 0.0, 0.0).",,
S26.005.n16,number,3.4,+3.4,Aggregate vs Decimate on IMS: a Positive but Inconsistent Median Shift,body,Aggregate vs Decimate on IMS: a Positive but Inconsistent Median Shift,"Honoring the run as the unit of inference (Section 4.9), the magnitude-monitoring detectors show a positive median difference, but only two are signconsistent: CUSUM (per-run +4.2, +4.7, +4.3 h; median +4.3) and Hotelling T 2 (+1.0, +1.2, +81.7; median +1.2). 3σ (+25.8, +15.1, -1.0; median +15.1), Isolation Forest (-0.7, +16.9, +3.4; median +3.4) and EWMA (-3.9, +4.3, +2.1; median +2.1) each have one negative run, and Deep SVDD is positive in one run and tied in two (+8.9, 0.0, 0.0).",,
S26.005.n17,number,-3.9,-3.9,Aggregate vs Decimate on IMS: a Positive but Inconsistent Median Shift,body,Aggregate vs Decimate on IMS: a Positive but Inconsistent Median Shift,"Honoring the run as the unit of inference (Section 4.9), the magnitude-monitoring detectors show a positive median difference, but only two are signconsistent: CUSUM (per-run +4.2, +4.7, +4.3 h; median +4.3) and Hotelling T 2 (+1.0, +1.2, +81.7; median +1.2). 3σ (+25.8, +15.1, -1.0; median +15.1), Isolation Forest (-0.7, +16.9, +3.4; median +3.4) and EWMA (-3.9, +4.3, +2.1; median +2.1) each have one negative run, and Deep SVDD is positive in one run and tied in two (+8.9, 0.0, 0.0).",,
S26.005.n18,number,4.3,+4.3,Aggregate vs Decimate on IMS: a Positive but Inconsistent Median Shift,body,Aggregate vs Decimate on IMS: a Positive but Inconsistent Median Shift,"Honoring the run as the unit of inference (Section 4.9), the magnitude-monitoring detectors show a positive median difference, but only two are signconsistent: CUSUM (per-run +4.2, +4.7, +4.3 h; median +4.3) and Hotelling T 2 (+1.0, +1.2, +81.7; median +1.2). 3σ (+25.8, +15.1, -1.0; median +15.1), Isolation Forest (-0.7, +16.9, +3.4; median +3.4) and EWMA (-3.9, +4.3, +2.1; median +2.1) each have one negative run, and Deep SVDD is positive in one run and tied in two (+8.9, 0.0, 0.0).",,
S26.005.n19,number,2.1,+2.1,Aggregate vs Decimate on IMS: a Positive but Inconsistent Median Shift,body,Aggregate vs Decimate on IMS: a Positive but Inconsistent Median Shift,"Honoring the run as the unit of inference (Section 4.9), the magnitude-monitoring detectors show a positive median difference, but only two are signconsistent: CUSUM (per-run +4.2, +4.7, +4.3 h; median +4.3) and Hotelling T 2 (+1.0, +1.2, +81.7; median +1.2). 3σ (+25.8, +15.1, -1.0; median +15.1), Isolation Forest (-0.7, +16.9, +3.4; median +3.4) and EWMA (-3.9, +4.3, +2.1; median +2.1) each have one negative run, and Deep SVDD is positive in one run and tied in two (+8.9, 0.0, 0.0).",,
S26.005.n20,number,2.1,+2.1,Aggregate vs Decimate on IMS: a Positive but Inconsistent Median Shift,body,Aggregate vs Decimate on IMS: a Positive but Inconsistent Median Shift,"Honoring the run as the unit of inference (Section 4.9), the magnitude-monitoring detectors show a positive median difference, but only two are signconsistent: CUSUM (per-run +4.2, +4.7, +4.3 h; median +4.3) and Hotelling T 2 (+1.0, +1.2, +81.7; median +1.2). 3σ (+25.8, +15.1, -1.0; median +15.1), Isolation Forest (-0.7, +16.9, +3.4; median +3.4) and EWMA (-3.9, +4.3, +2.1; median +2.1) each have one negative run, and Deep SVDD is positive in one run and tied in two (+8.9, 0.0, 0.0).",,
S26.005.n21,number,8.9,+8.9,Aggregate vs Decimate on IMS: a Positive but Inconsistent Median Shift,body,Aggregate vs Decimate on IMS: a Positive but Inconsistent Median Shift,"Honoring the run as the unit of inference (Section 4.9), the magnitude-monitoring detectors show a positive median difference, but only two are signconsistent: CUSUM (per-run +4.2, +4.7, +4.3 h; median +4.3) and Hotelling T 2 (+1.0, +1.2, +81.7; median +1.2). 3σ (+25.8, +15.1, -1.0; median +15.1), Isolation Forest (-0.7, +16.9, +3.4; median +3.4) and EWMA (-3.9, +4.3, +2.1; median +2.1) each have one negative run, and Deep SVDD is positive in one run and tied in two (+8.9, 0.0, 0.0).",,
S26.005.n22,number,0.0,0.0,Aggregate vs Decimate on IMS: a Positive but Inconsistent Median Shift,body,Aggregate vs Decimate on IMS: a Positive but Inconsistent Median Shift,"Honoring the run as the unit of inference (Section 4.9), the magnitude-monitoring detectors show a positive median difference, but only two are signconsistent: CUSUM (per-run +4.2, +4.7, +4.3 h; median +4.3) and Hotelling T 2 (+1.0, +1.2, +81.7; median +1.2). 3σ (+25.8, +15.1, -1.0; median +15.1), Isolation Forest (-0.7, +16.9, +3.4; median +3.4) and EWMA (-3.9, +4.3, +2.1; median +2.1) each have one negative run, and Deep SVDD is positive in one run and tied in two (+8.9, 0.0, 0.0).",,
S26.005.n23,number,0.0,0.0,Aggregate vs Decimate on IMS: a Positive but Inconsistent Median Shift,body,Aggregate vs Decimate on IMS: a Positive but Inconsistent Median Shift,"Honoring the run as the unit of inference (Section 4.9), the magnitude-monitoring detectors show a positive median difference, but only two are signconsistent: CUSUM (per-run +4.2, +4.7, +4.3 h; median +4.3) and Hotelling T 2 (+1.0, +1.2, +81.7; median +1.2). 3σ (+25.8, +15.1, -1.0; median +15.1), Isolation Forest (-0.7, +16.9, +3.4; median +3.4) and EWMA (-3.9, +4.3, +2.1; median +2.1) each have one negative run, and Deep SVDD is positive in one run and tied in two (+8.9, 0.0, 0.0).",,
S26.006,sentence,,,Aggregate vs Decimate on IMS: a Positive but Inconsistent Median Shift,body,Aggregate vs Decimate on IMS: a Positive but Inconsistent Median Shift,"The three deep reconstruction models and the one-class SVM have negative medians (LSTM-AE, TCN and Transformer-AD each -0.4 h; one-class SVM -2.4 h), each with two negative runs and one positive; the deep models’ positive run is test 3 (+56.1, +9.0 and +68.8 h).",,
S26.006.n01,number,-0.4,-0.4,Aggregate vs Decimate on IMS: a Positive but Inconsistent Median Shift,body,Aggregate vs Decimate on IMS: a Positive but Inconsistent Median Shift,"The three deep reconstruction models and the one-class SVM have negative medians (LSTM-AE, TCN and Transformer-AD each -0.4 h; one-class SVM -2.4 h), each with two negative runs and one positive; the deep models’ positive run is test 3 (+56.1, +9.0 and +68.8 h).",,
S26.006.n02,number,-2.4,-2.4,Aggregate vs Decimate on IMS: a Positive but Inconsistent Median Shift,body,Aggregate vs Decimate on IMS: a Positive but Inconsistent Median Shift,"The three deep reconstruction models and the one-class SVM have negative medians (LSTM-AE, TCN and Transformer-AD each -0.4 h; one-class SVM -2.4 h), each with two negative runs and one positive; the deep models’ positive run is test 3 (+56.1, +9.0 and +68.8 h).",,
S26.006.n03,number,3,3,Aggregate vs Decimate on IMS: a Positive but Inconsistent Median Shift,body,Aggregate vs Decimate on IMS: a Positive but Inconsistent Median Shift,"The three deep reconstruction models and the one-class SVM have negative medians (LSTM-AE, TCN and Transformer-AD each -0.4 h; one-class SVM -2.4 h), each with two negative runs and one positive; the deep models’ positive run is test 3 (+56.1, +9.0 and +68.8 h).",,
S26.006.n04,number,56.1,+56.1,Aggregate vs Decimate on IMS: a Positive but Inconsistent Median Shift,body,Aggregate vs Decimate on IMS: a Positive but Inconsistent Median Shift,"The three deep reconstruction models and the one-class SVM have negative medians (LSTM-AE, TCN and Transformer-AD each -0.4 h; one-class SVM -2.4 h), each with two negative runs and one positive; the deep models’ positive run is test 3 (+56.1, +9.0 and +68.8 h).",,
S26.006.n05,number,9.0,+9.0,Aggregate vs Decimate on IMS: a Positive but Inconsistent Median Shift,body,Aggregate vs Decimate on IMS: a Positive but Inconsistent Median Shift,"The three deep reconstruction models and the one-class SVM have negative medians (LSTM-AE, TCN and Transformer-AD each -0.4 h; one-class SVM -2.4 h), each with two negative runs and one positive; the deep models’ positive run is test 3 (+56.1, +9.0 and +68.8 h).",,
S26.006.n06,number,68.8,+68.8,Aggregate vs Decimate on IMS: a Positive but Inconsistent Median Shift,body,Aggregate vs Decimate on IMS: a Positive but Inconsistent Median Shift,"The three deep reconstruction models and the one-class SVM have negative medians (LSTM-AE, TCN and Transformer-AD each -0.4 h; one-class SVM -2.4 h), each with two negative runs and one positive; the deep models’ positive run is test 3 (+56.1, +9.0 and +68.8 h).",,
S26.007,sentence,,,Aggregate vs Decimate on IMS: a Positive but Inconsistent Median Shift,body,Aggregate vs Decimate on IMS: a Positive but Inconsistent Median Shift,The RMS-trend baseline is mixed.,,
S26.008,sentence,,,Aggregate vs Decimate on IMS: a Positive but Inconsistent Median Shift,body,Aggregate vs Decimate on IMS: a Positive but Inconsistent Median Shift,"The direction is therefore a positive median for the chart/distance detectors, but not a consistent one—aggregation shortens the lead time of 3σ, EWMA and Isolation Forest on one run each—and with only n = 3 independent runs the exact sign test cannot fall below p = 0.25, a floor that only CUSUM and Hotelling T 2 reach (Section 4.9); nothing is statistically significant or survives Holm correction.",C036;C037;C039;C041;C042;C043;C074,
S26.008.n01,number,3,3,Aggregate vs Decimate on IMS: a Positive but Inconsistent Median Shift,body,Aggregate vs Decimate on IMS: a Positive but Inconsistent Median Shift,"The direction is therefore a positive median for the chart/distance detectors, but not a consistent one—aggregation shortens the lead time of 3σ, EWMA and Isolation Forest on one run each—and with only n = 3 independent runs the exact sign test cannot fall below p = 0.25, a floor that only CUSUM and Hotelling T 2 reach (Section 4.9); nothing is statistically significant or survives Holm correction.",,
S26.008.n02,number,0.25,0.25,Aggregate vs Decimate on IMS: a Positive but Inconsistent Median Shift,body,Aggregate vs Decimate on IMS: a Positive but Inconsistent Median Shift,"The direction is therefore a positive median for the chart/distance detectors, but not a consistent one—aggregation shortens the lead time of 3σ, EWMA and Isolation Forest on one run each—and with only n = 3 independent runs the exact sign test cannot fall below p = 0.25, a floor that only CUSUM and Hotelling T 2 reach (Section 4.9); nothing is statistically significant or survives Holm correction.",,
S26.009,sentence,,,Aggregate vs Decimate on IMS: a Positive but Inconsistent Median Shift,body,Aggregate vs Decimate on IMS: a Positive but Inconsistent Median Shift,We make no significance claim; the defensible reading is a null result with a positive median direction for the magnitude-monitoring detectors.,C041,
S26.010,sentence,,,Aggregate vs Decimate on IMS: a Positive but Inconsistent Median Shift,body,Aggregate vs Decimate on IMS: a Positive but Inconsistent Median Shift,"The candidate mechanism is that bin-averaging acts as a low-pass filter suppressing single-window noise in the health statistic, so the alarm threshold is crossed earlier and held more persistently than under decimation.",C075,
S26.011,sentence,,,Aggregate vs Decimate on IMS: a Positive but Inconsistent Median Shift,body,Aggregate vs Decimate on IMS: a Positive but Inconsistent Median Shift,"We test this smoothing hypothesis directly in Appendix D.1, and give the signal-theoretic reason it should hold for this class of health statistic in Section 7.3.",,
S27.001,sentence,,,Multiple-Comparison Correction,body,Multiple-Comparison Correction,"The aggregate-vs-decimate question is asked once per detector on each inferential dataset, so the family of hypotheses is the 11 × 4 = 44 detector × dataset tests over IMS, XJTUSY, FEMTO, and Ferrara (ONGC, n = 1, is excluded).",C014;C039,
S27.001.n01,number,11,11,Multiple-Comparison Correction,body,Multiple-Comparison Correction,"The aggregate-vs-decimate question is asked once per detector on each inferential dataset, so the family of hypotheses is the 11 × 4 = 44 detector × dataset tests over IMS, XJTUSY, FEMTO, and Ferrara (ONGC, n = 1, is excluded).",,
S27.001.n02,number,4,4,Multiple-Comparison Correction,body,Multiple-Comparison Correction,"The aggregate-vs-decimate question is asked once per detector on each inferential dataset, so the family of hypotheses is the 11 × 4 = 44 detector × dataset tests over IMS, XJTUSY, FEMTO, and Ferrara (ONGC, n = 1, is excluded).",,
S27.001.n03,number,44,44,Multiple-Comparison Correction,body,Multiple-Comparison Correction,"The aggregate-vs-decimate question is asked once per detector on each inferential dataset, so the family of hypotheses is the 11 × 4 = 44 detector × dataset tests over IMS, XJTUSY, FEMTO, and Ferrara (ONGC, n = 1, is excluded).",,
S27.001.n04,number,1,1,Multiple-Comparison Correction,body,Multiple-Comparison Correction,"The aggregate-vs-decimate question is asked once per detector on each inferential dataset, so the family of hypotheses is the 11 × 4 = 44 detector × dataset tests over IMS, XJTUSY, FEMTO, and Ferrara (ONGC, n = 1, is excluded).",,
S27.002,sentence,,,Multiple-Comparison Correction,body,Multiple-Comparison Correction,"The uncorrected family-wise error rate at α = 0.05 is 1 - (1 - 0.05)44 ≈ 0.90, which is exactly why a correction is required.",C039,
S27.002.n01,number,0.05,0.05,Multiple-Comparison Correction,body,Multiple-Comparison Correction,"The uncorrected family-wise error rate at α = 0.05 is 1 - (1 - 0.05)44 ≈ 0.90, which is exactly why a correction is required.",,
S27.002.n02,number,1,1,Multiple-Comparison Correction,body,Multiple-Comparison Correction,"The uncorrected family-wise error rate at α = 0.05 is 1 - (1 - 0.05)44 ≈ 0.90, which is exactly why a correction is required.",,
S27.002.n03,number,1,1,Multiple-Comparison Correction,body,Multiple-Comparison Correction,"The uncorrected family-wise error rate at α = 0.05 is 1 - (1 - 0.05)44 ≈ 0.90, which is exactly why a correction is required.",,
S27.002.n04,number,0.05,0.05,Multiple-Comparison Correction,body,Multiple-Comparison Correction,"The uncorrected family-wise error rate at α = 0.05 is 1 - (1 - 0.05)44 ≈ 0.90, which is exactly why a correction is required.",,
S27.002.n05,number,44,44,Multiple-Comparison Correction,body,Multiple-Comparison Correction,"The uncorrected family-wise error rate at α = 0.05 is 1 - (1 - 0.05)44 ≈ 0.90, which is exactly why a correction is required.",,
S27.002.n06,number,0.90,0.90,Multiple-Comparison Correction,body,Multiple-Comparison Correction,"The uncorrected family-wise error rate at α = 0.05 is 1 - (1 - 0.05)44 ≈ 0.90, which is exactly why a correction is required.",,
S27.003,sentence,,,Multiple-Comparison Correction,body,Multiple-Comparison Correction,We apply Holm-Bonferroni to the forty-four run-level signtest p-values (Table 8).,C039,
S27.004,sentence,,,Multiple-Comparison Correction,body,Multiple-Comparison Correction,"No hypothesis survives (0 of 44): the smallest raw p-value is 0.125 (Transformer-AD on FEMTO), and after Holm correction across the N = 44 family its adjusted p is 1.00, still far above α.",C039;C043;C044,
S27.004.n01,number,0,0,Multiple-Comparison Correction,body,Multiple-Comparison Correction,"No hypothesis survives (0 of 44): the smallest raw p-value is 0.125 (Transformer-AD on FEMTO), and after Holm correction across the N = 44 family its adjusted p is 1.00, still far above α.",,
S27.004.n02,number,44,44,Multiple-Comparison Correction,body,Multiple-Comparison Correction,"No hypothesis survives (0 of 44): the smallest raw p-value is 0.125 (Transformer-AD on FEMTO), and after Holm correction across the N = 44 family its adjusted p is 1.00, still far above α.",,
S27.004.n03,number,0.125,0.125,Multiple-Comparison Correction,body,Multiple-Comparison Correction,"No hypothesis survives (0 of 44): the smallest raw p-value is 0.125 (Transformer-AD on FEMTO), and after Holm correction across the N = 44 family its adjusted p is 1.00, still far above α.",,
S27.004.n04,number,44,44,Multiple-Comparison Correction,body,Multiple-Comparison Correction,"No hypothesis survives (0 of 44): the smallest raw p-value is 0.125 (Transformer-AD on FEMTO), and after Holm correction across the N = 44 family its adjusted p is 1.00, still far above α.",,
S27.004.n05,number,1.00,1.00,Multiple-Comparison Correction,body,Multiple-Comparison Correction,"No hypothesis survives (0 of 44): the smallest raw p-value is 0.125 (Transformer-AD on FEMTO), and after Holm correction across the N = 44 family its adjusted p is 1.00, still far above α.",,
S27.005,sentence,,,Multiple-Comparison Correction,body,Multiple-Comparison Correction,Every one of the fortyfour adjusted p-values is 1.00.,C043,
S27.005.n01,number,1.00,1.00,Multiple-Comparison Correction,body,Multiple-Comparison Correction,Every one of the fortyfour adjusted p-values is 1.00.,,
S27.006,sentence,,,Multiple-Comparison Correction,body,Multiple-Comparison Correction,"The conclusion is unambiguous and conservative: after honoring the run structure and correcting for multiple comparisons, there is no statistically significant aggregate-vs-decimate effect on any dataset.",,
S27.007,sentence,,,Multiple-Comparison Correction,body,Multiple-Comparison Correction,"The positive IMS median shift remains a reportable trend; it is simply not, and cannot be at n = 3, a significant one.",,
S27.007.n01,number,3,3,Multiple-Comparison Correction,body,Multiple-Comparison Correction,"The positive IMS median shift remains a reportable trend; it is simply not, and cannot be at n = 3, a significant one.",,
S27.008,sentence,,,Multiple-Comparison Correction,body,Multiple-Comparison Correction,"We note that the family is heterogeneous in power: the three deep sequence models contribute n = 3 XJTU tests rather than n = 10 (marked ‡ in Table 8), and those three cells rest on the longest-lived—hence most warnable—bearings.",C077;C083,
S27.008.n01,number,3,3,Multiple-Comparison Correction,body,Multiple-Comparison Correction,"We note that the family is heterogeneous in power: the three deep sequence models contribute n = 3 XJTU tests rather than n = 10 (marked ‡ in Table 8), and those three cells rest on the longest-lived—hence most warnable—bearings.",,
S27.008.n02,number,10,10,Multiple-Comparison Correction,body,Multiple-Comparison Correction,"We note that the family is heterogeneous in power: the three deep sequence models contribute n = 3 XJTU tests rather than n = 10 (marked ‡ in Table 8), and those three cells rest on the longest-lived—hence most warnable—bearings.",,
S27.009,sentence,,,Multiple-Comparison Correction,body,Multiple-Comparison Correction,"Because every uncorrected p in the family already exceeds 0.1, this heterogeneity does not change any rejection decision; we flag it so the N = 44 count is not read as forty-four equallypowered tests.",C039;C077;C083,
S27.009.n01,number,0.1,0.1,Multiple-Comparison Correction,body,Multiple-Comparison Correction,"Because every uncorrected p in the family already exceeds 0.1, this heterogeneity does not change any rejection decision; we flag it so the N = 44 count is not read as forty-four equallypowered tests.",,
S27.009.n02,number,44,44,Multiple-Comparison Correction,body,Multiple-Comparison Correction,"Because every uncorrected p in the family already exceeds 0.1, this heterogeneity does not change any rejection decision; we flag it so the N = 44 count is not read as forty-four equallypowered tests.",,
S27.010,sentence,,,Multiple-Comparison Correction,body,Multiple-Comparison Correction,"Table 9 breaks the XJTU result down by bearing at full resolution (aggregate mechanism, valid alarms counted over the five detectors).",,
S27.011,sentence,,,Multiple-Comparison Correction,body,Multiple-Comparison Correction,"We report the mean lead over the valid detectors as the realistic singledeployed-detector expectation, alongside the oracle “best lead” (the maximum over five, which presumes foreknowledge of which detector fires earliest); the two differ only where detectors disagree (e.g.",,
S27.012,sentence,,,Multiple-Comparison Correction,body,Multiple-Comparison Correction,Bearing2_2: 1.00 h mean vs. 1.08 h oracle).,,
S27.012.n01,number,1.00,1.00,Multiple-Comparison Correction,body,Multiple-Comparison Correction,Bearing2_2: 1.00 h mean vs. 1.08 h oracle).,,
S27.012.n02,number,1.08,1.08,Multiple-Comparison Correction,body,Multiple-Comparison Correction,Bearing2_2: 1.00 h mean vs. 1.08 h oracle).,,
S27.013,sentence,,,Multiple-Comparison Correction,body,Multiple-Comparison Correction,The aggregate 209/450 valid-alarm figure quoted above is not uniform: it is the sum of a strongly heterogeneous per-bearing picture.,C077,
S27.013.n01,number,209/450,209/450,Multiple-Comparison Correction,body,Multiple-Comparison Correction,The aggregate 209/450 valid-alarm figure quoted above is not uniform: it is the sum of a strongly heterogeneous per-bearing picture.,,
S27.014,sentence,,,Multiple-Comparison Correction,body,Multiple-Comparison Correction,"Long-degrading bearings such as Bearing2_3 (533 min life) and Bearing1_3 (158 min) are warnable with multi-hour or near-hour lead, whereas the two shortest-lived, abrupt-failure bearings—Bearing2_4 (42 min) and Bearing1_1 (123 min with a sudden end)— yield zero valid alarms for any detector (2/10 bearings are thus unwarnable by every method), because their degradation onset and failure are nearly coincident and no method can manufacture warning time that the physics does not provide.",C064;C079,
S27.014.n01,number,533,533,Multiple-Comparison Correction,body,Multiple-Comparison Correction,"Long-degrading bearings such as Bearing2_3 (533 min life) and Bearing1_3 (158 min) are warnable with multi-hour or near-hour lead, whereas the two shortest-lived, abrupt-failure bearings—Bearing2_4 (42 min) and Bearing1_1 (123 min with a sudden end)— yield zero valid alarms for any detector (2/10 bearings are thus unwarnable by every method), because their degradation onset and failure are nearly coincident and no method can manufacture warning time that the physics does not provide.",,
S27.014.n02,number,158,158,Multiple-Comparison Correction,body,Multiple-Comparison Correction,"Long-degrading bearings such as Bearing2_3 (533 min life) and Bearing1_3 (158 min) are warnable with multi-hour or near-hour lead, whereas the two shortest-lived, abrupt-failure bearings—Bearing2_4 (42 min) and Bearing1_1 (123 min with a sudden end)— yield zero valid alarms for any detector (2/10 bearings are thus unwarnable by every method), because their degradation onset and failure are nearly coincident and no method can manufacture warning time that the physics does not provide.",,
S27.014.n03,number,42,42,Multiple-Comparison Correction,body,Multiple-Comparison Correction,"Long-degrading bearings such as Bearing2_3 (533 min life) and Bearing1_3 (158 min) are warnable with multi-hour or near-hour lead, whereas the two shortest-lived, abrupt-failure bearings—Bearing2_4 (42 min) and Bearing1_1 (123 min with a sudden end)— yield zero valid alarms for any detector (2/10 bearings are thus unwarnable by every method), because their degradation onset and failure are nearly coincident and no method can manufacture warning time that the physics does not provide.",,
S27.014.n04,number,123,123,Multiple-Comparison Correction,body,Multiple-Comparison Correction,"Long-degrading bearings such as Bearing2_3 (533 min life) and Bearing1_3 (158 min) are warnable with multi-hour or near-hour lead, whereas the two shortest-lived, abrupt-failure bearings—Bearing2_4 (42 min) and Bearing1_1 (123 min with a sudden end)— yield zero valid alarms for any detector (2/10 bearings are thus unwarnable by every method), because their degradation onset and failure are nearly coincident and no method can manufacture warning time that the physics does not provide.",,
S27.014.n05,number,2/10,2/10,Multiple-Comparison Correction,body,Multiple-Comparison Correction,"Long-degrading bearings such as Bearing2_3 (533 min life) and Bearing1_3 (158 min) are warnable with multi-hour or near-hour lead, whereas the two shortest-lived, abrupt-failure bearings—Bearing2_4 (42 min) and Bearing1_1 (123 min with a sudden end)— yield zero valid alarms for any detector (2/10 bearings are thus unwarnable by every method), because their degradation onset and failure are nearly coincident and no method can manufacture warning time that the physics does not provide.",,
S27.015,sentence,,,Multiple-Comparison Correction,body,Multiple-Comparison Correction,The metric credits no warning time on bearings that provide none.,,
S27.016,sentence,,,Multiple-Comparison Correction,body,Multiple-Comparison Correction,The same contrast under the gated metric.,C084,
S27.017,sentence,,,Multiple-Comparison Correction,body,Multiple-Comparison Correction,"The cross-dataset headline above is computed on raw lead time, the quantity a coarsening operation acts on directly and the one that carries no dependence on the budget τ .",C093,
S27.018,sentence,,,Multiple-Comparison Correction,body,Multiple-Comparison Correction,"Because this paper argues that ungated lead time can mislead, we also report the aggregate-vs-decimate contrast under the gated metric itself, so the sampling conclusion does not rest on a quantity we criticise elsewhere (Table 10).",C084,
S27.019,sentence,,,Multiple-Comparison Correction,body,Multiple-Comparison Correction,"The answer does not change: on every inferential dataset the median run-level difference is at most a few thousandths of an hour under either metric, no detector is sign-consistent enough to reach significance, and no hypothesis survives Holm correction across the N = 44 family under either metric.",C039;C043;C084,
S27.019.n01,number,44,44,Multiple-Comparison Correction,body,Multiple-Comparison Correction,"The answer does not change: on every inferential dataset the median run-level difference is at most a few thousandths of an hour under either metric, no detector is sign-consistent enough to reach significance, and no hypothesis survives Holm correction across the N = 44 family under either metric.",,
S27.020,sentence,,,Multiple-Comparison Correction,body,Multiple-Comparison Correction,What changes is power.,,
S27.021,sentence,,,Multiple-Comparison Correction,body,Multiple-Comparison Correction,"Gating discards every run in which a detector never produces a valid alarm, so the mean effective sample size per detector falls from 3.0 to 1.3 on XJTU-SY, 4.8 to 2.8 on FEMTO, 5.0 to 3.6 on Ferrara, and 2.7 to 1.2 on IMS—roughly a halving.",C084;C130,
S27.021.n01,number,3.0,3.0,Multiple-Comparison Correction,body,Multiple-Comparison Correction,"Gating discards every run in which a detector never produces a valid alarm, so the mean effective sample size per detector falls from 3.0 to 1.3 on XJTU-SY, 4.8 to 2.8 on FEMTO, 5.0 to 3.6 on Ferrara, and 2.7 to 1.2 on IMS—roughly a halving.",,
S27.021.n02,number,1.3,1.3,Multiple-Comparison Correction,body,Multiple-Comparison Correction,"Gating discards every run in which a detector never produces a valid alarm, so the mean effective sample size per detector falls from 3.0 to 1.3 on XJTU-SY, 4.8 to 2.8 on FEMTO, 5.0 to 3.6 on Ferrara, and 2.7 to 1.2 on IMS—roughly a halving.",,
S27.021.n03,number,4.8,4.8,Multiple-Comparison Correction,body,Multiple-Comparison Correction,"Gating discards every run in which a detector never produces a valid alarm, so the mean effective sample size per detector falls from 3.0 to 1.3 on XJTU-SY, 4.8 to 2.8 on FEMTO, 5.0 to 3.6 on Ferrara, and 2.7 to 1.2 on IMS—roughly a halving.",,
S27.021.n04,number,2.8,2.8,Multiple-Comparison Correction,body,Multiple-Comparison Correction,"Gating discards every run in which a detector never produces a valid alarm, so the mean effective sample size per detector falls from 3.0 to 1.3 on XJTU-SY, 4.8 to 2.8 on FEMTO, 5.0 to 3.6 on Ferrara, and 2.7 to 1.2 on IMS—roughly a halving.",,
S27.021.n05,number,5.0,5.0,Multiple-Comparison Correction,body,Multiple-Comparison Correction,"Gating discards every run in which a detector never produces a valid alarm, so the mean effective sample size per detector falls from 3.0 to 1.3 on XJTU-SY, 4.8 to 2.8 on FEMTO, 5.0 to 3.6 on Ferrara, and 2.7 to 1.2 on IMS—roughly a halving.",,
S27.021.n06,number,3.6,3.6,Multiple-Comparison Correction,body,Multiple-Comparison Correction,"Gating discards every run in which a detector never produces a valid alarm, so the mean effective sample size per detector falls from 3.0 to 1.3 on XJTU-SY, 4.8 to 2.8 on FEMTO, 5.0 to 3.6 on Ferrara, and 2.7 to 1.2 on IMS—roughly a halving.",,
S27.021.n07,number,2.7,2.7,Multiple-Comparison Correction,body,Multiple-Comparison Correction,"Gating discards every run in which a detector never produces a valid alarm, so the mean effective sample size per detector falls from 3.0 to 1.3 on XJTU-SY, 4.8 to 2.8 on FEMTO, 5.0 to 3.6 on Ferrara, and 2.7 to 1.2 on IMS—roughly a halving.",,
S27.021.n08,number,1.2,1.2,Multiple-Comparison Correction,body,Multiple-Comparison Correction,"Gating discards every run in which a detector never produces a valid alarm, so the mean effective sample size per detector falls from 3.0 to 1.3 on XJTU-SY, 4.8 to 2.8 on FEMTO, 5.0 to 3.6 on Ferrara, and 2.7 to 1.2 on IMS—roughly a halving.",,
S27.022,sentence,,,Multiple-Comparison Correction,body,Multiple-Comparison Correction,"The gated contrast is thus the more conservative and the less informative of the two: it agrees with the raw contrast while having materially less ability to detect a difference, which is why we keep raw lead as the primary reported quantity and treat the gated version as a robustness check rather than a replacement.",,
S28.001,sentence,,,Lead-Time--vs--False-Alarm Trade-off,body,Lead-Time--vs--False-Alarm Trade-off,"Sweeping the alarm-threshold percentile traces a prognostics analog of the ROC curve (Figure 5a, Table 13): tightening the threshold lowers both pre-onset FAR and lead time together, letting an operator select an operating point for a stated falsealarm budget.",C089,
S28.002,sentence,,,Lead-Time--vs--False-Alarm Trade-off,body,Lead-Time--vs--False-Alarm Trade-off,"On the achievable frontier (highest lead at the lowest FAR each detector attains) Hotelling T 2 and Isolation Forest dominate the upper-left, while the naive RMS-trend baseline collapses to near-zero lead as soon as the threshold is tightened.",C089,
S28.003,sentence,,,Lead-Time--vs--False-Alarm Trade-off,body,Lead-Time--vs--False-Alarm Trade-off,"At a strict 99.5th-percentile threshold, for instance, 3σ retains 56.3 h of lead at 8.9% pre-onset FAR, whereas RMS-trend has collapsed to 1.3 h.",C090,
S28.003.n01,number,99.5,99.5,Lead-Time--vs--False-Alarm Trade-off,body,Lead-Time--vs--False-Alarm Trade-off,"At a strict 99.5th-percentile threshold, for instance, 3σ retains 56.3 h of lead at 8.9% pre-onset FAR, whereas RMS-trend has collapsed to 1.3 h.",,
S28.003.n02,number,56.3,56.3,Lead-Time--vs--False-Alarm Trade-off,body,Lead-Time--vs--False-Alarm Trade-off,"At a strict 99.5th-percentile threshold, for instance, 3σ retains 56.3 h of lead at 8.9% pre-onset FAR, whereas RMS-trend has collapsed to 1.3 h.",,
S28.003.n03,number,8.9%,8.9%,Lead-Time--vs--False-Alarm Trade-off,body,Lead-Time--vs--False-Alarm Trade-off,"At a strict 99.5th-percentile threshold, for instance, 3σ retains 56.3 h of lead at 8.9% pre-onset FAR, whereas RMS-trend has collapsed to 1.3 h.",,
S28.003.n04,number,1.3,1.3,Lead-Time--vs--False-Alarm Trade-off,body,Lead-Time--vs--False-Alarm Trade-off,"At a strict 99.5th-percentile threshold, for instance, 3σ retains 56.3 h of lead at 8.9% pre-onset FAR, whereas RMS-trend has collapsed to 1.3 h.",,
S28.004,sentence,,,Lead-Time--vs--False-Alarm Trade-off,body,Lead-Time--vs--False-Alarm Trade-off,This converts the single gated number into a usable operating-point selector.,C089,
S28.005,sentence,,,Lead-Time--vs--False-Alarm Trade-off,body,Lead-Time--vs--False-Alarm Trade-off,Note that many entries in Table 13 sit above the τ = 10% false-alarm budget; under the gated metric those operating points are invalid and we mark them with a dagger.,C084,
S28.005.n01,number,10%,10%,Lead-Time--vs--False-Alarm Trade-off,body,Lead-Time--vs--False-Alarm Trade-off,Note that many entries in Table 13 sit above the τ = 10% false-alarm budget; under the gated metric those operating points are invalid and we mark them with a dagger.,,
S28.006,sentence,,,Lead-Time--vs--False-Alarm Trade-off,body,Lead-Time--vs--False-Alarm Trade-off,"This has a concrete consequence for detector choice: Hotelling T 2 attains the highest raw lead of any control chart in Table 13 but its pre-onset FAR exceeds the τ = 10% budget at every threshold tested (all three Hotelling T 2 entries are daggered), so under the gated metric it has no valid operating point on IMS.",C084,
S28.006.n01,number,10%,10%,Lead-Time--vs--False-Alarm Trade-off,body,Lead-Time--vs--False-Alarm Trade-off,"This has a concrete consequence for detector choice: Hotelling T 2 attains the highest raw lead of any control chart in Table 13 but its pre-onset FAR exceeds the τ = 10% budget at every threshold tested (all three Hotelling T 2 entries are daggered), so under the gated metric it has no valid operating point on IMS.",,
S28.007,sentence,,,Lead-Time--vs--False-Alarm Trade-off,body,Lead-Time--vs--False-Alarm Trade-off,"EWMA and CUSUM behave the same way: their preonset FAR sits at 19.0-22.1% across the swept thresholds, never dipping below the budget, so neither has a valid operating point: the two memory-based control charts share this liability and neither should be recommended under a 10% budget.",C057,
S28.007.n01,number,19.0,19.0,Lead-Time--vs--False-Alarm Trade-off,body,Lead-Time--vs--False-Alarm Trade-off,"EWMA and CUSUM behave the same way: their preonset FAR sits at 19.0-22.1% across the swept thresholds, never dipping below the budget, so neither has a valid operating point: the two memory-based control charts share this liability and neither should be recommended under a 10% budget.",,
S28.007.n02,number,22.1%,22.1%,Lead-Time--vs--False-Alarm Trade-off,body,Lead-Time--vs--False-Alarm Trade-off,"EWMA and CUSUM behave the same way: their preonset FAR sits at 19.0-22.1% across the swept thresholds, never dipping below the budget, so neither has a valid operating point: the two memory-based control charts share this liability and neither should be recommended under a 10% budget.",,
S28.007.n03,number,10%,10%,Lead-Time--vs--False-Alarm Trade-off,body,Lead-Time--vs--False-Alarm Trade-off,"EWMA and CUSUM behave the same way: their preonset FAR sits at 19.0-22.1% across the swept thresholds, never dipping below the budget, so neither has a valid operating point: the two memory-based control charts share this liability and neither should be recommended under a 10% budget.",,
S28.008,sentence,,,Lead-Time--vs--False-Alarm Trade-off,body,Lead-Time--vs--False-Alarm Trade-off,"Deep SVDD occupies the opposite corner: it stays comfortably within budget (≤ 0.6% FAR) but only by firing late, buying that low false-alarm rate with a short ≤ 14.8 h lead.",C003;C091,
S28.008.n01,number,0.6%,0.6%,Lead-Time--vs--False-Alarm Trade-off,body,Lead-Time--vs--False-Alarm Trade-off,"Deep SVDD occupies the opposite corner: it stays comfortably within budget (≤ 0.6% FAR) but only by firing late, buying that low false-alarm rate with a short ≤ 14.8 h lead.",,
S28.008.n02,number,14.8,14.8,Lead-Time--vs--False-Alarm Trade-off,body,Lead-Time--vs--False-Alarm Trade-off,"Deep SVDD occupies the opposite corner: it stays comfortably within budget (≤ 0.6% FAR) but only by firing late, buying that low false-alarm rate with a short ≤ 14.8 h lead.",,
S28.009,sentence,,,Lead-Time--vs--False-Alarm Trade-off,body,Lead-Time--vs--False-Alarm Trade-off,"The 3σ chart, by contrast, reaches a valid point (56.3 h of lead at 8.9% FAR at the 99.5th percentile) and is therefore the recommended chart under a 10% budget, a ranking the raw-lead column of Table 2, where the deep reconstruction models lead, would by itself obscure.",C090,
S28.009.n01,number,56.3,56.3,Lead-Time--vs--False-Alarm Trade-off,body,Lead-Time--vs--False-Alarm Trade-off,"The 3σ chart, by contrast, reaches a valid point (56.3 h of lead at 8.9% FAR at the 99.5th percentile) and is therefore the recommended chart under a 10% budget, a ranking the raw-lead column of Table 2, where the deep reconstruction models lead, would by itself obscure.",,
S28.009.n02,number,8.9%,8.9%,Lead-Time--vs--False-Alarm Trade-off,body,Lead-Time--vs--False-Alarm Trade-off,"The 3σ chart, by contrast, reaches a valid point (56.3 h of lead at 8.9% FAR at the 99.5th percentile) and is therefore the recommended chart under a 10% budget, a ranking the raw-lead column of Table 2, where the deep reconstruction models lead, would by itself obscure.",,
S28.009.n03,number,99.5,99.5,Lead-Time--vs--False-Alarm Trade-off,body,Lead-Time--vs--False-Alarm Trade-off,"The 3σ chart, by contrast, reaches a valid point (56.3 h of lead at 8.9% FAR at the 99.5th percentile) and is therefore the recommended chart under a 10% budget, a ranking the raw-lead column of Table 2, where the deep reconstruction models lead, would by itself obscure.",,
S28.009.n04,number,10%,10%,Lead-Time--vs--False-Alarm Trade-off,body,Lead-Time--vs--False-Alarm Trade-off,"The 3σ chart, by contrast, reaches a valid point (56.3 h of lead at 8.9% FAR at the 99.5th percentile) and is therefore the recommended chart under a 10% budget, a ranking the raw-lead column of Table 2, where the deep reconstruction models lead, would by itself obscure.",,
S28.010,sentence,,,Lead-Time--vs--False-Alarm Trade-off,body,Lead-Time--vs--False-Alarm Trade-off,"The same tradeoff computed on the ten XJTU bearings (Figure 5b) has the same qualitative shape at the shorter absolute lead times those bearings allow, confirming that the operating-point selection generalizes beyond the laboratory rig.",,
S28.011,sentence,,,Lead-Time--vs--False-Alarm Trade-off,body,Lead-Time--vs--False-Alarm Trade-off,Sensitivity to the false-alarm budget.,,
S28.012,sentence,,,Lead-Time--vs--False-Alarm Trade-off,body,Lead-Time--vs--False-Alarm Trade-off,"The budget τ is a policy input, so we report how the detector recommendation moves with it rather than fixing τ = 10% silently (Table 12).",,
S28.012.n01,number,10%,10%,Lead-Time--vs--False-Alarm Trade-off,body,Lead-Time--vs--False-Alarm Trade-off,"The budget τ is a policy input, so we report how the detector recommendation moves with it rather than fixing τ = 10% silently (Table 12).",,
S28.013,sentence,,,Lead-Time--vs--False-Alarm Trade-off,body,Lead-Time--vs--False-Alarm Trade-off,"The recommendation is not τ -invariant, and we state this plainly.",,
S28.014,sentence,,,Lead-Time--vs--False-Alarm Trade-off,body,Lead-Time--vs--False-Alarm Trade-off,"At τ = 0.20 the 3σ chart gives the longest valid lead (77.0 h), now joined by CUSUM, Hotelling T 2, and Isolation Forest as their pre-onset FAR falls within the looser budget.",C092,
S28.014.n01,number,0.20,0.20,Lead-Time--vs--False-Alarm Trade-off,body,Lead-Time--vs--False-Alarm Trade-off,"At τ = 0.20 the 3σ chart gives the longest valid lead (77.0 h), now joined by CUSUM, Hotelling T 2, and Isolation Forest as their pre-onset FAR falls within the looser budget.",,
S28.014.n02,number,77.0,77.0,Lead-Time--vs--False-Alarm Trade-off,body,Lead-Time--vs--False-Alarm Trade-off,"At τ = 0.20 the 3σ chart gives the longest valid lead (77.0 h), now joined by CUSUM, Hotelling T 2, and Isolation Forest as their pre-onset FAR falls within the looser budget.",,
S28.015,sentence,,,Lead-Time--vs--False-Alarm Trade-off,body,Lead-Time--vs--False-Alarm Trade-off,At τ = 0.10 the 3σ chart remains the best valid chart (56.3 h).,C090,
S28.015.n01,number,0.10,0.10,Lead-Time--vs--False-Alarm Trade-off,body,Lead-Time--vs--False-Alarm Trade-off,At τ = 0.10 the 3σ chart remains the best valid chart (56.3 h).,,
S28.015.n02,number,56.3,56.3,Lead-Time--vs--False-Alarm Trade-off,body,Lead-Time--vs--False-Alarm Trade-off,At τ = 0.10 the 3σ chart remains the best valid chart (56.3 h).,,
S28.016,sentence,,,Lead-Time--vs--False-Alarm Trade-off,body,Lead-Time--vs--False-Alarm Trade-off,But at a strict τ = 0.05 no control chart qualifies at all—only Deep SVDD (14.8 h) and the RMS-trend floor (34.7 h) stay within a 5% budget—so an operator with a very low nuisancealarm tolerance should prefer the low-FAR Deep SVDD operating point over any chart.,C037;C091;C092,
S28.016.n01,number,0.05,0.05,Lead-Time--vs--False-Alarm Trade-off,body,Lead-Time--vs--False-Alarm Trade-off,But at a strict τ = 0.05 no control chart qualifies at all—only Deep SVDD (14.8 h) and the RMS-trend floor (34.7 h) stay within a 5% budget—so an operator with a very low nuisancealarm tolerance should prefer the low-FAR Deep SVDD operating point over any chart.,,
S28.016.n02,number,14.8,14.8,Lead-Time--vs--False-Alarm Trade-off,body,Lead-Time--vs--False-Alarm Trade-off,But at a strict τ = 0.05 no control chart qualifies at all—only Deep SVDD (14.8 h) and the RMS-trend floor (34.7 h) stay within a 5% budget—so an operator with a very low nuisancealarm tolerance should prefer the low-FAR Deep SVDD operating point over any chart.,,
S28.016.n03,number,34.7,34.7,Lead-Time--vs--False-Alarm Trade-off,body,Lead-Time--vs--False-Alarm Trade-off,But at a strict τ = 0.05 no control chart qualifies at all—only Deep SVDD (14.8 h) and the RMS-trend floor (34.7 h) stay within a 5% budget—so an operator with a very low nuisancealarm tolerance should prefer the low-FAR Deep SVDD operating point over any chart.,,
S28.016.n04,number,5%,5%,Lead-Time--vs--False-Alarm Trade-off,body,Lead-Time--vs--False-Alarm Trade-off,But at a strict τ = 0.05 no control chart qualifies at all—only Deep SVDD (14.8 h) and the RMS-trend floor (34.7 h) stay within a 5% budget—so an operator with a very low nuisancealarm tolerance should prefer the low-FAR Deep SVDD operating point over any chart.,,
S28.017,sentence,,,Lead-Time--vs--False-Alarm Trade-off,body,Lead-Time--vs--False-Alarm Trade-off,The 3σ recommendation therefore holds for τ ≥ 0.10 on IMS and inverts toward the low-FAR detectors below it.,C091;C092,
S28.017.n01,number,0.10,0.10,Lead-Time--vs--False-Alarm Trade-off,body,Lead-Time--vs--False-Alarm Trade-off,The 3σ recommendation therefore holds for τ ≥ 0.10 on IMS and inverts toward the low-FAR detectors below it.,,
S28.018,sentence,,,Lead-Time--vs--False-Alarm Trade-off,body,Lead-Time--vs--False-Alarm Trade-off,"Crucially, the cross-dataset headline is untouched by this choice: it is computed on raw (ungated) leadtime differences (Section 4.9) and does not depend on τ at all.",C093,
S28.019,sentence,,,Lead-Time--vs--False-Alarm Trade-off,body,Lead-Time--vs--False-Alarm Trade-off,Where does τ = 10% come from?,,
S28.019.n01,number,10%,10%,Lead-Time--vs--False-Alarm Trade-off,body,Lead-Time--vs--False-Alarm Trade-off,Where does τ = 10% come from?,,
S28.020,sentence,,,Lead-Time--vs--False-Alarm Trade-off,body,Lead-Time--vs--False-Alarm Trade-off,A cost-ratio argument.,C094,
S28.021,sentence,,,Lead-Time--vs--False-Alarm Trade-off,body,Lead-Time--vs--False-Alarm Trade-off,We do not treat τ as arbitrary.,,
S28.022,sentence,,,Lead-Time--vs--False-Alarm Trade-off,body,Lead-Time--vs--False-Alarm Trade-off,"Consider a simple expected-cost model with two site parameters: cI , the cost of responding to one nuisance alarm (a wasted inspection), and cF , the cost of an unplanned bearing failure (downtime plus secondary shaft/housing damage).",,
S28.023,sentence,,,Lead-Time--vs--False-Alarm Trade-off,body,Lead-Time--vs--False-Alarm Trade-off,"Over a bearing’s pre-onset life of k windows a detector at pre-onset FAR f issues ≈kf nuisance inspections, and a valid alarm with adequate lead converts the failure into a planned repair, saving cF .",,
S28.024,sentence,,,Lead-Time--vs--False-Alarm Trade-off,body,Lead-Time--vs--False-Alarm Trade-off,"An operator should tolerate false alarms up to the budget at which their cumulative cost equals the warning’s value, kτ cI ≈ cF , i.e. τ∗ ≈ cF ρ =, k cI k ρ ≡ cF /cI .",C094,
S28.025,sentence,,,Lead-Time--vs--False-Alarm Trade-off,body,Lead-Time--vs--False-Alarm Trade-off,"(6) For rolling-element bearings an unplanned failure typically costs ρ = 102-104 times a routine inspection, and the preonset window count is of order k ∼ 103 on the runs studied here, so Eq.",C094,
S28.025.n01,number,6,6,Lead-Time--vs--False-Alarm Trade-off,body,Lead-Time--vs--False-Alarm Trade-off,"(6) For rolling-element bearings an unplanned failure typically costs ρ = 102-104 times a routine inspection, and the preonset window count is of order k ∼ 103 on the runs studied here, so Eq.",,
S28.025.n02,number,102,102,Lead-Time--vs--False-Alarm Trade-off,body,Lead-Time--vs--False-Alarm Trade-off,"(6) For rolling-element bearings an unplanned failure typically costs ρ = 102-104 times a routine inspection, and the preonset window count is of order k ∼ 103 on the runs studied here, so Eq.",,
S28.025.n03,number,104,104,Lead-Time--vs--False-Alarm Trade-off,body,Lead-Time--vs--False-Alarm Trade-off,"(6) For rolling-element bearings an unplanned failure typically costs ρ = 102-104 times a routine inspection, and the preonset window count is of order k ∼ 103 on the runs studied here, so Eq.",,
S28.025.n04,number,103,103,Lead-Time--vs--False-Alarm Trade-off,body,Lead-Time--vs--False-Alarm Trade-off,"(6) For rolling-element bearings an unplanned failure typically costs ρ = 102-104 times a routine inspection, and the preonset window count is of order k ∼ 103 on the runs studied here, so Eq.",,
S28.026,sentence,,,Lead-Time--vs--False-Alarm Trade-off,body,Lead-Time--vs--False-Alarm Trade-off,"(6) places the break-even budget at τ ∗ ∼ 0.1-1 (τ ∗ saturates at 1 for ρ ≥ 103 and falls to 0.10 at ρ = 102, k = 103).",C094,
S28.026.n01,number,6,6,Lead-Time--vs--False-Alarm Trade-off,body,Lead-Time--vs--False-Alarm Trade-off,"(6) places the break-even budget at τ ∗ ∼ 0.1-1 (τ ∗ saturates at 1 for ρ ≥ 103 and falls to 0.10 at ρ = 102, k = 103).",,
S28.026.n02,number,0.1,0.1,Lead-Time--vs--False-Alarm Trade-off,body,Lead-Time--vs--False-Alarm Trade-off,"(6) places the break-even budget at τ ∗ ∼ 0.1-1 (τ ∗ saturates at 1 for ρ ≥ 103 and falls to 0.10 at ρ = 102, k = 103).",,
S28.026.n03,number,1,1,Lead-Time--vs--False-Alarm Trade-off,body,Lead-Time--vs--False-Alarm Trade-off,"(6) places the break-even budget at τ ∗ ∼ 0.1-1 (τ ∗ saturates at 1 for ρ ≥ 103 and falls to 0.10 at ρ = 102, k = 103).",,
S28.026.n04,number,1,1,Lead-Time--vs--False-Alarm Trade-off,body,Lead-Time--vs--False-Alarm Trade-off,"(6) places the break-even budget at τ ∗ ∼ 0.1-1 (τ ∗ saturates at 1 for ρ ≥ 103 and falls to 0.10 at ρ = 102, k = 103).",,
S28.026.n05,number,103,103,Lead-Time--vs--False-Alarm Trade-off,body,Lead-Time--vs--False-Alarm Trade-off,"(6) places the break-even budget at τ ∗ ∼ 0.1-1 (τ ∗ saturates at 1 for ρ ≥ 103 and falls to 0.10 at ρ = 102, k = 103).",,
S28.026.n06,number,0.10,0.10,Lead-Time--vs--False-Alarm Trade-off,body,Lead-Time--vs--False-Alarm Trade-off,"(6) places the break-even budget at τ ∗ ∼ 0.1-1 (τ ∗ saturates at 1 for ρ ≥ 103 and falls to 0.10 at ρ = 102, k = 103).",,
S28.026.n07,number,102,102,Lead-Time--vs--False-Alarm Trade-off,body,Lead-Time--vs--False-Alarm Trade-off,"(6) places the break-even budget at τ ∗ ∼ 0.1-1 (τ ∗ saturates at 1 for ρ ≥ 103 and falls to 0.10 at ρ = 102, k = 103).",,
S28.026.n08,number,103,103,Lead-Time--vs--False-Alarm Trade-off,body,Lead-Time--vs--False-Alarm Trade-off,"(6) places the break-even budget at τ ∗ ∼ 0.1-1 (τ ∗ saturates at 1 for ρ ≥ 103 and falls to 0.10 at ρ = 102, k = 103).",,
S28.027,sentence,,,Lead-Time--vs--False-Alarm Trade-off,body,Lead-Time--vs--False-Alarm Trade-off,"Our τ = 0.10 is the conservative end of that range, justified whenever failures are at least ∼100× costlier than inspections.",,
S28.027.n01,number,0.10,0.10,Lead-Time--vs--False-Alarm Trade-off,body,Lead-Time--vs--False-Alarm Trade-off,"Our τ = 0.10 is the conservative end of that range, justified whenever failures are at least ∼100× costlier than inspections.",,
S28.027.n02,number,100,100,Lead-Time--vs--False-Alarm Trade-off,body,Lead-Time--vs--False-Alarm Trade-off,"Our τ = 0.10 is the conservative end of that range, justified whenever failures are at least ∼100× costlier than inspections.",,
S28.028,sentence,,,Lead-Time--vs--False-Alarm Trade-off,body,Lead-Time--vs--False-Alarm Trade-off,"The strict τ = 0.05 column of Table 12 corre- sponds to the opposite regime, inspections that are themselves disruptive (e.g. requiring a shutdown) so ρ is small, exactly where the low-FAR Deep SVDD point becomes the economical choice.",C091;C092;C094,
S28.028.n01,number,0.05,0.05,Lead-Time--vs--False-Alarm Trade-off,body,Lead-Time--vs--False-Alarm Trade-off,"The strict τ = 0.05 column of Table 12 corre- sponds to the opposite regime, inspections that are themselves disruptive (e.g. requiring a shutdown) so ρ is small, exactly where the low-FAR Deep SVDD point becomes the economical choice.",,
S28.029,sentence,,,Lead-Time--vs--False-Alarm Trade-off,body,Lead-Time--vs--False-Alarm Trade-off,"We stress this is an order-of-magnitude anchor, not a site-specific optimisation: the true optimum requires an operator’s actual cI and cF , which we do not have, and Eq.",C094,
S28.030,sentence,,,Lead-Time--vs--False-Alarm Trade-off,body,Lead-Time--vs--False-Alarm Trade-off,(6) is offered so a practitioner can substitute their own.,,
S28.030.n01,number,6,6,Lead-Time--vs--False-Alarm Trade-off,body,Lead-Time--vs--False-Alarm Trade-off,(6) is offered so a practitioner can substitute their own.,,
S29.001,sentence,,,Feature-Group Ablation,body,Feature-Group Ablation,"We ablate feature families on IMS for all six non-sequence detectors, reporting the valid-alarm fraction by group across the three runs (Table 14).",,
S29.002,sentence,,,Feature-Group Ablation,body,Feature-Group Ablation,"The pattern is consistent and somewhat against expectation: time-domain amplitude features (rms_only or time_only) give each detector its highest or tied-highest validity, and admitting spectral, envelope, or the full feature set never improves validity for any of them.",C096,
S29.003,sentence,,,Feature-Group Ablation,body,Feature-Group Ablation,"For the memory-based control charts it sharpens: rms_only is the unique group at which 3σ and EWMA reach full validity (1.00 at 0% pre-onset FAR), and spectral/envelope/all collapse all four SPC charts to 0.33 by driving their preonset FAR to 42-63%—the variance-sensitive charts react violently to the noisy extra dimensions.",C045;C057;C096;C097,
S29.003.n01,number,1.00,1.00,Feature-Group Ablation,body,Feature-Group Ablation,"For the memory-based control charts it sharpens: rms_only is the unique group at which 3σ and EWMA reach full validity (1.00 at 0% pre-onset FAR), and spectral/envelope/all collapse all four SPC charts to 0.33 by driving their preonset FAR to 42-63%—the variance-sensitive charts react violently to the noisy extra dimensions.",,
S29.003.n02,number,0%,0%,Feature-Group Ablation,body,Feature-Group Ablation,"For the memory-based control charts it sharpens: rms_only is the unique group at which 3σ and EWMA reach full validity (1.00 at 0% pre-onset FAR), and spectral/envelope/all collapse all four SPC charts to 0.33 by driving their preonset FAR to 42-63%—the variance-sensitive charts react violently to the noisy extra dimensions.",,
S29.003.n03,number,0.33,0.33,Feature-Group Ablation,body,Feature-Group Ablation,"For the memory-based control charts it sharpens: rms_only is the unique group at which 3σ and EWMA reach full validity (1.00 at 0% pre-onset FAR), and spectral/envelope/all collapse all four SPC charts to 0.33 by driving their preonset FAR to 42-63%—the variance-sensitive charts react violently to the noisy extra dimensions.",,
S29.003.n04,number,42,42,Feature-Group Ablation,body,Feature-Group Ablation,"For the memory-based control charts it sharpens: rms_only is the unique group at which 3σ and EWMA reach full validity (1.00 at 0% pre-onset FAR), and spectral/envelope/all collapse all four SPC charts to 0.33 by driving their preonset FAR to 42-63%—the variance-sensitive charts react violently to the noisy extra dimensions.",,
S29.003.n05,number,63%,63%,Feature-Group Ablation,body,Feature-Group Ablation,"For the memory-based control charts it sharpens: rms_only is the unique group at which 3σ and EWMA reach full validity (1.00 at 0% pre-onset FAR), and spectral/envelope/all collapse all four SPC charts to 0.33 by driving their preonset FAR to 42-63%—the variance-sensitive charts react violently to the noisy extra dimensions.",,
S29.004,sentence,,,Feature-Group Ablation,body,Feature-Group Ablation,"Deep SVDD is the instructive exception, and it fails for the opposite reason: its pre-onset FAR stays near 0% under every feature set (it rarely false-alarms), yet spectral features still cut its validity to 0.33 (and to 0.00 for spectral_only) by delaying or suppressing the alarm rather than inflating the FAR—the frequency-domain dimensions hurt the one-class deep model through missed detections, not false alarms.",C045;C097,
S29.004.n01,number,0%,0%,Feature-Group Ablation,body,Feature-Group Ablation,"Deep SVDD is the instructive exception, and it fails for the opposite reason: its pre-onset FAR stays near 0% under every feature set (it rarely false-alarms), yet spectral features still cut its validity to 0.33 (and to 0.00 for spectral_only) by delaying or suppressing the alarm rather than inflating the FAR—the frequency-domain dimensions hurt the one-class deep model through missed detections, not false alarms.",,
S29.004.n02,number,0.33,0.33,Feature-Group Ablation,body,Feature-Group Ablation,"Deep SVDD is the instructive exception, and it fails for the opposite reason: its pre-onset FAR stays near 0% under every feature set (it rarely false-alarms), yet spectral features still cut its validity to 0.33 (and to 0.00 for spectral_only) by delaying or suppressing the alarm rather than inflating the FAR—the frequency-domain dimensions hurt the one-class deep model through missed detections, not false alarms.",,
S29.004.n03,number,0.00,0.00,Feature-Group Ablation,body,Feature-Group Ablation,"Deep SVDD is the instructive exception, and it fails for the opposite reason: its pre-onset FAR stays near 0% under every feature set (it rarely false-alarms), yet spectral features still cut its validity to 0.33 (and to 0.00 for spectral_only) by delaying or suppressing the alarm rather than inflating the FAR—the frequency-domain dimensions hurt the one-class deep model through missed detections, not false alarms.",,
S29.005,sentence,,,Feature-Group Ablation,body,Feature-Group Ablation,"Either way the practical recommendation is detector-general on IMS: under a false-alarm budget, restrict every detector to time-domain amplitude features; frequency-domain features must be admitted with care, most of all for the SPC charts.",C096,
S29.006,sentence,,,Feature-Group Ablation,body,Feature-Group Ablation,"Raw lead time inverts this ranking without overturning it: on Isolation Forest the envelope group yields the longest mean lead (99.4 h) and rms_only the shortest (32.0 h), but the long-lead groups accrue 23-29% pre-onset FAR against 0.2% for rms_only, so they buy their lead by firing indiscriminately—and per run the same mechanism is visible directly, with spectral features flipping 3σ, EWMA and Hotelling T 2 from valid to invalid on test 2 at 100% pre-onset FAR while Isolation Forest stays valid in both settings.",C096;C098,
S29.006.n01,number,99.4,99.4,Feature-Group Ablation,body,Feature-Group Ablation,"Raw lead time inverts this ranking without overturning it: on Isolation Forest the envelope group yields the longest mean lead (99.4 h) and rms_only the shortest (32.0 h), but the long-lead groups accrue 23-29% pre-onset FAR against 0.2% for rms_only, so they buy their lead by firing indiscriminately—and per run the same mechanism is visible directly, with spectral features flipping 3σ, EWMA and Hotelling T 2 from valid to invalid on test 2 at 100% pre-onset FAR while Isolation Forest stays valid in both settings.",,
S29.006.n02,number,32.0,32.0,Feature-Group Ablation,body,Feature-Group Ablation,"Raw lead time inverts this ranking without overturning it: on Isolation Forest the envelope group yields the longest mean lead (99.4 h) and rms_only the shortest (32.0 h), but the long-lead groups accrue 23-29% pre-onset FAR against 0.2% for rms_only, so they buy their lead by firing indiscriminately—and per run the same mechanism is visible directly, with spectral features flipping 3σ, EWMA and Hotelling T 2 from valid to invalid on test 2 at 100% pre-onset FAR while Isolation Forest stays valid in both settings.",,
S29.006.n03,number,23,23,Feature-Group Ablation,body,Feature-Group Ablation,"Raw lead time inverts this ranking without overturning it: on Isolation Forest the envelope group yields the longest mean lead (99.4 h) and rms_only the shortest (32.0 h), but the long-lead groups accrue 23-29% pre-onset FAR against 0.2% for rms_only, so they buy their lead by firing indiscriminately—and per run the same mechanism is visible directly, with spectral features flipping 3σ, EWMA and Hotelling T 2 from valid to invalid on test 2 at 100% pre-onset FAR while Isolation Forest stays valid in both settings.",,
S29.006.n04,number,29%,29%,Feature-Group Ablation,body,Feature-Group Ablation,"Raw lead time inverts this ranking without overturning it: on Isolation Forest the envelope group yields the longest mean lead (99.4 h) and rms_only the shortest (32.0 h), but the long-lead groups accrue 23-29% pre-onset FAR against 0.2% for rms_only, so they buy their lead by firing indiscriminately—and per run the same mechanism is visible directly, with spectral features flipping 3σ, EWMA and Hotelling T 2 from valid to invalid on test 2 at 100% pre-onset FAR while Isolation Forest stays valid in both settings.",,
S29.006.n05,number,0.2%,0.2%,Feature-Group Ablation,body,Feature-Group Ablation,"Raw lead time inverts this ranking without overturning it: on Isolation Forest the envelope group yields the longest mean lead (99.4 h) and rms_only the shortest (32.0 h), but the long-lead groups accrue 23-29% pre-onset FAR against 0.2% for rms_only, so they buy their lead by firing indiscriminately—and per run the same mechanism is visible directly, with spectral features flipping 3σ, EWMA and Hotelling T 2 from valid to invalid on test 2 at 100% pre-onset FAR while Isolation Forest stays valid in both settings.",,
S29.006.n06,number,2,2,Feature-Group Ablation,body,Feature-Group Ablation,"Raw lead time inverts this ranking without overturning it: on Isolation Forest the envelope group yields the longest mean lead (99.4 h) and rms_only the shortest (32.0 h), but the long-lead groups accrue 23-29% pre-onset FAR against 0.2% for rms_only, so they buy their lead by firing indiscriminately—and per run the same mechanism is visible directly, with spectral features flipping 3σ, EWMA and Hotelling T 2 from valid to invalid on test 2 at 100% pre-onset FAR while Isolation Forest stays valid in both settings.",,
S29.006.n07,number,100%,100%,Feature-Group Ablation,body,Feature-Group Ablation,"Raw lead time inverts this ranking without overturning it: on Isolation Forest the envelope group yields the longest mean lead (99.4 h) and rms_only the shortest (32.0 h), but the long-lead groups accrue 23-29% pre-onset FAR against 0.2% for rms_only, so they buy their lead by firing indiscriminately—and per run the same mechanism is visible directly, with spectral features flipping 3σ, EWMA and Hotelling T 2 from valid to invalid on test 2 at 100% pre-onset FAR while Isolation Forest stays valid in both settings.",,
S29.007,sentence,,,Feature-Group Ablation,body,Feature-Group Ablation,"Repeating the ablation at every coarsening factor leaves rms_only uniquely best at native and 2× resolution (f ≤ 2), matching the informational argument that bin-averaging preserves the amplitude statistic; at f ≥ 5 only a handful of windows survive per run, so valid fractions move in steps of 1/3 and whether the rms_only advantage holds at the coarsest SCADA rates is not resolvable at n = 3.",C096;C099,
S29.007.n01,number,2,2,Feature-Group Ablation,body,Feature-Group Ablation,"Repeating the ablation at every coarsening factor leaves rms_only uniquely best at native and 2× resolution (f ≤ 2), matching the informational argument that bin-averaging preserves the amplitude statistic; at f ≥ 5 only a handful of windows survive per run, so valid fractions move in steps of 1/3 and whether the rms_only advantage holds at the coarsest SCADA rates is not resolvable at n = 3.",,
S29.007.n02,number,2,2,Feature-Group Ablation,body,Feature-Group Ablation,"Repeating the ablation at every coarsening factor leaves rms_only uniquely best at native and 2× resolution (f ≤ 2), matching the informational argument that bin-averaging preserves the amplitude statistic; at f ≥ 5 only a handful of windows survive per run, so valid fractions move in steps of 1/3 and whether the rms_only advantage holds at the coarsest SCADA rates is not resolvable at n = 3.",,
S29.007.n03,number,5,5,Feature-Group Ablation,body,Feature-Group Ablation,"Repeating the ablation at every coarsening factor leaves rms_only uniquely best at native and 2× resolution (f ≤ 2), matching the informational argument that bin-averaging preserves the amplitude statistic; at f ≥ 5 only a handful of windows survive per run, so valid fractions move in steps of 1/3 and whether the rms_only advantage holds at the coarsest SCADA rates is not resolvable at n = 3.",,
S29.007.n04,number,1/3,1/3,Feature-Group Ablation,body,Feature-Group Ablation,"Repeating the ablation at every coarsening factor leaves rms_only uniquely best at native and 2× resolution (f ≤ 2), matching the informational argument that bin-averaging preserves the amplitude statistic; at f ≥ 5 only a handful of windows survive per run, so valid fractions move in steps of 1/3 and whether the rms_only advantage holds at the coarsest SCADA rates is not resolvable at n = 3.",,
S29.007.n05,number,3,3,Feature-Group Ablation,body,Feature-Group Ablation,"Repeating the ablation at every coarsening factor leaves rms_only uniquely best at native and 2× resolution (f ≤ 2), matching the informational argument that bin-averaging preserves the amplitude statistic; at f ≥ 5 only a handful of windows survive per run, so valid fractions move in steps of 1/3 and whether the rms_only advantage holds at the coarsest SCADA rates is not resolvable at n = 3.",,
S30.001,sentence,,,Comparison with the Saxena Prognostic Horizon,body,Comparison with the Saxena Prognostic Horizon,"If the false-alarm gate is what separates a usable warning from a manufactured one, then a metric without that gate should reward detectors our metric rejects.",,
S30.002,sentence,,,Comparison with the Saxena Prognostic Horizon,body,Comparison with the Saxena Prognostic Horizon,"We test this against the most widely used ungated warning-time metric— the Saxena prognostic horizon (PH) (Saxena et al., 2008, 2010)—and show that on IMS it makes a different, and operationally wrong, detector recommendation.",C056,
S30.003,sentence,,,Comparison with the Saxena Prognostic Horizon,body,Comparison with the Saxena Prognostic Horizon,"The PH is the interval between a detector’s first alarm and failure, PH = max(0, (tf -FAT)/3600) hours, with no falsealarm constraint.",C056,
S30.003.n01,number,0,0,Comparison with the Saxena Prognostic Horizon,body,Comparison with the Saxena Prognostic Horizon,"The PH is the interval between a detector’s first alarm and failure, PH = max(0, (tf -FAT)/3600) hours, with no falsealarm constraint.",,
S30.003.n02,number,3600,3600,Comparison with the Saxena Prognostic Horizon,body,Comparison with the Saxena Prognostic Horizon,"The PH is the interval between a detector’s first alarm and failure, PH = max(0, (tf -FAT)/3600) hours, with no falsealarm constraint.",,
S30.004,sentence,,,Comparison with the Saxena Prognostic Horizon,body,Comparison with the Saxena Prognostic Horizon,It is exactly our lead time L before the validity gate (Eq. 5) is applied; that one missing conjunct is decisive.,C100,
S30.005,sentence,,,Comparison with the Saxena Prognostic Horizon,body,Comparison with the Saxena Prognostic Horizon,PH is maximized by the latch-on detector.,C004;C056,
S30.006,sentence,,,Comparison with the Saxena Prognostic Horizon,body,Comparison with the Saxena Prognostic Horizon,A detector that alarms from the first sample earns the entire record as prognostic horizon.,C004;C056,
S30.007,sentence,,,Comparison with the Saxena Prognostic Horizon,body,Comparison with the Saxena Prognostic Horizon,"On the three IMS runs this constant-on detector earns the full run length as prognostic horizon (164- 1073 h) while flooding the pre-onset region (FARpre ≈ 1), so the gated metric scores it invalid on every run (L = 0); the oracle firing just after t+o is the mirror image, at zero preonset false alarms and the maximum achievable lead (12.9, 62.5 and 44.5 h).",C004;C056;C064;C084;C101,
S30.007.n01,number,164,164,Comparison with the Saxena Prognostic Horizon,body,Comparison with the Saxena Prognostic Horizon,"On the three IMS runs this constant-on detector earns the full run length as prognostic horizon (164- 1073 h) while flooding the pre-onset region (FARpre ≈ 1), so the gated metric scores it invalid on every run (L = 0); the oracle firing just after t+o is the mirror image, at zero preonset false alarms and the maximum achievable lead (12.9, 62.5 and 44.5 h).",,
S30.007.n02,number,1073,1073,Comparison with the Saxena Prognostic Horizon,body,Comparison with the Saxena Prognostic Horizon,"On the three IMS runs this constant-on detector earns the full run length as prognostic horizon (164- 1073 h) while flooding the pre-onset region (FARpre ≈ 1), so the gated metric scores it invalid on every run (L = 0); the oracle firing just after t+o is the mirror image, at zero preonset false alarms and the maximum achievable lead (12.9, 62.5 and 44.5 h).",,
S30.007.n03,number,1,1,Comparison with the Saxena Prognostic Horizon,body,Comparison with the Saxena Prognostic Horizon,"On the three IMS runs this constant-on detector earns the full run length as prognostic horizon (164- 1073 h) while flooding the pre-onset region (FARpre ≈ 1), so the gated metric scores it invalid on every run (L = 0); the oracle firing just after t+o is the mirror image, at zero preonset false alarms and the maximum achievable lead (12.9, 62.5 and 44.5 h).",,
S30.007.n04,number,0,0,Comparison with the Saxena Prognostic Horizon,body,Comparison with the Saxena Prognostic Horizon,"On the three IMS runs this constant-on detector earns the full run length as prognostic horizon (164- 1073 h) while flooding the pre-onset region (FARpre ≈ 1), so the gated metric scores it invalid on every run (L = 0); the oracle firing just after t+o is the mirror image, at zero preonset false alarms and the maximum achievable lead (12.9, 62.5 and 44.5 h).",,
S30.007.n05,number,12.9,12.9,Comparison with the Saxena Prognostic Horizon,body,Comparison with the Saxena Prognostic Horizon,"On the three IMS runs this constant-on detector earns the full run length as prognostic horizon (164- 1073 h) while flooding the pre-onset region (FARpre ≈ 1), so the gated metric scores it invalid on every run (L = 0); the oracle firing just after t+o is the mirror image, at zero preonset false alarms and the maximum achievable lead (12.9, 62.5 and 44.5 h).",,
S30.007.n06,number,62.5,62.5,Comparison with the Saxena Prognostic Horizon,body,Comparison with the Saxena Prognostic Horizon,"On the three IMS runs this constant-on detector earns the full run length as prognostic horizon (164- 1073 h) while flooding the pre-onset region (FARpre ≈ 1), so the gated metric scores it invalid on every run (L = 0); the oracle firing just after t+o is the mirror image, at zero preonset false alarms and the maximum achievable lead (12.9, 62.5 and 44.5 h).",,
S30.007.n07,number,44.5,44.5,Comparison with the Saxena Prognostic Horizon,body,Comparison with the Saxena Prognostic Horizon,"On the three IMS runs this constant-on detector earns the full run length as prognostic horizon (164- 1073 h) while flooding the pre-onset region (FARpre ≈ 1), so the gated metric scores it invalid on every run (L = 0); the oracle firing just after t+o is the mirror image, at zero preonset false alarms and the maximum achievable lead (12.9, 62.5 and 44.5 h).",,
S30.008,sentence,,,Comparison with the Saxena Prognostic Horizon,body,Comparison with the Saxena Prognostic Horizon,Under PH the latch-on detector is the clear winner; under L it is scored worthless.,C004;C056,
S30.009,sentence,,,Comparison with the Saxena Prognostic Horizon,body,Comparison with the Saxena Prognostic Horizon,PH and L disagree on the real ranking.,C056,
S30.010,sentence,,,Comparison with the Saxena Prognostic Horizon,body,Comparison with the Saxena Prognostic Horizon,The latch-on case is a worst-case existence proof; the more damaging point is that PH and L disagree on deployable detectors evaluated at their own best operating points.,C004;C056;C062,
S30.011,sentence,,,Comparison with the Saxena Prognostic Horizon,body,Comparison with the Saxena Prognostic Horizon,Table 15 ranks the seven nonsequence detectors on IMS by their best raw lead (PH) and by their best lead at an operating point within the τ = 10% budget (L).,C056,
S30.011.n01,number,10%,10%,Comparison with the Saxena Prognostic Horizon,body,Comparison with the Saxena Prognostic Horizon,Table 15 ranks the seven nonsequence detectors on IMS by their best raw lead (PH) and by their best lead at an operating point within the τ = 10% budget (L).,,
S30.012,sentence,,,Comparison with the Saxena Prognostic Horizon,body,Comparison with the Saxena Prognostic Horizon,The two rankings are nearly inverted at the top.,C102,
S30.013,sentence,,,Comparison with the Saxena Prognostic Horizon,body,Comparison with the Saxena Prognostic Horizon,"The four detectors PH ranks highest (Hotelling T 2 176.9 h, Isolation Forest 174.7 h, EWMA 89.1 h, and CUSUM 65.0 h) each have no valid operating point under a 10% false-alarm budget, so their gated lead is L = 0.",C056,
S30.013.n01,number,176.9,176.9,Comparison with the Saxena Prognostic Horizon,body,Comparison with the Saxena Prognostic Horizon,"The four detectors PH ranks highest (Hotelling T 2 176.9 h, Isolation Forest 174.7 h, EWMA 89.1 h, and CUSUM 65.0 h) each have no valid operating point under a 10% false-alarm budget, so their gated lead is L = 0.",,
S30.013.n02,number,174.7,174.7,Comparison with the Saxena Prognostic Horizon,body,Comparison with the Saxena Prognostic Horizon,"The four detectors PH ranks highest (Hotelling T 2 176.9 h, Isolation Forest 174.7 h, EWMA 89.1 h, and CUSUM 65.0 h) each have no valid operating point under a 10% false-alarm budget, so their gated lead is L = 0.",,
S30.013.n03,number,89.1,89.1,Comparison with the Saxena Prognostic Horizon,body,Comparison with the Saxena Prognostic Horizon,"The four detectors PH ranks highest (Hotelling T 2 176.9 h, Isolation Forest 174.7 h, EWMA 89.1 h, and CUSUM 65.0 h) each have no valid operating point under a 10% false-alarm budget, so their gated lead is L = 0.",,
S30.013.n04,number,65.0,65.0,Comparison with the Saxena Prognostic Horizon,body,Comparison with the Saxena Prognostic Horizon,"The four detectors PH ranks highest (Hotelling T 2 176.9 h, Isolation Forest 174.7 h, EWMA 89.1 h, and CUSUM 65.0 h) each have no valid operating point under a 10% false-alarm budget, so their gated lead is L = 0.",,
S30.013.n05,number,10%,10%,Comparison with the Saxena Prognostic Horizon,body,Comparison with the Saxena Prognostic Horizon,"The four detectors PH ranks highest (Hotelling T 2 176.9 h, Isolation Forest 174.7 h, EWMA 89.1 h, and CUSUM 65.0 h) each have no valid operating point under a 10% false-alarm budget, so their gated lead is L = 0.",,
S30.013.n06,number,0,0,Comparison with the Saxena Prognostic Horizon,body,Comparison with the Saxena Prognostic Horizon,"The four detectors PH ranks highest (Hotelling T 2 176.9 h, Isolation Forest 174.7 h, EWMA 89.1 h, and CUSUM 65.0 h) each have no valid operating point under a 10% false-alarm budget, so their gated lead is L = 0.",,
S30.014,sentence,,,Comparison with the Saxena Prognostic Horizon,body,Comparison with the Saxena Prognostic Horizon,"The detector PH ranks only fourth, 3σ (77.0 h raw), is the one that actually clears the budget (56.3 h of lead at 8.9% pre-onset FAR) and is the correct recommendation; Deep SVDD, ranked last of the seven by PH, rises to a valid 14.8 h.",C056;C090;C091;C092;C102,
S30.014.n01,number,77.0,77.0,Comparison with the Saxena Prognostic Horizon,body,Comparison with the Saxena Prognostic Horizon,"The detector PH ranks only fourth, 3σ (77.0 h raw), is the one that actually clears the budget (56.3 h of lead at 8.9% pre-onset FAR) and is the correct recommendation; Deep SVDD, ranked last of the seven by PH, rises to a valid 14.8 h.",,
S30.014.n02,number,56.3,56.3,Comparison with the Saxena Prognostic Horizon,body,Comparison with the Saxena Prognostic Horizon,"The detector PH ranks only fourth, 3σ (77.0 h raw), is the one that actually clears the budget (56.3 h of lead at 8.9% pre-onset FAR) and is the correct recommendation; Deep SVDD, ranked last of the seven by PH, rises to a valid 14.8 h.",,
S30.014.n03,number,8.9%,8.9%,Comparison with the Saxena Prognostic Horizon,body,Comparison with the Saxena Prognostic Horizon,"The detector PH ranks only fourth, 3σ (77.0 h raw), is the one that actually clears the budget (56.3 h of lead at 8.9% pre-onset FAR) and is the correct recommendation; Deep SVDD, ranked last of the seven by PH, rises to a valid 14.8 h.",,
S30.014.n04,number,14.8,14.8,Comparison with the Saxena Prognostic Horizon,body,Comparison with the Saxena Prognostic Horizon,"The detector PH ranks only fourth, 3σ (77.0 h raw), is the one that actually clears the budget (56.3 h of lead at 8.9% pre-onset FAR) and is the correct recommendation; Deep SVDD, ranked last of the seven by PH, rises to a valid 14.8 h.",,
S30.015,sentence,,,Comparison with the Saxena Prognostic Horizon,body,Comparison with the Saxena Prognostic Horizon,"The three deep reconstruction models (omitted from the sweep) would sit above all of these by PH, with raw leads of 183-198 h (Table 2), while alarming through 61-100% of every pre-onset region, i.e.",C056;C059;C060,
S30.015.n01,number,183,183,Comparison with the Saxena Prognostic Horizon,body,Comparison with the Saxena Prognostic Horizon,"The three deep reconstruction models (omitted from the sweep) would sit above all of these by PH, with raw leads of 183-198 h (Table 2), while alarming through 61-100% of every pre-onset region, i.e.",,
S30.015.n02,number,198,198,Comparison with the Saxena Prognostic Horizon,body,Comparison with the Saxena Prognostic Horizon,"The three deep reconstruction models (omitted from the sweep) would sit above all of these by PH, with raw leads of 183-198 h (Table 2), while alarming through 61-100% of every pre-onset region, i.e.",,
S30.015.n03,number,61,61,Comparison with the Saxena Prognostic Horizon,body,Comparison with the Saxena Prognostic Horizon,"The three deep reconstruction models (omitted from the sweep) would sit above all of these by PH, with raw leads of 183-198 h (Table 2), while alarming through 61-100% of every pre-onset region, i.e.",,
S30.015.n04,number,100%,100%,Comparison with the Saxena Prognostic Horizon,body,Comparison with the Saxena Prognostic Horizon,"The three deep reconstruction models (omitted from the sweep) would sit above all of these by PH, with raw leads of 183-198 h (Table 2), while alarming through 61-100% of every pre-onset region, i.e.",,
S30.016,sentence,,,Comparison with the Saxena Prognostic Horizon,body,Comparison with the Saxena Prognostic Horizon,L = 0: the most extreme illustration that PH rewards precisely the detectors a false-alarm-budgeted operator must avoid.,C056,
S30.016.n01,number,0,0,Comparison with the Saxena Prognostic Horizon,body,Comparison with the Saxena Prognostic Horizon,L = 0: the most extreme illustration that PH rewards precisely the detectors a false-alarm-budgeted operator must avoid.,,
S30.017,sentence,,,Comparison with the Saxena Prognostic Horizon,body,Comparison with the Saxena Prognostic Horizon,"Any warning-time metric that does not gate on FARpre can be driven to its maximum by loosening the alarm threshold—in the limit, the constant-on detector.",C004,
S30.018,sentence,,,Comparison with the Saxena Prognostic Horizon,body,Comparison with the Saxena Prognostic Horizon,Our metric closes this by construction; the Saxena PH does not.,C056,
S30.019,sentence,,,Comparison with the Saxena Prognostic Horizon,body,Comparison with the Saxena Prognostic Horizon,"The distinction is not theoretical: on IMS it changes the recommended detector from the ones PH ranks first by raw lead to 3σ, the only classical chart with a valid operating point at a 10% budget. 6.12.",C056,
S30.019.n01,number,10%,10%,Comparison with the Saxena Prognostic Horizon,body,Comparison with the Saxena Prognostic Horizon,"The distinction is not theoretical: on IMS it changes the recommended detector from the ones PH ranks first by raw lead to 3σ, the only classical chart with a valid operating point at a 10% budget. 6.12.",,
S30.019.n02,number,6.12,6.12,Comparison with the Saxena Prognostic Horizon,body,Comparison with the Saxena Prognostic Horizon,"The distinction is not theoretical: on IMS it changes the recommended detector from the ones PH ranks first by raw lead to 3σ, the only classical chart with a valid operating point at a 10% budget. 6.12.",,
S30.020,sentence,,,Comparison with the Saxena Prognostic Horizon,body,Comparison with the Saxena Prognostic Horizon,Minimum Training Data for Deep Anomaly,,
S31.001,sentence,,,Minimum Training Data for Deep Anomaly Detectors,body,Minimum Training Data for Deep Anomaly Detectors,A practitioner commissioning condition monitoring at a new asset must decide how much normal run-in history to collect before a deep model can be trusted over a simple control chart.,,
S31.002,sentence,,,Minimum Training Data for Deep Anomaly Detectors,body,Minimum Training Data for Deep Anomaly Detectors,"We quantify this on FEMTO—the one dataset where all six bearings are long enough for every detector, including the seq-len-30 deep models, to run on the full n = 6—by sweeping the training fraction T ∈ {0.20, . . . , 0.60} (calibration fixed at 0.10, test = 1-T -0.10) with no per-T retuning.",,
S31.002.n01,number,30,30,Minimum Training Data for Deep Anomaly Detectors,body,Minimum Training Data for Deep Anomaly Detectors,"We quantify this on FEMTO—the one dataset where all six bearings are long enough for every detector, including the seq-len-30 deep models, to run on the full n = 6—by sweeping the training fraction T ∈ {0.20, . . . , 0.60} (calibration fixed at 0.10, test = 1-T -0.10) with no per-T retuning.",,
S31.002.n02,number,6,6,Minimum Training Data for Deep Anomaly Detectors,body,Minimum Training Data for Deep Anomaly Detectors,"We quantify this on FEMTO—the one dataset where all six bearings are long enough for every detector, including the seq-len-30 deep models, to run on the full n = 6—by sweeping the training fraction T ∈ {0.20, . . . , 0.60} (calibration fixed at 0.10, test = 1-T -0.10) with no per-T retuning.",,
S31.002.n03,number,0.20,0.20,Minimum Training Data for Deep Anomaly Detectors,body,Minimum Training Data for Deep Anomaly Detectors,"We quantify this on FEMTO—the one dataset where all six bearings are long enough for every detector, including the seq-len-30 deep models, to run on the full n = 6—by sweeping the training fraction T ∈ {0.20, . . . , 0.60} (calibration fixed at 0.10, test = 1-T -0.10) with no per-T retuning.",,
S31.002.n04,number,0.60,0.60,Minimum Training Data for Deep Anomaly Detectors,body,Minimum Training Data for Deep Anomaly Detectors,"We quantify this on FEMTO—the one dataset where all six bearings are long enough for every detector, including the seq-len-30 deep models, to run on the full n = 6—by sweeping the training fraction T ∈ {0.20, . . . , 0.60} (calibration fixed at 0.10, test = 1-T -0.10) with no per-T retuning.",,
S31.002.n05,number,0.10,0.10,Minimum Training Data for Deep Anomaly Detectors,body,Minimum Training Data for Deep Anomaly Detectors,"We quantify this on FEMTO—the one dataset where all six bearings are long enough for every detector, including the seq-len-30 deep models, to run on the full n = 6—by sweeping the training fraction T ∈ {0.20, . . . , 0.60} (calibration fixed at 0.10, test = 1-T -0.10) with no per-T retuning.",,
S31.002.n06,number,1,1,Minimum Training Data for Deep Anomaly Detectors,body,Minimum Training Data for Deep Anomaly Detectors,"We quantify this on FEMTO—the one dataset where all six bearings are long enough for every detector, including the seq-len-30 deep models, to run on the full n = 6—by sweeping the training fraction T ∈ {0.20, . . . , 0.60} (calibration fixed at 0.10, test = 1-T -0.10) with no per-T retuning.",,
S31.002.n07,number,-0.10,-0.10,Minimum Training Data for Deep Anomaly Detectors,body,Minimum Training Data for Deep Anomaly Detectors,"We quantify this on FEMTO—the one dataset where all six bearings are long enough for every detector, including the seq-len-30 deep models, to run on the full n = 6—by sweeping the training fraction T ∈ {0.20, . . . , 0.60} (calibration fixed at 0.10, test = 1-T -0.10) with no per-T retuning.",,
S31.003,sentence,,,Minimum Training Data for Deep Anomaly Detectors,body,Minimum Training Data for Deep Anomaly Detectors,"At T = 0.20 the shortest bearing (Bearing3_1) forms only 20 training windows, fewer than the 30 a sequence requires, so LSTM-AE, TCN-AE and Transformer-AD are recorded there as explicit N/A rather than as misses, following the convention of Section 4.5.",C030;C103,
S31.003.n01,number,0.20,0.20,Minimum Training Data for Deep Anomaly Detectors,body,Minimum Training Data for Deep Anomaly Detectors,"At T = 0.20 the shortest bearing (Bearing3_1) forms only 20 training windows, fewer than the 30 a sequence requires, so LSTM-AE, TCN-AE and Transformer-AD are recorded there as explicit N/A rather than as misses, following the convention of Section 4.5.",,
S31.003.n02,number,20,20,Minimum Training Data for Deep Anomaly Detectors,body,Minimum Training Data for Deep Anomaly Detectors,"At T = 0.20 the shortest bearing (Bearing3_1) forms only 20 training windows, fewer than the 30 a sequence requires, so LSTM-AE, TCN-AE and Transformer-AD are recorded there as explicit N/A rather than as misses, following the convention of Section 4.5.",,
S31.003.n03,number,30,30,Minimum Training Data for Deep Anomaly Detectors,body,Minimum Training Data for Deep Anomaly Detectors,"At T = 0.20 the shortest bearing (Bearing3_1) forms only 20 training windows, fewer than the 30 a sequence requires, so LSTM-AE, TCN-AE and Transformer-AD are recorded there as explicit N/A rather than as misses, following the convention of Section 4.5.",,
S31.004,sentence,,,Minimum Training Data for Deep Anomaly Detectors,body,Minimum Training Data for Deep Anomaly Detectors,"Those are the only three N/A cells in the sweep; the remaining 297 of the 300 (detector, bearing, T ) cells are genuine evaluations.",C103,
S31.004.n01,number,297,297,Minimum Training Data for Deep Anomaly Detectors,body,Minimum Training Data for Deep Anomaly Detectors,"Those are the only three N/A cells in the sweep; the remaining 297 of the 300 (detector, bearing, T ) cells are genuine evaluations.",,
S31.004.n02,number,300,300,Minimum Training Data for Deep Anomaly Detectors,body,Minimum Training Data for Deep Anomaly Detectors,"Those are the only three N/A cells in the sweep; the remaining 297 of the 300 (detector, bearing, T ) cells are genuine evaluations.",,
S31.005,sentence,,,Minimum Training Data for Deep Anomaly Detectors,body,Minimum Training Data for Deep Anomaly Detectors,Valid-alarm fractions below are computed over the full n = 6 with an N/A counted as no valid alarm—the conservative choice—and the released sweep records the N/A count separately.,,
S31.005.n01,number,6,6,Minimum Training Data for Deep Anomaly Detectors,body,Minimum Training Data for Deep Anomaly Detectors,Valid-alarm fractions below are computed over the full n = 6 with an N/A counted as no valid alarm—the conservative choice—and the released sweep records the N/A count separately.,,
S31.006,sentence,,,Minimum Training Data for Deep Anomaly Detectors,body,Minimum Training Data for Deep Anomaly Detectors,"The result (Figure 6) is unambiguous and, we think, more useful than a crossover point would have been: there is no crossover.",C051,
S31.007,sentence,,,Minimum Training Data for Deep Anomaly Detectors,body,Minimum Training Data for Deep Anomaly Detectors,"The four SPC charts that define the baseline in Figure 6 (3σ, EWMA, CUSUM, Hotelling T 2) are already at or near their best at the smallest training fraction we tested—3σ at 1.00, EWMA and Hotelling T 2 at 0.667, CUSUM at 0.500—and more commissioning data does not improve them: 3σ falls from 1.00 at T = 0.20 to 0.833 at T = 0.30 and 0.667 from T = 0.40 onward, Hotelling T 2 falls from 0.667 to 0.500, EWMA is flat at 0.667 throughout, and CUSUM is flat at 0.500 apart from a one-bearing rise to 0.667 at T = 0.50.",C104,
S31.007.n01,number,1.00,1.00,Minimum Training Data for Deep Anomaly Detectors,body,Minimum Training Data for Deep Anomaly Detectors,"The four SPC charts that define the baseline in Figure 6 (3σ, EWMA, CUSUM, Hotelling T 2) are already at or near their best at the smallest training fraction we tested—3σ at 1.00, EWMA and Hotelling T 2 at 0.667, CUSUM at 0.500—and more commissioning data does not improve them: 3σ falls from 1.00 at T = 0.20 to 0.833 at T = 0.30 and 0.667 from T = 0.40 onward, Hotelling T 2 falls from 0.667 to 0.500, EWMA is flat at 0.667 throughout, and CUSUM is flat at 0.500 apart from a one-bearing rise to 0.667 at T = 0.50.",,
S31.007.n02,number,0.667,0.667,Minimum Training Data for Deep Anomaly Detectors,body,Minimum Training Data for Deep Anomaly Detectors,"The four SPC charts that define the baseline in Figure 6 (3σ, EWMA, CUSUM, Hotelling T 2) are already at or near their best at the smallest training fraction we tested—3σ at 1.00, EWMA and Hotelling T 2 at 0.667, CUSUM at 0.500—and more commissioning data does not improve them: 3σ falls from 1.00 at T = 0.20 to 0.833 at T = 0.30 and 0.667 from T = 0.40 onward, Hotelling T 2 falls from 0.667 to 0.500, EWMA is flat at 0.667 throughout, and CUSUM is flat at 0.500 apart from a one-bearing rise to 0.667 at T = 0.50.",,
S31.007.n03,number,0.500,0.500,Minimum Training Data for Deep Anomaly Detectors,body,Minimum Training Data for Deep Anomaly Detectors,"The four SPC charts that define the baseline in Figure 6 (3σ, EWMA, CUSUM, Hotelling T 2) are already at or near their best at the smallest training fraction we tested—3σ at 1.00, EWMA and Hotelling T 2 at 0.667, CUSUM at 0.500—and more commissioning data does not improve them: 3σ falls from 1.00 at T = 0.20 to 0.833 at T = 0.30 and 0.667 from T = 0.40 onward, Hotelling T 2 falls from 0.667 to 0.500, EWMA is flat at 0.667 throughout, and CUSUM is flat at 0.500 apart from a one-bearing rise to 0.667 at T = 0.50.",,
S31.007.n04,number,1.00,1.00,Minimum Training Data for Deep Anomaly Detectors,body,Minimum Training Data for Deep Anomaly Detectors,"The four SPC charts that define the baseline in Figure 6 (3σ, EWMA, CUSUM, Hotelling T 2) are already at or near their best at the smallest training fraction we tested—3σ at 1.00, EWMA and Hotelling T 2 at 0.667, CUSUM at 0.500—and more commissioning data does not improve them: 3σ falls from 1.00 at T = 0.20 to 0.833 at T = 0.30 and 0.667 from T = 0.40 onward, Hotelling T 2 falls from 0.667 to 0.500, EWMA is flat at 0.667 throughout, and CUSUM is flat at 0.500 apart from a one-bearing rise to 0.667 at T = 0.50.",,
S31.007.n05,number,0.20,0.20,Minimum Training Data for Deep Anomaly Detectors,body,Minimum Training Data for Deep Anomaly Detectors,"The four SPC charts that define the baseline in Figure 6 (3σ, EWMA, CUSUM, Hotelling T 2) are already at or near their best at the smallest training fraction we tested—3σ at 1.00, EWMA and Hotelling T 2 at 0.667, CUSUM at 0.500—and more commissioning data does not improve them: 3σ falls from 1.00 at T = 0.20 to 0.833 at T = 0.30 and 0.667 from T = 0.40 onward, Hotelling T 2 falls from 0.667 to 0.500, EWMA is flat at 0.667 throughout, and CUSUM is flat at 0.500 apart from a one-bearing rise to 0.667 at T = 0.50.",,
S31.007.n06,number,0.833,0.833,Minimum Training Data for Deep Anomaly Detectors,body,Minimum Training Data for Deep Anomaly Detectors,"The four SPC charts that define the baseline in Figure 6 (3σ, EWMA, CUSUM, Hotelling T 2) are already at or near their best at the smallest training fraction we tested—3σ at 1.00, EWMA and Hotelling T 2 at 0.667, CUSUM at 0.500—and more commissioning data does not improve them: 3σ falls from 1.00 at T = 0.20 to 0.833 at T = 0.30 and 0.667 from T = 0.40 onward, Hotelling T 2 falls from 0.667 to 0.500, EWMA is flat at 0.667 throughout, and CUSUM is flat at 0.500 apart from a one-bearing rise to 0.667 at T = 0.50.",,
S31.007.n07,number,0.30,0.30,Minimum Training Data for Deep Anomaly Detectors,body,Minimum Training Data for Deep Anomaly Detectors,"The four SPC charts that define the baseline in Figure 6 (3σ, EWMA, CUSUM, Hotelling T 2) are already at or near their best at the smallest training fraction we tested—3σ at 1.00, EWMA and Hotelling T 2 at 0.667, CUSUM at 0.500—and more commissioning data does not improve them: 3σ falls from 1.00 at T = 0.20 to 0.833 at T = 0.30 and 0.667 from T = 0.40 onward, Hotelling T 2 falls from 0.667 to 0.500, EWMA is flat at 0.667 throughout, and CUSUM is flat at 0.500 apart from a one-bearing rise to 0.667 at T = 0.50.",,
S31.007.n08,number,0.667,0.667,Minimum Training Data for Deep Anomaly Detectors,body,Minimum Training Data for Deep Anomaly Detectors,"The four SPC charts that define the baseline in Figure 6 (3σ, EWMA, CUSUM, Hotelling T 2) are already at or near their best at the smallest training fraction we tested—3σ at 1.00, EWMA and Hotelling T 2 at 0.667, CUSUM at 0.500—and more commissioning data does not improve them: 3σ falls from 1.00 at T = 0.20 to 0.833 at T = 0.30 and 0.667 from T = 0.40 onward, Hotelling T 2 falls from 0.667 to 0.500, EWMA is flat at 0.667 throughout, and CUSUM is flat at 0.500 apart from a one-bearing rise to 0.667 at T = 0.50.",,
S31.007.n09,number,0.40,0.40,Minimum Training Data for Deep Anomaly Detectors,body,Minimum Training Data for Deep Anomaly Detectors,"The four SPC charts that define the baseline in Figure 6 (3σ, EWMA, CUSUM, Hotelling T 2) are already at or near their best at the smallest training fraction we tested—3σ at 1.00, EWMA and Hotelling T 2 at 0.667, CUSUM at 0.500—and more commissioning data does not improve them: 3σ falls from 1.00 at T = 0.20 to 0.833 at T = 0.30 and 0.667 from T = 0.40 onward, Hotelling T 2 falls from 0.667 to 0.500, EWMA is flat at 0.667 throughout, and CUSUM is flat at 0.500 apart from a one-bearing rise to 0.667 at T = 0.50.",,
S31.007.n10,number,0.667,0.667,Minimum Training Data for Deep Anomaly Detectors,body,Minimum Training Data for Deep Anomaly Detectors,"The four SPC charts that define the baseline in Figure 6 (3σ, EWMA, CUSUM, Hotelling T 2) are already at or near their best at the smallest training fraction we tested—3σ at 1.00, EWMA and Hotelling T 2 at 0.667, CUSUM at 0.500—and more commissioning data does not improve them: 3σ falls from 1.00 at T = 0.20 to 0.833 at T = 0.30 and 0.667 from T = 0.40 onward, Hotelling T 2 falls from 0.667 to 0.500, EWMA is flat at 0.667 throughout, and CUSUM is flat at 0.500 apart from a one-bearing rise to 0.667 at T = 0.50.",,
S31.007.n11,number,0.500,0.500,Minimum Training Data for Deep Anomaly Detectors,body,Minimum Training Data for Deep Anomaly Detectors,"The four SPC charts that define the baseline in Figure 6 (3σ, EWMA, CUSUM, Hotelling T 2) are already at or near their best at the smallest training fraction we tested—3σ at 1.00, EWMA and Hotelling T 2 at 0.667, CUSUM at 0.500—and more commissioning data does not improve them: 3σ falls from 1.00 at T = 0.20 to 0.833 at T = 0.30 and 0.667 from T = 0.40 onward, Hotelling T 2 falls from 0.667 to 0.500, EWMA is flat at 0.667 throughout, and CUSUM is flat at 0.500 apart from a one-bearing rise to 0.667 at T = 0.50.",,
S31.007.n12,number,0.667,0.667,Minimum Training Data for Deep Anomaly Detectors,body,Minimum Training Data for Deep Anomaly Detectors,"The four SPC charts that define the baseline in Figure 6 (3σ, EWMA, CUSUM, Hotelling T 2) are already at or near their best at the smallest training fraction we tested—3σ at 1.00, EWMA and Hotelling T 2 at 0.667, CUSUM at 0.500—and more commissioning data does not improve them: 3σ falls from 1.00 at T = 0.20 to 0.833 at T = 0.30 and 0.667 from T = 0.40 onward, Hotelling T 2 falls from 0.667 to 0.500, EWMA is flat at 0.667 throughout, and CUSUM is flat at 0.500 apart from a one-bearing rise to 0.667 at T = 0.50.",,
S31.007.n13,number,0.500,0.500,Minimum Training Data for Deep Anomaly Detectors,body,Minimum Training Data for Deep Anomaly Detectors,"The four SPC charts that define the baseline in Figure 6 (3σ, EWMA, CUSUM, Hotelling T 2) are already at or near their best at the smallest training fraction we tested—3σ at 1.00, EWMA and Hotelling T 2 at 0.667, CUSUM at 0.500—and more commissioning data does not improve them: 3σ falls from 1.00 at T = 0.20 to 0.833 at T = 0.30 and 0.667 from T = 0.40 onward, Hotelling T 2 falls from 0.667 to 0.500, EWMA is flat at 0.667 throughout, and CUSUM is flat at 0.500 apart from a one-bearing rise to 0.667 at T = 0.50.",,
S31.007.n14,number,0.667,0.667,Minimum Training Data for Deep Anomaly Detectors,body,Minimum Training Data for Deep Anomaly Detectors,"The four SPC charts that define the baseline in Figure 6 (3σ, EWMA, CUSUM, Hotelling T 2) are already at or near their best at the smallest training fraction we tested—3σ at 1.00, EWMA and Hotelling T 2 at 0.667, CUSUM at 0.500—and more commissioning data does not improve them: 3σ falls from 1.00 at T = 0.20 to 0.833 at T = 0.30 and 0.667 from T = 0.40 onward, Hotelling T 2 falls from 0.667 to 0.500, EWMA is flat at 0.667 throughout, and CUSUM is flat at 0.500 apart from a one-bearing rise to 0.667 at T = 0.50.",,
S31.007.n15,number,0.50,0.50,Minimum Training Data for Deep Anomaly Detectors,body,Minimum Training Data for Deep Anomaly Detectors,"The four SPC charts that define the baseline in Figure 6 (3σ, EWMA, CUSUM, Hotelling T 2) are already at or near their best at the smallest training fraction we tested—3σ at 1.00, EWMA and Hotelling T 2 at 0.667, CUSUM at 0.500—and more commissioning data does not improve them: 3σ falls from 1.00 at T = 0.20 to 0.833 at T = 0.30 and 0.667 from T = 0.40 onward, Hotelling T 2 falls from 0.667 to 0.500, EWMA is flat at 0.667 throughout, and CUSUM is flat at 0.500 apart from a one-bearing rise to 0.667 at T = 0.50.",,
S31.008,sentence,,,Minimum Training Data for Deep Anomaly Detectors,body,Minimum Training Data for Deep Anomaly Detectors,"Isolation Forest starts from the same 0.667 and ends there too, but non-monotonically, dipping to 0.167 at T = 0.30 before recovering.",C114,
S31.008.n01,number,0.667,0.667,Minimum Training Data for Deep Anomaly Detectors,body,Minimum Training Data for Deep Anomaly Detectors,"Isolation Forest starts from the same 0.667 and ends there too, but non-monotonically, dipping to 0.167 at T = 0.30 before recovering.",,
S31.008.n02,number,0.167,0.167,Minimum Training Data for Deep Anomaly Detectors,body,Minimum Training Data for Deep Anomaly Detectors,"Isolation Forest starts from the same 0.667 and ends there too, but non-monotonically, dipping to 0.167 at T = 0.30 before recovering.",,
S31.008.n03,number,0.30,0.30,Minimum Training Data for Deep Anomaly Detectors,body,Minimum Training Data for Deep Anomaly Detectors,"Isolation Forest starts from the same 0.667 and ends there too, but non-monotonically, dipping to 0.167 at T = 0.30 before recovering.",,
S31.009,sentence,,,Minimum Training Data for Deep Anomaly Detectors,body,Minimum Training Data for Deep Anomaly Detectors,"Only the naive RMStrend baseline rises with T , and from a far lower base (0.000 to 0.500).",,
S31.009.n01,number,0.000,0.000,Minimum Training Data for Deep Anomaly Detectors,body,Minimum Training Data for Deep Anomaly Detectors,"Only the naive RMStrend baseline rises with T , and from a far lower base (0.000 to 0.500).",,
S31.009.n02,number,0.500,0.500,Minimum Training Data for Deep Anomaly Detectors,body,Minimum Training Data for Deep Anomaly Detectors,"Only the naive RMStrend baseline rises with T , and from a far lower base (0.000 to 0.500).",,
S31.010,sentence,,,Minimum Training Data for Deep Anomaly Detectors,body,Minimum Training Data for Deep Anomaly Detectors,"This is a consequence of the design rather than a reverse data-hunger effect: the test fraction is 1 - T - 0.10, so the window in which a valid alarm can still fire shrinks as T grows, and on bearings this short a larger training fraction buys a better-estimated baseline at the cost of a shorter opportunity to use it.",C104,
S31.010.n01,number,1,1,Minimum Training Data for Deep Anomaly Detectors,body,Minimum Training Data for Deep Anomaly Detectors,"This is a consequence of the design rather than a reverse data-hunger effect: the test fraction is 1 - T - 0.10, so the window in which a valid alarm can still fire shrinks as T grows, and on bearings this short a larger training fraction buys a better-estimated baseline at the cost of a shorter opportunity to use it.",,
S31.010.n02,number,0.10,0.10,Minimum Training Data for Deep Anomaly Detectors,body,Minimum Training Data for Deep Anomaly Detectors,"This is a consequence of the design rather than a reverse data-hunger effect: the test fraction is 1 - T - 0.10, so the window in which a valid alarm can still fire shrinks as T grows, and on bearings this short a larger training fraction buys a better-estimated baseline at the cost of a shorter opportunity to use it.",,
S31.011,sentence,,,Minimum Training Data for Deep Anomaly Detectors,body,Minimum Training Data for Deep Anomaly Detectors,"The three deep reconstruction models sit far below the charts at every training fraction (LSTM-AE and Transformer-AD 0.000-0.333, TCN-AE 0.000-0.167) and do not close the gap as T grows: more commissioning data does not make them competitive in this regime.",C105,
S31.011.n01,number,0.000,0.000,Minimum Training Data for Deep Anomaly Detectors,body,Minimum Training Data for Deep Anomaly Detectors,"The three deep reconstruction models sit far below the charts at every training fraction (LSTM-AE and Transformer-AD 0.000-0.333, TCN-AE 0.000-0.167) and do not close the gap as T grows: more commissioning data does not make them competitive in this regime.",,
S31.011.n02,number,0.333,0.333,Minimum Training Data for Deep Anomaly Detectors,body,Minimum Training Data for Deep Anomaly Detectors,"The three deep reconstruction models sit far below the charts at every training fraction (LSTM-AE and Transformer-AD 0.000-0.333, TCN-AE 0.000-0.167) and do not close the gap as T grows: more commissioning data does not make them competitive in this regime.",,
S31.011.n03,number,0.000,0.000,Minimum Training Data for Deep Anomaly Detectors,body,Minimum Training Data for Deep Anomaly Detectors,"The three deep reconstruction models sit far below the charts at every training fraction (LSTM-AE and Transformer-AD 0.000-0.333, TCN-AE 0.000-0.167) and do not close the gap as T grows: more commissioning data does not make them competitive in this regime.",,
S31.011.n04,number,0.167,0.167,Minimum Training Data for Deep Anomaly Detectors,body,Minimum Training Data for Deep Anomaly Detectors,"The three deep reconstruction models sit far below the charts at every training fraction (LSTM-AE and Transformer-AD 0.000-0.333, TCN-AE 0.000-0.167) and do not close the gap as T grows: more commissioning data does not make them competitive in this regime.",,
S31.012,sentence,,,Minimum Training Data for Deep Anomaly Detectors,body,Minimum Training Data for Deep Anomaly Detectors,"Deep SVDD produces no valid alarm at any training fraction below T = 0.60 and 0.167 at T = 0.60—one bearing, at the largest training fraction and therefore the shortest test window.",C106,
S31.012.n01,number,0.60,0.60,Minimum Training Data for Deep Anomaly Detectors,body,Minimum Training Data for Deep Anomaly Detectors,"Deep SVDD produces no valid alarm at any training fraction below T = 0.60 and 0.167 at T = 0.60—one bearing, at the largest training fraction and therefore the shortest test window.",,
S31.012.n02,number,0.167,0.167,Minimum Training Data for Deep Anomaly Detectors,body,Minimum Training Data for Deep Anomaly Detectors,"Deep SVDD produces no valid alarm at any training fraction below T = 0.60 and 0.167 at T = 0.60—one bearing, at the largest training fraction and therefore the shortest test window.",,
S31.012.n03,number,0.60,0.60,Minimum Training Data for Deep Anomaly Detectors,body,Minimum Training Data for Deep Anomaly Detectors,"Deep SVDD produces no valid alarm at any training fraction below T = 0.60 and 0.167 at T = 0.60—one bearing, at the largest training fraction and therefore the shortest test window.",,
S31.013,sentence,,,Minimum Training Data for Deep Anomaly Detectors,body,Minimum Training Data for Deep Anomaly Detectors,"The failure mode is the same as on IMS test 1: Deep SVDD fires very late in the run, because its threshold requires substantial encoder-distance growth from the trained center before alarming, so on short FEMTO bearings (1.4-7.8 h) the first alarm arrives after or coincident with failure on all six bearings at every training fraction below T = 0.60, and on five of the six at T = 0.60.",C019;C106,
S31.013.n01,number,1,1,Minimum Training Data for Deep Anomaly Detectors,body,Minimum Training Data for Deep Anomaly Detectors,"The failure mode is the same as on IMS test 1: Deep SVDD fires very late in the run, because its threshold requires substantial encoder-distance growth from the trained center before alarming, so on short FEMTO bearings (1.4-7.8 h) the first alarm arrives after or coincident with failure on all six bearings at every training fraction below T = 0.60, and on five of the six at T = 0.60.",,
S31.013.n02,number,1.4,1.4,Minimum Training Data for Deep Anomaly Detectors,body,Minimum Training Data for Deep Anomaly Detectors,"The failure mode is the same as on IMS test 1: Deep SVDD fires very late in the run, because its threshold requires substantial encoder-distance growth from the trained center before alarming, so on short FEMTO bearings (1.4-7.8 h) the first alarm arrives after or coincident with failure on all six bearings at every training fraction below T = 0.60, and on five of the six at T = 0.60.",,
S31.013.n03,number,7.8,7.8,Minimum Training Data for Deep Anomaly Detectors,body,Minimum Training Data for Deep Anomaly Detectors,"The failure mode is the same as on IMS test 1: Deep SVDD fires very late in the run, because its threshold requires substantial encoder-distance growth from the trained center before alarming, so on short FEMTO bearings (1.4-7.8 h) the first alarm arrives after or coincident with failure on all six bearings at every training fraction below T = 0.60, and on five of the six at T = 0.60.",,
S31.013.n04,number,0.60,0.60,Minimum Training Data for Deep Anomaly Detectors,body,Minimum Training Data for Deep Anomaly Detectors,"The failure mode is the same as on IMS test 1: Deep SVDD fires very late in the run, because its threshold requires substantial encoder-distance growth from the trained center before alarming, so on short FEMTO bearings (1.4-7.8 h) the first alarm arrives after or coincident with failure on all six bearings at every training fraction below T = 0.60, and on five of the six at T = 0.60.",,
S31.013.n05,number,0.60,0.60,Minimum Training Data for Deep Anomaly Detectors,body,Minimum Training Data for Deep Anomaly Detectors,"The failure mode is the same as on IMS test 1: Deep SVDD fires very late in the run, because its threshold requires substantial encoder-distance growth from the trained center before alarming, so on short FEMTO bearings (1.4-7.8 h) the first alarm arrives after or coincident with failure on all six bearings at every training fraction below T = 0.60, and on five of the six at T = 0.60.",,
S31.014,sentence,,,Minimum Training Data for Deep Anomaly Detectors,body,Minimum Training Data for Deep Anomaly Detectors,"This is a bearing-lifetime constraint, not a training-data constraint: the model is not data-starved in the usual sense but structurally unable to alarm early enough on runs this short.",C029;C106,
S31.015,sentence,,,Minimum Training Data for Deep Anomaly Detectors,body,Minimum Training Data for Deep Anomaly Detectors,"The practical recommendation is therefore narrower than “collect more data”, and narrower than a statement about the model class.",,
S31.016,sentence,,,Minimum Training Data for Deep Anomaly Detectors,body,Minimum Training Data for Deep Anomaly Detectors,"On bearings of the lifetimes tested here, control charts should be preferred regardless of how much run-in history is available, because the deep reconstruction models do not overtake them anywhere in the [0.20, 0.60] training range.",C051,
S31.016.n01,number,0.20,0.20,Minimum Training Data for Deep Anomaly Detectors,body,Minimum Training Data for Deep Anomaly Detectors,"On bearings of the lifetimes tested here, control charts should be preferred regardless of how much run-in history is available, because the deep reconstruction models do not overtake them anywhere in the [0.20, 0.60] training range.",,
S31.016.n02,number,0.60,0.60,Minimum Training Data for Deep Anomaly Detectors,body,Minimum Training Data for Deep Anomaly Detectors,"On bearings of the lifetimes tested here, control charts should be preferred regardless of how much run-in history is available, because the deep reconstruction models do not overtake them anywhere in the [0.20, 0.60] training range.",,
S31.017,sentence,,,Minimum Training Data for Deep Anomaly Detectors,body,Minimum Training Data for Deep Anomaly Detectors,"This is a statement about a data regime, not about the architectures: across bearings and training fractions these runs furnish between 20 and 335 normal training windows, whereas the models carry 2.0-5.5 × 104 parameters, so the comparison is made where the deep models are structurally disadvantaged.",C029,
S31.017.n01,number,20,20,Minimum Training Data for Deep Anomaly Detectors,body,Minimum Training Data for Deep Anomaly Detectors,"This is a statement about a data regime, not about the architectures: across bearings and training fractions these runs furnish between 20 and 335 normal training windows, whereas the models carry 2.0-5.5 × 104 parameters, so the comparison is made where the deep models are structurally disadvantaged.",,
S31.017.n02,number,335,335,Minimum Training Data for Deep Anomaly Detectors,body,Minimum Training Data for Deep Anomaly Detectors,"This is a statement about a data regime, not about the architectures: across bearings and training fractions these runs furnish between 20 and 335 normal training windows, whereas the models carry 2.0-5.5 × 104 parameters, so the comparison is made where the deep models are structurally disadvantaged.",,
S31.017.n03,number,2.0,2.0,Minimum Training Data for Deep Anomaly Detectors,body,Minimum Training Data for Deep Anomaly Detectors,"This is a statement about a data regime, not about the architectures: across bearings and training fractions these runs furnish between 20 and 335 normal training windows, whereas the models carry 2.0-5.5 × 104 parameters, so the comparison is made where the deep models are structurally disadvantaged.",,
S31.017.n04,number,5.5,5.5,Minimum Training Data for Deep Anomaly Detectors,body,Minimum Training Data for Deep Anomaly Detectors,"This is a statement about a data regime, not about the architectures: across bearings and training fractions these runs furnish between 20 and 335 normal training windows, whereas the models carry 2.0-5.5 × 104 parameters, so the comparison is made where the deep models are structurally disadvantaged.",,
S31.017.n05,number,104,104,Minimum Training Data for Deep Anomaly Detectors,body,Minimum Training Data for Deep Anomaly Detectors,"This is a statement about a data regime, not about the architectures: across bearings and training fractions these runs furnish between 20 and 335 normal training windows, whereas the models carry 2.0-5.5 × 104 parameters, so the comparison is made where the deep models are structurally disadvantaged.",,
S31.018,sentence,,,Minimum Training Data for Deep Anomaly Detectors,body,Minimum Training Data for Deep Anomaly Detectors,"Whether a crossover appears on genuinely long-running assets, where a deep model could see orders of magnitude more normal windows than any bearing here provides, is the central open question.",C052,
S31.019,sentence,,,Minimum Training Data for Deep Anomaly Detectors,body,Minimum Training Data for Deep Anomaly Detectors,"The closest publicly available single-bearing example is the KAIST bearing with a ∼43-hour lifecycle (n = 1, insufficient for inference as noted in Section 8).",C014;C107,
S31.019.n01,number,43,43,Minimum Training Data for Deep Anomaly Detectors,body,Minimum Training Data for Deep Anomaly Detectors,"The closest publicly available single-bearing example is the KAIST bearing with a ∼43-hour lifecycle (n = 1, insufficient for inference as noted in Section 8).",,
S31.019.n02,number,1,1,Minimum Training Data for Deep Anomaly Detectors,body,Minimum Training Data for Deep Anomaly Detectors,"The closest publicly available single-bearing example is the KAIST bearing with a ∼43-hour lifecycle (n = 1, insufficient for inference as noted in Section 8).",,
S31.020,sentence,,,Minimum Training Data for Deep Anomaly Detectors,body,Minimum Training Data for Deep Anomaly Detectors,"Research groups with access to multi-run, long-runway industrial historian archives (gas turbines, compressors, paper machines) can apply the released pipeline directly; loader templates for all public dataset formats used in this study are included in the repository at https://github.com/Ansh-Goyal01/ Scada-Leadtime-Benchmark to minimize integration effort.",C054;C108;C130,
S33.001,sentence,,,What Changed the Story,body,What Changed the Story,"Four methodological corrections, applied together, change the conclusion of the sampling study.",C109,
S33.002,sentence,,,What Changed the Story,body,What Changed the Story,"First, a correct failure label for the third IMS test (which had left a fifth of the data after the nominal failure) turns a guaranteed miss into a valid detection.",C130,
S33.003,sentence,,,What Changed the Story,body,What Changed the Story,"Second, an onset-gated metric that defeats the latch-on exploit prevents a constant-on detector from manufacturing lead time.",C004;C084,
S33.004,sentence,,,What Changed the Story,body,What Changed the Story,"Third, a p < n, channel-invariant feature space removes the ill-posedness of a channel-countdependent scheme.",C020;C021,
S33.005,sentence,,,What Changed the Story,body,What Changed the Story,"Fourth, a statistical test on the genuine unit of inference—the run, not the within-run sampling factor—replaces an eyeballed curve and a pseudoreplicated paired test.",C035,
S33.006,sentence,,,What Changed the Story,body,What Changed the Story,"With all four in place, the original claim that SCADA averaging destroys lead time is refuted on every dataset tested, and the previously-reported significant positive effect is corrected to a consistent but non-significant trend.",C007;C009;C109,
S34.001,sentence,,,Why the IMS Trend Appears but Is Neutral Elsewhere,body,Why the IMS Trend Appears but Is Neutral Elsewhere,"The IMS trend has a clean candidate mechanism: binaveraging is a low-pass filter that removes single-window noise spikes, so the variance-sensitive control charts (3σ, EWMA) cross and hold their thresholds earlier under aggregation than under decimation, which keeps the spikes.",C075,
S34.002,sentence,,,Why the IMS Trend Appears but Is Neutral Elsewhere,body,Why the IMS Trend Appears but Is Neutral Elsewhere,"This is consistent with the largest IMS median shift appearing in the 3σ chart (+15.1 h), although the shift is not consistent in direction across the three runs.",C041;C042,
S34.002.n01,number,15.1,+15.1,Why the IMS Trend Appears but Is Neutral Elsewhere,body,Why the IMS Trend Appears but Is Neutral Elsewhere,"This is consistent with the largest IMS median shift appearing in the 3σ chart (+15.1 h), although the shift is not consistent in direction across the three runs.",,
S34.003,sentence,,,Why the IMS Trend Appears but Is Neutral Elsewhere,body,Why the IMS Trend Appears but Is Neutral Elsewhere,"The IMS trend is reproduced by an ordinary moving-average or Kalman filter on the decimated stream (Appendix D.1), indicating a generic lowpass-smoothing mechanism rather than historian averaging specifically.",C110,
S34.004,sentence,,,Why the IMS Trend Appears but Is Neutral Elsewhere,body,Why the IMS Trend Appears but Is Neutral Elsewhere,"On ONGC the data is already smoothed at the 10 s historian rate, so further aggregation adds little; on XJTU the bearings are short-lived and many fail abruptly, so there is little quiet runway over which averaging could help.",C019,
S34.004.n01,number,10,10,Why the IMS Trend Appears but Is Neutral Elsewhere,body,Why the IMS Trend Appears but Is Neutral Elsewhere,"On ONGC the data is already smoothed at the 10 s historian rate, so further aggregation adds little; on XJTU the bearings are short-lived and many fail abruptly, so there is little quiet runway over which averaging could help.",,
S34.005,sentence,,,Why the IMS Trend Appears but Is Neutral Elsewhere,body,Why the IMS Trend Appears but Is Neutral Elsewhere,"The synthesis is therefore not “averaging helps” but bounded non-destruction: across very different regimes, no dataset × detector cell shows decimation superior beyond a ±1 h operational margin (the cells that favour decimation at all do so by less than that margin) (Section 6.4), and where the signal is noisy and the runway long, aggregation shows a tendency to stabilize the health statistic.",C048;C053,
S34.005.n01,number,±1,±1,Why the IMS Trend Appears but Is Neutral Elsewhere,body,Why the IMS Trend Appears but Is Neutral Elsewhere,"The synthesis is therefore not “averaging helps” but bounded non-destruction: across very different regimes, no dataset × detector cell shows decimation superior beyond a ±1 h operational margin (the cells that favour decimation at all do so by less than that margin) (Section 6.4), and where the signal is noisy and the runway long, aggregation shows a tendency to stabilize the health statistic.",,
S34.006,sentence,,,Why the IMS Trend Appears but Is Neutral Elsewhere,body,Why the IMS Trend Appears but Is Neutral Elsewhere,The single-asset turbine case study.,C014,
S34.007,sentence,,,Why the IMS Trend Appears but Is Neutral Elsewhere,body,Why the IMS Trend Appears but Is Neutral Elsewhere,"The one real historian record in our study, an ONGC gas-turbine low-pressurecompressor bearing logged at a 10 s SCADA rate and ending in a genuine operator shutdown, has nine of its eleven detectors alarm 34-35 h ahead of the labeled failure (RMS-trend ∼23 h, and Deep SVDD not before failure at all), with an aggregate-vs-decimate difference of at most about a minute for every detector.",C011;C116,
S34.007.n01,number,10,10,Why the IMS Trend Appears but Is Neutral Elsewhere,body,Why the IMS Trend Appears but Is Neutral Elsewhere,"The one real historian record in our study, an ONGC gas-turbine low-pressurecompressor bearing logged at a 10 s SCADA rate and ending in a genuine operator shutdown, has nine of its eleven detectors alarm 34-35 h ahead of the labeled failure (RMS-trend ∼23 h, and Deep SVDD not before failure at all), with an aggregate-vs-decimate difference of at most about a minute for every detector.",,
S34.007.n02,number,34,34,Why the IMS Trend Appears but Is Neutral Elsewhere,body,Why the IMS Trend Appears but Is Neutral Elsewhere,"The one real historian record in our study, an ONGC gas-turbine low-pressurecompressor bearing logged at a 10 s SCADA rate and ending in a genuine operator shutdown, has nine of its eleven detectors alarm 34-35 h ahead of the labeled failure (RMS-trend ∼23 h, and Deep SVDD not before failure at all), with an aggregate-vs-decimate difference of at most about a minute for every detector.",,
S34.007.n03,number,35,35,Why the IMS Trend Appears but Is Neutral Elsewhere,body,Why the IMS Trend Appears but Is Neutral Elsewhere,"The one real historian record in our study, an ONGC gas-turbine low-pressurecompressor bearing logged at a 10 s SCADA rate and ending in a genuine operator shutdown, has nine of its eleven detectors alarm 34-35 h ahead of the labeled failure (RMS-trend ∼23 h, and Deep SVDD not before failure at all), with an aggregate-vs-decimate difference of at most about a minute for every detector.",,
S34.007.n04,number,23,23,Why the IMS Trend Appears but Is Neutral Elsewhere,body,Why the IMS Trend Appears but Is Neutral Elsewhere,"The one real historian record in our study, an ONGC gas-turbine low-pressurecompressor bearing logged at a 10 s SCADA rate and ending in a genuine operator shutdown, has nine of its eleven detectors alarm 34-35 h ahead of the labeled failure (RMS-trend ∼23 h, and Deep SVDD not before failure at all), with an aggregate-vs-decimate difference of at most about a minute for every detector.",,
S34.008,sentence,,,Why the IMS Trend Appears but Is Neutral Elsewhere,body,Why the IMS Trend Appears but Is Neutral Elsewhere,Because it is a single asset (n = 1) we draw no inference from it and exclude it from the inferential family; we report it in full as a case study in Appendix D.2.,C014,
S34.008.n01,number,1,1,Why the IMS Trend Appears but Is Neutral Elsewhere,body,Why the IMS Trend Appears but Is Neutral Elsewhere,Because it is a single asset (n = 1) we draw no inference from it and exclude it from the inferential family; we report it in full as a case study in Appendix D.2.,,
S34.009,sentence,,,Why the IMS Trend Appears but Is Neutral Elsewhere,body,Why the IMS Trend Appears but Is Neutral Elsewhere,"It is nonetheless the cleanest illustration of the practical question, using no simulated coarsening, and is consistent with it.",,
S35.001,sentence,,,Why Aggregation Preserves What Decimation Loses,body,Why Aggregation Preserves What Decimation Loses,"Bin-averaging by a factor f is a length-f moving-average filter followed by downsampling: an anti-alias filter, then decimation.",C111,
S35.002,sentence,,,Why Aggregation Preserves What Decimation Loses,body,Why Aggregation Preserves What Decimation Loses,Plain decimation is the same downsampling with the filter omitted.,,
S35.003,sentence,,,Why Aggregation Preserves What Decimation Loses,body,Why Aggregation Preserves What Decimation Loses,"The prognostic content of the health statistic evolves on the degradation timescale—hours—far below the post-coarsening Nyquist rate even at f = 20, while measurement noise in the same series is broadband.",C111,
S35.003.n01,number,20,20,Why Aggregation Preserves What Decimation Loses,body,Why Aggregation Preserves What Decimation Loses,"The prognostic content of the health statistic evolves on the degradation timescale—hours—far below the post-coarsening Nyquist rate even at f = 20, while measurement noise in the same series is broadband.",,
S35.004,sentence,,,Why Aggregation Preserves What Decimation Loses,body,Why Aggregation Preserves What Decimation Loses,"Decimation therefore folds out-of-band noise into the low-frequency band occupied by the degradation trend, raising the variance of the health statistic without changing its mean; aggregation attenuates that noise before downsampling.",C111,
S35.005,sentence,,,Why Aggregation Preserves What Decimation Loses,body,Why Aggregation Preserves What Decimation Loses,"For a detector that alarms when the statistic crosses µb + kσb, a lower noise variance means the threshold is crossed earlier and held more persistently.",,
S35.006,sentence,,,Why Aggregation Preserves What Decimation Loses,body,Why Aggregation Preserves What Decimation Loses,"The prediction that follows is about noise, not about detectors: the advantage of aggregation should grow as the noise floor rises.",C037,
S35.007,sentence,,,Why Aggregation Preserves What Decimation Loses,body,Why Aggregation Preserves What Decimation Loses,"Appendix D.1 tests this directly (Table 21), and the advantage rises monotonically as injected noise increases, from -0.35 h at the native noise level to +6.60 h at 10 dB, and is recovered by applying an ordinary moving-average or Kalman filter to the decimated stream (Table 22).",C110;C114,
S35.007.n01,number,-0.35,-0.35,Why Aggregation Preserves What Decimation Loses,body,Why Aggregation Preserves What Decimation Loses,"Appendix D.1 tests this directly (Table 21), and the advantage rises monotonically as injected noise increases, from -0.35 h at the native noise level to +6.60 h at 10 dB, and is recovered by applying an ordinary moving-average or Kalman filter to the decimated stream (Table 22).",,
S35.007.n02,number,6.60,+6.60,Why Aggregation Preserves What Decimation Loses,body,Why Aggregation Preserves What Decimation Loses,"Appendix D.1 tests this directly (Table 21), and the advantage rises monotonically as injected noise increases, from -0.35 h at the native noise level to +6.60 h at 10 dB, and is recovered by applying an ordinary moving-average or Kalman filter to the decimated stream (Table 22).",,
S35.007.n03,number,10,10,Why Aggregation Preserves What Decimation Loses,body,Why Aggregation Preserves What Decimation Loses,"Appendix D.1 tests this directly (Table 21), and the advantage rises monotonically as injected noise increases, from -0.35 h at the native noise level to +6.60 h at 10 dB, and is recovered by applying an ordinary moving-average or Kalman filter to the decimated stream (Table 22).",,
S35.008,sentence,,,Why Aggregation Preserves What Decimation Loses,body,Why Aggregation Preserves What Decimation Loses,"The feature space degrades unevenly under aggregation, for a structural reason.",,
S35.009,sentence,,,Why Aggregation Preserves What Decimation Loses,body,Why Aggregation Preserves What Decimation Loses,"Each channel-aggregated series is summarised over the rolling window by its mean, standard deviation, maximum and linear-trend slope.",,
S35.010,sentence,,,Why Aggregation Preserves What Decimation Loses,body,Why Aggregation Preserves What Decimation Loses,"The mean and the slope are linear functionals of the underlying series, so block-averaging them commutes with the summary up to the weighting induced by the 50% window overlap; the standard deviation, the maximum and the cross-channel coherence are not linear, and block-averaging them is not equivalent to computing the summary on the coarsened series.",C112,
S35.010.n01,number,50%,50%,Why Aggregation Preserves What Decimation Loses,body,Why Aggregation Preserves What Decimation Loses,"The mean and the slope are linear functionals of the underlying series, so block-averaging them commutes with the summary up to the weighting induced by the 50% window overlap; the standard deviation, the maximum and the cross-channel coherence are not linear, and block-averaging them is not equivalent to computing the summary on the coarsened series.",,
S35.011,sentence,,,Why Aggregation Preserves What Decimation Loses,body,Why Aggregation Preserves What Decimation Loses,Aggregation therefore preserves the amplitude and trend descriptors more faithfully than the dispersion and extremal ones.,,
S35.012,sentence,,,Why Aggregation Preserves What Decimation Loses,body,Why Aggregation Preserves What Decimation Loses,We claim no conservation result.,C113,
S35.013,sentence,,,Why Aggregation Preserves What Decimation Loses,body,Why Aggregation Preserves What Decimation Loses,"The detectors monitor a scalar collapse of the full standardised feature vector rather than any individual statistic, and the window overlap makes even the linear summaries a non-uniformly weighted average over each block.",,
S35.014,sentence,,,Why Aggregation Preserves What Decimation Loses,body,Why Aggregation Preserves What Decimation Loses,The argument states which descriptors degrade gracefully under aggregation and why the effect should track the noise floor; it does not predict the magnitude of the effect for any particular detector.,C037,
S36.001,sentence,,,Practical Implications,body,Practical Implications,For practitioners the message is reassuring and actionable.,C117,
S36.002,sentence,,,Practical Implications,body,Practical Implications,"Storing bin-averaged vibration at SCADA rates, the default behavior of most historians, does not inherently sacrifice bearing-fault warning time relative to keeping decimated raw samples, and may even improve it for control-chart detectors on noisy long-runway data.",C008;C117,
S36.003,sentence,,,Practical Implications,body,Practical Implications,"The conformal results add a usable, distribution-free false-alarm guarantee wherever the normal region is genuinely stationary, and the trade-off curve turns the gated metric into an operating-point selector for a stated false-alarm budget.",C032;C084;C089,
S36.004,sentence,,,Practical Implications,body,Practical Implications,"The ablations caution that more features are not better under a false-alarm budget: time-domain amplitude and impulsiveness statistics carry the usable signal on IMS, and spectral features must be admitted with care.",C096,
S36.005,sentence,,,Practical Implications,body,Practical Implications,"Operators whose cost structure penalizes false alarms heavily (for instance, process plants where each alarm triggers a mandatory manual inspection) have a complementary operating point available.",,
S36.006,sentence,,,Practical Implications,body,Practical Implications,"Deep SVDD consistently stays within budget at ≤ 0.6% pre-onset FAR across the swept threshold levels on IMS (Table 13), achieving 14.8 h of advance warning with near-zero false alarms.",C003;C091,
S36.006.n01,number,0.6%,0.6%,Practical Implications,body,Practical Implications,"Deep SVDD consistently stays within budget at ≤ 0.6% pre-onset FAR across the swept threshold levels on IMS (Table 13), achieving 14.8 h of advance warning with near-zero false alarms.",,
S36.006.n02,number,14.8,14.8,Practical Implications,body,Practical Implications,"Deep SVDD consistently stays within budget at ≤ 0.6% pre-onset FAR across the swept threshold levels on IMS (Table 13), achieving 14.8 h of advance warning with near-zero false alarms.",,
S36.007,sentence,,,Practical Implications,body,Practical Implications,"Where 3σ maximizes warning time within the 10% budget, Deep SVDD minimizes nuisance alarms for operators requiring near-zero tolerance.",,
S36.007.n01,number,10%,10%,Practical Implications,body,Practical Implications,"Where 3σ maximizes warning time within the 10% budget, Deep SVDD minimizes nuisance alarms for operators requiring near-zero tolerance.",,
S36.008,sentence,,,Practical Implications,body,Practical Implications,"Neither should be used on IMS test 1, which the conformal machinery flags as uncalibrated (Table 11).",,
S36.008.n01,number,1,1,Practical Implications,body,Practical Implications,"Neither should be used on IMS test 1, which the conformal machinery flags as uncalibrated (Table 11).",,
S37.001,sentence,,,Limitations and Threats to Validity,body,Limitations and Threats to Validity,"We state the limits of the evidence plainly, grouped by the kind of validity each concern bears on.",,
S37.002,sentence,,,Limitations and Threats to Validity,body,Limitations and Threats to Validity,External validity (generalization).,,
S37.003,sentence,,,Limitations and Threats to Validity,body,Limitations and Threats to Validity,"The IMS “aggregation helps” tendency is a positive-median but non-significant trend, sign-consistent only for CUSUM and Hotelling T 2 (n = 3; Table 7) and does not replicate on the larger XJTU or FEMTO sets (Table 5)—on FEMTO the only sign-consistent detectors, LSTM-AE and Transformer-AD, are negative; we therefore claim only non-destruction as the cross-dataset headline, not a positive effect.",C041;C053;C074;C076;C080,
S37.003.n01,number,3,3,Limitations and Threats to Validity,body,Limitations and Threats to Validity,"The IMS “aggregation helps” tendency is a positive-median but non-significant trend, sign-consistent only for CUSUM and Hotelling T 2 (n = 3; Table 7) and does not replicate on the larger XJTU or FEMTO sets (Table 5)—on FEMTO the only sign-consistent detectors, LSTM-AE and Transformer-AD, are negative; we therefore claim only non-destruction as the cross-dataset headline, not a positive effect.",,
S37.004,sentence,,,Limitations and Threats to Validity,body,Limitations and Threats to Validity,"ONGC is a single asset (n = 1), reported as a descriptive case study with no inference (Table 23).",C014,
S37.004.n01,number,1,1,Limitations and Threats to Validity,body,Limitations and Threats to Validity,"ONGC is a single asset (n = 1), reported as a descriptive case study with no inference (Table 23).",,
S37.005,sentence,,,Limitations and Threats to Validity,body,Limitations and Threats to Validity,"The datasets, while deliberately diverse, are all rolling-element bearings; we do not claim the result transfers to gearboxes, blades, or other failure modes without further testing.",C010,
S37.006,sentence,,,Limitations and Threats to Validity,body,Limitations and Threats to Validity,A structural asymmetry limits what the cross-dataset null can establish.,C050,
S37.007,sentence,,,Limitations and Threats to Validity,body,Limitations and Threats to Validity,"The three campaigns that supply statistical power—XJTU-SY, FEMTO/PRONOSTIA and University of Ferrara—comprise bearings whose total lifetimes span roughly 0.7 to 8.9 h, so an aggregation effect of the magnitude observed on IMS (a run-level median of +15.1 h for the 3σ chart) could not have been observed on them even if it were present.",C019;C041;C050;C130,
S37.007.n01,number,0.7,0.7,Limitations and Threats to Validity,body,Limitations and Threats to Validity,"The three campaigns that supply statistical power—XJTU-SY, FEMTO/PRONOSTIA and University of Ferrara—comprise bearings whose total lifetimes span roughly 0.7 to 8.9 h, so an aggregation effect of the magnitude observed on IMS (a run-level median of +15.1 h for the 3σ chart) could not have been observed on them even if it were present.",,
S37.007.n02,number,8.9,8.9,Limitations and Threats to Validity,body,Limitations and Threats to Validity,"The three campaigns that supply statistical power—XJTU-SY, FEMTO/PRONOSTIA and University of Ferrara—comprise bearings whose total lifetimes span roughly 0.7 to 8.9 h, so an aggregation effect of the magnitude observed on IMS (a run-level median of +15.1 h for the 3σ chart) could not have been observed on them even if it were present.",,
S37.007.n03,number,15.1,+15.1,Limitations and Threats to Validity,body,Limitations and Threats to Validity,"The three campaigns that supply statistical power—XJTU-SY, FEMTO/PRONOSTIA and University of Ferrara—comprise bearings whose total lifetimes span roughly 0.7 to 8.9 h, so an aggregation effect of the magnitude observed on IMS (a run-level median of +15.1 h for the 3σ chart) could not have been observed on them even if it were present.",,
S37.008,sentence,,,Limitations and Threats to Validity,body,Limitations and Threats to Validity,"The null on these campaigns therefore bounds the effect at the scale of minutes, which is what our equivalence margin reflects, rather than bounding it at the scale of the IMS result.",C045;C050,
S37.009,sentence,,,Limitations and Threats to Validity,body,Limitations and Threats to Validity,"Conversely, the only dataset whose runway is long enough to express such an effect has n = 3 and cannot reach significance at any margin.",C130,
S37.009.n01,number,3,3,Limitations and Threats to Validity,body,Limitations and Threats to Validity,"Conversely, the only dataset whose runway is long enough to express such an effect has n = 3 and cannot reach significance at any margin.",,
S37.010,sentence,,,Limitations and Threats to Validity,body,Limitations and Threats to Validity,"We therefore claim non-destruction at short bearing lifetimes, where the evidence is strong, and consistency with—not demonstration of—non-destruction at the multi-week lifetimes typical of industrial assets.",C050;C053,
S37.011,sentence,,,Limitations and Threats to Validity,body,Limitations and Threats to Validity,Residual gaming surfaces of the metric.,C006,
S37.012,sentence,,,Limitations and Threats to Validity,body,Limitations and Threats to Validity,"We claim the metric defeats the specific latch-on (constant-on) exploit, not that it is unconditionally ungameable, and we name two surfaces we do not close.",C004;C006,
S37.013,sentence,,,Limitations and Threats to Validity,body,Limitations and Threats to Validity,"(a) A detector could in principle align its alarm threshold to fire just after the onset time t+o ; because our onset is computed only from training-region statistics, this cannot use test-region information, but an adversary with knowledge of the onset rule could still tune toward it.",,
S37.014,sentence,,,Limitations and Threats to Validity,body,Limitations and Threats to Validity,"(b) The onset health indicator shares its RMS/kurtosis basis with several of the detectors’ own features, so onset and detection are not fully independent—a circularity that could, in principle, favor detectors aligned to the onset statistic.",,
S37.015,sentence,,,Limitations and Threats to Validity,body,Limitations and Threats to Validity,We acknowledge both rather than claim to have eliminated them; closing them (e.g. an onset signal disjoint from the detector features) is future work.,C122,
S37.016,sentence,,,Limitations and Threats to Validity,body,Limitations and Threats to Validity,Construct validity (does the metric measure warning time?).,,
S37.017,sentence,,,Limitations and Threats to Validity,body,Limitations and Threats to Validity,"The onset definition, although leakage-free and stable to its threshold multiplier across k ∈ {3, 4, 5} (Table 3), is not the ground-truth defect-initiation time, which is unobservable in these datasets.",C023;C063;C118,
S37.017.n01,number,3,3,Limitations and Threats to Validity,body,Limitations and Threats to Validity,"The onset definition, although leakage-free and stable to its threshold multiplier across k ∈ {3, 4, 5} (Table 3), is not the ground-truth defect-initiation time, which is unobservable in these datasets.",,
S37.017.n02,number,4,4,Limitations and Threats to Validity,body,Limitations and Threats to Validity,"The onset definition, although leakage-free and stable to its threshold multiplier across k ∈ {3, 4, 5} (Table 3), is not the ground-truth defect-initiation time, which is unobservable in these datasets.",,
S37.017.n03,number,5,5,Limitations and Threats to Validity,body,Limitations and Threats to Validity,"The onset definition, although leakage-free and stable to its threshold multiplier across k ∈ {3, 4, 5} (Table 3), is not the ground-truth defect-initiation time, which is unobservable in these datasets.",,
S37.018,sentence,,,Limitations and Threats to Validity,body,Limitations and Threats to Validity,"A late onset—as on IMS test 1, where degradation and failure are nearly coincident—inflates the pre-onset region, can mark a genuine early detection invalid, and breaks the conformal exchangeability assumption (Table 11).",C032;C064,
S37.018.n01,number,1,1,Limitations and Threats to Validity,body,Limitations and Threats to Validity,"A late onset—as on IMS test 1, where degradation and failure are nearly coincident—inflates the pre-onset region, can mark a genuine early detection invalid, and breaks the conformal exchangeability assumption (Table 11).",,
S37.019,sentence,,,Limitations and Threats to Validity,body,Limitations and Threats to Validity,"The per-bearing XJTU breakdown (Table 9) shows the same effect: bearings whose physics provides essentially no warning runway score zero valid alarms regardless of detector, which is correct behavior but means the valid-alarm fraction is partly a property of the bearings, not only of the methods.",C079;C118,
S37.020,sentence,,,Limitations and Threats to Validity,body,Limitations and Threats to Validity,Internal validity (is the comparison fair?).,,
S37.021,sentence,,,Limitations and Threats to Validity,body,Limitations and Threats to Validity,"We use a single fixed hyperparameter protocol throughout to avoid optimistic per-condition tuning, and we expose threshold sensitivity through the full trade-off sweep (Table 13) rather than reporting a single hand-picked operating point.",C031,
S37.022,sentence,,,Limitations and Threats to Validity,body,Limitations and Threats to Validity,The controlled sampling sweep holds window content and persistence constant so that the aggregate-vs-decimate contrast isolates information loss; the few-windows regime at the largest coarsening factor is annotated rather than hidden.,C033;C073,
S37.023,sentence,,,Limitations and Threats to Validity,body,Limitations and Threats to Validity,Stochastic detectors inject their seed explicitly so results are bit-reproducible.,C040,
S37.024,sentence,,,Limitations and Threats to Validity,body,Limitations and Threats to Validity,"Confidence intervals are wide on IMS (n = 3); we resample runs, the genuine unit of gen- eralization, rather than seeds, which would understate uncer- tainty.",,
S37.024.n01,number,3,3,Limitations and Threats to Validity,body,Limitations and Threats to Validity,"Confidence intervals are wide on IMS (n = 3); we resample runs, the genuine unit of gen- eralization, rather than seeds, which would understate uncer- tainty.",,
S37.025,sentence,,,Limitations and Threats to Validity,body,Limitations and Threats to Validity,"Crucially, the five sampling factors applied within a run are pseudoreplicates of one degradation trajectory, not in- dependent observations: an earlier pooled 15-pair Wilcoxon test treated them as independent and thereby overstated sig- nificance.",C035;C119,
S37.025.n01,number,15,15,Limitations and Threats to Validity,body,Limitations and Threats to Validity,"Crucially, the five sampling factors applied within a run are pseudoreplicates of one degradation trajectory, not in- dependent observations: an earlier pooled 15-pair Wilcoxon test treated them as independent and thereby overstated sig- nificance.",,
S37.026,sentence,,,Limitations and Threats to Validity,body,Limitations and Threats to Validity,"We collapse to one difference per run and apply an exact sign test, which at n = 3 cannot fall below p = 0.25; after Holm correction across the forty-four-test family nothing is significant (Table 8).",C036;C037;C039,
S37.026.n01,number,3,3,Limitations and Threats to Validity,body,Limitations and Threats to Validity,"We collapse to one difference per run and apply an exact sign test, which at n = 3 cannot fall below p = 0.25; after Holm correction across the forty-four-test family nothing is significant (Table 8).",,
S37.026.n02,number,0.25,0.25,Limitations and Threats to Validity,body,Limitations and Threats to Validity,"We collapse to one difference per run and apply an exact sign test, which at n = 3 cannot fall below p = 0.25; after Holm correction across the forty-four-test family nothing is significant (Table 8).",,
S37.027,sentence,,,Limitations and Threats to Validity,body,Limitations and Threats to Validity,"The IMS result is therefore a directional trend to be read together with the XJTU and FEMTO nulls, never as a significant effect.",,
S37.028,sentence,,,Limitations and Threats to Validity,body,Limitations and Threats to Validity,"A parametric mixed-effects model is not used: with three random-effect levels it would be over-fit, and the assumption-light sign test is the defensible choice at this sample size.",C036,
S37.029,sentence,,,Limitations and Threats to Validity,body,Limitations and Threats to Validity,The minimum- dataset requirement follows directly from the test itself: the exact sign test we use cannot reach significance until at least six runs are sign-concordant (2( 1 2 )6 = 0.031).,C036;C120,
S37.029.n01,number,2,2,Limitations and Threats to Validity,body,Limitations and Threats to Validity,The minimum- dataset requirement follows directly from the test itself: the exact sign test we use cannot reach significance until at least six runs are sign-concordant (2( 1 2 )6 = 0.031).,,
S37.029.n02,number,1,1,Limitations and Threats to Validity,body,Limitations and Threats to Validity,The minimum- dataset requirement follows directly from the test itself: the exact sign test we use cannot reach significance until at least six runs are sign-concordant (2( 1 2 )6 = 0.031).,,
S37.029.n03,number,2,2,Limitations and Threats to Validity,body,Limitations and Threats to Validity,The minimum- dataset requirement follows directly from the test itself: the exact sign test we use cannot reach significance until at least six runs are sign-concordant (2( 1 2 )6 = 0.031).,,
S37.029.n04,number,6,6,Limitations and Threats to Validity,body,Limitations and Threats to Validity,The minimum- dataset requirement follows directly from the test itself: the exact sign test we use cannot reach significance until at least six runs are sign-concordant (2( 1 2 )6 = 0.031).,,
S37.029.n05,number,0.031,0.031,Limitations and Threats to Validity,body,Limitations and Threats to Validity,The minimum- dataset requirement follows directly from the test itself: the exact sign test we use cannot reach significance until at least six runs are sign-concordant (2( 1 2 )6 = 0.031).,,
S37.030,sentence,,,Limitations and Threats to Validity,body,Limitations and Threats to Validity,"The three IMS runs are thus at least a factor of two short of the sample size a significance claim would require—the quantitative content of the “long-runway, many-bearing campaign” the future work calls for.",C120;C122,
S37.031,sentence,,,Limitations and Threats to Validity,body,Limitations and Threats to Validity,"Long-runway bearing datasets with multiple runs are rare in the public domain; the closest available single- bearing example is a KAIST bearing with a ∼43-hour lifecy- cle (n = 1, insufficient for inference).",C014;C107,
S37.031.n01,number,43,43,Limitations and Threats to Validity,body,Limitations and Threats to Validity,"Long-runway bearing datasets with multiple runs are rare in the public domain; the closest available single- bearing example is a KAIST bearing with a ∼43-hour lifecy- cle (n = 1, insufficient for inference).",,
S37.031.n02,number,1,1,Limitations and Threats to Validity,body,Limitations and Threats to Validity,"Long-runway bearing datasets with multiple runs are rare in the public domain; the closest available single- bearing example is a KAIST bearing with a ∼43-hour lifecy- cle (n = 1, insufficient for inference).",,
S37.032,sentence,,,Limitations and Threats to Validity,body,Limitations and Threats to Validity,"Research groups with access to long-running industrial historian archives—gas tur- bines, compressors, paper machines—can directly apply our released pipeline to test this hypothesis; we provide loader templates for all public dataset formats used here to minimize integration effort.",C108;C130,
S37.033,sentence,,,Limitations and Threats to Validity,body,Limitations and Threats to Validity,Limited external benchmarking.,C121,
S37.034,sentence,,,Limitations and Threats to Validity,body,Limitations and Threats to Validity,We do not benchmark the gated lead-time metric against the RUL-estimation literature.,C121,
S37.035,sentence,,,Limitations and Threats to Validity,body,Limitations and Threats to Validity,"The comparison is not straightforward—RUL methods predict a remaining-life quantity and are scored by prediction error, whereas our metric scores when an alarm fires against a false-alarm budget—but the consequence is that the metric’s behaviour relative to that body of work is untested, and readers coming from RUL benchmarking should treat the two as complementary rather than ranked.",C121,
S37.036,sentence,,,Limitations and Threats to Validity,body,Limitations and Threats to Validity,"Two extensions would sharpen these conclusions most directly: run-to-failure campaigns on long-life bearings of the kind typical in industrial service, where the multi-week runway could express an aggregation effect that short laboratory bearings cannot; and a comparable effort on other bearing types and geometries, since the four inferential datasets used here are all rolling-element bearings under approximately steady speed and load, and the single real-asset record is one gas-turbine compressor bearing.",C010;C013;C050;C130,
S38.001,sentence,,,Conclusion,body,Conclusion,"We presented a lead-time-centric evaluation protocol for bearing anomaly detection, one that defeats the latch-on exploit through an onset-gated, false-alarm-budgeted metric, and used it to test whether SCADA-rate logging destroys detection lead time.",C002;C004;C007,
S38.002,sentence,,,Conclusion,body,Conclusion,"Across four inferential run-to-failure datasets (XJTU-SY n = 10, FEMTO/PRONOSTIA n = 6, University of Ferrara n = 6, and NASA IMS n = 3) together with a real single-asset turbine SCADA case study (Appendix D.2), coarse aggregation does not destroy lead time, and on IMS shows a positive median shift for most control charts that is not consistent across the three runs (not statistically significant at n = 3, and not surviving multiple-comparison correction across the N = 44 family).",C007;C013;C014;C039;C041;C042;C053,
S38.002.n01,number,10,10,Conclusion,body,Conclusion,"Across four inferential run-to-failure datasets (XJTU-SY n = 10, FEMTO/PRONOSTIA n = 6, University of Ferrara n = 6, and NASA IMS n = 3) together with a real single-asset turbine SCADA case study (Appendix D.2), coarse aggregation does not destroy lead time, and on IMS shows a positive median shift for most control charts that is not consistent across the three runs (not statistically significant at n = 3, and not surviving multiple-comparison correction across the N = 44 family).",,
S38.002.n02,number,6,6,Conclusion,body,Conclusion,"Across four inferential run-to-failure datasets (XJTU-SY n = 10, FEMTO/PRONOSTIA n = 6, University of Ferrara n = 6, and NASA IMS n = 3) together with a real single-asset turbine SCADA case study (Appendix D.2), coarse aggregation does not destroy lead time, and on IMS shows a positive median shift for most control charts that is not consistent across the three runs (not statistically significant at n = 3, and not surviving multiple-comparison correction across the N = 44 family).",,
S38.002.n03,number,6,6,Conclusion,body,Conclusion,"Across four inferential run-to-failure datasets (XJTU-SY n = 10, FEMTO/PRONOSTIA n = 6, University of Ferrara n = 6, and NASA IMS n = 3) together with a real single-asset turbine SCADA case study (Appendix D.2), coarse aggregation does not destroy lead time, and on IMS shows a positive median shift for most control charts that is not consistent across the three runs (not statistically significant at n = 3, and not surviving multiple-comparison correction across the N = 44 family).",,
S38.002.n04,number,3,3,Conclusion,body,Conclusion,"Across four inferential run-to-failure datasets (XJTU-SY n = 10, FEMTO/PRONOSTIA n = 6, University of Ferrara n = 6, and NASA IMS n = 3) together with a real single-asset turbine SCADA case study (Appendix D.2), coarse aggregation does not destroy lead time, and on IMS shows a positive median shift for most control charts that is not consistent across the three runs (not statistically significant at n = 3, and not surviving multiple-comparison correction across the N = 44 family).",,
S38.002.n05,number,3,3,Conclusion,body,Conclusion,"Across four inferential run-to-failure datasets (XJTU-SY n = 10, FEMTO/PRONOSTIA n = 6, University of Ferrara n = 6, and NASA IMS n = 3) together with a real single-asset turbine SCADA case study (Appendix D.2), coarse aggregation does not destroy lead time, and on IMS shows a positive median shift for most control charts that is not consistent across the three runs (not statistically significant at n = 3, and not surviving multiple-comparison correction across the N = 44 family).",,
S38.002.n06,number,44,44,Conclusion,body,Conclusion,"Across four inferential run-to-failure datasets (XJTU-SY n = 10, FEMTO/PRONOSTIA n = 6, University of Ferrara n = 6, and NASA IMS n = 3) together with a real single-asset turbine SCADA case study (Appendix D.2), coarse aggregation does not destroy lead time, and on IMS shows a positive median shift for most control charts that is not consistent across the three runs (not statistically significant at n = 3, and not surviving multiple-comparison correction across the N = 44 family).",,
S38.003,sentence,,,Conclusion,body,Conclusion,No dataset × detector cell shows decimation superior beyond a ±1 h operational margin (the cells that favour decimation at all do so by less than that margin) (Section 6.4).,C048,
S38.003.n01,number,±1,±1,Conclusion,body,Conclusion,No dataset × detector cell shows decimation superior beyond a ±1 h operational margin (the cells that favour decimation at all do so by less than that margin) (Section 6.4).,,
S38.004,sentence,,,Conclusion,body,Conclusion,"That null is bounded by the scale of the evidence: the three campaigns supplying the statistical power comprise bearings of 0.7-8.9 h total life, on which an aggregation effect of the magnitude seen on IMS could not have been observed, so the cross-dataset result bounds the effect at the scale of minutes and the multi-week runway remains untested.",C019;C050;C130,
S38.004.n01,number,0.7,0.7,Conclusion,body,Conclusion,"That null is bounded by the scale of the evidence: the three campaigns supplying the statistical power comprise bearings of 0.7-8.9 h total life, on which an aggregation effect of the magnitude seen on IMS could not have been observed, so the cross-dataset result bounds the effect at the scale of minutes and the multi-week runway remains untested.",,
S38.004.n02,number,8.9,8.9,Conclusion,body,Conclusion,"That null is bounded by the scale of the evidence: the three campaigns supplying the statistical power comprise bearings of 0.7-8.9 h total life, on which an aggregation effect of the magnitude seen on IMS could not have been observed, so the cross-dataset result bounds the effect at the scale of minutes and the multi-week runway remains untested.",,
S38.005,sentence,,,Conclusion,body,Conclusion,"On the short-lived bearings tested, the deep reconstruction models do not overtake the control charts at any training fraction in [0.20, 0.60]; whether a crossover exists on long-runway assets is left open.",C019;C051;C052,
S38.005.n01,number,0.20,0.20,Conclusion,body,Conclusion,"On the short-lived bearings tested, the deep reconstruction models do not overtake the control charts at any training fraction in [0.20, 0.60]; whether a crossover exists on long-runway assets is left open.",,
S38.005.n02,number,0.60,0.60,Conclusion,body,Conclusion,"On the short-lived bearings tested, the deep reconstruction models do not overtake the control charts at any training fraction in [0.20, 0.60]; whether a crossover exists on long-runway assets is left open.",,
S38.006,sentence,,,Conclusion,body,Conclusion,"The contribution is a reproducible methodology and a counter-intuitive empirical result: nondestruction, not a guaranteed positive effect.",C009,
S38.007,sentence,,,Conclusion,body,Conclusion,"Future work will learn the degradation onset jointly with the detector so that the metric’s anchor is independent of a hand-set health indicator (closing the circularity noted in Section 8), and extend the conformal guarantee to the non-exchangeable early-degradation regime in which it currently fails.",C032;C122,
S38.008,sentence,,,Conclusion,body,Conclusion,"We release the full harness, detectors, tests, and the exact tables and figures of this paper to support replication and extension.",C054,
S39.001,sentence,,,Acknowledgments,body,Acknowledgments,The author thanks the operators and data engineers at ONGC who collected and maintained the gas-turbine SCADA record used in the single-asset case study.,C014,
S39.002,sentence,,,Acknowledgments,body,Acknowledgments,"The NASA/IMS, XJTU- SY, FEMTO/PRONOSTIA, and University of Ferrara runto-failure datasets are publicly released by their respective providers and are gratefully acknowledged.",,
S39.003,sentence,,,Acknowledgments,body,Acknowledgments,All experiments were conducted on personal computing resources; no external funding was received for this work.,,
S40.001,sentence,,,Data and Code Availability,body,Data and Code Availability,"All code—detectors, the leakage-free onset, the gated metric, the sampling sweep, the conformal wrapper, the run-level statistical harness, and the noise/denoiser mechanism test—is released with a pinned environment (requirements.lock.txt, Python 3.13) and a test suite that asserts the metric’s resistance to the latch-on exploit, the leakage-free onset, and the run-level sign-test/Holm machinery.",C004;C005;C023;C039;C084,
S40.001.n01,number,3.13,3.13,Data and Code Availability,body,Data and Code Availability,"All code—detectors, the leakage-free onset, the gated metric, the sampling sweep, the conformal wrapper, the run-level statistical harness, and the noise/denoiser mechanism test—is released with a pinned environment (requirements.lock.txt, Python 3.13) and a test suite that asserts the metric’s resistance to the latch-on exploit, the leakage-free onset, and the run-level sign-test/Holm machinery.",,
S40.002,sentence,,,Data and Code Availability,body,Data and Code Availability,"Every table and figure in this paper is generated directly from the result files released in the repository under results/tables/; no number is hand-edited. results/tables/MANIFEST.md maps each table and figure to the exact file that backs it, and paper/verify_tables.py re-derives the printed values from those files and fails if any disagrees—it runs as part of the test suite, so the claim is checked rather than asserted.",C040;C124,
S40.003,sentence,,,Data and Code Availability,body,Data and Code Availability,"Where a result exists in more than one arm (the pre-D-2 legacy feature schema, or the pre-N-20 rerun), the superseded arm has been moved to results/tables/superseded/ with a note on why, so a replicator cannot select it by mistake.",C124,
S40.003.n01,number,2,2,Data and Code Availability,body,Data and Code Availability,"Where a result exists in more than one arm (the pre-D-2 legacy feature schema, or the pre-N-20 rerun), the superseded arm has been moved to results/tables/superseded/ with a note on why, so a replicator cannot select it by mistake.",,
S40.003.n02,number,20,20,Data and Code Availability,body,Data and Code Availability,"Where a result exists in more than one arm (the pre-D-2 legacy feature schema, or the pre-N-20 rerun), the superseded arm has been moved to results/tables/superseded/ with a note on why, so a replicator cannot select it by mistake.",,
S40.004,sentence,,,Data and Code Availability,body,Data and Code Availability,Repository: https://github.com/ Ansh-Goyal01/Scada-Leadtime-Benchmark.,C054,
S40.005,sentence,,,Data and Code Availability,body,Data and Code Availability,A versioned snapshot is archived on Zenodo at the concept DOI https://doi.org/10.5281/zenodo.20719076.,C054,
S40.005.n01,number,10.5281,10.5281,Data and Code Availability,body,Data and Code Availability,A versioned snapshot is archived on Zenodo at the concept DOI https://doi.org/10.5281/zenodo.20719076.,,
S40.006,sentence,,,Data and Code Availability,body,Data and Code Availability,"The IMS (NASA), XJTU-SY, and FEMTO/PRONOSTIA run-to-failure datasets are publicly available from their original providers; the repository ships the loaders and the derived per-bearing feature caches for all four inferential datasets— IMS, XJTU-SY, FEMTO/PRONOSTIA and University of Ferrara—so the sampling sweep, ablations, calibration and trade-off analyses can be rerun without re-downloading the raw archives.",C013,
S40.007,sentence,,,Data and Code Availability,body,Data and Code Availability,The ONGC gas-turbine SCADA record is proprietary and covered by a non-disclosure agreement.,C123,
S40.008,sentence,,,Data and Code Availability,body,Data and Code Availability,"Withheld, and not redistributable: the raw vibration waveforms, the channel-level measurements from which the features are built, and all asset identifiers.",C123,
S40.009,sentence,,,Data and Code Availability,body,Data and Code Availability,"Released, so that the n = 1 case study can be repeated rather than merely inspected, are the derived files behind every ONGC number in this paper (all paths relative to results/tables/): the degradation health-indicator series in ongc_health_ indicator.csv, a single baseline-standardized scalar per 10 s timestamp aggregated over all four channels, with the run-level split, onset and failure markers in ongc_ onset_markers.csv—the published onset of 2023-1113 03:44 is recomputable from these two files alone, with no proprietary input, and the repository’s test suite asserts exactly that; per-detector lead time and pre-onset false-alarm rate, together with the full post-N-20 sampling sweep (both modes × five factors × eleven detectors, 110 rows), in n20_ rerun_long_ONGC.csv, with its aggregated and interval forms in benchmark_ONGC_aggregate_n20.csv and benchmark_ONGC_leadtime_ci_n20.csv; the per-detector median differences of Table 23 in n20_ongc_ minutes.csv; the paired-test outputs in benchmark_ ONGC_paired_test_n20.csv; the conformal calibration series behind Figure 4d in calibration_ONGC. csv and calibration_ONGC_pooled.csv; and the onset reruns under the two decoupled health indicators in rg3_rerun_long_ONGC_rms_kurt.csv and rg3_ rerun_long_ONGC_pca1.csv, both of which are the pre-N-20 arm, retained as provenance for the indicator comparison; no number reported here depends on them, and the aggregate-vs-decimate contrast is taken from the post-N-20 files named above.",C005;C011;C014;C066;C123;C133,
S40.009.n01,number,03:44,03:44,Data and Code Availability,body,Data and Code Availability,"Released, so that the n = 1 case study can be repeated rather than merely inspected, are the derived files behind every ONGC number in this paper (all paths relative to results/tables/): the degradation health-indicator series in ongc_health_ indicator.csv, a single baseline-standardized scalar per 10 s timestamp aggregated over all four channels, with the run-level split, onset and failure markers in ongc_ onset_markers.csv—the published onset of 2023-1113 03:44 is recomputable from these two files alone, with no proprietary input, and the repository’s test suite asserts exactly that; per-detector lead time and pre-onset false-alarm rate, together with the full post-N-20 sampling sweep (both modes × five factors × eleven detectors, 110 rows), in n20_ rerun_long_ONGC.csv, with its aggregated and interval forms in benchmark_ONGC_aggregate_n20.csv and benchmark_ONGC_leadtime_ci_n20.csv; the per-detector median differences of Table 23 in n20_ongc_ minutes.csv; the paired-test outputs in benchmark_ ONGC_paired_test_n20.csv; the conformal calibration series behind Figure 4d in calibration_ONGC. csv and calibration_ONGC_pooled.csv; and the onset reruns under the two decoupled health indicators in rg3_rerun_long_ONGC_rms_kurt.csv and rg3_ rerun_long_ONGC_pca1.csv, both of which are the pre-N-20 arm, retained as provenance for the indicator comparison; no number reported here depends on them, and the aggregate-vs-decimate contrast is taken from the post-N-20 files named above.",,
S40.009.n02,number,1,1,Data and Code Availability,body,Data and Code Availability,"Released, so that the n = 1 case study can be repeated rather than merely inspected, are the derived files behind every ONGC number in this paper (all paths relative to results/tables/): the degradation health-indicator series in ongc_health_ indicator.csv, a single baseline-standardized scalar per 10 s timestamp aggregated over all four channels, with the run-level split, onset and failure markers in ongc_ onset_markers.csv—the published onset of 2023-1113 03:44 is recomputable from these two files alone, with no proprietary input, and the repository’s test suite asserts exactly that; per-detector lead time and pre-onset false-alarm rate, together with the full post-N-20 sampling sweep (both modes × five factors × eleven detectors, 110 rows), in n20_ rerun_long_ONGC.csv, with its aggregated and interval forms in benchmark_ONGC_aggregate_n20.csv and benchmark_ONGC_leadtime_ci_n20.csv; the per-detector median differences of Table 23 in n20_ongc_ minutes.csv; the paired-test outputs in benchmark_ ONGC_paired_test_n20.csv; the conformal calibration series behind Figure 4d in calibration_ONGC. csv and calibration_ONGC_pooled.csv; and the onset reruns under the two decoupled health indicators in rg3_rerun_long_ONGC_rms_kurt.csv and rg3_ rerun_long_ONGC_pca1.csv, both of which are the pre-N-20 arm, retained as provenance for the indicator comparison; no number reported here depends on them, and the aggregate-vs-decimate contrast is taken from the post-N-20 files named above.",,
S40.009.n03,number,10,10,Data and Code Availability,body,Data and Code Availability,"Released, so that the n = 1 case study can be repeated rather than merely inspected, are the derived files behind every ONGC number in this paper (all paths relative to results/tables/): the degradation health-indicator series in ongc_health_ indicator.csv, a single baseline-standardized scalar per 10 s timestamp aggregated over all four channels, with the run-level split, onset and failure markers in ongc_ onset_markers.csv—the published onset of 2023-1113 03:44 is recomputable from these two files alone, with no proprietary input, and the repository’s test suite asserts exactly that; per-detector lead time and pre-onset false-alarm rate, together with the full post-N-20 sampling sweep (both modes × five factors × eleven detectors, 110 rows), in n20_ rerun_long_ONGC.csv, with its aggregated and interval forms in benchmark_ONGC_aggregate_n20.csv and benchmark_ONGC_leadtime_ci_n20.csv; the per-detector median differences of Table 23 in n20_ongc_ minutes.csv; the paired-test outputs in benchmark_ ONGC_paired_test_n20.csv; the conformal calibration series behind Figure 4d in calibration_ONGC. csv and calibration_ONGC_pooled.csv; and the onset reruns under the two decoupled health indicators in rg3_rerun_long_ONGC_rms_kurt.csv and rg3_ rerun_long_ONGC_pca1.csv, both of which are the pre-N-20 arm, retained as provenance for the indicator comparison; no number reported here depends on them, and the aggregate-vs-decimate contrast is taken from the post-N-20 files named above.",,
S40.009.n04,number,2023,2023,Data and Code Availability,body,Data and Code Availability,"Released, so that the n = 1 case study can be repeated rather than merely inspected, are the derived files behind every ONGC number in this paper (all paths relative to results/tables/): the degradation health-indicator series in ongc_health_ indicator.csv, a single baseline-standardized scalar per 10 s timestamp aggregated over all four channels, with the run-level split, onset and failure markers in ongc_ onset_markers.csv—the published onset of 2023-1113 03:44 is recomputable from these two files alone, with no proprietary input, and the repository’s test suite asserts exactly that; per-detector lead time and pre-onset false-alarm rate, together with the full post-N-20 sampling sweep (both modes × five factors × eleven detectors, 110 rows), in n20_ rerun_long_ONGC.csv, with its aggregated and interval forms in benchmark_ONGC_aggregate_n20.csv and benchmark_ONGC_leadtime_ci_n20.csv; the per-detector median differences of Table 23 in n20_ongc_ minutes.csv; the paired-test outputs in benchmark_ ONGC_paired_test_n20.csv; the conformal calibration series behind Figure 4d in calibration_ONGC. csv and calibration_ONGC_pooled.csv; and the onset reruns under the two decoupled health indicators in rg3_rerun_long_ONGC_rms_kurt.csv and rg3_ rerun_long_ONGC_pca1.csv, both of which are the pre-N-20 arm, retained as provenance for the indicator comparison; no number reported here depends on them, and the aggregate-vs-decimate contrast is taken from the post-N-20 files named above.",,
S40.009.n05,number,1113,1113,Data and Code Availability,body,Data and Code Availability,"Released, so that the n = 1 case study can be repeated rather than merely inspected, are the derived files behind every ONGC number in this paper (all paths relative to results/tables/): the degradation health-indicator series in ongc_health_ indicator.csv, a single baseline-standardized scalar per 10 s timestamp aggregated over all four channels, with the run-level split, onset and failure markers in ongc_ onset_markers.csv—the published onset of 2023-1113 03:44 is recomputable from these two files alone, with no proprietary input, and the repository’s test suite asserts exactly that; per-detector lead time and pre-onset false-alarm rate, together with the full post-N-20 sampling sweep (both modes × five factors × eleven detectors, 110 rows), in n20_ rerun_long_ONGC.csv, with its aggregated and interval forms in benchmark_ONGC_aggregate_n20.csv and benchmark_ONGC_leadtime_ci_n20.csv; the per-detector median differences of Table 23 in n20_ongc_ minutes.csv; the paired-test outputs in benchmark_ ONGC_paired_test_n20.csv; the conformal calibration series behind Figure 4d in calibration_ONGC. csv and calibration_ONGC_pooled.csv; and the onset reruns under the two decoupled health indicators in rg3_rerun_long_ONGC_rms_kurt.csv and rg3_ rerun_long_ONGC_pca1.csv, both of which are the pre-N-20 arm, retained as provenance for the indicator comparison; no number reported here depends on them, and the aggregate-vs-decimate contrast is taken from the post-N-20 files named above.",,
S40.009.n06,number,20,20,Data and Code Availability,body,Data and Code Availability,"Released, so that the n = 1 case study can be repeated rather than merely inspected, are the derived files behind every ONGC number in this paper (all paths relative to results/tables/): the degradation health-indicator series in ongc_health_ indicator.csv, a single baseline-standardized scalar per 10 s timestamp aggregated over all four channels, with the run-level split, onset and failure markers in ongc_ onset_markers.csv—the published onset of 2023-1113 03:44 is recomputable from these two files alone, with no proprietary input, and the repository’s test suite asserts exactly that; per-detector lead time and pre-onset false-alarm rate, together with the full post-N-20 sampling sweep (both modes × five factors × eleven detectors, 110 rows), in n20_ rerun_long_ONGC.csv, with its aggregated and interval forms in benchmark_ONGC_aggregate_n20.csv and benchmark_ONGC_leadtime_ci_n20.csv; the per-detector median differences of Table 23 in n20_ongc_ minutes.csv; the paired-test outputs in benchmark_ ONGC_paired_test_n20.csv; the conformal calibration series behind Figure 4d in calibration_ONGC. csv and calibration_ONGC_pooled.csv; and the onset reruns under the two decoupled health indicators in rg3_rerun_long_ONGC_rms_kurt.csv and rg3_ rerun_long_ONGC_pca1.csv, both of which are the pre-N-20 arm, retained as provenance for the indicator comparison; no number reported here depends on them, and the aggregate-vs-decimate contrast is taken from the post-N-20 files named above.",,
S40.009.n07,number,110,110,Data and Code Availability,body,Data and Code Availability,"Released, so that the n = 1 case study can be repeated rather than merely inspected, are the derived files behind every ONGC number in this paper (all paths relative to results/tables/): the degradation health-indicator series in ongc_health_ indicator.csv, a single baseline-standardized scalar per 10 s timestamp aggregated over all four channels, with the run-level split, onset and failure markers in ongc_ onset_markers.csv—the published onset of 2023-1113 03:44 is recomputable from these two files alone, with no proprietary input, and the repository’s test suite asserts exactly that; per-detector lead time and pre-onset false-alarm rate, together with the full post-N-20 sampling sweep (both modes × five factors × eleven detectors, 110 rows), in n20_ rerun_long_ONGC.csv, with its aggregated and interval forms in benchmark_ONGC_aggregate_n20.csv and benchmark_ONGC_leadtime_ci_n20.csv; the per-detector median differences of Table 23 in n20_ongc_ minutes.csv; the paired-test outputs in benchmark_ ONGC_paired_test_n20.csv; the conformal calibration series behind Figure 4d in calibration_ONGC. csv and calibration_ONGC_pooled.csv; and the onset reruns under the two decoupled health indicators in rg3_rerun_long_ONGC_rms_kurt.csv and rg3_ rerun_long_ONGC_pca1.csv, both of which are the pre-N-20 arm, retained as provenance for the indicator comparison; no number reported here depends on them, and the aggregate-vs-decimate contrast is taken from the post-N-20 files named above.",,
S40.009.n08,number,20,20,Data and Code Availability,body,Data and Code Availability,"Released, so that the n = 1 case study can be repeated rather than merely inspected, are the derived files behind every ONGC number in this paper (all paths relative to results/tables/): the degradation health-indicator series in ongc_health_ indicator.csv, a single baseline-standardized scalar per 10 s timestamp aggregated over all four channels, with the run-level split, onset and failure markers in ongc_ onset_markers.csv—the published onset of 2023-1113 03:44 is recomputable from these two files alone, with no proprietary input, and the repository’s test suite asserts exactly that; per-detector lead time and pre-onset false-alarm rate, together with the full post-N-20 sampling sweep (both modes × five factors × eleven detectors, 110 rows), in n20_ rerun_long_ONGC.csv, with its aggregated and interval forms in benchmark_ONGC_aggregate_n20.csv and benchmark_ONGC_leadtime_ci_n20.csv; the per-detector median differences of Table 23 in n20_ongc_ minutes.csv; the paired-test outputs in benchmark_ ONGC_paired_test_n20.csv; the conformal calibration series behind Figure 4d in calibration_ONGC. csv and calibration_ONGC_pooled.csv; and the onset reruns under the two decoupled health indicators in rg3_rerun_long_ONGC_rms_kurt.csv and rg3_ rerun_long_ONGC_pca1.csv, both of which are the pre-N-20 arm, retained as provenance for the indicator comparison; no number reported here depends on them, and the aggregate-vs-decimate contrast is taken from the post-N-20 files named above.",,
S40.009.n09,number,20,20,Data and Code Availability,body,Data and Code Availability,"Released, so that the n = 1 case study can be repeated rather than merely inspected, are the derived files behind every ONGC number in this paper (all paths relative to results/tables/): the degradation health-indicator series in ongc_health_ indicator.csv, a single baseline-standardized scalar per 10 s timestamp aggregated over all four channels, with the run-level split, onset and failure markers in ongc_ onset_markers.csv—the published onset of 2023-1113 03:44 is recomputable from these two files alone, with no proprietary input, and the repository’s test suite asserts exactly that; per-detector lead time and pre-onset false-alarm rate, together with the full post-N-20 sampling sweep (both modes × five factors × eleven detectors, 110 rows), in n20_ rerun_long_ONGC.csv, with its aggregated and interval forms in benchmark_ONGC_aggregate_n20.csv and benchmark_ONGC_leadtime_ci_n20.csv; the per-detector median differences of Table 23 in n20_ongc_ minutes.csv; the paired-test outputs in benchmark_ ONGC_paired_test_n20.csv; the conformal calibration series behind Figure 4d in calibration_ONGC. csv and calibration_ONGC_pooled.csv; and the onset reruns under the two decoupled health indicators in rg3_rerun_long_ONGC_rms_kurt.csv and rg3_ rerun_long_ONGC_pca1.csv, both of which are the pre-N-20 arm, retained as provenance for the indicator comparison; no number reported here depends on them, and the aggregate-vs-decimate contrast is taken from the post-N-20 files named above.",,
S40.010,sentence,,,Data and Code Availability,body,Data and Code Availability,"The health indicator is an aggregate from which the four per-channel measurements cannot be recovered, and being baseline-standardized it discloses no absolute vibration amplitude.",,
S40.011,sentence,,,Data and Code Availability,body,Data and Code Availability,"No inferential claim in this paper depends on ONGC: it is a single asset, reported descriptively, excluded from every run-level significance test and from the 33-cell cross-dataset equivalence result, which is computed on the three multi-bearing campaigns.",C045,
S40.011.n01,number,33,33,Data and Code Availability,body,Data and Code Availability,"No inferential claim in this paper depends on ONGC: it is a single asset, reported descriptively, excluded from every run-level significance test and from the 33-cell cross-dataset equivalence result, which is computed on the three multi-bearing campaigns.",,
S42.001,sentence,,,Appendix A: Reproducibility Settings,body,Appendix A: Reproducibility Settings,"Table 16 lists the fixed hyperparameters used throughout, taken verbatim from the released config.py.",,
S42.002,sentence,,,Appendix A: Reproducibility Settings,body,Appendix A: Reproducibility Settings,"Table 18 gives the architectures and training protocol of the four deep models, transcribed from the same source, with trainable parameter counts measured at the 49-dimensional invariant feature width.",C020;C126,
S42.002.n01,number,49,49,Appendix A: Reproducibility Settings,body,Appendix A: Reproducibility Settings,"Table 18 gives the architectures and training protocol of the four deep models, transcribed from the same source, with trainable parameter counts measured at the 49-dimensional invariant feature width.",,
S42.003,sentence,,,Appendix A: Reproducibility Settings,body,Appendix A: Reproducibility Settings,"A single protocol is applied to every detector, dataset, run, and sampling factor—no per-condition tuning.",C031,
S42.004,sentence,,,Appendix A: Reproducibility Settings,body,Appendix A: Reproducibility Settings,"Table 17 reports the wall-clock training and per-window inference cost of each detector on the largest IMS run (Xtrain = 631, Xtest = 506 windows, single CPU core, median of five repeats).",,
S42.004.n01,number,631,631,Appendix A: Reproducibility Settings,body,Appendix A: Reproducibility Settings,"Table 17 reports the wall-clock training and per-window inference cost of each detector on the largest IMS run (Xtrain = 631, Xtest = 506 windows, single CPU core, median of five repeats).",,
S42.004.n02,number,506,506,Appendix A: Reproducibility Settings,body,Appendix A: Reproducibility Settings,"Table 17 reports the wall-clock training and per-window inference cost of each detector on the largest IMS run (Xtrain = 631, Xtest = 506 windows, single CPU core, median of five repeats).",,
S42.005,sentence,,,Appendix A: Reproducibility Settings,body,Appendix A: Reproducibility Settings,"Training is a one-off offline step; inference is negligible for every detector—at most ∼0.5 ms per window (LSTM-AE), more than four orders of magnitude below the fastest historian polling interval in our study (10 s).",C125,
S42.005.n01,number,0.5,0.5,Appendix A: Reproducibility Settings,body,Appendix A: Reproducibility Settings,"Training is a one-off offline step; inference is negligible for every detector—at most ∼0.5 ms per window (LSTM-AE), more than four orders of magnitude below the fastest historian polling interval in our study (10 s).",,
S42.005.n02,number,10,10,Appendix A: Reproducibility Settings,body,Appendix A: Reproducibility Settings,"Training is a one-off offline step; inference is negligible for every detector—at most ∼0.5 ms per window (LSTM-AE), more than four orders of magnitude below the fastest historian polling interval in our study (10 s).",,
S42.006,sentence,,,Appendix A: Reproducibility Settings,body,Appendix A: Reproducibility Settings,Streaming condition monitoring at native SCADA rates is therefore not compute-bound for any of the eleven evaluated,C125,
S43.001,sentence,,,Appendix B: The 49-Dimensional Invariant Feature Space,body,Appendix B: The 49-Dimensional Invariant Feature Space,Each snapshot’s raw waveform yields six per-channel timedomain statistics (Table 19).,,
S43.002,sentence,,,Appendix B: The 49-Dimensional Invariant Feature Space,body,Appendix B: The 49-Dimensional Invariant Feature Space,"Each family is made channelcount-invariant by aggregating across the physical channels with the channel mean and the channel max, and each aggregated series is summarised over the rolling window (10 samples, 50% overlap) by its mean, standard deviation, maximum, and least-squares trend slope, giving 6 × 2 × 4 = 48 features; a cross-channel RMS-coherence feature (the mean pairwise Pearson correlation of the physical RMS channels within the window) brings the total to 49.",C127,
S43.002.n01,number,10,10,Appendix B: The 49-Dimensional Invariant Feature Space,body,Appendix B: The 49-Dimensional Invariant Feature Space,"Each family is made channelcount-invariant by aggregating across the physical channels with the channel mean and the channel max, and each aggregated series is summarised over the rolling window (10 samples, 50% overlap) by its mean, standard deviation, maximum, and least-squares trend slope, giving 6 × 2 × 4 = 48 features; a cross-channel RMS-coherence feature (the mean pairwise Pearson correlation of the physical RMS channels within the window) brings the total to 49.",,
S43.002.n02,number,50%,50%,Appendix B: The 49-Dimensional Invariant Feature Space,body,Appendix B: The 49-Dimensional Invariant Feature Space,"Each family is made channelcount-invariant by aggregating across the physical channels with the channel mean and the channel max, and each aggregated series is summarised over the rolling window (10 samples, 50% overlap) by its mean, standard deviation, maximum, and least-squares trend slope, giving 6 × 2 × 4 = 48 features; a cross-channel RMS-coherence feature (the mean pairwise Pearson correlation of the physical RMS channels within the window) brings the total to 49.",,
S43.002.n03,number,6,6,Appendix B: The 49-Dimensional Invariant Feature Space,body,Appendix B: The 49-Dimensional Invariant Feature Space,"Each family is made channelcount-invariant by aggregating across the physical channels with the channel mean and the channel max, and each aggregated series is summarised over the rolling window (10 samples, 50% overlap) by its mean, standard deviation, maximum, and least-squares trend slope, giving 6 × 2 × 4 = 48 features; a cross-channel RMS-coherence feature (the mean pairwise Pearson correlation of the physical RMS channels within the window) brings the total to 49.",,
S43.002.n04,number,2,2,Appendix B: The 49-Dimensional Invariant Feature Space,body,Appendix B: The 49-Dimensional Invariant Feature Space,"Each family is made channelcount-invariant by aggregating across the physical channels with the channel mean and the channel max, and each aggregated series is summarised over the rolling window (10 samples, 50% overlap) by its mean, standard deviation, maximum, and least-squares trend slope, giving 6 × 2 × 4 = 48 features; a cross-channel RMS-coherence feature (the mean pairwise Pearson correlation of the physical RMS channels within the window) brings the total to 49.",,
S43.002.n05,number,4,4,Appendix B: The 49-Dimensional Invariant Feature Space,body,Appendix B: The 49-Dimensional Invariant Feature Space,"Each family is made channelcount-invariant by aggregating across the physical channels with the channel mean and the channel max, and each aggregated series is summarised over the rolling window (10 samples, 50% overlap) by its mean, standard deviation, maximum, and least-squares trend slope, giving 6 × 2 × 4 = 48 features; a cross-channel RMS-coherence feature (the mean pairwise Pearson correlation of the physical RMS channels within the window) brings the total to 49.",,
S43.002.n06,number,48,48,Appendix B: The 49-Dimensional Invariant Feature Space,body,Appendix B: The 49-Dimensional Invariant Feature Space,"Each family is made channelcount-invariant by aggregating across the physical channels with the channel mean and the channel max, and each aggregated series is summarised over the rolling window (10 samples, 50% overlap) by its mean, standard deviation, maximum, and least-squares trend slope, giving 6 × 2 × 4 = 48 features; a cross-channel RMS-coherence feature (the mean pairwise Pearson correlation of the physical RMS channels within the window) brings the total to 49.",,
S43.002.n07,number,49,49,Appendix B: The 49-Dimensional Invariant Feature Space,body,Appendix B: The 49-Dimensional Invariant Feature Space,"Each family is made channelcount-invariant by aggregating across the physical channels with the channel mean and the channel max, and each aggregated series is summarised over the rolling window (10 samples, 50% overlap) by its mean, standard deviation, maximum, and least-squares trend slope, giving 6 × 2 × 4 = 48 features; a cross-channel RMS-coherence feature (the mean pairwise Pearson correlation of the physical RMS channels within the window) brings the total to 49.",,
S43.003,sentence,,,Appendix B: The 49-Dimensional Invariant Feature Space,body,Appendix B: The 49-Dimensional Invariant Feature Space,"A train-fit variance top-k selection (k ≤ 50) keeps p < n, and every statistic is fit on the training split only, so no test-region information leaks into the features.",C021,
S43.003.n01,number,50,50,Appendix B: The 49-Dimensional Invariant Feature Space,body,Appendix B: The 49-Dimensional Invariant Feature Space,"A train-fit variance top-k selection (k ≤ 50) keeps p < n, and every statistic is fit on the training split only, so no test-region information leaks into the features.",,
S43.004,sentence,,,Appendix B: The 49-Dimensional Invariant Feature Space,body,Appendix B: The 49-Dimensional Invariant Feature Space,Feature naming and the exact construction are in the released code (Appendix A).,,
S44.001,sentence,,,Appendix C: IMS Test-3 Relabeling Justification,body,Appendix C: IMS Test-3 Relabeling Justification,"A subtlety we correct here is the failure-label of the third test: an earlier label placed failure on 2004-04-08, leaving 21.5% of the recorded data after the nominal “failure”—impossible for a run-to-failure series—so under that label the third test is a guaranteed 100% miss for every detector.",C128;C130,
S44.001.n01,number,2004-04-08,2004-04-08,Appendix C: IMS Test-3 Relabeling Justification,body,Appendix C: IMS Test-3 Relabeling Justification,"A subtlety we correct here is the failure-label of the third test: an earlier label placed failure on 2004-04-08, leaving 21.5% of the recorded data after the nominal “failure”—impossible for a run-to-failure series—so under that label the third test is a guaranteed 100% miss for every detector.",,
S44.001.n02,number,21.5%,21.5%,Appendix C: IMS Test-3 Relabeling Justification,body,Appendix C: IMS Test-3 Relabeling Justification,"A subtlety we correct here is the failure-label of the third test: an earlier label placed failure on 2004-04-08, leaving 21.5% of the recorded data after the nominal “failure”—impossible for a run-to-failure series—so under that label the third test is a guaranteed 100% miss for every detector.",,
S44.001.n03,number,100%,100%,Appendix C: IMS Test-3 Relabeling Justification,body,Appendix C: IMS Test-3 Relabeling Justification,"A subtlety we correct here is the failure-label of the third test: an earlier label placed failure on 2004-04-08, leaving 21.5% of the recorded data after the nominal “failure”—impossible for a run-to-failure series—so under that label the third test is a guaranteed 100% miss for every detector.",,
S44.002,sentence,,,Appendix C: IMS Test-3 Relabeling Justification,body,Appendix C: IMS Test-3 Relabeling Justification,"We relabel it to the last recorded sample (2004-04-18 02:42), at which the mean-RMS health indicator has ramped from its flat baseline (∼0.068) to ∼0.228 before the final machine-off reading— within the flat normal-region baseline band at the old label, but well above the 4σ onset band at the corrected one.",C128,
S44.002.n01,number,2004-04-18 02:42,2004-04-18 02:42,Appendix C: IMS Test-3 Relabeling Justification,body,Appendix C: IMS Test-3 Relabeling Justification,"We relabel it to the last recorded sample (2004-04-18 02:42), at which the mean-RMS health indicator has ramped from its flat baseline (∼0.068) to ∼0.228 before the final machine-off reading— within the flat normal-region baseline band at the old label, but well above the 4σ onset band at the corrected one.",,
S44.002.n02,number,0.068,0.068,Appendix C: IMS Test-3 Relabeling Justification,body,Appendix C: IMS Test-3 Relabeling Justification,"We relabel it to the last recorded sample (2004-04-18 02:42), at which the mean-RMS health indicator has ramped from its flat baseline (∼0.068) to ∼0.228 before the final machine-off reading— within the flat normal-region baseline band at the old label, but well above the 4σ onset band at the corrected one.",,
S44.002.n03,number,0.228,0.228,Appendix C: IMS Test-3 Relabeling Justification,body,Appendix C: IMS Test-3 Relabeling Justification,"We relabel it to the last recorded sample (2004-04-18 02:42), at which the mean-RMS health indicator has ramped from its flat baseline (∼0.068) to ∼0.228 before the final machine-off reading— within the flat normal-region baseline band at the old label, but well above the 4σ onset band at the corrected one.",,
S44.002.n04,number,4,4,Appendix C: IMS Test-3 Relabeling Justification,body,Appendix C: IMS Test-3 Relabeling Justification,"We relabel it to the last recorded sample (2004-04-18 02:42), at which the mean-RMS health indicator has ramped from its flat baseline (∼0.068) to ∼0.228 before the final machine-off reading— within the flat normal-region baseline band at the old label, but well above the 4σ onset band at the corrected one.",,
S44.003,sentence,,,Appendix C: IMS Test-3 Relabeling Justification,body,Appendix C: IMS Test-3 Relabeling Justification,"The relabeling therefore moves the third test in the direction of harder, not easier, detection: a previously guaranteed 100% miss becomes an evaluable run, and because the aggregatevs-decimate contrast is computed independently within each run, the relabeling cannot artificially inflate it.",C129;C130,
S44.003.n01,number,100%,100%,Appendix C: IMS Test-3 Relabeling Justification,body,Appendix C: IMS Test-3 Relabeling Justification,"The relabeling therefore moves the third test in the direction of harder, not easier, detection: a previously guaranteed 100% miss becomes an evaluable run, and because the aggregatevs-decimate contrast is computed independently within each run, the relabeling cannot artificially inflate it.",,
S44.004,sentence,,,Appendix C: IMS Test-3 Relabeling Justification,body,Appendix C: IMS Test-3 Relabeling Justification,"We present this as an author relabeling based on the health-indicator trajectory, not an independently verified ground truth: we are not aware of a published benchmark that corrects this label, so we do not claim it as a community-established correction.",C132,
S44.005,sentence,,,Appendix C: IMS Test-3 Relabeling Justification,body,Appendix C: IMS Test-3 Relabeling Justification,"It is nonetheless not a tuning choice: it only affects the single hardest run, and it makes that run pass rather than improving any aggregate-vs-decimate contrast (the contrast is computed within each run).",,
S44.006,sentence,,,Appendix C: IMS Test-3 Relabeling Justification,body,Appendix C: IMS Test-3 Relabeling Justification,It is the labeling we use throughout.,,
S44.007,sentence,,,Appendix C: IMS Test-3 Relabeling Justification,body,Appendix C: IMS Test-3 Relabeling Justification,"The relabeling made our own claim harder to support, not easier.",C129,
S44.008,sentence,,,Appendix C: IMS Test-3 Relabeling Justification,body,Appendix C: IMS Test-3 Relabeling Justification,"Because a reader may reasonably ask whether the label was chosen for the result it produces, we re-ran the entire IMS sweep under the original 2004-04-08 label and report both arms side by side (Table 20).",C128,
S44.008.n01,number,2004-04-08,2004-04-08,Appendix C: IMS Test-3 Relabeling Justification,body,Appendix C: IMS Test-3 Relabeling Justification,"Because a reader may reasonably ask whether the label was chosen for the result it produces, we re-ran the entire IMS sweep under the original 2004-04-08 label and report both arms side by side (Table 20).",,
S44.009,sentence,,,Appendix C: IMS Test-3 Relabeling Justification,body,Appendix C: IMS Test-3 Relabeling Justification,The decisive case is the 3σ chart.,,
S44.010,sentence,,,Appendix C: IMS Test-3 Relabeling Justification,body,Appendix C: IMS Test-3 Relabeling Justification,"Under the original label the third test is a guaranteed miss, so its aggregate and decimate lead times are both zero and the run’s collapsed difference is exactly 0.00 h; Section 4.9’s zero-difference rule then excludes that run from the sign-test tally, leaving 3σ at two positive and zero negative runs.",C038;C130,
S44.010.n01,number,0.00,0.00,Appendix C: IMS Test-3 Relabeling Justification,body,Appendix C: IMS Test-3 Relabeling Justification,"Under the original label the third test is a guaranteed miss, so its aggregate and decimate lead times are both zero and the run’s collapsed difference is exactly 0.00 h; Section 4.9’s zero-difference rule then excludes that run from the sign-test tally, leaving 3σ at two positive and zero negative runs.",,
S44.011,sentence,,,Appendix C: IMS Test-3 Relabeling Justification,body,Appendix C: IMS Test-3 Relabeling Justification,An earlier version of this work claimed that in no run does aggregation shorten the lead time of the magnitudemonitoring detectors.,C109,
S44.012,sentence,,,Appendix C: IMS Test-3 Relabeling Justification,body,Appendix C: IMS Test-3 Relabeling Justification,That claim would have been true under the original label.,,
S44.013,sentence,,,Appendix C: IMS Test-3 Relabeling Justification,body,Appendix C: IMS Test-3 Relabeling Justification,"It is false only under the corrected one, where the third test contributes -1.00 h, and we have withdrawn it accordingly.",C129,
S44.013.n01,number,-1.00,-1.00,Appendix C: IMS Test-3 Relabeling Justification,body,Appendix C: IMS Test-3 Relabeling Justification,"It is false only under the corrected one, where the third test contributes -1.00 h, and we have withdrawn it accordingly.",,
S44.014,sentence,,,Appendix C: IMS Test-3 Relabeling Justification,body,Appendix C: IMS Test-3 Relabeling Justification,"The relabeling therefore moved the evidence against the paper’s own claim rather than in its favor, which is the opposite of what a result-motivated relabeling would do.",,
S44.015,sentence,,,Appendix C: IMS Test-3 Relabeling Justification,body,Appendix C: IMS Test-3 Relabeling Justification,The relabeling is also narrower than one might expect.,,
S44.016,sentence,,,Appendix C: IMS Test-3 Relabeling Justification,body,Appendix C: IMS Test-3 Relabeling Justification,"Under the original label the third test is a guaranteed miss for six of the ten detectors, not for all ten: 3σ, CUSUM, EWMA, Isolation Forest, Deep SVDD, and RMS-trend all score L = 0 in both modes.",C130,
S44.016.n01,number,0,0,Appendix C: IMS Test-3 Relabeling Justification,body,Appendix C: IMS Test-3 Relabeling Justification,"Under the original label the third test is a guaranteed miss for six of the ten detectors, not for all ten: 3σ, CUSUM, EWMA, Isolation Forest, Deep SVDD, and RMS-trend all score L = 0 in both modes.",,
S44.017,sentence,,,Appendix C: IMS Test-3 Relabeling Justification,body,Appendix C: IMS Test-3 Relabeling Justification,"The remaining four—Hotelling T 2, LSTM-AE, TCN-AE, and Transformer-AD—alarm early enough to precede even the earlier failure time, so they retain a positive lead in both modes and their third run survives the zero-difference exclusion.",C038,
S44.018,sentence,,,Appendix C: IMS Test-3 Relabeling Justification,body,Appendix C: IMS Test-3 Relabeling Justification,"The effective sample size is detector-dependent, and neither label can reach significance.",C084,
S44.019,sentence,,,Appendix C: IMS Test-3 Relabeling Justification,body,Appendix C: IMS Test-3 Relabeling Justification,"Because the zero-difference exclusion operates per detector, the original label does not simply reduce IMS to n = 2.",C038,
S44.019.n01,number,2,2,Appendix C: IMS Test-3 Relabeling Justification,body,Appendix C: IMS Test-3 Relabeling Justification,"Because the zero-difference exclusion operates per detector, the original label does not simply reduce IMS to n = 2.",,
S44.020,sentence,,,Appendix C: IMS Test-3 Relabeling Justification,body,Appendix C: IMS Test-3 Relabeling Justification,"It leaves neff = 3 for the four detectors that still warn on the third test, drops it to neff = 2 for 3σ, CUSUM, EWMA and Isolation Forest, and to neff = 1 for Deep SVDD and RMS-trend.",C130,
S44.020.n01,number,3,3,Appendix C: IMS Test-3 Relabeling Justification,body,Appendix C: IMS Test-3 Relabeling Justification,"It leaves neff = 3 for the four detectors that still warn on the third test, drops it to neff = 2 for 3σ, CUSUM, EWMA and Isolation Forest, and to neff = 1 for Deep SVDD and RMS-trend.",,
S44.020.n02,number,2,2,Appendix C: IMS Test-3 Relabeling Justification,body,Appendix C: IMS Test-3 Relabeling Justification,"It leaves neff = 3 for the four detectors that still warn on the third test, drops it to neff = 2 for 3σ, CUSUM, EWMA and Isolation Forest, and to neff = 1 for Deep SVDD and RMS-trend.",,
S44.020.n03,number,1,1,Appendix C: IMS Test-3 Relabeling Justification,body,Appendix C: IMS Test-3 Relabeling Justification,"It leaves neff = 3 for the four detectors that still warn on the third test, drops it to neff = 2 for 3σ, CUSUM, EWMA and Isolation Forest, and to neff = 1 for Deep SVDD and RMS-trend.",,
S44.021,sentence,,,Appendix C: IMS Test-3 Relabeling Justification,body,Appendix C: IMS Test-3 Relabeling Justification,"The exact two-sided sign test floors at p = 0.25, 0.50 and 1.00 at those three sample sizes respectively, so under the original label six of the ten detectors could not have reached α = 0.05 at any effect size whatsoever.",C036;C037;C130,
S44.021.n01,number,0.25,0.25,Appendix C: IMS Test-3 Relabeling Justification,body,Appendix C: IMS Test-3 Relabeling Justification,"The exact two-sided sign test floors at p = 0.25, 0.50 and 1.00 at those three sample sizes respectively, so under the original label six of the ten detectors could not have reached α = 0.05 at any effect size whatsoever.",,
S44.021.n02,number,0.50,0.50,Appendix C: IMS Test-3 Relabeling Justification,body,Appendix C: IMS Test-3 Relabeling Justification,"The exact two-sided sign test floors at p = 0.25, 0.50 and 1.00 at those three sample sizes respectively, so under the original label six of the ten detectors could not have reached α = 0.05 at any effect size whatsoever.",,
S44.021.n03,number,1.00,1.00,Appendix C: IMS Test-3 Relabeling Justification,body,Appendix C: IMS Test-3 Relabeling Justification,"The exact two-sided sign test floors at p = 0.25, 0.50 and 1.00 at those three sample sizes respectively, so under the original label six of the ten detectors could not have reached α = 0.05 at any effect size whatsoever.",,
S44.021.n04,number,0.05,0.05,Appendix C: IMS Test-3 Relabeling Justification,body,Appendix C: IMS Test-3 Relabeling Justification,"The exact two-sided sign test floors at p = 0.25, 0.50 and 1.00 at those three sample sizes respectively, so under the original label six of the ten detectors could not have reached α = 0.05 at any effect size whatsoever.",,
S44.022,sentence,,,Appendix C: IMS Test-3 Relabeling Justification,body,Appendix C: IMS Test-3 Relabeling Justification,"The four that retain neff = 3 floor at p = 0.25, which is itself already above α.",C037;C130,
S44.022.n01,number,3,3,Appendix C: IMS Test-3 Relabeling Justification,body,Appendix C: IMS Test-3 Relabeling Justification,"The four that retain neff = 3 floor at p = 0.25, which is itself already above α.",,
S44.022.n02,number,0.25,0.25,Appendix C: IMS Test-3 Relabeling Justification,body,Appendix C: IMS Test-3 Relabeling Justification,"The four that retain neff = 3 floor at p = 0.25, which is itself already above α.",,
S44.023,sentence,,,Appendix C: IMS Test-3 Relabeling Justification,body,Appendix C: IMS Test-3 Relabeling Justification,"The same floor governs the corrected label, where every run is retained but n = 3 still bounds the attainable p at 0.25.",C037,
S44.023.n01,number,3,3,Appendix C: IMS Test-3 Relabeling Justification,body,Appendix C: IMS Test-3 Relabeling Justification,"The same floor governs the corrected label, where every run is retained but n = 3 still bounds the attainable p at 0.25.",,
S44.023.n02,number,0.25,0.25,Appendix C: IMS Test-3 Relabeling Justification,body,Appendix C: IMS Test-3 Relabeling Justification,"The same floor governs the corrected label, where every run is retained but n = 3 still bounds the attainable p at 0.25.",,
S44.024,sentence,,,Appendix C: IMS Test-3 Relabeling Justification,body,Appendix C: IMS Test-3 Relabeling Justification,"No IMS detector therefore reaches significance under either label, and the best attainable p is 0.25 in both arms (Hotelling T 2).",C131,
S44.024.n01,number,0.25,0.25,Appendix C: IMS Test-3 Relabeling Justification,body,Appendix C: IMS Test-3 Relabeling Justification,"No IMS detector therefore reaches significance under either label, and the best attainable p is 0.25 in both arms (Hotelling T 2).",,
S44.025,sentence,,,Appendix C: IMS Test-3 Relabeling Justification,body,Appendix C: IMS Test-3 Relabeling Justification,"What the label does not change is the direction: no median flips sign between the two arms, with 3σ holding at +15.10 h and Hotelling T 2 at +1.17 h.",C041;C131,
S44.025.n01,number,15.10,+15.10,Appendix C: IMS Test-3 Relabeling Justification,body,Appendix C: IMS Test-3 Relabeling Justification,"What the label does not change is the direction: no median flips sign between the two arms, with 3σ holding at +15.10 h and Hotelling T 2 at +1.17 h.",,
S44.025.n02,number,1.17,+1.17,Appendix C: IMS Test-3 Relabeling Justification,body,Appendix C: IMS Test-3 Relabeling Justification,"What the label does not change is the direction: no median flips sign between the two arms, with 3σ holding at +15.10 h and Hotelling T 2 at +1.17 h.",,
S44.026,sentence,,,Appendix C: IMS Test-3 Relabeling Justification,body,Appendix C: IMS Test-3 Relabeling Justification,The Holm verdict of Section 6 and the headline are untouched by the relabeling.,C039,
S46.001,sentence,,,D.1 Generic Smoothing vs.\ Historian Averaging,body,D.1 Generic Smoothing vs.\ Historian Averaging,"The IMS trend admits a clean candidate mechanism: binaveraging is a low-pass filter that suppresses single-window noise in the health statistic, letting the alarm threshold be crossed earlier and held more persistently than under decimation.",C075,
S46.002,sentence,,,D.1 Generic Smoothing vs.\ Historian Averaging,body,D.1 Generic Smoothing vs.\ Historian Averaging,"If that is the mechanism, two predictions follow, and we test both directly on IMS (controlling window content at sampling factor 5 so only the smoothing differs).",C033,
S46.002.n01,number,5,5,D.1 Generic Smoothing vs.\ Historian Averaging,body,D.1 Generic Smoothing vs.\ Historian Averaging,"If that is the mechanism, two predictions follow, and we test both directly on IMS (controlling window content at sampling factor 5 so only the smoothing differs).",,
S46.003,sentence,,,D.1 Generic Smoothing vs.\ Historian Averaging,body,D.1 Generic Smoothing vs.\ Historian Averaging,Prediction 1: the aggregate advantage should grow with noise.,,
S46.003.n01,number,1,1,D.1 Generic Smoothing vs.\ Historian Averaging,body,D.1 Generic Smoothing vs.\ Historian Averaging,Prediction 1: the aggregate advantage should grow with noise.,,
S46.004,sentence,,,D.1 Generic Smoothing vs.\ Historian Averaging,body,D.1 Generic Smoothing vs.\ Historian Averaging,"We add zero-mean Gaussian noise to the per-window health statistic at signal-to-noise ratios of 30, 20, and 10 dB and recompute the (aggregate - decimate) lead time.",,
S46.004.n01,number,30,30,D.1 Generic Smoothing vs.\ Historian Averaging,body,D.1 Generic Smoothing vs.\ Historian Averaging,"We add zero-mean Gaussian noise to the per-window health statistic at signal-to-noise ratios of 30, 20, and 10 dB and recompute the (aggregate - decimate) lead time.",,
S46.004.n02,number,20,20,D.1 Generic Smoothing vs.\ Historian Averaging,body,D.1 Generic Smoothing vs.\ Historian Averaging,"We add zero-mean Gaussian noise to the per-window health statistic at signal-to-noise ratios of 30, 20, and 10 dB and recompute the (aggregate - decimate) lead time.",,
S46.004.n03,number,10,10,D.1 Generic Smoothing vs.\ Historian Averaging,body,D.1 Generic Smoothing vs.\ Historian Averaging,"We add zero-mean Gaussian noise to the per-window health statistic at signal-to-noise ratios of 30, 20, and 10 dB and recompute the (aggregate - decimate) lead time.",,
S46.005,sentence,,,D.1 Generic Smoothing vs.\ Historian Averaging,body,D.1 Generic Smoothing vs.\ Historian Averaging,"To avoid the pseudoreplication we corrected in the main analysis, we collapse the four magnitude-monitoring SPC charts to one mean difference per run and treat the run as the unit of inference (n = 3 per level).",C035,
S46.005.n01,number,3,3,D.1 Generic Smoothing vs.\ Historian Averaging,body,D.1 Generic Smoothing vs.\ Historian Averaging,"To avoid the pseudoreplication we corrected in the main analysis, we collapse the four magnitude-monitoring SPC charts to one mean difference per run and treat the run as the unit of inference (n = 3 per level).",,
S46.006,sentence,,,D.1 Generic Smoothing vs.\ Historian Averaging,body,D.1 Generic Smoothing vs.\ Historian Averaging,"The mean advantage rises monotonically as noise increases (Table 21): from -0.35 h at the native noise level to +6.6 h at 10 dB, and at the two highest noise levels all three runs share the positive sign.",C114,
S46.006.n01,number,-0.35,-0.35,D.1 Generic Smoothing vs.\ Historian Averaging,body,D.1 Generic Smoothing vs.\ Historian Averaging,"The mean advantage rises monotonically as noise increases (Table 21): from -0.35 h at the native noise level to +6.6 h at 10 dB, and at the two highest noise levels all three runs share the positive sign.",,
S46.006.n02,number,6.6,+6.6,D.1 Generic Smoothing vs.\ Historian Averaging,body,D.1 Generic Smoothing vs.\ Historian Averaging,"The mean advantage rises monotonically as noise increases (Table 21): from -0.35 h at the native noise level to +6.6 h at 10 dB, and at the two highest noise levels all three runs share the positive sign.",,
S46.006.n03,number,10,10,D.1 Generic Smoothing vs.\ Historian Averaging,body,D.1 Generic Smoothing vs.\ Historian Averaging,"The mean advantage rises monotonically as noise increases (Table 21): from -0.35 h at the native noise level to +6.6 h at 10 dB, and at the two highest noise levels all three runs share the positive sign.",,
S46.007,sentence,,,D.1 Generic Smoothing vs.\ Historian Averaging,body,D.1 Generic Smoothing vs.\ Historian Averaging,"The lone large negative in the table, the -7.94 h native-noise entry, is IMS test 1—the abrupt near-coincident-onset run whose degradation begins only ∼12 h before failure, the same run that violates the conformal guarantee (Table 11) and is unwarnable under every feature set.",C064;C079,
S46.007.n01,number,-7.94,-7.94,D.1 Generic Smoothing vs.\ Historian Averaging,body,D.1 Generic Smoothing vs.\ Historian Averaging,"The lone large negative in the table, the -7.94 h native-noise entry, is IMS test 1—the abrupt near-coincident-onset run whose degradation begins only ∼12 h before failure, the same run that violates the conformal guarantee (Table 11) and is unwarnable under every feature set.",,
S46.007.n02,number,1,1,D.1 Generic Smoothing vs.\ Historian Averaging,body,D.1 Generic Smoothing vs.\ Historian Averaging,"The lone large negative in the table, the -7.94 h native-noise entry, is IMS test 1—the abrupt near-coincident-onset run whose degradation begins only ∼12 h before failure, the same run that violates the conformal guarantee (Table 11) and is unwarnable under every feature set.",,
S46.007.n03,number,12,12,D.1 Generic Smoothing vs.\ Historian Averaging,body,D.1 Generic Smoothing vs.\ Historian Averaging,"The lone large negative in the table, the -7.94 h native-noise entry, is IMS test 1—the abrupt near-coincident-onset run whose degradation begins only ∼12 h before failure, the same run that violates the conformal guarantee (Table 11) and is unwarnable under every feature set.",,
S46.008,sentence,,,D.1 Generic Smoothing vs.\ Historian Averaging,body,D.1 Generic Smoothing vs.\ Historian Averaging,"This is the qualitative signature of a low-pass mechanism—the noisier the health signal, the more bin-averaging helps.",C075,
S46.009,sentence,,,D.1 Generic Smoothing vs.\ Historian Averaging,body,D.1 Generic Smoothing vs.\ Historian Averaging,"At n = 3 this is a directional trend, not a significant effect (the exact sign test floors at p = 0.25, and at 30 dB the per-run signs are mixed).",C036;C037,
S46.009.n01,number,3,3,D.1 Generic Smoothing vs.\ Historian Averaging,body,D.1 Generic Smoothing vs.\ Historian Averaging,"At n = 3 this is a directional trend, not a significant effect (the exact sign test floors at p = 0.25, and at 30 dB the per-run signs are mixed).",,
S46.009.n02,number,0.25,0.25,D.1 Generic Smoothing vs.\ Historian Averaging,body,D.1 Generic Smoothing vs.\ Historian Averaging,"At n = 3 this is a directional trend, not a significant effect (the exact sign test floors at p = 0.25, and at 30 dB the per-run signs are mixed).",,
S46.009.n03,number,30,30,D.1 Generic Smoothing vs.\ Historian Averaging,body,D.1 Generic Smoothing vs.\ Historian Averaging,"At n = 3 this is a directional trend, not a significant effect (the exact sign test floors at p = 0.25, and at 30 dB the per-run signs are mixed).",,
S46.010,sentence,,,D.1 Generic Smoothing vs.\ Historian Averaging,body,D.1 Generic Smoothing vs.\ Historian Averaging,"It corroborates the proposed mechanism; it does not, and at this sample size cannot, establish it statistically.",,
S46.011,sentence,,,D.1 Generic Smoothing vs.\ Historian Averaging,body,D.1 Generic Smoothing vs.\ Historian Averaging,Prediction 2: any smoother on the decimated stream should recover the advantage.,,
S46.011.n01,number,2,2,D.1 Generic Smoothing vs.\ Historian Averaging,body,D.1 Generic Smoothing vs.\ Historian Averaging,Prediction 2: any smoother on the decimated stream should recover the advantage.,,
S46.012,sentence,,,D.1 Generic Smoothing vs.\ Historian Averaging,body,D.1 Generic Smoothing vs.\ Historian Averaging,"If the benefit is generic smoothing rather than the historian’s averaging specifically, then applying an ordinary smoother to the decimated stream should match bin-averaging.",C110,
S46.013,sentence,,,D.1 Generic Smoothing vs.\ Historian Averaging,body,D.1 Generic Smoothing vs.\ Historian Averaging,"We compare a median filter, a moving average, a constant-velocity Kalman filter, and a wavelet denoiser against raw aggregation and raw decimation (Table 22).",C110;C115,
S46.014,sentence,,,D.1 Generic Smoothing vs.\ Historian Averaging,body,D.1 Generic Smoothing vs.\ Historian Averaging,"The moving average and Kalman filter recover essentially the full aggregate lead time (76.0 and 75.7 h vs. aggregation’s 75.7 h), while the median and wavelet filters fall slightly short.",C110;C115,
S46.014.n01,number,76.0,76.0,D.1 Generic Smoothing vs.\ Historian Averaging,body,D.1 Generic Smoothing vs.\ Historian Averaging,"The moving average and Kalman filter recover essentially the full aggregate lead time (76.0 and 75.7 h vs. aggregation’s 75.7 h), while the median and wavelet filters fall slightly short.",,
S46.014.n02,number,75.7,75.7,D.1 Generic Smoothing vs.\ Historian Averaging,body,D.1 Generic Smoothing vs.\ Historian Averaging,"The moving average and Kalman filter recover essentially the full aggregate lead time (76.0 and 75.7 h vs. aggregation’s 75.7 h), while the median and wavelet filters fall slightly short.",,
S46.014.n03,number,75.7,75.7,D.1 Generic Smoothing vs.\ Historian Averaging,body,D.1 Generic Smoothing vs.\ Historian Averaging,"The moving average and Kalman filter recover essentially the full aggregate lead time (76.0 and 75.7 h vs. aggregation’s 75.7 h), while the median and wavelet filters fall slightly short.",,
S46.015,sentence,,,D.1 Generic Smoothing vs.\ Historian Averaging,body,D.1 Generic Smoothing vs.\ Historian Averaging,"The effect is therefore generic smoothing of the health signal, not a property unique to historian bin-averaging—an operator who decimates and then lightly smooths recovers the same warning time.",C110,
S46.016,sentence,,,D.1 Generic Smoothing vs.\ Historian Averaging,body,D.1 Generic Smoothing vs.\ Historian Averaging,"The linear smoothers (moving average, Kalman) recover the advantage but the wavelet denoiser does not, dropping to 6/12 valid alarms—below even raw decimation—because its soft-thresholding of detail coefficients perturbs the pre-onset baseline enough to lift the pre-onset false-alarm rate past the budget.",C110;C115,
S46.016.n01,number,6/12,6/12,D.1 Generic Smoothing vs.\ Historian Averaging,body,D.1 Generic Smoothing vs.\ Historian Averaging,"The linear smoothers (moving average, Kalman) recover the advantage but the wavelet denoiser does not, dropping to 6/12 valid alarms—below even raw decimation—because its soft-thresholding of detail coefficients perturbs the pre-onset baseline enough to lift the pre-onset false-alarm rate past the budget.",,
S46.017,sentence,,,D.1 Generic Smoothing vs.\ Historian Averaging,body,D.1 Generic Smoothing vs.\ Historian Averaging,"The lesson sharpens rather than breaks: smoothing that preserves the normal baseline recovers the lead time, while smoothing that distorts it can cost validity.",,
S46.018,sentence,,,D.1 Generic Smoothing vs.\ Historian Averaging,body,D.1 Generic Smoothing vs.\ Historian Averaging,"The onealarm gap between raw decimation (8/12) and aggregation (7/12) at statistically indistinguishable lead times (76.0 vs. 75.7 h) is sampling noise at n = 12, not evidence that decimation is preferable; it restates the headline.",C115,
S46.018.n01,number,8/12,8/12,D.1 Generic Smoothing vs.\ Historian Averaging,body,D.1 Generic Smoothing vs.\ Historian Averaging,"The onealarm gap between raw decimation (8/12) and aggregation (7/12) at statistically indistinguishable lead times (76.0 vs. 75.7 h) is sampling noise at n = 12, not evidence that decimation is preferable; it restates the headline.",,
S46.018.n02,number,7/12,7/12,D.1 Generic Smoothing vs.\ Historian Averaging,body,D.1 Generic Smoothing vs.\ Historian Averaging,"The onealarm gap between raw decimation (8/12) and aggregation (7/12) at statistically indistinguishable lead times (76.0 vs. 75.7 h) is sampling noise at n = 12, not evidence that decimation is preferable; it restates the headline.",,
S46.018.n03,number,76.0,76.0,D.1 Generic Smoothing vs.\ Historian Averaging,body,D.1 Generic Smoothing vs.\ Historian Averaging,"The onealarm gap between raw decimation (8/12) and aggregation (7/12) at statistically indistinguishable lead times (76.0 vs. 75.7 h) is sampling noise at n = 12, not evidence that decimation is preferable; it restates the headline.",,
S46.018.n04,number,75.7,75.7,D.1 Generic Smoothing vs.\ Historian Averaging,body,D.1 Generic Smoothing vs.\ Historian Averaging,"The onealarm gap between raw decimation (8/12) and aggregation (7/12) at statistically indistinguishable lead times (76.0 vs. 75.7 h) is sampling noise at n = 12, not evidence that decimation is preferable; it restates the headline.",,
S46.018.n05,number,12,12,D.1 Generic Smoothing vs.\ Historian Averaging,body,D.1 Generic Smoothing vs.\ Historian Averaging,"The onealarm gap between raw decimation (8/12) and aggregation (7/12) at statistically indistinguishable lead times (76.0 vs. 75.7 h) is sampling noise at n = 12, not evidence that decimation is preferable; it restates the headline.",,
S47.001,sentence,,,D.2 Single-Asset ONGC Case Study,body,D.2 Single-Asset ONGC Case Study,"The ONGC record is a real Solar-Turbine low-pressurecompressor (LPC) dataset: four vibration channels logged at a 10 s SCADA rate over ∼5 days (42,698 rows), ending in a genuine operator shutdown on 2023-11-13 09:46.",C133,
S47.001.n01,number,2023-11-13 09:46,2023-11-13 09:46,D.2 Single-Asset ONGC Case Study,body,D.2 Single-Asset ONGC Case Study,"The ONGC record is a real Solar-Turbine low-pressurecompressor (LPC) dataset: four vibration channels logged at a 10 s SCADA rate over ∼5 days (42,698 rows), ending in a genuine operator shutdown on 2023-11-13 09:46.",,
S47.001.n02,number,10,10,D.2 Single-Asset ONGC Case Study,body,D.2 Single-Asset ONGC Case Study,"The ONGC record is a real Solar-Turbine low-pressurecompressor (LPC) dataset: four vibration channels logged at a 10 s SCADA rate over ∼5 days (42,698 rows), ending in a genuine operator shutdown on 2023-11-13 09:46.",,
S47.001.n03,number,5,5,D.2 Single-Asset ONGC Case Study,body,D.2 Single-Asset ONGC Case Study,"The ONGC record is a real Solar-Turbine low-pressurecompressor (LPC) dataset: four vibration channels logged at a 10 s SCADA rate over ∼5 days (42,698 rows), ending in a genuine operator shutdown on 2023-11-13 09:46.",,
S47.001.n04,number,"42,698","42,698",D.2 Single-Asset ONGC Case Study,body,D.2 Single-Asset ONGC Case Study,"The ONGC record is a real Solar-Turbine low-pressurecompressor (LPC) dataset: four vibration channels logged at a 10 s SCADA rate over ∼5 days (42,698 rows), ending in a genuine operator shutdown on 2023-11-13 09:46.",,
S47.002,sentence,,,D.2 Single-Asset ONGC Case Study,body,D.2 Single-Asset ONGC Case Study,"This is authentic historian data with a real, documented event—the maintenance record confirms the shutdown followed a rolling-element bearing fault on the LPC—and the data-derived degradation onset (2023-11-13 03:44) precedes the operator’s action by roughly six hours.",C133,
S47.002.n01,number,2023-11-13 03:44,2023-11-13 03:44,D.2 Single-Asset ONGC Case Study,body,D.2 Single-Asset ONGC Case Study,"This is authentic historian data with a real, documented event—the maintenance record confirms the shutdown followed a rolling-element bearing fault on the LPC—and the data-derived degradation onset (2023-11-13 03:44) precedes the operator’s action by roughly six hours.",,
S47.003,sentence,,,D.2 Single-Asset ONGC Case Study,body,D.2 Single-Asset ONGC Case Study,ONGC is the only dataset that requires no simulated coarsening to be SCADA-rate: it is the historian.,,
S47.004,sentence,,,D.2 Single-Asset ONGC Case Study,body,D.2 Single-Asset ONGC Case Study,"On genuine 10 s industrial SCADA data ending in a real operator shutdown, every detector achieves a long warning: 3σ, EWMA, Hotelling T 2, and Isolation Forest each alarm roughly 35 h before the labeled failure, and even the naive RMS-trend baseline gives ∼22.8 h.",C116,
S47.004.n01,number,10,10,D.2 Single-Asset ONGC Case Study,body,D.2 Single-Asset ONGC Case Study,"On genuine 10 s industrial SCADA data ending in a real operator shutdown, every detector achieves a long warning: 3σ, EWMA, Hotelling T 2, and Isolation Forest each alarm roughly 35 h before the labeled failure, and even the naive RMS-trend baseline gives ∼22.8 h.",,
S47.004.n02,number,35,35,D.2 Single-Asset ONGC Case Study,body,D.2 Single-Asset ONGC Case Study,"On genuine 10 s industrial SCADA data ending in a real operator shutdown, every detector achieves a long warning: 3σ, EWMA, Hotelling T 2, and Isolation Forest each alarm roughly 35 h before the labeled failure, and even the naive RMS-trend baseline gives ∼22.8 h.",,
S47.004.n03,number,22.8,22.8,D.2 Single-Asset ONGC Case Study,body,D.2 Single-Asset ONGC Case Study,"On genuine 10 s industrial SCADA data ending in a real operator shutdown, every detector achieves a long warning: 3σ, EWMA, Hotelling T 2, and Isolation Forest each alarm roughly 35 h before the labeled failure, and even the naive RMS-trend baseline gives ∼22.8 h.",,
S47.005,sentence,,,D.2 Single-Asset ONGC Case Study,body,D.2 Single-Asset ONGC Case Study,"More to the point of this paper, the aggregate-vs-decimate difference is at most about a minute for every detector (Table 23).",C116,
S47.006,sentence,,,D.2 Single-Asset ONGC Case Study,body,D.2 Single-Asset ONGC Case Study,"Because ONGC is a single asset (n = 1), we treat it as a descriptive case study and draw no statistical inference from it.",C014,
S47.006.n01,number,1,1,D.2 Single-Asset ONGC Case Study,body,D.2 Single-Asset ONGC Case Study,"Because ONGC is a single asset (n = 1), we treat it as a descriptive case study and draw no statistical inference from it.",,
S47.007,sentence,,,D.2 Single-Asset ONGC Case Study,body,D.2 Single-Asset ONGC Case Study,"On data that is already a real historian stream, the choice of logging mechanism does not materially change warning time.",,
S47.008,sentence,,,D.2 Single-Asset ONGC Case Study,body,D.2 Single-Asset ONGC Case Study,This is the cleanest possible illustration of the practical question—it uses no simulated coarsening—and it is consistent with “averaging is not the enemy.,C117,
S47.009,sentence,,,D.2 Single-Asset ONGC Case Study,body,D.2 Single-Asset ONGC Case Study,"The conformal calibration on this stream (Figure 4d) tracks the diagonal closely, consistent with a mostlystationary normal region.",C086;C088,
tab:datasets.cap01,sentence,,,tab:datasets,caption,tab:datasets,Datasets used in this study.,,
tab:datasets.cap02,sentence,,,tab:datasets,caption,tab:datasets,“Role” indicates the function each dataset plays in the argument.,,
tab:datasets.cap03,sentence,,,tab:datasets,caption,tab:datasets,The four inferential datasets supply the run-level statistics; ONGC is a single-asset case study (Appendix D.2) and Paderborn is excluded.,C013;C014;C016,
tab:imslead.cap01,sentence,,,tab:imslead,caption,tab:imslead,"Table 2. † Detectors with no valid operating point under Ta the τ = 10% pre-onset-FAR budget (Table 13): their long im raw leads are achieved only by flooding the pre-onset re- Le gion with false alarms and are not usable warning time. ex IMS mean detection lead time (hours) at full resolution, all tw eleven evaluated detectors (the nine headline detectors plus sis Deep SVDD and the one-class SVM), mean with 95% boot- de strap CI (resampling n = 3 runs).",C011;C012,
tab:imslead.cap01.n01,number,10%,10%,tab:imslead,caption,tab:imslead,"Table 2. † Detectors with no valid operating point under Ta the τ = 10% pre-onset-FAR budget (Table 13): their long im raw leads are achieved only by flooding the pre-onset re- Le gion with false alarms and are not usable warning time. ex IMS mean detection lead time (hours) at full resolution, all tw eleven evaluated detectors (the nine headline detectors plus sis Deep SVDD and the one-class SVM), mean with 95% boot- de strap CI (resampling n = 3 runs).",,
tab:imslead.cap01.n02,number,95%,95%,tab:imslead,caption,tab:imslead,"Table 2. † Detectors with no valid operating point under Ta the τ = 10% pre-onset-FAR budget (Table 13): their long im raw leads are achieved only by flooding the pre-onset re- Le gion with false alarms and are not usable warning time. ex IMS mean detection lead time (hours) at full resolution, all tw eleven evaluated detectors (the nine headline detectors plus sis Deep SVDD and the one-class SVM), mean with 95% boot- de strap CI (resampling n = 3 runs).",,
tab:imslead.cap01.n03,number,3,3,tab:imslead,caption,tab:imslead,"Table 2. † Detectors with no valid operating point under Ta the τ = 10% pre-onset-FAR budget (Table 13): their long im raw leads are achieved only by flooding the pre-onset re- Le gion with false alarms and are not usable warning time. ex IMS mean detection lead time (hours) at full resolution, all tw eleven evaluated detectors (the nine headline detectors plus sis Deep SVDD and the one-class SVM), mean with 95% boot- de strap CI (resampling n = 3 runs).",,
tab:imslead.cap02,sentence,,,tab:imslead,caption,tab:imslead,"This is the raw, ungated co lead. th th",,
fig:health.cap01,sentence,,,fig:health,caption,fig:health,de pl Figure 1.,,
fig:health.cap02,sentence,,,fig:health,caption,fig:health,Health-indicator trajectory for IMS Bearing test 2 with the leakage-free degradation onset and failure markers.,C023,
fig:health.cap02.n01,number,2,2,fig:health,caption,fig:health,Health-indicator trajectory for IMS Bearing test 2 with the leakage-free degradation onset and failure markers.,,
fig:health.cap03,sentence,,,fig:health,caption,fig:health,"The baseline mean and standard deviation use only the shaded m un training region, so the onset cannot see the test data. on",C023,
tab:onset.cap01,sentence,,,tab:onset,caption,tab:onset,"Onset position on IMS, as % of run span, with the implied maximum lead (failure minus onset, h) in brackets.",,
tab:onset.cap02,sentence,,,tab:onset,caption,tab:onset,"Left: the default RMS/kurtosis indicator with the terminalexcursion rule at threshold multiplier k ∈ {3, 4, 5}.",,
tab:onset.cap02.n01,number,3,3,tab:onset,caption,tab:onset,"Left: the default RMS/kurtosis indicator with the terminalexcursion rule at threshold multiplier k ∈ {3, 4, 5}.",,
tab:onset.cap02.n02,number,4,4,tab:onset,caption,tab:onset,"Left: the default RMS/kurtosis indicator with the terminalexcursion rule at threshold multiplier k ∈ {3, 4, 5}.",,
tab:onset.cap02.n03,number,5,5,tab:onset,caption,tab:onset,"Left: the default RMS/kurtosis indicator with the terminalexcursion rule at threshold multiplier k ∈ {3, 4, 5}.",,
tab:onset.cap03,sentence,,,tab:onset,caption,tab:onset,"Right: two decoupled indicators that do not share the amplitude basis of the magnitude detectors, at the default k = 4.",C066,
tab:onset.cap03.n01,number,4,4,tab:onset,caption,tab:onset,"Right: two decoupled indicators that do not share the amplitude basis of the magnitude detectors, at the default k = 4.",,
tab:onset.cap04,sentence,,,tab:onset,caption,tab:onset,"The default onset is stable to k; it shifts materially under the decoupled indicators on the slow-degrading tests 2 and 3, but the headline is computed on raw lead and is unaffected by this choice.",C063;C066;C067,
tab:onset.cap04.n01,number,2,2,tab:onset,caption,tab:onset,"The default onset is stable to k; it shifts materially under the decoupled indicators on the slow-degrading tests 2 and 3, but the headline is computed on raw lead and is unaffected by this choice.",,
tab:onset.cap04.n02,number,3,3,tab:onset,caption,tab:onset,"The default onset is stable to k; it shifts materially under the decoupled indicators on the slow-degrading tests 2 and 3, but the headline is computed on raw lead and is unaffected by this choice.",,
tab:robust.cap01,sentence,,,tab:robust,caption,tab:robust,Robustness of the IMS and XJTU-SY re- de sults.,,
tab:robust.cap02,sentence,,,tab:robust,caption,tab:robust,"(a) Alarm persistence on IMS: run-level median aggregate-decimate lead-time difference (h) and the 3σ fa valid-alarm fraction (at full resolution, and pooled over the is five sampling factors) at persistence ∈ {1, 3, 5, 10} windows. un The median direction is stable; the pooled 3σ valid-alarm lo fraction halves by persistence 10.",C068,
tab:robust.cap02.n01,number,1,1,tab:robust,caption,tab:robust,"(a) Alarm persistence on IMS: run-level median aggregate-decimate lead-time difference (h) and the 3σ fa valid-alarm fraction (at full resolution, and pooled over the is five sampling factors) at persistence ∈ {1, 3, 5, 10} windows. un The median direction is stable; the pooled 3σ valid-alarm lo fraction halves by persistence 10.",,
tab:robust.cap02.n02,number,3,3,tab:robust,caption,tab:robust,"(a) Alarm persistence on IMS: run-level median aggregate-decimate lead-time difference (h) and the 3σ fa valid-alarm fraction (at full resolution, and pooled over the is five sampling factors) at persistence ∈ {1, 3, 5, 10} windows. un The median direction is stable; the pooled 3σ valid-alarm lo fraction halves by persistence 10.",,
tab:robust.cap02.n03,number,5,5,tab:robust,caption,tab:robust,"(a) Alarm persistence on IMS: run-level median aggregate-decimate lead-time difference (h) and the 3σ fa valid-alarm fraction (at full resolution, and pooled over the is five sampling factors) at persistence ∈ {1, 3, 5, 10} windows. un The median direction is stable; the pooled 3σ valid-alarm lo fraction halves by persistence 10.",,
tab:robust.cap02.n04,number,10,10,tab:robust,caption,tab:robust,"(a) Alarm persistence on IMS: run-level median aggregate-decimate lead-time difference (h) and the 3σ fa valid-alarm fraction (at full resolution, and pooled over the is five sampling factors) at persistence ∈ {1, 3, 5, 10} windows. un The median direction is stable; the pooled 3σ valid-alarm lo fraction halves by persistence 10.",,
tab:robust.cap02.n05,number,10,10,tab:robust,caption,tab:robust,"(a) Alarm persistence on IMS: run-level median aggregate-decimate lead-time difference (h) and the 3σ fa valid-alarm fraction (at full resolution, and pooled over the is five sampling factors) at persistence ∈ {1, 3, 5, 10} windows. un The median direction is stable; the pooled 3σ valid-alarm lo fraction halves by persistence 10.",,
tab:robust.cap03,sentence,,,tab:robust,caption,tab:robust,"(b) Historian gaps: mean valid lead time (h) under random gaps of 0%, 5% and 20%, averaged over the runs on which the alarm is valid and then 6 over five independent gap draws per level (defect D18): one Te draw cannot separate a gap effect from the draw.",C069,
tab:robust.cap03.n01,number,0%,0%,tab:robust,caption,tab:robust,"(b) Historian gaps: mean valid lead time (h) under random gaps of 0%, 5% and 20%, averaged over the runs on which the alarm is valid and then 6 over five independent gap draws per level (defect D18): one Te draw cannot separate a gap effect from the draw.",,
tab:robust.cap03.n02,number,5%,5%,tab:robust,caption,tab:robust,"(b) Historian gaps: mean valid lead time (h) under random gaps of 0%, 5% and 20%, averaged over the runs on which the alarm is valid and then 6 over five independent gap draws per level (defect D18): one Te draw cannot separate a gap effect from the draw.",,
tab:robust.cap03.n03,number,20%,20%,tab:robust,caption,tab:robust,"(b) Historian gaps: mean valid lead time (h) under random gaps of 0%, 5% and 20%, averaged over the runs on which the alarm is valid and then 6 over five independent gap draws per level (defect D18): one Te draw cannot separate a gap effect from the draw.",,
tab:robust.cap03.n04,number,6,6,tab:robust,caption,tab:robust,"(b) Historian gaps: mean valid lead time (h) under random gaps of 0%, 5% and 20%, averaged over the runs on which the alarm is valid and then 6 over five independent gap draws per level (defect D18): one Te draw cannot separate a gap effect from the draw.",,
tab:robust.cap04,sentence,,,tab:robust,caption,tab:robust,Valid-alarm fractions are unchanged across gap levels and across draws IM on IMS (2/3 for each detector at every level); on XJTU-SY “a they move by at most two bearings across draws.,,
tab:robust.cap04.n01,number,2/3,2/3,tab:robust,caption,tab:robust,Valid-alarm fractions are unchanged across gap levels and across draws IM on IMS (2/3 for each detector at every level); on XJTU-SY “a they move by at most two bearings across draws.,,
tab:robust.cap05,sentence,,,tab:robust,caption,tab:robust,"Only one (c cell is materially draw-dependent: Hotelling T 2 on IMS at te 20%, which ranges from 58.0 to 186.1 h over the five draws. sig Every other cell varies by less than 3.4 h on IMS and 0.37 h on XJTU-SY across draws. re do",C069,
tab:robust.cap05.n01,number,20%,20%,tab:robust,caption,tab:robust,"Only one (c cell is materially draw-dependent: Hotelling T 2 on IMS at te 20%, which ranges from 58.0 to 186.1 h over the five draws. sig Every other cell varies by less than 3.4 h on IMS and 0.37 h on XJTU-SY across draws. re do",,
tab:robust.cap05.n02,number,58.0,58.0,tab:robust,caption,tab:robust,"Only one (c cell is materially draw-dependent: Hotelling T 2 on IMS at te 20%, which ranges from 58.0 to 186.1 h over the five draws. sig Every other cell varies by less than 3.4 h on IMS and 0.37 h on XJTU-SY across draws. re do",,
tab:robust.cap05.n03,number,186.1,186.1,tab:robust,caption,tab:robust,"Only one (c cell is materially draw-dependent: Hotelling T 2 on IMS at te 20%, which ranges from 58.0 to 186.1 h over the five draws. sig Every other cell varies by less than 3.4 h on IMS and 0.37 h on XJTU-SY across draws. re do",,
tab:robust.cap05.n04,number,3.4,3.4,tab:robust,caption,tab:robust,"Only one (c cell is materially draw-dependent: Hotelling T 2 on IMS at te 20%, which ranges from 58.0 to 186.1 h over the five draws. sig Every other cell varies by less than 3.4 h on IMS and 0.37 h on XJTU-SY across draws. re do",,
tab:robust.cap05.n05,number,0.37,0.37,tab:robust,caption,tab:robust,"Only one (c cell is materially draw-dependent: Hotelling T 2 on IMS at te 20%, which ranges from 58.0 to 186.1 h over the five draws. sig Every other cell varies by less than 3.4 h on IMS and 0.37 h on XJTU-SY across draws. re do",,
tab:crossds.cap01,sentence,,,tab:crossds,caption,tab:crossds,"Run-level sign test of aggregate vs decimate or lead time on the three multi-bearing datasets, collapsing the within-bearing sampling factors, for all eleven evaluated de- cl tectors.",C011;C036,
tab:crossds.cap02,sentence,,,tab:crossds,caption,tab:crossds,"Med. ∆ is the run-level median difference (h); m n+/n- count only non-zero-difference runs; S-c. marks sign Th consistency (yes-: every non-zero run negative). ‡: the three a deep sequence models need a length-30 window sequence, he so their XJTU-SY tests are n = 3.",C038,
tab:crossds.cap02.n01,number,30,30,tab:crossds,caption,tab:crossds,"Med. ∆ is the run-level median difference (h); m n+/n- count only non-zero-difference runs; S-c. marks sign Th consistency (yes-: every non-zero run negative). ‡: the three a deep sequence models need a length-30 window sequence, he so their XJTU-SY tests are n = 3.",,
tab:crossds.cap02.n02,number,3,3,tab:crossds,caption,tab:crossds,"Med. ∆ is the run-level median difference (h); m n+/n- count only non-zero-difference runs; S-c. marks sign Th consistency (yes-: every non-zero run negative). ‡: the three a deep sequence models need a length-30 window sequence, he so their XJTU-SY tests are n = 3.",,
tab:crossds.cap03,sentence,,,tab:crossds,caption,tab:crossds,"No detector is signif- he icant after Holm correction (Table 8); on FEMTO the only sign-consistent detectors, LSTM-AE and Transformer-AD, sm are both negative, and on Ferrara none is sign-consistent. sig sta",C039;C080,
tab:equiv.cap01,sentence,,,tab:equiv,caption,tab:equiv,"Equivalence of the run-level aggregate-decimate lead-time difference against a pre-specified margin δ = 1 h, on the three multi-bearing inferential campaigns for all eleven evaluated detectors.",C011;C045,
tab:equiv.cap01.n01,number,1,1,tab:equiv,caption,tab:equiv,"Equivalence of the run-level aggregate-decimate lead-time difference against a pre-specified margin δ = 1 h, on the three multi-bearing inferential campaigns for all eleven evaluated detectors.",,
tab:equiv.cap02,sentence,,,tab:equiv,caption,tab:equiv,"Each cell gives the run-level mean difference (h) and its 95% bootstrap confidence interval over runs; a cell is equivalent when the whole interval lies inside [-δ, +δ].",,
tab:equiv.cap02.n01,number,95%,95%,tab:equiv,caption,tab:equiv,"Each cell gives the run-level mean difference (h) and its 95% bootstrap confidence interval over runs; a cell is equivalent when the whole interval lies inside [-δ, +δ].",,
tab:equiv.cap03,sentence,,,tab:equiv,caption,tab:equiv,"All 33 of 33 cells are equivalent, and no interval endpoint reaches ±0.6 h, so the margin is cleared with an order of magnitude to spare.",C045,
tab:equiv.cap03.n01,number,33,33,tab:equiv,caption,tab:equiv,"All 33 of 33 cells are equivalent, and no interval endpoint reaches ±0.6 h, so the margin is cleared with an order of magnitude to spare.",,
tab:equiv.cap03.n02,number,33,33,tab:equiv,caption,tab:equiv,"All 33 of 33 cells are equivalent, and no interval endpoint reaches ±0.6 h, so the margin is cleared with an order of magnitude to spare.",,
tab:equiv.cap03.n03,number,±0.6,±0.6,tab:equiv,caption,tab:equiv,"All 33 of 33 cells are equivalent, and no interval endpoint reaches ±0.6 h, so the margin is cleared with an order of magnitude to spare.",,
tab:equiv.cap04,sentence,,,tab:equiv,caption,tab:equiv,Deep sequence models are evaluated on the bearings long enough to form a length-30 sequence (n = 3 on XJTU-SY).,,
tab:equiv.cap04.n01,number,30,30,tab:equiv,caption,tab:equiv,Deep sequence models are evaluated on the bearings long enough to form a length-30 sequence (n = 3 on XJTU-SY).,,
tab:equiv.cap04.n02,number,3,3,tab:equiv,caption,tab:equiv,Deep sequence models are evaluated on the bearings long enough to form a length-30 sequence (n = 3 on XJTU-SY).,,
tab:equiv.cap05,sentence,,,tab:equiv,caption,tab:equiv,"IMS is equivalent in no cell at n = 3, its intervals being too wide to decide, and ONGC is untestable at n = 1; neither enters this family.",C014;C046,
tab:equiv.cap05.n01,number,3,3,tab:equiv,caption,tab:equiv,"IMS is equivalent in no cell at n = 3, its intervals being too wide to decide, and ONGC is untestable at n = 1; neither enters this family.",,
tab:equiv.cap05.n02,number,1,1,tab:equiv,caption,tab:equiv,"IMS is equivalent in no cell at n = 3, its intervals being too wide to decide, and ONGC is untestable at n = 1; neither enters this family.",,
fig:crossdataset.cap01,sentence,,,fig:crossdataset,caption,fig:crossdataset,"Median run-level lead-time difference (aggregate - decimate) per dataset and detector, annotated with the unit of inference (n = 3 IMS, n = 10 XJTU, n = 6 FEMTO, n = 6 Ferrara), plus the n = 1 ONGC case study (Appendix D.2).",C014;C035,
fig:crossdataset.cap01.n01,number,3,3,fig:crossdataset,caption,fig:crossdataset,"Median run-level lead-time difference (aggregate - decimate) per dataset and detector, annotated with the unit of inference (n = 3 IMS, n = 10 XJTU, n = 6 FEMTO, n = 6 Ferrara), plus the n = 1 ONGC case study (Appendix D.2).",,
fig:crossdataset.cap01.n02,number,10,10,fig:crossdataset,caption,fig:crossdataset,"Median run-level lead-time difference (aggregate - decimate) per dataset and detector, annotated with the unit of inference (n = 3 IMS, n = 10 XJTU, n = 6 FEMTO, n = 6 Ferrara), plus the n = 1 ONGC case study (Appendix D.2).",,
fig:crossdataset.cap01.n03,number,6,6,fig:crossdataset,caption,fig:crossdataset,"Median run-level lead-time difference (aggregate - decimate) per dataset and detector, annotated with the unit of inference (n = 3 IMS, n = 10 XJTU, n = 6 FEMTO, n = 6 Ferrara), plus the n = 1 ONGC case study (Appendix D.2).",,
fig:crossdataset.cap01.n04,number,6,6,fig:crossdataset,caption,fig:crossdataset,"Median run-level lead-time difference (aggregate - decimate) per dataset and detector, annotated with the unit of inference (n = 3 IMS, n = 10 XJTU, n = 6 FEMTO, n = 6 Ferrara), plus the n = 1 ONGC case study (Appendix D.2).",,
fig:crossdataset.cap01.n05,number,1,1,fig:crossdataset,caption,fig:crossdataset,"Median run-level lead-time difference (aggregate - decimate) per dataset and detector, annotated with the unit of inference (n = 3 IMS, n = 10 XJTU, n = 6 FEMTO, n = 6 Ferrara), plus the n = 1 ONGC case study (Appendix D.2).",,
fig:crossdataset.cap02,sentence,,,fig:crossdataset,caption,fig:crossdataset,"IMS shows a positive median shift for most magnitude detectors, not consistent across its three runs; the inferential XJTU, FEMTO, and Ferrara differences are ≈0 on this scale.",C041;C042,
fig:crossdataset.cap02.n01,number,0,0,fig:crossdataset,caption,fig:crossdataset,"IMS shows a positive median shift for most magnitude detectors, not consistent across its three runs; the inferential XJTU, FEMTO, and Ferrara differences are ≈0 on this scale.",,
fig:crossdataset.cap03,sentence,,,fig:crossdataset,caption,fig:crossdataset,The cross-dataset headline is a null result.,,
fig:crossdataset.cap04,sentence,,,fig:crossdataset,caption,fig:crossdataset,ONGC bars are hatched to mark the n = 1 descriptive case study as separate from the four inferential datasets.,C013;C014,
fig:crossdataset.cap04.n01,number,1,1,fig:crossdataset,caption,fig:crossdataset,ONGC bars are hatched to mark the n = 1 descriptive case study as separate from the four inferential datasets.,,
fig:sweep.cap01,sentence,,,fig:sweep,caption,fig:sweep,"Detection lead time vs effective SCADA logging interval on IMS (controlled sweep, mean across runs).",,
fig:sweep.cap02,sentence,,,fig:sweep,caption,fig:sweep,"Aggregation (left) preserves lead time as the interval coarsens far better than decimation (right), where the variance-sensitive detectors collapse at coarse rates.",C072,
tab:imssweep.cap01,sentence,,,tab:imssweep,caption,tab:imssweep,"IMS controlled sweep: run-level difference of ag- Ta gregate vs decimate lead time, collapsing the five within-run (a sampling factors to one mean difference per run (the unit of du inference; n = 3).",,
tab:imssweep.cap01.n01,number,3,3,tab:imssweep,caption,tab:imssweep,"IMS controlled sweep: run-level difference of ag- Ta gregate vs decimate lead time, collapsing the five within-run (a sampling factors to one mean difference per run (the unit of du inference; n = 3).",,
tab:imssweep.cap02,sentence,,,tab:imssweep,caption,tab:imssweep,The exact two-sided sign test floors at de p = 0.25 at n = 3.,C036;C037,
tab:imssweep.cap02.n01,number,0.25,0.25,tab:imssweep,caption,tab:imssweep,The exact two-sided sign test floors at de p = 0.25 at n = 3.,,
tab:imssweep.cap02.n02,number,3,3,tab:imssweep,caption,tab:imssweep,The exact two-sided sign test floors at de p = 0.25 at n = 3.,,
tab:imssweep.cap03,sentence,,,tab:imssweep,caption,tab:imssweep,Holm-adjusted p in Table 8. be,C039,
tab:holm.cap01,sentence,,,tab:holm,caption,tab:holm,"Holm-Bonferroni correction across the N = 44 Ta detector × dataset family (IMS n = 3, XJTU-SY n = 10, th FEMTO n = 6, University of Ferrara n = 6; ONGC, n = 1, te is excluded).",C014;C039,
tab:holm.cap01.n01,number,44,44,tab:holm,caption,tab:holm,"Holm-Bonferroni correction across the N = 44 Ta detector × dataset family (IMS n = 3, XJTU-SY n = 10, th FEMTO n = 6, University of Ferrara n = 6; ONGC, n = 1, te is excluded).",,
tab:holm.cap01.n02,number,3,3,tab:holm,caption,tab:holm,"Holm-Bonferroni correction across the N = 44 Ta detector × dataset family (IMS n = 3, XJTU-SY n = 10, th FEMTO n = 6, University of Ferrara n = 6; ONGC, n = 1, te is excluded).",,
tab:holm.cap01.n03,number,10,10,tab:holm,caption,tab:holm,"Holm-Bonferroni correction across the N = 44 Ta detector × dataset family (IMS n = 3, XJTU-SY n = 10, th FEMTO n = 6, University of Ferrara n = 6; ONGC, n = 1, te is excluded).",,
tab:holm.cap01.n04,number,6,6,tab:holm,caption,tab:holm,"Holm-Bonferroni correction across the N = 44 Ta detector × dataset family (IMS n = 3, XJTU-SY n = 10, th FEMTO n = 6, University of Ferrara n = 6; ONGC, n = 1, te is excluded).",,
tab:holm.cap01.n05,number,6,6,tab:holm,caption,tab:holm,"Holm-Bonferroni correction across the N = 44 Ta detector × dataset family (IMS n = 3, XJTU-SY n = 10, th FEMTO n = 6, University of Ferrara n = 6; ONGC, n = 1, te is excluded).",,
tab:holm.cap01.n06,number,1,1,tab:holm,caption,tab:holm,"Holm-Bonferroni correction across the N = 44 Ta detector × dataset family (IMS n = 3, XJTU-SY n = 10, th FEMTO n = 6, University of Ferrara n = 6; ONGC, n = 1, te is excluded).",,
tab:holm.cap02,sentence,,,tab:holm,caption,tab:holm,"Cells are the raw run-level sign-test p-value for te the aggregate-vs-decimate comparison, grouped by dataset to across the columns.",,
tab:holm.cap03,sentence,,,tab:holm,caption,tab:holm,"The smallest is 0.125 (Transformer-AD pl on FEMTO); no cell is nominally significant at an uncor- ro rected α = 0.05. ‡: the three deep sequence models need sio a length-30 window sequence, so their XJTU-SY tests are co n = 3.",C044,
tab:holm.cap03.n01,number,0.125,0.125,tab:holm,caption,tab:holm,"The smallest is 0.125 (Transformer-AD pl on FEMTO); no cell is nominally significant at an uncor- ro rected α = 0.05. ‡: the three deep sequence models need sio a length-30 window sequence, so their XJTU-SY tests are co n = 3.",,
tab:holm.cap03.n02,number,0.05,0.05,tab:holm,caption,tab:holm,"The smallest is 0.125 (Transformer-AD pl on FEMTO); no cell is nominally significant at an uncor- ro rected α = 0.05. ‡: the three deep sequence models need sio a length-30 window sequence, so their XJTU-SY tests are co n = 3.",,
tab:holm.cap03.n03,number,30,30,tab:holm,caption,tab:holm,"The smallest is 0.125 (Transformer-AD pl on FEMTO); no cell is nominally significant at an uncor- ro rected α = 0.05. ‡: the three deep sequence models need sio a length-30 window sequence, so their XJTU-SY tests are co n = 3.",,
tab:holm.cap03.n04,number,3,3,tab:holm,caption,tab:holm,"The smallest is 0.125 (Transformer-AD pl on FEMTO); no cell is nominally significant at an uncor- ro rected α = 0.05. ‡: the three deep sequence models need sio a length-30 window sequence, so their XJTU-SY tests are co n = 3.",,
tab:holm.cap04,sentence,,,tab:holm,caption,tab:holm,After Holm correction every one of the forty-four adjusted p-values is 1.00 and no hypothesis is rejected at α = 0.05; the adjusted-p and rejection columns are therefore omitted rather than repeated forty-four times.,C039;C043,
tab:holm.cap04.n01,number,1.00,1.00,tab:holm,caption,tab:holm,After Holm correction every one of the forty-four adjusted p-values is 1.00 and no hypothesis is rejected at α = 0.05; the adjusted-p and rejection columns are therefore omitted rather than repeated forty-four times.,,
tab:holm.cap04.n02,number,0.05,0.05,tab:holm,caption,tab:holm,After Holm correction every one of the forty-four adjusted p-values is 1.00 and no hypothesis is rejected at α = 0.05; the adjusted-p and rejection columns are therefore omitted rather than repeated forty-four times.,,
tab:perbearing.cap01,sentence,,,tab:perbearing,caption,tab:perbearing,XJTU-SY per-bearing summary at full resolution (aggregate).,,
tab:perbearing.cap02,sentence,,,tab:perbearing,caption,tab:perbearing,“Valid/5” counts the detectors (of five) that produce a valid alarm; “Mean valid” is the mean lead over those detectors; “Best” is the oracle maximum over the five.,,
tab:perbearing.cap02.n01,number,5,5,tab:perbearing,caption,tab:perbearing,“Valid/5” counts the detectors (of five) that produce a valid alarm; “Mean valid” is the mean lead over those detectors; “Best” is the oracle maximum over the five.,,
tab:perbearing.cap03,sentence,,,tab:perbearing,caption,tab:perbearing,Two bearings are warned by no detector (0/5).,,
tab:perbearing.cap03.n01,number,0/5,0/5,tab:perbearing,caption,tab:perbearing,Two bearings are warned by no detector (0/5).,,
tab:gatedcontrast.cap01,sentence,,,tab:gatedcontrast,caption,tab:gatedcontrast,"Aggregate-decimate contrast under the raw and the gated metric, on the post-N-20 reruns over all eleven detectors.",C011;C084,
tab:gatedcontrast.cap01.n01,number,20,20,tab:gatedcontrast,caption,tab:gatedcontrast,"Aggregate-decimate contrast under the raw and the gated metric, on the post-N-20 reruns over all eleven detectors.",,
tab:gatedcontrast.cap02,sentence,,,tab:gatedcontrast,caption,tab:gatedcontrast,“Med. ∆” is the median across detectors of each detector’s run-level median difference; n+/n-/0 counts detectors by the sign of that median; n¯eff is the mean effective sample size once zero-difference runs are dropped.,C038;C084;C130,
tab:gatedcontrast.cap02.n01,number,0,0,tab:gatedcontrast,caption,tab:gatedcontrast,“Med. ∆” is the median across detectors of each detector’s run-level median difference; n+/n-/0 counts detectors by the sign of that median; n¯eff is the mean effective sample size once zero-difference runs are dropped.,,
tab:gatedcontrast.cap03,sentence,,,tab:gatedcontrast,caption,tab:gatedcontrast,Gating costs roughly half the effective sample size and changes no conclu- sion: under both metrics no hypothesis is rejected after Holm correction across the N = 44 family.,C039;C043;C084,
tab:gatedcontrast.cap03.n01,number,44,44,tab:gatedcontrast,caption,tab:gatedcontrast,Gating costs roughly half the effective sample size and changes no conclu- sion: under both metrics no hypothesis is rejected after Holm correction across the N = 44 family.,,
tab:conformal.cap01,sentence,,,tab:conformal,caption,tab:conformal,Conformal Isolation Forest on IMS: empirical preonset FAR vs target α. ✓ marks FAR ≤ α (guarantee satis- fied). bu co la,,
fig:conformal.cap01,sentence,,,fig:conformal,caption,fig:conformal,Conformal calibration: empirical pre-onset FAR vs target α; points on or below the diagonal satisfy the distributionfree guarantee.,,
fig:conformal.cap02,sentence,,,fig:conformal,caption,fig:conformal,(a) IMS: test 1 violates it because its near-failure onset leaves no genuinely stationary normal region.,C086,
fig:conformal.cap02.n01,number,1,1,fig:conformal,caption,fig:conformal,(a) IMS: test 1 violates it because its near-failure onset leaves no genuinely stationary normal region.,,
fig:conformal.cap03,sentence,,,fig:conformal,caption,fig:conformal,(b) XJTU-SY: bearings with a substantial stationary pre-onset region honor the bound; those with only one or two pre-onset windows cannot support a finite-sample guarantee and are flagged uncalibrated.,C086,
fig:conformal.cap04,sentence,,,fig:conformal,caption,fig:conformal,"(c) FEMTO/PRONOSTIA: no bearing honors the bound at α = 0.05, because the short, non-stationary pre-onset regions of these 1.4-7.8 h bearings cannot support it.",C019;C087,
fig:conformal.cap04.n01,number,0.05,0.05,fig:conformal,caption,fig:conformal,"(c) FEMTO/PRONOSTIA: no bearing honors the bound at α = 0.05, because the short, non-stationary pre-onset regions of these 1.4-7.8 h bearings cannot support it.",,
fig:conformal.cap04.n02,number,1.4,1.4,fig:conformal,caption,fig:conformal,"(c) FEMTO/PRONOSTIA: no bearing honors the bound at α = 0.05, because the short, non-stationary pre-onset regions of these 1.4-7.8 h bearings cannot support it.",,
fig:conformal.cap04.n03,number,7.8,7.8,fig:conformal,caption,fig:conformal,"(c) FEMTO/PRONOSTIA: no bearing honors the bound at α = 0.05, because the short, non-stationary pre-onset regions of these 1.4-7.8 h bearings cannot support it.",,
fig:conformal.cap05,sentence,,,fig:conformal,caption,fig:conformal,"(d) ONGC turbine (n = 1 case study, Appendix D.2): the real historian stream tracks the diagonal closely, a modest 1.5-2× above target, consistent with a mostly-stationary normal region.",C014;C086;C088,
fig:conformal.cap05.n01,number,1,1,fig:conformal,caption,fig:conformal,"(d) ONGC turbine (n = 1 case study, Appendix D.2): the real historian stream tracks the diagonal closely, a modest 1.5-2× above target, consistent with a mostly-stationary normal region.",,
fig:conformal.cap05.n02,number,1.5,1.5,fig:conformal,caption,fig:conformal,"(d) ONGC turbine (n = 1 case study, Appendix D.2): the real historian stream tracks the diagonal closely, a modest 1.5-2× above target, consistent with a mostly-stationary normal region.",,
fig:conformal.cap05.n03,number,2,2,fig:conformal,caption,fig:conformal,"(d) ONGC turbine (n = 1 case study, Appendix D.2): the real historian stream tracks the diagonal closely, a modest 1.5-2× above target, consistent with a mostly-stationary normal region.",,
fig:tradeoffs.cap01,sentence,,,fig:tradeoffs,caption,fig:tradeoffs,"Lead-time vs pre-onset-FAR trade-off (threshold percentile swept, mean across runs); up-and-to-the-left is better.",C089,
fig:tradeoffs.cap02,sentence,,,fig:tradeoffs,caption,fig:tradeoffs,(a) IMS: Hotelling T 2 and Isolation Forest dominate the achievable frontier—highest lead at the lowest attainable FAR; the RMS-trend baseline collapses at low FAR.,,
fig:tradeoffs.cap03,sentence,,,fig:tradeoffs,caption,fig:tradeoffs,"(b) The ten XJTU-SY bearings: the same qualitative shape at the shorter absolute lead times these short-lived bearings permit, showing that the operating-point selection generalizes.",C019,
tab:farbudget.cap01,sentence,,,tab:farbudget,caption,tab:farbudget,FAR-budget sensitivity on IMS: best valid lead time Ta (h) per detector at each false-alarm budget τ (0.0 = no oper- ac ating point within budget).,C003,
tab:farbudget.cap01.n01,number,0.0,0.0,tab:farbudget,caption,tab:farbudget,FAR-budget sensitivity on IMS: best valid lead time Ta (h) per detector at each false-alarm budget τ (0.0 = no oper- ac ating point within budget).,,
tab:farbudget.cap02,sentence,,,tab:farbudget,caption,tab:farbudget,"The gate here is applied to the le pre-onset FAR averaged across the three runs, so a detector w can hold a valid operating point on an individual run and still th show 0.0 in this table: LSTM-AE is exactly that case, with co a mean pre-onset FAR of 62.00% at the 99.5th percentile but po 4.19% FAR and 59.67 h of valid lead on 3rd_test alone. se A zero row here therefore does not mean a detector has no 99 valid operating point at any threshold; per-run validity is re- (6 ported in Table 13 and Section 6.",C061;C095,
tab:farbudget.cap02.n01,number,0.0,0.0,tab:farbudget,caption,tab:farbudget,"The gate here is applied to the le pre-onset FAR averaged across the three runs, so a detector w can hold a valid operating point on an individual run and still th show 0.0 in this table: LSTM-AE is exactly that case, with co a mean pre-onset FAR of 62.00% at the 99.5th percentile but po 4.19% FAR and 59.67 h of valid lead on 3rd_test alone. se A zero row here therefore does not mean a detector has no 99 valid operating point at any threshold; per-run validity is re- (6 ported in Table 13 and Section 6.",,
tab:farbudget.cap02.n02,number,62.00%,62.00%,tab:farbudget,caption,tab:farbudget,"The gate here is applied to the le pre-onset FAR averaged across the three runs, so a detector w can hold a valid operating point on an individual run and still th show 0.0 in this table: LSTM-AE is exactly that case, with co a mean pre-onset FAR of 62.00% at the 99.5th percentile but po 4.19% FAR and 59.67 h of valid lead on 3rd_test alone. se A zero row here therefore does not mean a detector has no 99 valid operating point at any threshold; per-run validity is re- (6 ported in Table 13 and Section 6.",,
tab:farbudget.cap02.n03,number,99.5,99.5,tab:farbudget,caption,tab:farbudget,"The gate here is applied to the le pre-onset FAR averaged across the three runs, so a detector w can hold a valid operating point on an individual run and still th show 0.0 in this table: LSTM-AE is exactly that case, with co a mean pre-onset FAR of 62.00% at the 99.5th percentile but po 4.19% FAR and 59.67 h of valid lead on 3rd_test alone. se A zero row here therefore does not mean a detector has no 99 valid operating point at any threshold; per-run validity is re- (6 ported in Table 13 and Section 6.",,
tab:farbudget.cap02.n04,number,4.19%,4.19%,tab:farbudget,caption,tab:farbudget,"The gate here is applied to the le pre-onset FAR averaged across the three runs, so a detector w can hold a valid operating point on an individual run and still th show 0.0 in this table: LSTM-AE is exactly that case, with co a mean pre-onset FAR of 62.00% at the 99.5th percentile but po 4.19% FAR and 59.67 h of valid lead on 3rd_test alone. se A zero row here therefore does not mean a detector has no 99 valid operating point at any threshold; per-run validity is re- (6 ported in Table 13 and Section 6.",,
tab:farbudget.cap02.n05,number,59.67,59.67,tab:farbudget,caption,tab:farbudget,"The gate here is applied to the le pre-onset FAR averaged across the three runs, so a detector w can hold a valid operating point on an individual run and still th show 0.0 in this table: LSTM-AE is exactly that case, with co a mean pre-onset FAR of 62.00% at the 99.5th percentile but po 4.19% FAR and 59.67 h of valid lead on 3rd_test alone. se A zero row here therefore does not mean a detector has no 99 valid operating point at any threshold; per-run validity is re- (6 ported in Table 13 and Section 6.",,
tab:farbudget.cap02.n06,number,3,3,tab:farbudget,caption,tab:farbudget,"The gate here is applied to the le pre-onset FAR averaged across the three runs, so a detector w can hold a valid operating point on an individual run and still th show 0.0 in this table: LSTM-AE is exactly that case, with co a mean pre-onset FAR of 62.00% at the 99.5th percentile but po 4.19% FAR and 59.67 h of valid lead on 3rd_test alone. se A zero row here therefore does not mean a detector has no 99 valid operating point at any threshold; per-run validity is re- (6 ported in Table 13 and Section 6.",,
tab:farbudget.cap02.n07,number,99,99,tab:farbudget,caption,tab:farbudget,"The gate here is applied to the le pre-onset FAR averaged across the three runs, so a detector w can hold a valid operating point on an individual run and still th show 0.0 in this table: LSTM-AE is exactly that case, with co a mean pre-onset FAR of 62.00% at the 99.5th percentile but po 4.19% FAR and 59.67 h of valid lead on 3rd_test alone. se A zero row here therefore does not mean a detector has no 99 valid operating point at any threshold; per-run validity is re- (6 ported in Table 13 and Section 6.",,
tab:farbudget.cap02.n08,number,6,6,tab:farbudget,caption,tab:farbudget,"The gate here is applied to the le pre-onset FAR averaged across the three runs, so a detector w can hold a valid operating point on an individual run and still th show 0.0 in this table: LSTM-AE is exactly that case, with co a mean pre-onset FAR of 62.00% at the 99.5th percentile but po 4.19% FAR and 59.67 h of valid lead on 3rd_test alone. se A zero row here therefore does not mean a detector has no 99 valid operating point at any threshold; per-run validity is re- (6 ported in Table 13 and Section 6.",,
tab:farbudget.cap03,sentence,,,tab:farbudget,caption,tab:farbudget,The 3σ recommendation th holds at τ = 0.10 and 0.20 but not at a strict τ = 0.05.,C092,
tab:farbudget.cap03.n01,number,0.10,0.10,tab:farbudget,caption,tab:farbudget,The 3σ recommendation th holds at τ = 0.10 and 0.20 but not at a strict τ = 0.05.,,
tab:farbudget.cap03.n02,number,0.20,0.20,tab:farbudget,caption,tab:farbudget,The 3σ recommendation th holds at τ = 0.10 and 0.20 but not at a strict τ = 0.05.,,
tab:farbudget.cap03.n03,number,0.05,0.05,tab:farbudget,caption,tab:farbudget,The 3σ recommendation th holds at τ = 0.10 and 0.20 but not at a strict τ = 0.05.,,
tab:farbudget.cap04,sentence,,,tab:farbudget,caption,tab:farbudget,The conclusion is computed on raw lead and is unaffected by τ .,C093,
tab:tradeoff.cap01,sentence,,,tab:tradeoff,caption,tab:tradeoff,IMS lead-time-vs-false-alarm trade-off (mean across runs) at three threshold percentiles.,,
tab:tradeoff.cap02,sentence,,,tab:tradeoff,caption,tab:tradeoff,"Up-and-to-theleft (high lead, low FAR) is better. † marks operating points whose pre-onset FAR exceeds the τ = 10% budget and are therefore invalid under the gated metric.",C084,
tab:tradeoff.cap02.n01,number,10%,10%,tab:tradeoff,caption,tab:tradeoff,"Up-and-to-theleft (high lead, low FAR) is better. † marks operating points whose pre-onset FAR exceeds the τ = 10% budget and are therefore invalid under the gated metric.",,
tab:tradeoff.cap03,sentence,,,tab:tradeoff,caption,tab:tradeoff,The three deep reconstruction models are included so the “no valid operating point” claim can be checked per threshold rather than asserted: all nine of their entries are daggered.,,
tab:tradeoff.cap04,sentence,,,tab:tradeoff,caption,tab:tradeoff,"LSTM-AE’s 99.5th-percentile entry is daggered on the across-run mean (62.0%) although it is within budget on 3rd_test alone, the case the caption of Table 12 describes.",C003;C095,
tab:tradeoff.cap04.n01,number,99.5,99.5,tab:tradeoff,caption,tab:tradeoff,"LSTM-AE’s 99.5th-percentile entry is daggered on the across-run mean (62.0%) although it is within budget on 3rd_test alone, the case the caption of Table 12 describes.",,
tab:tradeoff.cap04.n02,number,62.0%,62.0%,tab:tradeoff,caption,tab:tradeoff,"LSTM-AE’s 99.5th-percentile entry is daggered on the across-run mean (62.0%) although it is within budget on 3rd_test alone, the case the caption of Table 12 describes.",,
tab:tradeoff.cap04.n03,number,3,3,tab:tradeoff,caption,tab:tradeoff,"LSTM-AE’s 99.5th-percentile entry is daggered on the across-run mean (62.0%) although it is within budget on 3rd_test alone, the case the caption of Table 12 describes.",,
tab:ablation_general.cap01,sentence,,,tab:ablation_general,caption,tab:ablation_general,Feature-group ablation generalized beyond Isola- Ta tion Forest: valid-alarm fraction (mean over the three IMS zo runs) by group.,,
tab:ablation_general.cap02,sentence,,,tab:ablation_general,caption,tab:ablation_general,"Time-domain amplitude features are best le for every detector; for the SPC charts rms_only is uniquely ra (3σ, EWMA) or jointly best, and spectral/envelope/all col- va lapse them to 0.33. ab an",C045;C096,
tab:ablation_general.cap02.n01,number,0.33,0.33,tab:ablation_general,caption,tab:ablation_general,"Time-domain amplitude features are best le for every detector; for the SPC charts rms_only is uniquely ra (3σ, EWMA) or jointly best, and spectral/envelope/all col- va lapse them to 0.33. ab an",,
tab:phrank.cap01,sentence,,,tab:phrank,caption,tab:phrank,"Detector rankings on IMS: Saxena prognostic horizon (PH, ungated best raw lead) vs. the gated metric L (best lead at an operating point within the τ = 10% budget).",C056;C084,
tab:phrank.cap01.n01,number,10%,10%,tab:phrank,caption,tab:phrank,"Detector rankings on IMS: Saxena prognostic horizon (PH, ungated best raw lead) vs. the gated metric L (best lead at an operating point within the τ = 10% budget).",,
tab:phrank.cap02,sentence,,,tab:phrank,caption,tab:phrank,"The rankings invert at the top: the detectors PH ranks best have no valid operating point, while 3σ—PH’s fourth—is the deployable winner. ∗RMS-trend is valid only at the loosest threshold and on one of three runs.",C056;C062;C102,
fig:mintrain.cap01,sentence,,,fig:mintrain,caption,fig:mintrain,Valid-alarm fraction vs. training fraction on FEMTO (n = 6).,,
fig:mintrain.cap01.n01,number,6,6,fig:mintrain,caption,fig:mintrain,Valid-alarm fraction vs. training fraction on FEMTO (n = 6).,,
fig:mintrain.cap02,sentence,,,fig:mintrain,caption,fig:mintrain,"SPC charts (blue) sit at the top throughout, peaking at the smallest training fraction and declining slightly thereafter as the test window shrinks; the deep reconstruction models (red) and Deep SVDD lie below the SPC baseline (dashed, ≈0.62) at every training fraction and never reach it—no crossover.",C051;C104,
fig:mintrain.cap02.n01,number,0.62,0.62,fig:mintrain,caption,fig:mintrain,"SPC charts (blue) sit at the top throughout, peaking at the smallest training fraction and declining slightly thereafter as the test window shrinks; the deep reconstruction models (red) and Deep SVDD lie below the SPC baseline (dashed, ≈0.62) at every training fraction and never reach it—no crossover.",,
fig:mintrain.cap03,sentence,,,fig:mintrain,caption,fig:mintrain,"The three N/A cells at T = 0.20, all on Bearing3_1, which forms only 20 training windows, are counted as no valid alarm.",C103,
fig:mintrain.cap03.n01,number,0.20,0.20,fig:mintrain,caption,fig:mintrain,"The three N/A cells at T = 0.20, all on Bearing3_1, which forms only 20 training windows, are counted as no valid alarm.",,
fig:mintrain.cap03.n02,number,20,20,fig:mintrain,caption,fig:mintrain,"The three N/A cells at T = 0.20, all on Bearing3_1, which forms only 20 training windows, are counted as no valid alarm.",,
tab:hyperparams.cap01,sentence,,,tab:hyperparams,caption,tab:hyperparams,Fixed hyperparameter protocol (from config.py).,C031,
tab:hyperparams.cap02,sentence,,,tab:hyperparams,caption,tab:hyperparams,The onset persistence/gap tolerances are in samples of the health-indicator series.,C025,
tab:hyperparams.cap03,sentence,,,tab:hyperparams,caption,tab:hyperparams,The pre-onset FAR is measured over the full pre-onset window t < to (Eq. 5).,,
tab:compute.cap01,sentence,,,tab:compute,caption,tab:compute,"Per-detector compute cost on the largest IMS run (631 train / 506 test windows, 49-dimensional invariant features, one core of an Intel Core i5-13420H, median of five repeats).",C020,
tab:compute.cap01.n01,number,631,631,tab:compute,caption,tab:compute,"Per-detector compute cost on the largest IMS run (631 train / 506 test windows, 49-dimensional invariant features, one core of an Intel Core i5-13420H, median of five repeats).",,
tab:compute.cap01.n02,number,506,506,tab:compute,caption,tab:compute,"Per-detector compute cost on the largest IMS run (631 train / 506 test windows, 49-dimensional invariant features, one core of an Intel Core i5-13420H, median of five repeats).",,
tab:compute.cap01.n03,number,49,49,tab:compute,caption,tab:compute,"Per-detector compute cost on the largest IMS run (631 train / 506 test windows, 49-dimensional invariant features, one core of an Intel Core i5-13420H, median of five repeats).",,
tab:compute.cap01.n04,number,13420,13420,tab:compute,caption,tab:compute,"Per-detector compute cost on the largest IMS run (631 train / 506 test windows, 49-dimensional invariant features, one core of an Intel Core i5-13420H, median of five repeats).",,
tab:compute.cap02,sentence,,,tab:compute,caption,tab:compute,Even the slowest model’s inference is ≪ the 10 s SCADA polling interval.,,
tab:compute.cap02.n01,number,10,10,tab:compute,caption,tab:compute,Even the slowest model’s inference is ≪ the 10 s SCADA polling interval.,,
tab:deeparch.cap01,sentence,,,tab:deeparch,caption,tab:deeparch,"Deep-model architectures and training protocol, transcribed from the released config.py and model definitions.",C126,
tab:deeparch.cap02,sentence,,,tab:deeparch,caption,tab:deeparch,All four are trained with Adam at a fixed learning rate with no per-dataset tuning and no early stopping: every model runs its full epoch budget.,C031;C126,
tab:deeparch.cap03,sentence,,,tab:deeparch,caption,tab:deeparch,Parameter counts are measured at the 49-dimensional invariant feature width (Appendix B).,C020,
tab:deeparch.cap03.n01,number,49,49,tab:deeparch,caption,tab:deeparch,Parameter counts are measured at the 49-dimensional invariant feature width (Appendix B).,,
tab:deeparch.cap04,sentence,,,tab:deeparch,caption,tab:deeparch,Deep SVDD scores individual windows and so takes no sequence length.,,
tab:basestats.cap01,sentence,,,tab:basestats,caption,tab:basestats,The six per-snapshot base statistics from which the 49-dim invariant space is built.,C020,
tab:basestats.cap01.n01,number,49,49,tab:basestats,caption,tab:basestats,The six per-snapshot base statistics from which the 49-dim invariant space is built.,,
tab:basestats.cap02,sentence,,,tab:basestats,caption,tab:basestats,"Each is computed per physical channel on the snapshot waveform x (mean µ, std σ), then channel-aggregated (mean, max) and window-summarised (mean, std, max, slope).",,
tab:d17label.cap01,sentence,,,tab:d17label,caption,tab:d17label,"IMS aggregate-decimate lead-time difference under the original (2004-04-08) and corrected (2004-04-18) third- test failure labels, all ten detectors.",C128,
tab:d17label.cap01.n01,number,2004-04-08,2004-04-08,tab:d17label,caption,tab:d17label,"IMS aggregate-decimate lead-time difference under the original (2004-04-08) and corrected (2004-04-18) third- test failure labels, all ten detectors.",,
tab:d17label.cap01.n02,number,2004-04-18,2004-04-18,tab:d17label,caption,tab:d17label,"IMS aggregate-decimate lead-time difference under the original (2004-04-08) and corrected (2004-04-18) third- test failure labels, all ten detectors.",,
tab:d17label.cap02,sentence,,,tab:d17label,caption,tab:d17label,"Run differences are (1st_test, 2nd_test, 3rd_test) in hours, collapsing the five within-run sampling factors to one mean difference per run (Section 4.9). n+/n-/0 counts positive, negative and exactly-zero runs; zero-difference runs are excluded from the sign test, so neff is the effective sample size under the original label.",C036;C038;C084;C130,
tab:d17label.cap02.n01,number,1,1,tab:d17label,caption,tab:d17label,"Run differences are (1st_test, 2nd_test, 3rd_test) in hours, collapsing the five within-run sampling factors to one mean difference per run (Section 4.9). n+/n-/0 counts positive, negative and exactly-zero runs; zero-difference runs are excluded from the sign test, so neff is the effective sample size under the original label.",,
tab:d17label.cap02.n02,number,2,2,tab:d17label,caption,tab:d17label,"Run differences are (1st_test, 2nd_test, 3rd_test) in hours, collapsing the five within-run sampling factors to one mean difference per run (Section 4.9). n+/n-/0 counts positive, negative and exactly-zero runs; zero-difference runs are excluded from the sign test, so neff is the effective sample size under the original label.",,
tab:d17label.cap02.n03,number,3,3,tab:d17label,caption,tab:d17label,"Run differences are (1st_test, 2nd_test, 3rd_test) in hours, collapsing the five within-run sampling factors to one mean difference per run (Section 4.9). n+/n-/0 counts positive, negative and exactly-zero runs; zero-difference runs are excluded from the sign test, so neff is the effective sample size under the original label.",,
tab:d17label.cap02.n04,number,0,0,tab:d17label,caption,tab:d17label,"Run differences are (1st_test, 2nd_test, 3rd_test) in hours, collapsing the five within-run sampling factors to one mean difference per run (Section 4.9). n+/n-/0 counts positive, negative and exactly-zero runs; zero-difference runs are excluded from the sign test, so neff is the effective sample size under the original label.",,
tab:d17label.cap03,sentence,,,tab:d17label,caption,tab:d17label,“Floor” is the smallest two-sided exact sign-test p attainable at that neff.,C037;C130,
tab:d17label.cap04,sentence,,,tab:d17label,caption,tab:d17label,Both arms are computed on the 49-dimensional invariant feature schema so that the contrast isolates the label alone.,C020,
tab:d17label.cap04.n01,number,49,49,tab:d17label,caption,tab:d17label,Both arms are computed on the 49-dimensional invariant feature schema so that the contrast isolates the label alone.,,
tab:d17label.cap05,sentence,,,tab:d17label,caption,tab:d17label,"No median changes sign between labels, and no detector reaches α = 0.05 under either label.",C131,
tab:d17label.cap05.n01,number,0.05,0.05,tab:d17label,caption,tab:d17label,"No median changes sign between labels, and no detector reaches α = 0.05 under either label.",,
tab:noise.cap01,sentence,,,tab:noise,caption,tab:noise,"IMS noise injection, run-level (factor 5): the four magnitude SPC charts collapsed to one mean aggregate - decimate lead-time difference per run (n = 3).",,
tab:noise.cap01.n01,number,5,5,tab:noise,caption,tab:noise,"IMS noise injection, run-level (factor 5): the four magnitude SPC charts collapsed to one mean aggregate - decimate lead-time difference per run (n = 3).",,
tab:noise.cap01.n02,number,3,3,tab:noise,caption,tab:noise,"IMS noise injection, run-level (factor 5): the four magnitude SPC charts collapsed to one mean aggregate - decimate lead-time difference per run (n = 3).",,
tab:noise.cap02,sentence,,,tab:noise,caption,tab:noise,"Per-run values in order (test 1, test 2, test 3).",,
tab:noise.cap02.n01,number,1,1,tab:noise,caption,tab:noise,"Per-run values in order (test 1, test 2, test 3).",,
tab:noise.cap02.n02,number,2,2,tab:noise,caption,tab:noise,"Per-run values in order (test 1, test 2, test 3).",,
tab:noise.cap02.n03,number,3,3,tab:noise,caption,tab:noise,"Per-run values in order (test 1, test 2, test 3).",,
tab:noise.cap03,sentence,,,tab:noise,caption,tab:noise,The mean advantage grows monotonically as SNR falls—the signature of a lowpass mechanism—but at n = 3 this is a directional trend that cannot be significance-tested.,C114,
tab:noise.cap03.n01,number,3,3,tab:noise,caption,tab:noise,The mean advantage grows monotonically as SNR falls—the signature of a lowpass mechanism—but at n = 3 this is a directional trend that cannot be significance-tested.,,
tab:denoise.cap01,sentence,,,tab:denoise,caption,tab:denoise,"IMS denoiser comparison (factor 5, four magnitude op charts collapsed to one mean per run, n = 3): mean lead time when a smoother is applied to the decimated stream, against 3σ raw aggregation and raw decimation.",,
tab:denoise.cap01.n01,number,5,5,tab:denoise,caption,tab:denoise,"IMS denoiser comparison (factor 5, four magnitude op charts collapsed to one mean per run, n = 3): mean lead time when a smoother is applied to the decimated stream, against 3σ raw aggregation and raw decimation.",,
tab:denoise.cap01.n02,number,3,3,tab:denoise,caption,tab:denoise,"IMS denoiser comparison (factor 5, four magnitude op charts collapsed to one mean per run, n = 3): mean lead time when a smoother is applied to the decimated stream, against 3σ raw aggregation and raw decimation.",,
tab:denoise.cap02,sentence,,,tab:denoise,caption,tab:denoise,"A moving average or ro Kalman filter recovers the aggregate lead time, showing the RM benefit is generic smoothing. pa a",C110,
tab:ongc.cap01,sentence,,,tab:ongc,caption,tab:ongc,"ONGC real-turbine SCADA (single-asset case study, n = 1; no statistical inference): descriptive aggregate - decimate lead-time difference, median over the five sampling factors.",C014,
tab:ongc.cap01.n01,number,1,1,tab:ongc,caption,tab:ongc,"ONGC real-turbine SCADA (single-asset case study, n = 1; no statistical inference): descriptive aggregate - decimate lead-time difference, median over the five sampling factors.",,
tab:ongc.cap02,sentence,,,tab:ongc,caption,tab:ongc,All differences are about a minute or less.,C116,
C001@S00.001,claim,C001,"Detectors are judged by classification accuracy, which ignores how early a warning arrives and at what false-alarm cost","Front matter: title, abstract, keywords",body,"Front matter: title, abstract, keywords","A Latch-On-Resistant, False-Alarm-Gated Lead-Time Metric for Bearing Anomaly Detection — and What It Reveals About SCADA-Rate Logging Ansh Goyal1 1 Jaypee Institute of Information Technology, Noida, India anshgoyal500@gmail.com ABSTRACT Anomaly detectors for rolling-element-bearing prognostics are typically evaluated by classification accuracy, which answers whether a fault is detected but not how early or at what false-alarm cost.",C001,
C001@S01.004,claim,C001,"Detectors are judged by classification accuracy, which ignores how early a warning arrives and at what false-alarm cost",Introduction,body,Introduction,"Despite this, most published detectors are evaluated with classification metrics—accuracy, precision/recall, and receiver operating characteristic area under the curve (ROC- AUC).",C001,
C001@S01.005,claim,C001,"Detectors are judged by classification accuracy, which ignores how early a warning arrives and at what false-alarm cost",Introduction,body,Introduction,"These answer “was the failure detected?” but not the question a maintenance planner actually asks: “how many hours of warning did we get, and how often did the system cry wolf?",C001,
C001@S01.016,claim,C001,"Detectors are judged by classification accuracy, which ignores how early a warning arrives and at what false-alarm cost",Introduction,body,Introduction,"Detectors are ranked by classification accuracy, which ignores how early a warning arrives and at what false-alarm cost; and it is unknown whether the coarse, bin-averaged logging of a SCADA historian destroys that warning time relative to plain decimation.",C001,
C002@S00.002,claim,C002,Lead time is the operationally decisive quantity and is made the primary evaluation object,"Front matter: title, abstract, keywords",body,"Front matter: title, abstract, keywords","We argue that lead time, the warning interval before failure, is the operationally decisive quantity, and we make it the primary evaluation object through a latch-on-resistant, false-alarm-gated metric.",C002,
C002@S01.017,claim,C002,Lead time is the operationally decisive quantity and is made the primary evaluation object,Introduction,body,Introduction,We make lead time gated by a leakage-free falsealarm rate the primary metric—warning time counts only when the pre-onset false-alarm rate is within budget—so that the degenerate latch-on detector is provably scored invalid rather than winning.,C002,
C002@S38.001,claim,C002,Lead time is the operationally decisive quantity and is made the primary evaluation object,Conclusion,body,Conclusion,"We presented a lead-time-centric evaluation protocol for bearing anomaly detection, one that defeats the latch-on exploit through an onset-gated, false-alarm-budgeted metric, and used it to test whether SCADA-rate logging destroys detection lead time.",C002,
C003@S00.001,claim,C003,Warning time is credited only when the pre-onset false-alarm rate is within a stated budget tau,"Front matter: title, abstract, keywords",body,"Front matter: title, abstract, keywords","A Latch-On-Resistant, False-Alarm-Gated Lead-Time Metric for Bearing Anomaly Detection — and What It Reveals About SCADA-Rate Logging Ansh Goyal1 1 Jaypee Institute of Information Technology, Noida, India anshgoyal500@gmail.com ABSTRACT Anomaly detectors for rolling-element-bearing prognostics are typically evaluated by classification accuracy, which answers whether a fault is detected but not how early or at what false-alarm cost.",C003,
C003@S00.002,claim,C003,Warning time is credited only when the pre-onset false-alarm rate is within a stated budget tau,"Front matter: title, abstract, keywords",body,"Front matter: title, abstract, keywords","We argue that lead time, the warning interval before failure, is the operationally decisive quantity, and we make it the primary evaluation object through a latch-on-resistant, false-alarm-gated metric.",C003,
C003@S00.003,claim,C003,Warning time is credited only when the pre-onset false-alarm rate is within a stated budget tau,"Front matter: title, abstract, keywords",body,"Front matter: title, abstract, keywords","Warning time is credited only when the pre-onset false-alarm rate lies within a stated budget τ , so a degenerate constant-on detector is provably scored invalid.",C003,
C003@S01.017,claim,C003,Warning time is credited only when the pre-onset false-alarm rate is within a stated budget tau,Introduction,body,Introduction,We make lead time gated by a leakage-free falsealarm rate the primary metric—warning time counts only when the pre-onset false-alarm rate is within budget—so that the degenerate latch-on detector is provably scored invalid rather than winning.,C003,
C003@S01.023,claim,C003,Warning time is credited only when the pre-onset false-alarm rate is within a stated budget tau,Introduction,body,Introduction,"A latch-on-resistant, false-alarm-gated, onset-relative lead-time metric.",C003,
C003@S01.024,claim,C003,Warning time is credited only when the pre-onset false-alarm rate is within a stated budget tau,Introduction,body,Introduction,"Warning time is credited only when the false-alarm rate over a data-anchored, leakage-free pre-onset region is within a stated budget.",C003,
C003@S03.007,claim,C003,Warning time is credited only when the pre-onset false-alarm rate is within a stated budget tau,"Prognostics, CBM, and Lead-Time Metrics",body,"Prognostics, CBM, and Lead-Time Metrics","We depart from prior practice in one key respect: we make the false-alarm budget an integral part of the metric’s validity condition rather than a separately reported number, which is precisely what closes the latch-on loophole.",C003,
C003@S03.013,claim,C003,Warning time is credited only when the pre-onset false-alarm rate is within a stated budget tau,"Prognostics, CBM, and Lead-Time Metrics",body,"Prognostics, CBM, and Lead-Time Metrics","That benchmark folds both into a single weighted score, so a detector may trade false alarms against earliness and still rank well; our budget is a validity condition, and an alarm outside it earns no credit that a longer lead can offset.",C003,
C003@S03.016,claim,C003,Warning time is credited only when the pre-onset false-alarm rate is within a stated budget tau,"Prognostics, CBM, and Lead-Time Metrics",body,"Prognostics, CBM, and Lead-Time Metrics","Our metric shares the diagnosis and differs in what it reports: rather than a score on a bounded scale, the gated lead time is a physical quantity— hours of warning—that a maintenance planner can act on directly, and the false-alarm constraint enters as a gate on validity rather than as a weight inside the score.",C003,
C003@S28.008,claim,C003,Warning time is credited only when the pre-onset false-alarm rate is within a stated budget tau,Lead-Time--vs--False-Alarm Trade-off,body,Lead-Time--vs--False-Alarm Trade-off,"Deep SVDD occupies the opposite corner: it stays comfortably within budget (≤ 0.6% FAR) but only by firing late, buying that low false-alarm rate with a short ≤ 14.8 h lead.",C003,
C003@S36.006,claim,C003,Warning time is credited only when the pre-onset false-alarm rate is within a stated budget tau,Practical Implications,body,Practical Implications,"Deep SVDD consistently stays within budget at ≤ 0.6% pre-onset FAR across the swept threshold levels on IMS (Table 13), achieving 14.8 h of advance warning with near-zero false alarms.",C003,
C003@tab:farbudget.cap01,claim,C003,Warning time is credited only when the pre-onset false-alarm rate is within a stated budget tau,tab:farbudget,caption,tab:farbudget,FAR-budget sensitivity on IMS: best valid lead time Ta (h) per detector at each false-alarm budget τ (0.0 = no oper- ac ating point within budget).,C003,
C003@tab:tradeoff.cap04,claim,C003,Warning time is credited only when the pre-onset false-alarm rate is within a stated budget tau,tab:tradeoff,caption,tab:tradeoff,"LSTM-AE’s 99.5th-percentile entry is daggered on the across-run mean (62.0%) although it is within budget on 3rd_test alone, the case the caption of Table 12 describes.",C003,
C004@S00.001,claim,C004,A degenerate constant-on (latch-on) detector is provably scored invalid,"Front matter: title, abstract, keywords",body,"Front matter: title, abstract, keywords","A Latch-On-Resistant, False-Alarm-Gated Lead-Time Metric for Bearing Anomaly Detection — and What It Reveals About SCADA-Rate Logging Ansh Goyal1 1 Jaypee Institute of Information Technology, Noida, India anshgoyal500@gmail.com ABSTRACT Anomaly detectors for rolling-element-bearing prognostics are typically evaluated by classification accuracy, which answers whether a fault is detected but not how early or at what false-alarm cost.",C004,
C004@S00.002,claim,C004,A degenerate constant-on (latch-on) detector is provably scored invalid,"Front matter: title, abstract, keywords",body,"Front matter: title, abstract, keywords","We argue that lead time, the warning interval before failure, is the operationally decisive quantity, and we make it the primary evaluation object through a latch-on-resistant, false-alarm-gated metric.",C004,
C004@S00.003,claim,C004,A degenerate constant-on (latch-on) detector is provably scored invalid,"Front matter: title, abstract, keywords",body,"Front matter: title, abstract, keywords","Warning time is credited only when the pre-onset false-alarm rate lies within a stated budget τ , so a degenerate constant-on detector is provably scored invalid.",C004,
C004@S01.008,claim,C004,A degenerate constant-on (latch-on) detector is provably scored invalid,Introduction,body,Introduction,"In particular, any lead-time metric that does not pair warning time with a false-alarm constraint can be trivially maximized by a detector that simply alarms from the first sample—a “latch-on” exploit that earns the full run length as lead time while being operationally useless.",C004,
C004@S01.017,claim,C004,A degenerate constant-on (latch-on) detector is provably scored invalid,Introduction,body,Introduction,We make lead time gated by a leakage-free falsealarm rate the primary metric—warning time counts only when the pre-onset false-alarm rate is within budget—so that the degenerate latch-on detector is provably scored invalid rather than winning.,C004,
C004@S01.023,claim,C004,A degenerate constant-on (latch-on) detector is provably scored invalid,Introduction,body,Introduction,"A latch-on-resistant, false-alarm-gated, onset-relative lead-time metric.",C004,
C004@S01.025,claim,C004,A degenerate constant-on (latch-on) detector is provably scored invalid,Introduction,body,Introduction,"We prove— by construction and by a unit test that is part of the released code—that a constant-on (latch-on) detector is scored invalid, while a detector that fires just after the true degradation onset scores valid at zero false-alarm rate.",C004,
C004@S03.007,claim,C004,A degenerate constant-on (latch-on) detector is provably scored invalid,"Prognostics, CBM, and Lead-Time Metrics",body,"Prognostics, CBM, and Lead-Time Metrics","We depart from prior practice in one key respect: we make the false-alarm budget an integral part of the metric’s validity condition rather than a separately reported number, which is precisely what closes the latch-on loophole.",C004,
C004@S13.006,claim,C004,A degenerate constant-on (latch-on) detector is provably scored invalid,Onset-Relative Lead-Time Metric,body,Onset-Relative Lead-Time Metric,Why the metric defeats the latch-on exploit.,C004,
C004@S13.008,claim,C004,A degenerate constant-on (latch-on) detector is provably scored invalid,Onset-Relative Lead-Time Metric,body,Onset-Relative Lead-Time Metric,"(5), defeats the latch-on exploit.",C004,
C004@S13.009,claim,C004,A degenerate constant-on (latch-on) detector is provably scored invalid,Onset-Relative Lead-Time Metric,body,Onset-Relative Lead-Time Metric,"A detector that fires from the first sample earns a large L (the full run length) but floods the entire preonset region, giving FARpre ≈ 1 > τ and hence invalid.",C004,
C004@S13.011,claim,C004,A degenerate constant-on (latch-on) detector is provably scored invalid,Onset-Relative Lead-Time Metric,body,Onset-Relative Lead-Time Metric,"A unit test in the released code asserts exactly these two cases: a constant-on detector scores invalid, and an oracle that fires at to+ scores valid at zero preonset FAR.",C004,
C004@S13.013,claim,C004,A degenerate constant-on (latch-on) detector is provably scored invalid,Onset-Relative Lead-Time Metric,body,Onset-Relative Lead-Time Metric,We stress that this defeats the specific latch-on exploit; it is not a claim of unconditional ungameability (see Section 8).,C004,
C004@S30.005,claim,C004,A degenerate constant-on (latch-on) detector is provably scored invalid,Comparison with the Saxena Prognostic Horizon,body,Comparison with the Saxena Prognostic Horizon,PH is maximized by the latch-on detector.,C004,
C004@S30.006,claim,C004,A degenerate constant-on (latch-on) detector is provably scored invalid,Comparison with the Saxena Prognostic Horizon,body,Comparison with the Saxena Prognostic Horizon,A detector that alarms from the first sample earns the entire record as prognostic horizon.,C004,
C004@S30.007,claim,C004,A degenerate constant-on (latch-on) detector is provably scored invalid,Comparison with the Saxena Prognostic Horizon,body,Comparison with the Saxena Prognostic Horizon,"On the three IMS runs this constant-on detector earns the full run length as prognostic horizon (164- 1073 h) while flooding the pre-onset region (FARpre ≈ 1), so the gated metric scores it invalid on every run (L = 0); the oracle firing just after t+o is the mirror image, at zero preonset false alarms and the maximum achievable lead (12.9, 62.5 and 44.5 h).",C004,
C004@S30.008,claim,C004,A degenerate constant-on (latch-on) detector is provably scored invalid,Comparison with the Saxena Prognostic Horizon,body,Comparison with the Saxena Prognostic Horizon,Under PH the latch-on detector is the clear winner; under L it is scored worthless.,C004,
C004@S30.010,claim,C004,A degenerate constant-on (latch-on) detector is provably scored invalid,Comparison with the Saxena Prognostic Horizon,body,Comparison with the Saxena Prognostic Horizon,The latch-on case is a worst-case existence proof; the more damaging point is that PH and L disagree on deployable detectors evaluated at their own best operating points.,C004,
C004@S30.017,claim,C004,A degenerate constant-on (latch-on) detector is provably scored invalid,Comparison with the Saxena Prognostic Horizon,body,Comparison with the Saxena Prognostic Horizon,"Any warning-time metric that does not gate on FARpre can be driven to its maximum by loosening the alarm threshold—in the limit, the constant-on detector.",C004,
C004@S33.003,claim,C004,A degenerate constant-on (latch-on) detector is provably scored invalid,What Changed the Story,body,What Changed the Story,"Second, an onset-gated metric that defeats the latch-on exploit prevents a constant-on detector from manufacturing lead time.",C004,
C004@S37.012,claim,C004,A degenerate constant-on (latch-on) detector is provably scored invalid,Limitations and Threats to Validity,body,Limitations and Threats to Validity,"We claim the metric defeats the specific latch-on (constant-on) exploit, not that it is unconditionally ungameable, and we name two surfaces we do not close.",C004,
C004@S38.001,claim,C004,A degenerate constant-on (latch-on) detector is provably scored invalid,Conclusion,body,Conclusion,"We presented a lead-time-centric evaluation protocol for bearing anomaly detection, one that defeats the latch-on exploit through an onset-gated, false-alarm-budgeted metric, and used it to test whether SCADA-rate logging destroys detection lead time.",C004,
C004@S40.001,claim,C004,A degenerate constant-on (latch-on) detector is provably scored invalid,Data and Code Availability,body,Data and Code Availability,"All code—detectors, the leakage-free onset, the gated metric, the sampling sweep, the conformal wrapper, the run-level statistical harness, and the noise/denoiser mechanism test—is released with a pinned environment (requirements.lock.txt, Python 3.13) and a test suite that asserts the metric’s resistance to the latch-on exploit, the leakage-free onset, and the run-level sign-test/Holm machinery.",C004,
C005@S01.025,claim,C005,A unit test in the released code asserts the constant-on case is invalid and the onset oracle is valid,Introduction,body,Introduction,"We prove— by construction and by a unit test that is part of the released code—that a constant-on (latch-on) detector is scored invalid, while a detector that fires just after the true degradation onset scores valid at zero false-alarm rate.",C005,
C005@S13.011,claim,C005,A unit test in the released code asserts the constant-on case is invalid and the onset oracle is valid,Onset-Relative Lead-Time Metric,body,Onset-Relative Lead-Time Metric,"A unit test in the released code asserts exactly these two cases: a constant-on detector scores invalid, and an oracle that fires at to+ scores valid at zero preonset FAR.",C005,
C005@S19.003,claim,C005,A unit test in the released code asserts the constant-on case is invalid and the onset oracle is valid,Experimental Setup,body,Experimental Setup,"The released environment is pinned to the exact package versions that produced the numbers reported here, and a test suite (168 tests) asserts the metric’s ungameability properties, the leakage-free onset, and the conformal factory.",C005,
C005@S40.001,claim,C005,A unit test in the released code asserts the constant-on case is invalid and the onset oracle is valid,Data and Code Availability,body,Data and Code Availability,"All code—detectors, the leakage-free onset, the gated metric, the sampling sweep, the conformal wrapper, the run-level statistical harness, and the noise/denoiser mechanism test—is released with a pinned environment (requirements.lock.txt, Python 3.13) and a test suite that asserts the metric’s resistance to the latch-on exploit, the leakage-free onset, and the run-level sign-test/Holm machinery.",C005,
C005@S40.009,claim,C005,A unit test in the released code asserts the constant-on case is invalid and the onset oracle is valid,Data and Code Availability,body,Data and Code Availability,"Released, so that the n = 1 case study can be repeated rather than merely inspected, are the derived files behind every ONGC number in this paper (all paths relative to results/tables/): the degradation health-indicator series in ongc_health_ indicator.csv, a single baseline-standardized scalar per 10 s timestamp aggregated over all four channels, with the run-level split, onset and failure markers in ongc_ onset_markers.csv—the published onset of 2023-1113 03:44 is recomputable from these two files alone, with no proprietary input, and the repository’s test suite asserts exactly that; per-detector lead time and pre-onset false-alarm rate, together with the full post-N-20 sampling sweep (both modes × five factors × eleven detectors, 110 rows), in n20_ rerun_long_ONGC.csv, with its aggregated and interval forms in benchmark_ONGC_aggregate_n20.csv and benchmark_ONGC_leadtime_ci_n20.csv; the per-detector median differences of Table 23 in n20_ongc_ minutes.csv; the paired-test outputs in benchmark_ ONGC_paired_test_n20.csv; the conformal calibration series behind Figure 4d in calibration_ONGC. csv and calibration_ONGC_pooled.csv; and the onset reruns under the two decoupled health indicators in rg3_rerun_long_ONGC_rms_kurt.csv and rg3_ rerun_long_ONGC_pca1.csv, both of which are the pre-N-20 arm, retained as provenance for the indicator comparison; no number reported here depends on them, and the aggregate-vs-decimate contrast is taken from the post-N-20 files named above.",C005,
C006@S01.026,claim,C006,The metric is not claimed unconditionally ungameable; residual gaming surfaces are named,Introduction,body,Introduction,We do not claim the metric is unconditionally ungameable; we discuss residual gaming surfaces in Section 8. 2.,C006,
C006@S13.013,claim,C006,The metric is not claimed unconditionally ungameable; residual gaming surfaces are named,Onset-Relative Lead-Time Metric,body,Onset-Relative Lead-Time Metric,We stress that this defeats the specific latch-on exploit; it is not a claim of unconditional ungameability (see Section 8).,C006,
C006@S19.003,claim,C006,The metric is not claimed unconditionally ungameable; residual gaming surfaces are named,Experimental Setup,body,Experimental Setup,"The released environment is pinned to the exact package versions that produced the numbers reported here, and a test suite (168 tests) asserts the metric’s ungameability properties, the leakage-free onset, and the conformal factory.",C006,
C006@S37.011,claim,C006,The metric is not claimed unconditionally ungameable; residual gaming surfaces are named,Limitations and Threats to Validity,body,Limitations and Threats to Validity,Residual gaming surfaces of the metric.,C006,
C006@S37.012,claim,C006,The metric is not claimed unconditionally ungameable; residual gaming surfaces are named,Limitations and Threats to Validity,body,Limitations and Threats to Validity,"We claim the metric defeats the specific latch-on (constant-on) exploit, not that it is unconditionally ungameable, and we name two surfaces we do not close.",C006,
C007@S00.004,claim,C007,Research question: does bin-averaged SCADA historian logging destroy lead time relative to decimation,"Front matter: title, abstract, keywords",body,"Front matter: title, abstract, keywords",We then ask whether the bin-averaged logging of a SCADA historian destroys detection lead time relative to simple decimation.,C007,
C007@S01.011,claim,C007,Research question: does bin-averaged SCADA historian logging destroy lead time relative to decimation,Introduction,body,Introduction,"The folklore concern is that this storage step destroys fault-relevant information: that bin-averaging the summary statistics a historian retains washes out the very excursions that signal an incipient spall, so that the act of long-term storage would blind any prognostic algorithm that consumes the historian.",C007,
C007@S01.019,claim,C007,Research question: does bin-averaged SCADA historian logging destroy lead time relative to decimation,Introduction,body,Introduction,The folklore is refuted on every dataset tested: historian-style aggregation does not destroy lead time.,C007,
C007@S01.031,claim,C007,Research question: does bin-averaged SCADA historian logging destroy lead time relative to decimation,Introduction,body,Introduction,"Across XJTU-SY (n = 10), FEMTO/PRONOSTIA (n = 6), University of Ferrara (n = 6), and NASA IMS (n = 3), with bootstrap confidence intervals and run-level significance tests treating the run, not the within-run sampling factor, as the unit of inference, SCADA-rate aggregation does not destroy lead time, and on IMS shows a positive median shift for most control charts though not consistently across runs.",C007,
C007@S23.003,claim,C007,Research question: does bin-averaged SCADA historian logging destroy lead time relative to decimation,Generalization to XJTU-SY ($n=10$ bearings),body,Generalization to XJTU-SY ($n=10$ bearings),"Crucially, aggregation does not destroy lead time either: the medians are flat and the per-run differences are within a few minutes.",C007,
C007@S33.006,claim,C007,Research question: does bin-averaged SCADA historian logging destroy lead time relative to decimation,What Changed the Story,body,What Changed the Story,"With all four in place, the original claim that SCADA averaging destroys lead time is refuted on every dataset tested, and the previously-reported significant positive effect is corrected to a consistent but non-significant trend.",C007,
C007@S38.001,claim,C007,Research question: does bin-averaged SCADA historian logging destroy lead time relative to decimation,Conclusion,body,Conclusion,"We presented a lead-time-centric evaluation protocol for bearing anomaly detection, one that defeats the latch-on exploit through an onset-gated, false-alarm-budgeted metric, and used it to test whether SCADA-rate logging destroys detection lead time.",C007,
C007@S38.002,claim,C007,Research question: does bin-averaged SCADA historian logging destroy lead time relative to decimation,Conclusion,body,Conclusion,"Across four inferential run-to-failure datasets (XJTU-SY n = 10, FEMTO/PRONOSTIA n = 6, University of Ferrara n = 6, and NASA IMS n = 3) together with a real single-asset turbine SCADA case study (Appendix D.2), coarse aggregation does not destroy lead time, and on IMS shows a positive median shift for most control charts that is not consistent across the three runs (not statistically significant at n = 3, and not surviving multiple-comparison correction across the N = 44 family).",C007,
C008@S01.013,claim,C008,"If averaging is harmless operators can store compact bin-averaged streams; if harmful, high-rate acquisition is needed",Introduction,body,Introduction,"The answer matters: if averaging is harmless, operators can store compact, cheap, bin-averaged streams without sacrificing warning time; if it is harmful, the implication is that prognostics-grade monitoring requires separate high-rate acquisition.",C008,
C008@S36.002,claim,C008,"If averaging is harmless operators can store compact bin-averaged streams; if harmful, high-rate acquisition is needed",Practical Implications,body,Practical Implications,"Storing bin-averaged vibration at SCADA rates, the default behavior of most historians, does not inherently sacrifice bearing-fault warning time relative to keeping decimated raw samples, and may even improve it for control-chart detectors on noisy long-runway data.",C008,
C009@S01.019,claim,C009,The working hypothesis (averaging shortens lead time) was refuted and the refutation is reported,Introduction,body,Introduction,The folklore is refuted on every dataset tested: historian-style aggregation does not destroy lead time.,C009,
C009@S01.038,claim,C009,The working hypothesis (averaging shortens lead time) was refuted and the refutation is reported,Introduction,body,Introduction,We deliberately report a result that is not the one we set out to find.,C009,
C009@S01.039,claim,C009,The working hypothesis (averaging shortens lead time) was refuted and the refutation is reported,Introduction,body,Introduction,Our working hypothesis was that bin-averaging the stored summary series would wash out incipient-fault excursions and shorten lead time.,C009,
C009@S01.041,claim,C009,The working hypothesis (averaging shortens lead time) was refuted and the refutation is reported,Introduction,body,Introduction,"We regard reporting the refutation, with its dataset-dependent direction made explicit, as more valuable than a tidy but unsupported positive claim.",C009,
C009@S33.006,claim,C009,The working hypothesis (averaging shortens lead time) was refuted and the refutation is reported,What Changed the Story,body,What Changed the Story,"With all four in place, the original claim that SCADA averaging destroys lead time is refuted on every dataset tested, and the previously-reported significant positive effect is corrected to a consistent but non-significant trend.",C009,
C009@S38.006,claim,C009,The working hypothesis (averaging shortens lead time) was refuted and the refutation is reported,Conclusion,body,Conclusion,"The contribution is a reproducible methodology and a counter-intuitive empirical result: nondestruction, not a guaranteed positive effect.",C009,
C010@S01.035,claim,C010,"Scope: rolling-element bearings under approximately steady conditions; no claim of transfer to gearboxes, blades, other failure modes",Introduction,body,Introduction,"The empirical results are for rollingelement bearings under approximately steady operating conditions; we make no claim of transfer to gearboxes, blades, or variable-speed machinery.",C010,
C010@S01.037,claim,C010,"Scope: rolling-element bearings under approximately steady conditions; no claim of transfer to gearboxes, blades, other failure modes",Introduction,body,Introduction,The metric itself is failure-mode-agnostic: it applies wherever a run-to-failure trajectory and a stationary normal region exist.,C010,
C010@S37.005,claim,C010,"Scope: rolling-element bearings under approximately steady conditions; no claim of transfer to gearboxes, blades, other failure modes",Limitations and Threats to Validity,body,Limitations and Threats to Validity,"The datasets, while deliberately diverse, are all rolling-element bearings; we do not claim the result transfers to gearboxes, blades, or other failure modes without further testing.",C010,
C010@S37.036,claim,C010,"Scope: rolling-element bearings under approximately steady conditions; no claim of transfer to gearboxes, blades, other failure modes",Limitations and Threats to Validity,body,Limitations and Threats to Validity,"Two extensions would sharpen these conclusions most directly: run-to-failure campaigns on long-life bearings of the kind typical in industrial service, where the multi-week runway could express an aggregation effect that short laboratory bearings cannot; and a comparable effort on other bearing types and geometries, since the four inferential datasets used here are all rolling-element bearings under approximately steady speed and load, and the single real-asset record is one gas-turbine compressor bearing.",C010,
C011@S00.005,claim,C011,"Eleven detectors are evaluated (four SPC charts, Isolation Forest, three deep AEs, RMS trend, two one-class models)","Front matter: title, abstract, keywords",body,"Front matter: title, abstract, keywords","Eleven detectors (four statistical process control (SPC) charts, Isolation Forest, three deep reconstruction autoencoders, a root-mean-square (RMS) trend baseline, and two one-class models) are assessed under a controlled sampling sweep across four inferential run-to-failure datasets: XJTU-SY (n = 10), FEMTO/PRONOSTIA (n = 6), University of Ferrara (n = 6), and NASA IMS (n = 3).",C011,
C011@S23.002,claim,C011,"Eleven detectors are evaluated (four SPC charts, Isolation Forest, three deep AEs, RMS trend, two one-class models)",Generalization to XJTU-SY ($n=10$ bearings),body,Generalization to XJTU-SY ($n=10$ bearings),"Table 5 (XJTU-SY rows) shows that the IMS “aggregation helps” trend does not replicate: at the run level (collapsing factors, n = 10) the median difference is 0 h for ten of the eleven detectors (-0.10 h for Isolation Forest), the sign test is non-significant for all (p ≥ 0.18), and no direction is consistent across bearings.",C011,
C011@S24.007,claim,C011,"Eleven detectors are evaluated (four SPC charts, Isolation Forest, three deep AEs, RMS trend, two one-class models)",Generalization to FEMTO/PRONOSTIA ($n=6$ bearings),body,Generalization to FEMTO/PRONOSTIA ($n=6$ bearings),"Across all eleven evaluated detectors (every one runs on the full n = 6), 211/660 evaluations yield a valid alarm; as on XJTU, the short-lived bearings (∼1.4-7.8 h) keep absolute lead times small.",C011,
C011@S26.004,claim,C011,"Eleven detectors are evaluated (four SPC charts, Isolation Forest, three deep AEs, RMS trend, two one-class models)",Aggregate vs Decimate on IMS: a Positive but Inconsistent Median Shift,body,Aggregate vs Decimate on IMS: a Positive but Inconsistent Median Shift,Table 7 gives the run-level test over all eleven evaluated detectors.,C011,
C011@S34.007,claim,C011,"Eleven detectors are evaluated (four SPC charts, Isolation Forest, three deep AEs, RMS trend, two one-class models)",Why the IMS Trend Appears but Is Neutral Elsewhere,body,Why the IMS Trend Appears but Is Neutral Elsewhere,"The one real historian record in our study, an ONGC gas-turbine low-pressurecompressor bearing logged at a 10 s SCADA rate and ending in a genuine operator shutdown, has nine of its eleven detectors alarm 34-35 h ahead of the labeled failure (RMS-trend ∼23 h, and Deep SVDD not before failure at all), with an aggregate-vs-decimate difference of at most about a minute for every detector.",C011,
C011@S40.009,claim,C011,"Eleven detectors are evaluated (four SPC charts, Isolation Forest, three deep AEs, RMS trend, two one-class models)",Data and Code Availability,body,Data and Code Availability,"Released, so that the n = 1 case study can be repeated rather than merely inspected, are the derived files behind every ONGC number in this paper (all paths relative to results/tables/): the degradation health-indicator series in ongc_health_ indicator.csv, a single baseline-standardized scalar per 10 s timestamp aggregated over all four channels, with the run-level split, onset and failure markers in ongc_ onset_markers.csv—the published onset of 2023-1113 03:44 is recomputable from these two files alone, with no proprietary input, and the repository’s test suite asserts exactly that; per-detector lead time and pre-onset false-alarm rate, together with the full post-N-20 sampling sweep (both modes × five factors × eleven detectors, 110 rows), in n20_ rerun_long_ONGC.csv, with its aggregated and interval forms in benchmark_ONGC_aggregate_n20.csv and benchmark_ONGC_leadtime_ci_n20.csv; the per-detector median differences of Table 23 in n20_ongc_ minutes.csv; the paired-test outputs in benchmark_ ONGC_paired_test_n20.csv; the conformal calibration series behind Figure 4d in calibration_ONGC. csv and calibration_ONGC_pooled.csv; and the onset reruns under the two decoupled health indicators in rg3_rerun_long_ONGC_rms_kurt.csv and rg3_ rerun_long_ONGC_pca1.csv, both of which are the pre-N-20 arm, retained as provenance for the indicator comparison; no number reported here depends on them, and the aggregate-vs-decimate contrast is taken from the post-N-20 files named above.",C011,
C011@tab:imslead.cap01,claim,C011,"Eleven detectors are evaluated (four SPC charts, Isolation Forest, three deep AEs, RMS trend, two one-class models)",tab:imslead,caption,tab:imslead,"Table 2. † Detectors with no valid operating point under Ta the τ = 10% pre-onset-FAR budget (Table 13): their long im raw leads are achieved only by flooding the pre-onset re- Le gion with false alarms and are not usable warning time. ex IMS mean detection lead time (hours) at full resolution, all tw eleven evaluated detectors (the nine headline detectors plus sis Deep SVDD and the one-class SVM), mean with 95% boot- de strap CI (resampling n = 3 runs).",C011,
C011@tab:crossds.cap01,claim,C011,"Eleven detectors are evaluated (four SPC charts, Isolation Forest, three deep AEs, RMS trend, two one-class models)",tab:crossds,caption,tab:crossds,"Run-level sign test of aggregate vs decimate or lead time on the three multi-bearing datasets, collapsing the within-bearing sampling factors, for all eleven evaluated de- cl tectors.",C011,
C011@tab:equiv.cap01,claim,C011,"Eleven detectors are evaluated (four SPC charts, Isolation Forest, three deep AEs, RMS trend, two one-class models)",tab:equiv,caption,tab:equiv,"Equivalence of the run-level aggregate-decimate lead-time difference against a pre-specified margin δ = 1 h, on the three multi-bearing inferential campaigns for all eleven evaluated detectors.",C011,
C011@tab:gatedcontrast.cap01,claim,C011,"Eleven detectors are evaluated (four SPC charts, Isolation Forest, three deep AEs, RMS trend, two one-class models)",tab:gatedcontrast,caption,tab:gatedcontrast,"Aggregate-decimate contrast under the raw and the gated metric, on the post-N-20 reruns over all eleven detectors.",C011,
C012@S01.018,claim,C012,Nine headline detectors; Deep SVDD and one-class SVM additionally evaluated,Introduction,body,Introduction,"Under this metric we run a controlled sampling sweep that holds window content and alarm persistence constant, applied to nine detectors (four SPC charts, Isolation Forest, three deep reconstruction autoencoders, and an RMS-trend baseline; Deep SVDD, a deep support vector data description model, additionally evaluated) across four inferential run-to-failure datasets—XJTU-SY (n = 10), FEMTO/PRONOSTIA (n = 6), University of Ferrara (n = 6), and NASA IMS (n = 3), plus a real single-asset ONGC gas-turbine SCADA record analyzed as a case study (Appendix D.2)—with run-level significance tests (the run, not the within-run sampling factor, is the unit of inference) and Holm correction.",C012,
C012@S14.001,claim,C012,Nine headline detectors; Deep SVDD and one-class SVM additionally evaluated,Detectors,body,Detectors,"The headline set comprises nine detectors, evaluated under one fixed hyperparameter protocol: • RMS-trend (naive baseline): alarm when the mean-RMS exceeds kσ above its training baseline.",C012,
C012@S14.005,claim,C012,Nine headline detectors; Deep SVDD and one-class SVM additionally evaluated,Detectors,body,Detectors,Additionally evaluated (not in the headline nine).,C012,
C012@S14.007,claim,C012,Nine headline detectors; Deep SVDD and one-class SVM additionally evaluated,Detectors,body,Detectors,"Deep SVDD produced no valid alarm on any FEMTO bearing at any training fraction below T = 0.60, and a valid alarm on exactly one of the six bearings at T = 0.60 (Section 6.12); it is omitted from the headline set; its full numbers are retained, unchanged, in the result tables throughout (Tables 2, 5, 8, 12, 13, and 15; Figure 6).",C012,
C012@tab:imslead.cap01,claim,C012,Nine headline detectors; Deep SVDD and one-class SVM additionally evaluated,tab:imslead,caption,tab:imslead,"Table 2. † Detectors with no valid operating point under Ta the τ = 10% pre-onset-FAR budget (Table 13): their long im raw leads are achieved only by flooding the pre-onset re- Le gion with false alarms and are not usable warning time. ex IMS mean detection lead time (hours) at full resolution, all tw eleven evaluated detectors (the nine headline detectors plus sis Deep SVDD and the one-class SVM), mean with 95% boot- de strap CI (resampling n = 3 runs).",C012,
C013@S00.005,claim,C013,"Four inferential run-to-failure datasets: XJTU-SY n=10, FEMTO n=6, Ferrara n=6, IMS n=3","Front matter: title, abstract, keywords",body,"Front matter: title, abstract, keywords","Eleven detectors (four statistical process control (SPC) charts, Isolation Forest, three deep reconstruction autoencoders, a root-mean-square (RMS) trend baseline, and two one-class models) are assessed under a controlled sampling sweep across four inferential run-to-failure datasets: XJTU-SY (n = 10), FEMTO/PRONOSTIA (n = 6), University of Ferrara (n = 6), and NASA IMS (n = 3).",C013,
C013@S01.018,claim,C013,"Four inferential run-to-failure datasets: XJTU-SY n=10, FEMTO n=6, Ferrara n=6, IMS n=3",Introduction,body,Introduction,"Under this metric we run a controlled sampling sweep that holds window content and alarm persistence constant, applied to nine detectors (four SPC charts, Isolation Forest, three deep reconstruction autoencoders, and an RMS-trend baseline; Deep SVDD, a deep support vector data description model, additionally evaluated) across four inferential run-to-failure datasets—XJTU-SY (n = 10), FEMTO/PRONOSTIA (n = 6), University of Ferrara (n = 6), and NASA IMS (n = 3), plus a real single-asset ONGC gas-turbine SCADA record analyzed as a case study (Appendix D.2)—with run-level significance tests (the run, not the within-run sampling factor, is the unit of inference) and Holm correction.",C013,
C013@S01.031,claim,C013,"Four inferential run-to-failure datasets: XJTU-SY n=10, FEMTO n=6, Ferrara n=6, IMS n=3",Introduction,body,Introduction,"Across XJTU-SY (n = 10), FEMTO/PRONOSTIA (n = 6), University of Ferrara (n = 6), and NASA IMS (n = 3), with bootstrap confidence intervals and run-level significance tests treating the run, not the within-run sampling factor, as the unit of inference, SCADA-rate aggregation does not destroy lead time, and on IMS shows a positive median shift for most control charts though not consistently across runs.",C013,
C013@S08.001,claim,C013,"Four inferential run-to-failure datasets: XJTU-SY n=10, FEMTO n=6, Ferrara n=6, IMS n=3",Datasets,body,Datasets,"We use four inferential run-to-failure datasets spanning controlled-lab and cross-condition regimes, together with a single-asset real-historian case study (Table 1).",C013,
C013@S37.036,claim,C013,"Four inferential run-to-failure datasets: XJTU-SY n=10, FEMTO n=6, Ferrara n=6, IMS n=3",Limitations and Threats to Validity,body,Limitations and Threats to Validity,"Two extensions would sharpen these conclusions most directly: run-to-failure campaigns on long-life bearings of the kind typical in industrial service, where the multi-week runway could express an aggregation effect that short laboratory bearings cannot; and a comparable effort on other bearing types and geometries, since the four inferential datasets used here are all rolling-element bearings under approximately steady speed and load, and the single real-asset record is one gas-turbine compressor bearing.",C013,
C013@S38.002,claim,C013,"Four inferential run-to-failure datasets: XJTU-SY n=10, FEMTO n=6, Ferrara n=6, IMS n=3",Conclusion,body,Conclusion,"Across four inferential run-to-failure datasets (XJTU-SY n = 10, FEMTO/PRONOSTIA n = 6, University of Ferrara n = 6, and NASA IMS n = 3) together with a real single-asset turbine SCADA case study (Appendix D.2), coarse aggregation does not destroy lead time, and on IMS shows a positive median shift for most control charts that is not consistent across the three runs (not statistically significant at n = 3, and not surviving multiple-comparison correction across the N = 44 family).",C013,
C013@S40.006,claim,C013,"Four inferential run-to-failure datasets: XJTU-SY n=10, FEMTO n=6, Ferrara n=6, IMS n=3",Data and Code Availability,body,Data and Code Availability,"The IMS (NASA), XJTU-SY, and FEMTO/PRONOSTIA run-to-failure datasets are publicly available from their original providers; the repository ships the loaders and the derived per-bearing feature caches for all four inferential datasets— IMS, XJTU-SY, FEMTO/PRONOSTIA and University of Ferrara—so the sampling sweep, ablations, calibration and trade-off analyses can be rerun without re-downloading the raw archives.",C013,
C013@tab:datasets.cap03,claim,C013,"Four inferential run-to-failure datasets: XJTU-SY n=10, FEMTO n=6, Ferrara n=6, IMS n=3",tab:datasets,caption,tab:datasets,The four inferential datasets supply the run-level statistics; ONGC is a single-asset case study (Appendix D.2) and Paderborn is excluded.,C013,
C013@fig:crossdataset.cap04,claim,C013,"Four inferential run-to-failure datasets: XJTU-SY n=10, FEMTO n=6, Ferrara n=6, IMS n=3",fig:crossdataset,caption,fig:crossdataset,ONGC bars are hatched to mark the n = 1 descriptive case study as separate from the four inferential datasets.,C013,
C014@S00.007,claim,C014,ONGC is a single-asset n=1 case study from which no inference is drawn and which is excluded from the family,"Front matter: title, abstract, keywords",body,"Front matter: title, abstract, keywords","We state the crossdataset conclusion as a bounded equivalence rather than an accepted null: against a pre-specified ±1 h operational margin—the resolution at which the result is actionable, since a maintenance planner cannot act on sub-hour differences in warning time—the run-level aggregate-minus-decimate difference is equivalent to zero in all 33 dataset × detector cells on the three multi-bearing campaigns, while on IMS the intervals are too wide at n = 3 to decide in 9 of 11 cells and favour aggregation beyond the margin in the other 2, and the single-asset gas-turbine record of the Oil and Natural Gas Corporation (ONGC, n = 1) cannot be tested.",C014,
C014@S01.018,claim,C014,ONGC is a single-asset n=1 case study from which no inference is drawn and which is excluded from the family,Introduction,body,Introduction,"Under this metric we run a controlled sampling sweep that holds window content and alarm persistence constant, applied to nine detectors (four SPC charts, Isolation Forest, three deep reconstruction autoencoders, and an RMS-trend baseline; Deep SVDD, a deep support vector data description model, additionally evaluated) across four inferential run-to-failure datasets—XJTU-SY (n = 10), FEMTO/PRONOSTIA (n = 6), University of Ferrara (n = 6), and NASA IMS (n = 3), plus a real single-asset ONGC gas-turbine SCADA record analyzed as a case study (Appendix D.2)—with run-level significance tests (the run, not the within-run sampling factor, is the unit of inference) and Holm correction.",C014,
C014@S01.020,claim,C014,ONGC is a single-asset n=1 case study from which no inference is drawn and which is excluded from the family,Introduction,body,Introduction,"On the large multi-bearing sets (XJTU-SY, FEMTO, Ferrara) the difference is negligible; on IMS the median shift is positive for most magnitude detectors but not consistent in direction across the three runs (not significant at n = 3); the single-asset turbine record agrees (case study, Appendix D.2).",C014,
C014@S08.001,claim,C014,ONGC is a single-asset n=1 case study from which no inference is drawn and which is excluded from the family,Datasets,body,Datasets,"We use four inferential run-to-failure datasets spanning controlled-lab and cross-condition regimes, together with a single-asset real-historian case study (Table 1).",C014,
C014@S08.002,claim,C014,ONGC is a single-asset n=1 case study from which no inference is drawn and which is excluded from the family,Datasets,body,Datasets,"They were chosen so that the central sampling claim is tested under genuinely different conditions: a high-rate rawwaveform rig where aggregation can be simulated faithfully (IMS), two multi-bearing campaigns (XJTU-SY and FEMTO/PRONOSTIA) that supply the statistical power a three-run rig cannot, a second modern constant-condition rig (Ferrara), and—as a case study only—a real historian stream that already is SCADA-rate data (ONGC, Appendix D.2).",C014,
C014@S15.012,claim,C014,ONGC is a single-asset n=1 case study from which no inference is drawn and which is excluded from the family,Conformal Calibration,body,Conformal Calibration,"On the real ONGC historian stream the single-asset calibration tracks the diagonal much more closely (empirical FAR 0.016, 0.030, 0.096 at α = 0.01, 0.02, 0.05), sitting a modest 1.5-2× above the target—consistent with a genuine, mostly-stationary operating record whose normal region only mildly violates exchangeability.",C014,
C014@S18.006,claim,C014,ONGC is a single-asset n=1 case study from which no inference is drawn and which is excluded from the family,Statistical Protocol,body,Statistical Protocol,"We therefore collapse each run to a single difference, the mean of (aggregate - decimate) over factors, giving one observation per run: n = 3 on IMS, n = 10 on XJTU-SY, and n = 1 on ONGC (a single asset, for which we report descriptive differences only and draw no inference).",C014,
C014@S18.013,claim,C014,ONGC is a single-asset n=1 case study from which no inference is drawn and which is excluded from the family,Statistical Protocol,body,Statistical Protocol,"Across the detec- tor × dataset family of aggregate-vs-decimate tests (ONGC excluded, n = 1) we control the family-wise error rate with the Holm-Bonferroni step-down procedure at α = 0.05, stat- ing the family size N and the uncorrected FWER = 1 - (1 - α)N alongside.",C014,
C014@S27.001,claim,C014,ONGC is a single-asset n=1 case study from which no inference is drawn and which is excluded from the family,Multiple-Comparison Correction,body,Multiple-Comparison Correction,"The aggregate-vs-decimate question is asked once per detector on each inferential dataset, so the family of hypotheses is the 11 × 4 = 44 detector × dataset tests over IMS, XJTUSY, FEMTO, and Ferrara (ONGC, n = 1, is excluded).",C014,
C014@S31.019,claim,C014,ONGC is a single-asset n=1 case study from which no inference is drawn and which is excluded from the family,Minimum Training Data for Deep Anomaly Detectors,body,Minimum Training Data for Deep Anomaly Detectors,"The closest publicly available single-bearing example is the KAIST bearing with a ∼43-hour lifecycle (n = 1, insufficient for inference as noted in Section 8).",C014,
C014@S34.006,claim,C014,ONGC is a single-asset n=1 case study from which no inference is drawn and which is excluded from the family,Why the IMS Trend Appears but Is Neutral Elsewhere,body,Why the IMS Trend Appears but Is Neutral Elsewhere,The single-asset turbine case study.,C014,
C014@S34.008,claim,C014,ONGC is a single-asset n=1 case study from which no inference is drawn and which is excluded from the family,Why the IMS Trend Appears but Is Neutral Elsewhere,body,Why the IMS Trend Appears but Is Neutral Elsewhere,Because it is a single asset (n = 1) we draw no inference from it and exclude it from the inferential family; we report it in full as a case study in Appendix D.2.,C014,
C014@S37.004,claim,C014,ONGC is a single-asset n=1 case study from which no inference is drawn and which is excluded from the family,Limitations and Threats to Validity,body,Limitations and Threats to Validity,"ONGC is a single asset (n = 1), reported as a descriptive case study with no inference (Table 23).",C014,
C014@S37.031,claim,C014,ONGC is a single-asset n=1 case study from which no inference is drawn and which is excluded from the family,Limitations and Threats to Validity,body,Limitations and Threats to Validity,"Long-runway bearing datasets with multiple runs are rare in the public domain; the closest available single- bearing example is a KAIST bearing with a ∼43-hour lifecy- cle (n = 1, insufficient for inference).",C014,
C014@S38.002,claim,C014,ONGC is a single-asset n=1 case study from which no inference is drawn and which is excluded from the family,Conclusion,body,Conclusion,"Across four inferential run-to-failure datasets (XJTU-SY n = 10, FEMTO/PRONOSTIA n = 6, University of Ferrara n = 6, and NASA IMS n = 3) together with a real single-asset turbine SCADA case study (Appendix D.2), coarse aggregation does not destroy lead time, and on IMS shows a positive median shift for most control charts that is not consistent across the three runs (not statistically significant at n = 3, and not surviving multiple-comparison correction across the N = 44 family).",C014,
C014@S39.001,claim,C014,ONGC is a single-asset n=1 case study from which no inference is drawn and which is excluded from the family,Acknowledgments,body,Acknowledgments,The author thanks the operators and data engineers at ONGC who collected and maintained the gas-turbine SCADA record used in the single-asset case study.,C014,
C014@S40.009,claim,C014,ONGC is a single-asset n=1 case study from which no inference is drawn and which is excluded from the family,Data and Code Availability,body,Data and Code Availability,"Released, so that the n = 1 case study can be repeated rather than merely inspected, are the derived files behind every ONGC number in this paper (all paths relative to results/tables/): the degradation health-indicator series in ongc_health_ indicator.csv, a single baseline-standardized scalar per 10 s timestamp aggregated over all four channels, with the run-level split, onset and failure markers in ongc_ onset_markers.csv—the published onset of 2023-1113 03:44 is recomputable from these two files alone, with no proprietary input, and the repository’s test suite asserts exactly that; per-detector lead time and pre-onset false-alarm rate, together with the full post-N-20 sampling sweep (both modes × five factors × eleven detectors, 110 rows), in n20_ rerun_long_ONGC.csv, with its aggregated and interval forms in benchmark_ONGC_aggregate_n20.csv and benchmark_ONGC_leadtime_ci_n20.csv; the per-detector median differences of Table 23 in n20_ongc_ minutes.csv; the paired-test outputs in benchmark_ ONGC_paired_test_n20.csv; the conformal calibration series behind Figure 4d in calibration_ONGC. csv and calibration_ONGC_pooled.csv; and the onset reruns under the two decoupled health indicators in rg3_rerun_long_ONGC_rms_kurt.csv and rg3_ rerun_long_ONGC_pca1.csv, both of which are the pre-N-20 arm, retained as provenance for the indicator comparison; no number reported here depends on them, and the aggregate-vs-decimate contrast is taken from the post-N-20 files named above.",C014,
C014@S47.006,claim,C014,ONGC is a single-asset n=1 case study from which no inference is drawn and which is excluded from the family,D.2 Single-Asset ONGC Case Study,body,D.2 Single-Asset ONGC Case Study,"Because ONGC is a single asset (n = 1), we treat it as a descriptive case study and draw no statistical inference from it.",C014,
C014@tab:datasets.cap03,claim,C014,ONGC is a single-asset n=1 case study from which no inference is drawn and which is excluded from the family,tab:datasets,caption,tab:datasets,The four inferential datasets supply the run-level statistics; ONGC is a single-asset case study (Appendix D.2) and Paderborn is excluded.,C014,
C014@tab:equiv.cap05,claim,C014,ONGC is a single-asset n=1 case study from which no inference is drawn and which is excluded from the family,tab:equiv,caption,tab:equiv,"IMS is equivalent in no cell at n = 3, its intervals being too wide to decide, and ONGC is untestable at n = 1; neither enters this family.",C014,
C014@fig:crossdataset.cap01,claim,C014,ONGC is a single-asset n=1 case study from which no inference is drawn and which is excluded from the family,fig:crossdataset,caption,fig:crossdataset,"Median run-level lead-time difference (aggregate - decimate) per dataset and detector, annotated with the unit of inference (n = 3 IMS, n = 10 XJTU, n = 6 FEMTO, n = 6 Ferrara), plus the n = 1 ONGC case study (Appendix D.2).",C014,
C014@fig:crossdataset.cap04,claim,C014,ONGC is a single-asset n=1 case study from which no inference is drawn and which is excluded from the family,fig:crossdataset,caption,fig:crossdataset,ONGC bars are hatched to mark the n = 1 descriptive case study as separate from the four inferential datasets.,C014,
C014@tab:holm.cap01,claim,C014,ONGC is a single-asset n=1 case study from which no inference is drawn and which is excluded from the family,tab:holm,caption,tab:holm,"Holm-Bonferroni correction across the N = 44 Ta detector × dataset family (IMS n = 3, XJTU-SY n = 10, th FEMTO n = 6, University of Ferrara n = 6; ONGC, n = 1, te is excluded).",C014,
C014@fig:conformal.cap05,claim,C014,ONGC is a single-asset n=1 case study from which no inference is drawn and which is excluded from the family,fig:conformal,caption,fig:conformal,"(d) ONGC turbine (n = 1 case study, Appendix D.2): the real historian stream tracks the diagonal closely, a modest 1.5-2× above target, consistent with a mostly-stationary normal region.",C014,
C014@tab:ongc.cap01,claim,C014,ONGC is a single-asset n=1 case study from which no inference is drawn and which is excluded from the family,tab:ongc,caption,tab:ongc,"ONGC real-turbine SCADA (single-asset case study, n = 1; no statistical inference): descriptive aggregate - decimate lead-time difference, median over the five sampling factors.",C014,
C015@S08.019,claim,C015,XJTU-SY is the primary inferential dataset; IMS is retained for raw-waveform access and the mechanism analysis,Datasets,body,Datasets,"XJTU-SY (n = 10) is our primary inferential dataset; IMS (n = 3) is retained for its raw-waveform access, which permits the faithful aggregate/decimate simulation and the mechanism analysis (Appendix D.1).",C015,
C015@S20.001,claim,C015,XJTU-SY is the primary inferential dataset; IMS is retained for raw-waveform access and the mechanism analysis,Results,body,Results,We present IMS first for its raw-waveform access and the mechanism analysis it permits; XJTU-SY (n = 10) is the primary inferential test.,C015,
C016@S08.011,claim,C016,"Paderborn is excluded: pre-damaged bearings, no degradation timeline or failure event",Datasets,body,Datasets,"We deliberately exclude the Paderborn dataset (Lessmeier, Kimotho, Zimmer, & Sextro, 2016) from the lead-time study: it comprises pre-damaged bearings measured at fixed operating conditions for fault classification, with no degradation timeline and no failure event, so it cannot test a lead-time or sampling claim.",C016,
C016@tab:datasets.cap03,claim,C016,"Paderborn is excluded: pre-damaged bearings, no degradation timeline or failure event",tab:datasets,caption,tab:datasets,The four inferential datasets supply the run-level statistics; ONGC is a single-asset case study (Appendix D.2) and Paderborn is excluded.,C016,
C017@S04.005,claim,C017,"FEMTO: only the six Learning_set bearings are used, because Test/Validation copies are truncated mid-life",Anomaly Detectors and Control Charts,body,Anomaly Detectors and Control Charts,"The FEMTO/PRONOSTIA and XJTU-SY campaigns are best known through the IEEE PHM 2012 challenge and subsequent remaining-useful-life (RUL) studies (Wang, Lei, Li, & Li, 2020; Nectoux et al., 2012), whose leading methods report a RUL-error score on the deliberately truncated Test/Validation copies of the bearings.",C017,
C017@S08.008,claim,C017,"FEMTO: only the six Learning_set bearings are used, because Test/Validation copies are truncated mid-life",Datasets,body,Datasets,"The FEMTO/PRONOSTIA platform (Nectoux et al., 2012) contributes an independent run-tofailure campaign: six Learning_set bearings under three operating conditions, with horizontal and vertical accelerometers sampled in 0.1 s snapshots at 25.6 kHz once every 10 s.",C017,
C017@S08.009,claim,C017,"FEMTO: only the six Learning_set bearings are used, because Test/Validation copies are truncated mid-life",Datasets,body,Datasets,"We use only the six Learning_set bearings because they are run until the platform’s 20 g vibration stop—a failure, and hence a lead time, is actually observed—whereas the Test_set/Validation_set copies are deliberately truncated mid-life for the IEEE PHM 2012 RUL-prediction challenge and would make lead time undefined.",C017,
C017@S24.001,claim,C017,"FEMTO: only the six Learning_set bearings are used, because Test/Validation copies are truncated mid-life",Generalization to FEMTO/PRONOSTIA ($n=6$ bearings),body,Generalization to FEMTO/PRONOSTIA ($n=6$ bearings),"The six FEMTO Learning_set bearings provide a second, fully independent multi-bearing test, and—unlike XJTU, where most bearings are too short to form a length-30 sequence—all six are long enough that every detector, including the four deep reconstruction models, runs on the full n = 6.",C017,
C018@S08.014,claim,C018,"Ferrara: six bearings, constant speed/load, single channel duplicated into two slots, 2024 rig",Datasets,body,Datasets,"The University of Ferrara dataset (Arpa, Gabrielli, & Battarra, 2024) contributes a fully independent run-to-failure campaign: six self-aligning double-row ball bearings under constant speed and radial load, with continuous uniaxial vibration recorded at 25.6 kHz throughout each bearing’s entire lifecycle (five-second snapshots, contiguous).",C018,
C018@S08.017,claim,C018,"Ferrara: six bearings, constant speed/load, single channel duplicated into two slots, 2024 rig",Datasets,body,Datasets,The single accelerometer channel is duplicated into the two channel slots so the channel-invariant feature schema applies unchanged.,C018,
C018@S08.018,claim,C018,"Ferrara: six bearings, constant speed/load, single channel duplicated into two slots, 2024 rig",Datasets,body,Datasets,"The dataset is included to further test the non-destruction hypothesis with an independent 2024 rig; like FEMTO and XJTU-SY, its short bearing lifetimes mean this campaign cannot confirm or deny the IMS positive trend.",C018,
C018@S25.001,claim,C018,"Ferrara: six bearings, constant speed/load, single channel duplicated into two slots, 2024 rig",Generalization to University of Ferrara ($n=6$ bearings),body,Generalization to University of Ferrara ($n=6$ bearings),"The University of Ferrara campaign (Arpa et al., 2024) adds a fifth, fully independent run-to-failure dataset and a second constant-condition multi-bearing rig beyond FEMTO.",C018,
C018@S25.003,claim,C018,"Ferrara: six bearings, constant speed/load, single channel duplicated into two slots, 2024 rig",Generalization to University of Ferrara ($n=6$ bearings),body,Generalization to University of Ferrara ($n=6$ bearings),"Like the other short-lived campaigns, Ferrara’s 0.7-6.8 h lifetimes mean it cannot confirm or deny the IMS positive trend; what it does add is a second independent replication on a modern (2024) rig.",C018,
C019@S00.009,claim,C019,"Short bearing lifetimes (XJTU 52-533 min, FEMTO ~1.4-7.8 h, Ferrara 0.7-6.8 h) keep absolute lead times small","Front matter: title, abstract, keywords",body,"Front matter: title, abstract, keywords","The campaigns that supply this statistical power are short-lived bearings, on which an effect of the magnitude IMS shows could not have appeared, so the cross-dataset null bounds the effect at the scale of minutes rather than hours.",C019,
C019@S00.010,claim,C019,"Short bearing lifetimes (XJTU 52-533 min, FEMTO ~1.4-7.8 h, Ferrara 0.7-6.8 h) keep absolute lead times small","Front matter: title, abstract, keywords",body,"Front matter: title, abstract, keywords","On the short-lived bearings tested, deep reconstruction models do not overtake the control charts at any training fraction in [0.20, 0.60]; whether a crossover exists on long-runway assets is left open.",C019,
C019@S01.033,claim,C019,"Short bearing lifetimes (XJTU 52-533 min, FEMTO ~1.4-7.8 h, Ferrara 0.7-6.8 h) keep absolute lead times small",Introduction,body,Introduction,"Validation: wiring and empirical validation of a conformal detector for distribution-free false-alarm control, a lead-time-vs-false-alarm trade-off analysis, feature-group and spectral ablations that localize the prognostic signal to time-domain statistics on IMS, and a characterization of deep reconstruction models (an LSTM autoencoder, a temporal convolutional network autoencoder (TCN-AE), and a transformer anomaly detector) showing they do not become competitive with SPC charts within the tested training-fraction range [0.20, 0.60] on short-lived bearings; whether a crossover exists on long-runway assets remains open (Section 6.12).",C019,
C019@S08.007,claim,C019,"Short bearing lifetimes (XJTU 52-533 min, FEMTO ~1.4-7.8 h, Ferrara 0.7-6.8 h) keep absolute lead times small",Datasets,body,Datasets,"With n = 10 it provides the strongest generalization test in this study; its published lifetimes range widely (52-533 min), which deliberately stresses the metric with both long-degrading and abrupt-failure bearings.",C019,
C019@S08.010,claim,C019,"Short bearing lifetimes (XJTU 52-533 min, FEMTO ~1.4-7.8 h, Ferrara 0.7-6.8 h) keep absolute lead times small",Datasets,body,Datasets,Lifetimes span ∼1.4-7.8 h.,C019,
C019@S08.015,claim,C019,"Short bearing lifetimes (XJTU 52-533 min, FEMTO ~1.4-7.8 h, Ferrara 0.7-6.8 h) keep absolute lead times small",Datasets,body,Datasets,"Lifetimes span 0.7-6.8 h, similar to FEMTO.",C019,
C019@S15.010,claim,C019,"Short bearing lifetimes (XJTU 52-533 min, FEMTO ~1.4-7.8 h, Ferrara 0.7-6.8 h) keep absolute lead times small",Conformal Calibration,body,Conformal Calibration,"On FEMTO, no bearing honors the bound at α = 0.05 (empirical pre-onset FAR 0.08-0.56; pooled 0.27), because the short 1.4-7.8 h lifetimes leave a pre-onset region that is neither long nor stationary—the same reason the short XJTU bearings and IMS test 1 fail.",C019,
C019@S22.009,claim,C019,"Short bearing lifetimes (XJTU 52-533 min, FEMTO ~1.4-7.8 h, Ferrara 0.7-6.8 h) keep absolute lead times small",Sensitivity of the Onset Definition,body,Sensitivity of the Onset Definition,"Two exceptions: XJTU Bearing1_2 fires at only one of the three k values, and FEMTO Bearing1_1 has the widest spread (8.9 points)—both short-lived bearings the per-bearing analysis already flags as hard.",C019,
C019@S23.004,claim,C019,"Short bearing lifetimes (XJTU 52-533 min, FEMTO ~1.4-7.8 h, Ferrara 0.7-6.8 h) keep absolute lead times small",Generalization to XJTU-SY ($n=10$ bearings),body,Generalization to XJTU-SY ($n=10$ bearings),"Lead times are short in absolute terms (0-3.5 h) because XJTU bearings are short-lived (52-533 min); over the five window-magnitude detectors (the three SPC charts 3σ/EWMA/Hotelling, Isolation Forest, and the RMS-trend floor, the same five tallied per bearing in Table 9), 209/450 evaluations yield a valid alarm, with marked heterogeneity: the shortest-lived and the abruptfailure bearings are hard or impossible to warn on under any mechanism.",C019,
C019@S24.007,claim,C019,"Short bearing lifetimes (XJTU 52-533 min, FEMTO ~1.4-7.8 h, Ferrara 0.7-6.8 h) keep absolute lead times small",Generalization to FEMTO/PRONOSTIA ($n=6$ bearings),body,Generalization to FEMTO/PRONOSTIA ($n=6$ bearings),"Across all eleven evaluated detectors (every one runs on the full n = 6), 211/660 evaluations yield a valid alarm; as on XJTU, the short-lived bearings (∼1.4-7.8 h) keep absolute lead times small.",C019,
C019@S25.003,claim,C019,"Short bearing lifetimes (XJTU 52-533 min, FEMTO ~1.4-7.8 h, Ferrara 0.7-6.8 h) keep absolute lead times small",Generalization to University of Ferrara ($n=6$ bearings),body,Generalization to University of Ferrara ($n=6$ bearings),"Like the other short-lived campaigns, Ferrara’s 0.7-6.8 h lifetimes mean it cannot confirm or deny the IMS positive trend; what it does add is a second independent replication on a modern (2024) rig.",C019,
C019@S31.013,claim,C019,"Short bearing lifetimes (XJTU 52-533 min, FEMTO ~1.4-7.8 h, Ferrara 0.7-6.8 h) keep absolute lead times small",Minimum Training Data for Deep Anomaly Detectors,body,Minimum Training Data for Deep Anomaly Detectors,"The failure mode is the same as on IMS test 1: Deep SVDD fires very late in the run, because its threshold requires substantial encoder-distance growth from the trained center before alarming, so on short FEMTO bearings (1.4-7.8 h) the first alarm arrives after or coincident with failure on all six bearings at every training fraction below T = 0.60, and on five of the six at T = 0.60.",C019,
C019@S34.004,claim,C019,"Short bearing lifetimes (XJTU 52-533 min, FEMTO ~1.4-7.8 h, Ferrara 0.7-6.8 h) keep absolute lead times small",Why the IMS Trend Appears but Is Neutral Elsewhere,body,Why the IMS Trend Appears but Is Neutral Elsewhere,"On ONGC the data is already smoothed at the 10 s historian rate, so further aggregation adds little; on XJTU the bearings are short-lived and many fail abruptly, so there is little quiet runway over which averaging could help.",C019,
C019@S37.007,claim,C019,"Short bearing lifetimes (XJTU 52-533 min, FEMTO ~1.4-7.8 h, Ferrara 0.7-6.8 h) keep absolute lead times small",Limitations and Threats to Validity,body,Limitations and Threats to Validity,"The three campaigns that supply statistical power—XJTU-SY, FEMTO/PRONOSTIA and University of Ferrara—comprise bearings whose total lifetimes span roughly 0.7 to 8.9 h, so an aggregation effect of the magnitude observed on IMS (a run-level median of +15.1 h for the 3σ chart) could not have been observed on them even if it were present.",C019,
C019@S38.004,claim,C019,"Short bearing lifetimes (XJTU 52-533 min, FEMTO ~1.4-7.8 h, Ferrara 0.7-6.8 h) keep absolute lead times small",Conclusion,body,Conclusion,"That null is bounded by the scale of the evidence: the three campaigns supplying the statistical power comprise bearings of 0.7-8.9 h total life, on which an aggregation effect of the magnitude seen on IMS could not have been observed, so the cross-dataset result bounds the effect at the scale of minutes and the multi-week runway remains untested.",C019,
C019@S38.005,claim,C019,"Short bearing lifetimes (XJTU 52-533 min, FEMTO ~1.4-7.8 h, Ferrara 0.7-6.8 h) keep absolute lead times small",Conclusion,body,Conclusion,"On the short-lived bearings tested, the deep reconstruction models do not overtake the control charts at any training fraction in [0.20, 0.60]; whether a crossover exists on long-runway assets is left open.",C019,
C019@fig:conformal.cap04,claim,C019,"Short bearing lifetimes (XJTU 52-533 min, FEMTO ~1.4-7.8 h, Ferrara 0.7-6.8 h) keep absolute lead times small",fig:conformal,caption,fig:conformal,"(c) FEMTO/PRONOSTIA: no bearing honors the bound at α = 0.05, because the short, non-stationary pre-onset regions of these 1.4-7.8 h bearings cannot support it.",C019,
C019@fig:tradeoffs.cap03,claim,C019,"Short bearing lifetimes (XJTU 52-533 min, FEMTO ~1.4-7.8 h, Ferrara 0.7-6.8 h) keep absolute lead times small",fig:tradeoffs,caption,fig:tradeoffs,"(b) The ten XJTU-SY bearings: the same qualitative shape at the shorter absolute lead times these short-lived bearings permit, showing that the operating-point selection generalizes.",C019,
C020@S08.017,claim,C020,A 49-dimensional channel-invariant feature schema replaces the channel-count-dependent 445/1465-feature scheme (p >> n),Datasets,body,Datasets,The single accelerometer channel is duplicated into the two channel slots so the channel-invariant feature schema applies unchanged.,C020,
C020@S11.002,claim,C020,A 49-dimensional channel-invariant feature schema replaces the channel-count-dependent 445/1465-feature scheme (p >> n),Channel-Invariant Feature Schema,body,Channel-Invariant Feature Schema,"A naive feature scheme that concatenates per-channel statistics and all cross-channel pairs is channel-count dependent and ill-posed: it produces 445 features for a 4-channel run and 1465 for an 8-channel run, against only ∼100 training snapshots, i.e. p ≫ n.",C020,
C020@S11.005,claim,C020,A 49-dimensional channel-invariant feature schema replaces the channel-count-dependent 445/1465-feature scheme (p >> n),Channel-Invariant Feature Schema,body,Channel-Invariant Feature Schema,This yields a fixed 49-dimensional space that is identical across 4and 8-channel assets and directly comparable across datasets.,C020,
C020@S33.004,claim,C020,A 49-dimensional channel-invariant feature schema replaces the channel-count-dependent 445/1465-feature scheme (p >> n),What Changed the Story,body,What Changed the Story,"Third, a p < n, channel-invariant feature space removes the ill-posedness of a channel-countdependent scheme.",C020,
C020@S42.002,claim,C020,A 49-dimensional channel-invariant feature schema replaces the channel-count-dependent 445/1465-feature scheme (p >> n),Appendix A: Reproducibility Settings,body,Appendix A: Reproducibility Settings,"Table 18 gives the architectures and training protocol of the four deep models, transcribed from the same source, with trainable parameter counts measured at the 49-dimensional invariant feature width.",C020,
C020@tab:compute.cap01,claim,C020,A 49-dimensional channel-invariant feature schema replaces the channel-count-dependent 445/1465-feature scheme (p >> n),tab:compute,caption,tab:compute,"Per-detector compute cost on the largest IMS run (631 train / 506 test windows, 49-dimensional invariant features, one core of an Intel Core i5-13420H, median of five repeats).",C020,
C020@tab:deeparch.cap03,claim,C020,A 49-dimensional channel-invariant feature schema replaces the channel-count-dependent 445/1465-feature scheme (p >> n),tab:deeparch,caption,tab:deeparch,Parameter counts are measured at the 49-dimensional invariant feature width (Appendix B).,C020,
C020@tab:basestats.cap01,claim,C020,A 49-dimensional channel-invariant feature schema replaces the channel-count-dependent 445/1465-feature scheme (p >> n),tab:basestats,caption,tab:basestats,The six per-snapshot base statistics from which the 49-dim invariant space is built.,C020,
C020@tab:d17label.cap04,claim,C020,A 49-dimensional channel-invariant feature schema replaces the channel-count-dependent 445/1465-feature scheme (p >> n),tab:d17label,caption,tab:d17label,Both arms are computed on the 49-dimensional invariant feature schema so that the contrast isolates the label alone.,C020,
C021@S11.006,claim,C021,Train-fit variance top-k selection (k <= 50) guarantees p < n; all scaling fit on the training split only,Channel-Invariant Feature Schema,body,Channel-Invariant Feature Schema,A train-fit variance top-k selection (k ≤ 50) then guarantees p < n.,C021,
C021@S11.007,claim,C021,Train-fit variance top-k selection (k <= 50) guarantees p < n; all scaling fit on the training split only,Channel-Invariant Feature Schema,body,Channel-Invariant Feature Schema,"All scaling is fit on the training split only, so no test-region statistic leaks into the features.",C021,
C021@S33.004,claim,C021,Train-fit variance top-k selection (k <= 50) guarantees p < n; all scaling fit on the training split only,What Changed the Story,body,What Changed the Story,"Third, a p < n, channel-invariant feature space removes the ill-posedness of a channel-countdependent scheme.",C021,
C021@S43.003,claim,C021,Train-fit variance top-k selection (k <= 50) guarantees p < n; all scaling fit on the training split only,Appendix B: The 49-Dimensional Invariant Feature Space,body,Appendix B: The 49-Dimensional Invariant Feature Space,"A train-fit variance top-k selection (k ≤ 50) keeps p < n, and every statistic is fit on the training split only, so no test-region information leaks into the features.",C021,
C022@S12.005,claim,C022,"Onset: health indicator max(z RMS, z kurt), band mu_b + k sigma_b with k=4, start of the last sustained excursion",Leakage-Free Degradation Onset,body,Leakage-Free Degradation Onset,"With band β = µb + kσb (default k = 4), the onset is the start of the last sustained excursion above β before failure, to = min{ t ∈ Rlast : h(t) > β }, (2) where Rlast is the final run of consecutive above-band samples, merging gaps shorter than a tolerance and requiring a minimum persistence.",C022,
C022@S12.006,claim,C022,"Onset: health indicator max(z RMS, z kurt), band mu_b + k sigma_b with k=4, start of the last sustained excursion",Leakage-Free Degradation Onset,body,Leakage-Free Degradation Onset,"Using the last sustained excursion makes the onset robust to early run-in transients and to the single trailing machine-off sample, both of which can otherwise spuriously mark an early onset.",C022,
C022@S12.008,claim,C022,"Onset: health indicator max(z RMS, z kurt), band mu_b + k sigma_b with k=4, start of the last sustained excursion",Leakage-Free Degradation Onset,body,Leakage-Free Degradation Onset,Algorithm 1 Leakage-free terminal degradation onset The terminal-excursion rule has a predictable bias.,C022,
C022@S12.009,claim,C022,"Onset: health indicator max(z RMS, z kurt), band mu_b + k sigma_b with k=4, start of the last sustained excursion",Leakage-Free Degradation Onset,body,Leakage-Free Degradation Onset,"The onset fires at the first sample of the last sustained excursion above the band β = µb + kσb, so for a degradation ramp of slope m the estimator is late by approximately kσb/m, with a standard deviation of order σb/m.",C022,
C023@S01.017,claim,C023,The onset is leakage-free: baseline statistics use only data up to the train boundary,Introduction,body,Introduction,We make lead time gated by a leakage-free falsealarm rate the primary metric—warning time counts only when the pre-onset false-alarm rate is within budget—so that the degenerate latch-on detector is provably scored invalid rather than winning.,C023,
C023@S01.024,claim,C023,The onset is leakage-free: baseline statistics use only data up to the train boundary,Introduction,body,Introduction,"Warning time is credited only when the false-alarm rate over a data-anchored, leakage-free pre-onset region is within a stated budget.",C023,
C023@S12.004,claim,C023,The onset is leakage-free: baseline statistics use only data up to the train boundary,Leakage-Free Degradation Onset,body,Leakage-Free Degradation Onset,"The default indicator is the element-wise maximum of two baseline-standardized trends—the mean-RMS trend and the mean-kurtosis trend— so that it responds to whichever degradation mode (amplitude growth or impulsiveness) appears first: ( ) h(t) = max zb[RMS](t), zb[kurt](t) , (1) where the baseline mean µb and standard deviation σb used in the z-score zb[·] are estimated only on data up to the train boundary tb, so to cannot see the test region.",C023,
C023@S12.008,claim,C023,The onset is leakage-free: baseline statistics use only data up to the train boundary,Leakage-Free Degradation Onset,body,Leakage-Free Degradation Onset,Algorithm 1 Leakage-free terminal degradation onset The terminal-excursion rule has a predictable bias.,C023,
C023@S19.003,claim,C023,The onset is leakage-free: baseline statistics use only data up to the train boundary,Experimental Setup,body,Experimental Setup,"The released environment is pinned to the exact package versions that produced the numbers reported here, and a test suite (168 tests) asserts the metric’s ungameability properties, the leakage-free onset, and the conformal factory.",C023,
C023@S37.017,claim,C023,The onset is leakage-free: baseline statistics use only data up to the train boundary,Limitations and Threats to Validity,body,Limitations and Threats to Validity,"The onset definition, although leakage-free and stable to its threshold multiplier across k ∈ {3, 4, 5} (Table 3), is not the ground-truth defect-initiation time, which is unobservable in these datasets.",C023,
C023@S40.001,claim,C023,The onset is leakage-free: baseline statistics use only data up to the train boundary,Data and Code Availability,body,Data and Code Availability,"All code—detectors, the leakage-free onset, the gated metric, the sampling sweep, the conformal wrapper, the run-level statistical harness, and the noise/denoiser mechanism test—is released with a pinned environment (requirements.lock.txt, Python 3.13) and a test suite that asserts the metric’s resistance to the latch-on exploit, the leakage-free onset, and the run-level sign-test/Holm machinery.",C023,
C023@fig:health.cap02,claim,C023,The onset is leakage-free: baseline statistics use only data up to the train boundary,fig:health,caption,fig:health,Health-indicator trajectory for IMS Bearing test 2 with the leakage-free degradation onset and failure markers.,C023,
C023@fig:health.cap03,claim,C023,The onset is leakage-free: baseline statistics use only data up to the train boundary,fig:health,caption,fig:health,"The baseline mean and standard deviation use only the shaded m un training region, so the onset cannot see the test data. on",C023,
C024@S12.008,claim,C024,Onset-estimator bias ~k sigma_b/m with spread ~sigma_b/m; persistence does not enter the bias,Leakage-Free Degradation Onset,body,Leakage-Free Degradation Onset,Algorithm 1 Leakage-free terminal degradation onset The terminal-excursion rule has a predictable bias.,C024,G1
C024@S12.009,claim,C024,Onset-estimator bias ~k sigma_b/m with spread ~sigma_b/m; persistence does not enter the bias,Leakage-Free Degradation Onset,body,Leakage-Free Degradation Onset,"The onset fires at the first sample of the last sustained excursion above the band β = µb + kσb, so for a degradation ramp of slope m the estimator is late by approximately kσb/m, with a standard deviation of order σb/m.",C024,G1
C024@S12.010,claim,C024,Onset-estimator bias ~k sigma_b/m with spread ~sigma_b/m; persistence does not enter the bias,Leakage-Free Degradation Onset,body,Leakage-Free Degradation Onset,"The persistence requirement P does not enter this bias: Algorithm 1 returns min Rlast, the start of the qualifying run, so P governs which excursions are admitted rather than delaying the timestamp reported for an admitted one.",C024,G1
C024@S12.011,claim,C024,Onset-estimator bias ~k sigma_b/m with spread ~sigma_b/m; persistence does not enter the bias,Leakage-Free Degradation Onset,body,Leakage-Free Degradation Onset,"Both bias and spread scale inversely with the ramp slope: the estimator is near-unbiased and stable under abrupt degradation, where the delay falls to the sampling interval ∆t alone, and systematically late and more variable under gradual degradation.",C024,G1
C025@S12.013,claim,C025,"Persistence 5 / gap 10 samples are fixed in samples, not physical time; ~12% of the shortest XJTU bearing's life",Leakage-Free Degradation Onset,body,Leakage-Free Degradation Onset,"The persistence (5 samples) and gap (10 samples) tolerances of Algorithm 1 are fixed in samples of the health-indicator series, not physical time, and are held constant across datasets.",C025,
C025@S12.014,claim,C025,"Persistence 5 / gap 10 samples are fixed in samples, not physical time; ~12% of the shortest XJTU bearing's life",Leakage-Free Degradation Onset,body,Leakage-Free Degradation Onset,"The datasets are logged at different native intervals (∼10 min per snapshot for IMS after resampling to a uniform grid, 1 min for XJTU-SY, and 10 s for FEMTO and ONGC), so the same 5/10-sample bars correspond to ∼50/100 min on IMS, 5/10 min on XJTU, and 50/100 s on FEMTO/ONGC.",C025,
C025@S12.015,claim,C025,"Persistence 5 / gap 10 samples are fixed in samples, not physical time; ~12% of the shortest XJTU bearing's life",Leakage-Free Degradation Onset,body,Leakage-Free Degradation Onset,"This keeps the onset rule algorithmically identical everywhere at the price of exact physical-time comparability; the difference is negligible for long records but non-trivial for the shortest bearings: XJTU Bearing2_4 (42 min total life) must clear a ∼5-minute persistence bar, roughly 12% of its lifetime, so onset positions on the very shortest bearings carry this caveat.",C025,
C025@tab:hyperparams.cap02,claim,C025,"Persistence 5 / gap 10 samples are fixed in samples, not physical time; ~12% of the shortest XJTU bearing's life",tab:hyperparams,caption,tab:hyperparams,The onset persistence/gap tolerances are in samples of the health-indicator series.,C025,
C026@S12.016,claim,C026,Onset positions on bearings with lifetime below 2 h are treated as fragile and flagged,Leakage-Free Degradation Onset,body,Leakage-Free Degradation Onset,Caveat: onset positions on bearings with total lifetime below 2 h are treated as fragile throughout; per-bearing results in Tables 5 and 9 flag these cases explicitly rather than silently discarding them.,C026,
C027@S13.004,claim,C027,"Lead time L, pre-onset FAR and the validity conjunction L>0 and FAR_pre <= tau, with tau = 0.10 throughout",Onset-Relative Lead-Time Metric,body,Onset-Relative Lead-Time Metric,"An alarm is valid if and only if L > 0 ∧ FARpre ≤ τ, (5) with budget τ = 0.10 throughout.",C027,
C028@S13.005,claim,C028,An empty pre-onset region makes FAR_pre undefined; the alarm is excluded from the validity denominator,Onset-Relative Lead-Time Metric,body,Onset-Relative Lead-Time Metric,"Where the pre-onset region is empty—the onset estimator places to at or before the first scored window—FARpre is undefined, so the alarm cannot be gated and is excluded from the validity denominator rather than counted as valid.",C028,
C029@S14.009,claim,C029,Deep sequence models are data-starved: 20-335 normal training windows (median 88) against 2.0-5.5 x 10^4 parameters,Detectors,body,Detectors,"The deep sequence models carry a caveat: across bearings and training fractions these runs furnish between 20 and 335 normal training windows, with a median of 88 at the default split, so the models are data-starved.",C029,F3/G4
C029@S31.014,claim,C029,Deep sequence models are data-starved: 20-335 normal training windows (median 88) against 2.0-5.5 x 10^4 parameters,Minimum Training Data for Deep Anomaly Detectors,body,Minimum Training Data for Deep Anomaly Detectors,"This is a bearing-lifetime constraint, not a training-data constraint: the model is not data-starved in the usual sense but structurally unable to alarm early enough on runs this short.",C029,F3/G4
C029@S31.017,claim,C029,Deep sequence models are data-starved: 20-335 normal training windows (median 88) against 2.0-5.5 x 10^4 parameters,Minimum Training Data for Deep Anomaly Detectors,body,Minimum Training Data for Deep Anomaly Detectors,"This is a statement about a data regime, not about the architectures: across bearings and training fractions these runs furnish between 20 and 335 normal training windows, whereas the models carry 2.0-5.5 × 104 parameters, so the comparison is made where the deep models are structurally disadvantaged.",C029,F3/G4
C030@S14.012,claim,C030,"Runs too short to form a sequence are recorded as explicit N/A, not silently dropped",Detectors,body,Detectors,"On runs with fewer feature windows than the sequence length (short XJTU bearings, some coarse IMS factors) a sequence cannot be formed; we record that (run, detector) cell as an explicit N/A rather than dropping it silently.",C030,
C030@S31.003,claim,C030,"Runs too short to form a sequence are recorded as explicit N/A, not silently dropped",Minimum Training Data for Deep Anomaly Detectors,body,Minimum Training Data for Deep Anomaly Detectors,"At T = 0.20 the shortest bearing (Bearing3_1) forms only 20 training windows, fewer than the 30 a sequence requires, so LSTM-AE, TCN-AE and Transformer-AD are recorded there as explicit N/A rather than as misses, following the convention of Section 4.5.",C030,
C031@S04.003,claim,C031,"One fixed hyperparameter protocol, no per-dataset or per-condition tuning",Anomaly Detectors and Control Charts,body,Anomaly Detectors and Control Charts,"We evaluate representatives of both the classical and learning families under a single, fixed hyperparameter protocol so that the comparison is about the evaluation and the sampling question, not about detector tuning.",C031,
C031@S14.001,claim,C031,"One fixed hyperparameter protocol, no per-dataset or per-condition tuning",Detectors,body,Detectors,"The headline set comprises nine detectors, evaluated under one fixed hyperparameter protocol: • RMS-trend (naive baseline): alarm when the mean-RMS exceeds kσ above its training baseline.",C031,
C031@S14.011,claim,C031,"One fixed hyperparameter protocol, no per-dataset or per-condition tuning",Detectors,body,Detectors,"We do not tune them per-dataset, the same fixed-protocol fairness applied to the SPC charts.",C031,
C031@S18.014,claim,C031,"One fixed hyperparameter protocol, no per-dataset or per-condition tuning",Statistical Protocol,body,Statistical Protocol,"We use a single fixed hyperparameter proto- col throughout to avoid optimistic, per-condition tuning bias.",C031,
C031@S37.021,claim,C031,"One fixed hyperparameter protocol, no per-dataset or per-condition tuning",Limitations and Threats to Validity,body,Limitations and Threats to Validity,"We use a single fixed hyperparameter protocol throughout to avoid optimistic per-condition tuning, and we expose threshold sensitivity through the full trade-off sweep (Table 13) rather than reporting a single hand-picked operating point.",C031,
C031@S42.003,claim,C031,"One fixed hyperparameter protocol, no per-dataset or per-condition tuning",Appendix A: Reproducibility Settings,body,Appendix A: Reproducibility Settings,"A single protocol is applied to every detector, dataset, run, and sampling factor—no per-condition tuning.",C031,
C031@tab:hyperparams.cap01,claim,C031,"One fixed hyperparameter protocol, no per-dataset or per-condition tuning",tab:hyperparams,caption,tab:hyperparams,Fixed hyperparameter protocol (from config.py).,C031,
C031@tab:deeparch.cap02,claim,C031,"One fixed hyperparameter protocol, no per-dataset or per-condition tuning",tab:deeparch,caption,tab:deeparch,All four are trained with Adam at a fixed learning rate with no per-dataset tuning and no early stopping: every model runs its full epoch budget.,C031,
C032@S01.033,claim,C032,"Conformal IF: FAR <= alpha under exchangeability; the guarantee is validated empirically, not assumed",Introduction,body,Introduction,"Validation: wiring and empirical validation of a conformal detector for distribution-free false-alarm control, a lead-time-vs-false-alarm trade-off analysis, feature-group and spectral ablations that localize the prognostic signal to time-domain statistics on IMS, and a characterization of deep reconstruction models (an LSTM autoencoder, a temporal convolutional network autoencoder (TCN-AE), and a transformer anomaly detector) showing they do not become competitive with SPC charts within the tested training-fraction range [0.20, 0.60] on short-lived bearings; whether a crossover exists on long-runway assets remains open (Section 6.12).",C032,
C032@S05.001,claim,C032,"Conformal IF: FAR <= alpha under exchangeability; the guarantee is validated empirically, not assumed",Uncertainty Quantification and Conformal Prediction,body,Uncertainty Quantification and Conformal Prediction,"Conformal prediction (Vovk, Gammerman, & Shafer, 2005; Laxhammar & Falkman, 2014) provides a distribution-free guarantee that the false-alarm rate is bounded by a target α under exchangeability.",C032,
C032@S05.003,claim,C032,"Conformal IF: FAR <= alpha under exchangeability; the guarantee is validated empirically, not assumed",Uncertainty Quantification and Conformal Prediction,body,Uncertainty Quantification and Conformal Prediction,"We wire conformal calibration into the lead-time pipeline and, rather than assuming the guarantee, test it empirically across runs— including a run where exchangeability provably fails because the “normal” region already contains degradation.",C032,
C032@S15.002,claim,C032,"Conformal IF: FAR <= alpha under exchangeability; the guarantee is validated empirically, not assumed",Conformal Calibration,body,Conformal Calibration,"The distribution-free guarantee FAR ≤ α holds on test 2 (0% through α = 0.10) and is essentially satisfied on test 3 (0.9% at α = 0.01, 4.4% at α = 0.05, so it holds through α = 0.05, while slightly exceeding the bound at α = 0.10, where the empirical FAR is 13%).",C032,
C032@S15.003,claim,C032,"Conformal IF: FAR <= alpha under exchangeability; the guarantee is validated empirically, not assumed",Conformal Calibration,body,Conformal Calibration,"It is violated on test 1 for a principled reason that Table 3 already foretold: that run’s onset fires only ∼12 h before failure, so its “pre-onset” region spans almost the whole record and already contains degradation; exchangeability between the calibration and “normal” scores therefore fails, and the empirical FAR sits at 0.74-0.85 regardless of α.",C032,
C032@S15.012,claim,C032,"Conformal IF: FAR <= alpha under exchangeability; the guarantee is validated empirically, not assumed",Conformal Calibration,body,Conformal Calibration,"On the real ONGC historian stream the single-asset calibration tracks the diagonal much more closely (empirical FAR 0.016, 0.030, 0.096 at α = 0.01, 0.02, 0.05), sitting a modest 1.5-2× above the target—consistent with a genuine, mostly-stationary operating record whose normal region only mildly violates exchangeability.",C032,
C032@S36.003,claim,C032,"Conformal IF: FAR <= alpha under exchangeability; the guarantee is validated empirically, not assumed",Practical Implications,body,Practical Implications,"The conformal results add a usable, distribution-free false-alarm guarantee wherever the normal region is genuinely stationary, and the trade-off curve turns the gated metric into an operating-point selector for a stated false-alarm budget.",C032,
C032@S37.018,claim,C032,"Conformal IF: FAR <= alpha under exchangeability; the guarantee is validated empirically, not assumed",Limitations and Threats to Validity,body,Limitations and Threats to Validity,"A late onset—as on IMS test 1, where degradation and failure are nearly coincident—inflates the pre-onset region, can mark a genuine early detection invalid, and breaks the conformal exchangeability assumption (Table 11).",C032,
C032@S38.007,claim,C032,"Conformal IF: FAR <= alpha under exchangeability; the guarantee is validated empirically, not assumed",Conclusion,body,Conclusion,"Future work will learn the degradation onset jointly with the detector so that the metric’s anchor is independent of a hand-set health indicator (closing the circularity noted in Section 8), and extend the conformal guarantee to the non-exchangeable early-degradation regime in which it currently fails.",C032,
C033@S01.018,claim,C033,"Controlled sweep over f in {1,2,5,10,20} holds window content and alarm persistence constant",Introduction,body,Introduction,"Under this metric we run a controlled sampling sweep that holds window content and alarm persistence constant, applied to nine detectors (four SPC charts, Isolation Forest, three deep reconstruction autoencoders, and an RMS-trend baseline; Deep SVDD, a deep support vector data description model, additionally evaluated) across four inferential run-to-failure datasets—XJTU-SY (n = 10), FEMTO/PRONOSTIA (n = 6), University of Ferrara (n = 6), and NASA IMS (n = 3), plus a real single-asset ONGC gas-turbine SCADA record analyzed as a case study (Appendix D.2)—with run-level significance tests (the run, not the within-run sampling factor, is the unit of inference) and Holm correction.",C033,
C033@S01.029,claim,C033,"Controlled sweep over f in {1,2,5,10,20} holds window content and alarm persistence constant",Introduction,body,Introduction,"A controlled SCADA-sampling methodology that holds window content and alarm persistence constant, so that any lead-time difference between the historian’s aggregate mechanism and simple decimation reflects genuine information loss rather than a window-counting artifact of coarser time grids. 4.",C033,
C033@S16.003,claim,C033,"Controlled sweep over f in {1,2,5,10,20} holds window content and alarm persistence constant",SCADA Sampling Sweep,body,SCADA Sampling Sweep,Our controlled sweep holds window content and alarm persistence constant so that only the effective logging interval varies.,C033,
C033@S17.003,claim,C033,"Controlled sweep over f in {1,2,5,10,20} holds window content and alarm persistence constant",At What Level Coarsening Is Applied,body,At What Level Coarsening Is Applied,"On IMS the sweep coarsens the windowed feature vectors, after rolling-window summarisation, which holds window content and alarm persistence constant as the effective logging interval varies.",C033,
C033@S37.022,claim,C033,"Controlled sweep over f in {1,2,5,10,20} holds window content and alarm persistence constant",Limitations and Threats to Validity,body,Limitations and Threats to Validity,The controlled sampling sweep holds window content and persistence constant so that the aggregate-vs-decimate contrast isolates information loss; the few-windows regime at the largest coarsening factor is annotated rather than hidden.,C033,
C033@S46.002,claim,C033,"Controlled sweep over f in {1,2,5,10,20} holds window content and alarm persistence constant",D.1 Generic Smoothing vs.\ Historian Averaging,body,D.1 Generic Smoothing vs.\ Historian Averaging,"If that is the mechanism, two predictions follow, and we test both directly on IMS (controlling window content at sampling factor 5 so only the smoothing differs).",C033,
C034@S01.039,claim,C034,"Coarsening acts on per-snapshot summary statistics / windowed features, never on the raw waveform; not a test of raw-signal averaging",Introduction,body,Introduction,Our working hypothesis was that bin-averaging the stored summary series would wash out incipient-fault excursions and shorten lead time.,C034,D6/F4
C034@S08.004,claim,C034,"Coarsening acts on per-snapshot summary statistics / windowed features, never on the raw waveform; not a test of raw-signal averaging",Datasets,body,Datasets,"Because the waveforms are raw, frequency-domain features (spectral kurtosis, envelope) are meaningful; the coarsening sweep itself acts on the windowed feature vectors, not on the waveform (Section 4.8).",C034,D6/F4
C034@S17.002,claim,C034,"Coarsening acts on per-snapshot summary statistics / windowed features, never on the raw waveform; not a test of raw-signal averaging",At What Level Coarsening Is Applied,body,At What Level Coarsening Is Applied,"On no dataset is the raw waveform coarsened: every loader reduces each snapshot to per-channel time-domain statistics at ingest, so the sweep operates on summary series throughout.",C034,D6/F4
C034@S17.005,claim,C034,"Coarsening acts on per-snapshot summary statistics / windowed features, never on the raw waveform; not a test of raw-signal averaging",At What Level Coarsening Is Applied,body,At What Level Coarsening Is Applied,"This is the operation a historian performs—historians store summary statistics, not waveforms—and it is the operation our claim concerns.",C034,D6/F4
C034@S17.006,claim,C034,"Coarsening acts on per-snapshot summary statistics / windowed features, never on the raw waveform; not a test of raw-signal averaging",At What Level Coarsening Is Applied,body,At What Level Coarsening Is Applied,It is not a test of raw-signal averaging.,C034,D6/F4
C035@S01.018,claim,C035,The run is the unit of inference; within-run factors are pseudoreplicates; one difference per run,Introduction,body,Introduction,"Under this metric we run a controlled sampling sweep that holds window content and alarm persistence constant, applied to nine detectors (four SPC charts, Isolation Forest, three deep reconstruction autoencoders, and an RMS-trend baseline; Deep SVDD, a deep support vector data description model, additionally evaluated) across four inferential run-to-failure datasets—XJTU-SY (n = 10), FEMTO/PRONOSTIA (n = 6), University of Ferrara (n = 6), and NASA IMS (n = 3), plus a real single-asset ONGC gas-turbine SCADA record analyzed as a case study (Appendix D.2)—with run-level significance tests (the run, not the within-run sampling factor, is the unit of inference) and Holm correction.",C035,
C035@S01.031,claim,C035,The run is the unit of inference; within-run factors are pseudoreplicates; one difference per run,Introduction,body,Introduction,"Across XJTU-SY (n = 10), FEMTO/PRONOSTIA (n = 6), University of Ferrara (n = 6), and NASA IMS (n = 3), with bootstrap confidence intervals and run-level significance tests treating the run, not the within-run sampling factor, as the unit of inference, SCADA-rate aggregation does not destroy lead time, and on IMS shows a positive median shift for most control charts though not consistently across runs.",C035,
C035@S18.002,claim,C035,The run is the unit of inference; within-run factors are pseudoreplicates; one difference per run,Statistical Protocol,body,Statistical Protocol,"Confidence intervals are obtained by bootstrapping runs, which are the unit of generalization (resampling seeds would understate uncertainty).",C035,
C035@S18.003,claim,C035,The run is the unit of inference; within-run factors are pseudoreplicates; one difference per run,Statistical Protocol,body,Statistical Protocol,The run is the unit of inference.,C035,
C035@S18.004,claim,C035,The run is the unit of inference; within-run factors are pseudoreplicates; one difference per run,Statistical Protocol,body,Statistical Protocol,"A single physical bearing run produces one degradation trajectory; the five coarsening factors we apply to that run (f ∈ {1, 2, 5, 10, 20}) are not independent observations but repeated transformations of the same trajectory—statistical pseudoreplicates.",C035,
C035@S26.005,claim,C035,The run is the unit of inference; within-run factors are pseudoreplicates; one difference per run,Aggregate vs Decimate on IMS: a Positive but Inconsistent Median Shift,body,Aggregate vs Decimate on IMS: a Positive but Inconsistent Median Shift,"Honoring the run as the unit of inference (Section 4.9), the magnitude-monitoring detectors show a positive median difference, but only two are signconsistent: CUSUM (per-run +4.2, +4.7, +4.3 h; median +4.3) and Hotelling T 2 (+1.0, +1.2, +81.7; median +1.2). 3σ (+25.8, +15.1, -1.0; median +15.1), Isolation Forest (-0.7, +16.9, +3.4; median +3.4) and EWMA (-3.9, +4.3, +2.1; median +2.1) each have one negative run, and Deep SVDD is positive in one run and tied in two (+8.9, 0.0, 0.0).",C035,
C035@S33.005,claim,C035,The run is the unit of inference; within-run factors are pseudoreplicates; one difference per run,What Changed the Story,body,What Changed the Story,"Fourth, a statistical test on the genuine unit of inference—the run, not the within-run sampling factor—replaces an eyeballed curve and a pseudoreplicated paired test.",C035,
C035@S37.025,claim,C035,The run is the unit of inference; within-run factors are pseudoreplicates; one difference per run,Limitations and Threats to Validity,body,Limitations and Threats to Validity,"Crucially, the five sampling factors applied within a run are pseudoreplicates of one degradation trajectory, not in- dependent observations: an earlier pooled 15-pair Wilcoxon test treated them as independent and thereby overstated sig- nificance.",C035,
C035@S46.005,claim,C035,The run is the unit of inference; within-run factors are pseudoreplicates; one difference per run,D.1 Generic Smoothing vs.\ Historian Averaging,body,D.1 Generic Smoothing vs.\ Historian Averaging,"To avoid the pseudoreplication we corrected in the main analysis, we collapse the four magnitude-monitoring SPC charts to one mean difference per run and treat the run as the unit of inference (n = 3 per level).",C035,
C035@fig:crossdataset.cap01,claim,C035,The run is the unit of inference; within-run factors are pseudoreplicates; one difference per run,fig:crossdataset,caption,fig:crossdataset,"Median run-level lead-time difference (aggregate - decimate) per dataset and detector, annotated with the unit of inference (n = 3 IMS, n = 10 XJTU, n = 6 FEMTO, n = 6 Ferrara), plus the n = 1 ONGC case study (Appendix D.2).",C035,
C036@S18.007,claim,C036,Exact two-sided sign test; mixed-effects model deliberately not used,Statistical Protocol,body,Statistical Protocol,"On the resulting run-level differences we apply an exact two- sided sign test (binomial, H0 : P (aggregate > decimate) = 1 2 ).",C036,
C036@S18.008,claim,C036,Exact two-sided sign test; mixed-effects model deliberately not used,Statistical Protocol,body,Statistical Protocol,"The sign test is assumption-light and the conservative choice at small n: it uses only the direction of each run’s dif- ference, making no normality or symmetry assumption that n = 3 could not support.",C036,
C036@S18.009,claim,C036,Exact two-sided sign test; mixed-effects model deliberately not used,Statistical Protocol,body,Statistical Protocol,A parametric mixed-effects model with three random-effect levels would be over-fit and is de- liberately not used.,C036,
C036@S23.002,claim,C036,Exact two-sided sign test; mixed-effects model deliberately not used,Generalization to XJTU-SY ($n=10$ bearings),body,Generalization to XJTU-SY ($n=10$ bearings),"Table 5 (XJTU-SY rows) shows that the IMS “aggregation helps” trend does not replicate: at the run level (collapsing factors, n = 10) the median difference is 0 h for ten of the eleven detectors (-0.10 h for Isolation Forest), the sign test is non-significant for all (p ≥ 0.18), and no direction is consistent across bearings.",C036,
C036@S26.008,claim,C036,Exact two-sided sign test; mixed-effects model deliberately not used,Aggregate vs Decimate on IMS: a Positive but Inconsistent Median Shift,body,Aggregate vs Decimate on IMS: a Positive but Inconsistent Median Shift,"The direction is therefore a positive median for the chart/distance detectors, but not a consistent one—aggregation shortens the lead time of 3σ, EWMA and Isolation Forest on one run each—and with only n = 3 independent runs the exact sign test cannot fall below p = 0.25, a floor that only CUSUM and Hotelling T 2 reach (Section 4.9); nothing is statistically significant or survives Holm correction.",C036,
C036@S37.026,claim,C036,Exact two-sided sign test; mixed-effects model deliberately not used,Limitations and Threats to Validity,body,Limitations and Threats to Validity,"We collapse to one difference per run and apply an exact sign test, which at n = 3 cannot fall below p = 0.25; after Holm correction across the forty-four-test family nothing is significant (Table 8).",C036,
C036@S37.028,claim,C036,Exact two-sided sign test; mixed-effects model deliberately not used,Limitations and Threats to Validity,body,Limitations and Threats to Validity,"A parametric mixed-effects model is not used: with three random-effect levels it would be over-fit, and the assumption-light sign test is the defensible choice at this sample size.",C036,
C036@S37.029,claim,C036,Exact two-sided sign test; mixed-effects model deliberately not used,Limitations and Threats to Validity,body,Limitations and Threats to Validity,The minimum- dataset requirement follows directly from the test itself: the exact sign test we use cannot reach significance until at least six runs are sign-concordant (2( 1 2 )6 = 0.031).,C036,
C036@S44.021,claim,C036,Exact two-sided sign test; mixed-effects model deliberately not used,Appendix C: IMS Test-3 Relabeling Justification,body,Appendix C: IMS Test-3 Relabeling Justification,"The exact two-sided sign test floors at p = 0.25, 0.50 and 1.00 at those three sample sizes respectively, so under the original label six of the ten detectors could not have reached α = 0.05 at any effect size whatsoever.",C036,
C036@S46.009,claim,C036,Exact two-sided sign test; mixed-effects model deliberately not used,D.1 Generic Smoothing vs.\ Historian Averaging,body,D.1 Generic Smoothing vs.\ Historian Averaging,"At n = 3 this is a directional trend, not a significant effect (the exact sign test floors at p = 0.25, and at 30 dB the per-run signs are mixed).",C036,
C036@tab:crossds.cap01,claim,C036,Exact two-sided sign test; mixed-effects model deliberately not used,tab:crossds,caption,tab:crossds,"Run-level sign test of aggregate vs decimate or lead time on the three multi-bearing datasets, collapsing the within-bearing sampling factors, for all eleven evaluated de- cl tectors.",C036,
C036@tab:imssweep.cap02,claim,C036,Exact two-sided sign test; mixed-effects model deliberately not used,tab:imssweep,caption,tab:imssweep,The exact two-sided sign test floors at de p = 0.25 at n = 3.,C036,
C036@tab:d17label.cap02,claim,C036,Exact two-sided sign test; mixed-effects model deliberately not used,tab:d17label,caption,tab:d17label,"Run differences are (1st_test, 2nd_test, 3rd_test) in hours, collapsing the five within-run sampling factors to one mean difference per run (Section 4.9). n+/n-/0 counts positive, negative and exactly-zero runs; zero-difference runs are excluded from the sign test, so neff is the effective sample size under the original label.",C036,
C037@S18.011,claim,C037,At n=3 the exact sign test floors at p = 0.25,Statistical Protocol,body,Statistical Protocol,"We report this floor explicitly so that the IMS direction is read as a trend, not a significant effect.",C037,
C037@S23.004,claim,C037,At n=3 the exact sign test floors at p = 0.25,Generalization to XJTU-SY ($n=10$ bearings),body,Generalization to XJTU-SY ($n=10$ bearings),"Lead times are short in absolute terms (0-3.5 h) because XJTU bearings are short-lived (52-533 min); over the five window-magnitude detectors (the three SPC charts 3σ/EWMA/Hotelling, Isolation Forest, and the RMS-trend floor, the same five tallied per bearing in Table 9), 209/450 evaluations yield a valid alarm, with marked heterogeneity: the shortest-lived and the abruptfailure bearings are hard or impossible to warn on under any mechanism.",C037,
C037@S26.008,claim,C037,At n=3 the exact sign test floors at p = 0.25,Aggregate vs Decimate on IMS: a Positive but Inconsistent Median Shift,body,Aggregate vs Decimate on IMS: a Positive but Inconsistent Median Shift,"The direction is therefore a positive median for the chart/distance detectors, but not a consistent one—aggregation shortens the lead time of 3σ, EWMA and Isolation Forest on one run each—and with only n = 3 independent runs the exact sign test cannot fall below p = 0.25, a floor that only CUSUM and Hotelling T 2 reach (Section 4.9); nothing is statistically significant or survives Holm correction.",C037,
C037@S28.016,claim,C037,At n=3 the exact sign test floors at p = 0.25,Lead-Time--vs--False-Alarm Trade-off,body,Lead-Time--vs--False-Alarm Trade-off,But at a strict τ = 0.05 no control chart qualifies at all—only Deep SVDD (14.8 h) and the RMS-trend floor (34.7 h) stay within a 5% budget—so an operator with a very low nuisancealarm tolerance should prefer the low-FAR Deep SVDD operating point over any chart.,C037,
C037@S35.006,claim,C037,At n=3 the exact sign test floors at p = 0.25,Why Aggregation Preserves What Decimation Loses,body,Why Aggregation Preserves What Decimation Loses,"The prediction that follows is about noise, not about detectors: the advantage of aggregation should grow as the noise floor rises.",C037,
C037@S35.014,claim,C037,At n=3 the exact sign test floors at p = 0.25,Why Aggregation Preserves What Decimation Loses,body,Why Aggregation Preserves What Decimation Loses,The argument states which descriptors degrade gracefully under aggregation and why the effect should track the noise floor; it does not predict the magnitude of the effect for any particular detector.,C037,
C037@S37.026,claim,C037,At n=3 the exact sign test floors at p = 0.25,Limitations and Threats to Validity,body,Limitations and Threats to Validity,"We collapse to one difference per run and apply an exact sign test, which at n = 3 cannot fall below p = 0.25; after Holm correction across the forty-four-test family nothing is significant (Table 8).",C037,
C037@S44.021,claim,C037,At n=3 the exact sign test floors at p = 0.25,Appendix C: IMS Test-3 Relabeling Justification,body,Appendix C: IMS Test-3 Relabeling Justification,"The exact two-sided sign test floors at p = 0.25, 0.50 and 1.00 at those three sample sizes respectively, so under the original label six of the ten detectors could not have reached α = 0.05 at any effect size whatsoever.",C037,
C037@S44.022,claim,C037,At n=3 the exact sign test floors at p = 0.25,Appendix C: IMS Test-3 Relabeling Justification,body,Appendix C: IMS Test-3 Relabeling Justification,"The four that retain neff = 3 floor at p = 0.25, which is itself already above α.",C037,
C037@S44.023,claim,C037,At n=3 the exact sign test floors at p = 0.25,Appendix C: IMS Test-3 Relabeling Justification,body,Appendix C: IMS Test-3 Relabeling Justification,"The same floor governs the corrected label, where every run is retained but n = 3 still bounds the attainable p at 0.25.",C037,
C037@S46.009,claim,C037,At n=3 the exact sign test floors at p = 0.25,D.1 Generic Smoothing vs.\ Historian Averaging,body,D.1 Generic Smoothing vs.\ Historian Averaging,"At n = 3 this is a directional trend, not a significant effect (the exact sign test floors at p = 0.25, and at 30 dB the per-run signs are mixed).",C037,
C037@tab:imssweep.cap02,claim,C037,At n=3 the exact sign test floors at p = 0.25,tab:imssweep,caption,tab:imssweep,The exact two-sided sign test floors at de p = 0.25 at n = 3.,C037,
C037@tab:d17label.cap03,claim,C037,At n=3 the exact sign test floors at p = 0.25,tab:d17label,caption,tab:d17label,“Floor” is the smallest two-sided exact sign-test p attainable at that neff.,C037,
C038@S18.012,claim,C038,Zero-difference runs are excluded from the sign-test count,Statistical Protocol,body,Statistical Protocol,Runs whose mean (aggregate - deci- mate) difference is exactly zero after factor-collapsing are ex- cluded from the sign-test count; the n+ and n- tallies in Ta- ble 5 count only non-zero-difference runs.,C038,
C038@S44.010,claim,C038,Zero-difference runs are excluded from the sign-test count,Appendix C: IMS Test-3 Relabeling Justification,body,Appendix C: IMS Test-3 Relabeling Justification,"Under the original label the third test is a guaranteed miss, so its aggregate and decimate lead times are both zero and the run’s collapsed difference is exactly 0.00 h; Section 4.9’s zero-difference rule then excludes that run from the sign-test tally, leaving 3σ at two positive and zero negative runs.",C038,
C038@S44.017,claim,C038,Zero-difference runs are excluded from the sign-test count,Appendix C: IMS Test-3 Relabeling Justification,body,Appendix C: IMS Test-3 Relabeling Justification,"The remaining four—Hotelling T 2, LSTM-AE, TCN-AE, and Transformer-AD—alarm early enough to precede even the earlier failure time, so they retain a positive lead in both modes and their third run survives the zero-difference exclusion.",C038,
C038@S44.019,claim,C038,Zero-difference runs are excluded from the sign-test count,Appendix C: IMS Test-3 Relabeling Justification,body,Appendix C: IMS Test-3 Relabeling Justification,"Because the zero-difference exclusion operates per detector, the original label does not simply reduce IMS to n = 2.",C038,
C038@tab:crossds.cap02,claim,C038,Zero-difference runs are excluded from the sign-test count,tab:crossds,caption,tab:crossds,"Med. ∆ is the run-level median difference (h); m n+/n- count only non-zero-difference runs; S-c. marks sign Th consistency (yes-: every non-zero run negative). ‡: the three a deep sequence models need a length-30 window sequence, he so their XJTU-SY tests are n = 3.",C038,
C038@tab:gatedcontrast.cap02,claim,C038,Zero-difference runs are excluded from the sign-test count,tab:gatedcontrast,caption,tab:gatedcontrast,“Med. ∆” is the median across detectors of each detector’s run-level median difference; n+/n-/0 counts detectors by the sign of that median; n¯eff is the mean effective sample size once zero-difference runs are dropped.,C038,
C038@tab:d17label.cap02,claim,C038,Zero-difference runs are excluded from the sign-test count,tab:d17label,caption,tab:d17label,"Run differences are (1st_test, 2nd_test, 3rd_test) in hours, collapsing the five within-run sampling factors to one mean difference per run (Section 4.9). n+/n-/0 counts positive, negative and exactly-zero runs; zero-difference runs are excluded from the sign test, so neff is the effective sample size under the original label.",C038,
C039@S00.006,claim,C039,Holm-Bonferroni across the N=44 family at alpha=0.05; uncorrected FWER ~0.90,"Front matter: title, abstract, keywords",body,"Front matter: title, abstract, keywords","On IMS the variance-sensitive charts show a positive median shift (3σ +15.1 h), but the direction is not consistent across the three runs and does not survive Holm correction across the N = 44 family (smallest adjusted p = 1.00).",C039,
C039@S01.018,claim,C039,Holm-Bonferroni across the N=44 family at alpha=0.05; uncorrected FWER ~0.90,Introduction,body,Introduction,"Under this metric we run a controlled sampling sweep that holds window content and alarm persistence constant, applied to nine detectors (four SPC charts, Isolation Forest, three deep reconstruction autoencoders, and an RMS-trend baseline; Deep SVDD, a deep support vector data description model, additionally evaluated) across four inferential run-to-failure datasets—XJTU-SY (n = 10), FEMTO/PRONOSTIA (n = 6), University of Ferrara (n = 6), and NASA IMS (n = 3), plus a real single-asset ONGC gas-turbine SCADA record analyzed as a case study (Appendix D.2)—with run-level significance tests (the run, not the within-run sampling factor, is the unit of inference) and Holm correction.",C039,
C039@S01.032,claim,C039,Holm-Bonferroni across the N=44 family at alpha=0.05; uncorrected FWER ~0.90,Introduction,body,Introduction,No dataset × detector cell shows decimation superior beyond a ±1 h operational margin (the cells that favour decimation at all do so by less than that margin) (Section 6.4); nothing survives Holm correction across the N = 44 family. 5.,C039,
C039@S18.013,claim,C039,Holm-Bonferroni across the N=44 family at alpha=0.05; uncorrected FWER ~0.90,Statistical Protocol,body,Statistical Protocol,"Across the detec- tor × dataset family of aggregate-vs-decimate tests (ONGC excluded, n = 1) we control the family-wise error rate with the Holm-Bonferroni step-down procedure at α = 0.05, stat- ing the family size N and the uncorrected FWER = 1 - (1 - α)N alongside.",C039,
C039@S24.002,claim,C039,Holm-Bonferroni across the N=44 family at alpha=0.05; uncorrected FWER ~0.90,Generalization to FEMTO/PRONOSTIA ($n=6$ bearings),body,Generalization to FEMTO/PRONOSTIA ($n=6$ bearings),"Table 5 (FEMTO rows) shows the same verdict as XJTU: at the run level the median aggregate-decimate difference is within ±9 min for every detector, only LSTM-AE and Transformer-AD are sign-consistent, both negative (0/3 and 0/4 non-zero runs), and the smallest sign-test p is 0.125 (Transformer-AD, raw)—which does not survive the Holm correction across the family (Table 8).",C039,
C039@S26.008,claim,C039,Holm-Bonferroni across the N=44 family at alpha=0.05; uncorrected FWER ~0.90,Aggregate vs Decimate on IMS: a Positive but Inconsistent Median Shift,body,Aggregate vs Decimate on IMS: a Positive but Inconsistent Median Shift,"The direction is therefore a positive median for the chart/distance detectors, but not a consistent one—aggregation shortens the lead time of 3σ, EWMA and Isolation Forest on one run each—and with only n = 3 independent runs the exact sign test cannot fall below p = 0.25, a floor that only CUSUM and Hotelling T 2 reach (Section 4.9); nothing is statistically significant or survives Holm correction.",C039,
C039@S27.001,claim,C039,Holm-Bonferroni across the N=44 family at alpha=0.05; uncorrected FWER ~0.90,Multiple-Comparison Correction,body,Multiple-Comparison Correction,"The aggregate-vs-decimate question is asked once per detector on each inferential dataset, so the family of hypotheses is the 11 × 4 = 44 detector × dataset tests over IMS, XJTUSY, FEMTO, and Ferrara (ONGC, n = 1, is excluded).",C039,
C039@S27.002,claim,C039,Holm-Bonferroni across the N=44 family at alpha=0.05; uncorrected FWER ~0.90,Multiple-Comparison Correction,body,Multiple-Comparison Correction,"The uncorrected family-wise error rate at α = 0.05 is 1 - (1 - 0.05)44 ≈ 0.90, which is exactly why a correction is required.",C039,
C039@S27.003,claim,C039,Holm-Bonferroni across the N=44 family at alpha=0.05; uncorrected FWER ~0.90,Multiple-Comparison Correction,body,Multiple-Comparison Correction,We apply Holm-Bonferroni to the forty-four run-level signtest p-values (Table 8).,C039,
C039@S27.004,claim,C039,Holm-Bonferroni across the N=44 family at alpha=0.05; uncorrected FWER ~0.90,Multiple-Comparison Correction,body,Multiple-Comparison Correction,"No hypothesis survives (0 of 44): the smallest raw p-value is 0.125 (Transformer-AD on FEMTO), and after Holm correction across the N = 44 family its adjusted p is 1.00, still far above α.",C039,
C039@S27.009,claim,C039,Holm-Bonferroni across the N=44 family at alpha=0.05; uncorrected FWER ~0.90,Multiple-Comparison Correction,body,Multiple-Comparison Correction,"Because every uncorrected p in the family already exceeds 0.1, this heterogeneity does not change any rejection decision; we flag it so the N = 44 count is not read as forty-four equallypowered tests.",C039,
C039@S27.019,claim,C039,Holm-Bonferroni across the N=44 family at alpha=0.05; uncorrected FWER ~0.90,Multiple-Comparison Correction,body,Multiple-Comparison Correction,"The answer does not change: on every inferential dataset the median run-level difference is at most a few thousandths of an hour under either metric, no detector is sign-consistent enough to reach significance, and no hypothesis survives Holm correction across the N = 44 family under either metric.",C039,
C039@S37.026,claim,C039,Holm-Bonferroni across the N=44 family at alpha=0.05; uncorrected FWER ~0.90,Limitations and Threats to Validity,body,Limitations and Threats to Validity,"We collapse to one difference per run and apply an exact sign test, which at n = 3 cannot fall below p = 0.25; after Holm correction across the forty-four-test family nothing is significant (Table 8).",C039,
C039@S38.002,claim,C039,Holm-Bonferroni across the N=44 family at alpha=0.05; uncorrected FWER ~0.90,Conclusion,body,Conclusion,"Across four inferential run-to-failure datasets (XJTU-SY n = 10, FEMTO/PRONOSTIA n = 6, University of Ferrara n = 6, and NASA IMS n = 3) together with a real single-asset turbine SCADA case study (Appendix D.2), coarse aggregation does not destroy lead time, and on IMS shows a positive median shift for most control charts that is not consistent across the three runs (not statistically significant at n = 3, and not surviving multiple-comparison correction across the N = 44 family).",C039,
C039@S40.001,claim,C039,Holm-Bonferroni across the N=44 family at alpha=0.05; uncorrected FWER ~0.90,Data and Code Availability,body,Data and Code Availability,"All code—detectors, the leakage-free onset, the gated metric, the sampling sweep, the conformal wrapper, the run-level statistical harness, and the noise/denoiser mechanism test—is released with a pinned environment (requirements.lock.txt, Python 3.13) and a test suite that asserts the metric’s resistance to the latch-on exploit, the leakage-free onset, and the run-level sign-test/Holm machinery.",C039,
C039@S44.026,claim,C039,Holm-Bonferroni across the N=44 family at alpha=0.05; uncorrected FWER ~0.90,Appendix C: IMS Test-3 Relabeling Justification,body,Appendix C: IMS Test-3 Relabeling Justification,The Holm verdict of Section 6 and the headline are untouched by the relabeling.,C039,
C039@tab:crossds.cap03,claim,C039,Holm-Bonferroni across the N=44 family at alpha=0.05; uncorrected FWER ~0.90,tab:crossds,caption,tab:crossds,"No detector is signif- he icant after Holm correction (Table 8); on FEMTO the only sign-consistent detectors, LSTM-AE and Transformer-AD, sm are both negative, and on Ferrara none is sign-consistent. sig sta",C039,
C039@tab:imssweep.cap03,claim,C039,Holm-Bonferroni across the N=44 family at alpha=0.05; uncorrected FWER ~0.90,tab:imssweep,caption,tab:imssweep,Holm-adjusted p in Table 8. be,C039,
C039@tab:holm.cap01,claim,C039,Holm-Bonferroni across the N=44 family at alpha=0.05; uncorrected FWER ~0.90,tab:holm,caption,tab:holm,"Holm-Bonferroni correction across the N = 44 Ta detector × dataset family (IMS n = 3, XJTU-SY n = 10, th FEMTO n = 6, University of Ferrara n = 6; ONGC, n = 1, te is excluded).",C039,
C039@tab:holm.cap04,claim,C039,Holm-Bonferroni across the N=44 family at alpha=0.05; uncorrected FWER ~0.90,tab:holm,caption,tab:holm,After Holm correction every one of the forty-four adjusted p-values is 1.00 and no hypothesis is rejected at α = 0.05; the adjusted-p and rejection columns are therefore omitted rather than repeated forty-four times.,C039,
C039@tab:gatedcontrast.cap03,claim,C039,Holm-Bonferroni across the N=44 family at alpha=0.05; uncorrected FWER ~0.90,tab:gatedcontrast,caption,tab:gatedcontrast,Gating costs roughly half the effective sample size and changes no conclu- sion: under both metrics no hypothesis is rejected after Holm correction across the N = 44 family.,C039,
C040@S19.001,claim,C040,"Fixed seeds, bit-reproducible; features cached; 168-test suite; no number hand-edited",Experimental Setup,body,Experimental Setup,"All experiments use a fixed random-seed protocol; stochastic detectors (Isolation Forest, the conformal wrapper) inject the seed explicitly so that runs are bit-reproducible.",C040,
C040@S19.002,claim,C040,"Fixed seeds, bit-reproducible; features cached; 168-test suite; no number hand-edited",Experimental Setup,body,Experimental Setup,"The feature pipeline caches extracted features to Parquet so that the sampling sweep, ablations, calibration, and trade-off analyses all consume identical features.",C040,
C040@S19.003,claim,C040,"Fixed seeds, bit-reproducible; features cached; 168-test suite; no number hand-edited",Experimental Setup,body,Experimental Setup,"The released environment is pinned to the exact package versions that produced the numbers reported here, and a test suite (168 tests) asserts the metric’s ungameability properties, the leakage-free onset, and the conformal factory.",C040,
C040@S19.004,claim,C040,"Fixed seeds, bit-reproducible; features cached; 168-test suite; no number hand-edited",Experimental Setup,body,Experimental Setup,The figures and tables in this paper are generated directly from the released result tables; no number in this manuscript is hand-edited.,C040,
C040@S37.023,claim,C040,"Fixed seeds, bit-reproducible; features cached; 168-test suite; no number hand-edited",Limitations and Threats to Validity,body,Limitations and Threats to Validity,Stochastic detectors inject their seed explicitly so results are bit-reproducible.,C040,
C040@S40.002,claim,C040,"Fixed seeds, bit-reproducible; features cached; 168-test suite; no number hand-edited",Data and Code Availability,body,Data and Code Availability,"Every table and figure in this paper is generated directly from the result files released in the repository under results/tables/; no number is hand-edited. results/tables/MANIFEST.md maps each table and figure to the exact file that backs it, and paper/verify_tables.py re-derives the printed values from those files and fails if any disagrees—it runs as part of the test suite, so the claim is checked rather than asserted.",C040,
C041@S00.006,claim,C041,IMS: variance-sensitive charts show a positive median shift (3 sigma +15.1 h),"Front matter: title, abstract, keywords",body,"Front matter: title, abstract, keywords","On IMS the variance-sensitive charts show a positive median shift (3σ +15.1 h), but the direction is not consistent across the three runs and does not survive Holm correction across the N = 44 family (smallest adjusted p = 1.00).",C041,
C041@S01.031,claim,C041,IMS: variance-sensitive charts show a positive median shift (3 sigma +15.1 h),Introduction,body,Introduction,"Across XJTU-SY (n = 10), FEMTO/PRONOSTIA (n = 6), University of Ferrara (n = 6), and NASA IMS (n = 3), with bootstrap confidence intervals and run-level significance tests treating the run, not the within-run sampling factor, as the unit of inference, SCADA-rate aggregation does not destroy lead time, and on IMS shows a positive median shift for most control charts though not consistently across runs.",C041,
C041@S23.002,claim,C041,IMS: variance-sensitive charts show a positive median shift (3 sigma +15.1 h),Generalization to XJTU-SY ($n=10$ bearings),body,Generalization to XJTU-SY ($n=10$ bearings),"Table 5 (XJTU-SY rows) shows that the IMS “aggregation helps” trend does not replicate: at the run level (collapsing factors, n = 10) the median difference is 0 h for ten of the eleven detectors (-0.10 h for Isolation Forest), the sign test is non-significant for all (p ≥ 0.18), and no direction is consistent across bearings.",C041,
C041@S26.005,claim,C041,IMS: variance-sensitive charts show a positive median shift (3 sigma +15.1 h),Aggregate vs Decimate on IMS: a Positive but Inconsistent Median Shift,body,Aggregate vs Decimate on IMS: a Positive but Inconsistent Median Shift,"Honoring the run as the unit of inference (Section 4.9), the magnitude-monitoring detectors show a positive median difference, but only two are signconsistent: CUSUM (per-run +4.2, +4.7, +4.3 h; median +4.3) and Hotelling T 2 (+1.0, +1.2, +81.7; median +1.2). 3σ (+25.8, +15.1, -1.0; median +15.1), Isolation Forest (-0.7, +16.9, +3.4; median +3.4) and EWMA (-3.9, +4.3, +2.1; median +2.1) each have one negative run, and Deep SVDD is positive in one run and tied in two (+8.9, 0.0, 0.0).",C041,
C041@S26.008,claim,C041,IMS: variance-sensitive charts show a positive median shift (3 sigma +15.1 h),Aggregate vs Decimate on IMS: a Positive but Inconsistent Median Shift,body,Aggregate vs Decimate on IMS: a Positive but Inconsistent Median Shift,"The direction is therefore a positive median for the chart/distance detectors, but not a consistent one—aggregation shortens the lead time of 3σ, EWMA and Isolation Forest on one run each—and with only n = 3 independent runs the exact sign test cannot fall below p = 0.25, a floor that only CUSUM and Hotelling T 2 reach (Section 4.9); nothing is statistically significant or survives Holm correction.",C041,
C041@S26.009,claim,C041,IMS: variance-sensitive charts show a positive median shift (3 sigma +15.1 h),Aggregate vs Decimate on IMS: a Positive but Inconsistent Median Shift,body,Aggregate vs Decimate on IMS: a Positive but Inconsistent Median Shift,We make no significance claim; the defensible reading is a null result with a positive median direction for the magnitude-monitoring detectors.,C041,
C041@S34.002,claim,C041,IMS: variance-sensitive charts show a positive median shift (3 sigma +15.1 h),Why the IMS Trend Appears but Is Neutral Elsewhere,body,Why the IMS Trend Appears but Is Neutral Elsewhere,"This is consistent with the largest IMS median shift appearing in the 3σ chart (+15.1 h), although the shift is not consistent in direction across the three runs.",C041,
C041@S37.003,claim,C041,IMS: variance-sensitive charts show a positive median shift (3 sigma +15.1 h),Limitations and Threats to Validity,body,Limitations and Threats to Validity,"The IMS “aggregation helps” tendency is a positive-median but non-significant trend, sign-consistent only for CUSUM and Hotelling T 2 (n = 3; Table 7) and does not replicate on the larger XJTU or FEMTO sets (Table 5)—on FEMTO the only sign-consistent detectors, LSTM-AE and Transformer-AD, are negative; we therefore claim only non-destruction as the cross-dataset headline, not a positive effect.",C041,
C041@S37.007,claim,C041,IMS: variance-sensitive charts show a positive median shift (3 sigma +15.1 h),Limitations and Threats to Validity,body,Limitations and Threats to Validity,"The three campaigns that supply statistical power—XJTU-SY, FEMTO/PRONOSTIA and University of Ferrara—comprise bearings whose total lifetimes span roughly 0.7 to 8.9 h, so an aggregation effect of the magnitude observed on IMS (a run-level median of +15.1 h for the 3σ chart) could not have been observed on them even if it were present.",C041,
C041@S38.002,claim,C041,IMS: variance-sensitive charts show a positive median shift (3 sigma +15.1 h),Conclusion,body,Conclusion,"Across four inferential run-to-failure datasets (XJTU-SY n = 10, FEMTO/PRONOSTIA n = 6, University of Ferrara n = 6, and NASA IMS n = 3) together with a real single-asset turbine SCADA case study (Appendix D.2), coarse aggregation does not destroy lead time, and on IMS shows a positive median shift for most control charts that is not consistent across the three runs (not statistically significant at n = 3, and not surviving multiple-comparison correction across the N = 44 family).",C041,
C041@S44.025,claim,C041,IMS: variance-sensitive charts show a positive median shift (3 sigma +15.1 h),Appendix C: IMS Test-3 Relabeling Justification,body,Appendix C: IMS Test-3 Relabeling Justification,"What the label does not change is the direction: no median flips sign between the two arms, with 3σ holding at +15.10 h and Hotelling T 2 at +1.17 h.",C041,
C041@fig:crossdataset.cap02,claim,C041,IMS: variance-sensitive charts show a positive median shift (3 sigma +15.1 h),fig:crossdataset,caption,fig:crossdataset,"IMS shows a positive median shift for most magnitude detectors, not consistent across its three runs; the inferential XJTU, FEMTO, and Ferrara differences are ≈0 on this scale.",C041,
C042@S00.006,claim,C042,IMS direction is not consistent across the three runs,"Front matter: title, abstract, keywords",body,"Front matter: title, abstract, keywords","On IMS the variance-sensitive charts show a positive median shift (3σ +15.1 h), but the direction is not consistent across the three runs and does not survive Holm correction across the N = 44 family (smallest adjusted p = 1.00).",C042,
C042@S01.020,claim,C042,IMS direction is not consistent across the three runs,Introduction,body,Introduction,"On the large multi-bearing sets (XJTU-SY, FEMTO, Ferrara) the difference is negligible; on IMS the median shift is positive for most magnitude detectors but not consistent in direction across the three runs (not significant at n = 3); the single-asset turbine record agrees (case study, Appendix D.2).",C042,
C042@S01.031,claim,C042,IMS direction is not consistent across the three runs,Introduction,body,Introduction,"Across XJTU-SY (n = 10), FEMTO/PRONOSTIA (n = 6), University of Ferrara (n = 6), and NASA IMS (n = 3), with bootstrap confidence intervals and run-level significance tests treating the run, not the within-run sampling factor, as the unit of inference, SCADA-rate aggregation does not destroy lead time, and on IMS shows a positive median shift for most control charts though not consistently across runs.",C042,
C042@S22.016,claim,C042,IMS direction is not consistent across the three runs,Sensitivity of the Onset Definition,body,Sensitivity of the Onset Definition,"Sweeping the persistence filter (default 3 windows) over {1, 3, 5, 10} on IMS (Table 4a) leaves the median direction stable but not its run-level consistency: 3σ has one negative run at the default (n+/n- = 2/1, 3/0 elsewhere), EWMA is 2/1 at persistence 1, 3 and 5 and 3/0 only at 10, and Isolation Forest turns slightly negative at persistence 5 (-0.8 h).",C042,
C042@S23.007,claim,C042,IMS direction is not consistent across the three runs,Generalization to XJTU-SY ($n=10$ bearings),body,Generalization to XJTU-SY ($n=10$ bearings),"Figure 2 summarizes the cross-dataset picture in one view: a positive but non-significant median shift on IMS that is not consistent across its three runs, and null effects on ONGC and XJTU.",C042,
C042@S26.005,claim,C042,IMS direction is not consistent across the three runs,Aggregate vs Decimate on IMS: a Positive but Inconsistent Median Shift,body,Aggregate vs Decimate on IMS: a Positive but Inconsistent Median Shift,"Honoring the run as the unit of inference (Section 4.9), the magnitude-monitoring detectors show a positive median difference, but only two are signconsistent: CUSUM (per-run +4.2, +4.7, +4.3 h; median +4.3) and Hotelling T 2 (+1.0, +1.2, +81.7; median +1.2). 3σ (+25.8, +15.1, -1.0; median +15.1), Isolation Forest (-0.7, +16.9, +3.4; median +3.4) and EWMA (-3.9, +4.3, +2.1; median +2.1) each have one negative run, and Deep SVDD is positive in one run and tied in two (+8.9, 0.0, 0.0).",C042,
C042@S26.008,claim,C042,IMS direction is not consistent across the three runs,Aggregate vs Decimate on IMS: a Positive but Inconsistent Median Shift,body,Aggregate vs Decimate on IMS: a Positive but Inconsistent Median Shift,"The direction is therefore a positive median for the chart/distance detectors, but not a consistent one—aggregation shortens the lead time of 3σ, EWMA and Isolation Forest on one run each—and with only n = 3 independent runs the exact sign test cannot fall below p = 0.25, a floor that only CUSUM and Hotelling T 2 reach (Section 4.9); nothing is statistically significant or survives Holm correction.",C042,
C042@S34.002,claim,C042,IMS direction is not consistent across the three runs,Why the IMS Trend Appears but Is Neutral Elsewhere,body,Why the IMS Trend Appears but Is Neutral Elsewhere,"This is consistent with the largest IMS median shift appearing in the 3σ chart (+15.1 h), although the shift is not consistent in direction across the three runs.",C042,
C042@S38.002,claim,C042,IMS direction is not consistent across the three runs,Conclusion,body,Conclusion,"Across four inferential run-to-failure datasets (XJTU-SY n = 10, FEMTO/PRONOSTIA n = 6, University of Ferrara n = 6, and NASA IMS n = 3) together with a real single-asset turbine SCADA case study (Appendix D.2), coarse aggregation does not destroy lead time, and on IMS shows a positive median shift for most control charts that is not consistent across the three runs (not statistically significant at n = 3, and not surviving multiple-comparison correction across the N = 44 family).",C042,
C042@fig:crossdataset.cap02,claim,C042,IMS direction is not consistent across the three runs,fig:crossdataset,caption,fig:crossdataset,"IMS shows a positive median shift for most magnitude detectors, not consistent across its three runs; the inferential XJTU, FEMTO, and Ferrara differences are ≈0 on this scale.",C042,
C043@S00.006,claim,C043,Nothing survives Holm correction across N=44; smallest adjusted p = 1.00,"Front matter: title, abstract, keywords",body,"Front matter: title, abstract, keywords","On IMS the variance-sensitive charts show a positive median shift (3σ +15.1 h), but the direction is not consistent across the three runs and does not survive Holm correction across the N = 44 family (smallest adjusted p = 1.00).",C043,
C043@S01.032,claim,C043,Nothing survives Holm correction across N=44; smallest adjusted p = 1.00,Introduction,body,Introduction,No dataset × detector cell shows decimation superior beyond a ±1 h operational margin (the cells that favour decimation at all do so by less than that margin) (Section 6.4); nothing survives Holm correction across the N = 44 family. 5.,C043,
C043@S24.002,claim,C043,Nothing survives Holm correction across N=44; smallest adjusted p = 1.00,Generalization to FEMTO/PRONOSTIA ($n=6$ bearings),body,Generalization to FEMTO/PRONOSTIA ($n=6$ bearings),"Table 5 (FEMTO rows) shows the same verdict as XJTU: at the run level the median aggregate-decimate difference is within ±9 min for every detector, only LSTM-AE and Transformer-AD are sign-consistent, both negative (0/3 and 0/4 non-zero runs), and the smallest sign-test p is 0.125 (Transformer-AD, raw)—which does not survive the Holm correction across the family (Table 8).",C043,
C043@S26.008,claim,C043,Nothing survives Holm correction across N=44; smallest adjusted p = 1.00,Aggregate vs Decimate on IMS: a Positive but Inconsistent Median Shift,body,Aggregate vs Decimate on IMS: a Positive but Inconsistent Median Shift,"The direction is therefore a positive median for the chart/distance detectors, but not a consistent one—aggregation shortens the lead time of 3σ, EWMA and Isolation Forest on one run each—and with only n = 3 independent runs the exact sign test cannot fall below p = 0.25, a floor that only CUSUM and Hotelling T 2 reach (Section 4.9); nothing is statistically significant or survives Holm correction.",C043,
C043@S27.004,claim,C043,Nothing survives Holm correction across N=44; smallest adjusted p = 1.00,Multiple-Comparison Correction,body,Multiple-Comparison Correction,"No hypothesis survives (0 of 44): the smallest raw p-value is 0.125 (Transformer-AD on FEMTO), and after Holm correction across the N = 44 family its adjusted p is 1.00, still far above α.",C043,
C043@S27.005,claim,C043,Nothing survives Holm correction across N=44; smallest adjusted p = 1.00,Multiple-Comparison Correction,body,Multiple-Comparison Correction,Every one of the fortyfour adjusted p-values is 1.00.,C043,
C043@S27.019,claim,C043,Nothing survives Holm correction across N=44; smallest adjusted p = 1.00,Multiple-Comparison Correction,body,Multiple-Comparison Correction,"The answer does not change: on every inferential dataset the median run-level difference is at most a few thousandths of an hour under either metric, no detector is sign-consistent enough to reach significance, and no hypothesis survives Holm correction across the N = 44 family under either metric.",C043,
C043@tab:holm.cap04,claim,C043,Nothing survives Holm correction across N=44; smallest adjusted p = 1.00,tab:holm,caption,tab:holm,After Holm correction every one of the forty-four adjusted p-values is 1.00 and no hypothesis is rejected at α = 0.05; the adjusted-p and rejection columns are therefore omitted rather than repeated forty-four times.,C043,
C043@tab:gatedcontrast.cap03,claim,C043,Nothing survives Holm correction across N=44; smallest adjusted p = 1.00,tab:gatedcontrast,caption,tab:gatedcontrast,Gating costs roughly half the effective sample size and changes no conclu- sion: under both metrics no hypothesis is rejected after Holm correction across the N = 44 family.,C043,
C044@S24.002,claim,C044,Smallest raw sign-test p is 0.125 (Transformer-AD on FEMTO),Generalization to FEMTO/PRONOSTIA ($n=6$ bearings),body,Generalization to FEMTO/PRONOSTIA ($n=6$ bearings),"Table 5 (FEMTO rows) shows the same verdict as XJTU: at the run level the median aggregate-decimate difference is within ±9 min for every detector, only LSTM-AE and Transformer-AD are sign-consistent, both negative (0/3 and 0/4 non-zero runs), and the smallest sign-test p is 0.125 (Transformer-AD, raw)—which does not survive the Holm correction across the family (Table 8).",C044,
C044@S27.004,claim,C044,Smallest raw sign-test p is 0.125 (Transformer-AD on FEMTO),Multiple-Comparison Correction,body,Multiple-Comparison Correction,"No hypothesis survives (0 of 44): the smallest raw p-value is 0.125 (Transformer-AD on FEMTO), and after Holm correction across the N = 44 family its adjusted p is 1.00, still far above α.",C044,
C044@tab:holm.cap03,claim,C044,Smallest raw sign-test p is 0.125 (Transformer-AD on FEMTO),tab:holm,caption,tab:holm,"The smallest is 0.125 (Transformer-AD pl on FEMTO); no cell is nominally significant at an uncor- ro rected α = 0.05. ‡: the three deep sequence models need sio a length-30 window sequence, so their XJTU-SY tests are co n = 3.",C044,
C045@S00.007,claim,C045,Equivalence at delta = 1 h holds in all 33 dataset x detector cells on the three multi-bearing campaigns,"Front matter: title, abstract, keywords",body,"Front matter: title, abstract, keywords","We state the crossdataset conclusion as a bounded equivalence rather than an accepted null: against a pre-specified ±1 h operational margin—the resolution at which the result is actionable, since a maintenance planner cannot act on sub-hour differences in warning time—the run-level aggregate-minus-decimate difference is equivalent to zero in all 33 dataset × detector cells on the three multi-bearing campaigns, while on IMS the intervals are too wide at n = 3 to decide in 9 of 11 cells and favour aggregation beyond the margin in the other 2, and the single-asset gas-turbine record of the Oil and Natural Gas Corporation (ONGC, n = 1) cannot be tested.",C045,
C045@S22.017,claim,C045,Equivalence at delta = 1 h holds in all 33 dataset x detector cells on the three multi-bearing campaigns,Sensitivity of the Onset Definition,body,Sensitivity of the Onset Definition,"The 3σ valid-alarm fraction is 0.67 at every persistence at full resolution; pooled over the sampling sweep it falls from 0.67 at persistence 1 and 3 to 0.53 at 5 and 0.33 at 10, so a longer filter costs the deployable chart valid alarms at SCADA rates.",C045,
C045@S24.004,claim,C045,Equivalence at delta = 1 h holds in all 33 dataset x detector cells on the three multi-bearing campaigns,Generalization to FEMTO/PRONOSTIA ($n=6$ bearings),body,Generalization to FEMTO/PRONOSTIA ($n=6$ bearings),"Table 6 reports the full equivalence family: all 33 of the 33 dataset × detector cells on XJTU-SY, FEMTO and Ferrara are equivalent at δ = 1 h, with no interval endpoint reaching ±0.6 h.",C045,
C045@S29.003,claim,C045,Equivalence at delta = 1 h holds in all 33 dataset x detector cells on the three multi-bearing campaigns,Feature-Group Ablation,body,Feature-Group Ablation,"For the memory-based control charts it sharpens: rms_only is the unique group at which 3σ and EWMA reach full validity (1.00 at 0% pre-onset FAR), and spectral/envelope/all collapse all four SPC charts to 0.33 by driving their preonset FAR to 42-63%—the variance-sensitive charts react violently to the noisy extra dimensions.",C045,
C045@S29.004,claim,C045,Equivalence at delta = 1 h holds in all 33 dataset x detector cells on the three multi-bearing campaigns,Feature-Group Ablation,body,Feature-Group Ablation,"Deep SVDD is the instructive exception, and it fails for the opposite reason: its pre-onset FAR stays near 0% under every feature set (it rarely false-alarms), yet spectral features still cut its validity to 0.33 (and to 0.00 for spectral_only) by delaying or suppressing the alarm rather than inflating the FAR—the frequency-domain dimensions hurt the one-class deep model through missed detections, not false alarms.",C045,
C045@S37.008,claim,C045,Equivalence at delta = 1 h holds in all 33 dataset x detector cells on the three multi-bearing campaigns,Limitations and Threats to Validity,body,Limitations and Threats to Validity,"The null on these campaigns therefore bounds the effect at the scale of minutes, which is what our equivalence margin reflects, rather than bounding it at the scale of the IMS result.",C045,
C045@S40.011,claim,C045,Equivalence at delta = 1 h holds in all 33 dataset x detector cells on the three multi-bearing campaigns,Data and Code Availability,body,Data and Code Availability,"No inferential claim in this paper depends on ONGC: it is a single asset, reported descriptively, excluded from every run-level significance test and from the 33-cell cross-dataset equivalence result, which is computed on the three multi-bearing campaigns.",C045,
C045@tab:equiv.cap01,claim,C045,Equivalence at delta = 1 h holds in all 33 dataset x detector cells on the three multi-bearing campaigns,tab:equiv,caption,tab:equiv,"Equivalence of the run-level aggregate-decimate lead-time difference against a pre-specified margin δ = 1 h, on the three multi-bearing inferential campaigns for all eleven evaluated detectors.",C045,
C045@tab:equiv.cap03,claim,C045,Equivalence at delta = 1 h holds in all 33 dataset x detector cells on the three multi-bearing campaigns,tab:equiv,caption,tab:equiv,"All 33 of 33 cells are equivalent, and no interval endpoint reaches ±0.6 h, so the margin is cleared with an order of magnitude to spare.",C045,
C045@tab:ablation_general.cap02,claim,C045,Equivalence at delta = 1 h holds in all 33 dataset x detector cells on the three multi-bearing campaigns,tab:ablation_general,caption,tab:ablation_general,"Time-domain amplitude features are best le for every detector; for the SPC charts rms_only is uniquely ra (3σ, EWMA) or jointly best, and spectral/envelope/all col- va lapse them to 0.33. ab an",C045,
C046@S00.007,claim,C046,"IMS: intervals too wide to decide equivalence in 9 of 11 cells, favour aggregation beyond margin in 2","Front matter: title, abstract, keywords",body,"Front matter: title, abstract, keywords","We state the crossdataset conclusion as a bounded equivalence rather than an accepted null: against a pre-specified ±1 h operational margin—the resolution at which the result is actionable, since a maintenance planner cannot act on sub-hour differences in warning time—the run-level aggregate-minus-decimate difference is equivalent to zero in all 33 dataset × detector cells on the three multi-bearing campaigns, while on IMS the intervals are too wide at n = 3 to decide in 9 of 11 cells and favour aggregation beyond the margin in the other 2, and the single-asset gas-turbine record of the Oil and Natural Gas Corporation (ONGC, n = 1) cannot be tested.",C046,
C046@tab:equiv.cap05,claim,C046,"IMS: intervals too wide to decide equivalence in 9 of 11 cells, favour aggregation beyond margin in 2",tab:equiv,caption,tab:equiv,"IMS is equivalent in no cell at n = 3, its intervals being too wide to decide, and ONGC is untestable at n = 1; neither enters this family.",C046,
C047@S00.007,claim,C047,The +-1 h margin is justified as the resolution at which a planner can act (not sub-hour differences),"Front matter: title, abstract, keywords",body,"Front matter: title, abstract, keywords","We state the crossdataset conclusion as a bounded equivalence rather than an accepted null: against a pre-specified ±1 h operational margin—the resolution at which the result is actionable, since a maintenance planner cannot act on sub-hour differences in warning time—the run-level aggregate-minus-decimate difference is equivalent to zero in all 33 dataset × detector cells on the three multi-bearing campaigns, while on IMS the intervals are too wide at n = 3 to decide in 9 of 11 cells and favour aggregation beyond the margin in the other 2, and the single-asset gas-turbine record of the Oil and Natural Gas Corporation (ONGC, n = 1) cannot be tested.",C047,D17
C048@S00.008,claim,C048,No cell shows decimation superior beyond the +-1 h margin; cells favouring decimation do so by less than it,"Front matter: title, abstract, keywords",body,"Front matter: title, abstract, keywords","No cell shows decimation superior beyond the margin; in the five cells whose interval lies wholly below zero, decimation leads by less than the margin, the widest such interval (3σ on FEMTO) reaching only -0.45 h.",C048,D18/D16
C048@S01.021,claim,C048,No cell shows decimation superior beyond the +-1 h margin; cells favouring decimation do so by less than it,Introduction,body,Introduction,The defensible cross-dataset conclusion is bounded non-destruction: no dataset × detector cell shows decimation superior beyond a ±1 h operational margin (the cells that favour decimation at all do so by less than that margin) (Section 6.4).,C048,D18/D16
C048@S01.032,claim,C048,No cell shows decimation superior beyond the +-1 h margin; cells favouring decimation do so by less than it,Introduction,body,Introduction,No dataset × detector cell shows decimation superior beyond a ±1 h operational margin (the cells that favour decimation at all do so by less than that margin) (Section 6.4); nothing survives Holm correction across the N = 44 family. 5.,C048,D18/D16
C048@S24.003,claim,C048,No cell shows decimation superior beyond the +-1 h margin; cells favouring decimation do so by less than it,Generalization to FEMTO/PRONOSTIA ($n=6$ bearings),body,Generalization to FEMTO/PRONOSTIA ($n=6$ bearings),"Decimation leads aggregation in several FEMTO cells, but never by more than the ±1 h operational margin: the run-level 95% bootstrap interval lies wholly below zero for 3σ (mean -0.21 h, [-0.45, -0.04]), LSTM-AE, RMS-trend and TransformerAD, and every FEMTO interval lies inside ±1 h.",C048,D18/D16
C048@S34.005,claim,C048,No cell shows decimation superior beyond the +-1 h margin; cells favouring decimation do so by less than it,Why the IMS Trend Appears but Is Neutral Elsewhere,body,Why the IMS Trend Appears but Is Neutral Elsewhere,"The synthesis is therefore not “averaging helps” but bounded non-destruction: across very different regimes, no dataset × detector cell shows decimation superior beyond a ±1 h operational margin (the cells that favour decimation at all do so by less than that margin) (Section 6.4), and where the signal is noisy and the runway long, aggregation shows a tendency to stabilize the health statistic.",C048,D18/D16
C048@S38.003,claim,C048,No cell shows decimation superior beyond the +-1 h margin; cells favouring decimation do so by less than it,Conclusion,body,Conclusion,No dataset × detector cell shows decimation superior beyond a ±1 h operational margin (the cells that favour decimation at all do so by less than that margin) (Section 6.4).,C048,D18/D16
C049@S00.008,claim,C049,"Five cells have an interval wholly below zero; the widest (3 sigma, FEMTO) reaches only -0.45 h","Front matter: title, abstract, keywords",body,"Front matter: title, abstract, keywords","No cell shows decimation superior beyond the margin; in the five cells whose interval lies wholly below zero, decimation leads by less than the margin, the widest such interval (3σ on FEMTO) reaching only -0.45 h.",C049,D18/D16
C049@S24.003,claim,C049,"Five cells have an interval wholly below zero; the widest (3 sigma, FEMTO) reaches only -0.45 h",Generalization to FEMTO/PRONOSTIA ($n=6$ bearings),body,Generalization to FEMTO/PRONOSTIA ($n=6$ bearings),"Decimation leads aggregation in several FEMTO cells, but never by more than the ±1 h operational margin: the run-level 95% bootstrap interval lies wholly below zero for 3σ (mean -0.21 h, [-0.45, -0.04]), LSTM-AE, RMS-trend and TransformerAD, and every FEMTO interval lies inside ±1 h.",C049,D18/D16
C049@S24.005,claim,C049,"Five cells have an interval wholly below zero; the widest (3 sigma, FEMTO) reaches only -0.45 h",Generalization to FEMTO/PRONOSTIA ($n=6$ bearings),body,Generalization to FEMTO/PRONOSTIA ($n=6$ bearings),"Across the three campaigns exactly five cells have an interval lying wholly below zero—Isolation Forest on XJTU-SY, and 3σ, LSTM-AE, RMS-trend and TransformerAD on FEMTO—and every one of them favours decimation by less than the ±1 h margin.",C049,D18/D16
C050@S00.009,claim,C050,"Lifetime asymmetry: short-lived campaigns could not show an IMS-sized effect, so the null bounds it at the scale of minutes","Front matter: title, abstract, keywords",body,"Front matter: title, abstract, keywords","The campaigns that supply this statistical power are short-lived bearings, on which an effect of the magnitude IMS shows could not have appeared, so the cross-dataset null bounds the effect at the scale of minutes rather than hours.",C050,D20
C050@S37.006,claim,C050,"Lifetime asymmetry: short-lived campaigns could not show an IMS-sized effect, so the null bounds it at the scale of minutes",Limitations and Threats to Validity,body,Limitations and Threats to Validity,A structural asymmetry limits what the cross-dataset null can establish.,C050,D20
C050@S37.007,claim,C050,"Lifetime asymmetry: short-lived campaigns could not show an IMS-sized effect, so the null bounds it at the scale of minutes",Limitations and Threats to Validity,body,Limitations and Threats to Validity,"The three campaigns that supply statistical power—XJTU-SY, FEMTO/PRONOSTIA and University of Ferrara—comprise bearings whose total lifetimes span roughly 0.7 to 8.9 h, so an aggregation effect of the magnitude observed on IMS (a run-level median of +15.1 h for the 3σ chart) could not have been observed on them even if it were present.",C050,D20
C050@S37.008,claim,C050,"Lifetime asymmetry: short-lived campaigns could not show an IMS-sized effect, so the null bounds it at the scale of minutes",Limitations and Threats to Validity,body,Limitations and Threats to Validity,"The null on these campaigns therefore bounds the effect at the scale of minutes, which is what our equivalence margin reflects, rather than bounding it at the scale of the IMS result.",C050,D20
C050@S37.010,claim,C050,"Lifetime asymmetry: short-lived campaigns could not show an IMS-sized effect, so the null bounds it at the scale of minutes",Limitations and Threats to Validity,body,Limitations and Threats to Validity,"We therefore claim non-destruction at short bearing lifetimes, where the evidence is strong, and consistency with—not demonstration of—non-destruction at the multi-week lifetimes typical of industrial assets.",C050,D20
C050@S37.036,claim,C050,"Lifetime asymmetry: short-lived campaigns could not show an IMS-sized effect, so the null bounds it at the scale of minutes",Limitations and Threats to Validity,body,Limitations and Threats to Validity,"Two extensions would sharpen these conclusions most directly: run-to-failure campaigns on long-life bearings of the kind typical in industrial service, where the multi-week runway could express an aggregation effect that short laboratory bearings cannot; and a comparable effort on other bearing types and geometries, since the four inferential datasets used here are all rolling-element bearings under approximately steady speed and load, and the single real-asset record is one gas-turbine compressor bearing.",C050,D20
C050@S38.004,claim,C050,"Lifetime asymmetry: short-lived campaigns could not show an IMS-sized effect, so the null bounds it at the scale of minutes",Conclusion,body,Conclusion,"That null is bounded by the scale of the evidence: the three campaigns supplying the statistical power comprise bearings of 0.7-8.9 h total life, on which an aggregation effect of the magnitude seen on IMS could not have been observed, so the cross-dataset result bounds the effect at the scale of minutes and the multi-week runway remains untested.",C050,D20
C051@S00.010,claim,C051,"On the short-lived bearings tested, deep reconstruction models do not overtake control charts at any training fraction in [0.20, 0.60]","Front matter: title, abstract, keywords",body,"Front matter: title, abstract, keywords","On the short-lived bearings tested, deep reconstruction models do not overtake the control charts at any training fraction in [0.20, 0.60]; whether a crossover exists on long-runway assets is left open.",C051,F3/G4
C051@S01.033,claim,C051,"On the short-lived bearings tested, deep reconstruction models do not overtake control charts at any training fraction in [0.20, 0.60]",Introduction,body,Introduction,"Validation: wiring and empirical validation of a conformal detector for distribution-free false-alarm control, a lead-time-vs-false-alarm trade-off analysis, feature-group and spectral ablations that localize the prognostic signal to time-domain statistics on IMS, and a characterization of deep reconstruction models (an LSTM autoencoder, a temporal convolutional network autoencoder (TCN-AE), and a transformer anomaly detector) showing they do not become competitive with SPC charts within the tested training-fraction range [0.20, 0.60] on short-lived bearings; whether a crossover exists on long-runway assets remains open (Section 6.12).",C051,F3/G4
C051@S14.010,claim,C051,"On the short-lived bearings tested, deep reconstruction models do not overtake control charts at any training fraction in [0.20, 0.60]",Detectors,body,Detectors,"We include them to provide a modern-baseline comparison and to determine whether a finite commissioning-data requirement makes deep reconstruction models competitive with SPC charts, and if so to quantify it (Section 6.12).",C051,F3/G4
C051@S31.006,claim,C051,"On the short-lived bearings tested, deep reconstruction models do not overtake control charts at any training fraction in [0.20, 0.60]",Minimum Training Data for Deep Anomaly Detectors,body,Minimum Training Data for Deep Anomaly Detectors,"The result (Figure 6) is unambiguous and, we think, more useful than a crossover point would have been: there is no crossover.",C051,F3/G4
C051@S31.016,claim,C051,"On the short-lived bearings tested, deep reconstruction models do not overtake control charts at any training fraction in [0.20, 0.60]",Minimum Training Data for Deep Anomaly Detectors,body,Minimum Training Data for Deep Anomaly Detectors,"On bearings of the lifetimes tested here, control charts should be preferred regardless of how much run-in history is available, because the deep reconstruction models do not overtake them anywhere in the [0.20, 0.60] training range.",C051,F3/G4
C051@S38.005,claim,C051,"On the short-lived bearings tested, deep reconstruction models do not overtake control charts at any training fraction in [0.20, 0.60]",Conclusion,body,Conclusion,"On the short-lived bearings tested, the deep reconstruction models do not overtake the control charts at any training fraction in [0.20, 0.60]; whether a crossover exists on long-runway assets is left open.",C051,F3/G4
C051@fig:mintrain.cap02,claim,C051,"On the short-lived bearings tested, deep reconstruction models do not overtake control charts at any training fraction in [0.20, 0.60]",fig:mintrain,caption,fig:mintrain,"SPC charts (blue) sit at the top throughout, peaking at the smallest training fraction and declining slightly thereafter as the test window shrinks; the deep reconstruction models (red) and Deep SVDD lie below the SPC baseline (dashed, ≈0.62) at every training fraction and never reach it—no crossover.",C051,F3/G4
C052@S00.010,claim,C052,Whether a crossover exists on long-runway assets is left open,"Front matter: title, abstract, keywords",body,"Front matter: title, abstract, keywords","On the short-lived bearings tested, deep reconstruction models do not overtake the control charts at any training fraction in [0.20, 0.60]; whether a crossover exists on long-runway assets is left open.",C052,F3/G4
C052@S01.033,claim,C052,Whether a crossover exists on long-runway assets is left open,Introduction,body,Introduction,"Validation: wiring and empirical validation of a conformal detector for distribution-free false-alarm control, a lead-time-vs-false-alarm trade-off analysis, feature-group and spectral ablations that localize the prognostic signal to time-domain statistics on IMS, and a characterization of deep reconstruction models (an LSTM autoencoder, a temporal convolutional network autoencoder (TCN-AE), and a transformer anomaly detector) showing they do not become competitive with SPC charts within the tested training-fraction range [0.20, 0.60] on short-lived bearings; whether a crossover exists on long-runway assets remains open (Section 6.12).",C052,F3/G4
C052@S31.018,claim,C052,Whether a crossover exists on long-runway assets is left open,Minimum Training Data for Deep Anomaly Detectors,body,Minimum Training Data for Deep Anomaly Detectors,"Whether a crossover appears on genuinely long-running assets, where a deep model could see orders of magnitude more normal windows than any bearing here provides, is the central open question.",C052,F3/G4
C052@S38.005,claim,C052,Whether a crossover exists on long-runway assets is left open,Conclusion,body,Conclusion,"On the short-lived bearings tested, the deep reconstruction models do not overtake the control charts at any training fraction in [0.20, 0.60]; whether a crossover exists on long-runway assets is left open.",C052,F3/G4
C053@S01.019,claim,C053,Bounded non-destruction is the defensible cross-dataset conclusion,Introduction,body,Introduction,The folklore is refuted on every dataset tested: historian-style aggregation does not destroy lead time.,C053,
C053@S01.021,claim,C053,Bounded non-destruction is the defensible cross-dataset conclusion,Introduction,body,Introduction,The defensible cross-dataset conclusion is bounded non-destruction: no dataset × detector cell shows decimation superior beyond a ±1 h operational margin (the cells that favour decimation at all do so by less than that margin) (Section 6.4).,C053,
C053@S01.031,claim,C053,Bounded non-destruction is the defensible cross-dataset conclusion,Introduction,body,Introduction,"Across XJTU-SY (n = 10), FEMTO/PRONOSTIA (n = 6), University of Ferrara (n = 6), and NASA IMS (n = 3), with bootstrap confidence intervals and run-level significance tests treating the run, not the within-run sampling factor, as the unit of inference, SCADA-rate aggregation does not destroy lead time, and on IMS shows a positive median shift for most control charts though not consistently across runs.",C053,
C053@S08.018,claim,C053,Bounded non-destruction is the defensible cross-dataset conclusion,Datasets,body,Datasets,"The dataset is included to further test the non-destruction hypothesis with an independent 2024 rig; like FEMTO and XJTU-SY, its short bearing lifetimes mean this campaign cannot confirm or deny the IMS positive trend.",C053,
C053@S23.003,claim,C053,Bounded non-destruction is the defensible cross-dataset conclusion,Generalization to XJTU-SY ($n=10$ bearings),body,Generalization to XJTU-SY ($n=10$ bearings),"Crucially, aggregation does not destroy lead time either: the medians are flat and the per-run differences are within a few minutes.",C053,
C053@S24.006,claim,C053,Bounded non-destruction is the defensible cross-dataset conclusion,Generalization to FEMTO/PRONOSTIA ($n=6$ bearings),body,Generalization to FEMTO/PRONOSTIA ($n=6$ bearings),"These cells bound rather than overturn that conclusion: the direction of any residual aggregate-vs-decimate effect is dataset-specific noise, while the robust, replicated conclusion is non-destruction.",C053,
C053@S34.005,claim,C053,Bounded non-destruction is the defensible cross-dataset conclusion,Why the IMS Trend Appears but Is Neutral Elsewhere,body,Why the IMS Trend Appears but Is Neutral Elsewhere,"The synthesis is therefore not “averaging helps” but bounded non-destruction: across very different regimes, no dataset × detector cell shows decimation superior beyond a ±1 h operational margin (the cells that favour decimation at all do so by less than that margin) (Section 6.4), and where the signal is noisy and the runway long, aggregation shows a tendency to stabilize the health statistic.",C053,
C053@S37.003,claim,C053,Bounded non-destruction is the defensible cross-dataset conclusion,Limitations and Threats to Validity,body,Limitations and Threats to Validity,"The IMS “aggregation helps” tendency is a positive-median but non-significant trend, sign-consistent only for CUSUM and Hotelling T 2 (n = 3; Table 7) and does not replicate on the larger XJTU or FEMTO sets (Table 5)—on FEMTO the only sign-consistent detectors, LSTM-AE and Transformer-AD, are negative; we therefore claim only non-destruction as the cross-dataset headline, not a positive effect.",C053,
C053@S37.010,claim,C053,Bounded non-destruction is the defensible cross-dataset conclusion,Limitations and Threats to Validity,body,Limitations and Threats to Validity,"We therefore claim non-destruction at short bearing lifetimes, where the evidence is strong, and consistency with—not demonstration of—non-destruction at the multi-week lifetimes typical of industrial assets.",C053,
C053@S38.002,claim,C053,Bounded non-destruction is the defensible cross-dataset conclusion,Conclusion,body,Conclusion,"Across four inferential run-to-failure datasets (XJTU-SY n = 10, FEMTO/PRONOSTIA n = 6, University of Ferrara n = 6, and NASA IMS n = 3) together with a real single-asset turbine SCADA case study (Appendix D.2), coarse aggregation does not destroy lead time, and on IMS shows a positive median shift for most control charts that is not consistent across the three runs (not statistically significant at n = 3, and not surviving multiple-comparison correction across the N = 44 family).",C053,
C054@S00.011,claim,C054,"Code, detectors and result tables are released on GitHub (and Zenodo)","Front matter: title, abstract, keywords",body,"Front matter: title, abstract, keywords","The full pipeline, detectors, and result tables are released at https:// github.com/Ansh-Goyal01/Scada-Leadtime-Benchmark.",C054,
C054@S31.020,claim,C054,"Code, detectors and result tables are released on GitHub (and Zenodo)",Minimum Training Data for Deep Anomaly Detectors,body,Minimum Training Data for Deep Anomaly Detectors,"Research groups with access to multi-run, long-runway industrial historian archives (gas turbines, compressors, paper machines) can apply the released pipeline directly; loader templates for all public dataset formats used in this study are included in the repository at https://github.com/Ansh-Goyal01/ Scada-Leadtime-Benchmark to minimize integration effort.",C054,
C054@S38.008,claim,C054,"Code, detectors and result tables are released on GitHub (and Zenodo)",Conclusion,body,Conclusion,"We release the full harness, detectors, tests, and the exact tables and figures of this paper to support replication and extension.",C054,
C054@S40.004,claim,C054,"Code, detectors and result tables are released on GitHub (and Zenodo)",Data and Code Availability,body,Data and Code Availability,Repository: https://github.com/ Ansh-Goyal01/Scada-Leadtime-Benchmark.,C054,
C054@S40.005,claim,C054,"Code, detectors and result tables are released on GitHub (and Zenodo)",Data and Code Availability,body,Data and Code Availability,A versioned snapshot is archived on Zenodo at the concept DOI https://doi.org/10.5281/zenodo.20719076.,C054,
C055@S03.011,claim,C055,"Related work: NAB (Lavin), Tatbul range PR, Wu & Keogh flawed benchmarks, Lorden/Moustakides/Pollak change detection","Prognostics, CBM, and Lead-Time Metrics",body,"Prognostics, CBM, and Lead-Time Metrics","The Numenta Anomaly Benchmark (Lavin & Ahmad, 2015) scores streaming detectors under an application profile that rewards early detection and penalises false positives, making the same commitment our gate makes in a different domain: that earliness cannot be assessed independently of nuisancealarm behaviour.",C055,D1/F1/G6
C055@S03.015,claim,C055,"Related work: NAB (Lavin), Tatbul range PR, Wu & Keogh flawed benchmarks, Lorden/Moustakides/Pollak change detection","Prognostics, CBM, and Lead-Time Metrics",body,"Prognostics, CBM, and Lead-Time Metrics","Tatbul, Lee, Zdonik, Alam, and Gottschlich (2018) generalise precision and recall from points to ranges with a tunable positional bias, so that early detection within an anomalous interval can be rewarded explicitly, and Wu and Keogh (2023) argue that widely used benchmarks admit trivial solutions and overstate progress.",C055,D1/F1/G6
C055@S04.010,claim,C055,"Related work: NAB (Lavin), Tatbul range PR, Wu & Keogh flawed benchmarks, Lorden/Moustakides/Pollak change detection",Anomaly Detectors and Control Charts,body,Anomaly Detectors and Control Charts,"Lorden (1971) posed the minimax problem of minimising worst-case detection delay subject to a lower bound on the average run length to false alarm, and Moustakides (1986) later showed that the cumulative sum (CUSUM) chart of Page (1954) is exactly optimal under that criterion; Pollak (1985) gives the corresponding result for a revised delay measure.",C055,D1/F1/G6
C056@S00.012,claim,C056,"PH vs gated L: PH ranks Hotelling T2, IF, EWMA first, none valid at 10%; the gated metric picks 3 sigma","Front matter: title, abstract, keywords",body,"Front matter: title, abstract, keywords","Keywords: bearing anomaly detection, lead-time metric, false-alarm gating, SCADA historian, prognostic horizon, statistical process control, conformal prediction",C056,
C056@S01.007,claim,C056,"PH vs gated L: PH ranks Hotelling T2, IF, EWMA first, none valid at 10%; the gated metric picks 3 sigma",Introduction,body,Introduction,"The prognostics community has long advocated time-aware metrics (Saxena et al., 2008; Saxena, Celaya, Saha, Saha, & Goebel, 2010; Goebel, Saha, & Saxena, 2011), yet lead time is rarely the headline quantity in detector benchmarks, and ad hoc lead-time definitions are easy to game.",C056,
C056@S01.028,claim,C056,"PH vs gated L: PH ranks Hotelling T2, IF, EWMA first, none valid at 10%; the gated metric picks 3 sigma",Introduction,body,Introduction,"We give, to our knowledge, the first formal comparison showing that an ungated prognostic-horizon metric (the Saxena PH) produces a different and operationally misleading detector recommendation relative to the false-alarm-budgeted metric (Section 6.11, Table 15): on IMS the detectors PH ranks first by raw lead (Hotelling T 2, Isolation Forest, and the exponentially weighted moving average (EWMA) chart) each have no valid operating point at a 10% false-alarm budget, whereas our metric identifies 3σ as the deployable choice. 3.",C056,
C056@S03.002,claim,C056,"PH vs gated L: PH ranks Hotelling T2, IF, EWMA first, none valid at 10%; the gated metric picks 3 sigma","Prognostics, CBM, and Lead-Time Metrics",body,"Prognostics, CBM, and Lead-Time Metrics",Saxena et al.,C056,
C056@S03.003,claim,C056,"PH vs gated L: PH ranks Hotelling T2, IF, EWMA first, none valid at 10%; the gated metric picks 3 sigma","Prognostics, CBM, and Lead-Time Metrics",body,"Prognostics, CBM, and Lead-Time Metrics","(2008), Saxena et al.",C056,
C056@S03.005,claim,C056,"PH vs gated L: PH ranks Hotelling T2, IF, EWMA first, none valid at 10%; the gated metric picks 3 sigma","Prognostics, CBM, and Lead-Time Metrics",body,"Prognostics, CBM, and Lead-Time Metrics","(2011) propose a family of prognostic-performance metrics (prognostic horizon, α-λ accuracy, relative accuracy, and timeliness) that explicitly reward early, well-calibrated predictions.",C056,
C056@S03.009,claim,C056,"PH vs gated L: PH ranks Hotelling T2, IF, EWMA first, none valid at 10%; the gated metric picks 3 sigma","Prognostics, CBM, and Lead-Time Metrics",body,"Prognostics, CBM, and Lead-Time Metrics","The disagreement is not marginal: on IMS the detectors the prognostic horizon ranks first by raw lead (Hotelling T 2, Isolation Forest, and EWMA) each have no valid operating point at a 10% false-alarm budget, while our metric identifies 3σ as the deployable choice.",C056,
C056@S21.004,claim,C056,"PH vs gated L: PH ranks Hotelling T2, IF, EWMA first, none valid at 10%; the gated metric picks 3 sigma",Lead Time and Confidence Intervals on IMS,body,Lead Time and Confidence Intervals on IMS,"Once the budget is enforced, 3σ and Deep SVDD are the deployable choices, a reordering we make precise as a formal comparison against the Saxena prognostic horizon in Section 6.11.",C056,
C056@S30.002,claim,C056,"PH vs gated L: PH ranks Hotelling T2, IF, EWMA first, none valid at 10%; the gated metric picks 3 sigma",Comparison with the Saxena Prognostic Horizon,body,Comparison with the Saxena Prognostic Horizon,"We test this against the most widely used ungated warning-time metric— the Saxena prognostic horizon (PH) (Saxena et al., 2008, 2010)—and show that on IMS it makes a different, and operationally wrong, detector recommendation.",C056,
C056@S30.003,claim,C056,"PH vs gated L: PH ranks Hotelling T2, IF, EWMA first, none valid at 10%; the gated metric picks 3 sigma",Comparison with the Saxena Prognostic Horizon,body,Comparison with the Saxena Prognostic Horizon,"The PH is the interval between a detector’s first alarm and failure, PH = max(0, (tf -FAT)/3600) hours, with no falsealarm constraint.",C056,
C056@S30.005,claim,C056,"PH vs gated L: PH ranks Hotelling T2, IF, EWMA first, none valid at 10%; the gated metric picks 3 sigma",Comparison with the Saxena Prognostic Horizon,body,Comparison with the Saxena Prognostic Horizon,PH is maximized by the latch-on detector.,C056,
C056@S30.006,claim,C056,"PH vs gated L: PH ranks Hotelling T2, IF, EWMA first, none valid at 10%; the gated metric picks 3 sigma",Comparison with the Saxena Prognostic Horizon,body,Comparison with the Saxena Prognostic Horizon,A detector that alarms from the first sample earns the entire record as prognostic horizon.,C056,
C056@S30.007,claim,C056,"PH vs gated L: PH ranks Hotelling T2, IF, EWMA first, none valid at 10%; the gated metric picks 3 sigma",Comparison with the Saxena Prognostic Horizon,body,Comparison with the Saxena Prognostic Horizon,"On the three IMS runs this constant-on detector earns the full run length as prognostic horizon (164- 1073 h) while flooding the pre-onset region (FARpre ≈ 1), so the gated metric scores it invalid on every run (L = 0); the oracle firing just after t+o is the mirror image, at zero preonset false alarms and the maximum achievable lead (12.9, 62.5 and 44.5 h).",C056,
C056@S30.008,claim,C056,"PH vs gated L: PH ranks Hotelling T2, IF, EWMA first, none valid at 10%; the gated metric picks 3 sigma",Comparison with the Saxena Prognostic Horizon,body,Comparison with the Saxena Prognostic Horizon,Under PH the latch-on detector is the clear winner; under L it is scored worthless.,C056,
C056@S30.009,claim,C056,"PH vs gated L: PH ranks Hotelling T2, IF, EWMA first, none valid at 10%; the gated metric picks 3 sigma",Comparison with the Saxena Prognostic Horizon,body,Comparison with the Saxena Prognostic Horizon,PH and L disagree on the real ranking.,C056,
C056@S30.010,claim,C056,"PH vs gated L: PH ranks Hotelling T2, IF, EWMA first, none valid at 10%; the gated metric picks 3 sigma",Comparison with the Saxena Prognostic Horizon,body,Comparison with the Saxena Prognostic Horizon,The latch-on case is a worst-case existence proof; the more damaging point is that PH and L disagree on deployable detectors evaluated at their own best operating points.,C056,
C056@S30.011,claim,C056,"PH vs gated L: PH ranks Hotelling T2, IF, EWMA first, none valid at 10%; the gated metric picks 3 sigma",Comparison with the Saxena Prognostic Horizon,body,Comparison with the Saxena Prognostic Horizon,Table 15 ranks the seven nonsequence detectors on IMS by their best raw lead (PH) and by their best lead at an operating point within the τ = 10% budget (L).,C056,
C056@S30.013,claim,C056,"PH vs gated L: PH ranks Hotelling T2, IF, EWMA first, none valid at 10%; the gated metric picks 3 sigma",Comparison with the Saxena Prognostic Horizon,body,Comparison with the Saxena Prognostic Horizon,"The four detectors PH ranks highest (Hotelling T 2 176.9 h, Isolation Forest 174.7 h, EWMA 89.1 h, and CUSUM 65.0 h) each have no valid operating point under a 10% false-alarm budget, so their gated lead is L = 0.",C056,
C056@S30.014,claim,C056,"PH vs gated L: PH ranks Hotelling T2, IF, EWMA first, none valid at 10%; the gated metric picks 3 sigma",Comparison with the Saxena Prognostic Horizon,body,Comparison with the Saxena Prognostic Horizon,"The detector PH ranks only fourth, 3σ (77.0 h raw), is the one that actually clears the budget (56.3 h of lead at 8.9% pre-onset FAR) and is the correct recommendation; Deep SVDD, ranked last of the seven by PH, rises to a valid 14.8 h.",C056,
C056@S30.015,claim,C056,"PH vs gated L: PH ranks Hotelling T2, IF, EWMA first, none valid at 10%; the gated metric picks 3 sigma",Comparison with the Saxena Prognostic Horizon,body,Comparison with the Saxena Prognostic Horizon,"The three deep reconstruction models (omitted from the sweep) would sit above all of these by PH, with raw leads of 183-198 h (Table 2), while alarming through 61-100% of every pre-onset region, i.e.",C056,
C056@S30.016,claim,C056,"PH vs gated L: PH ranks Hotelling T2, IF, EWMA first, none valid at 10%; the gated metric picks 3 sigma",Comparison with the Saxena Prognostic Horizon,body,Comparison with the Saxena Prognostic Horizon,L = 0: the most extreme illustration that PH rewards precisely the detectors a false-alarm-budgeted operator must avoid.,C056,
C056@S30.018,claim,C056,"PH vs gated L: PH ranks Hotelling T2, IF, EWMA first, none valid at 10%; the gated metric picks 3 sigma",Comparison with the Saxena Prognostic Horizon,body,Comparison with the Saxena Prognostic Horizon,Our metric closes this by construction; the Saxena PH does not.,C056,
C056@S30.019,claim,C056,"PH vs gated L: PH ranks Hotelling T2, IF, EWMA first, none valid at 10%; the gated metric picks 3 sigma",Comparison with the Saxena Prognostic Horizon,body,Comparison with the Saxena Prognostic Horizon,"The distinction is not theoretical: on IMS it changes the recommended detector from the ones PH ranks first by raw lead to 3σ, the only classical chart with a valid operating point at a 10% budget. 6.12.",C056,
C056@tab:phrank.cap01,claim,C056,"PH vs gated L: PH ranks Hotelling T2, IF, EWMA first, none valid at 10%; the gated metric picks 3 sigma",tab:phrank,caption,tab:phrank,"Detector rankings on IMS: Saxena prognostic horizon (PH, ungated best raw lead) vs. the gated metric L (best lead at an operating point within the τ = 10% budget).",C056,
C056@tab:phrank.cap02,claim,C056,"PH vs gated L: PH ranks Hotelling T2, IF, EWMA first, none valid at 10%; the gated metric picks 3 sigma",tab:phrank,caption,tab:phrank,"The rankings invert at the top: the detectors PH ranks best have no valid operating point, while 3σ—PH’s fourth—is the deployable winner. ∗RMS-trend is valid only at the loosest threshold and on one of three runs.",C056,
C057@S04.013,claim,C057,CUSUM/EWMA have no valid operating point on IMS at 10%: pre-onset FAR 19.0-19.8% / 19.0-22.1%,Anomaly Detectors and Control Charts,body,Anomaly Detectors and Control Charts,"CUSUM, whose optimality theory this is, has no valid operating point on IMS at a 10% budget, because its pre-onset false-alarm rate sits at 19.0-19.8% across every threshold we sweep. 2.3.",C057,
C057@S28.007,claim,C057,CUSUM/EWMA have no valid operating point on IMS at 10%: pre-onset FAR 19.0-19.8% / 19.0-22.1%,Lead-Time--vs--False-Alarm Trade-off,body,Lead-Time--vs--False-Alarm Trade-off,"EWMA and CUSUM behave the same way: their preonset FAR sits at 19.0-22.1% across the swept thresholds, never dipping below the budget, so neither has a valid operating point: the two memory-based control charts share this liability and neither should be recommended under a 10% budget.",C057,
C057@S29.003,claim,C057,CUSUM/EWMA have no valid operating point on IMS at 10%: pre-onset FAR 19.0-19.8% / 19.0-22.1%,Feature-Group Ablation,body,Feature-Group Ablation,"For the memory-based control charts it sharpens: rms_only is the unique group at which 3σ and EWMA reach full validity (1.00 at 0% pre-onset FAR), and spectral/envelope/all collapse all four SPC charts to 0.33 by driving their preonset FAR to 42-63%—the variance-sensitive charts react violently to the noisy extra dimensions.",C057,
C058@S04.005,claim,C058,Published FEMTO/XJTU RUL scores are not comparable to gated lead time (category error),Anomaly Detectors and Control Charts,body,Anomaly Detectors and Control Charts,"The FEMTO/PRONOSTIA and XJTU-SY campaigns are best known through the IEEE PHM 2012 challenge and subsequent remaining-useful-life (RUL) studies (Wang, Lei, Li, & Li, 2020; Nectoux et al., 2012), whose leading methods report a RUL-error score on the deliberately truncated Test/Validation copies of the bearings.",C058,
C058@S04.006,claim,C058,Published FEMTO/XJTU RUL scores are not comparable to gated lead time (category error),Anomaly Detectors and Control Charts,body,Anomaly Detectors and Control Charts,"Those numbers are not directly comparable to ours for two structural reasons: (i) they estimate a continuous RUL on runs with no observed failure, whereas our metric measures early-warning lead time on the complete run-to-failure trajectory and gates it on a pre-onset false-alarm budget; and (ii) they do not report a false-alarm rate at all, so a method’s RUL score says nothing about whether its alarm would survive our τ gate—the very quantity we argue is decisive.",C058,
C058@S04.007,claim,C058,Published FEMTO/XJTU RUL scores are not comparable to gated lead time (category error),Anomaly Detectors and Control Charts,body,Anomaly Detectors and Control Charts,"We therefore do not tabulate their RUL scores against our lead times, which would be a category error.",C058,
C058@S08.012,claim,C058,Published FEMTO/XJTU RUL scores are not comparable to gated lead time (category error),Datasets,body,Datasets,"Using it for the headline would be a category error, and we say so rather than pad the dataset count.",C058,
C059@S21.002,claim,C059,Deep reconstruction models post the longest raw IMS leads (183-198 h) but have no valid operating point,Lead Time and Confidence Intervals on IMS,body,Lead Time and Confidence Intervals on IMS,"On raw lead alone the three deep reconstruction models top the table, followed by the one-class SVM, with Hotelling T 2 leading the control charts.",C059,D3
C059@S21.005,claim,C059,Deep reconstruction models post the longest raw IMS leads (183-198 h) but have no valid operating point,Lead Time and Confidence Intervals on IMS,body,Lead Time and Confidence Intervals on IMS,"The three deep reconstruction models post raw leads of 183- 198 h but score L = 0 on all three IMS runs (valid-alarm fraction 0/3), because at the 97.5th-percentile operating threshold their pre-onset FAR ranges from 61% on test 3 to 100% on tests 1-2, far above the τ = 10% budget.",C059,D3
C059@S30.015,claim,C059,Deep reconstruction models post the longest raw IMS leads (183-198 h) but have no valid operating point,Comparison with the Saxena Prognostic Horizon,body,Comparison with the Saxena Prognostic Horizon,"The three deep reconstruction models (omitted from the sweep) would sit above all of these by PH, with raw leads of 183-198 h (Table 2), while alarming through 61-100% of every pre-onset region, i.e.",C059,D3
C060@S21.005,claim,C060,Deep models score L=0 on all IMS runs at the 97.5th percentile; pre-onset FAR 61-100%,Lead Time and Confidence Intervals on IMS,body,Lead Time and Confidence Intervals on IMS,"The three deep reconstruction models post raw leads of 183- 198 h but score L = 0 on all three IMS runs (valid-alarm fraction 0/3), because at the 97.5th-percentile operating threshold their pre-onset FAR ranges from 61% on test 3 to 100% on tests 1-2, far above the τ = 10% budget.",C060,D3
C060@S30.015,claim,C060,Deep models score L=0 on all IMS runs at the 97.5th percentile; pre-onset FAR 61-100%,Comparison with the Saxena Prognostic Horizon,body,Comparison with the Saxena Prognostic Horizon,"The three deep reconstruction models (omitted from the sweep) would sit above all of these by PH, with raw leads of 183-198 h (Table 2), while alarming through 61-100% of every pre-onset region, i.e.",C060,D3
C061@S21.006,claim,C061,"LSTM-AE is valid at the 99.5th percentile on test 3 alone (59.7 h, 4.19% FAR, stable over ten seeds)",Lead Time and Confidence Intervals on IMS,body,Lead Time and Confidence Intervals on IMS,"Sweeping the alarm threshold changes this only once: across the percentiles of Table 13, which lists all three deep reconstruction models as rows, TCN-AE and Transformer-AD attain no valid operating point at any level tested, while LSTM-AE attains one at the 99.5th percentile on test 3 alone (59.7 h of lead at 4.19% preonset FAR, unchanged across ten random seeds), leaving its valid-alarm fraction at 1/3.",C061,D3
C061@tab:farbudget.cap02,claim,C061,"LSTM-AE is valid at the 99.5th percentile on test 3 alone (59.7 h, 4.19% FAR, stable over ten seeds)",tab:farbudget,caption,tab:farbudget,"The gate here is applied to the le pre-onset FAR averaged across the three runs, so a detector w can hold a valid operating point on an individual run and still th show 0.0 in this table: LSTM-AE is exactly that case, with co a mean pre-onset FAR of 62.00% at the 99.5th percentile but po 4.19% FAR and 59.67 h of valid lead on 3rd_test alone. se A zero row here therefore does not mean a detector has no 99 valid operating point at any threshold; per-run validity is re- (6 ported in Table 13 and Section 6.",C061,D3
C062@S01.028,claim,C062,Under the budget 3 sigma and Deep SVDD are the deployable choices,Introduction,body,Introduction,"We give, to our knowledge, the first formal comparison showing that an ungated prognostic-horizon metric (the Saxena PH) produces a different and operationally misleading detector recommendation relative to the false-alarm-budgeted metric (Section 6.11, Table 15): on IMS the detectors PH ranks first by raw lead (Hotelling T 2, Isolation Forest, and the exponentially weighted moving average (EWMA) chart) each have no valid operating point at a 10% false-alarm budget, whereas our metric identifies 3σ as the deployable choice. 3.",C062,
C062@S03.009,claim,C062,Under the budget 3 sigma and Deep SVDD are the deployable choices,"Prognostics, CBM, and Lead-Time Metrics",body,"Prognostics, CBM, and Lead-Time Metrics","The disagreement is not marginal: on IMS the detectors the prognostic horizon ranks first by raw lead (Hotelling T 2, Isolation Forest, and EWMA) each have no valid operating point at a 10% false-alarm budget, while our metric identifies 3σ as the deployable choice.",C062,
C062@S21.004,claim,C062,Under the budget 3 sigma and Deep SVDD are the deployable choices,Lead Time and Confidence Intervals on IMS,body,Lead Time and Confidence Intervals on IMS,"Once the budget is enforced, 3σ and Deep SVDD are the deployable choices, a reordering we make precise as a formal comparison against the Saxena prognostic horizon in Section 6.11.",C062,
C062@S22.017,claim,C062,Under the budget 3 sigma and Deep SVDD are the deployable choices,Sensitivity of the Onset Definition,body,Sensitivity of the Onset Definition,"The 3σ valid-alarm fraction is 0.67 at every persistence at full resolution; pooled over the sampling sweep it falls from 0.67 at persistence 1 and 3 to 0.53 at 5 and 0.33 at 10, so a longer filter costs the deployable chart valid alarms at SCADA rates.",C062,
C062@S30.010,claim,C062,Under the budget 3 sigma and Deep SVDD are the deployable choices,Comparison with the Saxena Prognostic Horizon,body,Comparison with the Saxena Prognostic Horizon,The latch-on case is a worst-case existence proof; the more damaging point is that PH and L disagree on deployable detectors evaluated at their own best operating points.,C062,
C062@tab:phrank.cap02,claim,C062,Under the budget 3 sigma and Deep SVDD are the deployable choices,tab:phrank,caption,tab:phrank,"The rankings invert at the top: the detectors PH ranks best have no valid operating point, while 3σ—PH’s fourth—is the deployable winner. ∗RMS-trend is valid only at the loosest threshold and on one of three runs.",C062,
C063@S22.004,claim,C063,"IMS onset stable to k in {3,4,5}: moves < 2% of run span",Sensitivity of the Onset Definition,body,Sensitivity of the Onset Definition,"Across k ∈ {3, 4, 5} the onset moves by less than two percent of run span on every run.",C063,
C063@S37.017,claim,C063,"IMS onset stable to k in {3,4,5}: moves < 2% of run span",Limitations and Threats to Validity,body,Limitations and Threats to Validity,"The onset definition, although leakage-free and stable to its threshold multiplier across k ∈ {3, 4, 5} (Table 3), is not the ground-truth defect-initiation time, which is unobservable in these datasets.",C063,
C063@tab:onset.cap04,claim,C063,"IMS onset stable to k in {3,4,5}: moves < 2% of run span",tab:onset,caption,tab:onset,"The default onset is stable to k; it shifts materially under the decoupled indicators on the slow-degrading tests 2 and 3, but the headline is computed on raw lead and is unaffected by this choice.",C063,
C064@S12.012,claim,C064,"IMS test 1 onset at ~98% of span, ~12.9 h before failure; pre-onset region already contains degradation",Leakage-Free Degradation Onset,body,Leakage-Free Degradation Onset,"This accounts for the pattern in Table 3, where the abrupt first IMS test agrees across all three health indicators at 98-99% of span while the slow-degrading second and third tests move substantially.",C064,
C064@S22.005,claim,C064,"IMS test 1 onset at ~98% of span, ~12.9 h before failure; pre-onset region already contains degradation",Sensitivity of the Onset Definition,body,Sensitivity of the Onset Definition,"The table also exposes a structural fact about the first IMS test: its onset sits at ∼98% of run span, only ∼12.9 h before failure, so its “pre-onset” region is almost the entire record and may already contain early degradation—which returns to explain the conformal result below.",C064,
C064@S22.015,claim,C064,"IMS test 1 onset at ~98% of span, ~12.9 h before failure; pre-onset region already contains degradation",Sensitivity of the Onset Definition,body,Sensitivity of the Onset Definition,Test 1 agrees across all three definitions (∼98-99% of span).,C064,
C064@S25.004,claim,C064,"IMS test 1 onset at ~98% of span, ~12.9 h before failure; pre-onset region already contains degradation",Generalization to University of Ferrara ($n=6$ bearings),body,Generalization to University of Ferrara ($n=6$ bearings),"The larger per-run negatives (the -0.5 to -1.1 h entries) are all on E1, whose degradation onset sits within ∼0.1 h of failure (an abrupt, near-coincident-onset bearing analogous to IMS test 1), not a systematic aggregation penalty.",C064,
C064@S27.014,claim,C064,"IMS test 1 onset at ~98% of span, ~12.9 h before failure; pre-onset region already contains degradation",Multiple-Comparison Correction,body,Multiple-Comparison Correction,"Long-degrading bearings such as Bearing2_3 (533 min life) and Bearing1_3 (158 min) are warnable with multi-hour or near-hour lead, whereas the two shortest-lived, abrupt-failure bearings—Bearing2_4 (42 min) and Bearing1_1 (123 min with a sudden end)— yield zero valid alarms for any detector (2/10 bearings are thus unwarnable by every method), because their degradation onset and failure are nearly coincident and no method can manufacture warning time that the physics does not provide.",C064,
C064@S30.007,claim,C064,"IMS test 1 onset at ~98% of span, ~12.9 h before failure; pre-onset region already contains degradation",Comparison with the Saxena Prognostic Horizon,body,Comparison with the Saxena Prognostic Horizon,"On the three IMS runs this constant-on detector earns the full run length as prognostic horizon (164- 1073 h) while flooding the pre-onset region (FARpre ≈ 1), so the gated metric scores it invalid on every run (L = 0); the oracle firing just after t+o is the mirror image, at zero preonset false alarms and the maximum achievable lead (12.9, 62.5 and 44.5 h).",C064,
C064@S37.018,claim,C064,"IMS test 1 onset at ~98% of span, ~12.9 h before failure; pre-onset region already contains degradation",Limitations and Threats to Validity,body,Limitations and Threats to Validity,"A late onset—as on IMS test 1, where degradation and failure are nearly coincident—inflates the pre-onset region, can mark a genuine early detection invalid, and breaks the conformal exchangeability assumption (Table 11).",C064,
C064@S46.007,claim,C064,"IMS test 1 onset at ~98% of span, ~12.9 h before failure; pre-onset region already contains degradation",D.1 Generic Smoothing vs.\ Historian Averaging,body,D.1 Generic Smoothing vs.\ Historian Averaging,"The lone large negative in the table, the -7.94 h native-noise entry, is IMS test 1—the abrupt near-coincident-onset run whose degradation begins only ∼12 h before failure, the same run that violates the conformal guarantee (Table 11) and is unwarnable under every feature set.",C064,
C065@S22.007,claim,C065,"Short-bearing onset stability on sixteen bearings (median spread 1.0 / 0.15 / 1.6 pp; exceptions B1_2, B1_1 8.9 pts)",Sensitivity of the Onset Definition,body,Sensitivity of the Onset Definition,"Because the fixed-sample onset parameters (persistence 5, gap tolerance 10) are a larger fraction of a sub-2-hour bearing than of a multi-week IMS run, we repeat the k ∈ {3, 4, 5} sweep on all sixteen short bearings.",C065,
C065@S22.008,claim,C065,"Short-bearing onset stability on sixteen bearings (median spread 1.0 / 0.15 / 1.6 pp; exceptions B1_2, B1_1 8.9 pts)",Sensitivity of the Onset Definition,body,Sensitivity of the Onset Definition,"Every one yields an onset at the default k, including the shortest runs (XJTU Bearing2_4 at 42 min, FEMTO Bearing3_1 at 1.43 h), and the median across-k spread is 1.0 percentage points of run span on XJTU and 0.15 on FEMTO, versus 1.6 on IMS.",C065,
C065@S22.009,claim,C065,"Short-bearing onset stability on sixteen bearings (median spread 1.0 / 0.15 / 1.6 pp; exceptions B1_2, B1_1 8.9 pts)",Sensitivity of the Onset Definition,body,Sensitivity of the Onset Definition,"Two exceptions: XJTU Bearing1_2 fires at only one of the three k values, and FEMTO Bearing1_1 has the widest spread (8.9 points)—both short-lived bearings the per-bearing analysis already flags as hard.",C065,
C066@S22.010,claim,C066,Decoupled onset indicators move the onset (98.8% vs 61.9% on test 2); lead magnitudes depend on the indicator,Sensitivity of the Onset Definition,body,Sensitivity of the Onset Definition,Onset under a decoupled health indicator.,C066,
C066@S22.013,claim,C066,Decoupled onset indicators move the onset (98.8% vs 61.9% on test 2); lead magnitudes depend on the indicator,Sensitivity of the Onset Definition,body,Sensitivity of the Onset Definition,"The onset is not invariant: on the slow-degrading runs a kurtosis-only onset fires much later than the RMS-inclusive default (98.8% vs 61.9% of span on test 2), because amplitude rises before impulsiveness there, so absolute lead magnitudes do depend on the indicator.",C066,
C066@S40.009,claim,C066,Decoupled onset indicators move the onset (98.8% vs 61.9% on test 2); lead magnitudes depend on the indicator,Data and Code Availability,body,Data and Code Availability,"Released, so that the n = 1 case study can be repeated rather than merely inspected, are the derived files behind every ONGC number in this paper (all paths relative to results/tables/): the degradation health-indicator series in ongc_health_ indicator.csv, a single baseline-standardized scalar per 10 s timestamp aggregated over all four channels, with the run-level split, onset and failure markers in ongc_ onset_markers.csv—the published onset of 2023-1113 03:44 is recomputable from these two files alone, with no proprietary input, and the repository’s test suite asserts exactly that; per-detector lead time and pre-onset false-alarm rate, together with the full post-N-20 sampling sweep (both modes × five factors × eleven detectors, 110 rows), in n20_ rerun_long_ONGC.csv, with its aggregated and interval forms in benchmark_ONGC_aggregate_n20.csv and benchmark_ONGC_leadtime_ci_n20.csv; the per-detector median differences of Table 23 in n20_ongc_ minutes.csv; the paired-test outputs in benchmark_ ONGC_paired_test_n20.csv; the conformal calibration series behind Figure 4d in calibration_ONGC. csv and calibration_ONGC_pooled.csv; and the onset reruns under the two decoupled health indicators in rg3_rerun_long_ONGC_rms_kurt.csv and rg3_ rerun_long_ONGC_pca1.csv, both of which are the pre-N-20 arm, retained as provenance for the indicator comparison; no number reported here depends on them, and the aggregate-vs-decimate contrast is taken from the post-N-20 files named above.",C066,
C066@tab:onset.cap03,claim,C066,Decoupled onset indicators move the onset (98.8% vs 61.9% on test 2); lead magnitudes depend on the indicator,tab:onset,caption,tab:onset,"Right: two decoupled indicators that do not share the amplitude basis of the magnitude detectors, at the default k = 4.",C066,
C066@tab:onset.cap04,claim,C066,Decoupled onset indicators move the onset (98.8% vs 61.9% on test 2); lead magnitudes depend on the indicator,tab:onset,caption,tab:onset,"The default onset is stable to k; it shifts materially under the decoupled indicators on the slow-degrading tests 2 and 3, but the headline is computed on raw lead and is unaffected by this choice.",C066,
C067@S22.014,claim,C067,"The headline contrast uses raw lead, which contains no onset term, so it is unaffected by the onset definition",Sensitivity of the Onset Definition,body,Sensitivity of the Onset Definition,"The headline is unaffected: the aggregate-vs-decimate contrast is computed on raw lead time (Section 4.9), which contains no onset term.",C067,G3
C067@tab:onset.cap04,claim,C067,"The headline contrast uses raw lead, which contains no onset term, so it is unaffected by the onset definition",tab:onset,caption,tab:onset,"The default onset is stable to k; it shifts materially under the decoupled indicators on the slow-degrading tests 2 and 3, but the headline is computed on raw lead and is unaffected by this choice.",C067,G3
C068@S10.003,claim,C068,"Alarm-persistence sweep: median direction stable, run-level consistency not; 3 sigma pooled valid fraction 0.67 -> 0.53 -> 0.33",Problem Formulation and Notation,body,Problem Formulation and Notation,"A detector assigns a score st and, via a threshold and a persistence filter, an alarm indicator at ∈ {0, 1}.",C068,
C068@S14.013,claim,C068,"Alarm-persistence sweep: median direction stable, run-level consistency not; 3 sigma pooled valid fraction 0.67 -> 0.53 -> 0.33",Detectors,body,Detectors,"All non-conformal detectors alarm via a percentile threshold on training scores followed by a persistence filter, so the alarm semantics are identical across detectors and only the score differs.",C068,
C068@S22.016,claim,C068,"Alarm-persistence sweep: median direction stable, run-level consistency not; 3 sigma pooled valid fraction 0.67 -> 0.53 -> 0.33",Sensitivity of the Onset Definition,body,Sensitivity of the Onset Definition,"Sweeping the persistence filter (default 3 windows) over {1, 3, 5, 10} on IMS (Table 4a) leaves the median direction stable but not its run-level consistency: 3σ has one negative run at the default (n+/n- = 2/1, 3/0 elsewhere), EWMA is 2/1 at persistence 1, 3 and 5 and 3/0 only at 10, and Isolation Forest turns slightly negative at persistence 5 (-0.8 h).",C068,
C068@S22.017,claim,C068,"Alarm-persistence sweep: median direction stable, run-level consistency not; 3 sigma pooled valid fraction 0.67 -> 0.53 -> 0.33",Sensitivity of the Onset Definition,body,Sensitivity of the Onset Definition,"The 3σ valid-alarm fraction is 0.67 at every persistence at full resolution; pooled over the sampling sweep it falls from 0.67 at persistence 1 and 3 to 0.53 at 5 and 0.33 at 10, so a longer filter costs the deployable chart valid alarms at SCADA rates.",C068,
C068@tab:robust.cap02,claim,C068,"Alarm-persistence sweep: median direction stable, run-level consistency not; 3 sigma pooled valid fraction 0.67 -> 0.53 -> 0.33",tab:robust,caption,tab:robust,"(a) Alarm persistence on IMS: run-level median aggregate-decimate lead-time difference (h) and the 3σ fa valid-alarm fraction (at full resolution, and pooled over the is five sampling factors) at persistence ∈ {1, 3, 5, 10} windows. un The median direction is stable; the pooled 3σ valid-alarm lo fraction halves by persistence 10.",C068,
C069@S22.020,claim,C069,"Historian gaps over five draws: all detectors within +-1 h at 20% except Hotelling T2 on IMS (mean -51.2 h, bimodal 0-128.1 h)",Sensitivity of the Onset Definition,body,Sensitivity of the Onset Definition,"A single random draw cannot separate a gap effect from the draw, so we repeat every gap level over five independent draws and state magnitudes only from the across-draw result.",C069,Corrections
C069@S22.023,claim,C069,"Historian gaps over five draws: all detectors within +-1 h at 20% except Hotelling T2 on IMS (mean -51.2 h, bimodal 0-128.1 h)",Sensitivity of the Onset Definition,body,Sensitivity of the Onset Definition,"The exception is Hotelling T 2 on IMS, which loses 51.2 h on average at 20% missing—but that loss is bimodal across draws, ranging from 0 to 128.1 h, because it turns entirely on whether the draw removes the rows carrying IMS test 3’s early alarm.",C069,Corrections
C069@S22.025,claim,C069,"Historian gaps over five draws: all detectors within +-1 h at 20% except Hotelling T2 on IMS (mean -51.2 h, bimodal 0-128.1 h)",Sensitivity of the Onset Definition,body,Sensitivity of the Onset Definition,An earlier single-draw run reported a 128.1 h collapse already at 5%; that figure is a property of that one draw and we do not state it.,C069,Corrections
C069@S22.027,claim,C069,"Historian gaps over five draws: all detectors within +-1 h at 20% except Hotelling T2 on IMS (mean -51.2 h, bimodal 0-128.1 h)",Sensitivity of the Onset Definition,body,Sensitivity of the Onset Definition,"The bounded statement is therefore narrower than the sampling result, and we scope it accordingly: at 20% missing rows the univariate control charts and Isolation Forest lose at most 1 h of warning time on either dataset, while the detector that depends on a full covariance estimate, Hotelling T 2, can lose far more on a short-runway dataset—though whether it does is draw-dependent at n = 3.",C069,Corrections
C069@tab:robust.cap03,claim,C069,"Historian gaps over five draws: all detectors within +-1 h at 20% except Hotelling T2 on IMS (mean -51.2 h, bimodal 0-128.1 h)",tab:robust,caption,tab:robust,"(b) Historian gaps: mean valid lead time (h) under random gaps of 0%, 5% and 20%, averaged over the runs on which the alarm is valid and then 6 over five independent gap draws per level (defect D18): one Te draw cannot separate a gap effect from the draw.",C069,Corrections
C069@tab:robust.cap05,claim,C069,"Historian gaps over five draws: all detectors within +-1 h at 20% except Hotelling T2 on IMS (mean -51.2 h, bimodal 0-128.1 h)",tab:robust,caption,tab:robust,"Only one (c cell is materially draw-dependent: Hotelling T 2 on IMS at te 20%, which ranges from 58.0 to 186.1 h over the five draws. sig Every other cell varies by less than 3.4 h on IMS and 0.37 h on XJTU-SY across draws. re do",C069,Corrections
C070@S22.020,claim,C070,An earlier single-draw 128.1 h collapse at 5% is a property of that draw and is not stated,Sensitivity of the Onset Definition,body,Sensitivity of the Onset Definition,"A single random draw cannot separate a gap effect from the draw, so we repeat every gap level over five independent draws and state magnitudes only from the across-draw result.",C070,Corrections
C070@S22.025,claim,C070,An earlier single-draw 128.1 h collapse at 5% is a property of that draw and is not stated,Sensitivity of the Onset Definition,body,Sensitivity of the Onset Definition,An earlier single-draw run reported a 128.1 h collapse already at 5%; that figure is a property of that one draw and we do not state it.,C070,Corrections
C071@S22.028,claim,C071,"Gap-tolerance is claimed for univariate charts and IF, explicitly not for Hotelling T2",Sensitivity of the Onset Definition,body,Sensitivity of the Onset Definition,"We claim gap-tolerance for the univariate charts and Isolation Forest at this magnitude of loss, and explicitly not for Hotelling T 2.",C071,
C072@S26.002,claim,C072,Under decimation IMS lead degrades faster (3 sigma 64.6 -> 24.8 h at 10x); aggregation holds it,Aggregate vs Decimate on IMS: a Positive but Inconsistent Median Shift,body,Aggregate vs Decimate on IMS: a Positive but Inconsistent Median Shift,"Under aggregation, lead time remains high and stable as the interval coarsens; under decimation it degrades faster, with 3σ and Isolation Forest collapsing at coarse intervals (for example, 3σ falls from 64.6 h at full rate to 24.8 h at a 10× decimation, while aggregation holds it near 64.6 h).",C072,
C072@fig:sweep.cap02,claim,C072,Under decimation IMS lead degrades faster (3 sigma 64.6 -> 24.8 h at 10x); aggregation holds it,fig:sweep,caption,fig:sweep,"Aggregation (left) preserves lead time as the interval coarsens far better than decimation (right), where the variance-sensitive detectors collapse at coarse rates.",C072,
C073@S26.003,claim,C073,Few-windows regime at the largest factor is annotated rather than hidden,Aggregate vs Decimate on IMS: a Positive but Inconsistent Median Shift,body,Aggregate vs Decimate on IMS: a Positive but Inconsistent Median Shift,"The upturn at the very largest factor reflects the fewwindows regime, where only one or two runs survive and the mean is no longer comparable; we annotate rather than hide it.",C073,
C073@S37.022,claim,C073,Few-windows regime at the largest factor is annotated rather than hidden,Limitations and Threats to Validity,body,Limitations and Threats to Validity,The controlled sampling sweep holds window content and persistence constant so that the aggregate-vs-decimate contrast isolates information loss; the few-windows regime at the largest coarsening factor is annotated rather than hidden.,C073,
C074@S26.008,claim,C074,IMS: only CUSUM and Hotelling T2 are sign-consistent,Aggregate vs Decimate on IMS: a Positive but Inconsistent Median Shift,body,Aggregate vs Decimate on IMS: a Positive but Inconsistent Median Shift,"The direction is therefore a positive median for the chart/distance detectors, but not a consistent one—aggregation shortens the lead time of 3σ, EWMA and Isolation Forest on one run each—and with only n = 3 independent runs the exact sign test cannot fall below p = 0.25, a floor that only CUSUM and Hotelling T 2 reach (Section 4.9); nothing is statistically significant or survives Holm correction.",C074,
C074@S37.003,claim,C074,IMS: only CUSUM and Hotelling T2 are sign-consistent,Limitations and Threats to Validity,body,Limitations and Threats to Validity,"The IMS “aggregation helps” tendency is a positive-median but non-significant trend, sign-consistent only for CUSUM and Hotelling T 2 (n = 3; Table 7) and does not replicate on the larger XJTU or FEMTO sets (Table 5)—on FEMTO the only sign-consistent detectors, LSTM-AE and Transformer-AD, are negative; we therefore claim only non-destruction as the cross-dataset headline, not a positive effect.",C074,
C075@S17.007,claim,C075,Candidate mechanism: bin-averaging is a low-pass filter suppressing single-window noise,At What Level Coarsening Is Applied,body,At What Level Coarsening Is Applied,"Averaging a raw waveform is a low-pass filter and does attenuate the impulsive transients that mark an incipient spall; we neither test nor dispute that, and Section 8 names it as the complementary study.",C075,
C075@S26.010,claim,C075,Candidate mechanism: bin-averaging is a low-pass filter suppressing single-window noise,Aggregate vs Decimate on IMS: a Positive but Inconsistent Median Shift,body,Aggregate vs Decimate on IMS: a Positive but Inconsistent Median Shift,"The candidate mechanism is that bin-averaging acts as a low-pass filter suppressing single-window noise in the health statistic, so the alarm threshold is crossed earlier and held more persistently than under decimation.",C075,
C075@S34.001,claim,C075,Candidate mechanism: bin-averaging is a low-pass filter suppressing single-window noise,Why the IMS Trend Appears but Is Neutral Elsewhere,body,Why the IMS Trend Appears but Is Neutral Elsewhere,"The IMS trend has a clean candidate mechanism: binaveraging is a low-pass filter that removes single-window noise spikes, so the variance-sensitive control charts (3σ, EWMA) cross and hold their thresholds earlier under aggregation than under decimation, which keeps the spikes.",C075,
C075@S46.001,claim,C075,Candidate mechanism: bin-averaging is a low-pass filter suppressing single-window noise,D.1 Generic Smoothing vs.\ Historian Averaging,body,D.1 Generic Smoothing vs.\ Historian Averaging,"The IMS trend admits a clean candidate mechanism: binaveraging is a low-pass filter that suppresses single-window noise in the health statistic, letting the alarm threshold be crossed earlier and held more persistently than under decimation.",C075,
C075@S46.008,claim,C075,Candidate mechanism: bin-averaging is a low-pass filter suppressing single-window noise,D.1 Generic Smoothing vs.\ Historian Averaging,body,D.1 Generic Smoothing vs.\ Historian Averaging,"This is the qualitative signature of a low-pass mechanism—the noisier the health signal, the more bin-averaging helps.",C075,
C076@S23.002,claim,C076,"XJTU: median difference 0 h for ten of eleven detectors (IF -0.10 h), p >= 0.18, no consistent direction",Generalization to XJTU-SY ($n=10$ bearings),body,Generalization to XJTU-SY ($n=10$ bearings),"Table 5 (XJTU-SY rows) shows that the IMS “aggregation helps” trend does not replicate: at the run level (collapsing factors, n = 10) the median difference is 0 h for ten of the eleven detectors (-0.10 h for Isolation Forest), the sign test is non-significant for all (p ≥ 0.18), and no direction is consistent across bearings.",C076,
C076@S37.003,claim,C076,"XJTU: median difference 0 h for ten of eleven detectors (IF -0.10 h), p >= 0.18, no consistent direction",Limitations and Threats to Validity,body,Limitations and Threats to Validity,"The IMS “aggregation helps” tendency is a positive-median but non-significant trend, sign-consistent only for CUSUM and Hotelling T 2 (n = 3; Table 7) and does not replicate on the larger XJTU or FEMTO sets (Table 5)—on FEMTO the only sign-consistent detectors, LSTM-AE and Transformer-AD, are negative; we therefore claim only non-destruction as the cross-dataset headline, not a positive effect.",C076,
C077@S23.004,claim,C077,XJTU: 209/450 valid alarms over the five window-magnitude detectors; strong per-bearing heterogeneity,Generalization to XJTU-SY ($n=10$ bearings),body,Generalization to XJTU-SY ($n=10$ bearings),"Lead times are short in absolute terms (0-3.5 h) because XJTU bearings are short-lived (52-533 min); over the five window-magnitude detectors (the three SPC charts 3σ/EWMA/Hotelling, Isolation Forest, and the RMS-trend floor, the same five tallied per bearing in Table 9), 209/450 evaluations yield a valid alarm, with marked heterogeneity: the shortest-lived and the abruptfailure bearings are hard or impossible to warn on under any mechanism.",C077,
C077@S27.008,claim,C077,XJTU: 209/450 valid alarms over the five window-magnitude detectors; strong per-bearing heterogeneity,Multiple-Comparison Correction,body,Multiple-Comparison Correction,"We note that the family is heterogeneous in power: the three deep sequence models contribute n = 3 XJTU tests rather than n = 10 (marked ‡ in Table 8), and those three cells rest on the longest-lived—hence most warnable—bearings.",C077,
C077@S27.009,claim,C077,XJTU: 209/450 valid alarms over the five window-magnitude detectors; strong per-bearing heterogeneity,Multiple-Comparison Correction,body,Multiple-Comparison Correction,"Because every uncorrected p in the family already exceeds 0.1, this heterogeneity does not change any rejection decision; we flag it so the N = 44 count is not read as forty-four equallypowered tests.",C077,
C077@S27.013,claim,C077,XJTU: 209/450 valid alarms over the five window-magnitude detectors; strong per-bearing heterogeneity,Multiple-Comparison Correction,body,Multiple-Comparison Correction,The aggregate 209/450 valid-alarm figure quoted above is not uniform: it is the sum of a strongly heterogeneous per-bearing picture.,C077,
C078@S23.005,claim,C078,XJTU deep models mostly N/A (76/90 cells); halving sequence length to 15 does not help,Generalization to XJTU-SY ($n=10$ bearings),body,Generalization to XJTU-SY ($n=10$ bearings),"The deep sequence models are mostly N/A here: only the three longest-lived bearings furnish enough feature windows to form a length-30 sequence (76/90 cells N/A per deep model), a consequence of short runs rather than a tuning failure, and where they do run they too show a null aggregatevs-decimate difference.",C078,
C078@S23.006,claim,C078,XJTU deep models mostly N/A (76/90 cells); halving sequence length to 15 does not help,Generalization to XJTU-SY ($n=10$ bearings),body,Generalization to XJTU-SY ($n=10$ bearings),"Halving the sequence length to 15 windows does not change this picture: it makes only one additional short bearing usable and the deep reconstruction models still yield a valid alarm on at most one of the ten bearings, so trading sequence context for a marginally larger sample does not make them competitive with the SPC charts.",C078,
C079@S27.014,claim,C079,"XJTU per-bearing: 2/10 bearings unwarnable by any detector (Bearing2_4, Bearing1_1)",Multiple-Comparison Correction,body,Multiple-Comparison Correction,"Long-degrading bearings such as Bearing2_3 (533 min life) and Bearing1_3 (158 min) are warnable with multi-hour or near-hour lead, whereas the two shortest-lived, abrupt-failure bearings—Bearing2_4 (42 min) and Bearing1_1 (123 min with a sudden end)— yield zero valid alarms for any detector (2/10 bearings are thus unwarnable by every method), because their degradation onset and failure are nearly coincident and no method can manufacture warning time that the physics does not provide.",C079,
C079@S37.019,claim,C079,"XJTU per-bearing: 2/10 bearings unwarnable by any detector (Bearing2_4, Bearing1_1)",Limitations and Threats to Validity,body,Limitations and Threats to Validity,"The per-bearing XJTU breakdown (Table 9) shows the same effect: bearings whose physics provides essentially no warning runway score zero valid alarms regardless of detector, which is correct behavior but means the valid-alarm fraction is partly a property of the bearings, not only of the methods.",C079,
C079@S46.007,claim,C079,"XJTU per-bearing: 2/10 bearings unwarnable by any detector (Bearing2_4, Bearing1_1)",D.1 Generic Smoothing vs.\ Historian Averaging,body,D.1 Generic Smoothing vs.\ Historian Averaging,"The lone large negative in the table, the -7.94 h native-noise entry, is IMS test 1—the abrupt near-coincident-onset run whose degradation begins only ∼12 h before failure, the same run that violates the conformal guarantee (Table 11) and is unwarnable under every feature set.",C079,
C080@S24.002,claim,C080,FEMTO: every detector runs on n=6; medians within +-9 min; LSTM-AE and Transformer-AD sign-consistent negative,Generalization to FEMTO/PRONOSTIA ($n=6$ bearings),body,Generalization to FEMTO/PRONOSTIA ($n=6$ bearings),"Table 5 (FEMTO rows) shows the same verdict as XJTU: at the run level the median aggregate-decimate difference is within ±9 min for every detector, only LSTM-AE and Transformer-AD are sign-consistent, both negative (0/3 and 0/4 non-zero runs), and the smallest sign-test p is 0.125 (Transformer-AD, raw)—which does not survive the Holm correction across the family (Table 8).",C080,
C080@S37.003,claim,C080,FEMTO: every detector runs on n=6; medians within +-9 min; LSTM-AE and Transformer-AD sign-consistent negative,Limitations and Threats to Validity,body,Limitations and Threats to Validity,"The IMS “aggregation helps” tendency is a positive-median but non-significant trend, sign-consistent only for CUSUM and Hotelling T 2 (n = 3; Table 7) and does not replicate on the larger XJTU or FEMTO sets (Table 5)—on FEMTO the only sign-consistent detectors, LSTM-AE and Transformer-AD, are negative; we therefore claim only non-destruction as the cross-dataset headline, not a positive effect.",C080,
C080@tab:crossds.cap03,claim,C080,FEMTO: every detector runs on n=6; medians within +-9 min; LSTM-AE and Transformer-AD sign-consistent negative,tab:crossds,caption,tab:crossds,"No detector is signif- he icant after Holm correction (Table 8); on FEMTO the only sign-consistent detectors, LSTM-AE and Transformer-AD, sm are both negative, and on Ferrara none is sign-consistent. sig sta",C080,
C081@S24.007,claim,C081,FEMTO: 211/660 evaluations yield a valid alarm,Generalization to FEMTO/PRONOSTIA ($n=6$ bearings),body,Generalization to FEMTO/PRONOSTIA ($n=6$ bearings),"Across all eleven evaluated detectors (every one runs on the full n = 6), 211/660 evaluations yield a valid alarm; as on XJTU, the short-lived bearings (∼1.4-7.8 h) keep absolute lead times small.",C081,
C082@S08.016,claim,C082,"Ferrara: medians within +-5 min, none sign-consistent, smallest p 0.219 (CUSUM); E1 negatives from abrupt onset",Datasets,body,Datasets,"Operating conditions are fixed, making the dataset directly compatible with our onset detector without normalization; we use all six available runs (E1-E6).",C082,
C082@S25.002,claim,C082,"Ferrara: medians within +-5 min, none sign-consistent, smallest p 0.219 (CUSUM); E1 negatives from abrupt onset",Generalization to University of Ferrara ($n=6$ bearings),body,Generalization to University of Ferrara ($n=6$ bearings),"Table 5 (Ferrara rows) gives the same verdict as XJTU-SY and FEMTO: at the run level the median aggregate-decimate difference is within ±5 min for every detector, no detector is sign-consistent across the six bearings, and the smallest sign-test p is 0.219 (CUSUM)—not significant even before correction.",C082,
C082@S25.004,claim,C082,"Ferrara: medians within +-5 min, none sign-consistent, smallest p 0.219 (CUSUM); E1 negatives from abrupt onset",Generalization to University of Ferrara ($n=6$ bearings),body,Generalization to University of Ferrara ($n=6$ bearings),"The larger per-run negatives (the -0.5 to -1.1 h entries) are all on E1, whose degradation onset sits within ∼0.1 h of failure (an abrupt, near-coincident-onset bearing analogous to IMS test 1), not a systematic aggregation penalty.",C082,
C083@S27.008,claim,C083,Family is heterogeneous in power (deep models n=3 on XJTU); every uncorrected p already exceeds 0.1,Multiple-Comparison Correction,body,Multiple-Comparison Correction,"We note that the family is heterogeneous in power: the three deep sequence models contribute n = 3 XJTU tests rather than n = 10 (marked ‡ in Table 8), and those three cells rest on the longest-lived—hence most warnable—bearings.",C083,
C083@S27.009,claim,C083,Family is heterogeneous in power (deep models n=3 on XJTU); every uncorrected p already exceeds 0.1,Multiple-Comparison Correction,body,Multiple-Comparison Correction,"Because every uncorrected p in the family already exceeds 0.1, this heterogeneity does not change any rejection decision; we flag it so the N = 44 count is not read as forty-four equallypowered tests.",C083,
C084@S00.002,claim,C084,"Gated contrast: same conclusion, Holm-null under both metrics, but effective n roughly halves (3.0->1.3, 4.8->2.8, 5.0->3.6, 2.7->1.2)","Front matter: title, abstract, keywords",body,"Front matter: title, abstract, keywords","We argue that lead time, the warning interval before failure, is the operationally decisive quantity, and we make it the primary evaluation object through a latch-on-resistant, false-alarm-gated metric.",C084,F2
C084@S04.008,claim,C084,"Gated contrast: same conclusion, Holm-null under both metrics, but effective n roughly halves (3.0->1.3, 4.8->2.8, 5.0->3.6, 2.7->1.2)",Anomaly Detectors and Control Charts,body,Anomaly Detectors and Control Charts,"The classic normalized-RMS health-indicator with a first-prediction-time threshold—the workhorse baseline underlying most of that literature—is represented here by our rms_trend detector, evaluated under the same gated metric as every other method; re-evaluating specific published architectures under the gated metric (which requires their original code) is left as future work.",C084,F2
C084@S06.002,claim,C084,"Gated contrast: same conclusion, Holm-null under both metrics, but effective n roughly halves (3.0->1.3, 4.8->2.8, 5.0->3.6, 2.7->1.2)",Vibration Features,body,Vibration Features,"We include fast Fourier transform (FFT) band energies, spectral kurtosis, and Hilbert-envelope amplitudes at the bearing characteristic frequencies, and we ablate them against pure time-domain statistics to see which family actually carries prognostic lead time under our gated metric.",C084,F2
C084@S14.008,claim,C084,"Gated contrast: same conclusion, Holm-null under both metrics, but effective n roughly halves (3.0->1.3, 4.8->2.8, 5.0->3.6, 2.7->1.2)",Detectors,body,Detectors,"We keep it visible because it is the low-false-alarm operating point under the gated metric (Section 6.9, Table 12).",C084,F2
C084@S18.005,claim,C084,"Gated contrast: same conclusion, Holm-null under both metrics, but effective n roughly halves (3.0->1.3, 4.8->2.8, 5.0->3.6, 2.7->1.2)",Statistical Protocol,body,Statistical Protocol,Pooling them as 3 × 5 = 15 “pairs” per detector (as an earlier version of this work did) inflates the effective sample size fivefold and yields overconfident p-values.,C084,F2
C084@S27.016,claim,C084,"Gated contrast: same conclusion, Holm-null under both metrics, but effective n roughly halves (3.0->1.3, 4.8->2.8, 5.0->3.6, 2.7->1.2)",Multiple-Comparison Correction,body,Multiple-Comparison Correction,The same contrast under the gated metric.,C084,F2
C084@S27.018,claim,C084,"Gated contrast: same conclusion, Holm-null under both metrics, but effective n roughly halves (3.0->1.3, 4.8->2.8, 5.0->3.6, 2.7->1.2)",Multiple-Comparison Correction,body,Multiple-Comparison Correction,"Because this paper argues that ungated lead time can mislead, we also report the aggregate-vs-decimate contrast under the gated metric itself, so the sampling conclusion does not rest on a quantity we criticise elsewhere (Table 10).",C084,F2
C084@S27.019,claim,C084,"Gated contrast: same conclusion, Holm-null under both metrics, but effective n roughly halves (3.0->1.3, 4.8->2.8, 5.0->3.6, 2.7->1.2)",Multiple-Comparison Correction,body,Multiple-Comparison Correction,"The answer does not change: on every inferential dataset the median run-level difference is at most a few thousandths of an hour under either metric, no detector is sign-consistent enough to reach significance, and no hypothesis survives Holm correction across the N = 44 family under either metric.",C084,F2
C084@S27.021,claim,C084,"Gated contrast: same conclusion, Holm-null under both metrics, but effective n roughly halves (3.0->1.3, 4.8->2.8, 5.0->3.6, 2.7->1.2)",Multiple-Comparison Correction,body,Multiple-Comparison Correction,"Gating discards every run in which a detector never produces a valid alarm, so the mean effective sample size per detector falls from 3.0 to 1.3 on XJTU-SY, 4.8 to 2.8 on FEMTO, 5.0 to 3.6 on Ferrara, and 2.7 to 1.2 on IMS—roughly a halving.",C084,F2
C084@S28.005,claim,C084,"Gated contrast: same conclusion, Holm-null under both metrics, but effective n roughly halves (3.0->1.3, 4.8->2.8, 5.0->3.6, 2.7->1.2)",Lead-Time--vs--False-Alarm Trade-off,body,Lead-Time--vs--False-Alarm Trade-off,Note that many entries in Table 13 sit above the τ = 10% false-alarm budget; under the gated metric those operating points are invalid and we mark them with a dagger.,C084,F2
C084@S28.006,claim,C084,"Gated contrast: same conclusion, Holm-null under both metrics, but effective n roughly halves (3.0->1.3, 4.8->2.8, 5.0->3.6, 2.7->1.2)",Lead-Time--vs--False-Alarm Trade-off,body,Lead-Time--vs--False-Alarm Trade-off,"This has a concrete consequence for detector choice: Hotelling T 2 attains the highest raw lead of any control chart in Table 13 but its pre-onset FAR exceeds the τ = 10% budget at every threshold tested (all three Hotelling T 2 entries are daggered), so under the gated metric it has no valid operating point on IMS.",C084,F2
C084@S30.007,claim,C084,"Gated contrast: same conclusion, Holm-null under both metrics, but effective n roughly halves (3.0->1.3, 4.8->2.8, 5.0->3.6, 2.7->1.2)",Comparison with the Saxena Prognostic Horizon,body,Comparison with the Saxena Prognostic Horizon,"On the three IMS runs this constant-on detector earns the full run length as prognostic horizon (164- 1073 h) while flooding the pre-onset region (FARpre ≈ 1), so the gated metric scores it invalid on every run (L = 0); the oracle firing just after t+o is the mirror image, at zero preonset false alarms and the maximum achievable lead (12.9, 62.5 and 44.5 h).",C084,F2
C084@S33.003,claim,C084,"Gated contrast: same conclusion, Holm-null under both metrics, but effective n roughly halves (3.0->1.3, 4.8->2.8, 5.0->3.6, 2.7->1.2)",What Changed the Story,body,What Changed the Story,"Second, an onset-gated metric that defeats the latch-on exploit prevents a constant-on detector from manufacturing lead time.",C084,F2
C084@S36.003,claim,C084,"Gated contrast: same conclusion, Holm-null under both metrics, but effective n roughly halves (3.0->1.3, 4.8->2.8, 5.0->3.6, 2.7->1.2)",Practical Implications,body,Practical Implications,"The conformal results add a usable, distribution-free false-alarm guarantee wherever the normal region is genuinely stationary, and the trade-off curve turns the gated metric into an operating-point selector for a stated false-alarm budget.",C084,F2
C084@S40.001,claim,C084,"Gated contrast: same conclusion, Holm-null under both metrics, but effective n roughly halves (3.0->1.3, 4.8->2.8, 5.0->3.6, 2.7->1.2)",Data and Code Availability,body,Data and Code Availability,"All code—detectors, the leakage-free onset, the gated metric, the sampling sweep, the conformal wrapper, the run-level statistical harness, and the noise/denoiser mechanism test—is released with a pinned environment (requirements.lock.txt, Python 3.13) and a test suite that asserts the metric’s resistance to the latch-on exploit, the leakage-free onset, and the run-level sign-test/Holm machinery.",C084,F2
C084@S44.018,claim,C084,"Gated contrast: same conclusion, Holm-null under both metrics, but effective n roughly halves (3.0->1.3, 4.8->2.8, 5.0->3.6, 2.7->1.2)",Appendix C: IMS Test-3 Relabeling Justification,body,Appendix C: IMS Test-3 Relabeling Justification,"The effective sample size is detector-dependent, and neither label can reach significance.",C084,F2
C084@tab:gatedcontrast.cap01,claim,C084,"Gated contrast: same conclusion, Holm-null under both metrics, but effective n roughly halves (3.0->1.3, 4.8->2.8, 5.0->3.6, 2.7->1.2)",tab:gatedcontrast,caption,tab:gatedcontrast,"Aggregate-decimate contrast under the raw and the gated metric, on the post-N-20 reruns over all eleven detectors.",C084,F2
C084@tab:gatedcontrast.cap02,claim,C084,"Gated contrast: same conclusion, Holm-null under both metrics, but effective n roughly halves (3.0->1.3, 4.8->2.8, 5.0->3.6, 2.7->1.2)",tab:gatedcontrast,caption,tab:gatedcontrast,“Med. ∆” is the median across detectors of each detector’s run-level median difference; n+/n-/0 counts detectors by the sign of that median; n¯eff is the mean effective sample size once zero-difference runs are dropped.,C084,F2
C084@tab:gatedcontrast.cap03,claim,C084,"Gated contrast: same conclusion, Holm-null under both metrics, but effective n roughly halves (3.0->1.3, 4.8->2.8, 5.0->3.6, 2.7->1.2)",tab:gatedcontrast,caption,tab:gatedcontrast,Gating costs roughly half the effective sample size and changes no conclu- sion: under both metrics no hypothesis is rejected after Holm correction across the N = 44 family.,C084,F2
C084@tab:tradeoff.cap02,claim,C084,"Gated contrast: same conclusion, Holm-null under both metrics, but effective n roughly halves (3.0->1.3, 4.8->2.8, 5.0->3.6, 2.7->1.2)",tab:tradeoff,caption,tab:tradeoff,"Up-and-to-theleft (high lead, low FAR) is better. † marks operating points whose pre-onset FAR exceeds the τ = 10% budget and are therefore invalid under the gated metric.",C084,F2
C084@tab:phrank.cap01,claim,C084,"Gated contrast: same conclusion, Holm-null under both metrics, but effective n roughly halves (3.0->1.3, 4.8->2.8, 5.0->3.6, 2.7->1.2)",tab:phrank,caption,tab:phrank,"Detector rankings on IMS: Saxena prognostic horizon (PH, ungated best raw lead) vs. the gated metric L (best lead at an operating point within the τ = 10% budget).",C084,F2
C084@tab:d17label.cap02,claim,C084,"Gated contrast: same conclusion, Holm-null under both metrics, but effective n roughly halves (3.0->1.3, 4.8->2.8, 5.0->3.6, 2.7->1.2)",tab:d17label,caption,tab:d17label,"Run differences are (1st_test, 2nd_test, 3rd_test) in hours, collapsing the five within-run sampling factors to one mean difference per run (Section 4.9). n+/n-/0 counts positive, negative and exactly-zero runs; zero-difference runs are excluded from the sign test, so neff is the effective sample size under the original label.",C084,F2
C085@S15.002,claim,C085,"Conformal IMS: holds on test 2, essentially test 3 (0.9%, 4.4%, 13% at 0.10), violated on test 1 (0.74-0.85)",Conformal Calibration,body,Conformal Calibration,"The distribution-free guarantee FAR ≤ α holds on test 2 (0% through α = 0.10) and is essentially satisfied on test 3 (0.9% at α = 0.01, 4.4% at α = 0.05, so it holds through α = 0.05, while slightly exceeding the bound at α = 0.10, where the empirical FAR is 13%).",C085,
C085@S15.003,claim,C085,"Conformal IMS: holds on test 2, essentially test 3 (0.9%, 4.4%, 13% at 0.10), violated on test 1 (0.74-0.85)",Conformal Calibration,body,Conformal Calibration,"It is violated on test 1 for a principled reason that Table 3 already foretold: that run’s onset fires only ∼12 h before failure, so its “pre-onset” region spans almost the whole record and already contains degradation; exchangeability between the calibration and “normal” scores therefore fails, and the empirical FAR sits at 0.74-0.85 regardless of α.",C085,
C086@S01.037,claim,C086,Conformal calibration doubles as a per-asset usability test (needs a stationary normal region),Introduction,body,Introduction,The metric itself is failure-mode-agnostic: it applies wherever a run-to-failure trajectory and a stationary normal region exist.,C086,
C086@S15.004,claim,C086,Conformal calibration doubles as a per-asset usability test (needs a stationary normal region),Conformal Calibration,body,Conformal Calibration,"We report this run rather than discarding it, because it delimits exactly when the conformal guarantee is and is not usable in prognostics: it requires a genuinely stationary normal region, which an abrupt late-onset failure does not provide.",C086,
C086@S15.006,claim,C086,Conformal calibration doubles as a per-asset usability test (needs a stationary normal region),Conformal Calibration,body,Conformal Calibration,"Bearing2_3, calibrated through α = 0.05) honor the bound, while those with only one or two pre-onset windows, an artifact of the short XJTU lifetimes, cannot satisfy a finite-sample guarantee and are flagged uncalibrated rather than silently passed.",C086,
C086@S15.007,claim,C086,Conformal calibration doubles as a per-asset usability test (needs a stationary normal region),Conformal Calibration,body,Conformal Calibration,The conformal machinery thus doubles as a per-asset usability test: it reports whether enough stationary normal data exists to control the false-alarm rate at all.,C086,
C086@S15.009,claim,C086,Conformal calibration doubles as a per-asset usability test (needs a stationary normal region),Conformal Calibration,body,Conformal Calibration,The same per-asset usability test on FEMTO (Figure 4c) and the ONGC turbine (Figure 4d) confirms the pattern and its limits.,C086,
C086@S15.011,claim,C086,Conformal calibration doubles as a per-asset usability test (needs a stationary normal region),Conformal Calibration,body,Conformal Calibration,"The two bearings with the most stationary normal region (Bearing2_2 at 0.08, Bearing1_2 at 0.10) come closest, while the abrupt Bearing1_1 (0.56) violates it badly—exactly the diagnostic the conformal machinery is meant to provide.",C086,
C086@S15.013,claim,C086,Conformal calibration doubles as a per-asset usability test (needs a stationary normal region),Conformal Calibration,body,Conformal Calibration,"The conformal guarantee is therefore usable where a stationary normal region exists (ONGC, the longer IMS/XJTU bearings) and self-reports as invalid where it does not (short FEMTO/XJTU bearings, abrupt onsets).",C086,
C086@S47.009,claim,C086,Conformal calibration doubles as a per-asset usability test (needs a stationary normal region),D.2 Single-Asset ONGC Case Study,body,D.2 Single-Asset ONGC Case Study,"The conformal calibration on this stream (Figure 4d) tracks the diagonal closely, consistent with a mostlystationary normal region.",C086,
C086@fig:conformal.cap02,claim,C086,Conformal calibration doubles as a per-asset usability test (needs a stationary normal region),fig:conformal,caption,fig:conformal,(a) IMS: test 1 violates it because its near-failure onset leaves no genuinely stationary normal region.,C086,
C086@fig:conformal.cap03,claim,C086,Conformal calibration doubles as a per-asset usability test (needs a stationary normal region),fig:conformal,caption,fig:conformal,(b) XJTU-SY: bearings with a substantial stationary pre-onset region honor the bound; those with only one or two pre-onset windows cannot support a finite-sample guarantee and are flagged uncalibrated.,C086,
C086@fig:conformal.cap05,claim,C086,Conformal calibration doubles as a per-asset usability test (needs a stationary normal region),fig:conformal,caption,fig:conformal,"(d) ONGC turbine (n = 1 case study, Appendix D.2): the real historian stream tracks the diagonal closely, a modest 1.5-2× above target, consistent with a mostly-stationary normal region.",C086,
C087@S15.010,claim,C087,FEMTO conformal: no bearing honours the bound at alpha=0.05 (0.08-0.56; pooled 0.27),Conformal Calibration,body,Conformal Calibration,"On FEMTO, no bearing honors the bound at α = 0.05 (empirical pre-onset FAR 0.08-0.56; pooled 0.27), because the short 1.4-7.8 h lifetimes leave a pre-onset region that is neither long nor stationary—the same reason the short XJTU bearings and IMS test 1 fail.",C087,
C087@fig:conformal.cap04,claim,C087,FEMTO conformal: no bearing honours the bound at alpha=0.05 (0.08-0.56; pooled 0.27),fig:conformal,caption,fig:conformal,"(c) FEMTO/PRONOSTIA: no bearing honors the bound at α = 0.05, because the short, non-stationary pre-onset regions of these 1.4-7.8 h bearings cannot support it.",C087,
C088@S15.012,claim,C088,"ONGC conformal tracks the diagonal (0.016, 0.030, 0.096), 1.5-2x above target",Conformal Calibration,body,Conformal Calibration,"On the real ONGC historian stream the single-asset calibration tracks the diagonal much more closely (empirical FAR 0.016, 0.030, 0.096 at α = 0.01, 0.02, 0.05), sitting a modest 1.5-2× above the target—consistent with a genuine, mostly-stationary operating record whose normal region only mildly violates exchangeability.",C088,
C088@S47.009,claim,C088,"ONGC conformal tracks the diagonal (0.016, 0.030, 0.096), 1.5-2x above target",D.2 Single-Asset ONGC Case Study,body,D.2 Single-Asset ONGC Case Study,"The conformal calibration on this stream (Figure 4d) tracks the diagonal closely, consistent with a mostlystationary normal region.",C088,
C088@fig:conformal.cap05,claim,C088,"ONGC conformal tracks the diagonal (0.016, 0.030, 0.096), 1.5-2x above target",fig:conformal,caption,fig:conformal,"(d) ONGC turbine (n = 1 case study, Appendix D.2): the real historian stream tracks the diagonal closely, a modest 1.5-2× above target, consistent with a mostly-stationary normal region.",C088,
C089@S28.001,claim,C089,Trade-off: tightening the threshold lowers FAR and lead together; Hotelling and IF dominate upper-left; RMS-trend collapses,Lead-Time--vs--False-Alarm Trade-off,body,Lead-Time--vs--False-Alarm Trade-off,"Sweeping the alarm-threshold percentile traces a prognostics analog of the ROC curve (Figure 5a, Table 13): tightening the threshold lowers both pre-onset FAR and lead time together, letting an operator select an operating point for a stated falsealarm budget.",C089,
C089@S28.002,claim,C089,Trade-off: tightening the threshold lowers FAR and lead together; Hotelling and IF dominate upper-left; RMS-trend collapses,Lead-Time--vs--False-Alarm Trade-off,body,Lead-Time--vs--False-Alarm Trade-off,"On the achievable frontier (highest lead at the lowest FAR each detector attains) Hotelling T 2 and Isolation Forest dominate the upper-left, while the naive RMS-trend baseline collapses to near-zero lead as soon as the threshold is tightened.",C089,
C089@S28.004,claim,C089,Trade-off: tightening the threshold lowers FAR and lead together; Hotelling and IF dominate upper-left; RMS-trend collapses,Lead-Time--vs--False-Alarm Trade-off,body,Lead-Time--vs--False-Alarm Trade-off,This converts the single gated number into a usable operating-point selector.,C089,
C089@S36.003,claim,C089,Trade-off: tightening the threshold lowers FAR and lead together; Hotelling and IF dominate upper-left; RMS-trend collapses,Practical Implications,body,Practical Implications,"The conformal results add a usable, distribution-free false-alarm guarantee wherever the normal region is genuinely stationary, and the trade-off curve turns the gated metric into an operating-point selector for a stated false-alarm budget.",C089,
C089@fig:tradeoffs.cap01,claim,C089,Trade-off: tightening the threshold lowers FAR and lead together; Hotelling and IF dominate upper-left; RMS-trend collapses,fig:tradeoffs,caption,fig:tradeoffs,"Lead-time vs pre-onset-FAR trade-off (threshold percentile swept, mean across runs); up-and-to-the-left is better.",C089,
C090@S28.003,claim,C090,"3 sigma at 99.5th pct: 56.3 h at 8.9% FAR, valid, recommended under a 10% budget",Lead-Time--vs--False-Alarm Trade-off,body,Lead-Time--vs--False-Alarm Trade-off,"At a strict 99.5th-percentile threshold, for instance, 3σ retains 56.3 h of lead at 8.9% pre-onset FAR, whereas RMS-trend has collapsed to 1.3 h.",C090,
C090@S28.009,claim,C090,"3 sigma at 99.5th pct: 56.3 h at 8.9% FAR, valid, recommended under a 10% budget",Lead-Time--vs--False-Alarm Trade-off,body,Lead-Time--vs--False-Alarm Trade-off,"The 3σ chart, by contrast, reaches a valid point (56.3 h of lead at 8.9% FAR at the 99.5th percentile) and is therefore the recommended chart under a 10% budget, a ranking the raw-lead column of Table 2, where the deep reconstruction models lead, would by itself obscure.",C090,
C090@S28.015,claim,C090,"3 sigma at 99.5th pct: 56.3 h at 8.9% FAR, valid, recommended under a 10% budget",Lead-Time--vs--False-Alarm Trade-off,body,Lead-Time--vs--False-Alarm Trade-off,At τ = 0.10 the 3σ chart remains the best valid chart (56.3 h).,C090,
C090@S30.014,claim,C090,"3 sigma at 99.5th pct: 56.3 h at 8.9% FAR, valid, recommended under a 10% budget",Comparison with the Saxena Prognostic Horizon,body,Comparison with the Saxena Prognostic Horizon,"The detector PH ranks only fourth, 3σ (77.0 h raw), is the one that actually clears the budget (56.3 h of lead at 8.9% pre-onset FAR) and is the correct recommendation; Deep SVDD, ranked last of the seven by PH, rises to a valid 14.8 h.",C090,
C091@S28.008,claim,C091,Deep SVDD: low-FAR corner (<= 0.6% FAR) with short (<= 14.8 h) lead; complementary operating point,Lead-Time--vs--False-Alarm Trade-off,body,Lead-Time--vs--False-Alarm Trade-off,"Deep SVDD occupies the opposite corner: it stays comfortably within budget (≤ 0.6% FAR) but only by firing late, buying that low false-alarm rate with a short ≤ 14.8 h lead.",C091,
C091@S28.016,claim,C091,Deep SVDD: low-FAR corner (<= 0.6% FAR) with short (<= 14.8 h) lead; complementary operating point,Lead-Time--vs--False-Alarm Trade-off,body,Lead-Time--vs--False-Alarm Trade-off,But at a strict τ = 0.05 no control chart qualifies at all—only Deep SVDD (14.8 h) and the RMS-trend floor (34.7 h) stay within a 5% budget—so an operator with a very low nuisancealarm tolerance should prefer the low-FAR Deep SVDD operating point over any chart.,C091,
C091@S28.017,claim,C091,Deep SVDD: low-FAR corner (<= 0.6% FAR) with short (<= 14.8 h) lead; complementary operating point,Lead-Time--vs--False-Alarm Trade-off,body,Lead-Time--vs--False-Alarm Trade-off,The 3σ recommendation therefore holds for τ ≥ 0.10 on IMS and inverts toward the low-FAR detectors below it.,C091,
C091@S28.028,claim,C091,Deep SVDD: low-FAR corner (<= 0.6% FAR) with short (<= 14.8 h) lead; complementary operating point,Lead-Time--vs--False-Alarm Trade-off,body,Lead-Time--vs--False-Alarm Trade-off,"The strict τ = 0.05 column of Table 12 corre- sponds to the opposite regime, inspections that are themselves disruptive (e.g. requiring a shutdown) so ρ is small, exactly where the low-FAR Deep SVDD point becomes the economical choice.",C091,
C091@S30.014,claim,C091,Deep SVDD: low-FAR corner (<= 0.6% FAR) with short (<= 14.8 h) lead; complementary operating point,Comparison with the Saxena Prognostic Horizon,body,Comparison with the Saxena Prognostic Horizon,"The detector PH ranks only fourth, 3σ (77.0 h raw), is the one that actually clears the budget (56.3 h of lead at 8.9% pre-onset FAR) and is the correct recommendation; Deep SVDD, ranked last of the seven by PH, rises to a valid 14.8 h.",C091,
C091@S36.006,claim,C091,Deep SVDD: low-FAR corner (<= 0.6% FAR) with short (<= 14.8 h) lead; complementary operating point,Practical Implications,body,Practical Implications,"Deep SVDD consistently stays within budget at ≤ 0.6% pre-onset FAR across the swept threshold levels on IMS (Table 13), achieving 14.8 h of advance warning with near-zero false alarms.",C091,
C092@S28.014,claim,C092,Recommendation is not tau-invariant: tau=0.20 3 sigma 77.0 h; tau=0.05 no chart qualifies,Lead-Time--vs--False-Alarm Trade-off,body,Lead-Time--vs--False-Alarm Trade-off,"At τ = 0.20 the 3σ chart gives the longest valid lead (77.0 h), now joined by CUSUM, Hotelling T 2, and Isolation Forest as their pre-onset FAR falls within the looser budget.",C092,
C092@S28.016,claim,C092,Recommendation is not tau-invariant: tau=0.20 3 sigma 77.0 h; tau=0.05 no chart qualifies,Lead-Time--vs--False-Alarm Trade-off,body,Lead-Time--vs--False-Alarm Trade-off,But at a strict τ = 0.05 no control chart qualifies at all—only Deep SVDD (14.8 h) and the RMS-trend floor (34.7 h) stay within a 5% budget—so an operator with a very low nuisancealarm tolerance should prefer the low-FAR Deep SVDD operating point over any chart.,C092,
C092@S28.017,claim,C092,Recommendation is not tau-invariant: tau=0.20 3 sigma 77.0 h; tau=0.05 no chart qualifies,Lead-Time--vs--False-Alarm Trade-off,body,Lead-Time--vs--False-Alarm Trade-off,The 3σ recommendation therefore holds for τ ≥ 0.10 on IMS and inverts toward the low-FAR detectors below it.,C092,
C092@S28.028,claim,C092,Recommendation is not tau-invariant: tau=0.20 3 sigma 77.0 h; tau=0.05 no chart qualifies,Lead-Time--vs--False-Alarm Trade-off,body,Lead-Time--vs--False-Alarm Trade-off,"The strict τ = 0.05 column of Table 12 corre- sponds to the opposite regime, inspections that are themselves disruptive (e.g. requiring a shutdown) so ρ is small, exactly where the low-FAR Deep SVDD point becomes the economical choice.",C092,
C092@S30.014,claim,C092,Recommendation is not tau-invariant: tau=0.20 3 sigma 77.0 h; tau=0.05 no chart qualifies,Comparison with the Saxena Prognostic Horizon,body,Comparison with the Saxena Prognostic Horizon,"The detector PH ranks only fourth, 3σ (77.0 h raw), is the one that actually clears the budget (56.3 h of lead at 8.9% pre-onset FAR) and is the correct recommendation; Deep SVDD, ranked last of the seven by PH, rises to a valid 14.8 h.",C092,
C092@tab:farbudget.cap03,claim,C092,Recommendation is not tau-invariant: tau=0.20 3 sigma 77.0 h; tau=0.05 no chart qualifies,tab:farbudget,caption,tab:farbudget,The 3σ recommendation th holds at τ = 0.10 and 0.20 but not at a strict τ = 0.05.,C092,
C093@S27.017,claim,C093,The headline is computed on raw lead and does not depend on tau,Multiple-Comparison Correction,body,Multiple-Comparison Correction,"The cross-dataset headline above is computed on raw lead time, the quantity a coarsening operation acts on directly and the one that carries no dependence on the budget τ .",C093,
C093@S28.018,claim,C093,The headline is computed on raw lead and does not depend on tau,Lead-Time--vs--False-Alarm Trade-off,body,Lead-Time--vs--False-Alarm Trade-off,"Crucially, the cross-dataset headline is untouched by this choice: it is computed on raw (ungated) leadtime differences (Section 4.9) and does not depend on τ at all.",C093,
C093@tab:farbudget.cap04,claim,C093,The headline is computed on raw lead and does not depend on tau,tab:farbudget,caption,tab:farbudget,The conclusion is computed on raw lead and is unaffected by τ .,C093,
C094@S28.020,claim,C094,"Cost-ratio argument: tau* ~ rho/k; rho 10^2-10^4, k ~ 10^3 -> tau* 0.1-1; tau=0.10 is the conservative end",Lead-Time--vs--False-Alarm Trade-off,body,Lead-Time--vs--False-Alarm Trade-off,A cost-ratio argument.,C094,
C094@S28.024,claim,C094,"Cost-ratio argument: tau* ~ rho/k; rho 10^2-10^4, k ~ 10^3 -> tau* 0.1-1; tau=0.10 is the conservative end",Lead-Time--vs--False-Alarm Trade-off,body,Lead-Time--vs--False-Alarm Trade-off,"An operator should tolerate false alarms up to the budget at which their cumulative cost equals the warning’s value, kτ cI ≈ cF , i.e. τ∗ ≈ cF ρ =, k cI k ρ ≡ cF /cI .",C094,
C094@S28.025,claim,C094,"Cost-ratio argument: tau* ~ rho/k; rho 10^2-10^4, k ~ 10^3 -> tau* 0.1-1; tau=0.10 is the conservative end",Lead-Time--vs--False-Alarm Trade-off,body,Lead-Time--vs--False-Alarm Trade-off,"(6) For rolling-element bearings an unplanned failure typically costs ρ = 102-104 times a routine inspection, and the preonset window count is of order k ∼ 103 on the runs studied here, so Eq.",C094,
C094@S28.026,claim,C094,"Cost-ratio argument: tau* ~ rho/k; rho 10^2-10^4, k ~ 10^3 -> tau* 0.1-1; tau=0.10 is the conservative end",Lead-Time--vs--False-Alarm Trade-off,body,Lead-Time--vs--False-Alarm Trade-off,"(6) places the break-even budget at τ ∗ ∼ 0.1-1 (τ ∗ saturates at 1 for ρ ≥ 103 and falls to 0.10 at ρ = 102, k = 103).",C094,
C094@S28.028,claim,C094,"Cost-ratio argument: tau* ~ rho/k; rho 10^2-10^4, k ~ 10^3 -> tau* 0.1-1; tau=0.10 is the conservative end",Lead-Time--vs--False-Alarm Trade-off,body,Lead-Time--vs--False-Alarm Trade-off,"The strict τ = 0.05 column of Table 12 corre- sponds to the opposite regime, inspections that are themselves disruptive (e.g. requiring a shutdown) so ρ is small, exactly where the low-FAR Deep SVDD point becomes the economical choice.",C094,
C094@S28.029,claim,C094,"Cost-ratio argument: tau* ~ rho/k; rho 10^2-10^4, k ~ 10^3 -> tau* 0.1-1; tau=0.10 is the conservative end",Lead-Time--vs--False-Alarm Trade-off,body,Lead-Time--vs--False-Alarm Trade-off,"We stress this is an order-of-magnitude anchor, not a site-specific optimisation: the true optimum requires an operator’s actual cI and cF , which we do not have, and Eq.",C094,
C095@tab:farbudget.cap02,claim,C095,FAR-budget table gates on across-run mean FAR (LSTM-AE 62.00% mean but valid on test 3),tab:farbudget,caption,tab:farbudget,"The gate here is applied to the le pre-onset FAR averaged across the three runs, so a detector w can hold a valid operating point on an individual run and still th show 0.0 in this table: LSTM-AE is exactly that case, with co a mean pre-onset FAR of 62.00% at the 99.5th percentile but po 4.19% FAR and 59.67 h of valid lead on 3rd_test alone. se A zero row here therefore does not mean a detector has no 99 valid operating point at any threshold; per-run validity is re- (6 ported in Table 13 and Section 6.",C095,
C095@tab:tradeoff.cap04,claim,C095,FAR-budget table gates on across-run mean FAR (LSTM-AE 62.00% mean but valid on test 3),tab:tradeoff,caption,tab:tradeoff,"LSTM-AE’s 99.5th-percentile entry is daggered on the across-run mean (62.0%) although it is within budget on 3rd_test alone, the case the caption of Table 12 describes.",C095,
C096@S29.002,claim,C096,Ablation: time-domain amplitude features best for every detector; spectral/envelope/all never improve validity,Feature-Group Ablation,body,Feature-Group Ablation,"The pattern is consistent and somewhat against expectation: time-domain amplitude features (rms_only or time_only) give each detector its highest or tied-highest validity, and admitting spectral, envelope, or the full feature set never improves validity for any of them.",C096,
C096@S29.003,claim,C096,Ablation: time-domain amplitude features best for every detector; spectral/envelope/all never improve validity,Feature-Group Ablation,body,Feature-Group Ablation,"For the memory-based control charts it sharpens: rms_only is the unique group at which 3σ and EWMA reach full validity (1.00 at 0% pre-onset FAR), and spectral/envelope/all collapse all four SPC charts to 0.33 by driving their preonset FAR to 42-63%—the variance-sensitive charts react violently to the noisy extra dimensions.",C096,
C096@S29.005,claim,C096,Ablation: time-domain amplitude features best for every detector; spectral/envelope/all never improve validity,Feature-Group Ablation,body,Feature-Group Ablation,"Either way the practical recommendation is detector-general on IMS: under a false-alarm budget, restrict every detector to time-domain amplitude features; frequency-domain features must be admitted with care, most of all for the SPC charts.",C096,
C096@S29.006,claim,C096,Ablation: time-domain amplitude features best for every detector; spectral/envelope/all never improve validity,Feature-Group Ablation,body,Feature-Group Ablation,"Raw lead time inverts this ranking without overturning it: on Isolation Forest the envelope group yields the longest mean lead (99.4 h) and rms_only the shortest (32.0 h), but the long-lead groups accrue 23-29% pre-onset FAR against 0.2% for rms_only, so they buy their lead by firing indiscriminately—and per run the same mechanism is visible directly, with spectral features flipping 3σ, EWMA and Hotelling T 2 from valid to invalid on test 2 at 100% pre-onset FAR while Isolation Forest stays valid in both settings.",C096,
C096@S29.007,claim,C096,Ablation: time-domain amplitude features best for every detector; spectral/envelope/all never improve validity,Feature-Group Ablation,body,Feature-Group Ablation,"Repeating the ablation at every coarsening factor leaves rms_only uniquely best at native and 2× resolution (f ≤ 2), matching the informational argument that bin-averaging preserves the amplitude statistic; at f ≥ 5 only a handful of windows survive per run, so valid fractions move in steps of 1/3 and whether the rms_only advantage holds at the coarsest SCADA rates is not resolvable at n = 3.",C096,
C096@S36.004,claim,C096,Ablation: time-domain amplitude features best for every detector; spectral/envelope/all never improve validity,Practical Implications,body,Practical Implications,"The ablations caution that more features are not better under a false-alarm budget: time-domain amplitude and impulsiveness statistics carry the usable signal on IMS, and spectral features must be admitted with care.",C096,
C096@tab:ablation_general.cap02,claim,C096,Ablation: time-domain amplitude features best for every detector; spectral/envelope/all never improve validity,tab:ablation_general,caption,tab:ablation_general,"Time-domain amplitude features are best le for every detector; for the SPC charts rms_only is uniquely ra (3σ, EWMA) or jointly best, and spectral/envelope/all col- va lapse them to 0.33. ab an",C096,
C097@S29.003,claim,C097,Ablation: spectral/envelope/all drive SPC pre-onset FAR to 42-63%; Deep SVDD fails by missed detection,Feature-Group Ablation,body,Feature-Group Ablation,"For the memory-based control charts it sharpens: rms_only is the unique group at which 3σ and EWMA reach full validity (1.00 at 0% pre-onset FAR), and spectral/envelope/all collapse all four SPC charts to 0.33 by driving their preonset FAR to 42-63%—the variance-sensitive charts react violently to the noisy extra dimensions.",C097,
C097@S29.004,claim,C097,Ablation: spectral/envelope/all drive SPC pre-onset FAR to 42-63%; Deep SVDD fails by missed detection,Feature-Group Ablation,body,Feature-Group Ablation,"Deep SVDD is the instructive exception, and it fails for the opposite reason: its pre-onset FAR stays near 0% under every feature set (it rarely false-alarms), yet spectral features still cut its validity to 0.33 (and to 0.00 for spectral_only) by delaying or suppressing the alarm rather than inflating the FAR—the frequency-domain dimensions hurt the one-class deep model through missed detections, not false alarms.",C097,
C098@S29.006,claim,C098,Raw lead inverts the ablation ranking: IF envelope 99.4 h vs rms_only 32.0 h at 23-29% vs 0.2% FAR,Feature-Group Ablation,body,Feature-Group Ablation,"Raw lead time inverts this ranking without overturning it: on Isolation Forest the envelope group yields the longest mean lead (99.4 h) and rms_only the shortest (32.0 h), but the long-lead groups accrue 23-29% pre-onset FAR against 0.2% for rms_only, so they buy their lead by firing indiscriminately—and per run the same mechanism is visible directly, with spectral features flipping 3σ, EWMA and Hotelling T 2 from valid to invalid on test 2 at 100% pre-onset FAR while Isolation Forest stays valid in both settings.",C098,
C099@S29.007,claim,C099,Ablation repeated per factor: rms_only best at f<=2; not resolvable at f>=5,Feature-Group Ablation,body,Feature-Group Ablation,"Repeating the ablation at every coarsening factor leaves rms_only uniquely best at native and 2× resolution (f ≤ 2), matching the informational argument that bin-averaging preserves the amplitude statistic; at f ≥ 5 only a handful of windows survive per run, so valid fractions move in steps of 1/3 and whether the rms_only advantage holds at the coarsest SCADA rates is not resolvable at n = 3.",C099,
C100@S30.004,claim,C100,PH is exactly L before the validity gate; the missing conjunct is decisive,Comparison with the Saxena Prognostic Horizon,body,Comparison with the Saxena Prognostic Horizon,It is exactly our lead time L before the validity gate (Eq. 5) is applied; that one missing conjunct is decisive.,C100,
C101@S30.007,claim,C101,"PH is maximised by the latch-on detector (164-1073 h); oracle leads 12.9, 62.5, 44.5 h",Comparison with the Saxena Prognostic Horizon,body,Comparison with the Saxena Prognostic Horizon,"On the three IMS runs this constant-on detector earns the full run length as prognostic horizon (164- 1073 h) while flooding the pre-onset region (FARpre ≈ 1), so the gated metric scores it invalid on every run (L = 0); the oracle firing just after t+o is the mirror image, at zero preonset false alarms and the maximum achievable lead (12.9, 62.5 and 44.5 h).",C101,
C102@S30.012,claim,C102,PH and L rankings nearly invert at the top; 3 sigma (PH 4th) is the deployable winner,Comparison with the Saxena Prognostic Horizon,body,Comparison with the Saxena Prognostic Horizon,The two rankings are nearly inverted at the top.,C102,
C102@S30.014,claim,C102,PH and L rankings nearly invert at the top; 3 sigma (PH 4th) is the deployable winner,Comparison with the Saxena Prognostic Horizon,body,Comparison with the Saxena Prognostic Horizon,"The detector PH ranks only fourth, 3σ (77.0 h raw), is the one that actually clears the budget (56.3 h of lead at 8.9% pre-onset FAR) and is the correct recommendation; Deep SVDD, ranked last of the seven by PH, rises to a valid 14.8 h.",C102,
C102@tab:phrank.cap02,claim,C102,PH and L rankings nearly invert at the top; 3 sigma (PH 4th) is the deployable winner,tab:phrank,caption,tab:phrank,"The rankings invert at the top: the detectors PH ranks best have no valid operating point, while 3σ—PH’s fourth—is the deployable winner. ∗RMS-trend is valid only at the loosest threshold and on one of three runs.",C102,
C103@S31.003,claim,C103,"Min-training sweep on FEMTO: T in {0.20..0.60}, three N/A cells (Bearing3_1, 20 windows), 297/300 genuine",Minimum Training Data for Deep Anomaly Detectors,body,Minimum Training Data for Deep Anomaly Detectors,"At T = 0.20 the shortest bearing (Bearing3_1) forms only 20 training windows, fewer than the 30 a sequence requires, so LSTM-AE, TCN-AE and Transformer-AD are recorded there as explicit N/A rather than as misses, following the convention of Section 4.5.",C103,
C103@S31.004,claim,C103,"Min-training sweep on FEMTO: T in {0.20..0.60}, three N/A cells (Bearing3_1, 20 windows), 297/300 genuine",Minimum Training Data for Deep Anomaly Detectors,body,Minimum Training Data for Deep Anomaly Detectors,"Those are the only three N/A cells in the sweep; the remaining 297 of the 300 (detector, bearing, T ) cells are genuine evaluations.",C103,
C103@fig:mintrain.cap03,claim,C103,"Min-training sweep on FEMTO: T in {0.20..0.60}, three N/A cells (Bearing3_1, 20 windows), 297/300 genuine",fig:mintrain,caption,fig:mintrain,"The three N/A cells at T = 0.20, all on Bearing3_1, which forms only 20 training windows, are counted as no valid alarm.",C103,
C104@S31.007,claim,C104,SPC charts are at or near their best at the smallest training fraction; the shrinking test window explains it,Minimum Training Data for Deep Anomaly Detectors,body,Minimum Training Data for Deep Anomaly Detectors,"The four SPC charts that define the baseline in Figure 6 (3σ, EWMA, CUSUM, Hotelling T 2) are already at or near their best at the smallest training fraction we tested—3σ at 1.00, EWMA and Hotelling T 2 at 0.667, CUSUM at 0.500—and more commissioning data does not improve them: 3σ falls from 1.00 at T = 0.20 to 0.833 at T = 0.30 and 0.667 from T = 0.40 onward, Hotelling T 2 falls from 0.667 to 0.500, EWMA is flat at 0.667 throughout, and CUSUM is flat at 0.500 apart from a one-bearing rise to 0.667 at T = 0.50.",C104,
C104@S31.010,claim,C104,SPC charts are at or near their best at the smallest training fraction; the shrinking test window explains it,Minimum Training Data for Deep Anomaly Detectors,body,Minimum Training Data for Deep Anomaly Detectors,"This is a consequence of the design rather than a reverse data-hunger effect: the test fraction is 1 - T - 0.10, so the window in which a valid alarm can still fire shrinks as T grows, and on bearings this short a larger training fraction buys a better-estimated baseline at the cost of a shorter opportunity to use it.",C104,
C104@fig:mintrain.cap02,claim,C104,SPC charts are at or near their best at the smallest training fraction; the shrinking test window explains it,fig:mintrain,caption,fig:mintrain,"SPC charts (blue) sit at the top throughout, peaking at the smallest training fraction and declining slightly thereafter as the test window shrinks; the deep reconstruction models (red) and Deep SVDD lie below the SPC baseline (dashed, ≈0.62) at every training fraction and never reach it—no crossover.",C104,
C105@S31.011,claim,C105,"Deep models sit far below the charts (LSTM-AE/Transformer 0.000-0.333, TCN 0.000-0.167)",Minimum Training Data for Deep Anomaly Detectors,body,Minimum Training Data for Deep Anomaly Detectors,"The three deep reconstruction models sit far below the charts at every training fraction (LSTM-AE and Transformer-AD 0.000-0.333, TCN-AE 0.000-0.167) and do not close the gap as T grows: more commissioning data does not make them competitive in this regime.",C105,
C106@S14.007,claim,C106,"Deep SVDD: no valid FEMTO alarm below T=0.60, one bearing at T=0.60; a lifetime, not training-data, constraint",Detectors,body,Detectors,"Deep SVDD produced no valid alarm on any FEMTO bearing at any training fraction below T = 0.60, and a valid alarm on exactly one of the six bearings at T = 0.60 (Section 6.12); it is omitted from the headline set; its full numbers are retained, unchanged, in the result tables throughout (Tables 2, 5, 8, 12, 13, and 15; Figure 6).",C106,
C106@S31.012,claim,C106,"Deep SVDD: no valid FEMTO alarm below T=0.60, one bearing at T=0.60; a lifetime, not training-data, constraint",Minimum Training Data for Deep Anomaly Detectors,body,Minimum Training Data for Deep Anomaly Detectors,"Deep SVDD produces no valid alarm at any training fraction below T = 0.60 and 0.167 at T = 0.60—one bearing, at the largest training fraction and therefore the shortest test window.",C106,
C106@S31.013,claim,C106,"Deep SVDD: no valid FEMTO alarm below T=0.60, one bearing at T=0.60; a lifetime, not training-data, constraint",Minimum Training Data for Deep Anomaly Detectors,body,Minimum Training Data for Deep Anomaly Detectors,"The failure mode is the same as on IMS test 1: Deep SVDD fires very late in the run, because its threshold requires substantial encoder-distance growth from the trained center before alarming, so on short FEMTO bearings (1.4-7.8 h) the first alarm arrives after or coincident with failure on all six bearings at every training fraction below T = 0.60, and on five of the six at T = 0.60.",C106,
C106@S31.014,claim,C106,"Deep SVDD: no valid FEMTO alarm below T=0.60, one bearing at T=0.60; a lifetime, not training-data, constraint",Minimum Training Data for Deep Anomaly Detectors,body,Minimum Training Data for Deep Anomaly Detectors,"This is a bearing-lifetime constraint, not a training-data constraint: the model is not data-starved in the usual sense but structurally unable to alarm early enough on runs this short.",C106,
C107@S31.019,claim,C107,"KAIST ~43 h bearing is the closest public long-runway example (n=1, insufficient)",Minimum Training Data for Deep Anomaly Detectors,body,Minimum Training Data for Deep Anomaly Detectors,"The closest publicly available single-bearing example is the KAIST bearing with a ∼43-hour lifecycle (n = 1, insufficient for inference as noted in Section 8).",C107,
C107@S37.031,claim,C107,"KAIST ~43 h bearing is the closest public long-runway example (n=1, insufficient)",Limitations and Threats to Validity,body,Limitations and Threats to Validity,"Long-runway bearing datasets with multiple runs are rare in the public domain; the closest available single- bearing example is a KAIST bearing with a ∼43-hour lifecy- cle (n = 1, insufficient for inference).",C107,
C108@S31.020,claim,C108,Loader templates are released so long-runway historian archives can apply the pipeline,Minimum Training Data for Deep Anomaly Detectors,body,Minimum Training Data for Deep Anomaly Detectors,"Research groups with access to multi-run, long-runway industrial historian archives (gas turbines, compressors, paper machines) can apply the released pipeline directly; loader templates for all public dataset formats used in this study are included in the repository at https://github.com/Ansh-Goyal01/ Scada-Leadtime-Benchmark to minimize integration effort.",C108,
C108@S37.032,claim,C108,Loader templates are released so long-runway historian archives can apply the pipeline,Limitations and Threats to Validity,body,Limitations and Threats to Validity,"Research groups with access to long-running industrial historian archives—gas tur- bines, compressors, paper machines—can directly apply our released pipeline to test this hypothesis; we provide loader templates for all public dataset formats used here to minimize integration effort.",C108,
C109@S18.005,claim,C109,"Four methodological corrections (test-3 label, gated metric, invariant features, run-level test) change the story; earlier significant effect corrected",Statistical Protocol,body,Statistical Protocol,Pooling them as 3 × 5 = 15 “pairs” per detector (as an earlier version of this work did) inflates the effective sample size fivefold and yields overconfident p-values.,C109,
C109@S33.001,claim,C109,"Four methodological corrections (test-3 label, gated metric, invariant features, run-level test) change the story; earlier significant effect corrected",What Changed the Story,body,What Changed the Story,"Four methodological corrections, applied together, change the conclusion of the sampling study.",C109,
C109@S33.006,claim,C109,"Four methodological corrections (test-3 label, gated metric, invariant features, run-level test) change the story; earlier significant effect corrected",What Changed the Story,body,What Changed the Story,"With all four in place, the original claim that SCADA averaging destroys lead time is refuted on every dataset tested, and the previously-reported significant positive effect is corrected to a consistent but non-significant trend.",C109,
C109@S44.011,claim,C109,"Four methodological corrections (test-3 label, gated metric, invariant features, run-level test) change the story; earlier significant effect corrected",Appendix C: IMS Test-3 Relabeling Justification,body,Appendix C: IMS Test-3 Relabeling Justification,An earlier version of this work claimed that in no run does aggregation shorten the lead time of the magnitudemonitoring detectors.,C109,
C110@S34.003,claim,C110,"The IMS trend is reproduced by an ordinary moving-average or Kalman filter: generic smoothing, not historian averaging",Why the IMS Trend Appears but Is Neutral Elsewhere,body,Why the IMS Trend Appears but Is Neutral Elsewhere,"The IMS trend is reproduced by an ordinary moving-average or Kalman filter on the decimated stream (Appendix D.1), indicating a generic lowpass-smoothing mechanism rather than historian averaging specifically.",C110,
C110@S35.007,claim,C110,"The IMS trend is reproduced by an ordinary moving-average or Kalman filter: generic smoothing, not historian averaging",Why Aggregation Preserves What Decimation Loses,body,Why Aggregation Preserves What Decimation Loses,"Appendix D.1 tests this directly (Table 21), and the advantage rises monotonically as injected noise increases, from -0.35 h at the native noise level to +6.60 h at 10 dB, and is recovered by applying an ordinary moving-average or Kalman filter to the decimated stream (Table 22).",C110,
C110@S46.012,claim,C110,"The IMS trend is reproduced by an ordinary moving-average or Kalman filter: generic smoothing, not historian averaging",D.1 Generic Smoothing vs.\ Historian Averaging,body,D.1 Generic Smoothing vs.\ Historian Averaging,"If the benefit is generic smoothing rather than the historian’s averaging specifically, then applying an ordinary smoother to the decimated stream should match bin-averaging.",C110,
C110@S46.013,claim,C110,"The IMS trend is reproduced by an ordinary moving-average or Kalman filter: generic smoothing, not historian averaging",D.1 Generic Smoothing vs.\ Historian Averaging,body,D.1 Generic Smoothing vs.\ Historian Averaging,"We compare a median filter, a moving average, a constant-velocity Kalman filter, and a wavelet denoiser against raw aggregation and raw decimation (Table 22).",C110,
C110@S46.014,claim,C110,"The IMS trend is reproduced by an ordinary moving-average or Kalman filter: generic smoothing, not historian averaging",D.1 Generic Smoothing vs.\ Historian Averaging,body,D.1 Generic Smoothing vs.\ Historian Averaging,"The moving average and Kalman filter recover essentially the full aggregate lead time (76.0 and 75.7 h vs. aggregation’s 75.7 h), while the median and wavelet filters fall slightly short.",C110,
C110@S46.015,claim,C110,"The IMS trend is reproduced by an ordinary moving-average or Kalman filter: generic smoothing, not historian averaging",D.1 Generic Smoothing vs.\ Historian Averaging,body,D.1 Generic Smoothing vs.\ Historian Averaging,"The effect is therefore generic smoothing of the health signal, not a property unique to historian bin-averaging—an operator who decimates and then lightly smooths recovers the same warning time.",C110,
C110@S46.016,claim,C110,"The IMS trend is reproduced by an ordinary moving-average or Kalman filter: generic smoothing, not historian averaging",D.1 Generic Smoothing vs.\ Historian Averaging,body,D.1 Generic Smoothing vs.\ Historian Averaging,"The linear smoothers (moving average, Kalman) recover the advantage but the wavelet denoiser does not, dropping to 6/12 valid alarms—below even raw decimation—because its soft-thresholding of detail coefficients perturbs the pre-onset baseline enough to lift the pre-onset false-alarm rate past the budget.",C110,
C110@tab:denoise.cap02,claim,C110,"The IMS trend is reproduced by an ordinary moving-average or Kalman filter: generic smoothing, not historian averaging",tab:denoise,caption,tab:denoise,"A moving average or ro Kalman filter recovers the aggregate lead time, showing the RM benefit is generic smoothing. pa a",C110,
C111@S35.001,claim,C111,Signal-theoretic argument: bin-averaging = anti-alias filter + downsampling; decimation folds noise in-band,Why Aggregation Preserves What Decimation Loses,body,Why Aggregation Preserves What Decimation Loses,"Bin-averaging by a factor f is a length-f moving-average filter followed by downsampling: an anti-alias filter, then decimation.",C111,G2
C111@S35.003,claim,C111,Signal-theoretic argument: bin-averaging = anti-alias filter + downsampling; decimation folds noise in-band,Why Aggregation Preserves What Decimation Loses,body,Why Aggregation Preserves What Decimation Loses,"The prognostic content of the health statistic evolves on the degradation timescale—hours—far below the post-coarsening Nyquist rate even at f = 20, while measurement noise in the same series is broadband.",C111,G2
C111@S35.004,claim,C111,Signal-theoretic argument: bin-averaging = anti-alias filter + downsampling; decimation folds noise in-band,Why Aggregation Preserves What Decimation Loses,body,Why Aggregation Preserves What Decimation Loses,"Decimation therefore folds out-of-band noise into the low-frequency band occupied by the degradation trend, raising the variance of the health statistic without changing its mean; aggregation attenuates that noise before downsampling.",C111,G2
C112@S35.010,claim,C112,"Mean and slope are linear functionals and commute with block averaging; std, max, coherence do not",Why Aggregation Preserves What Decimation Loses,body,Why Aggregation Preserves What Decimation Loses,"The mean and the slope are linear functionals of the underlying series, so block-averaging them commutes with the summary up to the weighting induced by the 50% window overlap; the standard deviation, the maximum and the cross-channel coherence are not linear, and block-averaging them is not equivalent to computing the summary on the coarsened series.",C112,G2
C113@S35.012,claim,C113,We claim no conservation result,Why Aggregation Preserves What Decimation Loses,body,Why Aggregation Preserves What Decimation Loses,We claim no conservation result.,C113,G2
C114@S31.008,claim,C114,Noise injection: aggregate advantage rises monotonically from -0.35 h (native) to +6.60 h at 10 dB,Minimum Training Data for Deep Anomaly Detectors,body,Minimum Training Data for Deep Anomaly Detectors,"Isolation Forest starts from the same 0.667 and ends there too, but non-monotonically, dipping to 0.167 at T = 0.30 before recovering.",C114,
C114@S35.007,claim,C114,Noise injection: aggregate advantage rises monotonically from -0.35 h (native) to +6.60 h at 10 dB,Why Aggregation Preserves What Decimation Loses,body,Why Aggregation Preserves What Decimation Loses,"Appendix D.1 tests this directly (Table 21), and the advantage rises monotonically as injected noise increases, from -0.35 h at the native noise level to +6.60 h at 10 dB, and is recovered by applying an ordinary moving-average or Kalman filter to the decimated stream (Table 22).",C114,
C114@S46.006,claim,C114,Noise injection: aggregate advantage rises monotonically from -0.35 h (native) to +6.60 h at 10 dB,D.1 Generic Smoothing vs.\ Historian Averaging,body,D.1 Generic Smoothing vs.\ Historian Averaging,"The mean advantage rises monotonically as noise increases (Table 21): from -0.35 h at the native noise level to +6.6 h at 10 dB, and at the two highest noise levels all three runs share the positive sign.",C114,
C114@tab:noise.cap03,claim,C114,Noise injection: aggregate advantage rises monotonically from -0.35 h (native) to +6.60 h at 10 dB,tab:noise,caption,tab:noise,The mean advantage grows monotonically as SNR falls—the signature of a lowpass mechanism—but at n = 3 this is a directional trend that cannot be significance-tested.,C114,
C115@S46.013,claim,C115,Denoisers: moving average/Kalman recover aggregate lead (76.0/75.7 vs 75.7 h); wavelet drops to 6/12,D.1 Generic Smoothing vs.\ Historian Averaging,body,D.1 Generic Smoothing vs.\ Historian Averaging,"We compare a median filter, a moving average, a constant-velocity Kalman filter, and a wavelet denoiser against raw aggregation and raw decimation (Table 22).",C115,
C115@S46.014,claim,C115,Denoisers: moving average/Kalman recover aggregate lead (76.0/75.7 vs 75.7 h); wavelet drops to 6/12,D.1 Generic Smoothing vs.\ Historian Averaging,body,D.1 Generic Smoothing vs.\ Historian Averaging,"The moving average and Kalman filter recover essentially the full aggregate lead time (76.0 and 75.7 h vs. aggregation’s 75.7 h), while the median and wavelet filters fall slightly short.",C115,
C115@S46.016,claim,C115,Denoisers: moving average/Kalman recover aggregate lead (76.0/75.7 vs 75.7 h); wavelet drops to 6/12,D.1 Generic Smoothing vs.\ Historian Averaging,body,D.1 Generic Smoothing vs.\ Historian Averaging,"The linear smoothers (moving average, Kalman) recover the advantage but the wavelet denoiser does not, dropping to 6/12 valid alarms—below even raw decimation—because its soft-thresholding of detail coefficients perturbs the pre-onset baseline enough to lift the pre-onset false-alarm rate past the budget.",C115,
C115@S46.018,claim,C115,Denoisers: moving average/Kalman recover aggregate lead (76.0/75.7 vs 75.7 h); wavelet drops to 6/12,D.1 Generic Smoothing vs.\ Historian Averaging,body,D.1 Generic Smoothing vs.\ Historian Averaging,"The onealarm gap between raw decimation (8/12) and aggregation (7/12) at statistically indistinguishable lead times (76.0 vs. 75.7 h) is sampling noise at n = 12, not evidence that decimation is preferable; it restates the headline.",C115,
C116@S34.007,claim,C116,ONGC case: nine of eleven detectors alarm 34-35 h ahead; aggregate-decimate difference at most about a minute,Why the IMS Trend Appears but Is Neutral Elsewhere,body,Why the IMS Trend Appears but Is Neutral Elsewhere,"The one real historian record in our study, an ONGC gas-turbine low-pressurecompressor bearing logged at a 10 s SCADA rate and ending in a genuine operator shutdown, has nine of its eleven detectors alarm 34-35 h ahead of the labeled failure (RMS-trend ∼23 h, and Deep SVDD not before failure at all), with an aggregate-vs-decimate difference of at most about a minute for every detector.",C116,
C116@S47.004,claim,C116,ONGC case: nine of eleven detectors alarm 34-35 h ahead; aggregate-decimate difference at most about a minute,D.2 Single-Asset ONGC Case Study,body,D.2 Single-Asset ONGC Case Study,"On genuine 10 s industrial SCADA data ending in a real operator shutdown, every detector achieves a long warning: 3σ, EWMA, Hotelling T 2, and Isolation Forest each alarm roughly 35 h before the labeled failure, and even the naive RMS-trend baseline gives ∼22.8 h.",C116,
C116@S47.005,claim,C116,ONGC case: nine of eleven detectors alarm 34-35 h ahead; aggregate-decimate difference at most about a minute,D.2 Single-Asset ONGC Case Study,body,D.2 Single-Asset ONGC Case Study,"More to the point of this paper, the aggregate-vs-decimate difference is at most about a minute for every detector (Table 23).",C116,
C116@tab:ongc.cap02,claim,C116,ONGC case: nine of eleven detectors alarm 34-35 h ahead; aggregate-decimate difference at most about a minute,tab:ongc,caption,tab:ongc,All differences are about a minute or less.,C116,
C117@S36.001,claim,C117,Storing bin-averaged vibration at SCADA rates does not sacrifice warning time (practical message),Practical Implications,body,Practical Implications,For practitioners the message is reassuring and actionable.,C117,
C117@S36.002,claim,C117,Storing bin-averaged vibration at SCADA rates does not sacrifice warning time (practical message),Practical Implications,body,Practical Implications,"Storing bin-averaged vibration at SCADA rates, the default behavior of most historians, does not inherently sacrifice bearing-fault warning time relative to keeping decimated raw samples, and may even improve it for control-chart detectors on noisy long-runway data.",C117,
C117@S47.008,claim,C117,Storing bin-averaged vibration at SCADA rates does not sacrifice warning time (practical message),D.2 Single-Asset ONGC Case Study,body,D.2 Single-Asset ONGC Case Study,This is the cleanest possible illustration of the practical question—it uses no simulated coarsening—and it is consistent with “averaging is not the enemy.,C117,
C118@S37.017,claim,C118,Construct validity: onset is not ground-truth defect initiation; valid-alarm fraction partly a property of bearings,Limitations and Threats to Validity,body,Limitations and Threats to Validity,"The onset definition, although leakage-free and stable to its threshold multiplier across k ∈ {3, 4, 5} (Table 3), is not the ground-truth defect-initiation time, which is unobservable in these datasets.",C118,
C118@S37.019,claim,C118,Construct validity: onset is not ground-truth defect initiation; valid-alarm fraction partly a property of bearings,Limitations and Threats to Validity,body,Limitations and Threats to Validity,"The per-bearing XJTU breakdown (Table 9) shows the same effect: bearings whose physics provides essentially no warning runway score zero valid alarms regardless of detector, which is correct behavior but means the valid-alarm fraction is partly a property of the bearings, not only of the methods.",C118,
C119@S18.005,claim,C119,An earlier pooled 15-pair Wilcoxon test overstated significance,Statistical Protocol,body,Statistical Protocol,Pooling them as 3 × 5 = 15 “pairs” per detector (as an earlier version of this work did) inflates the effective sample size fivefold and yields overconfident p-values.,C119,
C119@S37.025,claim,C119,An earlier pooled 15-pair Wilcoxon test overstated significance,Limitations and Threats to Validity,body,Limitations and Threats to Validity,"Crucially, the five sampling factors applied within a run are pseudoreplicates of one degradation trajectory, not in- dependent observations: an earlier pooled 15-pair Wilcoxon test treated them as independent and thereby overstated sig- nificance.",C119,
C120@S37.029,claim,C120,Significance needs >= 6 sign-concordant runs (p = 0.031); IMS is a factor of two short,Limitations and Threats to Validity,body,Limitations and Threats to Validity,The minimum- dataset requirement follows directly from the test itself: the exact sign test we use cannot reach significance until at least six runs are sign-concordant (2( 1 2 )6 = 0.031).,C120,
C120@S37.030,claim,C120,Significance needs >= 6 sign-concordant runs (p = 0.031); IMS is a factor of two short,Limitations and Threats to Validity,body,Limitations and Threats to Validity,"The three IMS runs are thus at least a factor of two short of the sample size a significance claim would require—the quantitative content of the “long-runway, many-bearing campaign” the future work calls for.",C120,
C121@S37.033,claim,C121,RUL-benchmarking limitation: the metric is not benchmarked against the RUL literature,Limitations and Threats to Validity,body,Limitations and Threats to Validity,Limited external benchmarking.,C121,G8
C121@S37.034,claim,C121,RUL-benchmarking limitation: the metric is not benchmarked against the RUL literature,Limitations and Threats to Validity,body,Limitations and Threats to Validity,We do not benchmark the gated lead-time metric against the RUL-estimation literature.,C121,G8
C121@S37.035,claim,C121,RUL-benchmarking limitation: the metric is not benchmarked against the RUL literature,Limitations and Threats to Validity,body,Limitations and Threats to Validity,"The comparison is not straightforward—RUL methods predict a remaining-life quantity and are scored by prediction error, whereas our metric scores when an alarm fires against a false-alarm budget—but the consequence is that the metric’s behaviour relative to that body of work is untested, and readers coming from RUL benchmarking should treat the two as complementary rather than ranked.",C121,G8
C122@S04.008,claim,C122,"Future work: long-life bearing campaigns, other bearing types, joint onset learning, non-exchangeable conformal",Anomaly Detectors and Control Charts,body,Anomaly Detectors and Control Charts,"The classic normalized-RMS health-indicator with a first-prediction-time threshold—the workhorse baseline underlying most of that literature—is represented here by our rms_trend detector, evaluated under the same gated metric as every other method; re-evaluating specific published architectures under the gated metric (which requires their original code) is left as future work.",C122,
C122@S37.015,claim,C122,"Future work: long-life bearing campaigns, other bearing types, joint onset learning, non-exchangeable conformal",Limitations and Threats to Validity,body,Limitations and Threats to Validity,We acknowledge both rather than claim to have eliminated them; closing them (e.g. an onset signal disjoint from the detector features) is future work.,C122,
C122@S37.030,claim,C122,"Future work: long-life bearing campaigns, other bearing types, joint onset learning, non-exchangeable conformal",Limitations and Threats to Validity,body,Limitations and Threats to Validity,"The three IMS runs are thus at least a factor of two short of the sample size a significance claim would require—the quantitative content of the “long-runway, many-bearing campaign” the future work calls for.",C122,
C122@S38.007,claim,C122,"Future work: long-life bearing campaigns, other bearing types, joint onset learning, non-exchangeable conformal",Conclusion,body,Conclusion,"Future work will learn the degradation onset jointly with the detector so that the metric’s anchor is independent of a hand-set health indicator (closing the circularity noted in Section 8), and extend the conformal guarantee to the non-exchangeable early-degradation regime in which it currently fails.",C122,
C123@S40.007,claim,C123,Data availability enumerates the released ONGC derived artifacts by path; raw waveforms/channels/IDs withheld under NDA,Data and Code Availability,body,Data and Code Availability,The ONGC gas-turbine SCADA record is proprietary and covered by a non-disclosure agreement.,C123,G7
C123@S40.008,claim,C123,Data availability enumerates the released ONGC derived artifacts by path; raw waveforms/channels/IDs withheld under NDA,Data and Code Availability,body,Data and Code Availability,"Withheld, and not redistributable: the raw vibration waveforms, the channel-level measurements from which the features are built, and all asset identifiers.",C123,G7
C123@S40.009,claim,C123,Data availability enumerates the released ONGC derived artifacts by path; raw waveforms/channels/IDs withheld under NDA,Data and Code Availability,body,Data and Code Availability,"Released, so that the n = 1 case study can be repeated rather than merely inspected, are the derived files behind every ONGC number in this paper (all paths relative to results/tables/): the degradation health-indicator series in ongc_health_ indicator.csv, a single baseline-standardized scalar per 10 s timestamp aggregated over all four channels, with the run-level split, onset and failure markers in ongc_ onset_markers.csv—the published onset of 2023-1113 03:44 is recomputable from these two files alone, with no proprietary input, and the repository’s test suite asserts exactly that; per-detector lead time and pre-onset false-alarm rate, together with the full post-N-20 sampling sweep (both modes × five factors × eleven detectors, 110 rows), in n20_ rerun_long_ONGC.csv, with its aggregated and interval forms in benchmark_ONGC_aggregate_n20.csv and benchmark_ONGC_leadtime_ci_n20.csv; the per-detector median differences of Table 23 in n20_ongc_ minutes.csv; the paired-test outputs in benchmark_ ONGC_paired_test_n20.csv; the conformal calibration series behind Figure 4d in calibration_ONGC. csv and calibration_ONGC_pooled.csv; and the onset reruns under the two decoupled health indicators in rg3_rerun_long_ONGC_rms_kurt.csv and rg3_ rerun_long_ONGC_pca1.csv, both of which are the pre-N-20 arm, retained as provenance for the indicator comparison; no number reported here depends on them, and the aggregate-vs-decimate contrast is taken from the post-N-20 files named above.",C123,G7
C124@S40.002,claim,C124,MANIFEST.md maps tables/figures to files; verify_tables.py re-derives printed values; superseded arms moved aside,Data and Code Availability,body,Data and Code Availability,"Every table and figure in this paper is generated directly from the result files released in the repository under results/tables/; no number is hand-edited. results/tables/MANIFEST.md maps each table and figure to the exact file that backs it, and paper/verify_tables.py re-derives the printed values from those files and fails if any disagrees—it runs as part of the test suite, so the claim is checked rather than asserted.",C124,
C124@S40.003,claim,C124,MANIFEST.md maps tables/figures to files; verify_tables.py re-derives printed values; superseded arms moved aside,Data and Code Availability,body,Data and Code Availability,"Where a result exists in more than one arm (the pre-D-2 legacy feature schema, or the pre-N-20 rerun), the superseded arm has been moved to results/tables/superseded/ with a note on why, so a replicator cannot select it by mistake.",C124,
C125@S42.005,claim,C125,"Inference cost is negligible (<= ~0.5 ms/window), four orders below the 10 s polling interval; not compute-bound",Appendix A: Reproducibility Settings,body,Appendix A: Reproducibility Settings,"Training is a one-off offline step; inference is negligible for every detector—at most ∼0.5 ms per window (LSTM-AE), more than four orders of magnitude below the fastest historian polling interval in our study (10 s).",C125,
C125@S42.006,claim,C125,"Inference cost is negligible (<= ~0.5 ms/window), four orders below the 10 s polling interval; not compute-bound",Appendix A: Reproducibility Settings,body,Appendix A: Reproducibility Settings,Streaming condition monitoring at native SCADA rates is therefore not compute-bound for any of the eleven evaluated,C125,
C126@S42.002,claim,C126,"Deep-model architectures table: Adam, fixed LR, no early stopping, parameter counts at 49-dim width",Appendix A: Reproducibility Settings,body,Appendix A: Reproducibility Settings,"Table 18 gives the architectures and training protocol of the four deep models, transcribed from the same source, with trainable parameter counts measured at the 49-dimensional invariant feature width.",C126,G5
C126@tab:deeparch.cap01,claim,C126,"Deep-model architectures table: Adam, fixed LR, no early stopping, parameter counts at 49-dim width",tab:deeparch,caption,tab:deeparch,"Deep-model architectures and training protocol, transcribed from the released config.py and model definitions.",C126,G5
C126@tab:deeparch.cap02,claim,C126,"Deep-model architectures table: Adam, fixed LR, no early stopping, parameter counts at 49-dim width",tab:deeparch,caption,tab:deeparch,All four are trained with Adam at a fixed learning rate with no per-dataset tuning and no early stopping: every model runs its full epoch budget.,C126,G5
C127@S43.002,claim,C127,"Feature construction: 6 statistics x 2 channel aggregates x 4 window descriptors = 48, + coherence = 49",Appendix B: The 49-Dimensional Invariant Feature Space,body,Appendix B: The 49-Dimensional Invariant Feature Space,"Each family is made channelcount-invariant by aggregating across the physical channels with the channel mean and the channel max, and each aggregated series is summarised over the rolling window (10 samples, 50% overlap) by its mean, standard deviation, maximum, and least-squares trend slope, giving 6 × 2 × 4 = 48 features; a cross-channel RMS-coherence feature (the mean pairwise Pearson correlation of the physical RMS channels within the window) brings the total to 49.",C127,
C128@S44.001,claim,C128,IMS test-3 label: original 2004-04-08 left 21.5% of data after 'failure'; relabelled to last sample 2004-04-18 02:42,Appendix C: IMS Test-3 Relabeling Justification,body,Appendix C: IMS Test-3 Relabeling Justification,"A subtlety we correct here is the failure-label of the third test: an earlier label placed failure on 2004-04-08, leaving 21.5% of the recorded data after the nominal “failure”—impossible for a run-to-failure series—so under that label the third test is a guaranteed 100% miss for every detector.",C128,D19
C128@S44.002,claim,C128,IMS test-3 label: original 2004-04-08 left 21.5% of data after 'failure'; relabelled to last sample 2004-04-18 02:42,Appendix C: IMS Test-3 Relabeling Justification,body,Appendix C: IMS Test-3 Relabeling Justification,"We relabel it to the last recorded sample (2004-04-18 02:42), at which the mean-RMS health indicator has ramped from its flat baseline (∼0.068) to ∼0.228 before the final machine-off reading— within the flat normal-region baseline band at the old label, but well above the 4σ onset band at the corrected one.",C128,D19
C128@S44.008,claim,C128,IMS test-3 label: original 2004-04-08 left 21.5% of data after 'failure'; relabelled to last sample 2004-04-18 02:42,Appendix C: IMS Test-3 Relabeling Justification,body,Appendix C: IMS Test-3 Relabeling Justification,"Because a reader may reasonably ask whether the label was chosen for the result it produces, we re-ran the entire IMS sweep under the original 2004-04-08 label and report both arms side by side (Table 20).",C128,D19
C128@tab:d17label.cap01,claim,C128,IMS test-3 label: original 2004-04-08 left 21.5% of data after 'failure'; relabelled to last sample 2004-04-18 02:42,tab:d17label,caption,tab:d17label,"IMS aggregate-decimate lead-time difference under the original (2004-04-08) and corrected (2004-04-18) third- test failure labels, all ten detectors.",C128,D19
C129@S44.003,claim,C129,The relabelling made the paper's own claim harder to support; the 'no run shortened' claim is withdrawn,Appendix C: IMS Test-3 Relabeling Justification,body,Appendix C: IMS Test-3 Relabeling Justification,"The relabeling therefore moves the third test in the direction of harder, not easier, detection: a previously guaranteed 100% miss becomes an evaluable run, and because the aggregatevs-decimate contrast is computed independently within each run, the relabeling cannot artificially inflate it.",C129,D19
C129@S44.007,claim,C129,The relabelling made the paper's own claim harder to support; the 'no run shortened' claim is withdrawn,Appendix C: IMS Test-3 Relabeling Justification,body,Appendix C: IMS Test-3 Relabeling Justification,"The relabeling made our own claim harder to support, not easier.",C129,D19
C129@S44.013,claim,C129,The relabelling made the paper's own claim harder to support; the 'no run shortened' claim is withdrawn,Appendix C: IMS Test-3 Relabeling Justification,body,Appendix C: IMS Test-3 Relabeling Justification,"It is false only under the corrected one, where the third test contributes -1.00 h, and we have withdrawn it accordingly.",C129,D19
C130@S00.009,claim,C130,Under the original label test 3 is a guaranteed miss for six of ten detectors; n_eff is 3/2/1 by detector,"Front matter: title, abstract, keywords",body,"Front matter: title, abstract, keywords","The campaigns that supply this statistical power are short-lived bearings, on which an effect of the magnitude IMS shows could not have appeared, so the cross-dataset null bounds the effect at the scale of minutes rather than hours.",C130,D19
C130@S27.021,claim,C130,Under the original label test 3 is a guaranteed miss for six of ten detectors; n_eff is 3/2/1 by detector,Multiple-Comparison Correction,body,Multiple-Comparison Correction,"Gating discards every run in which a detector never produces a valid alarm, so the mean effective sample size per detector falls from 3.0 to 1.3 on XJTU-SY, 4.8 to 2.8 on FEMTO, 5.0 to 3.6 on Ferrara, and 2.7 to 1.2 on IMS—roughly a halving.",C130,D19
C130@S31.020,claim,C130,Under the original label test 3 is a guaranteed miss for six of ten detectors; n_eff is 3/2/1 by detector,Minimum Training Data for Deep Anomaly Detectors,body,Minimum Training Data for Deep Anomaly Detectors,"Research groups with access to multi-run, long-runway industrial historian archives (gas turbines, compressors, paper machines) can apply the released pipeline directly; loader templates for all public dataset formats used in this study are included in the repository at https://github.com/Ansh-Goyal01/ Scada-Leadtime-Benchmark to minimize integration effort.",C130,D19
C130@S33.002,claim,C130,Under the original label test 3 is a guaranteed miss for six of ten detectors; n_eff is 3/2/1 by detector,What Changed the Story,body,What Changed the Story,"First, a correct failure label for the third IMS test (which had left a fifth of the data after the nominal failure) turns a guaranteed miss into a valid detection.",C130,D19
C130@S37.007,claim,C130,Under the original label test 3 is a guaranteed miss for six of ten detectors; n_eff is 3/2/1 by detector,Limitations and Threats to Validity,body,Limitations and Threats to Validity,"The three campaigns that supply statistical power—XJTU-SY, FEMTO/PRONOSTIA and University of Ferrara—comprise bearings whose total lifetimes span roughly 0.7 to 8.9 h, so an aggregation effect of the magnitude observed on IMS (a run-level median of +15.1 h for the 3σ chart) could not have been observed on them even if it were present.",C130,D19
C130@S37.009,claim,C130,Under the original label test 3 is a guaranteed miss for six of ten detectors; n_eff is 3/2/1 by detector,Limitations and Threats to Validity,body,Limitations and Threats to Validity,"Conversely, the only dataset whose runway is long enough to express such an effect has n = 3 and cannot reach significance at any margin.",C130,D19
C130@S37.032,claim,C130,Under the original label test 3 is a guaranteed miss for six of ten detectors; n_eff is 3/2/1 by detector,Limitations and Threats to Validity,body,Limitations and Threats to Validity,"Research groups with access to long-running industrial historian archives—gas tur- bines, compressors, paper machines—can directly apply our released pipeline to test this hypothesis; we provide loader templates for all public dataset formats used here to minimize integration effort.",C130,D19
C130@S37.036,claim,C130,Under the original label test 3 is a guaranteed miss for six of ten detectors; n_eff is 3/2/1 by detector,Limitations and Threats to Validity,body,Limitations and Threats to Validity,"Two extensions would sharpen these conclusions most directly: run-to-failure campaigns on long-life bearings of the kind typical in industrial service, where the multi-week runway could express an aggregation effect that short laboratory bearings cannot; and a comparable effort on other bearing types and geometries, since the four inferential datasets used here are all rolling-element bearings under approximately steady speed and load, and the single real-asset record is one gas-turbine compressor bearing.",C130,D19
C130@S38.004,claim,C130,Under the original label test 3 is a guaranteed miss for six of ten detectors; n_eff is 3/2/1 by detector,Conclusion,body,Conclusion,"That null is bounded by the scale of the evidence: the three campaigns supplying the statistical power comprise bearings of 0.7-8.9 h total life, on which an aggregation effect of the magnitude seen on IMS could not have been observed, so the cross-dataset result bounds the effect at the scale of minutes and the multi-week runway remains untested.",C130,D19
C130@S44.001,claim,C130,Under the original label test 3 is a guaranteed miss for six of ten detectors; n_eff is 3/2/1 by detector,Appendix C: IMS Test-3 Relabeling Justification,body,Appendix C: IMS Test-3 Relabeling Justification,"A subtlety we correct here is the failure-label of the third test: an earlier label placed failure on 2004-04-08, leaving 21.5% of the recorded data after the nominal “failure”—impossible for a run-to-failure series—so under that label the third test is a guaranteed 100% miss for every detector.",C130,D19
C130@S44.003,claim,C130,Under the original label test 3 is a guaranteed miss for six of ten detectors; n_eff is 3/2/1 by detector,Appendix C: IMS Test-3 Relabeling Justification,body,Appendix C: IMS Test-3 Relabeling Justification,"The relabeling therefore moves the third test in the direction of harder, not easier, detection: a previously guaranteed 100% miss becomes an evaluable run, and because the aggregatevs-decimate contrast is computed independently within each run, the relabeling cannot artificially inflate it.",C130,D19
C130@S44.010,claim,C130,Under the original label test 3 is a guaranteed miss for six of ten detectors; n_eff is 3/2/1 by detector,Appendix C: IMS Test-3 Relabeling Justification,body,Appendix C: IMS Test-3 Relabeling Justification,"Under the original label the third test is a guaranteed miss, so its aggregate and decimate lead times are both zero and the run’s collapsed difference is exactly 0.00 h; Section 4.9’s zero-difference rule then excludes that run from the sign-test tally, leaving 3σ at two positive and zero negative runs.",C130,D19
C130@S44.016,claim,C130,Under the original label test 3 is a guaranteed miss for six of ten detectors; n_eff is 3/2/1 by detector,Appendix C: IMS Test-3 Relabeling Justification,body,Appendix C: IMS Test-3 Relabeling Justification,"Under the original label the third test is a guaranteed miss for six of the ten detectors, not for all ten: 3σ, CUSUM, EWMA, Isolation Forest, Deep SVDD, and RMS-trend all score L = 0 in both modes.",C130,D19
C130@S44.020,claim,C130,Under the original label test 3 is a guaranteed miss for six of ten detectors; n_eff is 3/2/1 by detector,Appendix C: IMS Test-3 Relabeling Justification,body,Appendix C: IMS Test-3 Relabeling Justification,"It leaves neff = 3 for the four detectors that still warn on the third test, drops it to neff = 2 for 3σ, CUSUM, EWMA and Isolation Forest, and to neff = 1 for Deep SVDD and RMS-trend.",C130,D19
C130@S44.021,claim,C130,Under the original label test 3 is a guaranteed miss for six of ten detectors; n_eff is 3/2/1 by detector,Appendix C: IMS Test-3 Relabeling Justification,body,Appendix C: IMS Test-3 Relabeling Justification,"The exact two-sided sign test floors at p = 0.25, 0.50 and 1.00 at those three sample sizes respectively, so under the original label six of the ten detectors could not have reached α = 0.05 at any effect size whatsoever.",C130,D19
C130@S44.022,claim,C130,Under the original label test 3 is a guaranteed miss for six of ten detectors; n_eff is 3/2/1 by detector,Appendix C: IMS Test-3 Relabeling Justification,body,Appendix C: IMS Test-3 Relabeling Justification,"The four that retain neff = 3 floor at p = 0.25, which is itself already above α.",C130,D19
C130@tab:gatedcontrast.cap02,claim,C130,Under the original label test 3 is a guaranteed miss for six of ten detectors; n_eff is 3/2/1 by detector,tab:gatedcontrast,caption,tab:gatedcontrast,“Med. ∆” is the median across detectors of each detector’s run-level median difference; n+/n-/0 counts detectors by the sign of that median; n¯eff is the mean effective sample size once zero-difference runs are dropped.,C130,D19
C130@tab:d17label.cap02,claim,C130,Under the original label test 3 is a guaranteed miss for six of ten detectors; n_eff is 3/2/1 by detector,tab:d17label,caption,tab:d17label,"Run differences are (1st_test, 2nd_test, 3rd_test) in hours, collapsing the five within-run sampling factors to one mean difference per run (Section 4.9). n+/n-/0 counts positive, negative and exactly-zero runs; zero-difference runs are excluded from the sign test, so neff is the effective sample size under the original label.",C130,D19
C130@tab:d17label.cap03,claim,C130,Under the original label test 3 is a guaranteed miss for six of ten detectors; n_eff is 3/2/1 by detector,tab:d17label,caption,tab:d17label,“Floor” is the smallest two-sided exact sign-test p attainable at that neff.,C130,D19
C131@S44.024,claim,C131,No median flips sign between labels; best attainable p is 0.25 in both arms,Appendix C: IMS Test-3 Relabeling Justification,body,Appendix C: IMS Test-3 Relabeling Justification,"No IMS detector therefore reaches significance under either label, and the best attainable p is 0.25 in both arms (Hotelling T 2).",C131,D19
C131@S44.025,claim,C131,No median flips sign between labels; best attainable p is 0.25 in both arms,Appendix C: IMS Test-3 Relabeling Justification,body,Appendix C: IMS Test-3 Relabeling Justification,"What the label does not change is the direction: no median flips sign between the two arms, with 3σ holding at +15.10 h and Hotelling T 2 at +1.17 h.",C131,D19
C131@tab:d17label.cap05,claim,C131,No median flips sign between labels; best attainable p is 0.25 in both arms,tab:d17label,caption,tab:d17label,"No median changes sign between labels, and no detector reaches α = 0.05 under either label.",C131,D19
C132@S44.004,claim,C132,"The relabel is an author relabeling, not a community-established correction",Appendix C: IMS Test-3 Relabeling Justification,body,Appendix C: IMS Test-3 Relabeling Justification,"We present this as an author relabeling based on the health-indicator trajectory, not an independently verified ground truth: we are not aware of a published benchmark that corrects this label, so we do not claim it as a community-established correction.",C132,
C133@S40.009,claim,C133,"ONGC record: Solar Turbine LPC, 4 channels at 10 s over ~5 days (42,698 rows), shutdown 2023-11-13 09:46, onset 03:44",Data and Code Availability,body,Data and Code Availability,"Released, so that the n = 1 case study can be repeated rather than merely inspected, are the derived files behind every ONGC number in this paper (all paths relative to results/tables/): the degradation health-indicator series in ongc_health_ indicator.csv, a single baseline-standardized scalar per 10 s timestamp aggregated over all four channels, with the run-level split, onset and failure markers in ongc_ onset_markers.csv—the published onset of 2023-1113 03:44 is recomputable from these two files alone, with no proprietary input, and the repository’s test suite asserts exactly that; per-detector lead time and pre-onset false-alarm rate, together with the full post-N-20 sampling sweep (both modes × five factors × eleven detectors, 110 rows), in n20_ rerun_long_ONGC.csv, with its aggregated and interval forms in benchmark_ONGC_aggregate_n20.csv and benchmark_ONGC_leadtime_ci_n20.csv; the per-detector median differences of Table 23 in n20_ongc_ minutes.csv; the paired-test outputs in benchmark_ ONGC_paired_test_n20.csv; the conformal calibration series behind Figure 4d in calibration_ONGC. csv and calibration_ONGC_pooled.csv; and the onset reruns under the two decoupled health indicators in rg3_rerun_long_ONGC_rms_kurt.csv and rg3_ rerun_long_ONGC_pca1.csv, both of which are the pre-N-20 arm, retained as provenance for the indicator comparison; no number reported here depends on them, and the aggregate-vs-decimate contrast is taken from the post-N-20 files named above.",C133,
C133@S47.001,claim,C133,"ONGC record: Solar Turbine LPC, 4 channels at 10 s over ~5 days (42,698 rows), shutdown 2023-11-13 09:46, onset 03:44",D.2 Single-Asset ONGC Case Study,body,D.2 Single-Asset ONGC Case Study,"The ONGC record is a real Solar-Turbine low-pressurecompressor (LPC) dataset: four vibration channels logged at a 10 s SCADA rate over ∼5 days (42,698 rows), ending in a genuine operator shutdown on 2023-11-13 09:46.",C133,
C133@S47.002,claim,C133,"ONGC record: Solar Turbine LPC, 4 channels at 10 s over ~5 days (42,698 rows), shutdown 2023-11-13 09:46, onset 03:44",D.2 Single-Asset ONGC Case Study,body,D.2 Single-Asset ONGC Case Study,"This is authentic historian data with a real, documented event—the maintenance record confirms the shutdown followed a rolling-element bearing fault on the LPC—and the data-derived degradation onset (2023-11-13 03:44) precedes the operator’s action by roughly six hours.",C133,
tab:datasets.c001,table-cell,tab:datasets,controlled lab,table,table-cell,tab:datasets | IMS | Role,IMS,,
tab:datasets.c002,table-cell,tab:datasets,20.48 kHz raw,table,table-cell,tab:datasets | IMS | Rate,IMS,,
tab:datasets.c003,table-cell,tab:datasets,3,table,table-cell,tab:datasets | IMS | Runs,IMS,,
tab:datasets.c004,table-cell,tab:datasets,case study (App. D.2),table,table-cell,tab:datasets | ONGC | Role,ONGC,,
tab:datasets.c005,table-cell,tab:datasets,10 s historian,table,table-cell,tab:datasets | ONGC | Rate,ONGC,,
tab:datasets.c006,table-cell,tab:datasets,1,table,table-cell,tab:datasets | ONGC | Runs,ONGC,,
tab:datasets.c007,table-cell,tab:datasets,generalization,table,table-cell,tab:datasets | XJTU-SY | Role,XJTU-SY,,
tab:datasets.c008,table-cell,tab:datasets,"25.6 kHz, 1/min",table,table-cell,tab:datasets | XJTU-SY | Rate,XJTU-SY,,
tab:datasets.c009,table-cell,tab:datasets,10,table,table-cell,tab:datasets | XJTU-SY | Runs,XJTU-SY,,
tab:datasets.c010,table-cell,tab:datasets,generalization,table,table-cell,tab:datasets | FEMTO | Role,FEMTO,,
tab:datasets.c011,table-cell,tab:datasets,"25.6 kHz, 1/10 s",table,table-cell,tab:datasets | FEMTO | Rate,FEMTO,,
tab:datasets.c012,table-cell,tab:datasets,6,table,table-cell,tab:datasets | FEMTO | Runs,FEMTO,,
tab:datasets.c013,table-cell,tab:datasets,generalization,table,table-cell,tab:datasets | Ferrara | Role,Ferrara,,
tab:datasets.c014,table-cell,tab:datasets,"25.6 kHz, cont.",table,table-cell,tab:datasets | Ferrara | Rate,Ferrara,,
tab:datasets.c015,table-cell,tab:datasets,6,table,table-cell,tab:datasets | Ferrara | Runs,Ferrara,,
tab:datasets.c016,table-cell,tab:datasets,excluded (no RUL),table,table-cell,tab:datasets | Paderborn | Role,Paderborn,,
tab:datasets.c017,table-cell,tab:datasets,64 kHz,table,table-cell,tab:datasets | Paderborn | Rate,Paderborn,,
tab:datasets.c018,table-cell,tab:datasets,-,table,table-cell,tab:datasets | Paderborn | Runs,Paderborn,,
tab:imslead.c019,table-cell,tab:imslead,No valid operating point at =10% (raw lead only),table,table-cell,tab:imslead | No valid operating point at =10% (raw lead only) | (panel/total row),No valid operating point at =10% (raw lead only),,D3/D4
tab:imslead.c020,table-cell,tab:imslead,197.6,table,table-cell,tab:imslead | No valid operating point at =10% (raw lead only) / LSTM-AE† | Lead time (h),No valid operating point at =10% (raw lead only) / LSTM-AE†,,D3/D4
tab:imslead.c021,table-cell,tab:imslead,"[65.5, 331.7]",table,table-cell,tab:imslead | No valid operating point at =10% (raw lead only) / LSTM-AE† | 95% CI,No valid operating point at =10% (raw lead only) / LSTM-AE†,,D3/D4
tab:imslead.c022,table-cell,tab:imslead,183.7,table,table-cell,tab:imslead | No valid operating point at =10% (raw lead only) / TCN-AE† | Lead time (h),No valid operating point at =10% (raw lead only) / TCN-AE†,,D3/D4
tab:imslead.c023,table-cell,tab:imslead,"[65.5, 330.9]",table,table-cell,tab:imslead | No valid operating point at =10% (raw lead only) / TCN-AE† | 95% CI,No valid operating point at =10% (raw lead only) / TCN-AE†,,D3/D4
tab:imslead.c024,table-cell,tab:imslead,183.4,table,table-cell,tab:imslead | No valid operating point at =10% (raw lead only) / Transformer-AD† | Lead time (h),No valid operating point at =10% (raw lead only) / Transformer-AD†,,D3/D4
tab:imslead.c025,table-cell,tab:imslead,"[65.5, 330.9]",table,table-cell,tab:imslead | No valid operating point at =10% (raw lead only) / Transformer-AD† | 95% CI,No valid operating point at =10% (raw lead only) / Transformer-AD†,,D3/D4
tab:imslead.c026,table-cell,tab:imslead,180.3,table,table-cell,tab:imslead | No valid operating point at =10% (raw lead only) / One-class SVM† | Lead time (h),No valid operating point at =10% (raw lead only) / One-class SVM†,,D3/D4
tab:imslead.c027,table-cell,tab:imslead,"[65.5, 316.7]",table,table-cell,tab:imslead | No valid operating point at =10% (raw lead only) / One-class SVM† | 95% CI,No valid operating point at =10% (raw lead only) / One-class SVM†,,D3/D4
tab:imslead.c028,table-cell,tab:imslead,174.8,table,table-cell,tab:imslead | No valid operating point at =10% (raw lead only) / Hotelling T2† | Lead time (h),No valid operating point at =10% (raw lead only) / Hotelling T2†,,D3/D4
tab:imslead.c029,table-cell,tab:imslead,"[56.3, 315.9]",table,table-cell,tab:imslead | No valid operating point at =10% (raw lead only) / Hotelling T2† | 95% CI,No valid operating point at =10% (raw lead only) / Hotelling T2†,,D3/D4
tab:imslead.c030,table-cell,tab:imslead,87.2,table,table-cell,tab:imslead | No valid operating point at =10% (raw lead only) / Isolation Forest† | Lead time (h),No valid operating point at =10% (raw lead only) / Isolation Forest†,,D3/D4
tab:imslead.c031,table-cell,tab:imslead,"[49.7, 152.2]",table,table-cell,tab:imslead | No valid operating point at =10% (raw lead only) / Isolation Forest† | 95% CI,No valid operating point at =10% (raw lead only) / Isolation Forest†,,D3/D4
tab:imslead.c032,table-cell,tab:imslead,78.6,table,table-cell,tab:imslead | No valid operating point at =10% (raw lead only) / EWMA† | Lead time (h),No valid operating point at =10% (raw lead only) / EWMA†,,D3/D4
tab:imslead.c033,table-cell,tab:imslead,"[28.0, 152.2]",table,table-cell,tab:imslead | No valid operating point at =10% (raw lead only) / EWMA† | 95% CI,No valid operating point at =10% (raw lead only) / EWMA†,,D3/D4
tab:imslead.c034,table-cell,tab:imslead,64.8,table,table-cell,tab:imslead | No valid operating point at =10% (raw lead only) / CUSUM† | Lead time (h),No valid operating point at =10% (raw lead only) / CUSUM†,,D3/D4
tab:imslead.c035,table-cell,tab:imslead,"[26.3, 114.9]",table,table-cell,tab:imslead | No valid operating point at =10% (raw lead only) / CUSUM† | 95% CI,No valid operating point at =10% (raw lead only) / CUSUM†,,D3/D4
tab:imslead.c036,table-cell,tab:imslead,Valid operating point exists--deployable under =10%,table,table-cell,tab:imslead | Valid operating point exists--deployable under =10% | (panel/total row),Valid operating point exists--deployable under =10%,,D3/D4
tab:imslead.c037,table-cell,tab:imslead,64.6,table,table-cell,tab:imslead | Valid operating point exists--deployable under =10% / 3σ | Lead time (h),Valid operating point exists--deployable under =10% / 3σ,,D3/D4
tab:imslead.c038,table-cell,tab:imslead,"[28.8, 108.7]",table,table-cell,tab:imslead | Valid operating point exists--deployable under =10% / 3σ | 95% CI,Valid operating point exists--deployable under =10% / 3σ,,D3/D4
tab:imslead.c039,table-cell,tab:imslead,14.8,table,table-cell,tab:imslead | Valid operating point exists--deployable under =10% / Deep SVDD | Lead time (h),Valid operating point exists--deployable under =10% / Deep SVDD,,D3/D4
tab:imslead.c040,table-cell,tab:imslead,"[0.0, 34.0]",table,table-cell,tab:imslead | Valid operating point exists--deployable under =10% / Deep SVDD | 95% CI,Valid operating point exists--deployable under =10% / Deep SVDD,,D3/D4
tab:imslead.c041,table-cell,tab:imslead,3.2,table,table-cell,tab:imslead | Valid operating point exists--deployable under =10% / RMS-trend | Lead time (h),Valid operating point exists--deployable under =10% / RMS-trend,,D3/D4
tab:imslead.c042,table-cell,tab:imslead,"[0.0, 9.7]",table,table-cell,tab:imslead | Valid operating point exists--deployable under =10% / RMS-trend | 95% CI,Valid operating point exists--deployable under =10% / RMS-trend,,D3/D4
tab:onset.c043,table-cell,tab:onset,98.4 [12.9],table,table-cell,tab:onset | Test 1 | k=3,Test 1,,
tab:onset.c044,table-cell,tab:onset,98.4 [12.9],table,table-cell,tab:onset | Test 1 | k=4,Test 1,,
tab:onset.c045,table-cell,tab:onset,98.5 [12.7],table,table-cell,tab:onset | Test 1 | k=5,Test 1,,
tab:onset.c046,table-cell,tab:onset,98.7 [10.4],table,table-cell,tab:onset | Test 1 | kurt_only,Test 1,,
tab:onset.c047,table-cell,tab:onset,98.7 [10.7],table,table-cell,tab:onset | Test 1 | pca1,Test 1,,
tab:onset.c048,table-cell,tab:onset,60.4 [64.8],table,table-cell,tab:onset | Test 2 | k=3,Test 2,,
tab:onset.c049,table-cell,tab:onset,61.9 [62.5],table,table-cell,tab:onset | Test 2 | k=4,Test 2,,
tab:onset.c050,table-cell,tab:onset,65.8 [56.0],table,table-cell,tab:onset | Test 2 | k=5,Test 2,,
tab:onset.c051,table-cell,tab:onset,98.8 [2.0],table,table-cell,tab:onset | Test 2 | kurt_only,Test 2,,
tab:onset.c052,table-cell,tab:onset,83.6 [26.8],table,table-cell,tab:onset | Test 2 | pca1,Test 2,,
tab:onset.c053,table-cell,tab:onset,94.5 [59.3],table,table-cell,tab:onset | Test 3 | k=3,Test 3,,
tab:onset.c054,table-cell,tab:onset,95.9 [44.5],table,table-cell,tab:onset | Test 3 | k=4,Test 3,,
tab:onset.c055,table-cell,tab:onset,96.1 [42.2],table,table-cell,tab:onset | Test 3 | k=5,Test 3,,
tab:onset.c056,table-cell,tab:onset,99.7 [3.5],table,table-cell,tab:onset | Test 3 | kurt_only,Test 3,,
tab:onset.c057,table-cell,tab:onset,97.2 [30.0],table,table-cell,tab:onset | Test 3 | pca1,Test 3,,
tab:robust.c058,table-cell,tab:robust,+5.8,table,table-cell,tab:robust | 3σ median Δ (h) | 1,3σ median Δ (h),,
tab:robust.c059,table-cell,tab:robust,+15.1,table,table-cell,tab:robust | 3σ median Δ (h) | 3,3σ median Δ (h),,
tab:robust.c060,table-cell,tab:robust,+7.8,table,table-cell,tab:robust | 3σ median Δ (h) | 5,3σ median Δ (h),,
tab:robust.c061,table-cell,tab:robust,+3.8,table,table-cell,tab:robust | 3σ median Δ (h) | 10,3σ median Δ (h),,
tab:robust.c062,table-cell,tab:robust,+2.9,table,table-cell,tab:robust | EWMA median Δ (h) | 1,EWMA median Δ (h),,
tab:robust.c063,table-cell,tab:robust,+2.1,table,table-cell,tab:robust | EWMA median Δ (h) | 3,EWMA median Δ (h),,
tab:robust.c064,table-cell,tab:robust,+2.9,table,table-cell,tab:robust | EWMA median Δ (h) | 5,EWMA median Δ (h),,
tab:robust.c065,table-cell,tab:robust,+2.3,table,table-cell,tab:robust | EWMA median Δ (h) | 10,EWMA median Δ (h),,
tab:robust.c066,table-cell,tab:robust,+0.3,table,table-cell,tab:robust | Iso. Forest median Δ (h) | 1,Iso. Forest median Δ (h),,
tab:robust.c067,table-cell,tab:robust,+3.4,table,table-cell,tab:robust | Iso. Forest median Δ (h) | 3,Iso. Forest median Δ (h),,
tab:robust.c068,table-cell,tab:robust,-0.8,table,table-cell,tab:robust | Iso. Forest median Δ (h) | 5,Iso. Forest median Δ (h),,
tab:robust.c069,table-cell,tab:robust,+4.2,table,table-cell,tab:robust | Iso. Forest median Δ (h) | 10,Iso. Forest median Δ (h),,
tab:robust.c070,table-cell,tab:robust,0.67,table,table-cell,"tab:robust | 3σ valid-alarm frac., full res. | 1","3σ valid-alarm frac., full res.",,
tab:robust.c071,table-cell,tab:robust,0.67,table,table-cell,"tab:robust | 3σ valid-alarm frac., full res. | 3","3σ valid-alarm frac., full res.",,
tab:robust.c072,table-cell,tab:robust,0.67,table,table-cell,"tab:robust | 3σ valid-alarm frac., full res. | 5","3σ valid-alarm frac., full res.",,
tab:robust.c073,table-cell,tab:robust,0.67,table,table-cell,"tab:robust | 3σ valid-alarm frac., full res. | 10","3σ valid-alarm frac., full res.",,
tab:robust.c074,table-cell,tab:robust,0.67,table,table-cell,"tab:robust | 3σ valid-alarm frac., all factors | 1","3σ valid-alarm frac., all factors",,
tab:robust.c075,table-cell,tab:robust,0.67,table,table-cell,"tab:robust | 3σ valid-alarm frac., all factors | 3","3σ valid-alarm frac., all factors",,
tab:robust.c076,table-cell,tab:robust,0.53,table,table-cell,"tab:robust | 3σ valid-alarm frac., all factors | 5","3σ valid-alarm frac., all factors",,
tab:robust.c077,table-cell,tab:robust,0.33,table,table-cell,"tab:robust | 3σ valid-alarm frac., all factors | 10","3σ valid-alarm frac., all factors",,
tab:robust.c078,table-cell,tab:robust,42.6,table,table-cell,tab:robust | 3σ | 0%,3σ,,
tab:robust.c079,table-cell,tab:robust,42.8,table,table-cell,tab:robust | 3σ | 5%,3σ,,
tab:robust.c080,table-cell,tab:robust,43.4,table,table-cell,tab:robust | 3σ | 20%,3σ,,
tab:robust.c081,table-cell,tab:robust,1.0,table,table-cell,tab:robust | 3σ | 0%,3σ,,
tab:robust.c082,table-cell,tab:robust,1.0,table,table-cell,tab:robust | 3σ | 5%,3σ,,
tab:robust.c083,table-cell,tab:robust,1.0,table,table-cell,tab:robust | 3σ | 20%,3σ,,
tab:robust.c084,table-cell,tab:robust,41.8,table,table-cell,tab:robust | EWMA | 0%,EWMA,,
tab:robust.c085,table-cell,tab:robust,41.8,table,table-cell,tab:robust | EWMA | 5%,EWMA,,
tab:robust.c086,table-cell,tab:robust,41.7,table,table-cell,tab:robust | EWMA | 20%,EWMA,,
tab:robust.c087,table-cell,tab:robust,1.3,table,table-cell,tab:robust | EWMA | 0%,EWMA,,
tab:robust.c088,table-cell,tab:robust,1.3,table,table-cell,tab:robust | EWMA | 5%,EWMA,,
tab:robust.c089,table-cell,tab:robust,1.2,table,table-cell,tab:robust | EWMA | 20%,EWMA,,
tab:robust.c090,table-cell,tab:robust,39.7,table,table-cell,tab:robust | CUSUM | 0%,CUSUM,,
tab:robust.c091,table-cell,tab:robust,39.3,table,table-cell,tab:robust | CUSUM | 5%,CUSUM,,
tab:robust.c092,table-cell,tab:robust,39.0,table,table-cell,tab:robust | CUSUM | 20%,CUSUM,,
tab:robust.c093,table-cell,tab:robust,1.2,table,table-cell,tab:robust | CUSUM | 0%,CUSUM,,
tab:robust.c094,table-cell,tab:robust,1.3,table,table-cell,tab:robust | CUSUM | 5%,CUSUM,,
tab:robust.c095,table-cell,tab:robust,1.2,table,table-cell,tab:robust | CUSUM | 20%,CUSUM,,
tab:robust.c096,table-cell,tab:robust,186.1,table,table-cell,tab:robust | Hot. T2 | 0%,Hot. T2,,
tab:robust.c097,table-cell,tab:robust,186.1,table,table-cell,tab:robust | Hot. T2 | 5%,Hot. T2,,
tab:robust.c098,table-cell,tab:robust,134.9,table,table-cell,tab:robust | Hot. T2 | 20%,Hot. T2,,
tab:robust.c099,table-cell,tab:robust,1.2,table,table-cell,tab:robust | Hot. T2 | 0%,Hot. T2,,
tab:robust.c100,table-cell,tab:robust,1.2,table,table-cell,tab:robust | Hot. T2 | 5%,Hot. T2,,
tab:robust.c101,table-cell,tab:robust,1.2,table,table-cell,tab:robust | Hot. T2 | 20%,Hot. T2,,
tab:robust.c102,table-cell,tab:robust,54.7,table,table-cell,tab:robust | Iso. Forest | 0%,Iso. Forest,,
tab:robust.c103,table-cell,tab:robust,54.3,table,table-cell,tab:robust | Iso. Forest | 5%,Iso. Forest,,
tab:robust.c104,table-cell,tab:robust,53.8,table,table-cell,tab:robust | Iso. Forest | 20%,Iso. Forest,,
tab:robust.c105,table-cell,tab:robust,1.2,table,table-cell,tab:robust | Iso. Forest | 0%,Iso. Forest,,
tab:robust.c106,table-cell,tab:robust,1.1,table,table-cell,tab:robust | Iso. Forest | 5%,Iso. Forest,,
tab:robust.c107,table-cell,tab:robust,1.1,table,table-cell,tab:robust | Iso. Forest | 20%,Iso. Forest,,
tab:crossds.c108,table-cell,tab:crossds,0.00,table,table-cell,tab:crossds | XJTU-SY (n=10) / 3σ | Med. Δ,XJTU-SY (n=10) / 3σ,,D3/D4
tab:crossds.c109,table-cell,tab:crossds,3/1,table,table-cell,tab:crossds | XJTU-SY (n=10) / 3σ | n_+/n_-,XJTU-SY (n=10) / 3σ,,D3/D4
tab:crossds.c110,table-cell,tab:crossds,no,table,table-cell,tab:crossds | XJTU-SY (n=10) / 3σ | S-c.,XJTU-SY (n=10) / 3σ,,D3/D4
tab:crossds.c111,table-cell,tab:crossds,0.625,table,table-cell,tab:crossds | XJTU-SY (n=10) / 3σ | p,XJTU-SY (n=10) / 3σ,,D3/D4
tab:crossds.c112,table-cell,tab:crossds,0.00,table,table-cell,tab:crossds | XJTU-SY (n=10) / EWMA | Med. Δ,XJTU-SY (n=10) / EWMA,,D3/D4
tab:crossds.c113,table-cell,tab:crossds,2/2,table,table-cell,tab:crossds | XJTU-SY (n=10) / EWMA | n_+/n_-,XJTU-SY (n=10) / EWMA,,D3/D4
tab:crossds.c114,table-cell,tab:crossds,no,table,table-cell,tab:crossds | XJTU-SY (n=10) / EWMA | S-c.,XJTU-SY (n=10) / EWMA,,D3/D4
tab:crossds.c115,table-cell,tab:crossds,1.000,table,table-cell,tab:crossds | XJTU-SY (n=10) / EWMA | p,XJTU-SY (n=10) / EWMA,,D3/D4
tab:crossds.c116,table-cell,tab:crossds,0.00,table,table-cell,tab:crossds | XJTU-SY (n=10) / CUSUM | Med. Δ,XJTU-SY (n=10) / CUSUM,,D3/D4
tab:crossds.c117,table-cell,tab:crossds,1/2,table,table-cell,tab:crossds | XJTU-SY (n=10) / CUSUM | n_+/n_-,XJTU-SY (n=10) / CUSUM,,D3/D4
tab:crossds.c118,table-cell,tab:crossds,no,table,table-cell,tab:crossds | XJTU-SY (n=10) / CUSUM | S-c.,XJTU-SY (n=10) / CUSUM,,D3/D4
tab:crossds.c119,table-cell,tab:crossds,1.000,table,table-cell,tab:crossds | XJTU-SY (n=10) / CUSUM | p,XJTU-SY (n=10) / CUSUM,,D3/D4
tab:crossds.c120,table-cell,tab:crossds,0.00,table,table-cell,tab:crossds | XJTU-SY (n=10) / Hotelling T2 | Med. Δ,XJTU-SY (n=10) / Hotelling T2,,D3/D4
tab:crossds.c121,table-cell,tab:crossds,2/0,table,table-cell,tab:crossds | XJTU-SY (n=10) / Hotelling T2 | n_+/n_-,XJTU-SY (n=10) / Hotelling T2,,D3/D4
tab:crossds.c122,table-cell,tab:crossds,yes,table,table-cell,tab:crossds | XJTU-SY (n=10) / Hotelling T2 | S-c.,XJTU-SY (n=10) / Hotelling T2,,D3/D4
tab:crossds.c123,table-cell,tab:crossds,0.500,table,table-cell,tab:crossds | XJTU-SY (n=10) / Hotelling T2 | p,XJTU-SY (n=10) / Hotelling T2,,D3/D4
tab:crossds.c124,table-cell,tab:crossds,-0.10,table,table-cell,tab:crossds | XJTU-SY (n=10) / Iso. Forest | Med. Δ,XJTU-SY (n=10) / Iso. Forest,,D3/D4
tab:crossds.c125,table-cell,tab:crossds,2/7,table,table-cell,tab:crossds | XJTU-SY (n=10) / Iso. Forest | n_+/n_-,XJTU-SY (n=10) / Iso. Forest,,D3/D4
tab:crossds.c126,table-cell,tab:crossds,no,table,table-cell,tab:crossds | XJTU-SY (n=10) / Iso. Forest | S-c.,XJTU-SY (n=10) / Iso. Forest,,D3/D4
tab:crossds.c127,table-cell,tab:crossds,0.180,table,table-cell,tab:crossds | XJTU-SY (n=10) / Iso. Forest | p,XJTU-SY (n=10) / Iso. Forest,,D3/D4
tab:crossds.c128,table-cell,tab:crossds,0.00,table,table-cell,tab:crossds | XJTU-SY (n=10) / Deep SVDD | Med. Δ,XJTU-SY (n=10) / Deep SVDD,,D3/D4
tab:crossds.c129,table-cell,tab:crossds,3/2,table,table-cell,tab:crossds | XJTU-SY (n=10) / Deep SVDD | n_+/n_-,XJTU-SY (n=10) / Deep SVDD,,D3/D4
tab:crossds.c130,table-cell,tab:crossds,no,table,table-cell,tab:crossds | XJTU-SY (n=10) / Deep SVDD | S-c.,XJTU-SY (n=10) / Deep SVDD,,D3/D4
tab:crossds.c131,table-cell,tab:crossds,1.000,table,table-cell,tab:crossds | XJTU-SY (n=10) / Deep SVDD | p,XJTU-SY (n=10) / Deep SVDD,,D3/D4
tab:crossds.c132,table-cell,tab:crossds,0.00,table,table-cell,tab:crossds | XJTU-SY (n=10) / One-class SVM | Med. Δ,XJTU-SY (n=10) / One-class SVM,,D3/D4
tab:crossds.c133,table-cell,tab:crossds,1/0,table,table-cell,tab:crossds | XJTU-SY (n=10) / One-class SVM | n_+/n_-,XJTU-SY (n=10) / One-class SVM,,D3/D4
tab:crossds.c134,table-cell,tab:crossds,yes,table,table-cell,tab:crossds | XJTU-SY (n=10) / One-class SVM | S-c.,XJTU-SY (n=10) / One-class SVM,,D3/D4
tab:crossds.c135,table-cell,tab:crossds,1.000,table,table-cell,tab:crossds | XJTU-SY (n=10) / One-class SVM | p,XJTU-SY (n=10) / One-class SVM,,D3/D4
tab:crossds.c136,table-cell,tab:crossds,0.00,table,table-cell,tab:crossds | XJTU-SY (n=10) / LSTM-AE‡ | Med. Δ,XJTU-SY (n=10) / LSTM-AE‡,,D3/D4
tab:crossds.c137,table-cell,tab:crossds,1/0,table,table-cell,tab:crossds | XJTU-SY (n=10) / LSTM-AE‡ | n_+/n_-,XJTU-SY (n=10) / LSTM-AE‡,,D3/D4
tab:crossds.c138,table-cell,tab:crossds,yes,table,table-cell,tab:crossds | XJTU-SY (n=10) / LSTM-AE‡ | S-c.,XJTU-SY (n=10) / LSTM-AE‡,,D3/D4
tab:crossds.c139,table-cell,tab:crossds,1.000,table,table-cell,tab:crossds | XJTU-SY (n=10) / LSTM-AE‡ | p,XJTU-SY (n=10) / LSTM-AE‡,,D3/D4
tab:crossds.c140,table-cell,tab:crossds,0.00,table,table-cell,tab:crossds | XJTU-SY (n=10) / TCN-AE‡ | Med. Δ,XJTU-SY (n=10) / TCN-AE‡,,D3/D4
tab:crossds.c141,table-cell,tab:crossds,0/0,table,table-cell,tab:crossds | XJTU-SY (n=10) / TCN-AE‡ | n_+/n_-,XJTU-SY (n=10) / TCN-AE‡,,D3/D4
tab:crossds.c142,table-cell,tab:crossds,no,table,table-cell,tab:crossds | XJTU-SY (n=10) / TCN-AE‡ | S-c.,XJTU-SY (n=10) / TCN-AE‡,,D3/D4
tab:crossds.c143,table-cell,tab:crossds,1.000,table,table-cell,tab:crossds | XJTU-SY (n=10) / TCN-AE‡ | p,XJTU-SY (n=10) / TCN-AE‡,,D3/D4
tab:crossds.c144,table-cell,tab:crossds,0.00,table,table-cell,tab:crossds | XJTU-SY (n=10) / Transf.-AD‡ | Med. Δ,XJTU-SY (n=10) / Transf.-AD‡,,D3/D4
tab:crossds.c145,table-cell,tab:crossds,0/0,table,table-cell,tab:crossds | XJTU-SY (n=10) / Transf.-AD‡ | n_+/n_-,XJTU-SY (n=10) / Transf.-AD‡,,D3/D4
tab:crossds.c146,table-cell,tab:crossds,no,table,table-cell,tab:crossds | XJTU-SY (n=10) / Transf.-AD‡ | S-c.,XJTU-SY (n=10) / Transf.-AD‡,,D3/D4
tab:crossds.c147,table-cell,tab:crossds,1.000,table,table-cell,tab:crossds | XJTU-SY (n=10) / Transf.-AD‡ | p,XJTU-SY (n=10) / Transf.-AD‡,,D3/D4
tab:crossds.c148,table-cell,tab:crossds,0.00,table,table-cell,tab:crossds | XJTU-SY (n=10) / RMS-trend | Med. Δ,XJTU-SY (n=10) / RMS-trend,,D3/D4
tab:crossds.c149,table-cell,tab:crossds,2/2,table,table-cell,tab:crossds | XJTU-SY (n=10) / RMS-trend | n_+/n_-,XJTU-SY (n=10) / RMS-trend,,D3/D4
tab:crossds.c150,table-cell,tab:crossds,no,table,table-cell,tab:crossds | XJTU-SY (n=10) / RMS-trend | S-c.,XJTU-SY (n=10) / RMS-trend,,D3/D4
tab:crossds.c151,table-cell,tab:crossds,1.000,table,table-cell,tab:crossds | XJTU-SY (n=10) / RMS-trend | p,XJTU-SY (n=10) / RMS-trend,,D3/D4
tab:crossds.c152,table-cell,tab:crossds,-0.14,table,table-cell,tab:crossds | FEMTO (n=6) / 3σ | Med. Δ,FEMTO (n=6) / 3σ,,D3/D4
tab:crossds.c153,table-cell,tab:crossds,1/5,table,table-cell,tab:crossds | FEMTO (n=6) / 3σ | n_+/n_-,FEMTO (n=6) / 3σ,,D3/D4
tab:crossds.c154,table-cell,tab:crossds,no,table,table-cell,tab:crossds | FEMTO (n=6) / 3σ | S-c.,FEMTO (n=6) / 3σ,,D3/D4
tab:crossds.c155,table-cell,tab:crossds,0.219,table,table-cell,tab:crossds | FEMTO (n=6) / 3σ | p,FEMTO (n=6) / 3σ,,D3/D4
tab:crossds.c156,table-cell,tab:crossds,0.09,table,table-cell,tab:crossds | FEMTO (n=6) / EWMA | Med. Δ,FEMTO (n=6) / EWMA,,D3/D4
tab:crossds.c157,table-cell,tab:crossds,4/2,table,table-cell,tab:crossds | FEMTO (n=6) / EWMA | n_+/n_-,FEMTO (n=6) / EWMA,,D3/D4
tab:crossds.c158,table-cell,tab:crossds,no,table,table-cell,tab:crossds | FEMTO (n=6) / EWMA | S-c.,FEMTO (n=6) / EWMA,,D3/D4
tab:crossds.c159,table-cell,tab:crossds,0.688,table,table-cell,tab:crossds | FEMTO (n=6) / EWMA | p,FEMTO (n=6) / EWMA,,D3/D4
tab:crossds.c160,table-cell,tab:crossds,0.10,table,table-cell,tab:crossds | FEMTO (n=6) / CUSUM | Med. Δ,FEMTO (n=6) / CUSUM,,D3/D4
tab:crossds.c161,table-cell,tab:crossds,4/2,table,table-cell,tab:crossds | FEMTO (n=6) / CUSUM | n_+/n_-,FEMTO (n=6) / CUSUM,,D3/D4
tab:crossds.c162,table-cell,tab:crossds,no,table,table-cell,tab:crossds | FEMTO (n=6) / CUSUM | S-c.,FEMTO (n=6) / CUSUM,,D3/D4
tab:crossds.c163,table-cell,tab:crossds,0.688,table,table-cell,tab:crossds | FEMTO (n=6) / CUSUM | p,FEMTO (n=6) / CUSUM,,D3/D4
tab:crossds.c164,table-cell,tab:crossds,0.07,table,table-cell,tab:crossds | FEMTO (n=6) / Hotelling T2 | Med. Δ,FEMTO (n=6) / Hotelling T2,,D3/D4
tab:crossds.c165,table-cell,tab:crossds,5/1,table,table-cell,tab:crossds | FEMTO (n=6) / Hotelling T2 | n_+/n_-,FEMTO (n=6) / Hotelling T2,,D3/D4
tab:crossds.c166,table-cell,tab:crossds,no,table,table-cell,tab:crossds | FEMTO (n=6) / Hotelling T2 | S-c.,FEMTO (n=6) / Hotelling T2,,D3/D4
tab:crossds.c167,table-cell,tab:crossds,0.219,table,table-cell,tab:crossds | FEMTO (n=6) / Hotelling T2 | p,FEMTO (n=6) / Hotelling T2,,D3/D4
tab:crossds.c168,table-cell,tab:crossds,-0.07,table,table-cell,tab:crossds | FEMTO (n=6) / Iso. Forest | Med. Δ,FEMTO (n=6) / Iso. Forest,,D3/D4
tab:crossds.c169,table-cell,tab:crossds,2/4,table,table-cell,tab:crossds | FEMTO (n=6) / Iso. Forest | n_+/n_-,FEMTO (n=6) / Iso. Forest,,D3/D4
tab:crossds.c170,table-cell,tab:crossds,no,table,table-cell,tab:crossds | FEMTO (n=6) / Iso. Forest | S-c.,FEMTO (n=6) / Iso. Forest,,D3/D4
tab:crossds.c171,table-cell,tab:crossds,0.688,table,table-cell,tab:crossds | FEMTO (n=6) / Iso. Forest | p,FEMTO (n=6) / Iso. Forest,,D3/D4
tab:crossds.c172,table-cell,tab:crossds,-0.00,table,table-cell,tab:crossds | FEMTO (n=6) / Deep SVDD | Med. Δ,FEMTO (n=6) / Deep SVDD,,D3/D4
tab:crossds.c173,table-cell,tab:crossds,1/3,table,table-cell,tab:crossds | FEMTO (n=6) / Deep SVDD | n_+/n_-,FEMTO (n=6) / Deep SVDD,,D3/D4
tab:crossds.c174,table-cell,tab:crossds,no,table,table-cell,tab:crossds | FEMTO (n=6) / Deep SVDD | S-c.,FEMTO (n=6) / Deep SVDD,,D3/D4
tab:crossds.c175,table-cell,tab:crossds,0.625,table,table-cell,tab:crossds | FEMTO (n=6) / Deep SVDD | p,FEMTO (n=6) / Deep SVDD,,D3/D4
tab:crossds.c176,table-cell,tab:crossds,0.02,table,table-cell,tab:crossds | FEMTO (n=6) / One-class SVM | Med. Δ,FEMTO (n=6) / One-class SVM,,D3/D4
tab:crossds.c177,table-cell,tab:crossds,4/1,table,table-cell,tab:crossds | FEMTO (n=6) / One-class SVM | n_+/n_-,FEMTO (n=6) / One-class SVM,,D3/D4
tab:crossds.c178,table-cell,tab:crossds,no,table,table-cell,tab:crossds | FEMTO (n=6) / One-class SVM | S-c.,FEMTO (n=6) / One-class SVM,,D3/D4
tab:crossds.c179,table-cell,tab:crossds,0.375,table,table-cell,tab:crossds | FEMTO (n=6) / One-class SVM | p,FEMTO (n=6) / One-class SVM,,D3/D4
tab:crossds.c180,table-cell,tab:crossds,-0.04,table,table-cell,tab:crossds | FEMTO (n=6) / LSTM-AE | Med. Δ,FEMTO (n=6) / LSTM-AE,,D3/D4
tab:crossds.c181,table-cell,tab:crossds,0/3,table,table-cell,tab:crossds | FEMTO (n=6) / LSTM-AE | n_+/n_-,FEMTO (n=6) / LSTM-AE,,D3/D4
tab:crossds.c182,table-cell,tab:crossds,yes-,table,table-cell,tab:crossds | FEMTO (n=6) / LSTM-AE | S-c.,FEMTO (n=6) / LSTM-AE,,D3/D4
tab:crossds.c183,table-cell,tab:crossds,0.250,table,table-cell,tab:crossds | FEMTO (n=6) / LSTM-AE | p,FEMTO (n=6) / LSTM-AE,,D3/D4
tab:crossds.c184,table-cell,tab:crossds,0.00,table,table-cell,tab:crossds | FEMTO (n=6) / TCN-AE | Med. Δ,FEMTO (n=6) / TCN-AE,,D3/D4
tab:crossds.c185,table-cell,tab:crossds,1/2,table,table-cell,tab:crossds | FEMTO (n=6) / TCN-AE | n_+/n_-,FEMTO (n=6) / TCN-AE,,D3/D4
tab:crossds.c186,table-cell,tab:crossds,no,table,table-cell,tab:crossds | FEMTO (n=6) / TCN-AE | S-c.,FEMTO (n=6) / TCN-AE,,D3/D4
tab:crossds.c187,table-cell,tab:crossds,1.000,table,table-cell,tab:crossds | FEMTO (n=6) / TCN-AE | p,FEMTO (n=6) / TCN-AE,,D3/D4
tab:crossds.c188,table-cell,tab:crossds,-0.05,table,table-cell,tab:crossds | FEMTO (n=6) / Transf.-AD | Med. Δ,FEMTO (n=6) / Transf.-AD,,D3/D4
tab:crossds.c189,table-cell,tab:crossds,0/4,table,table-cell,tab:crossds | FEMTO (n=6) / Transf.-AD | n_+/n_-,FEMTO (n=6) / Transf.-AD,,D3/D4
tab:crossds.c190,table-cell,tab:crossds,yes-,table,table-cell,tab:crossds | FEMTO (n=6) / Transf.-AD | S-c.,FEMTO (n=6) / Transf.-AD,,D3/D4
tab:crossds.c191,table-cell,tab:crossds,0.125,table,table-cell,tab:crossds | FEMTO (n=6) / Transf.-AD | p,FEMTO (n=6) / Transf.-AD,,D3/D4
tab:crossds.c192,table-cell,tab:crossds,-0.02,table,table-cell,tab:crossds | FEMTO (n=6) / RMS-trend | Med. Δ,FEMTO (n=6) / RMS-trend,,D3/D4
tab:crossds.c193,table-cell,tab:crossds,1/3,table,table-cell,tab:crossds | FEMTO (n=6) / RMS-trend | n_+/n_-,FEMTO (n=6) / RMS-trend,,D3/D4
tab:crossds.c194,table-cell,tab:crossds,no,table,table-cell,tab:crossds | FEMTO (n=6) / RMS-trend | S-c.,FEMTO (n=6) / RMS-trend,,D3/D4
tab:crossds.c195,table-cell,tab:crossds,0.625,table,table-cell,tab:crossds | FEMTO (n=6) / RMS-trend | p,FEMTO (n=6) / RMS-trend,,D3/D4
tab:crossds.c196,table-cell,tab:crossds,-0.01,table,table-cell,tab:crossds | Ferrara (n=6) / 3σ | Med. Δ,Ferrara (n=6) / 3σ,,D3/D4
tab:crossds.c197,table-cell,tab:crossds,2/3,table,table-cell,tab:crossds | Ferrara (n=6) / 3σ | n_+/n_-,Ferrara (n=6) / 3σ,,D3/D4
tab:crossds.c198,table-cell,tab:crossds,no,table,table-cell,tab:crossds | Ferrara (n=6) / 3σ | S-c.,Ferrara (n=6) / 3σ,,D3/D4
tab:crossds.c199,table-cell,tab:crossds,1.000,table,table-cell,tab:crossds | Ferrara (n=6) / 3σ | p,Ferrara (n=6) / 3σ,,D3/D4
tab:crossds.c200,table-cell,tab:crossds,0.01,table,table-cell,tab:crossds | Ferrara (n=6) / EWMA | Med. Δ,Ferrara (n=6) / EWMA,,D3/D4
tab:crossds.c201,table-cell,tab:crossds,4/2,table,table-cell,tab:crossds | Ferrara (n=6) / EWMA | n_+/n_-,Ferrara (n=6) / EWMA,,D3/D4
tab:crossds.c202,table-cell,tab:crossds,no,table,table-cell,tab:crossds | Ferrara (n=6) / EWMA | S-c.,Ferrara (n=6) / EWMA,,D3/D4
tab:crossds.c203,table-cell,tab:crossds,0.688,table,table-cell,tab:crossds | Ferrara (n=6) / EWMA | p,Ferrara (n=6) / EWMA,,D3/D4
tab:crossds.c204,table-cell,tab:crossds,0.01,table,table-cell,tab:crossds | Ferrara (n=6) / CUSUM | Med. Δ,Ferrara (n=6) / CUSUM,,D3/D4
tab:crossds.c205,table-cell,tab:crossds,5/1,table,table-cell,tab:crossds | Ferrara (n=6) / CUSUM | n_+/n_-,Ferrara (n=6) / CUSUM,,D3/D4
tab:crossds.c206,table-cell,tab:crossds,no,table,table-cell,tab:crossds | Ferrara (n=6) / CUSUM | S-c.,Ferrara (n=6) / CUSUM,,D3/D4
tab:crossds.c207,table-cell,tab:crossds,0.219,table,table-cell,tab:crossds | Ferrara (n=6) / CUSUM | p,Ferrara (n=6) / CUSUM,,D3/D4
tab:crossds.c208,table-cell,tab:crossds,0.01,table,table-cell,tab:crossds | Ferrara (n=6) / Hotelling T2 | Med. Δ,Ferrara (n=6) / Hotelling T2,,D3/D4
tab:crossds.c209,table-cell,tab:crossds,4/1,table,table-cell,tab:crossds | Ferrara (n=6) / Hotelling T2 | n_+/n_-,Ferrara (n=6) / Hotelling T2,,D3/D4
tab:crossds.c210,table-cell,tab:crossds,no,table,table-cell,tab:crossds | Ferrara (n=6) / Hotelling T2 | S-c.,Ferrara (n=6) / Hotelling T2,,D3/D4
tab:crossds.c211,table-cell,tab:crossds,0.375,table,table-cell,tab:crossds | Ferrara (n=6) / Hotelling T2 | p,Ferrara (n=6) / Hotelling T2,,D3/D4
tab:crossds.c212,table-cell,tab:crossds,0.00,table,table-cell,tab:crossds | Ferrara (n=6) / Iso. Forest | Med. Δ,Ferrara (n=6) / Iso. Forest,,D3/D4
tab:crossds.c213,table-cell,tab:crossds,3/2,table,table-cell,tab:crossds | Ferrara (n=6) / Iso. Forest | n_+/n_-,Ferrara (n=6) / Iso. Forest,,D3/D4
tab:crossds.c214,table-cell,tab:crossds,no,table,table-cell,tab:crossds | Ferrara (n=6) / Iso. Forest | S-c.,Ferrara (n=6) / Iso. Forest,,D3/D4
tab:crossds.c215,table-cell,tab:crossds,1.000,table,table-cell,tab:crossds | Ferrara (n=6) / Iso. Forest | p,Ferrara (n=6) / Iso. Forest,,D3/D4
tab:crossds.c216,table-cell,tab:crossds,-0.00,table,table-cell,tab:crossds | Ferrara (n=6) / Deep SVDD | Med. Δ,Ferrara (n=6) / Deep SVDD,,D3/D4
tab:crossds.c217,table-cell,tab:crossds,1/4,table,table-cell,tab:crossds | Ferrara (n=6) / Deep SVDD | n_+/n_-,Ferrara (n=6) / Deep SVDD,,D3/D4
tab:crossds.c218,table-cell,tab:crossds,no,table,table-cell,tab:crossds | Ferrara (n=6) / Deep SVDD | S-c.,Ferrara (n=6) / Deep SVDD,,D3/D4
tab:crossds.c219,table-cell,tab:crossds,0.375,table,table-cell,tab:crossds | Ferrara (n=6) / Deep SVDD | p,Ferrara (n=6) / Deep SVDD,,D3/D4
tab:crossds.c220,table-cell,tab:crossds,0.01,table,table-cell,tab:crossds | Ferrara (n=6) / One-class SVM | Med. Δ,Ferrara (n=6) / One-class SVM,,D3/D4
tab:crossds.c221,table-cell,tab:crossds,4/1,table,table-cell,tab:crossds | Ferrara (n=6) / One-class SVM | n_+/n_-,Ferrara (n=6) / One-class SVM,,D3/D4
tab:crossds.c222,table-cell,tab:crossds,no,table,table-cell,tab:crossds | Ferrara (n=6) / One-class SVM | S-c.,Ferrara (n=6) / One-class SVM,,D3/D4
tab:crossds.c223,table-cell,tab:crossds,0.375,table,table-cell,tab:crossds | Ferrara (n=6) / One-class SVM | p,Ferrara (n=6) / One-class SVM,,D3/D4
tab:crossds.c224,table-cell,tab:crossds,0.00,table,table-cell,tab:crossds | Ferrara (n=6) / LSTM-AE | Med. Δ,Ferrara (n=6) / LSTM-AE,,D3/D4
tab:crossds.c225,table-cell,tab:crossds,2/2,table,table-cell,tab:crossds | Ferrara (n=6) / LSTM-AE | n_+/n_-,Ferrara (n=6) / LSTM-AE,,D3/D4
tab:crossds.c226,table-cell,tab:crossds,no,table,table-cell,tab:crossds | Ferrara (n=6) / LSTM-AE | S-c.,Ferrara (n=6) / LSTM-AE,,D3/D4
tab:crossds.c227,table-cell,tab:crossds,1.000,table,table-cell,tab:crossds | Ferrara (n=6) / LSTM-AE | p,Ferrara (n=6) / LSTM-AE,,D3/D4
tab:crossds.c228,table-cell,tab:crossds,0.00,table,table-cell,tab:crossds | Ferrara (n=6) / TCN-AE | Med. Δ,Ferrara (n=6) / TCN-AE,,D3/D4
tab:crossds.c229,table-cell,tab:crossds,3/1,table,table-cell,tab:crossds | Ferrara (n=6) / TCN-AE | n_+/n_-,Ferrara (n=6) / TCN-AE,,D3/D4
tab:crossds.c230,table-cell,tab:crossds,no,table,table-cell,tab:crossds | Ferrara (n=6) / TCN-AE | S-c.,Ferrara (n=6) / TCN-AE,,D3/D4
tab:crossds.c231,table-cell,tab:crossds,0.625,table,table-cell,tab:crossds | Ferrara (n=6) / TCN-AE | p,Ferrara (n=6) / TCN-AE,,D3/D4
tab:crossds.c232,table-cell,tab:crossds,0.00,table,table-cell,tab:crossds | Ferrara (n=6) / Transf.-AD | Med. Δ,Ferrara (n=6) / Transf.-AD,,D3/D4
tab:crossds.c233,table-cell,tab:crossds,3/1,table,table-cell,tab:crossds | Ferrara (n=6) / Transf.-AD | n_+/n_-,Ferrara (n=6) / Transf.-AD,,D3/D4
tab:crossds.c234,table-cell,tab:crossds,no,table,table-cell,tab:crossds | Ferrara (n=6) / Transf.-AD | S-c.,Ferrara (n=6) / Transf.-AD,,D3/D4
tab:crossds.c235,table-cell,tab:crossds,0.625,table,table-cell,tab:crossds | Ferrara (n=6) / Transf.-AD | p,Ferrara (n=6) / Transf.-AD,,D3/D4
tab:crossds.c236,table-cell,tab:crossds,0.01,table,table-cell,tab:crossds | Ferrara (n=6) / RMS-trend | Med. Δ,Ferrara (n=6) / RMS-trend,,D3/D4
tab:crossds.c237,table-cell,tab:crossds,4/2,table,table-cell,tab:crossds | Ferrara (n=6) / RMS-trend | n_+/n_-,Ferrara (n=6) / RMS-trend,,D3/D4
tab:crossds.c238,table-cell,tab:crossds,no,table,table-cell,tab:crossds | Ferrara (n=6) / RMS-trend | S-c.,Ferrara (n=6) / RMS-trend,,D3/D4
tab:crossds.c239,table-cell,tab:crossds,0.688,table,table-cell,tab:crossds | Ferrara (n=6) / RMS-trend | p,Ferrara (n=6) / RMS-trend,,D3/D4
tab:equiv.c240,table-cell,tab:equiv,+0.030,table,table-cell,tab:equiv | 3σ | Mean Δ,3σ,,
tab:equiv.c241,table-cell,tab:equiv,"[+0.000, +0.065]",table,table-cell,tab:equiv | 3σ | 95% CI,3σ,,
tab:equiv.c242,table-cell,tab:equiv,-0.213,table,table-cell,tab:equiv | 3σ | Mean Δ,3σ,,
tab:equiv.c243,table-cell,tab:equiv,"[-0.449, -0.041]",table,table-cell,tab:equiv | 3σ | 95% CI,3σ,,
tab:equiv.c244,table-cell,tab:equiv,-0.122,table,table-cell,tab:equiv | 3σ | Mean Δ,3σ,,
tab:equiv.c245,table-cell,tab:equiv,"[-0.432, +0.080]",table,table-cell,tab:equiv | 3σ | 95% CI,3σ,,
tab:equiv.c246,table-cell,tab:equiv,-0.002,table,table-cell,tab:equiv | EWMA | Mean Δ,EWMA,,
tab:equiv.c247,table-cell,tab:equiv,"[-0.012, +0.005]",table,table-cell,tab:equiv | EWMA | 95% CI,EWMA,,
tab:equiv.c248,table-cell,tab:equiv,+0.078,table,table-cell,tab:equiv | EWMA | Mean Δ,EWMA,,
tab:equiv.c249,table-cell,tab:equiv,"[-0.005, +0.163]",table,table-cell,tab:equiv | EWMA | 95% CI,EWMA,,
tab:equiv.c250,table-cell,tab:equiv,-0.167,table,table-cell,tab:equiv | EWMA | Mean Δ,EWMA,,
tab:equiv.c251,table-cell,tab:equiv,"[-0.560, +0.046]",table,table-cell,tab:equiv | EWMA | 95% CI,EWMA,,
tab:equiv.c252,table-cell,tab:equiv,+0.000,table,table-cell,tab:equiv | CUSUM | Mean Δ,CUSUM,,
tab:equiv.c253,table-cell,tab:equiv,"[-0.012, +0.013]",table,table-cell,tab:equiv | CUSUM | 95% CI,CUSUM,,
tab:equiv.c254,table-cell,tab:equiv,+0.098,table,table-cell,tab:equiv | CUSUM | Mean Δ,CUSUM,,
tab:equiv.c255,table-cell,tab:equiv,"[-0.005, +0.207]",table,table-cell,tab:equiv | CUSUM | 95% CI,CUSUM,,
tab:equiv.c256,table-cell,tab:equiv,+0.024,table,table-cell,tab:equiv | CUSUM | Mean Δ,CUSUM,,
tab:equiv.c257,table-cell,tab:equiv,"[-0.001, +0.053]",table,table-cell,tab:equiv | CUSUM | 95% CI,CUSUM,,
tab:equiv.c258,table-cell,tab:equiv,+0.088,table,table-cell,tab:equiv | Hotelling T2 | Mean Δ,Hotelling T2,,
tab:equiv.c259,table-cell,tab:equiv,"[+0.000, +0.260]",table,table-cell,tab:equiv | Hotelling T2 | 95% CI,Hotelling T2,,
tab:equiv.c260,table-cell,tab:equiv,-0.019,table,table-cell,tab:equiv | Hotelling T2 | Mean Δ,Hotelling T2,,
tab:equiv.c261,table-cell,tab:equiv,"[-0.321, +0.194]",table,table-cell,tab:equiv | Hotelling T2 | 95% CI,Hotelling T2,,
tab:equiv.c262,table-cell,tab:equiv,-0.078,table,table-cell,tab:equiv | Hotelling T2 | Mean Δ,Hotelling T2,,
tab:equiv.c263,table-cell,tab:equiv,"[-0.351, +0.090]",table,table-cell,tab:equiv | Hotelling T2 | 95% CI,Hotelling T2,,
tab:equiv.c264,table-cell,tab:equiv,-0.100,table,table-cell,tab:equiv | Iso. Forest | Mean Δ,Iso. Forest,,
tab:equiv.c265,table-cell,tab:equiv,"[-0.162, -0.041]",table,table-cell,tab:equiv | Iso. Forest | 95% CI,Iso. Forest,,
tab:equiv.c266,table-cell,tab:equiv,-0.180,table,table-cell,tab:equiv | Iso. Forest | Mean Δ,Iso. Forest,,
tab:equiv.c267,table-cell,tab:equiv,"[-0.505, +0.025]",table,table-cell,tab:equiv | Iso. Forest | 95% CI,Iso. Forest,,
tab:equiv.c268,table-cell,tab:equiv,-0.162,table,table-cell,tab:equiv | Iso. Forest | Mean Δ,Iso. Forest,,
tab:equiv.c269,table-cell,tab:equiv,"[-0.495, +0.049]",table,table-cell,tab:equiv | Iso. Forest | 95% CI,Iso. Forest,,
tab:equiv.c270,table-cell,tab:equiv,+0.006,table,table-cell,tab:equiv | One-Class SVM | Mean Δ,One-Class SVM,,
tab:equiv.c271,table-cell,tab:equiv,"[+0.000, +0.019]",table,table-cell,tab:equiv | One-Class SVM | 95% CI,One-Class SVM,,
tab:equiv.c272,table-cell,tab:equiv,-0.053,table,table-cell,tab:equiv | One-Class SVM | Mean Δ,One-Class SVM,,
tab:equiv.c273,table-cell,tab:equiv,"[-0.259, +0.075]",table,table-cell,tab:equiv | One-Class SVM | 95% CI,One-Class SVM,,
tab:equiv.c274,table-cell,tab:equiv,-0.009,table,table-cell,tab:equiv | One-Class SVM | Mean Δ,One-Class SVM,,
tab:equiv.c275,table-cell,tab:equiv,"[-0.058, +0.023]",table,table-cell,tab:equiv | One-Class SVM | 95% CI,One-Class SVM,,
tab:equiv.c276,table-cell,tab:equiv,+0.015,table,table-cell,tab:equiv | Deep SVDD | Mean Δ,Deep SVDD,,
tab:equiv.c277,table-cell,tab:equiv,"[-0.038, +0.065]",table,table-cell,tab:equiv | Deep SVDD | 95% CI,Deep SVDD,,
tab:equiv.c278,table-cell,tab:equiv,-0.015,table,table-cell,tab:equiv | Deep SVDD | Mean Δ,Deep SVDD,,
tab:equiv.c279,table-cell,tab:equiv,"[-0.040, +0.002]",table,table-cell,tab:equiv | Deep SVDD | 95% CI,Deep SVDD,,
tab:equiv.c280,table-cell,tab:equiv,-0.007,table,table-cell,tab:equiv | Deep SVDD | Mean Δ,Deep SVDD,,
tab:equiv.c281,table-cell,tab:equiv,"[-0.016, +0.000]",table,table-cell,tab:equiv | Deep SVDD | 95% CI,Deep SVDD,,
tab:equiv.c282,table-cell,tab:equiv,+0.056,table,table-cell,tab:equiv | LSTM-AE | Mean Δ,LSTM-AE,,
tab:equiv.c283,table-cell,tab:equiv,"[+0.000, +0.167]",table,table-cell,tab:equiv | LSTM-AE | 95% CI,LSTM-AE,,
tab:equiv.c284,table-cell,tab:equiv,-0.061,table,table-cell,tab:equiv | LSTM-AE | Mean Δ,LSTM-AE,,
tab:equiv.c285,table-cell,tab:equiv,"[-0.113, -0.013]",table,table-cell,tab:equiv | LSTM-AE | 95% CI,LSTM-AE,,
tab:equiv.c286,table-cell,tab:equiv,-0.073,table,table-cell,tab:equiv | LSTM-AE | Mean Δ,LSTM-AE,,
tab:equiv.c287,table-cell,tab:equiv,"[-0.255, +0.039]",table,table-cell,tab:equiv | LSTM-AE | 95% CI,LSTM-AE,,
tab:equiv.c288,table-cell,tab:equiv,+0.000,table,table-cell,tab:equiv | TCN-AE | Mean Δ,TCN-AE,,
tab:equiv.c289,table-cell,tab:equiv,"[+0.000, +0.000]",table,table-cell,tab:equiv | TCN-AE | 95% CI,TCN-AE,,
tab:equiv.c290,table-cell,tab:equiv,-0.009,table,table-cell,tab:equiv | TCN-AE | Mean Δ,TCN-AE,,
tab:equiv.c291,table-cell,tab:equiv,"[-0.040, +0.014]",table,table-cell,tab:equiv | TCN-AE | 95% CI,TCN-AE,,
tab:equiv.c292,table-cell,tab:equiv,-0.089,table,table-cell,tab:equiv | TCN-AE | Mean Δ,TCN-AE,,
tab:equiv.c293,table-cell,tab:equiv,"[-0.292, +0.023]",table,table-cell,tab:equiv | TCN-AE | 95% CI,TCN-AE,,
tab:equiv.c294,table-cell,tab:equiv,+0.000,table,table-cell,tab:equiv | Transformer-AD | Mean Δ,Transformer-AD,,
tab:equiv.c295,table-cell,tab:equiv,"[+0.000, +0.000]",table,table-cell,tab:equiv | Transformer-AD | 95% CI,Transformer-AD,,
tab:equiv.c296,table-cell,tab:equiv,-0.077,table,table-cell,tab:equiv | Transformer-AD | Mean Δ,Transformer-AD,,
tab:equiv.c297,table-cell,tab:equiv,"[-0.153, -0.018]",table,table-cell,tab:equiv | Transformer-AD | 95% CI,Transformer-AD,,
tab:equiv.c298,table-cell,tab:equiv,-0.082,table,table-cell,tab:equiv | Transformer-AD | Mean Δ,Transformer-AD,,
tab:equiv.c299,table-cell,tab:equiv,"[-0.353, +0.091]",table,table-cell,tab:equiv | Transformer-AD | 95% CI,Transformer-AD,,
tab:equiv.c300,table-cell,tab:equiv,-0.015,table,table-cell,tab:equiv | RMS-trend | Mean Δ,RMS-trend,,
tab:equiv.c301,table-cell,tab:equiv,"[-0.055, +0.015]",table,table-cell,tab:equiv | RMS-trend | 95% CI,RMS-trend,,
tab:equiv.c302,table-cell,tab:equiv,-0.123,table,table-cell,tab:equiv | RMS-trend | Mean Δ,RMS-trend,,
tab:equiv.c303,table-cell,tab:equiv,"[-0.327, -0.004]",table,table-cell,tab:equiv | RMS-trend | 95% CI,RMS-trend,,
tab:equiv.c304,table-cell,tab:equiv,+0.005,table,table-cell,tab:equiv | RMS-trend | Mean Δ,RMS-trend,,
tab:equiv.c305,table-cell,tab:equiv,"[-0.015, +0.023]",table,table-cell,tab:equiv | RMS-trend | 95% CI,RMS-trend,,
tab:imssweep.c306,table-cell,tab:imssweep,"+25.8,+15.1,-1.0",table,table-cell,tab:imssweep | 3σ | Run diffs (h),3σ,,
tab:imssweep.c307,table-cell,tab:imssweep,+15.1,table,table-cell,tab:imssweep | 3σ | Med.,3σ,,
tab:imssweep.c308,table-cell,tab:imssweep,no,table,table-cell,tab:imssweep | 3σ | S-c.,3σ,,
tab:imssweep.c309,table-cell,tab:imssweep,1.00,table,table-cell,tab:imssweep | 3σ | p,3σ,,
tab:imssweep.c310,table-cell,tab:imssweep,"-0.7,+16.9,+3.4",table,table-cell,tab:imssweep | Iso. Forest | Run diffs (h),Iso. Forest,,
tab:imssweep.c311,table-cell,tab:imssweep,+3.4,table,table-cell,tab:imssweep | Iso. Forest | Med.,Iso. Forest,,
tab:imssweep.c312,table-cell,tab:imssweep,no,table,table-cell,tab:imssweep | Iso. Forest | S-c.,Iso. Forest,,
tab:imssweep.c313,table-cell,tab:imssweep,1.00,table,table-cell,tab:imssweep | Iso. Forest | p,Iso. Forest,,
tab:imssweep.c314,table-cell,tab:imssweep,"-3.9,+4.3,+2.1",table,table-cell,tab:imssweep | EWMA | Run diffs (h),EWMA,,
tab:imssweep.c315,table-cell,tab:imssweep,+2.1,table,table-cell,tab:imssweep | EWMA | Med.,EWMA,,
tab:imssweep.c316,table-cell,tab:imssweep,no,table,table-cell,tab:imssweep | EWMA | S-c.,EWMA,,
tab:imssweep.c317,table-cell,tab:imssweep,1.00,table,table-cell,tab:imssweep | EWMA | p,EWMA,,
tab:imssweep.c318,table-cell,tab:imssweep,"+4.2,+4.7,+4.3",table,table-cell,tab:imssweep | CUSUM | Run diffs (h),CUSUM,,
tab:imssweep.c319,table-cell,tab:imssweep,+4.3,table,table-cell,tab:imssweep | CUSUM | Med.,CUSUM,,
tab:imssweep.c320,table-cell,tab:imssweep,yes,table,table-cell,tab:imssweep | CUSUM | S-c.,CUSUM,,
tab:imssweep.c321,table-cell,tab:imssweep,0.25,table,table-cell,tab:imssweep | CUSUM | p,CUSUM,,
tab:imssweep.c322,table-cell,tab:imssweep,"+1.0,+1.2,+81.7",table,table-cell,tab:imssweep | Hotelling T2 | Run diffs (h),Hotelling T2,,
tab:imssweep.c323,table-cell,tab:imssweep,+1.2,table,table-cell,tab:imssweep | Hotelling T2 | Med.,Hotelling T2,,
tab:imssweep.c324,table-cell,tab:imssweep,yes,table,table-cell,tab:imssweep | Hotelling T2 | S-c.,Hotelling T2,,
tab:imssweep.c325,table-cell,tab:imssweep,0.25,table,table-cell,tab:imssweep | Hotelling T2 | p,Hotelling T2,,
tab:imssweep.c326,table-cell,tab:imssweep,"+8.9,0.0,0.0",table,table-cell,tab:imssweep | Deep SVDD | Run diffs (h),Deep SVDD,,
tab:imssweep.c327,table-cell,tab:imssweep,0.0,table,table-cell,tab:imssweep | Deep SVDD | Med.,Deep SVDD,,
tab:imssweep.c328,table-cell,tab:imssweep,"1+,2 ties",table,table-cell,tab:imssweep | Deep SVDD | S-c.,Deep SVDD,,
tab:imssweep.c329,table-cell,tab:imssweep,1.00,table,table-cell,tab:imssweep | Deep SVDD | p,Deep SVDD,,
tab:imssweep.c330,table-cell,tab:imssweep,"-2.4,-5.5,+1.5",table,table-cell,tab:imssweep | One-class SVM | Run diffs (h),One-class SVM,,
tab:imssweep.c331,table-cell,tab:imssweep,-2.4,table,table-cell,tab:imssweep | One-class SVM | Med.,One-class SVM,,
tab:imssweep.c332,table-cell,tab:imssweep,no,table,table-cell,tab:imssweep | One-class SVM | S-c.,One-class SVM,,
tab:imssweep.c333,table-cell,tab:imssweep,1.00,table,table-cell,tab:imssweep | One-class SVM | p,One-class SVM,,
tab:imssweep.c334,table-cell,tab:imssweep,"-0.2,0.0,+2.4",table,table-cell,tab:imssweep | RMS-trend | Run diffs (h),RMS-trend,,
tab:imssweep.c335,table-cell,tab:imssweep,0.0,table,table-cell,tab:imssweep | RMS-trend | Med.,RMS-trend,,
tab:imssweep.c336,table-cell,tab:imssweep,no,table,table-cell,tab:imssweep | RMS-trend | S-c.,RMS-trend,,
tab:imssweep.c337,table-cell,tab:imssweep,1.00,table,table-cell,tab:imssweep | RMS-trend | p,RMS-trend,,
tab:imssweep.c338,table-cell,tab:imssweep,"-1.4,-0.4,+56.1",table,table-cell,tab:imssweep | LSTM-AE | Run diffs (h),LSTM-AE,,
tab:imssweep.c339,table-cell,tab:imssweep,-0.4,table,table-cell,tab:imssweep | LSTM-AE | Med.,LSTM-AE,,
tab:imssweep.c340,table-cell,tab:imssweep,no,table,table-cell,tab:imssweep | LSTM-AE | S-c.,LSTM-AE,,
tab:imssweep.c341,table-cell,tab:imssweep,1.00,table,table-cell,tab:imssweep | LSTM-AE | p,LSTM-AE,,
tab:imssweep.c342,table-cell,tab:imssweep,"-1.4,-0.4,+9.0",table,table-cell,tab:imssweep | TCN-AE | Run diffs (h),TCN-AE,,
tab:imssweep.c343,table-cell,tab:imssweep,-0.4,table,table-cell,tab:imssweep | TCN-AE | Med.,TCN-AE,,
tab:imssweep.c344,table-cell,tab:imssweep,no,table,table-cell,tab:imssweep | TCN-AE | S-c.,TCN-AE,,
tab:imssweep.c345,table-cell,tab:imssweep,1.00,table,table-cell,tab:imssweep | TCN-AE | p,TCN-AE,,
tab:imssweep.c346,table-cell,tab:imssweep,"-1.4,-0.4,+68.8",table,table-cell,tab:imssweep | Transformer-AD | Run diffs (h),Transformer-AD,,
tab:imssweep.c347,table-cell,tab:imssweep,-0.4,table,table-cell,tab:imssweep | Transformer-AD | Med.,Transformer-AD,,
tab:imssweep.c348,table-cell,tab:imssweep,no,table,table-cell,tab:imssweep | Transformer-AD | S-c.,Transformer-AD,,
tab:imssweep.c349,table-cell,tab:imssweep,1.00,table,table-cell,tab:imssweep | Transformer-AD | p,Transformer-AD,,
tab:holm.c350,table-cell,tab:holm,1.000,table,table-cell,tab:holm | 3σ | IMS,3σ,,D3/D4
tab:holm.c351,table-cell,tab:holm,0.625,table,table-cell,tab:holm | 3σ | XJTU-SY,3σ,,D3/D4
tab:holm.c352,table-cell,tab:holm,0.219,table,table-cell,tab:holm | 3σ | FEMTO,3σ,,D3/D4
tab:holm.c353,table-cell,tab:holm,1.000,table,table-cell,tab:holm | 3σ | Ferrara,3σ,,D3/D4
tab:holm.c354,table-cell,tab:holm,1.000,table,table-cell,tab:holm | EWMA | IMS,EWMA,,D3/D4
tab:holm.c355,table-cell,tab:holm,1.000,table,table-cell,tab:holm | EWMA | XJTU-SY,EWMA,,D3/D4
tab:holm.c356,table-cell,tab:holm,0.688,table,table-cell,tab:holm | EWMA | FEMTO,EWMA,,D3/D4
tab:holm.c357,table-cell,tab:holm,0.688,table,table-cell,tab:holm | EWMA | Ferrara,EWMA,,D3/D4
tab:holm.c358,table-cell,tab:holm,0.250,table,table-cell,tab:holm | CUSUM | IMS,CUSUM,,D3/D4
tab:holm.c359,table-cell,tab:holm,1.000,table,table-cell,tab:holm | CUSUM | XJTU-SY,CUSUM,,D3/D4
tab:holm.c360,table-cell,tab:holm,0.688,table,table-cell,tab:holm | CUSUM | FEMTO,CUSUM,,D3/D4
tab:holm.c361,table-cell,tab:holm,0.219,table,table-cell,tab:holm | CUSUM | Ferrara,CUSUM,,D3/D4
tab:holm.c362,table-cell,tab:holm,0.250,table,table-cell,tab:holm | Hotelling T2 | IMS,Hotelling T2,,D3/D4
tab:holm.c363,table-cell,tab:holm,0.500,table,table-cell,tab:holm | Hotelling T2 | XJTU-SY,Hotelling T2,,D3/D4
tab:holm.c364,table-cell,tab:holm,0.219,table,table-cell,tab:holm | Hotelling T2 | FEMTO,Hotelling T2,,D3/D4
tab:holm.c365,table-cell,tab:holm,0.375,table,table-cell,tab:holm | Hotelling T2 | Ferrara,Hotelling T2,,D3/D4
tab:holm.c366,table-cell,tab:holm,1.000,table,table-cell,tab:holm | Iso. Forest | IMS,Iso. Forest,,D3/D4
tab:holm.c367,table-cell,tab:holm,0.180,table,table-cell,tab:holm | Iso. Forest | XJTU-SY,Iso. Forest,,D3/D4
tab:holm.c368,table-cell,tab:holm,0.688,table,table-cell,tab:holm | Iso. Forest | FEMTO,Iso. Forest,,D3/D4
tab:holm.c369,table-cell,tab:holm,1.000,table,table-cell,tab:holm | Iso. Forest | Ferrara,Iso. Forest,,D3/D4
tab:holm.c370,table-cell,tab:holm,1.000,table,table-cell,tab:holm | One-class SVM | IMS,One-class SVM,,D3/D4
tab:holm.c371,table-cell,tab:holm,1.000,table,table-cell,tab:holm | One-class SVM | XJTU-SY,One-class SVM,,D3/D4
tab:holm.c372,table-cell,tab:holm,0.375,table,table-cell,tab:holm | One-class SVM | FEMTO,One-class SVM,,D3/D4
tab:holm.c373,table-cell,tab:holm,0.375,table,table-cell,tab:holm | One-class SVM | Ferrara,One-class SVM,,D3/D4
tab:holm.c374,table-cell,tab:holm,1.000,table,table-cell,tab:holm | Deep SVDD | IMS,Deep SVDD,,D3/D4
tab:holm.c375,table-cell,tab:holm,1.000,table,table-cell,tab:holm | Deep SVDD | XJTU-SY,Deep SVDD,,D3/D4
tab:holm.c376,table-cell,tab:holm,0.625,table,table-cell,tab:holm | Deep SVDD | FEMTO,Deep SVDD,,D3/D4
tab:holm.c377,table-cell,tab:holm,0.375,table,table-cell,tab:holm | Deep SVDD | Ferrara,Deep SVDD,,D3/D4
tab:holm.c378,table-cell,tab:holm,1.000,table,table-cell,tab:holm | LSTM-AE | IMS,LSTM-AE,,D3/D4
tab:holm.c379,table-cell,tab:holm,1.000‡,table,table-cell,tab:holm | LSTM-AE | XJTU-SY,LSTM-AE,,D3/D4
tab:holm.c380,table-cell,tab:holm,0.250,table,table-cell,tab:holm | LSTM-AE | FEMTO,LSTM-AE,,D3/D4
tab:holm.c381,table-cell,tab:holm,1.000,table,table-cell,tab:holm | LSTM-AE | Ferrara,LSTM-AE,,D3/D4
tab:holm.c382,table-cell,tab:holm,1.000,table,table-cell,tab:holm | TCN-AE | IMS,TCN-AE,,D3/D4
tab:holm.c383,table-cell,tab:holm,1.000‡,table,table-cell,tab:holm | TCN-AE | XJTU-SY,TCN-AE,,D3/D4
tab:holm.c384,table-cell,tab:holm,1.000,table,table-cell,tab:holm | TCN-AE | FEMTO,TCN-AE,,D3/D4
tab:holm.c385,table-cell,tab:holm,0.625,table,table-cell,tab:holm | TCN-AE | Ferrara,TCN-AE,,D3/D4
tab:holm.c386,table-cell,tab:holm,1.000,table,table-cell,tab:holm | Transf.-AD | IMS,Transf.-AD,,D3/D4
tab:holm.c387,table-cell,tab:holm,1.000‡,table,table-cell,tab:holm | Transf.-AD | XJTU-SY,Transf.-AD,,D3/D4
tab:holm.c388,table-cell,tab:holm,0.125,table,table-cell,tab:holm | Transf.-AD | FEMTO,Transf.-AD,,D3/D4
tab:holm.c389,table-cell,tab:holm,0.625,table,table-cell,tab:holm | Transf.-AD | Ferrara,Transf.-AD,,D3/D4
tab:holm.c390,table-cell,tab:holm,1.000,table,table-cell,tab:holm | RMS-trend | IMS,RMS-trend,,D3/D4
tab:holm.c391,table-cell,tab:holm,1.000,table,table-cell,tab:holm | RMS-trend | XJTU-SY,RMS-trend,,D3/D4
tab:holm.c392,table-cell,tab:holm,0.625,table,table-cell,tab:holm | RMS-trend | FEMTO,RMS-trend,,D3/D4
tab:holm.c393,table-cell,tab:holm,0.688,table,table-cell,tab:holm | RMS-trend | Ferrara,RMS-trend,,D3/D4
tab:perbearing.c394,table-cell,tab:perbearing,1,table,table-cell,tab:perbearing | Bearing1_1 | Cd.,Bearing1_1,,
tab:perbearing.c395,table-cell,tab:perbearing,123,table,table-cell,tab:perbearing | Bearing1_1 | Life,Bearing1_1,,
tab:perbearing.c396,table-cell,tab:perbearing,0,table,table-cell,tab:perbearing | Bearing1_1 | V/5,Bearing1_1,,
tab:perbearing.c397,table-cell,tab:perbearing,-,table,table-cell,tab:perbearing | Bearing1_1 | Mean,Bearing1_1,,
tab:perbearing.c398,table-cell,tab:perbearing,0.00,table,table-cell,tab:perbearing | Bearing1_1 | Best,Bearing1_1,,
tab:perbearing.c399,table-cell,tab:perbearing,1,table,table-cell,tab:perbearing | Bearing1_2 | Cd.,Bearing1_2,,
tab:perbearing.c400,table-cell,tab:perbearing,161,table,table-cell,tab:perbearing | Bearing1_2 | Life,Bearing1_2,,
tab:perbearing.c401,table-cell,tab:perbearing,1,table,table-cell,tab:perbearing | Bearing1_2 | V/5,Bearing1_2,,
tab:perbearing.c402,table-cell,tab:perbearing,0.67,table,table-cell,tab:perbearing | Bearing1_2 | Mean,Bearing1_2,,
tab:perbearing.c403,table-cell,tab:perbearing,0.67,table,table-cell,tab:perbearing | Bearing1_2 | Best,Bearing1_2,,
tab:perbearing.c404,table-cell,tab:perbearing,1,table,table-cell,tab:perbearing | Bearing1_3 | Cd.,Bearing1_3,,
tab:perbearing.c405,table-cell,tab:perbearing,158,table,table-cell,tab:perbearing | Bearing1_3 | Life,Bearing1_3,,
tab:perbearing.c406,table-cell,tab:perbearing,4,table,table-cell,tab:perbearing | Bearing1_3 | V/5,Bearing1_3,,
tab:perbearing.c407,table-cell,tab:perbearing,1.03,table,table-cell,tab:perbearing | Bearing1_3 | Mean,Bearing1_3,,
tab:perbearing.c408,table-cell,tab:perbearing,1.03,table,table-cell,tab:perbearing | Bearing1_3 | Best,Bearing1_3,,
tab:perbearing.c409,table-cell,tab:perbearing,1,table,table-cell,tab:perbearing | Bearing1_4 | Cd.,Bearing1_4,,
tab:perbearing.c410,table-cell,tab:perbearing,122,table,table-cell,tab:perbearing | Bearing1_4 | Life,Bearing1_4,,
tab:perbearing.c411,table-cell,tab:perbearing,2,table,table-cell,tab:perbearing | Bearing1_4 | V/5,Bearing1_4,,
tab:perbearing.c412,table-cell,tab:perbearing,0.68,table,table-cell,tab:perbearing | Bearing1_4 | Mean,Bearing1_4,,
tab:perbearing.c413,table-cell,tab:perbearing,0.68,table,table-cell,tab:perbearing | Bearing1_4 | Best,Bearing1_4,,
tab:perbearing.c414,table-cell,tab:perbearing,1,table,table-cell,tab:perbearing | Bearing1_5 | Cd.,Bearing1_5,,
tab:perbearing.c415,table-cell,tab:perbearing,52,table,table-cell,tab:perbearing | Bearing1_5 | Life,Bearing1_5,,
tab:perbearing.c416,table-cell,tab:perbearing,3,table,table-cell,tab:perbearing | Bearing1_5 | V/5,Bearing1_5,,
tab:perbearing.c417,table-cell,tab:perbearing,0.35,table,table-cell,tab:perbearing | Bearing1_5 | Mean,Bearing1_5,,
tab:perbearing.c418,table-cell,tab:perbearing,0.35,table,table-cell,tab:perbearing | Bearing1_5 | Best,Bearing1_5,,
tab:perbearing.c419,table-cell,tab:perbearing,2,table,table-cell,tab:perbearing | Bearing2_1 | Cd.,Bearing2_1,,
tab:perbearing.c420,table-cell,tab:perbearing,491,table,table-cell,tab:perbearing | Bearing2_1 | Life,Bearing2_1,,
tab:perbearing.c421,table-cell,tab:perbearing,3,table,table-cell,tab:perbearing | Bearing2_1 | V/5,Bearing2_1,,
tab:perbearing.c422,table-cell,tab:perbearing,0.67,table,table-cell,tab:perbearing | Bearing2_1 | Mean,Bearing2_1,,
tab:perbearing.c423,table-cell,tab:perbearing,0.67,table,table-cell,tab:perbearing | Bearing2_1 | Best,Bearing2_1,,
tab:perbearing.c424,table-cell,tab:perbearing,2,table,table-cell,tab:perbearing | Bearing2_2 | Cd.,Bearing2_2,,
tab:perbearing.c425,table-cell,tab:perbearing,161,table,table-cell,tab:perbearing | Bearing2_2 | Life,Bearing2_2,,
tab:perbearing.c426,table-cell,tab:perbearing,2,table,table-cell,tab:perbearing | Bearing2_2 | V/5,Bearing2_2,,
tab:perbearing.c427,table-cell,tab:perbearing,1.00,table,table-cell,tab:perbearing | Bearing2_2 | Mean,Bearing2_2,,
tab:perbearing.c428,table-cell,tab:perbearing,1.08,table,table-cell,tab:perbearing | Bearing2_2 | Best,Bearing2_2,,
tab:perbearing.c429,table-cell,tab:perbearing,2,table,table-cell,tab:perbearing | Bearing2_3 | Cd.,Bearing2_3,,
tab:perbearing.c430,table-cell,tab:perbearing,533,table,table-cell,tab:perbearing | Bearing2_3 | Life,Bearing2_3,,
tab:perbearing.c431,table-cell,tab:perbearing,1,table,table-cell,tab:perbearing | Bearing2_3 | V/5,Bearing2_3,,
tab:perbearing.c432,table-cell,tab:perbearing,3.45,table,table-cell,tab:perbearing | Bearing2_3 | Mean,Bearing2_3,,
tab:perbearing.c433,table-cell,tab:perbearing,3.45,table,table-cell,tab:perbearing | Bearing2_3 | Best,Bearing2_3,,
tab:perbearing.c434,table-cell,tab:perbearing,2,table,table-cell,tab:perbearing | Bearing2_4 | Cd.,Bearing2_4,,
tab:perbearing.c435,table-cell,tab:perbearing,42,table,table-cell,tab:perbearing | Bearing2_4 | Life,Bearing2_4,,
tab:perbearing.c436,table-cell,tab:perbearing,0,table,table-cell,tab:perbearing | Bearing2_4 | V/5,Bearing2_4,,
tab:perbearing.c437,table-cell,tab:perbearing,-,table,table-cell,tab:perbearing | Bearing2_4 | Mean,Bearing2_4,,
tab:perbearing.c438,table-cell,tab:perbearing,0.00,table,table-cell,tab:perbearing | Bearing2_4 | Best,Bearing2_4,,
tab:perbearing.c439,table-cell,tab:perbearing,2,table,table-cell,tab:perbearing | Bearing2_5 | Cd.,Bearing2_5,,
tab:perbearing.c440,table-cell,tab:perbearing,339,table,table-cell,tab:perbearing | Bearing2_5 | Life,Bearing2_5,,
tab:perbearing.c441,table-cell,tab:perbearing,4,table,table-cell,tab:perbearing | Bearing2_5 | V/5,Bearing2_5,,
tab:perbearing.c442,table-cell,tab:perbearing,2.30,table,table-cell,tab:perbearing | Bearing2_5 | Mean,Bearing2_5,,
tab:perbearing.c443,table-cell,tab:perbearing,2.30,table,table-cell,tab:perbearing | Bearing2_5 | Best,Bearing2_5,,
tab:perbearing.c444,table-cell,tab:perbearing,20/50,table,table-cell,"tab:perbearing | Total (full-res, aggregate) | Cd.","Total (full-res, aggregate)",,
tab:perbearing.c445,table-cell,tab:perbearing,2/10,table,table-cell,tab:perbearing | Bearings with no valid detector | Cd.,Bearings with no valid detector,,
tab:gatedcontrast.c446,table-cell,tab:gatedcontrast,Raw lead time,table,table-cell,tab:gatedcontrast | Raw lead time | (panel/total row),Raw lead time,,
tab:gatedcontrast.c447,table-cell,tab:gatedcontrast,+0.000,table,table-cell,tab:gatedcontrast | Raw lead time / XJTU-SY | Med. Δ (h),Raw lead time / XJTU-SY,,
tab:gatedcontrast.c448,table-cell,tab:gatedcontrast,0/1/10,table,table-cell,tab:gatedcontrast | Raw lead time / XJTU-SY | n_+/n_-/0,Raw lead time / XJTU-SY,,
tab:gatedcontrast.c449,table-cell,tab:gatedcontrast,3.0,table,table-cell,tab:gatedcontrast | Raw lead time / XJTU-SY | n_eff,Raw lead time / XJTU-SY,,
tab:gatedcontrast.c450,table-cell,tab:gatedcontrast,-0.004,table,table-cell,tab:gatedcontrast | Raw lead time / FEMTO | Med. Δ (h),Raw lead time / FEMTO,,
tab:gatedcontrast.c451,table-cell,tab:gatedcontrast,4/6/1,table,table-cell,tab:gatedcontrast | Raw lead time / FEMTO | n_+/n_-/0,Raw lead time / FEMTO,,
tab:gatedcontrast.c452,table-cell,tab:gatedcontrast,4.8,table,table-cell,tab:gatedcontrast | Raw lead time / FEMTO | n_eff,Raw lead time / FEMTO,,
tab:gatedcontrast.c453,table-cell,tab:gatedcontrast,+0.005,table,table-cell,tab:gatedcontrast | Raw lead time / Ferrara | Med. Δ (h),Raw lead time / Ferrara,,
tab:gatedcontrast.c454,table-cell,tab:gatedcontrast,8/2/1,table,table-cell,tab:gatedcontrast | Raw lead time / Ferrara | n_+/n_-/0,Raw lead time / Ferrara,,
tab:gatedcontrast.c455,table-cell,tab:gatedcontrast,5.0,table,table-cell,tab:gatedcontrast | Raw lead time / Ferrara | n_eff,Raw lead time / Ferrara,,
tab:gatedcontrast.c456,table-cell,tab:gatedcontrast,+0.000,table,table-cell,tab:gatedcontrast | Raw lead time / IMS | Med. Δ (h),Raw lead time / IMS,,
tab:gatedcontrast.c457,table-cell,tab:gatedcontrast,5/4/2,table,table-cell,tab:gatedcontrast | Raw lead time / IMS | n_+/n_-/0,Raw lead time / IMS,,
tab:gatedcontrast.c458,table-cell,tab:gatedcontrast,2.7,table,table-cell,tab:gatedcontrast | Raw lead time / IMS | n_eff,Raw lead time / IMS,,
tab:gatedcontrast.c459,table-cell,tab:gatedcontrast,Gated lead time ( =10% pre-onset FAR),table,table-cell,tab:gatedcontrast | Gated lead time ( =10% pre-onset FAR) | (panel/total row),Gated lead time ( =10% pre-onset FAR),,
tab:gatedcontrast.c460,table-cell,tab:gatedcontrast,+0.000,table,table-cell,tab:gatedcontrast | Gated lead time ( =10% pre-onset FAR) / XJTU-SY | Med. Δ (h),Gated lead time ( =10% pre-onset FAR) / XJTU-SY,,
tab:gatedcontrast.c461,table-cell,tab:gatedcontrast,0/1/10,table,table-cell,tab:gatedcontrast | Gated lead time ( =10% pre-onset FAR) / XJTU-SY | n_+/n_-/0,Gated lead time ( =10% pre-onset FAR) / XJTU-SY,,
tab:gatedcontrast.c462,table-cell,tab:gatedcontrast,1.3,table,table-cell,tab:gatedcontrast | Gated lead time ( =10% pre-onset FAR) / XJTU-SY | n_eff,Gated lead time ( =10% pre-onset FAR) / XJTU-SY,,
tab:gatedcontrast.c463,table-cell,tab:gatedcontrast,+0.000,table,table-cell,tab:gatedcontrast | Gated lead time ( =10% pre-onset FAR) / FEMTO | Med. Δ (h),Gated lead time ( =10% pre-onset FAR) / FEMTO,,
tab:gatedcontrast.c464,table-cell,tab:gatedcontrast,3/2/6,table,table-cell,tab:gatedcontrast | Gated lead time ( =10% pre-onset FAR) / FEMTO | n_+/n_-/0,Gated lead time ( =10% pre-onset FAR) / FEMTO,,
tab:gatedcontrast.c465,table-cell,tab:gatedcontrast,2.8,table,table-cell,tab:gatedcontrast | Gated lead time ( =10% pre-onset FAR) / FEMTO | n_eff,Gated lead time ( =10% pre-onset FAR) / FEMTO,,
tab:gatedcontrast.c466,table-cell,tab:gatedcontrast,+0.000,table,table-cell,tab:gatedcontrast | Gated lead time ( =10% pre-onset FAR) / Ferrara | Med. Δ (h),Gated lead time ( =10% pre-onset FAR) / Ferrara,,
tab:gatedcontrast.c467,table-cell,tab:gatedcontrast,1/5/5,table,table-cell,tab:gatedcontrast | Gated lead time ( =10% pre-onset FAR) / Ferrara | n_+/n_-/0,Gated lead time ( =10% pre-onset FAR) / Ferrara,,
tab:gatedcontrast.c468,table-cell,tab:gatedcontrast,3.6,table,table-cell,tab:gatedcontrast | Gated lead time ( =10% pre-onset FAR) / Ferrara | n_eff,Gated lead time ( =10% pre-onset FAR) / Ferrara,,
tab:gatedcontrast.c469,table-cell,tab:gatedcontrast,+0.000,table,table-cell,tab:gatedcontrast | Gated lead time ( =10% pre-onset FAR) / IMS | Med. Δ (h),Gated lead time ( =10% pre-onset FAR) / IMS,,
tab:gatedcontrast.c470,table-cell,tab:gatedcontrast,4/0/7,table,table-cell,tab:gatedcontrast | Gated lead time ( =10% pre-onset FAR) / IMS | n_+/n_-/0,Gated lead time ( =10% pre-onset FAR) / IMS,,
tab:gatedcontrast.c471,table-cell,tab:gatedcontrast,1.2,table,table-cell,tab:gatedcontrast | Gated lead time ( =10% pre-onset FAR) / IMS | n_eff,Gated lead time ( =10% pre-onset FAR) / IMS,,
tab:conformal.c472,table-cell,tab:conformal,0.74,table,table-cell,tab:conformal | 1st_test | α=0.01,1st_test,,
tab:conformal.c473,table-cell,tab:conformal,0.82,table,table-cell,tab:conformal | 1st_test | α=0.05,1st_test,,
tab:conformal.c474,table-cell,tab:conformal,0.85,table,table-cell,tab:conformal | 1st_test | α=0.10,1st_test,,
tab:conformal.c475,table-cell,tab:conformal,0.86,table,table-cell,tab:conformal | 1st_test | α=0.20,1st_test,,
tab:conformal.c476,table-cell,tab:conformal,0.00 ✓,table,table-cell,tab:conformal | 2nd_test | α=0.01,2nd_test,,
tab:conformal.c477,table-cell,tab:conformal,0.00 ✓,table,table-cell,tab:conformal | 2nd_test | α=0.05,2nd_test,,
tab:conformal.c478,table-cell,tab:conformal,0.00 ✓,table,table-cell,tab:conformal | 2nd_test | α=0.10,2nd_test,,
tab:conformal.c479,table-cell,tab:conformal,0.25,table,table-cell,tab:conformal | 2nd_test | α=0.20,2nd_test,,
tab:conformal.c480,table-cell,tab:conformal,0.01 ✓,table,table-cell,tab:conformal | 3rd_test | α=0.01,3rd_test,,
tab:conformal.c481,table-cell,tab:conformal,0.04 ✓,table,table-cell,tab:conformal | 3rd_test | α=0.05,3rd_test,,
tab:conformal.c482,table-cell,tab:conformal,0.13,table,table-cell,tab:conformal | 3rd_test | α=0.10,3rd_test,,
tab:conformal.c483,table-cell,tab:conformal,0.30,table,table-cell,tab:conformal | 3rd_test | α=0.20,3rd_test,,
tab:farbudget.c484,table-cell,tab:farbudget,0.0,table,table-cell,tab:farbudget | 3σ | =0.05,3σ,,
tab:farbudget.c485,table-cell,tab:farbudget,56.3,table,table-cell,tab:farbudget | 3σ | =0.10,3σ,,
tab:farbudget.c486,table-cell,tab:farbudget,77.0,table,table-cell,tab:farbudget | 3σ | =0.20,3σ,,
tab:farbudget.c487,table-cell,tab:farbudget,0.0,table,table-cell,tab:farbudget | EWMA | =0.05,EWMA,,
tab:farbudget.c488,table-cell,tab:farbudget,0.0,table,table-cell,tab:farbudget | EWMA | =0.10,EWMA,,
tab:farbudget.c489,table-cell,tab:farbudget,0.0,table,table-cell,tab:farbudget | EWMA | =0.20,EWMA,,
tab:farbudget.c490,table-cell,tab:farbudget,0.0,table,table-cell,tab:farbudget | CUSUM | =0.05,CUSUM,,
tab:farbudget.c491,table-cell,tab:farbudget,0.0,table,table-cell,tab:farbudget | CUSUM | =0.10,CUSUM,,
tab:farbudget.c492,table-cell,tab:farbudget,65.0,table,table-cell,tab:farbudget | CUSUM | =0.20,CUSUM,,
tab:farbudget.c493,table-cell,tab:farbudget,0.0,table,table-cell,tab:farbudget | Hotelling T2 | =0.05,Hotelling T2,,
tab:farbudget.c494,table-cell,tab:farbudget,0.0,table,table-cell,tab:farbudget | Hotelling T2 | =0.10,Hotelling T2,,
tab:farbudget.c495,table-cell,tab:farbudget,73.9,table,table-cell,tab:farbudget | Hotelling T2 | =0.20,Hotelling T2,,
tab:farbudget.c496,table-cell,tab:farbudget,0.0,table,table-cell,tab:farbudget | Iso. Forest | =0.05,Iso. Forest,,
tab:farbudget.c497,table-cell,tab:farbudget,0.0,table,table-cell,tab:farbudget | Iso. Forest | =0.10,Iso. Forest,,
tab:farbudget.c498,table-cell,tab:farbudget,53.4,table,table-cell,tab:farbudget | Iso. Forest | =0.20,Iso. Forest,,
tab:farbudget.c499,table-cell,tab:farbudget,14.8,table,table-cell,tab:farbudget | Deep SVDD | =0.05,Deep SVDD,,
tab:farbudget.c500,table-cell,tab:farbudget,14.8,table,table-cell,tab:farbudget | Deep SVDD | =0.10,Deep SVDD,,
tab:farbudget.c501,table-cell,tab:farbudget,14.8,table,table-cell,tab:farbudget | Deep SVDD | =0.20,Deep SVDD,,
tab:farbudget.c502,table-cell,tab:farbudget,34.7,table,table-cell,tab:farbudget | RMS-trend | =0.05,RMS-trend,,
tab:farbudget.c503,table-cell,tab:farbudget,34.7,table,table-cell,tab:farbudget | RMS-trend | =0.10,RMS-trend,,
tab:farbudget.c504,table-cell,tab:farbudget,34.7,table,table-cell,tab:farbudget | RMS-trend | =0.20,RMS-trend,,
tab:tradeoff.c505,table-cell,tab:tradeoff,77.0,table,table-cell,tab:tradeoff | 3σ | Ld,3σ,,D3/D4
tab:tradeoff.c506,table-cell,tab:tradeoff,18.1†,table,table-cell,tab:tradeoff | 3σ | FAR,3σ,,D3/D4
tab:tradeoff.c507,table-cell,tab:tradeoff,60.7,table,table-cell,tab:tradeoff | 3σ | Ld,3σ,,D3/D4
tab:tradeoff.c508,table-cell,tab:tradeoff,11.7†,table,table-cell,tab:tradeoff | 3σ | FAR,3σ,,D3/D4
tab:tradeoff.c509,table-cell,tab:tradeoff,56.3,table,table-cell,tab:tradeoff | 3σ | Ld,3σ,,D3/D4
tab:tradeoff.c510,table-cell,tab:tradeoff,8.9,table,table-cell,tab:tradeoff | 3σ | FAR,3σ,,D3/D4
tab:tradeoff.c511,table-cell,tab:tradeoff,89.1,table,table-cell,tab:tradeoff | EWMA | Ld,EWMA,,D3/D4
tab:tradeoff.c512,table-cell,tab:tradeoff,22.1†,table,table-cell,tab:tradeoff | EWMA | FAR,EWMA,,D3/D4
tab:tradeoff.c513,table-cell,tab:tradeoff,78.3,table,table-cell,tab:tradeoff | EWMA | Ld,EWMA,,D3/D4
tab:tradeoff.c514,table-cell,tab:tradeoff,21.0†,table,table-cell,tab:tradeoff | EWMA | FAR,EWMA,,D3/D4
tab:tradeoff.c515,table-cell,tab:tradeoff,78.3,table,table-cell,tab:tradeoff | EWMA | Ld,EWMA,,D3/D4
tab:tradeoff.c516,table-cell,tab:tradeoff,21.0†,table,table-cell,tab:tradeoff | EWMA | FAR,EWMA,,D3/D4
tab:tradeoff.c517,table-cell,tab:tradeoff,65.0,table,table-cell,tab:tradeoff | CUSUM | Ld,CUSUM,,D3/D4
tab:tradeoff.c518,table-cell,tab:tradeoff,19.4†,table,table-cell,tab:tradeoff | CUSUM | FAR,CUSUM,,D3/D4
tab:tradeoff.c519,table-cell,tab:tradeoff,64.2,table,table-cell,tab:tradeoff | CUSUM | Ld,CUSUM,,D3/D4
tab:tradeoff.c520,table-cell,tab:tradeoff,19.0†,table,table-cell,tab:tradeoff | CUSUM | FAR,CUSUM,,D3/D4
tab:tradeoff.c521,table-cell,tab:tradeoff,64.2,table,table-cell,tab:tradeoff | CUSUM | Ld,CUSUM,,D3/D4
tab:tradeoff.c522,table-cell,tab:tradeoff,19.0†,table,table-cell,tab:tradeoff | CUSUM | FAR,CUSUM,,D3/D4
tab:tradeoff.c523,table-cell,tab:tradeoff,176.9,table,table-cell,tab:tradeoff | Hot. T2 | Ld,Hot. T2,,D3/D4
tab:tradeoff.c524,table-cell,tab:tradeoff,28.1†,table,table-cell,tab:tradeoff | Hot. T2 | FAR,Hot. T2,,D3/D4
tab:tradeoff.c525,table-cell,tab:tradeoff,82.7,table,table-cell,tab:tradeoff | Hot. T2 | Ld,Hot. T2,,D3/D4
tab:tradeoff.c526,table-cell,tab:tradeoff,20.8†,table,table-cell,tab:tradeoff | Hot. T2 | FAR,Hot. T2,,D3/D4
tab:tradeoff.c527,table-cell,tab:tradeoff,73.9,table,table-cell,tab:tradeoff | Hot. T2 | Ld,Hot. T2,,D3/D4
tab:tradeoff.c528,table-cell,tab:tradeoff,19.0†,table,table-cell,tab:tradeoff | Hot. T2 | FAR,Hot. T2,,D3/D4
tab:tradeoff.c529,table-cell,tab:tradeoff,174.7,table,table-cell,tab:tradeoff | Iso. For. | Ld,Iso. For.,,D3/D4
tab:tradeoff.c530,table-cell,tab:tradeoff,27.1†,table,table-cell,tab:tradeoff | Iso. For. | FAR,Iso. For.,,D3/D4
tab:tradeoff.c531,table-cell,tab:tradeoff,75.8,table,table-cell,tab:tradeoff | Iso. For. | Ld,Iso. For.,,D3/D4
tab:tradeoff.c532,table-cell,tab:tradeoff,20.6†,table,table-cell,tab:tradeoff | Iso. For. | FAR,Iso. For.,,D3/D4
tab:tradeoff.c533,table-cell,tab:tradeoff,53.4,table,table-cell,tab:tradeoff | Iso. For. | Ld,Iso. For.,,D3/D4
tab:tradeoff.c534,table-cell,tab:tradeoff,19.8†,table,table-cell,tab:tradeoff | Iso. For. | FAR,Iso. For.,,D3/D4
tab:tradeoff.c535,table-cell,tab:tradeoff,14.8,table,table-cell,tab:tradeoff | Deep SVDD | Ld,Deep SVDD,,D3/D4
tab:tradeoff.c536,table-cell,tab:tradeoff,0.6,table,table-cell,tab:tradeoff | Deep SVDD | FAR,Deep SVDD,,D3/D4
tab:tradeoff.c537,table-cell,tab:tradeoff,3.2,table,table-cell,tab:tradeoff | Deep SVDD | Ld,Deep SVDD,,D3/D4
tab:tradeoff.c538,table-cell,tab:tradeoff,0.0,table,table-cell,tab:tradeoff | Deep SVDD | FAR,Deep SVDD,,D3/D4
tab:tradeoff.c539,table-cell,tab:tradeoff,2.7,table,table-cell,tab:tradeoff | Deep SVDD | Ld,Deep SVDD,,D3/D4
tab:tradeoff.c540,table-cell,tab:tradeoff,0.0,table,table-cell,tab:tradeoff | Deep SVDD | FAR,Deep SVDD,,D3/D4
tab:tradeoff.c541,table-cell,tab:tradeoff,34.7,table,table-cell,tab:tradeoff | RMS-trend | Ld,RMS-trend,,D3/D4
tab:tradeoff.c542,table-cell,tab:tradeoff,4.6,table,table-cell,tab:tradeoff | RMS-trend | FAR,RMS-trend,,D3/D4
tab:tradeoff.c543,table-cell,tab:tradeoff,1.3,table,table-cell,tab:tradeoff | RMS-trend | Ld,RMS-trend,,D3/D4
tab:tradeoff.c544,table-cell,tab:tradeoff,0.0,table,table-cell,tab:tradeoff | RMS-trend | FAR,RMS-trend,,D3/D4
tab:tradeoff.c545,table-cell,tab:tradeoff,1.3,table,table-cell,tab:tradeoff | RMS-trend | Ld,RMS-trend,,D3/D4
tab:tradeoff.c546,table-cell,tab:tradeoff,0.0,table,table-cell,tab:tradeoff | RMS-trend | FAR,RMS-trend,,D3/D4
tab:tradeoff.c547,table-cell,tab:tradeoff,199.6,table,table-cell,tab:tradeoff | LSTM-AE | Ld,LSTM-AE,,D3/D4
tab:tradeoff.c548,table-cell,tab:tradeoff,87.8†,table,table-cell,tab:tradeoff | LSTM-AE | FAR,LSTM-AE,,D3/D4
tab:tradeoff.c549,table-cell,tab:tradeoff,194.0,table,table-cell,tab:tradeoff | LSTM-AE | Ld,LSTM-AE,,D3/D4
tab:tradeoff.c550,table-cell,tab:tradeoff,82.2†,table,table-cell,tab:tradeoff | LSTM-AE | FAR,LSTM-AE,,D3/D4
tab:tradeoff.c551,table-cell,tab:tradeoff,93.6,table,table-cell,tab:tradeoff | LSTM-AE | Ld,LSTM-AE,,D3/D4
tab:tradeoff.c552,table-cell,tab:tradeoff,62.0†,table,table-cell,tab:tradeoff | LSTM-AE | FAR,LSTM-AE,,D3/D4
tab:tradeoff.c553,table-cell,tab:tradeoff,185.4,table,table-cell,tab:tradeoff | TCN-AE | Ld,TCN-AE,,D3/D4
tab:tradeoff.c554,table-cell,tab:tradeoff,82.6†,table,table-cell,tab:tradeoff | TCN-AE | FAR,TCN-AE,,D3/D4
tab:tradeoff.c555,table-cell,tab:tradeoff,183.1,table,table-cell,tab:tradeoff | TCN-AE | Ld,TCN-AE,,D3/D4
tab:tradeoff.c556,table-cell,tab:tradeoff,79.9†,table,table-cell,tab:tradeoff | TCN-AE | FAR,TCN-AE,,D3/D4
tab:tradeoff.c557,table-cell,tab:tradeoff,180.4,table,table-cell,tab:tradeoff | TCN-AE | Ld,TCN-AE,,D3/D4
tab:tradeoff.c558,table-cell,tab:tradeoff,74.4†,table,table-cell,tab:tradeoff | TCN-AE | FAR,TCN-AE,,D3/D4
tab:tradeoff.c559,table-cell,tab:tradeoff,184.0,table,table-cell,tab:tradeoff | Transf.-AD | Ld,Transf.-AD,,D3/D4
tab:tradeoff.c560,table-cell,tab:tradeoff,81.1†,table,table-cell,tab:tradeoff | Transf.-AD | FAR,Transf.-AD,,D3/D4
tab:tradeoff.c561,table-cell,tab:tradeoff,181.7,table,table-cell,tab:tradeoff | Transf.-AD | Ld,Transf.-AD,,D3/D4
tab:tradeoff.c562,table-cell,tab:tradeoff,79.2†,table,table-cell,tab:tradeoff | Transf.-AD | FAR,Transf.-AD,,D3/D4
tab:tradeoff.c563,table-cell,tab:tradeoff,178.7,table,table-cell,tab:tradeoff | Transf.-AD | Ld,Transf.-AD,,D3/D4
tab:tradeoff.c564,table-cell,tab:tradeoff,72.0†,table,table-cell,tab:tradeoff | Transf.-AD | FAR,Transf.-AD,,D3/D4
tab:ablation_general.c565,table-cell,tab:ablation_general,1.00,table,table-cell,tab:ablation_general | rms_only | 3σ,rms_only,,
tab:ablation_general.c566,table-cell,tab:ablation_general,1.00,table,table-cell,tab:ablation_general | rms_only | EW,rms_only,,
tab:ablation_general.c567,table-cell,tab:ablation_general,0.67,table,table-cell,tab:ablation_general | rms_only | CU,rms_only,,
tab:ablation_general.c568,table-cell,tab:ablation_general,0.67,table,table-cell,tab:ablation_general | rms_only | T2,rms_only,,
tab:ablation_general.c569,table-cell,tab:ablation_general,0.67,table,table-cell,tab:ablation_general | rms_only | DS,rms_only,,
tab:ablation_general.c570,table-cell,tab:ablation_general,1.00,table,table-cell,tab:ablation_general | rms_only | IF,rms_only,,
tab:ablation_general.c571,table-cell,tab:ablation_general,0.67,table,table-cell,tab:ablation_general | kurt_only | 3σ,kurt_only,,
tab:ablation_general.c572,table-cell,tab:ablation_general,0.67,table,table-cell,tab:ablation_general | kurt_only | EW,kurt_only,,
tab:ablation_general.c573,table-cell,tab:ablation_general,0.33,table,table-cell,tab:ablation_general | kurt_only | CU,kurt_only,,
tab:ablation_general.c574,table-cell,tab:ablation_general,0.67,table,table-cell,tab:ablation_general | kurt_only | T2,kurt_only,,
tab:ablation_general.c575,table-cell,tab:ablation_general,0.33,table,table-cell,tab:ablation_general | kurt_only | DS,kurt_only,,
tab:ablation_general.c576,table-cell,tab:ablation_general,0.67,table,table-cell,tab:ablation_general | kurt_only | IF,kurt_only,,
tab:ablation_general.c577,table-cell,tab:ablation_general,0.67,table,table-cell,tab:ablation_general | time_only | 3σ,time_only,,
tab:ablation_general.c578,table-cell,tab:ablation_general,0.67,table,table-cell,tab:ablation_general | time_only | EW,time_only,,
tab:ablation_general.c579,table-cell,tab:ablation_general,0.67,table,table-cell,tab:ablation_general | time_only | CU,time_only,,
tab:ablation_general.c580,table-cell,tab:ablation_general,0.67,table,table-cell,tab:ablation_general | time_only | T2,time_only,,
tab:ablation_general.c581,table-cell,tab:ablation_general,0.33,table,table-cell,tab:ablation_general | time_only | DS,time_only,,
tab:ablation_general.c582,table-cell,tab:ablation_general,0.67,table,table-cell,tab:ablation_general | time_only | IF,time_only,,
tab:ablation_general.c583,table-cell,tab:ablation_general,0.33,table,table-cell,tab:ablation_general | spectral_only | 3σ,spectral_only,,
tab:ablation_general.c584,table-cell,tab:ablation_general,0.33,table,table-cell,tab:ablation_general | spectral_only | EW,spectral_only,,
tab:ablation_general.c585,table-cell,tab:ablation_general,0.33,table,table-cell,tab:ablation_general | spectral_only | CU,spectral_only,,
tab:ablation_general.c586,table-cell,tab:ablation_general,0.33,table,table-cell,tab:ablation_general | spectral_only | T2,spectral_only,,
tab:ablation_general.c587,table-cell,tab:ablation_general,0.00,table,table-cell,tab:ablation_general | spectral_only | DS,spectral_only,,
tab:ablation_general.c588,table-cell,tab:ablation_general,0.67,table,table-cell,tab:ablation_general | spectral_only | IF,spectral_only,,
tab:ablation_general.c589,table-cell,tab:ablation_general,0.33,table,table-cell,tab:ablation_general | envelope_only | 3σ,envelope_only,,
tab:ablation_general.c590,table-cell,tab:ablation_general,0.33,table,table-cell,tab:ablation_general | envelope_only | EW,envelope_only,,
tab:ablation_general.c591,table-cell,tab:ablation_general,0.33,table,table-cell,tab:ablation_general | envelope_only | CU,envelope_only,,
tab:ablation_general.c592,table-cell,tab:ablation_general,0.33,table,table-cell,tab:ablation_general | envelope_only | T2,envelope_only,,
tab:ablation_general.c593,table-cell,tab:ablation_general,0.33,table,table-cell,tab:ablation_general | envelope_only | DS,envelope_only,,
tab:ablation_general.c594,table-cell,tab:ablation_general,0.67,table,table-cell,tab:ablation_general | envelope_only | IF,envelope_only,,
tab:ablation_general.c595,table-cell,tab:ablation_general,0.33,table,table-cell,tab:ablation_general | time+spectral | 3σ,time+spectral,,
tab:ablation_general.c596,table-cell,tab:ablation_general,0.33,table,table-cell,tab:ablation_general | time+spectral | EW,time+spectral,,
tab:ablation_general.c597,table-cell,tab:ablation_general,0.33,table,table-cell,tab:ablation_general | time+spectral | CU,time+spectral,,
tab:ablation_general.c598,table-cell,tab:ablation_general,0.33,table,table-cell,tab:ablation_general | time+spectral | T2,time+spectral,,
tab:ablation_general.c599,table-cell,tab:ablation_general,0.33,table,table-cell,tab:ablation_general | time+spectral | DS,time+spectral,,
tab:ablation_general.c600,table-cell,tab:ablation_general,0.67,table,table-cell,tab:ablation_general | time+spectral | IF,time+spectral,,
tab:ablation_general.c601,table-cell,tab:ablation_general,0.33,table,table-cell,tab:ablation_general | all | 3σ,all,,
tab:ablation_general.c602,table-cell,tab:ablation_general,0.33,table,table-cell,tab:ablation_general | all | EW,all,,
tab:ablation_general.c603,table-cell,tab:ablation_general,0.33,table,table-cell,tab:ablation_general | all | CU,all,,
tab:ablation_general.c604,table-cell,tab:ablation_general,0.33,table,table-cell,tab:ablation_general | all | T2,all,,
tab:ablation_general.c605,table-cell,tab:ablation_general,0.33,table,table-cell,tab:ablation_general | all | DS,all,,
tab:ablation_general.c606,table-cell,tab:ablation_general,0.67,table,table-cell,tab:ablation_general | all | IF,all,,
tab:phrank.c607,table-cell,tab:phrank,176.9,table,table-cell,tab:phrank | Hotelling T2 | PH,Hotelling T2,,
tab:phrank.c608,table-cell,tab:phrank,1,table,table-cell,tab:phrank | Hotelling T2 | Rk,Hotelling T2,,
tab:phrank.c609,table-cell,tab:phrank,0.0,table,table-cell,tab:phrank | Hotelling T2 | L,Hotelling T2,,
tab:phrank.c610,table-cell,tab:phrank,4,table,table-cell,tab:phrank | Hotelling T2 | L Rk,Hotelling T2,,
tab:phrank.c611,table-cell,tab:phrank,no,table,table-cell,tab:phrank | Hotelling T2 | Valid?,Hotelling T2,,
tab:phrank.c612,table-cell,tab:phrank,174.7,table,table-cell,tab:phrank | Iso. Forest | PH,Iso. Forest,,
tab:phrank.c613,table-cell,tab:phrank,2,table,table-cell,tab:phrank | Iso. Forest | Rk,Iso. Forest,,
tab:phrank.c614,table-cell,tab:phrank,0.0,table,table-cell,tab:phrank | Iso. Forest | L,Iso. Forest,,
tab:phrank.c615,table-cell,tab:phrank,4,table,table-cell,tab:phrank | Iso. Forest | L Rk,Iso. Forest,,
tab:phrank.c616,table-cell,tab:phrank,no,table,table-cell,tab:phrank | Iso. Forest | Valid?,Iso. Forest,,
tab:phrank.c617,table-cell,tab:phrank,89.1,table,table-cell,tab:phrank | EWMA | PH,EWMA,,
tab:phrank.c618,table-cell,tab:phrank,3,table,table-cell,tab:phrank | EWMA | Rk,EWMA,,
tab:phrank.c619,table-cell,tab:phrank,0.0,table,table-cell,tab:phrank | EWMA | L,EWMA,,
tab:phrank.c620,table-cell,tab:phrank,4,table,table-cell,tab:phrank | EWMA | L Rk,EWMA,,
tab:phrank.c621,table-cell,tab:phrank,no,table,table-cell,tab:phrank | EWMA | Valid?,EWMA,,
tab:phrank.c622,table-cell,tab:phrank,77.0,table,table-cell,tab:phrank | 3σ | PH,3σ,,
tab:phrank.c623,table-cell,tab:phrank,4,table,table-cell,tab:phrank | 3σ | Rk,3σ,,
tab:phrank.c624,table-cell,tab:phrank,56.3,table,table-cell,tab:phrank | 3σ | L,3σ,,
tab:phrank.c625,table-cell,tab:phrank,1,table,table-cell,tab:phrank | 3σ | L Rk,3σ,,
tab:phrank.c626,table-cell,tab:phrank,yes,table,table-cell,tab:phrank | 3σ | Valid?,3σ,,
tab:phrank.c627,table-cell,tab:phrank,65.0,table,table-cell,tab:phrank | CUSUM | PH,CUSUM,,
tab:phrank.c628,table-cell,tab:phrank,5,table,table-cell,tab:phrank | CUSUM | Rk,CUSUM,,
tab:phrank.c629,table-cell,tab:phrank,0.0,table,table-cell,tab:phrank | CUSUM | L,CUSUM,,
tab:phrank.c630,table-cell,tab:phrank,4,table,table-cell,tab:phrank | CUSUM | L Rk,CUSUM,,
tab:phrank.c631,table-cell,tab:phrank,no,table,table-cell,tab:phrank | CUSUM | Valid?,CUSUM,,
tab:phrank.c632,table-cell,tab:phrank,34.7,table,table-cell,tab:phrank | RMS-trend | PH,RMS-trend,,
tab:phrank.c633,table-cell,tab:phrank,6,table,table-cell,tab:phrank | RMS-trend | Rk,RMS-trend,,
tab:phrank.c634,table-cell,tab:phrank,34.7,table,table-cell,tab:phrank | RMS-trend | L,RMS-trend,,
tab:phrank.c635,table-cell,tab:phrank,2,table,table-cell,tab:phrank | RMS-trend | L Rk,RMS-trend,,
tab:phrank.c636,table-cell,tab:phrank,yes*,table,table-cell,tab:phrank | RMS-trend | Valid?,RMS-trend,,
tab:phrank.c637,table-cell,tab:phrank,14.8,table,table-cell,tab:phrank | Deep SVDD | PH,Deep SVDD,,
tab:phrank.c638,table-cell,tab:phrank,7,table,table-cell,tab:phrank | Deep SVDD | Rk,Deep SVDD,,
tab:phrank.c639,table-cell,tab:phrank,14.8,table,table-cell,tab:phrank | Deep SVDD | L,Deep SVDD,,
tab:phrank.c640,table-cell,tab:phrank,3,table,table-cell,tab:phrank | Deep SVDD | L Rk,Deep SVDD,,
tab:phrank.c641,table-cell,tab:phrank,yes,table,table-cell,tab:phrank | Deep SVDD | Valid?,Deep SVDD,,
tab:hyperparams.c642,table-cell,tab:hyperparams,10 samples / 50%,table,table-cell,tab:hyperparams | Feature window / overlap | Value,Feature window / overlap,,
tab:hyperparams.c643,table-cell,tab:hyperparams,"channel-invariant, 49-dim",table,table-cell,tab:hyperparams | Feature schema | Value,Feature schema,,
tab:hyperparams.c644,table-cell,tab:hyperparams,top 50 (stratified),table,table-cell,tab:hyperparams | Train-fit feature cap | Value,Train-fit feature cap,,
tab:hyperparams.c645,table-cell,tab:hyperparams,0.50 / 0.10 / 0.40,table,table-cell,tab:hyperparams | Train / calib. / test | Value,Train / calib. / test,,
tab:hyperparams.c646,table-cell,tab:hyperparams,full window t < t_o,table,table-cell,tab:hyperparams | Pre-onset FAR region | Value,Pre-onset FAR region,,
tab:hyperparams.c647,table-cell,tab:hyperparams,rms_kurt,table,table-cell,tab:hyperparams | Onset health indicator | Value,Onset health indicator,,
tab:hyperparams.c648,table-cell,tab:hyperparams,terminal excursion / 5,table,table-cell,tab:hyperparams | Onset method / persistence | Value,Onset method / persistence,,
tab:hyperparams.c649,table-cell,tab:hyperparams,4σ / 10 samples,table,table-cell,tab:hyperparams | Onset kσ / gap tolerance | Value,Onset kσ / gap tolerance,,
tab:hyperparams.c650,table-cell,tab:hyperparams,97.5th pct / 3 windows,table,table-cell,tab:hyperparams | Alarm threshold / persistence | Value,Alarm threshold / persistence,,
tab:hyperparams.c651,table-cell,tab:hyperparams,0.10,table,table-cell,tab:hyperparams | FAR budget | Value,FAR budget,,
tab:hyperparams.c652,table-cell,tab:hyperparams,"200 trees, contam. auto",table,table-cell,tab:hyperparams | Isolation Forest | Value,Isolation Forest,,
tab:hyperparams.c653,table-cell,tab:hyperparams,"PCA rank 10, α=0.01",table,table-cell,tab:hyperparams | Hotelling T2 | Value,Hotelling T2,,
tab:hyperparams.c654,table-cell,tab:hyperparams,"λ=0.2, k=3 / k=0.5, h=5",table,table-cell,tab:hyperparams | EWMA / CUSUM | Value,EWMA / CUSUM,,
tab:hyperparams.c655,table-cell,tab:hyperparams,"seq-len 30, 40-50 epochs",table,table-cell,tab:hyperparams | Deep models | Value,Deep models,,
tab:hyperparams.c656,table-cell,tab:hyperparams,"d_model=32, 2 heads, 2 layers",table,table-cell,tab:hyperparams | Transformer | Value,Transformer,,
tab:hyperparams.c657,table-cell,tab:hyperparams,horiz. + vert. accel.,table,table-cell,tab:hyperparams | FEMTO channels | Value,FEMTO channels,,
tab:hyperparams.c658,table-cell,tab:hyperparams,0.10,table,table-cell,tab:hyperparams | Conformal calib. fraction | Value,Conformal calib. fraction,,
tab:hyperparams.c659,table-cell,tab:hyperparams,"runs, B=2000",table,table-cell,tab:hyperparams | Bootstrap resamples | Value,Bootstrap resamples,,
tab:hyperparams.c660,table-cell,tab:hyperparams,42,table,table-cell,tab:hyperparams | Random seed | Value,Random seed,,
tab:hyperparams.c661,table-cell,tab:hyperparams,"Py 3.13, requirements.lock.txt",table,table-cell,tab:hyperparams | Environment | Value,Environment,,
tab:compute.c662,table-cell,tab:compute,<1 ms,table,table-cell,tab:compute | 3σ | Train,3σ,,
tab:compute.c663,table-cell,tab:compute,0.2,table,table-cell,tab:compute | 3σ | Inf. (μs/win),3σ,,
tab:compute.c664,table-cell,tab:compute,<1 ms,table,table-cell,tab:compute | EWMA | Train,EWMA,,
tab:compute.c665,table-cell,tab:compute,1.0,table,table-cell,tab:compute | EWMA | Inf. (μs/win),EWMA,,
tab:compute.c666,table-cell,tab:compute,<1 ms,table,table-cell,tab:compute | CUSUM | Train,CUSUM,,
tab:compute.c667,table-cell,tab:compute,2.1,table,table-cell,tab:compute | CUSUM | Inf. (μs/win),CUSUM,,
tab:compute.c668,table-cell,tab:compute,<1 ms,table,table-cell,tab:compute | RMS-trend | Train,RMS-trend,,
tab:compute.c669,table-cell,tab:compute,0.3,table,table-cell,tab:compute | RMS-trend | Inf. (μs/win),RMS-trend,,
tab:compute.c670,table-cell,tab:compute,20 ms,table,table-cell,tab:compute | Hotelling T2 | Train,Hotelling T2,,
tab:compute.c671,table-cell,tab:compute,1.5,table,table-cell,tab:compute | Hotelling T2 | Inf. (μs/win),Hotelling T2,,
tab:compute.c672,table-cell,tab:compute,11 ms,table,table-cell,tab:compute | One-class SVM | Train,One-class SVM,,
tab:compute.c673,table-cell,tab:compute,26,table,table-cell,tab:compute | One-class SVM | Inf. (μs/win),One-class SVM,,
tab:compute.c674,table-cell,tab:compute,0.73 s,table,table-cell,tab:compute | Isolation Forest | Train,Isolation Forest,,
tab:compute.c675,table-cell,tab:compute,120,table,table-cell,tab:compute | Isolation Forest | Inf. (μs/win),Isolation Forest,,
tab:compute.c676,table-cell,tab:compute,2.27 s,table,table-cell,tab:compute | Deep SVDD | Train,Deep SVDD,,
tab:compute.c677,table-cell,tab:compute,2.3,table,table-cell,tab:compute | Deep SVDD | Inf. (μs/win),Deep SVDD,,
tab:compute.c678,table-cell,tab:compute,49.5 s,table,table-cell,tab:compute | LSTM-AE | Train,LSTM-AE,,
tab:compute.c679,table-cell,tab:compute,513,table,table-cell,tab:compute | LSTM-AE | Inf. (μs/win),LSTM-AE,,
tab:compute.c680,table-cell,tab:compute,46.2 s,table,table-cell,tab:compute | TCN-AE | Train,TCN-AE,,
tab:compute.c681,table-cell,tab:compute,379,table,table-cell,tab:compute | TCN-AE | Inf. (μs/win),TCN-AE,,
tab:compute.c682,table-cell,tab:compute,41.6 s,table,table-cell,tab:compute | Transformer-AD | Train,Transformer-AD,,
tab:compute.c683,table-cell,tab:compute,300,table,table-cell,tab:compute | Transformer-AD | Inf. (μs/win),Transformer-AD,,
tab:deeparch.c684,table-cell,tab:deeparch,1-layer LSTM encoder,table,table-cell,tab:deeparch | Structure | LSTM-AE,Structure,,G5
tab:deeparch.c685,table-cell,tab:deeparch,"4 temporal blocks,",table,table-cell,tab:deeparch | Structure | TCN-AE,Structure,,G5
tab:deeparch.c686,table-cell,tab:deeparch,"2 encoder layers,",table,table-cell,tab:deeparch | Structure | Transformer-AD,Structure,,G5
tab:deeparch.c687,table-cell,tab:deeparch,"2 linear layers,",table,table-cell,tab:deeparch | Structure | Deep SVDD,Structure,,G5
tab:deeparch.c688,table-cell,tab:deeparch,+ linear to latent;,table,table-cell,tab:deeparch |  | LSTM-AE,,,G5
tab:deeparch.c689,table-cell,tab:deeparch,2 dilated causal,table,table-cell,tab:deeparch |  | TCN-AE,,,G5
tab:deeparch.c690,table-cell,tab:deeparch,linear input projection,table,table-cell,tab:deeparch |  | Transformer-AD,,,G5
tab:deeparch.c691,table-cell,tab:deeparch,"bias-free,",table,table-cell,tab:deeparch |  | Deep SVDD,,,G5
tab:deeparch.c692,table-cell,tab:deeparch,1-layer LSTM decoder,table,table-cell,tab:deeparch |  | LSTM-AE,,,G5
tab:deeparch.c693,table-cell,tab:deeparch,"convolutions each,",table,table-cell,tab:deeparch |  | TCN-AE,,,G5
tab:deeparch.c694,table-cell,tab:deeparch,and reconstruction head,table,table-cell,tab:deeparch |  | Transformer-AD,,,G5
tab:deeparch.c695,table-cell,tab:deeparch,ReLU between,table,table-cell,tab:deeparch |  | Deep SVDD,,,G5
tab:deeparch.c696,table-cell,tab:deeparch,+ linear to output,table,table-cell,tab:deeparch |  | LSTM-AE,,,G5
tab:deeparch.c697,table-cell,tab:deeparch,"residual, 1 1 head",table,table-cell,tab:deeparch |  | TCN-AE,,,G5
tab:deeparch.c698,table-cell,tab:deeparch,64,table,table-cell,tab:deeparch | Hidden width | LSTM-AE,Hidden width,,G5
tab:deeparch.c699,table-cell,tab:deeparch,32 channels,table,table-cell,tab:deeparch | Hidden width | TCN-AE,Hidden width,,G5
tab:deeparch.c700,table-cell,tab:deeparch,d_model=32; FFN 64,table,table-cell,tab:deeparch | Hidden width | Transformer-AD,Hidden width,,G5
tab:deeparch.c701,table-cell,tab:deeparch,32,table,table-cell,tab:deeparch | Hidden width | Deep SVDD,Hidden width,,G5
tab:deeparch.c702,table-cell,tab:deeparch,16,table,table-cell,tab:deeparch | Latent width | LSTM-AE,Latent width,,G5
tab:deeparch.c703,table-cell,tab:deeparch,--,table,table-cell,tab:deeparch | Latent width | TCN-AE,Latent width,,G5
tab:deeparch.c704,table-cell,tab:deeparch,--,table,table-cell,tab:deeparch | Latent width | Transformer-AD,Latent width,,G5
tab:deeparch.c705,table-cell,tab:deeparch,8,table,table-cell,tab:deeparch | Latent width | Deep SVDD,Latent width,,G5
tab:deeparch.c706,table-cell,tab:deeparch,--,table,table-cell,tab:deeparch | Kernel / dilations | LSTM-AE,Kernel / dilations,,G5
tab:deeparch.c707,table-cell,tab:deeparch,"k=3; 1,2,4,8",table,table-cell,tab:deeparch | Kernel / dilations | TCN-AE,Kernel / dilations,,G5
tab:deeparch.c708,table-cell,tab:deeparch,--,table,table-cell,tab:deeparch | Kernel / dilations | Transformer-AD,Kernel / dilations,,G5
tab:deeparch.c709,table-cell,tab:deeparch,--,table,table-cell,tab:deeparch | Kernel / dilations | Deep SVDD,Kernel / dilations,,G5
tab:deeparch.c710,table-cell,tab:deeparch,--,table,table-cell,tab:deeparch | Attention heads | LSTM-AE,Attention heads,,G5
tab:deeparch.c711,table-cell,tab:deeparch,--,table,table-cell,tab:deeparch | Attention heads | TCN-AE,Attention heads,,G5
tab:deeparch.c712,table-cell,tab:deeparch,2,table,table-cell,tab:deeparch | Attention heads | Transformer-AD,Attention heads,,G5
tab:deeparch.c713,table-cell,tab:deeparch,--,table,table-cell,tab:deeparch | Attention heads | Deep SVDD,Attention heads,,G5
tab:deeparch.c714,table-cell,tab:deeparch,30 windows,table,table-cell,tab:deeparch | Sequence length | LSTM-AE,Sequence length,,G5
tab:deeparch.c715,table-cell,tab:deeparch,30 windows,table,table-cell,tab:deeparch | Sequence length | TCN-AE,Sequence length,,G5
tab:deeparch.c716,table-cell,tab:deeparch,30 windows,table,table-cell,tab:deeparch | Sequence length | Transformer-AD,Sequence length,,G5
tab:deeparch.c717,table-cell,tab:deeparch,n/a (per-window),table,table-cell,tab:deeparch | Sequence length | Deep SVDD,Sequence length,,G5
tab:deeparch.c718,table-cell,tab:deeparch,Adam,table,table-cell,tab:deeparch | Optimiser | LSTM-AE,Optimiser,,G5
tab:deeparch.c719,table-cell,tab:deeparch,Adam,table,table-cell,tab:deeparch | Optimiser | TCN-AE,Optimiser,,G5
tab:deeparch.c720,table-cell,tab:deeparch,Adam,table,table-cell,tab:deeparch | Optimiser | Transformer-AD,Optimiser,,G5
tab:deeparch.c721,table-cell,tab:deeparch,Adam,table,table-cell,tab:deeparch | Optimiser | Deep SVDD,Optimiser,,G5
tab:deeparch.c722,table-cell,tab:deeparch,10-3,table,table-cell,tab:deeparch | Learning rate | LSTM-AE,Learning rate,,G5
tab:deeparch.c723,table-cell,tab:deeparch,10-3,table,table-cell,tab:deeparch | Learning rate | TCN-AE,Learning rate,,G5
tab:deeparch.c724,table-cell,tab:deeparch,10-3,table,table-cell,tab:deeparch | Learning rate | Transformer-AD,Learning rate,,G5
tab:deeparch.c725,table-cell,tab:deeparch,10-3,table,table-cell,tab:deeparch | Learning rate | Deep SVDD,Learning rate,,G5
tab:deeparch.c726,table-cell,tab:deeparch,32,table,table-cell,tab:deeparch | Batch size | LSTM-AE,Batch size,,G5
tab:deeparch.c727,table-cell,tab:deeparch,32,table,table-cell,tab:deeparch | Batch size | TCN-AE,Batch size,,G5
tab:deeparch.c728,table-cell,tab:deeparch,32,table,table-cell,tab:deeparch | Batch size | Transformer-AD,Batch size,,G5
tab:deeparch.c729,table-cell,tab:deeparch,32,table,table-cell,tab:deeparch | Batch size | Deep SVDD,Batch size,,G5
tab:deeparch.c730,table-cell,tab:deeparch,50,table,table-cell,tab:deeparch | Epochs | LSTM-AE,Epochs,,G5
tab:deeparch.c731,table-cell,tab:deeparch,40,table,table-cell,tab:deeparch | Epochs | TCN-AE,Epochs,,G5
tab:deeparch.c732,table-cell,tab:deeparch,40,table,table-cell,tab:deeparch | Epochs | Transformer-AD,Epochs,,G5
tab:deeparch.c733,table-cell,tab:deeparch,40,table,table-cell,tab:deeparch | Epochs | Deep SVDD,Epochs,,G5
tab:deeparch.c734,table-cell,tab:deeparch,0.1†,table,table-cell,tab:deeparch | Dropout | LSTM-AE,Dropout,,G5
tab:deeparch.c735,table-cell,tab:deeparch,0.1,table,table-cell,tab:deeparch | Dropout | TCN-AE,Dropout,,G5
tab:deeparch.c736,table-cell,tab:deeparch,0.1,table,table-cell,tab:deeparch | Dropout | Transformer-AD,Dropout,,G5
tab:deeparch.c737,table-cell,tab:deeparch,--,table,table-cell,tab:deeparch | Dropout | Deep SVDD,Dropout,,G5
tab:deeparch.c738,table-cell,tab:deeparch,none,table,table-cell,tab:deeparch | Early stopping | LSTM-AE,Early stopping,,G5
tab:deeparch.c739,table-cell,tab:deeparch,none,table,table-cell,tab:deeparch | Early stopping | TCN-AE,Early stopping,,G5
tab:deeparch.c740,table-cell,tab:deeparch,none,table,table-cell,tab:deeparch | Early stopping | Transformer-AD,Early stopping,,G5
tab:deeparch.c741,table-cell,tab:deeparch,none,table,table-cell,tab:deeparch | Early stopping | Deep SVDD,Early stopping,,G5
tab:deeparch.c742,table-cell,tab:deeparch,MSE reconstruction,table,table-cell,tab:deeparch | Loss | LSTM-AE,Loss,,G5
tab:deeparch.c743,table-cell,tab:deeparch,MSE reconstruction,table,table-cell,tab:deeparch | Loss | TCN-AE,Loss,,G5
tab:deeparch.c744,table-cell,tab:deeparch,MSE reconstruction,table,table-cell,tab:deeparch | Loss | Transformer-AD,Loss,,G5
tab:deeparch.c745,table-cell,tab:deeparch,mean squared distance,table,table-cell,tab:deeparch | Loss | Deep SVDD,Loss,,G5
tab:deeparch.c746,table-cell,tab:deeparch,to the fixed center,table,table-cell,tab:deeparch |  | Deep SVDD,,,G5
tab:deeparch.c747,table-cell,tab:deeparch,42,table,table-cell,tab:deeparch | Seed | LSTM-AE,Seed,,G5
tab:deeparch.c748,table-cell,tab:deeparch,42,table,table-cell,tab:deeparch | Seed | TCN-AE,Seed,,G5
tab:deeparch.c749,table-cell,tab:deeparch,42,table,table-cell,tab:deeparch | Seed | Transformer-AD,Seed,,G5
tab:deeparch.c750,table-cell,tab:deeparch,42,table,table-cell,tab:deeparch | Seed | Deep SVDD,Seed,,G5
tab:deeparch.c751,table-cell,tab:deeparch,"54,657",table,table-cell,tab:deeparch | Trainable parameters | LSTM-AE,Trainable parameters,,G5
tab:deeparch.c752,table-cell,tab:deeparch,"29,681",table,table-cell,tab:deeparch | Trainable parameters | TCN-AE,Trainable parameters,,G5
tab:deeparch.c753,table-cell,tab:deeparch,"20,305",table,table-cell,tab:deeparch | Trainable parameters | Transformer-AD,Trainable parameters,,G5
tab:deeparch.c754,table-cell,tab:deeparch,"1,824",table,table-cell,tab:deeparch | Trainable parameters | Deep SVDD,Trainable parameters,,G5
tab:basestats.c755,table-cell,tab:basestats,rms,table,table-cell,tab:basestats | RMS | Family,RMS,,
tab:basestats.c756,table-cell,tab:basestats,1n _i x_i2,table,table-cell,tab:basestats | RMS | Formula,RMS,,
tab:basestats.c757,table-cell,tab:basestats,kurt,table,table-cell,tab:basestats | Kurtosis | Family,Kurtosis,,
tab:basestats.c758,table-cell,tab:basestats,1n _i ( x_i-μσ)4 - 3,table,table-cell,tab:basestats | Kurtosis | Formula,Kurtosis,,
tab:basestats.c759,table-cell,tab:basestats,skew,table,table-cell,tab:basestats | Skewness | Family,Skewness,,
tab:basestats.c760,table-cell,tab:basestats,1n _i ( x_i-μσ)3,table,table-cell,tab:basestats | Skewness | Formula,Skewness,,
tab:basestats.c761,table-cell,tab:basestats,p2p,table,table-cell,tab:basestats | Peak-to-peak | Family,Peak-to-peak,,
tab:basestats.c762,table-cell,tab:basestats,_i x_i - _i x_i,table,table-cell,tab:basestats | Peak-to-peak | Formula,Peak-to-peak,,
tab:basestats.c763,table-cell,tab:basestats,crest,table,table-cell,tab:basestats | Crest factor | Family,Crest factor,,
tab:basestats.c764,table-cell,tab:basestats,_i |x_i| / RMS,table,table-cell,tab:basestats | Crest factor | Formula,Crest factor,,
tab:basestats.c765,table-cell,tab:basestats,var,table,table-cell,tab:basestats | Variance | Family,Variance,,
tab:basestats.c766,table-cell,tab:basestats,1n _i (x_i-μ)2,table,table-cell,tab:basestats | Variance | Formula,Variance,,
tab:d17label.c767,table-cell,tab:d17label,"+25.81, +15.10, -1.00",table,table-cell,tab:d17label | 3σ | Run diffs (h),3σ,,D19
tab:d17label.c768,table-cell,tab:d17label,+15.10,table,table-cell,tab:d17label | 3σ | Med,3σ,,D19
tab:d17label.c769,table-cell,tab:d17label,2/1/0,table,table-cell,tab:d17label | 3σ | n_+/n_-/0,3σ,,D19
tab:d17label.c770,table-cell,tab:d17label,"+25.81, +15.10, 0.00",table,table-cell,tab:d17label | 3σ | Run diffs (h),3σ,,D19
tab:d17label.c771,table-cell,tab:d17label,+15.10,table,table-cell,tab:d17label | 3σ | Med,3σ,,D19
tab:d17label.c772,table-cell,tab:d17label,2/0/1,table,table-cell,tab:d17label | 3σ | n_+/n_-/0,3σ,,D19
tab:d17label.c773,table-cell,tab:d17label,2,table,table-cell,tab:d17label | 3σ | n_eff,3σ,,D19
tab:d17label.c774,table-cell,tab:d17label,0.50 (0.50),table,table-cell,tab:d17label | 3σ | p (floor),3σ,,D19
tab:d17label.c775,table-cell,tab:d17label,"+4.15, +4.67, +4.27",table,table-cell,tab:d17label | CUSUM | Run diffs (h),CUSUM,,D19
tab:d17label.c776,table-cell,tab:d17label,+4.27,table,table-cell,tab:d17label | CUSUM | Med,CUSUM,,D19
tab:d17label.c777,table-cell,tab:d17label,3/0/0,table,table-cell,tab:d17label | CUSUM | n_+/n_-/0,CUSUM,,D19
tab:d17label.c778,table-cell,tab:d17label,"+4.15, +4.67, 0.00",table,table-cell,tab:d17label | CUSUM | Run diffs (h),CUSUM,,D19
tab:d17label.c779,table-cell,tab:d17label,+4.15,table,table-cell,tab:d17label | CUSUM | Med,CUSUM,,D19
tab:d17label.c780,table-cell,tab:d17label,2/0/1,table,table-cell,tab:d17label | CUSUM | n_+/n_-/0,CUSUM,,D19
tab:d17label.c781,table-cell,tab:d17label,2,table,table-cell,tab:d17label | CUSUM | n_eff,CUSUM,,D19
tab:d17label.c782,table-cell,tab:d17label,0.50 (0.50),table,table-cell,tab:d17label | CUSUM | p (floor),CUSUM,,D19
tab:d17label.c783,table-cell,tab:d17label,"-3.89, +4.33, +2.10",table,table-cell,tab:d17label | EWMA | Run diffs (h),EWMA,,D19
tab:d17label.c784,table-cell,tab:d17label,+2.10,table,table-cell,tab:d17label | EWMA | Med,EWMA,,D19
tab:d17label.c785,table-cell,tab:d17label,2/1/0,table,table-cell,tab:d17label | EWMA | n_+/n_-/0,EWMA,,D19
tab:d17label.c786,table-cell,tab:d17label,"-3.89, +4.33, 0.00",table,table-cell,tab:d17label | EWMA | Run diffs (h),EWMA,,D19
tab:d17label.c787,table-cell,tab:d17label,0.00,table,table-cell,tab:d17label | EWMA | Med,EWMA,,D19
tab:d17label.c788,table-cell,tab:d17label,1/1/1,table,table-cell,tab:d17label | EWMA | n_+/n_-/0,EWMA,,D19
tab:d17label.c789,table-cell,tab:d17label,2,table,table-cell,tab:d17label | EWMA | n_eff,EWMA,,D19
tab:d17label.c790,table-cell,tab:d17label,1.00 (0.50),table,table-cell,tab:d17label | EWMA | p (floor),EWMA,,D19
tab:d17label.c791,table-cell,tab:d17label,"+1.00, +1.17, +81.74",table,table-cell,tab:d17label | Hotelling T2 | Run diffs (h),Hotelling T2,,D19
tab:d17label.c792,table-cell,tab:d17label,+1.17,table,table-cell,tab:d17label | Hotelling T2 | Med,Hotelling T2,,D19
tab:d17label.c793,table-cell,tab:d17label,3/0/0,table,table-cell,tab:d17label | Hotelling T2 | n_+/n_-/0,Hotelling T2,,D19
tab:d17label.c794,table-cell,tab:d17label,"+1.00, +1.17, +35.30",table,table-cell,tab:d17label | Hotelling T2 | Run diffs (h),Hotelling T2,,D19
tab:d17label.c795,table-cell,tab:d17label,+1.17,table,table-cell,tab:d17label | Hotelling T2 | Med,Hotelling T2,,D19
tab:d17label.c796,table-cell,tab:d17label,3/0/0,table,table-cell,tab:d17label | Hotelling T2 | n_+/n_-/0,Hotelling T2,,D19
tab:d17label.c797,table-cell,tab:d17label,3,table,table-cell,tab:d17label | Hotelling T2 | n_eff,Hotelling T2,,D19
tab:d17label.c798,table-cell,tab:d17label,0.25 (0.25),table,table-cell,tab:d17label | Hotelling T2 | p (floor),Hotelling T2,,D19
tab:d17label.c799,table-cell,tab:d17label,"-0.67, +16.87, +3.43",table,table-cell,tab:d17label | Iso. Forest | Run diffs (h),Iso. Forest,,D19
tab:d17label.c800,table-cell,tab:d17label,+3.43,table,table-cell,tab:d17label | Iso. Forest | Med,Iso. Forest,,D19
tab:d17label.c801,table-cell,tab:d17label,2/1/0,table,table-cell,tab:d17label | Iso. Forest | n_+/n_-/0,Iso. Forest,,D19
tab:d17label.c802,table-cell,tab:d17label,"-0.67, +16.87, 0.00",table,table-cell,tab:d17label | Iso. Forest | Run diffs (h),Iso. Forest,,D19
tab:d17label.c803,table-cell,tab:d17label,0.00,table,table-cell,tab:d17label | Iso. Forest | Med,Iso. Forest,,D19
tab:d17label.c804,table-cell,tab:d17label,1/1/1,table,table-cell,tab:d17label | Iso. Forest | n_+/n_-/0,Iso. Forest,,D19
tab:d17label.c805,table-cell,tab:d17label,2,table,table-cell,tab:d17label | Iso. Forest | n_eff,Iso. Forest,,D19
tab:d17label.c806,table-cell,tab:d17label,1.00 (0.50),table,table-cell,tab:d17label | Iso. Forest | p (floor),Iso. Forest,,D19
tab:d17label.c807,table-cell,tab:d17label,"+8.93, 0.00, 0.00",table,table-cell,tab:d17label | Deep SVDD | Run diffs (h),Deep SVDD,,D19
tab:d17label.c808,table-cell,tab:d17label,0.00,table,table-cell,tab:d17label | Deep SVDD | Med,Deep SVDD,,D19
tab:d17label.c809,table-cell,tab:d17label,1/0/2,table,table-cell,tab:d17label | Deep SVDD | n_+/n_-/0,Deep SVDD,,D19
tab:d17label.c810,table-cell,tab:d17label,"+8.93, 0.00, 0.00",table,table-cell,tab:d17label | Deep SVDD | Run diffs (h),Deep SVDD,,D19
tab:d17label.c811,table-cell,tab:d17label,0.00,table,table-cell,tab:d17label | Deep SVDD | Med,Deep SVDD,,D19
tab:d17label.c812,table-cell,tab:d17label,1/0/2,table,table-cell,tab:d17label | Deep SVDD | n_+/n_-/0,Deep SVDD,,D19
tab:d17label.c813,table-cell,tab:d17label,1,table,table-cell,tab:d17label | Deep SVDD | n_eff,Deep SVDD,,D19
tab:d17label.c814,table-cell,tab:d17label,1.00 (1.00),table,table-cell,tab:d17label | Deep SVDD | p (floor),Deep SVDD,,D19
tab:d17label.c815,table-cell,tab:d17label,"-0.17, 0.00, +2.37",table,table-cell,tab:d17label | RMS-trend | Run diffs (h),RMS-trend,,D19
tab:d17label.c816,table-cell,tab:d17label,0.00,table,table-cell,tab:d17label | RMS-trend | Med,RMS-trend,,D19
tab:d17label.c817,table-cell,tab:d17label,1/1/1,table,table-cell,tab:d17label | RMS-trend | n_+/n_-/0,RMS-trend,,D19
tab:d17label.c818,table-cell,tab:d17label,"-0.17, 0.00, 0.00",table,table-cell,tab:d17label | RMS-trend | Run diffs (h),RMS-trend,,D19
tab:d17label.c819,table-cell,tab:d17label,0.00,table,table-cell,tab:d17label | RMS-trend | Med,RMS-trend,,D19
tab:d17label.c820,table-cell,tab:d17label,0/1/2,table,table-cell,tab:d17label | RMS-trend | n_+/n_-/0,RMS-trend,,D19
tab:d17label.c821,table-cell,tab:d17label,1,table,table-cell,tab:d17label | RMS-trend | n_eff,RMS-trend,,D19
tab:d17label.c822,table-cell,tab:d17label,1.00 (1.00),table,table-cell,tab:d17label | RMS-trend | p (floor),RMS-trend,,D19
tab:d17label.c823,table-cell,tab:d17label,"-1.39, -0.42, +56.12",table,table-cell,tab:d17label | LSTM-AE | Run diffs (h),LSTM-AE,,D19
tab:d17label.c824,table-cell,tab:d17label,-0.42,table,table-cell,tab:d17label | LSTM-AE | Med,LSTM-AE,,D19
tab:d17label.c825,table-cell,tab:d17label,1/2/0,table,table-cell,tab:d17label | LSTM-AE | n_+/n_-/0,LSTM-AE,,D19
tab:d17label.c826,table-cell,tab:d17label,"-1.39, -0.42, +41.33",table,table-cell,tab:d17label | LSTM-AE | Run diffs (h),LSTM-AE,,D19
tab:d17label.c827,table-cell,tab:d17label,-0.42,table,table-cell,tab:d17label | LSTM-AE | Med,LSTM-AE,,D19
tab:d17label.c828,table-cell,tab:d17label,1/2/0,table,table-cell,tab:d17label | LSTM-AE | n_+/n_-/0,LSTM-AE,,D19
tab:d17label.c829,table-cell,tab:d17label,3,table,table-cell,tab:d17label | LSTM-AE | n_eff,LSTM-AE,,D19
tab:d17label.c830,table-cell,tab:d17label,1.00 (0.25),table,table-cell,tab:d17label | LSTM-AE | p (floor),LSTM-AE,,D19
tab:d17label.c831,table-cell,tab:d17label,"-1.39, -0.42, +9.00",table,table-cell,tab:d17label | TCN-AE | Run diffs (h),TCN-AE,,D19
tab:d17label.c832,table-cell,tab:d17label,-0.42,table,table-cell,tab:d17label | TCN-AE | Med,TCN-AE,,D19
tab:d17label.c833,table-cell,tab:d17label,1/2/0,table,table-cell,tab:d17label | TCN-AE | n_+/n_-/0,TCN-AE,,D19
tab:d17label.c834,table-cell,tab:d17label,"-1.39, -0.42, +9.00",table,table-cell,tab:d17label | TCN-AE | Run diffs (h),TCN-AE,,D19
tab:d17label.c835,table-cell,tab:d17label,-0.42,table,table-cell,tab:d17label | TCN-AE | Med,TCN-AE,,D19
tab:d17label.c836,table-cell,tab:d17label,1/2/0,table,table-cell,tab:d17label | TCN-AE | n_+/n_-/0,TCN-AE,,D19
tab:d17label.c837,table-cell,tab:d17label,3,table,table-cell,tab:d17label | TCN-AE | n_eff,TCN-AE,,D19
tab:d17label.c838,table-cell,tab:d17label,1.00 (0.25),table,table-cell,tab:d17label | TCN-AE | p (floor),TCN-AE,,D19
tab:d17label.c839,table-cell,tab:d17label,"-1.39, -0.42, +68.79",table,table-cell,tab:d17label | Transformer-AD | Run diffs (h),Transformer-AD,,D19
tab:d17label.c840,table-cell,tab:d17label,-0.42,table,table-cell,tab:d17label | Transformer-AD | Med,Transformer-AD,,D19
tab:d17label.c841,table-cell,tab:d17label,1/2/0,table,table-cell,tab:d17label | Transformer-AD | n_+/n_-/0,Transformer-AD,,D19
tab:d17label.c842,table-cell,tab:d17label,"-1.39, -0.42, +48.15",table,table-cell,tab:d17label | Transformer-AD | Run diffs (h),Transformer-AD,,D19
tab:d17label.c843,table-cell,tab:d17label,-0.42,table,table-cell,tab:d17label | Transformer-AD | Med,Transformer-AD,,D19
tab:d17label.c844,table-cell,tab:d17label,1/2/0,table,table-cell,tab:d17label | Transformer-AD | n_+/n_-/0,Transformer-AD,,D19
tab:d17label.c845,table-cell,tab:d17label,3,table,table-cell,tab:d17label | Transformer-AD | n_eff,Transformer-AD,,D19
tab:d17label.c846,table-cell,tab:d17label,1.00 (0.25),table,table-cell,tab:d17label | Transformer-AD | p (floor),Transformer-AD,,D19
tab:noise.c847,table-cell,tab:noise,"-7.94, +2.62, +4.28",table,table-cell,"tab:noise | None (native) | Per-run [t1,t2,t3]",None (native),,
tab:noise.c848,table-cell,tab:noise,-0.35,table,table-cell,tab:noise | None (native) | Mean,None (native),,
tab:noise.c849,table-cell,tab:noise,2/3,table,table-cell,tab:noise | None (native) | Sign,None (native),,
tab:noise.c850,table-cell,tab:noise,"-0.44, -2.59, +5.95",table,table-cell,"tab:noise | 30 dB | Per-run [t1,t2,t3]",30 dB,,
tab:noise.c851,table-cell,tab:noise,+0.97,table,table-cell,tab:noise | 30 dB | Mean,30 dB,,
tab:noise.c852,table-cell,tab:noise,1/3,table,table-cell,tab:noise | 30 dB | Sign,30 dB,,
tab:noise.c853,table-cell,tab:noise,"+10.60, +0.53, +0.12",table,table-cell,"tab:noise | 20 dB | Per-run [t1,t2,t3]",20 dB,,
tab:noise.c854,table-cell,tab:noise,+3.75,table,table-cell,tab:noise | 20 dB | Mean,20 dB,,
tab:noise.c855,table-cell,tab:noise,3/3,table,table-cell,tab:noise | 20 dB | Sign,20 dB,,
tab:noise.c856,table-cell,tab:noise,"+14.99, +0.53, +4.28",table,table-cell,"tab:noise | 10 dB | Per-run [t1,t2,t3]",10 dB,,
tab:noise.c857,table-cell,tab:noise,+6.60,table,table-cell,tab:noise | 10 dB | Mean,10 dB,,
tab:noise.c858,table-cell,tab:noise,3/3,table,table-cell,tab:noise | 10 dB | Sign,10 dB,,
tab:denoise.c859,table-cell,tab:denoise,75.7,table,table-cell,tab:denoise | Aggregate (historian) | Mean lead (h),Aggregate (historian),,
tab:denoise.c860,table-cell,tab:denoise,7/12,table,table-cell,tab:denoise | Aggregate (historian) | Valid (/12),Aggregate (historian),,
tab:denoise.c861,table-cell,tab:denoise,76.0,table,table-cell,tab:denoise | Decimate (raw) | Mean lead (h),Decimate (raw),,
tab:denoise.c862,table-cell,tab:denoise,8/12,table,table-cell,tab:denoise | Decimate (raw) | Valid (/12),Decimate (raw),,
tab:denoise.c863,table-cell,tab:denoise,69.6,table,table-cell,tab:denoise | Decimate + median | Mean lead (h),Decimate + median,,
tab:denoise.c864,table-cell,tab:denoise,8/12,table,table-cell,tab:denoise | Decimate + median | Valid (/12),Decimate + median,,
tab:denoise.c865,table-cell,tab:denoise,76.0,table,table-cell,tab:denoise | Decimate + moving avg | Mean lead (h),Decimate + moving avg,,
tab:denoise.c866,table-cell,tab:denoise,8/12,table,table-cell,tab:denoise | Decimate + moving avg | Valid (/12),Decimate + moving avg,,
tab:denoise.c867,table-cell,tab:denoise,75.7,table,table-cell,tab:denoise | Decimate + Kalman | Mean lead (h),Decimate + Kalman,,
tab:denoise.c868,table-cell,tab:denoise,8/12,table,table-cell,tab:denoise | Decimate + Kalman | Valid (/12),Decimate + Kalman,,
tab:denoise.c869,table-cell,tab:denoise,73.2,table,table-cell,tab:denoise | Decimate + wavelet | Mean lead (h),Decimate + wavelet,,
tab:denoise.c870,table-cell,tab:denoise,6/12,table,table-cell,tab:denoise | Decimate + wavelet | Valid (/12),Decimate + wavelet,,
tab:ongc.c871,table-cell,tab:ongc,0.0,table,table-cell,tab:ongc | 3σ | Median Δ (min),3σ,,
tab:ongc.c872,table-cell,tab:ongc,-0.5,table,table-cell,tab:ongc | EWMA | Median Δ (min),EWMA,,
tab:ongc.c873,table-cell,tab:ongc,+0.4,table,table-cell,tab:ongc | Hotelling T2 | Median Δ (min),Hotelling T2,,
tab:ongc.c874,table-cell,tab:ongc,+1.2,table,table-cell,tab:ongc | Isolation Forest | Median Δ (min),Isolation Forest,,
tab:ongc.c875,table-cell,tab:ongc,+1.2,table,table-cell,tab:ongc | RMS-trend | Median Δ (min),RMS-trend,,
cite:jardine2006review@tex82,citation,jardine2006review,jardine2006review,Introduction,citation,tex:82,,,
cite:lee2014prognostics@tex82,citation,lee2014prognostics,lee2014prognostics,Introduction,citation,tex:82,,,
cite:lei2018machinery@tex82,citation,lei2018machinery,lei2018machinery,Introduction,citation,tex:82,,,
cite:randall2011rolling@tex82,citation,randall2011rolling,randall2011rolling,Introduction,citation,tex:82,,,
cite:zhao2019deep@tex82,citation,zhao2019deep,zhao2019deep,Introduction,citation,tex:82,,,
cite:saxena2008metrics@tex84,citation,saxena2008metrics,saxena2008metrics,Introduction,citation,tex:84,,,
cite:saxena2010metrics@tex84,citation,saxena2010metrics,saxena2010metrics,Introduction,citation,tex:84,,,
cite:goebel2011comparison@tex84,citation,goebel2011comparison,goebel2011comparison,Introduction,citation,tex:84,,,
cite:tautzweinert2017using@tex86,citation,tautzweinert2017using,tautzweinert2017using,Introduction,citation,tex:86,,,
cite:jardine2006review@tex115,citation,jardine2006review,jardine2006review,"Prognostics, CBM, and Lead-Time Metrics",citation,tex:115,,,
cite:lee2014prognostics@tex115,citation,lee2014prognostics,lee2014prognostics,"Prognostics, CBM, and Lead-Time Metrics",citation,tex:115,,,
cite:lei2018machinery@tex115,citation,lei2018machinery,lei2018machinery,"Prognostics, CBM, and Lead-Time Metrics",citation,tex:115,,,
cite:si2011remaining@tex115,citation,si2011remaining,si2011remaining,"Prognostics, CBM, and Lead-Time Metrics",citation,tex:115,,,
cite:saxena2008metrics@tex115,citation,saxena2008metrics,saxena2008metrics,"Prognostics, CBM, and Lead-Time Metrics",citation,tex:115,,,
cite:saxena2010metrics@tex115,citation,saxena2010metrics,saxena2010metrics,"Prognostics, CBM, and Lead-Time Metrics",citation,tex:115,,,
cite:goebel2011comparison@tex115,citation,goebel2011comparison,goebel2011comparison,"Prognostics, CBM, and Lead-Time Metrics",citation,tex:115,,,
cite:lavin2015nab@tex117,citation,lavin2015nab,lavin2015nab,"Prognostics, CBM, and Lead-Time Metrics",citation,tex:117,,,D1/F1/G6
cite:tatbul2018@tex119,citation,tatbul2018,tatbul2018,"Prognostics, CBM, and Lead-Time Metrics",citation,tex:119,,,D1/F1/G6
cite:wu2023flawed@tex119,citation,wu2023flawed,wu2023flawed,"Prognostics, CBM, and Lead-Time Metrics",citation,tex:119,,,D1/F1/G6
cite:roberts1959control@tex122,citation,roberts1959control,roberts1959control,Anomaly Detectors and Control Charts,citation,tex:122,,,
cite:hotelling1947multivariate@tex122,citation,hotelling1947multivariate,hotelling1947multivariate,Anomaly Detectors and Control Charts,citation,tex:122,,,
cite:montgomery2009introduction@tex122,citation,montgomery2009introduction,montgomery2009introduction,Anomaly Detectors and Control Charts,citation,tex:122,,,
cite:liu2008isolation@tex122,citation,liu2008isolation,liu2008isolation,Anomaly Detectors and Control Charts,citation,tex:122,,,
cite:scholkopf2001estimating@tex122,citation,scholkopf2001estimating,scholkopf2001estimating,Anomaly Detectors and Control Charts,citation,tex:122,,,
cite:hochreiter1997long@tex122,citation,hochreiter1997long,hochreiter1997long,Anomaly Detectors and Control Charts,citation,tex:122,,,
cite:malhotra2016lstm@tex122,citation,malhotra2016lstm,malhotra2016lstm,Anomaly Detectors and Control Charts,citation,tex:122,,,
cite:hundman2018detecting@tex122,citation,hundman2018detecting,hundman2018detecting,Anomaly Detectors and Control Charts,citation,tex:122,,,
cite:ruff2018deep@tex122,citation,ruff2018deep,ruff2018deep,Anomaly Detectors and Control Charts,citation,tex:122,,,
cite:zhao2019deep@tex122,citation,zhao2019deep,zhao2019deep,Anomaly Detectors and Control Charts,citation,tex:122,,,
cite:wang2020hybrid@tex124,citation,wang2020hybrid,wang2020hybrid,Anomaly Detectors and Control Charts,citation,tex:124,,,
cite:nectoux2012pronostia@tex124,citation,nectoux2012pronostia,nectoux2012pronostia,Anomaly Detectors and Control Charts,citation,tex:124,,,
cite:lorden1971@tex126,citation,lorden1971,lorden1971,Anomaly Detectors and Control Charts,citation,tex:126,,,D1/F1/G6
cite:moustakides1986@tex126,citation,moustakides1986,moustakides1986,Anomaly Detectors and Control Charts,citation,tex:126,,,D1/F1/G6
cite:page1954continuous@tex126,citation,page1954continuous,page1954continuous,Anomaly Detectors and Control Charts,citation,tex:126,,,
cite:pollak1985@tex126,citation,pollak1985,pollak1985,Anomaly Detectors and Control Charts,citation,tex:126,,,D1/F1/G6
cite:vovk2005algorithmic@tex129,citation,vovk2005algorithmic,vovk2005algorithmic,Uncertainty Quantification and Conformal Prediction,citation,tex:129,,,
cite:laxhammar2014online@tex129,citation,laxhammar2014online,laxhammar2014online,Uncertainty Quantification and Conformal Prediction,citation,tex:129,,,
cite:antoni2006spectral@tex132,citation,antoni2006spectral,antoni2006spectral,Vibration Features,citation,tex:132,,,
cite:randall2011rolling@tex132,citation,randall2011rolling,randall2011rolling,Vibration Features,citation,tex:132,,,
cite:tautzweinert2017using@tex135,citation,tautzweinert2017using,tautzweinert2017using,SCADA-Based Condition Monitoring,citation,tex:135,,,
cite:qiu2006wavelet@tex141,citation,qiu2006wavelet,qiu2006wavelet,Datasets,citation,tex:141,,,
cite:wang2020hybrid@tex143,citation,wang2020hybrid,wang2020hybrid,Datasets,citation,tex:143,,,
cite:nectoux2012pronostia@tex145,citation,nectoux2012pronostia,nectoux2012pronostia,Datasets,citation,tex:145,,,
cite:lessmeier2016condition@tex145,citation,lessmeier2016condition,lessmeier2016condition,Datasets,citation,tex:145,,,
cite:arpa2024ferrara@tex147,citation,arpa2024ferrara,arpa2024ferrara,Datasets,citation,tex:147,,,
cite:antoni2006spectral@tex176,citation,antoni2006spectral,antoni2006spectral,Channel-Invariant Feature Schema,citation,tex:176,,,
cite:roberts1959control@tex243,citation,roberts1959control,roberts1959control,Detectors,citation,tex:243,,,
cite:page1954continuous@tex244,citation,page1954continuous,page1954continuous,Detectors,citation,tex:244,,,
cite:hotelling1947multivariate@tex245,citation,hotelling1947multivariate,hotelling1947multivariate,Detectors,citation,tex:245,,,
cite:liu2008isolation@tex246,citation,liu2008isolation,liu2008isolation,Detectors,citation,tex:246,,,
cite:malhotra2016lstm@tex247,citation,malhotra2016lstm,malhotra2016lstm,Detectors,citation,tex:247,,,
cite:vaswani2017attention@tex247,citation,vaswani2017attention,vaswani2017attention,Detectors,citation,tex:247,,,
cite:ruff2018deep@tex250,citation,ruff2018deep,ruff2018deep,Detectors,citation,tex:250,,,
cite:scholkopf2001estimating@tex250,citation,scholkopf2001estimating,scholkopf2001estimating,Detectors,citation,tex:250,,,
cite:vovk2005algorithmic@tex254,citation,vovk2005algorithmic,vovk2005algorithmic,Conformal Calibration,citation,tex:254,,,
cite:arpa2024ferrara@tex472,citation,arpa2024ferrara,arpa2024ferrara,Generalization to University of Ferrara ($n=6$ bearings),citation,tex:472,,,
cite:saxena2008metrics@tex714,citation,saxena2008metrics,saxena2008metrics,Comparison with the Saxena Prognostic Horizon,citation,tex:714,,,
cite:saxena2010metrics@tex714,citation,saxena2010metrics,saxena2010metrics,Comparison with the Saxena Prognostic Horizon,citation,tex:714,,,
