item_id,item_type,group_id,value,section,location_kind,location,context,claim_ids,protected
S00.001,sentence,,,"Front matter: title, abstract, keywords",body,"Front matter: title, abstract, keywords","A Latch-On-Resistant, False-Alarm-Gated Lead-Time Metric for Bearing Anomaly Detection — and What It Reveals About SCADA-Rate Logging Ansh Goyal1 1 Jaypee Institute of Information Technology, Noida, India anshgoyal500@gmail.com ABSTRACT Bearing anomaly detectors are usually scored by classification accuracy, which ignores how early a warning arrives and at what false-alarm cost.",C001;C003;C004,
S00.001.n01,number,1,1,"Front matter: title, abstract, keywords",body,"Front matter: title, abstract, keywords","A Latch-On-Resistant, False-Alarm-Gated Lead-Time Metric for Bearing Anomaly Detection — and What It Reveals About SCADA-Rate Logging Ansh Goyal1 1 Jaypee Institute of Information Technology, Noida, India anshgoyal500@gmail.com ABSTRACT Bearing anomaly detectors are usually scored by classification accuracy, which ignores how early a warning arrives and at what false-alarm cost.",,
S00.002,sentence,,,"Front matter: title, abstract, keywords",body,"Front matter: title, abstract, keywords","We make lead time the primary evaluation object with a latch-on-resistant, false-alarm-gated metric: warning time counts only when the pre-onset false-alarm rate is within a budget τ , so a constant-on detector is provably invalid.",C002;C003;C004;C084,
S00.003,sentence,,,"Front matter: title, abstract, keywords",body,"Front matter: title, abstract, keywords",With it we test whether a SCADA historian’s bin-averaged logging destroys lead time relative to decimation.,C007,
S00.004,sentence,,,"Front matter: title, abstract, keywords",body,"Front matter: title, abstract, keywords","Eleven detectors—four statistical process control (SPC) charts, Isolation Forest, three deep reconstruction autoencoders, a root-mean-square (RMS) trend baseline and two one-class models—run under a controlled sampling sweep on four inferential datasets: XJTU-SY (n = 10), FEMTO/PRONOSTIA (n = 6), University of Ferrara (n = 6) and NASA IMS (n = 3).",C011;C013,
S00.004.n01,number,10,10,"Front matter: title, abstract, keywords",body,"Front matter: title, abstract, keywords","Eleven detectors—four statistical process control (SPC) charts, Isolation Forest, three deep reconstruction autoencoders, a root-mean-square (RMS) trend baseline and two one-class models—run under a controlled sampling sweep on four inferential datasets: XJTU-SY (n = 10), FEMTO/PRONOSTIA (n = 6), University of Ferrara (n = 6) and NASA IMS (n = 3).",,
S00.004.n02,number,6,6,"Front matter: title, abstract, keywords",body,"Front matter: title, abstract, keywords","Eleven detectors—four statistical process control (SPC) charts, Isolation Forest, three deep reconstruction autoencoders, a root-mean-square (RMS) trend baseline and two one-class models—run under a controlled sampling sweep on four inferential datasets: XJTU-SY (n = 10), FEMTO/PRONOSTIA (n = 6), University of Ferrara (n = 6) and NASA IMS (n = 3).",,
S00.004.n03,number,6,6,"Front matter: title, abstract, keywords",body,"Front matter: title, abstract, keywords","Eleven detectors—four statistical process control (SPC) charts, Isolation Forest, three deep reconstruction autoencoders, a root-mean-square (RMS) trend baseline and two one-class models—run under a controlled sampling sweep on four inferential datasets: XJTU-SY (n = 10), FEMTO/PRONOSTIA (n = 6), University of Ferrara (n = 6) and NASA IMS (n = 3).",,
S00.004.n04,number,3,3,"Front matter: title, abstract, keywords",body,"Front matter: title, abstract, keywords","Eleven detectors—four statistical process control (SPC) charts, Isolation Forest, three deep reconstruction autoencoders, a root-mean-square (RMS) trend baseline and two one-class models—run under a controlled sampling sweep on four inferential datasets: XJTU-SY (n = 10), FEMTO/PRONOSTIA (n = 6), University of Ferrara (n = 6) and NASA IMS (n = 3).",,
S00.005,sentence,,,"Front matter: title, abstract, keywords",body,"Front matter: title, abstract, keywords",On IMS the variance-sensitive charts shift positively (3σ +15.1 h) but inconsistently across runs; no test survives Holm correction (N = 44; 0 of 44).,C039;C041;C042;C043,
S00.005.n01,number,15.1,+15.1,"Front matter: title, abstract, keywords",body,"Front matter: title, abstract, keywords",On IMS the variance-sensitive charts shift positively (3σ +15.1 h) but inconsistently across runs; no test survives Holm correction (N = 44; 0 of 44).,,
S00.005.n02,number,44,44,"Front matter: title, abstract, keywords",body,"Front matter: title, abstract, keywords",On IMS the variance-sensitive charts shift positively (3σ +15.1 h) but inconsistently across runs; no test survives Holm correction (N = 44; 0 of 44).,,
S00.005.n03,number,0,0,"Front matter: title, abstract, keywords",body,"Front matter: title, abstract, keywords",On IMS the variance-sensitive charts shift positively (3σ +15.1 h) but inconsistently across runs; no test survives Holm correction (N = 44; 0 of 44).,,
S00.005.n04,number,44,44,"Front matter: title, abstract, keywords",body,"Front matter: title, abstract, keywords",On IMS the variance-sensitive charts shift positively (3σ +15.1 h) but inconsistently across runs; no test survives Holm correction (N = 44; 0 of 44).,,
S00.006,sentence,,,"Front matter: title, abstract, keywords",body,"Front matter: title, abstract, keywords","Against a pre-specified ±1 h margin, the resolution at which a planner can act, the difference is equivalent to zero in all 33 cells of the three multi-bearing campaigns, none favouring decimation beyond -0.45 h; IMS is too wide to decide in 9 of 11 cells and favours aggregation beyond the margin in 2.",C045;C046;C047;C049,
S00.006.n01,number,±1,±1,"Front matter: title, abstract, keywords",body,"Front matter: title, abstract, keywords","Against a pre-specified ±1 h margin, the resolution at which a planner can act, the difference is equivalent to zero in all 33 cells of the three multi-bearing campaigns, none favouring decimation beyond -0.45 h; IMS is too wide to decide in 9 of 11 cells and favours aggregation beyond the margin in 2.",,
S00.006.n02,number,33,33,"Front matter: title, abstract, keywords",body,"Front matter: title, abstract, keywords","Against a pre-specified ±1 h margin, the resolution at which a planner can act, the difference is equivalent to zero in all 33 cells of the three multi-bearing campaigns, none favouring decimation beyond -0.45 h; IMS is too wide to decide in 9 of 11 cells and favours aggregation beyond the margin in 2.",,
S00.006.n03,number,-0.45,-0.45,"Front matter: title, abstract, keywords",body,"Front matter: title, abstract, keywords","Against a pre-specified ±1 h margin, the resolution at which a planner can act, the difference is equivalent to zero in all 33 cells of the three multi-bearing campaigns, none favouring decimation beyond -0.45 h; IMS is too wide to decide in 9 of 11 cells and favours aggregation beyond the margin in 2.",,
S00.006.n04,number,9,9,"Front matter: title, abstract, keywords",body,"Front matter: title, abstract, keywords","Against a pre-specified ±1 h margin, the resolution at which a planner can act, the difference is equivalent to zero in all 33 cells of the three multi-bearing campaigns, none favouring decimation beyond -0.45 h; IMS is too wide to decide in 9 of 11 cells and favours aggregation beyond the margin in 2.",,
S00.006.n05,number,11,11,"Front matter: title, abstract, keywords",body,"Front matter: title, abstract, keywords","Against a pre-specified ±1 h margin, the resolution at which a planner can act, the difference is equivalent to zero in all 33 cells of the three multi-bearing campaigns, none favouring decimation beyond -0.45 h; IMS is too wide to decide in 9 of 11 cells and favours aggregation beyond the margin in 2.",,
S00.006.n06,number,2,2,"Front matter: title, abstract, keywords",body,"Front matter: title, abstract, keywords","Against a pre-specified ±1 h margin, the resolution at which a planner can act, the difference is equivalent to zero in all 33 cells of the three multi-bearing campaigns, none favouring decimation beyond -0.45 h; IMS is too wide to decide in 9 of 11 cells and favours aggregation beyond the margin in 2.",,
S00.007,sentence,,,"Front matter: title, abstract, keywords",body,"Front matter: title, abstract, keywords",A single gas-turbine record of the Oil and Natural Gas Corporation (ONGC) cannot be tested.,,
S00.008,sentence,,,"Front matter: title, abstract, keywords",body,"Front matter: title, abstract, keywords","The powered campaigns are short-lived bearings, on which an IMS-sized effect could not appear, so the null bounds the effect at minutes, not hours.",C019,
S00.009,sentence,,,"Front matter: title, abstract, keywords",body,"Front matter: title, abstract, keywords","On these bearings deep models do not overtake the charts at any training fraction in [0.20, 0.60]; long-runway assets remain open.",C051,
S00.009.n01,number,0.20,0.20,"Front matter: title, abstract, keywords",body,"Front matter: title, abstract, keywords","On these bearings deep models do not overtake the charts at any training fraction in [0.20, 0.60]; long-runway assets remain open.",,
S00.009.n02,number,0.60,0.60,"Front matter: title, abstract, keywords",body,"Front matter: title, abstract, keywords","On these bearings deep models do not overtake the charts at any training fraction in [0.20, 0.60]; long-runway assets remain open.",,
S00.010,sentence,,,"Front matter: title, abstract, keywords",body,"Front matter: title, abstract, keywords",Code and results: https://github.com/ Ansh-Goyal01/Scada-Leadtime-Benchmark.,C054,
S00.011,sentence,,,"Front matter: title, abstract, keywords",body,"Front matter: title, abstract, keywords","Keywords: bearing anomaly detection, lead-time metric, false-alarm gating, SCADA historian, prognostic horizon, statistical process control, conformal prediction",C056,
S01.001,sentence,,,Introduction,body,Introduction,"Condition-based maintenance (CBM) and prognostics and health management (PHM) replace fixed-interval servicing with data-driven intervention, reducing both unplanned downtime and unnecessary maintenance (Jardine, Lin, & Banjevic, 2006; Lee et al., 2014; Lei et al., 2018).",,
S01.002,sentence,,,Introduction,body,Introduction,"Rollingelement bearings are the most common failure mode in rotating machinery, and statistical control charts, classical machine learning and deep models are all used to detect incipient bearing faults from vibration (Randall & Antoni, 2011; Zhao et al., 2019).",,
S01.003,sentence,,,Introduction,body,Introduction,"A warning delivered hours or days before a catastrophic seizure lets an operator schedule an orderly shutdown, order parts and avoid secondary damage to shafts, housings and couplings.",,
S01.004,sentence,,,Introduction,body,Introduction,"Yet most published detectors are evaluated with classification metrics—accuracy, precision/recall and receiver operating characteristic area under the curve (ROC-AUC)—which answer “was the failure detected?” but not the planner’s question: “how many hours of warning did we get, and how often did the system cry wolf?",C001,
S01.005,sentence,,,Introduction,body,Introduction,A detector that warns 48 h ahead at a low nuisance-alarm rate is operationally distinct from one that fires minutes before breakdown or one that alarms every day.,,
S01.005.n01,number,48,48,Introduction,body,Introduction,A detector that warns 48 h ahead at a low nuisance-alarm rate is operationally distinct from one that fires minutes before breakdown or one that alarms every day.,,
S01.006,sentence,,,Introduction,body,Introduction,"Time-aware prognostic metrics have long been advocated (Saxena et al., 2008; Saxena, Celaya, Saha, Saha, & Goebel, 2010; Goebel, Saha, & Saxena, 2011), yet lead time is rarely the headline quantity in detector benchmarks, and ad hoc definitions are easy to game: without a false-alarm constraint, a detector that alarms from the first sample—a “latchon” exploit—earns the full run length as lead time while being operationally useless.",C004;C056,
S01.007,sentence,,,Introduction,body,Introduction,A second question is practical.,,
S01.008,sentence,,,Introduction,body,Introduction,"Industrial Supervisory Control and Data Acquisition (SCADA) historians rarely store raw high-rate vibration; they keep decimated or time-averaged summaries at a logging interval of seconds to minutes (Tautz-Weinert & Watson, 2017), not the tens of kilohertz at which accelerometers sample.",,
S01.009,sentence,,,Introduction,body,Introduction,"The folklore concern is that bin-averaging these summaries washes out the excursions that signal an incipient spall, so that long-term storage would blind any prognostic algorithm that consumes the historian.",C007,
S01.010,sentence,,,Introduction,body,Introduction,To our knowledge this has not been tested with a sound lead-time metric across multiple datasets.,,
S01.011,sentence,,,Introduction,body,Introduction,"If averaging is harmless, operators can store compact, cheap, bin-averaged streams without sacrificing warning time; if it is harmful, prognostics-grade monitoring requires separate high-rate acquisition.",C008,
S01.012,sentence,,,Introduction,body,Introduction,We answer both questions.,,
S01.013,sentence,,,Introduction,body,Introduction,"Lead time gated by a leakage-free pre-onset false-alarm rate is the primary metric, so the latchon detector is provably scored invalid rather than winning.",C002;C023,
S01.014,sentence,,,Introduction,body,Introduction,"Under it we run a controlled sampling sweep that holds window content and alarm persistence constant, over nine headline detectors (four SPC charts, Isolation Forest, three deep reconstruction autoencoders and an RMS-trend baseline) plus two additionally evaluated one-class models, Deep SVDD (deep support vector data description) and a one-class support vector machine (SVM), on four inferential run-to-failure datasets—XJTU-SY (n = 10), FEMTO/PRONOSTIA (n = 6), University of Ferrara (n = 6) and NASA IMS (n = 3)— and a real single-asset ONGC gas-turbine SCADA record analyzed as a case study (Appendix D.2), with run-level significance tests (the run, not the within-run sampling factor, is the unit of inference) and Holm correction.",C012;C013;C014;C033;C035;C039,
S01.014.n01,number,10,10,Introduction,body,Introduction,"Under it we run a controlled sampling sweep that holds window content and alarm persistence constant, over nine headline detectors (four SPC charts, Isolation Forest, three deep reconstruction autoencoders and an RMS-trend baseline) plus two additionally evaluated one-class models, Deep SVDD (deep support vector data description) and a one-class support vector machine (SVM), on four inferential run-to-failure datasets—XJTU-SY (n = 10), FEMTO/PRONOSTIA (n = 6), University of Ferrara (n = 6) and NASA IMS (n = 3)— and a real single-asset ONGC gas-turbine SCADA record analyzed as a case study (Appendix D.2), with run-level significance tests (the run, not the within-run sampling factor, is the unit of inference) and Holm correction.",,
S01.014.n02,number,6,6,Introduction,body,Introduction,"Under it we run a controlled sampling sweep that holds window content and alarm persistence constant, over nine headline detectors (four SPC charts, Isolation Forest, three deep reconstruction autoencoders and an RMS-trend baseline) plus two additionally evaluated one-class models, Deep SVDD (deep support vector data description) and a one-class support vector machine (SVM), on four inferential run-to-failure datasets—XJTU-SY (n = 10), FEMTO/PRONOSTIA (n = 6), University of Ferrara (n = 6) and NASA IMS (n = 3)— and a real single-asset ONGC gas-turbine SCADA record analyzed as a case study (Appendix D.2), with run-level significance tests (the run, not the within-run sampling factor, is the unit of inference) and Holm correction.",,
S01.014.n03,number,6,6,Introduction,body,Introduction,"Under it we run a controlled sampling sweep that holds window content and alarm persistence constant, over nine headline detectors (four SPC charts, Isolation Forest, three deep reconstruction autoencoders and an RMS-trend baseline) plus two additionally evaluated one-class models, Deep SVDD (deep support vector data description) and a one-class support vector machine (SVM), on four inferential run-to-failure datasets—XJTU-SY (n = 10), FEMTO/PRONOSTIA (n = 6), University of Ferrara (n = 6) and NASA IMS (n = 3)— and a real single-asset ONGC gas-turbine SCADA record analyzed as a case study (Appendix D.2), with run-level significance tests (the run, not the within-run sampling factor, is the unit of inference) and Holm correction.",,
S01.014.n04,number,3,3,Introduction,body,Introduction,"Under it we run a controlled sampling sweep that holds window content and alarm persistence constant, over nine headline detectors (four SPC charts, Isolation Forest, three deep reconstruction autoencoders and an RMS-trend baseline) plus two additionally evaluated one-class models, Deep SVDD (deep support vector data description) and a one-class support vector machine (SVM), on four inferential run-to-failure datasets—XJTU-SY (n = 10), FEMTO/PRONOSTIA (n = 6), University of Ferrara (n = 6) and NASA IMS (n = 3)— and a real single-asset ONGC gas-turbine SCADA record analyzed as a case study (Appendix D.2), with run-level significance tests (the run, not the within-run sampling factor, is the unit of inference) and Holm correction.",,
S01.015,sentence,,,Introduction,body,Introduction,The folklore is refuted on every dataset tested: historian-style aggregation does not destroy lead time.,C007;C009;C053,
S01.016,sentence,,,Introduction,body,Introduction,"The difference is negligible on the multi-bearing sets, positive but inconsistent in direction on IMS, and consistent with non-destruction on the turbine record.",C042;C053,
S01.017,sentence,,,Introduction,body,Introduction,"The defensible conclusion is bounded nondestruction: no dataset × detector cell shows decimation superior beyond a ±1 h operational margin, the resolution at which a planner can act (Section 6.4).",C047;C048,
S01.017.n01,number,±1,±1,Introduction,body,Introduction,"The defensible conclusion is bounded nondestruction: no dataset × detector cell shows decimation superior beyond a ±1 h operational margin, the resolution at which a planner can act (Section 6.4).",,
S01.018,sentence,,,Introduction,body,Introduction,"A latch-on-resistant, false-alarm-gated, onset-relative lead-time metric, crediting warning time only when the false-alarm rate over a data-anchored, leakage-free pre-onset region is within a stated budget.",C003;C004;C023,
S01.019,sentence,,,Introduction,body,Introduction,"A constant-on detector is provably invalid and one firing just after the true onset is valid at zero false-alarm rate, by construction and by a released unit test.",C004;C005,
S01.020,sentence,,,Introduction,body,Introduction,We do not claim the metric is unconditionally ungameable (Section 8). 2.,C006,
S01.020.n01,number,2,2,Introduction,body,Introduction,We do not claim the metric is unconditionally ungameable (Section 8). 2.,,
S01.021,sentence,,,Introduction,body,Introduction,"A formal comparison showing that gating changes the answer, to our knowledge the first: the ungated Saxena prognostic horizon (PH) makes a different and operationally misleading recommendation (Section 6.11).",C056,
S01.022,sentence,,,Introduction,body,Introduction,"On IMS the seven detectors PH ranks highest—the deep models, the one-class SVM, Hotelling T 2, Isolation Forest and the exponentially weighted moving average (EWMA) chart—have no valid operating point at a 10% budget; the gated metric picks 3σ, PH’s eighth. 3.",C056;C084,
S01.022.n01,number,10%,10%,Introduction,body,Introduction,"On IMS the seven detectors PH ranks highest—the deep models, the one-class SVM, Hotelling T 2, Isolation Forest and the exponentially weighted moving average (EWMA) chart—have no valid operating point at a 10% budget; the gated metric picks 3σ, PH’s eighth. 3.",,
S01.022.n02,number,3,3,Introduction,body,Introduction,"On IMS the seven detectors PH ranks highest—the deep models, the one-class SVM, Hotelling T 2, Isolation Forest and the exponentially weighted moving average (EWMA) chart—have no valid operating point at a 10% budget; the gated metric picks 3σ, PH’s eighth. 3.",,
S01.023,sentence,,,Introduction,body,Introduction,"A controlled SCADA-sampling methodology holding window content and alarm persistence constant, so an aggregate-vs-decimate difference reflects information loss rather than a window-counting artifact of coarser time grids. 4.",C033,
S01.023.n01,number,4,4,Introduction,body,Introduction,"A controlled SCADA-sampling methodology holding window content and alarm persistence constant, so an aggregate-vs-decimate difference reflects information loss rather than a window-counting artifact of coarser time grids. 4.",,
S01.024,sentence,,,Introduction,body,Introduction,"A multi-dataset null result: with bootstrap confidence intervals and run-level tests, SCADA-rate aggregation does not destroy lead time on any of the four inferential datasets, and nothing survives Holm correction across the N = 44 family. 5.",C007;C013;C039;C043;C053,
S01.024.n01,number,44,44,Introduction,body,Introduction,"A multi-dataset null result: with bootstrap confidence intervals and run-level tests, SCADA-rate aggregation does not destroy lead time on any of the four inferential datasets, and nothing survives Holm correction across the N = 44 family. 5.",,
S01.024.n02,number,5,5,Introduction,body,Introduction,"A multi-dataset null result: with bootstrap confidence intervals and run-level tests, SCADA-rate aggregation does not destroy lead time on any of the four inferential datasets, and nothing survives Holm correction across the N = 44 family. 5.",,
S01.025,sentence,,,Introduction,body,Introduction,"Validation of a conformal detector for distribution-free false-alarm control; a lead-time-vs-false-alarm trade-off analysis; feature-group and spectral ablations that localize the prognostic signal to time-domain statistics on IMS; and deep reconstruction models (a long short-term memory (LSTM) autoencoder, a temporal convolutional network autoencoder (TCN-AE) and a transformer anomaly detector) that do not become competitive with SPC charts at training fractions in [0.20, 0.60] on short-lived bearings, a crossover on long-runway assets remaining open (Section 6.12).",C019;C032;C051,
S01.025.n01,number,0.20,0.20,Introduction,body,Introduction,"Validation of a conformal detector for distribution-free false-alarm control; a lead-time-vs-false-alarm trade-off analysis; feature-group and spectral ablations that localize the prognostic signal to time-domain statistics on IMS; and deep reconstruction models (a long short-term memory (LSTM) autoencoder, a temporal convolutional network autoencoder (TCN-AE) and a transformer anomaly detector) that do not become competitive with SPC charts at training fractions in [0.20, 0.60] on short-lived bearings, a crossover on long-runway assets remaining open (Section 6.12).",,
S01.025.n02,number,0.60,0.60,Introduction,body,Introduction,"Validation of a conformal detector for distribution-free false-alarm control; a lead-time-vs-false-alarm trade-off analysis; feature-group and spectral ablations that localize the prognostic signal to time-domain statistics on IMS; and deep reconstruction models (a long short-term memory (LSTM) autoencoder, a temporal convolutional network autoencoder (TCN-AE) and a transformer anomaly detector) that do not become competitive with SPC charts at training fractions in [0.20, 0.60] on short-lived bearings, a crossover on long-runway assets remaining open (Section 6.12).",,
S01.026,sentence,,,Introduction,body,Introduction,Scope of claims.,,
S01.027,sentence,,,Introduction,body,Introduction,"The results are for rolling-element bearings under approximately steady operating conditions; we make no claim of transfer to gearboxes, blades or variablespeed machinery, and the sampling question is specifically bin-averaged versus decimated historian storage.",C010,
S01.028,sentence,,,Introduction,body,Introduction,The metric itself is failure-mode-agnostic: it applies wherever a run-tofailure trajectory and a stationary normal region exist.,C010;C086,
S01.029,sentence,,,Introduction,body,Introduction,Our working hypothesis was that bin-averaging the stored summary series would wash out incipient-fault excursions and shorten lead time.,C009;C034,
S01.030,sentence,,,Introduction,body,Introduction,"It does not, and we report the refutation, with its dataset-dependent direction explicit, as more valuable than a tidy but unsupported positive claim.",C009,
S03.001,sentence,,,"Prognostics, CBM, and Lead-Time Metrics",body,"Prognostics, CBM, and Lead-Time Metrics","Reviews of machinery diagnostics and prognostics (Jardine et al., 2006; Lee et al., 2014; Lei et al., 2018) and of remaininguseful-life (RUL) estimation (Si, Wang, Hu, & Zhou, 2011) establish the CBM/PHM framing in which a health indicator is tracked and an alarm or RUL estimate is produced.",,
S03.002,sentence,,,"Prognostics, CBM, and Lead-Time Metrics",body,"Prognostics, CBM, and Lead-Time Metrics",Saxena et al.,C056,
S03.003,sentence,,,"Prognostics, CBM, and Lead-Time Metrics",body,"Prognostics, CBM, and Lead-Time Metrics","(2008), Saxena et al.",C056,
S03.004,sentence,,,"Prognostics, CBM, and Lead-Time Metrics",body,"Prognostics, CBM, and Lead-Time Metrics",(2010) and Goebel et al.,,
S03.005,sentence,,,"Prognostics, CBM, and Lead-Time Metrics",body,"Prognostics, CBM, and Lead-Time Metrics","(2011) propose prognostic-performance metrics (prognostic horizon, α-λ accuracy, relative accuracy and timeliness) that reward early, well-calibrated predictions.",C056,
S03.006,sentence,,,"Prognostics, CBM, and Lead-Time Metrics",body,"Prognostics, CBM, and Lead-Time Metrics","Our onset-relative lead time is in this spirit: it measures warning time relative to a degradation event, not an arbitrary positional marker.",,
S03.007,sentence,,,"Prognostics, CBM, and Lead-Time Metrics",body,"Prognostics, CBM, and Lead-Time Metrics","We depart from prior practice by making the false-alarm budget part of the metric’s validity condition rather than a separately reported number, which closes the latch-on loophole, and we give what is to our knowledge the first formal comparison showing that an ungated prognostic horizon ranks detectors differently, and misleadingly, from a false-alarmbudgeted metric (Section 6.11).",C003;C004;C056,
S03.008,sentence,,,"Prognostics, CBM, and Lead-Time Metrics",body,"Prognostics, CBM, and Lead-Time Metrics",The cost asymmetry between a missed detection and a false alarm has been treated explicitly outside bearing prognostics.,,
S03.009,sentence,,,"Prognostics, CBM, and Lead-Time Metrics",body,"Prognostics, CBM, and Lead-Time Metrics","The Numenta Anomaly Benchmark (Lavin & Ahmad, 2015) scores streaming detectors under an application profile that rewards early detection and penalises false positives, making our gate’s commitment in another domain: earliness cannot be assessed independently of nuisance-alarm behaviour.",C055,
S03.010,sentence,,,"Prognostics, CBM, and Lead-Time Metrics",body,"Prognostics, CBM, and Lead-Time Metrics",The difference is structural.,,
S03.011,sentence,,,"Prognostics, CBM, and Lead-Time Metrics",body,"Prognostics, CBM, and Lead-Time Metrics","That benchmark folds both into one weighted score, so a detector may trade false alarms against earliness and still rank well; our budget is a validity condition, and an alarm outside it earns no credit that a longer lead can offset.",C003,
S03.012,sentence,,,"Prognostics, CBM, and Lead-Time Metrics",body,"Prognostics, CBM, and Lead-Time Metrics",A parallel line of work revises evaluation itself for time-series detection.,,
S03.013,sentence,,,"Prognostics, CBM, and Lead-Time Metrics",body,"Prognostics, CBM, and Lead-Time Metrics","Tatbul, Lee, Zdonik, Alam, and Gottschlich (2018) generalise precision and recall from points to ranges with a tunable positional bias, so early detection within an anomalous interval can be rewarded, and Wu and Keogh (2023) argue that widely used benchmarks admit trivial solutions and overstate progress.",C055,
S03.014,sentence,,,"Prognostics, CBM, and Lead-Time Metrics",body,"Prognostics, CBM, and Lead-Time Metrics","Our metric shares the diagnosis but reports a physical quantity—hours of warning—that a planner can act on, rather than a score on a bounded scale, and the false-alarm constraint gates validity rather than weighting the score.",,
S04.001,sentence,,,Anomaly Detectors and Control Charts,body,Anomaly Detectors and Control Charts,"Univariate and multivariate statistical-process-control charts—the 3σ rule, the exponentially weighted moving average (EWMA) (Roberts, 1959) and Hotelling’s T 2 (Hotelling, 1947)—remain workhorses of industrial monitoring (Montgomery, 2009) because they are interpretable and need little training data.",,
S04.002,sentence,,,Anomaly Detectors and Control Charts,body,Anomaly Detectors and Control Charts,"Isolation Forest (Liu, Ting, & Zhou, 2008) and the one-class SVM (Schölkopf, Platt, ShaweTaylor, Smola, & Williamson, 2001) are widely deployed unsupervised learners; LSTM autoencoders (Hochreiter & Schmidhuber, 1997; Malhotra et al., 2016; Hundman, Constantinou, Laporte, Colwell, & Soderstrom, 2018) and Deep SVDD (Ruff et al., 2018) have been applied to machine-health monitoring (Zhao et al., 2019).",,
S04.003,sentence,,,Anomaly Detectors and Control Charts,body,Anomaly Detectors and Control Charts,"We evaluate both families under one fixed hyperparameter protocol, so the comparison is about evaluation and sampling, not tuning.",C031,
S04.004,sentence,,,Anomaly Detectors and Control Charts,body,Anomaly Detectors and Control Charts,Relation to published FEMTO/XJTU results.,,
S04.005,sentence,,,Anomaly Detectors and Control Charts,body,Anomaly Detectors and Control Charts,"The IEEE PHM 2012 challenge and later remaining-useful-life (RUL) studies on FEMTO/PRONOSTIA and XJTU-SY (Wang, Lei, Li, & Li, 2020; Nectoux et al., 2012) report a RUL-error score on deliberately truncated Test and Validation copies.",C017;C058,
S04.005.n01,number,2012,2012,Anomaly Detectors and Control Charts,body,Anomaly Detectors and Control Charts,"The IEEE PHM 2012 challenge and later remaining-useful-life (RUL) studies on FEMTO/PRONOSTIA and XJTU-SY (Wang, Lei, Li, & Li, 2020; Nectoux et al., 2012) report a RUL-error score on deliberately truncated Test and Validation copies.",,
S04.006,sentence,,,Anomaly Detectors and Control Charts,body,Anomaly Detectors and Control Charts,"It is not comparable to ours: they estimate a continuous RUL on runs with no observed failure and report no false-alarm rate, so their scores say nothing about whether an alarm would survive our τ gate, whereas we measure early-warning lead time on complete run-to-failure trajectories; tabulating one against the other would be a category error.",C058,
S04.007,sentence,,,Anomaly Detectors and Control Charts,body,Anomaly Detectors and Control Charts,"The classic normalized-RMS health indicator with a first-prediction-time threshold, the baseline underlying most of that literature, is our rms_trend detector; re-evaluating specific published architectures under the gated metric (which requires their original code) is future work.",C084;C122,
S04.008,sentence,,,Anomaly Detectors and Control Charts,body,Anomaly Detectors and Control Charts,The pairing of detection delay with a false-alarm constraint is the founding formulation of sequential change detection.,,
S04.009,sentence,,,Anomaly Detectors and Control Charts,body,Anomaly Detectors and Control Charts,"Lorden (1971) posed the minimax problem of minimising worst-case detection delay subject to a lower bound on the average run length to false alarm, Moustakides (1986) showed that the cumulative sum (CUSUM) chart of Page (1954) is exactly optimal under that criterion, and Pollak (1985) gives the corresponding result for a revised delay measure.",C055,
S04.010,sentence,,,Anomaly Detectors and Control Charts,body,Anomaly Detectors and Control Charts,"Our gate inherits the premise but applies it when a detector is scored, against a rate measured on the data, rather than when it is designed by choosing a threshold that meets a run-length bound.",,
S04.011,sentence,,,Anomaly Detectors and Control Charts,body,Anomaly Detectors and Control Charts,"The two can disagree: CUSUM has no valid operating point on IMS at a 10% budget, because its pre-onset false-alarm rate sits at 19.0-19.8% across every threshold we sweep. 2.3.",C057,
S04.011.n01,number,10%,10%,Anomaly Detectors and Control Charts,body,Anomaly Detectors and Control Charts,"The two can disagree: CUSUM has no valid operating point on IMS at a 10% budget, because its pre-onset false-alarm rate sits at 19.0-19.8% across every threshold we sweep. 2.3.",,
S04.011.n02,number,19.0,19.0,Anomaly Detectors and Control Charts,body,Anomaly Detectors and Control Charts,"The two can disagree: CUSUM has no valid operating point on IMS at a 10% budget, because its pre-onset false-alarm rate sits at 19.0-19.8% across every threshold we sweep. 2.3.",,
S04.011.n03,number,19.8%,19.8%,Anomaly Detectors and Control Charts,body,Anomaly Detectors and Control Charts,"The two can disagree: CUSUM has no valid operating point on IMS at a 10% budget, because its pre-onset false-alarm rate sits at 19.0-19.8% across every threshold we sweep. 2.3.",,
S04.011.n04,number,2.3,2.3,Anomaly Detectors and Control Charts,body,Anomaly Detectors and Control Charts,"The two can disagree: CUSUM has no valid operating point on IMS at a 10% budget, because its pre-onset false-alarm rate sits at 19.0-19.8% across every threshold we sweep. 2.3.",,
S04.012,sentence,,,Anomaly Detectors and Control Charts,body,Anomaly Detectors and Control Charts,Uncertainty Quantification and Conformal Prediction,,
S05.001,sentence,,,Uncertainty Quantification and Conformal Prediction,body,Uncertainty Quantification and Conformal Prediction,"Conformal prediction (Vovk, Gammerman, & Shafer, 2005; Laxhammar & Falkman, 2014) bounds the false-alarm rate by a target α under exchangeability, converting a raw score into an alarm with an interpretable, finite-sample guarantee.",C032,
S05.002,sentence,,,Uncertainty Quantification and Conformal Prediction,body,Uncertainty Quantification and Conformal Prediction,"We wire conformal calibration into the lead-time pipeline and test the guarantee empirically across runs, including a run where exchangeability provably fails because the “normal” region already contains degradation.",C032,
S06.001,sentence,,,Vibration Features,body,Vibration Features,"Bearing-defect frequencies, spectral kurtosis (Antoni, 2006) and envelope (demodulation) analysis (Randall & Antoni, 2011) are the classical frequency-domain tools for bearing diagnostics.",,
S06.002,sentence,,,Vibration Features,body,Vibration Features,"We include fast Fourier transform (FFT) band energies, spectral kurtosis and Hilbert-envelope amplitudes at the bearing characteristic frequencies, and ablate them against time-domain statistics to see which family carries prognostic lead time under the gated metric.",C084,
S07.001,sentence,,,SCADA-Based Condition Monitoring,body,SCADA-Based Condition Monitoring,"Tautz-Weinert and Watson (2017) review SCADA-data condition monitoring and note that historian aggregation is a recognized but under-quantified concern: practitioners suspect that coarse averaging hurts fault detection, but the effect has not been measured with a principled warning-time metric.",,
S07.002,sentence,,,SCADA-Based Condition Monitoring,body,SCADA-Based Condition Monitoring,"We address this gap and find that, for bearing faults, the concern is not borne out.",,
S08.001,sentence,,,Datasets,body,Datasets,"We use four inferential run-to-failure datasets and a singleasset real-historian case study (Table 1), chosen so the sampling claim is tested under different conditions: a highrate raw-waveform rig where aggregation can be simulated faithfully (IMS), two multi-bearing campaigns (XJTU-SY and FEMTO/PRONOSTIA) that supply the statistical power a three-run rig cannot, a second modern constant-condition rig (Ferrara), and a historian stream that already is SCADArate data (ONGC, Appendix D.2).",C013;C014,
S08.002,sentence,,,Datasets,body,Datasets,"XJTU-SY (n = 10) is the primary inferential dataset; IMS (n = 3) is retained for its raw-waveform access, which permits the faithful aggregate/decimate simulation and the mechanism analysis (Appendix D.1).",C015,
S08.002.n01,number,10,10,Datasets,body,Datasets,"XJTU-SY (n = 10) is the primary inferential dataset; IMS (n = 3) is retained for its raw-waveform access, which permits the faithful aggregate/decimate simulation and the mechanism analysis (Appendix D.1).",,
S08.002.n02,number,3,3,Datasets,body,Datasets,"XJTU-SY (n = 10) is the primary inferential dataset; IMS (n = 3) is retained for its raw-waveform access, which permits the faithful aggregate/decimate simulation and the mechanism analysis (Appendix D.1).",,
S08.003,sentence,,,Datasets,body,Datasets,"The NASA/IMS dataset (Qiu, Lee, Lin, & Yu, 2006) provides raw 20.48 kHz accelerometer waveforms for three run-to-failure tests on a shaft loaded with four bearings, so frequency-domain features (spectral kurtosis, envelope) are meaningful; the coarsening sweep itself acts on the windowed feature vectors, not the waveform (Section 4.8).",,
S08.003.n01,number,20.48,20.48,Datasets,body,Datasets,"The NASA/IMS dataset (Qiu, Lee, Lin, & Yu, 2006) provides raw 20.48 kHz accelerometer waveforms for three run-to-failure tests on a shaft loaded with four bearings, so frequency-domain features (spectral kurtosis, envelope) are meaningful; the coarsening sweep itself acts on the windowed feature vectors, not the waveform (Section 4.8).",,
S08.004,sentence,,,Datasets,body,Datasets,The failure label of IMS test 3 is set as documented in the released repository and justified in Appendix C.,,
S08.004.n01,number,3,3,Datasets,body,Datasets,The failure label of IMS test 3 is set as documented in the released repository and justified in Appendix C.,,
S08.005,sentence,,,Datasets,body,Datasets,"The XJTU-SY dataset (Wang et al., 2020) contributes ten run-to-failure bearings under two operating conditions (five each) at 25.6 kHz, in 1.28 s snapshots once per minute.",,
S08.005.n01,number,25.6,25.6,Datasets,body,Datasets,"The XJTU-SY dataset (Wang et al., 2020) contributes ten run-to-failure bearings under two operating conditions (five each) at 25.6 kHz, in 1.28 s snapshots once per minute.",,
S08.005.n02,number,1.28,1.28,Datasets,body,Datasets,"The XJTU-SY dataset (Wang et al., 2020) contributes ten run-to-failure bearings under two operating conditions (five each) at 25.6 kHz, in 1.28 s snapshots once per minute.",,
S08.006,sentence,,,Datasets,body,Datasets,"With n = 10 it gives the strongest generalization test here; its lifetimes range widely (52-533 min), stressing the metric with both long-degrading and abrupt-failure bearings.",C019,
S08.006.n01,number,10,10,Datasets,body,Datasets,"With n = 10 it gives the strongest generalization test here; its lifetimes range widely (52-533 min), stressing the metric with both long-degrading and abrupt-failure bearings.",,
S08.006.n02,number,52,52,Datasets,body,Datasets,"With n = 10 it gives the strongest generalization test here; its lifetimes range widely (52-533 min), stressing the metric with both long-degrading and abrupt-failure bearings.",,
S08.006.n03,number,533,533,Datasets,body,Datasets,"With n = 10 it gives the strongest generalization test here; its lifetimes range widely (52-533 min), stressing the metric with both long-degrading and abrupt-failure bearings.",,
S08.007,sentence,,,Datasets,body,Datasets,"The FEMTO/PRONOSTIA platform (Nectoux et al., 2012) contributes six Learning_set bearings under three operating conditions, with horizontal and vertical accelerometers sampled at 25.6 kHz in 0.1 s snapshots every 10 s.",C017,
S08.007.n01,number,25.6,25.6,Datasets,body,Datasets,"The FEMTO/PRONOSTIA platform (Nectoux et al., 2012) contributes six Learning_set bearings under three operating conditions, with horizontal and vertical accelerometers sampled at 25.6 kHz in 0.1 s snapshots every 10 s.",,
S08.007.n02,number,0.1,0.1,Datasets,body,Datasets,"The FEMTO/PRONOSTIA platform (Nectoux et al., 2012) contributes six Learning_set bearings under three operating conditions, with horizontal and vertical accelerometers sampled at 25.6 kHz in 0.1 s snapshots every 10 s.",,
S08.007.n03,number,10,10,Datasets,body,Datasets,"The FEMTO/PRONOSTIA platform (Nectoux et al., 2012) contributes six Learning_set bearings under three operating conditions, with horizontal and vertical accelerometers sampled at 25.6 kHz in 0.1 s snapshots every 10 s.",,
S08.008,sentence,,,Datasets,body,Datasets,"Only the Learning_set bearings run to the platform’s 20 g vibration stop, so a failure, and hence a lead time, is observed; the Test_set/Validation_set copies are truncated mid-life for the IEEE PHM 2012 RUL challenge and would leave lead time undefined.",C017,
S08.008.n01,number,20,20,Datasets,body,Datasets,"Only the Learning_set bearings run to the platform’s 20 g vibration stop, so a failure, and hence a lead time, is observed; the Test_set/Validation_set copies are truncated mid-life for the IEEE PHM 2012 RUL challenge and would leave lead time undefined.",,
S08.008.n02,number,2012,2012,Datasets,body,Datasets,"Only the Learning_set bearings run to the platform’s 20 g vibration stop, so a failure, and hence a lead time, is observed; the Test_set/Validation_set copies are truncated mid-life for the IEEE PHM 2012 RUL challenge and would leave lead time undefined.",,
S08.009,sentence,,,Datasets,body,Datasets,Lifetimes span ∼1.4-7.8 h.,C019,
S08.009.n01,number,1.4,1.4,Datasets,body,Datasets,Lifetimes span ∼1.4-7.8 h.,,
S08.009.n02,number,7.8,7.8,Datasets,body,Datasets,Lifetimes span ∼1.4-7.8 h.,,
S08.010,sentence,,,Datasets,body,Datasets,"We exclude the Paderborn dataset (Lessmeier, Kimotho, Zimmer, & Sextro, 2016): its pre-damaged bearings are measured at fixed conditions for fault classification, with no degradation timeline and no failure event, so it cannot test a lead-time or sampling claim, and using it would be a category error rather than a larger dataset count.",C016;C058,
S08.011,sentence,,,Datasets,body,Datasets,University of Ferrara.,,
S08.012,sentence,,,Datasets,body,Datasets,"The Ferrara dataset (Arpa, Gabrielli, & Battarra, 2024) contributes an independent 2024 campaign: six self-aligning double-row ball bearings under constant speed and radial load, with continuous uniaxial vibration at 25.6 kHz over each bearing’s entire lifecycle (five-second contiguous snapshots).",C018,
S08.012.n01,number,2024,2024,Datasets,body,Datasets,"The Ferrara dataset (Arpa, Gabrielli, & Battarra, 2024) contributes an independent 2024 campaign: six self-aligning double-row ball bearings under constant speed and radial load, with continuous uniaxial vibration at 25.6 kHz over each bearing’s entire lifecycle (five-second contiguous snapshots).",,
S08.012.n02,number,25.6,25.6,Datasets,body,Datasets,"The Ferrara dataset (Arpa, Gabrielli, & Battarra, 2024) contributes an independent 2024 campaign: six self-aligning double-row ball bearings under constant speed and radial load, with continuous uniaxial vibration at 25.6 kHz over each bearing’s entire lifecycle (five-second contiguous snapshots).",,
S08.013,sentence,,,Datasets,body,Datasets,"Lifetimes span 0.7-6.8 h, similar to FEMTO.",C019,
S08.013.n01,number,0.7,0.7,Datasets,body,Datasets,"Lifetimes span 0.7-6.8 h, similar to FEMTO.",,
S08.013.n02,number,6.8,6.8,Datasets,body,Datasets,"Lifetimes span 0.7-6.8 h, similar to FEMTO.",,
S08.014,sentence,,,Datasets,body,Datasets,"Fixed operating conditions make it directly compatible with our onset detector without normalization; we use all six runs (E1-E6), duplicating the single channel into the two channel slots so the channel-invariant schema applies unchanged.",C020;C082;C120,
S08.015,sentence,,,Datasets,body,Datasets,"Like FEMTO and XJTU-SY, its short lifetimes mean it cannot confirm or deny the IMS positive trend.",,
S10.001,sentence,,,Problem Formulation and Notation,body,Problem Formulation and Notation,For each run we observe snapshots indexed by time t.,,
S10.002,sentence,,,Problem Formulation and Notation,body,Problem Formulation and Notation,"A feature extractor maps each snapshot (and a short trailing window) to xt ∈ Rd; a detector assigns a score st and, through a threshold and a persistence filter, an alarm indicator at ∈ {0, 1}.",C068,
S10.002.n01,number,0,0,Problem Formulation and Notation,body,Problem Formulation and Notation,"A feature extractor maps each snapshot (and a short trailing window) to xt ∈ Rd; a detector assigns a score st and, through a threshold and a persistence filter, an alarm indicator at ∈ {0, 1}.",,
S10.002.n02,number,1,1,Problem Formulation and Notation,body,Problem Formulation and Notation,"A feature extractor maps each snapshot (and a short trailing window) to xt ∈ Rd; a detector assigns a score st and, through a threshold and a persistence filter, an alarm indicator at ∈ {0, 1}.",,
S10.003,sentence,,,Problem Formulation and Notation,body,Problem Formulation and Notation,"Each run has a failure time tf and a train boundary tb, and all scaling and threshold statistics are fit on {t ≤ tb} only.",,
S10.004,sentence,,,Problem Formulation and Notation,body,Problem Formulation and Notation,We measure the lead time (how long before tf the first sustained alarm fires) and the pre-onset false-alarm rate (how often the detector alarms while the machine is still healthy).,,
S11.001,sentence,,,Channel-Invariant Feature Schema,body,Channel-Invariant Feature Schema,"Each snapshot yields per-channel time-domain statistics— RMS, kurtosis, skewness, peak-to-peak, crest factor and variance—and, for raw-waveform datasets, FFT band energies, spectral kurtosis (Antoni, 2006) and Hilbert-envelope amplitudes at the bearing characteristic frequencies (ball pass frequency outer race (BPFO), ball pass frequency inner race (BPFI), ball spin frequency (BSF) and fundamental train frequency (FTF)), computed from the dataset geometry.",,
S11.002,sentence,,,Channel-Invariant Feature Schema,body,Channel-Invariant Feature Schema,"A naive scheme that concatenates per-channel statistics and all cross-channel pairs is channel-count dependent and illposed: it gives 445 features for a 4-channel run and 1465 for an 8-channel run against only ∼100 training snapshots (p ≫ n), so it overfits, silently inflates the apparent dimensionality and is not comparable across runs.",C020,
S11.002.n01,number,445,445,Channel-Invariant Feature Schema,body,Channel-Invariant Feature Schema,"A naive scheme that concatenates per-channel statistics and all cross-channel pairs is channel-count dependent and illposed: it gives 445 features for a 4-channel run and 1465 for an 8-channel run against only ∼100 training snapshots (p ≫ n), so it overfits, silently inflates the apparent dimensionality and is not comparable across runs.",,
S11.002.n02,number,4,4,Channel-Invariant Feature Schema,body,Channel-Invariant Feature Schema,"A naive scheme that concatenates per-channel statistics and all cross-channel pairs is channel-count dependent and illposed: it gives 445 features for a 4-channel run and 1465 for an 8-channel run against only ∼100 training snapshots (p ≫ n), so it overfits, silently inflates the apparent dimensionality and is not comparable across runs.",,
S11.002.n03,number,1465,1465,Channel-Invariant Feature Schema,body,Channel-Invariant Feature Schema,"A naive scheme that concatenates per-channel statistics and all cross-channel pairs is channel-count dependent and illposed: it gives 445 features for a 4-channel run and 1465 for an 8-channel run against only ∼100 training snapshots (p ≫ n), so it overfits, silently inflates the apparent dimensionality and is not comparable across runs.",,
S11.002.n04,number,8,8,Channel-Invariant Feature Schema,body,Channel-Invariant Feature Schema,"A naive scheme that concatenates per-channel statistics and all cross-channel pairs is channel-count dependent and illposed: it gives 445 features for a 4-channel run and 1465 for an 8-channel run against only ∼100 training snapshots (p ≫ n), so it overfits, silently inflates the apparent dimensionality and is not comparable across runs.",,
S11.002.n05,number,100,100,Channel-Invariant Feature Schema,body,Channel-Invariant Feature Schema,"A naive scheme that concatenates per-channel statistics and all cross-channel pairs is channel-count dependent and illposed: it gives 445 features for a 4-channel run and 1465 for an 8-channel run against only ∼100 training snapshots (p ≫ n), so it overfits, silently inflates the apparent dimensionality and is not comparable across runs.",,
S11.003,sentence,,,Channel-Invariant Feature Schema,body,Channel-Invariant Feature Schema,"We instead aggregate each statistic family across physical channels (mean and max) and summarize each aggregated series over a rolling window by its mean, standard deviation, maximum and lineartrend slope, plus one cross-channel RMS-coherence feature: a fixed 49-dimensional space, identical for 4- and 8-channel assets and comparable across datasets (Appendix B).",C020,
S11.003.n01,number,49,49,Channel-Invariant Feature Schema,body,Channel-Invariant Feature Schema,"We instead aggregate each statistic family across physical channels (mean and max) and summarize each aggregated series over a rolling window by its mean, standard deviation, maximum and lineartrend slope, plus one cross-channel RMS-coherence feature: a fixed 49-dimensional space, identical for 4- and 8-channel assets and comparable across datasets (Appendix B).",,
S11.003.n02,number,4,4,Channel-Invariant Feature Schema,body,Channel-Invariant Feature Schema,"We instead aggregate each statistic family across physical channels (mean and max) and summarize each aggregated series over a rolling window by its mean, standard deviation, maximum and lineartrend slope, plus one cross-channel RMS-coherence feature: a fixed 49-dimensional space, identical for 4- and 8-channel assets and comparable across datasets (Appendix B).",,
S11.003.n03,number,8,8,Channel-Invariant Feature Schema,body,Channel-Invariant Feature Schema,"We instead aggregate each statistic family across physical channels (mean and max) and summarize each aggregated series over a rolling window by its mean, standard deviation, maximum and lineartrend slope, plus one cross-channel RMS-coherence feature: a fixed 49-dimensional space, identical for 4- and 8-channel assets and comparable across datasets (Appendix B).",,
S11.004,sentence,,,Channel-Invariant Feature Schema,body,Channel-Invariant Feature Schema,"A trainfit variance top-k selection (k ≤ 50) then guarantees p < n, and all scaling is fit on the training split only, so no test-region statistic leaks into the features.",C021,
S11.004.n01,number,50,50,Channel-Invariant Feature Schema,body,Channel-Invariant Feature Schema,"A trainfit variance top-k selection (k ≤ 50) then guarantees p < n, and all scaling is fit on the training split only, so no test-region statistic leaks into the features.",,
S12.001,sentence,,,Leakage-Free Degradation Onset,body,Leakage-Free Degradation Onset,Lead-time metrics that reference an arbitrary positional marker (e.g.,,
S12.002,sentence,,,Leakage-Free Degradation Onset,body,Leakage-Free Degradation Onset,"“the first 5% of the test window is normal”) are gameable, because the marker is not tied to the physics of the run.",,
S12.002.n01,number,5%,5%,Leakage-Free Degradation Onset,body,Leakage-Free Degradation Onset,"“the first 5% of the test window is normal”) are gameable, because the marker is not tied to the physics of the run.",,
S12.003,sentence,,,Leakage-Free Degradation Onset,body,Leakage-Free Degradation Onset,"We instead compute one degradation onset to per run from a scalar health indicator h(t), by default the element-wise maximum of the baseline-standardized mean- RMS and mean-kurtosis trends, so it responds to whichever degradation mode (amplitude growth or impulsiveness) appears first: ( ) h(t) = max zb[RMS](t), zb[kurt](t) , (1) where the baseline mean µb and standard deviation σb of the z-score zb[·] are estimated only on data up to tb, so to cannot see the test region.",C023,
S12.003.n01,number,1,1,Leakage-Free Degradation Onset,body,Leakage-Free Degradation Onset,"We instead compute one degradation onset to per run from a scalar health indicator h(t), by default the element-wise maximum of the baseline-standardized mean- RMS and mean-kurtosis trends, so it responds to whichever degradation mode (amplitude growth or impulsiveness) appears first: ( ) h(t) = max zb[RMS](t), zb[kurt](t) , (1) where the baseline mean µb and standard deviation σb of the z-score zb[·] are estimated only on data up to tb, so to cannot see the test region.",,
S12.004,sentence,,,Leakage-Free Degradation Onset,body,Leakage-Free Degradation Onset,"With band β = µb + kσb (default k = 4), the onset is the start of the last sustained excursion above β before failure, to = min{ t ∈ Rlast : h(t) > β }, (2) where Rlast is the final run of consecutive above-band samples, merging gaps shorter than a tolerance and requiring a minimum persistence (Algorithm 1).",C022,
S12.004.n01,number,4,4,Leakage-Free Degradation Onset,body,Leakage-Free Degradation Onset,"With band β = µb + kσb (default k = 4), the onset is the start of the last sustained excursion above β before failure, to = min{ t ∈ Rlast : h(t) > β }, (2) where Rlast is the final run of consecutive above-band samples, merging gaps shorter than a tolerance and requiring a minimum persistence (Algorithm 1).",,
S12.004.n02,number,2,2,Leakage-Free Degradation Onset,body,Leakage-Free Degradation Onset,"With band β = µb + kσb (default k = 4), the onset is the start of the last sustained excursion above β before failure, to = min{ t ∈ Rlast : h(t) > β }, (2) where Rlast is the final run of consecutive above-band samples, merging gaps shorter than a tolerance and requiring a minimum persistence (Algorithm 1).",,
S12.005,sentence,,,Leakage-Free Degradation Onset,body,Leakage-Free Degradation Onset,"Using the last sustained excursion makes the onset robust to early run-in transients and to the single trailing machine-off sample, either of which could otherwise mark a spuriously early onset.",C022,
S12.006,sentence,,,Leakage-Free Degradation Onset,body,Leakage-Free Degradation Onset,Algorithm 1 Leakage-free terminal degradation onset The terminal-excursion rule has a predictable bias.,C022;C023;C024,
S12.007,sentence,,,Leakage-Free Degradation Onset,body,Leakage-Free Degradation Onset,"For a degradation ramp of slope m the onset is late by approximately kσb/m, with a standard deviation of order σb/m.",C024,
S12.008,sentence,,,Leakage-Free Degradation Onset,body,Leakage-Free Degradation Onset,"The persistence requirement P does not enter this bias: Algorithm 1 returns min Rlast, the start of the qualifying run, so P governs which excursions are admitted, not the timestamp reported for an admitted one.",C024,
S12.009,sentence,,,Leakage-Free Degradation Onset,body,Leakage-Free Degradation Onset,"Bias and spread both scale inversely with the ramp slope: the estimator is near-unbiased and stable under abrupt degradation, where the delay falls to the sampling interval ∆t, and systematically late and more variable under gradual degradation.",C024,
S12.010,sentence,,,Leakage-Free Degradation Onset,body,Leakage-Free Degradation Onset,"This accounts for Table 3, where the abrupt first IMS test agrees across all three health indicators at 98-99% of span while the slow-degrading second and third tests move substantially.",C064,
S12.010.n01,number,98,98,Leakage-Free Degradation Onset,body,Leakage-Free Degradation Onset,"This accounts for Table 3, where the abrupt first IMS test agrees across all three health indicators at 98-99% of span while the slow-degrading second and third tests move substantially.",,
S12.010.n02,number,99%,99%,Leakage-Free Degradation Onset,body,Leakage-Free Degradation Onset,"This accounts for Table 3, where the abrupt first IMS test agrees across all three health indicators at 98-99% of span while the slow-degrading second and third tests move substantially.",,
S12.011,sentence,,,Leakage-Free Degradation Onset,body,Leakage-Free Degradation Onset,"The persistence (5 samples) and gap (10 samples) tolerances are fixed in samples of the health-indicator series, not physical time, and held constant across datasets, keeping the onset rule algorithmically identical everywhere at the price of physical-time comparability.",C025,
S12.011.n01,number,5,5,Leakage-Free Degradation Onset,body,Leakage-Free Degradation Onset,"The persistence (5 samples) and gap (10 samples) tolerances are fixed in samples of the health-indicator series, not physical time, and held constant across datasets, keeping the onset rule algorithmically identical everywhere at the price of physical-time comparability.",,
S12.011.n02,number,10,10,Leakage-Free Degradation Onset,body,Leakage-Free Degradation Onset,"The persistence (5 samples) and gap (10 samples) tolerances are fixed in samples of the health-indicator series, not physical time, and held constant across datasets, keeping the onset rule algorithmically identical everywhere at the price of physical-time comparability.",,
S12.012,sentence,,,Leakage-Free Degradation Onset,body,Leakage-Free Degradation Onset,"At the native intervals (∼10 min per snapshot for IMS after resampling to a uniform grid, 1 min for XJTU-SY, 10 s for FEMTO and ONGC) the 5/10-sample bars correspond to ∼50/100 min on IMS, 5/10 min on XJTU and 50/100 s on FEMTO/ONGC.",C025,
S12.012.n01,number,10,10,Leakage-Free Degradation Onset,body,Leakage-Free Degradation Onset,"At the native intervals (∼10 min per snapshot for IMS after resampling to a uniform grid, 1 min for XJTU-SY, 10 s for FEMTO and ONGC) the 5/10-sample bars correspond to ∼50/100 min on IMS, 5/10 min on XJTU and 50/100 s on FEMTO/ONGC.",,
S12.012.n02,number,1,1,Leakage-Free Degradation Onset,body,Leakage-Free Degradation Onset,"At the native intervals (∼10 min per snapshot for IMS after resampling to a uniform grid, 1 min for XJTU-SY, 10 s for FEMTO and ONGC) the 5/10-sample bars correspond to ∼50/100 min on IMS, 5/10 min on XJTU and 50/100 s on FEMTO/ONGC.",,
S12.012.n03,number,10,10,Leakage-Free Degradation Onset,body,Leakage-Free Degradation Onset,"At the native intervals (∼10 min per snapshot for IMS after resampling to a uniform grid, 1 min for XJTU-SY, 10 s for FEMTO and ONGC) the 5/10-sample bars correspond to ∼50/100 min on IMS, 5/10 min on XJTU and 50/100 s on FEMTO/ONGC.",,
S12.012.n04,number,5/10,5/10,Leakage-Free Degradation Onset,body,Leakage-Free Degradation Onset,"At the native intervals (∼10 min per snapshot for IMS after resampling to a uniform grid, 1 min for XJTU-SY, 10 s for FEMTO and ONGC) the 5/10-sample bars correspond to ∼50/100 min on IMS, 5/10 min on XJTU and 50/100 s on FEMTO/ONGC.",,
S12.012.n05,number,50/100,50/100,Leakage-Free Degradation Onset,body,Leakage-Free Degradation Onset,"At the native intervals (∼10 min per snapshot for IMS after resampling to a uniform grid, 1 min for XJTU-SY, 10 s for FEMTO and ONGC) the 5/10-sample bars correspond to ∼50/100 min on IMS, 5/10 min on XJTU and 50/100 s on FEMTO/ONGC.",,
S12.012.n06,number,5/10,5/10,Leakage-Free Degradation Onset,body,Leakage-Free Degradation Onset,"At the native intervals (∼10 min per snapshot for IMS after resampling to a uniform grid, 1 min for XJTU-SY, 10 s for FEMTO and ONGC) the 5/10-sample bars correspond to ∼50/100 min on IMS, 5/10 min on XJTU and 50/100 s on FEMTO/ONGC.",,
S12.012.n07,number,50/100,50/100,Leakage-Free Degradation Onset,body,Leakage-Free Degradation Onset,"At the native intervals (∼10 min per snapshot for IMS after resampling to a uniform grid, 1 min for XJTU-SY, 10 s for FEMTO and ONGC) the 5/10-sample bars correspond to ∼50/100 min on IMS, 5/10 min on XJTU and 50/100 s on FEMTO/ONGC.",,
S12.013,sentence,,,Leakage-Free Degradation Onset,body,Leakage-Free Degradation Onset,"The difference is negligible for long records but not for the shortest bearings: XJTU Bearing2_4 (42 min total life) must clear a ∼5-minute persistence bar, roughly 12% of its lifetime.",C025,
S12.013.n01,number,42,42,Leakage-Free Degradation Onset,body,Leakage-Free Degradation Onset,"The difference is negligible for long records but not for the shortest bearings: XJTU Bearing2_4 (42 min total life) must clear a ∼5-minute persistence bar, roughly 12% of its lifetime.",,
S12.013.n02,number,5,5,Leakage-Free Degradation Onset,body,Leakage-Free Degradation Onset,"The difference is negligible for long records but not for the shortest bearings: XJTU Bearing2_4 (42 min total life) must clear a ∼5-minute persistence bar, roughly 12% of its lifetime.",,
S12.013.n03,number,12%,12%,Leakage-Free Degradation Onset,body,Leakage-Free Degradation Onset,"The difference is negligible for long records but not for the shortest bearings: XJTU Bearing2_4 (42 min total life) must clear a ∼5-minute persistence bar, roughly 12% of its lifetime.",,
S12.014,sentence,,,Leakage-Free Degradation Onset,body,Leakage-Free Degradation Onset,Caveat: onset positions on bearings with total lifetime below 2 h are treated as fragile throughout; per-bearing results in Tables 5 and 7 flag these cases explicitly rather than silently discarding them.,C026,
S12.014.n01,number,2,2,Leakage-Free Degradation Onset,body,Leakage-Free Degradation Onset,Caveat: onset positions on bearings with total lifetime below 2 h are treated as fragile throughout; per-bearing results in Tables 5 and 7 flag these cases explicitly rather than silently discarding them.,,
S12.015,sentence,,,Leakage-Free Degradation Onset,body,Leakage-Free Degradation Onset,"The sensitivity analyses probe the threshold multiplier k (Table 3), not these timing tolerances, which stay in sample units for algorithmic reproducibility.",,
S13.001,sentence,,,Onset-Relative Lead-Time Metric,body,Onset-Relative Lead-Time Metric,Let the first sustained alarm time be FAT and the failure time tf .,,
S13.002,sentence,,,Onset-Relative Lead-Time Metric,body,Onset-Relative Lead-Time Metric,"The lead time is ( ) L = max 0, tf - FAT hours, (3) 3600 with L = 0 if there is no alarm or the alarm is at or after failure.",,
S13.002.n01,number,0,0,Onset-Relative Lead-Time Metric,body,Onset-Relative Lead-Time Metric,"The lead time is ( ) L = max 0, tf - FAT hours, (3) 3600 with L = 0 if there is no alarm or the alarm is at or after failure.",,
S13.002.n02,number,3,3,Onset-Relative Lead-Time Metric,body,Onset-Relative Lead-Time Metric,"The lead time is ( ) L = max 0, tf - FAT hours, (3) 3600 with L = 0 if there is no alarm or the alarm is at or after failure.",,
S13.002.n03,number,3600,3600,Onset-Relative Lead-Time Metric,body,Onset-Relative Lead-Time Metric,"The lead time is ( ) L = max 0, tf - FAT hours, (3) 3600 with L = 0 if there is no alarm or the alarm is at or after failure.",,
S13.002.n04,number,0,0,Onset-Relative Lead-Time Metric,body,Onset-Relative Lead-Time Metric,"The lead time is ( ) L = max 0, tf - FAT hours, (3) 3600 with L = 0 if there is no alarm or the alarm is at or after failure.",,
S13.003,sentence,,,Onset-Relative Lead-Time Metric,body,Onset-Relative Lead-Time Metric,"The pre-onset false-alarm rate is the fraction of windows strictly before the onset that are flagged, FARpre = |{t < to |{t : a(t) = < to}| 1}| , (4) measured over the entire apparently-normal region rather than a positional sample.",,
S13.003.n01,number,1,1,Onset-Relative Lead-Time Metric,body,Onset-Relative Lead-Time Metric,"The pre-onset false-alarm rate is the fraction of windows strictly before the onset that are flagged, FARpre = |{t < to |{t : a(t) = < to}| 1}| , (4) measured over the entire apparently-normal region rather than a positional sample.",,
S13.003.n02,number,4,4,Onset-Relative Lead-Time Metric,body,Onset-Relative Lead-Time Metric,"The pre-onset false-alarm rate is the fraction of windows strictly before the onset that are flagged, FARpre = |{t < to |{t : a(t) = < to}| 1}| , (4) measured over the entire apparently-normal region rather than a positional sample.",,
S13.004,sentence,,,Onset-Relative Lead-Time Metric,body,Onset-Relative Lead-Time Metric,"An alarm is valid if and only if L > 0 ∧ FARpre ≤ τ, (5) with budget τ = 0.10 throughout.",C027,
S13.004.n01,number,0,0,Onset-Relative Lead-Time Metric,body,Onset-Relative Lead-Time Metric,"An alarm is valid if and only if L > 0 ∧ FARpre ≤ τ, (5) with budget τ = 0.10 throughout.",,
S13.004.n02,number,5,5,Onset-Relative Lead-Time Metric,body,Onset-Relative Lead-Time Metric,"An alarm is valid if and only if L > 0 ∧ FARpre ≤ τ, (5) with budget τ = 0.10 throughout.",,
S13.004.n03,number,0.10,0.10,Onset-Relative Lead-Time Metric,body,Onset-Relative Lead-Time Metric,"An alarm is valid if and only if L > 0 ∧ FARpre ≤ τ, (5) with budget τ = 0.10 throughout.",,
S13.005,sentence,,,Onset-Relative Lead-Time Metric,body,Onset-Relative Lead-Time Metric,"If the pre-onset region is empty—the onset estimator places to at or before the first scored window—FARpre is undefined, the alarm cannot be gated, and it is excluded from the validity denominator rather than counted as valid.",C028,
S13.006,sentence,,,Onset-Relative Lead-Time Metric,body,Onset-Relative Lead-Time Metric,Why the metric defeats the latch-on exploit.,C004,
S13.007,sentence,,,Onset-Relative Lead-Time Metric,body,Onset-Relative Lead-Time Metric,"A detector that fires from the first sample earns the full run length as L but floods the pre-onset region, giving FARpre ≈ 1 > τ , so the conjunction in Eq.",C004,
S13.007.n01,number,1,1,Onset-Relative Lead-Time Metric,body,Onset-Relative Lead-Time Metric,"A detector that fires from the first sample earns the full run length as L but floods the pre-onset region, giving FARpre ≈ 1 > τ , so the conjunction in Eq.",,
S13.008,sentence,,,Onset-Relative Lead-Time Metric,body,Onset-Relative Lead-Time Metric,(5) scores it invalid; a detector that first fires just after to has FARpre = 0 and L > 0 and scores valid.,,
S13.008.n01,number,5,5,Onset-Relative Lead-Time Metric,body,Onset-Relative Lead-Time Metric,(5) scores it invalid; a detector that first fires just after to has FARpre = 0 and L > 0 and scores valid.,,
S13.008.n02,number,0,0,Onset-Relative Lead-Time Metric,body,Onset-Relative Lead-Time Metric,(5) scores it invalid; a detector that first fires just after to has FARpre = 0 and L > 0 and scores valid.,,
S13.008.n03,number,0,0,Onset-Relative Lead-Time Metric,body,Onset-Relative Lead-Time Metric,(5) scores it invalid; a detector that first fires just after to has FARpre = 0 and L > 0 and scores valid.,,
S13.009,sentence,,,Onset-Relative Lead-Time Metric,body,Onset-Relative Lead-Time Metric,"A unit test in the released code asserts exactly these two cases: a constant-on detector is invalid, and an oracle firing at t+ is valid at zero pre-onset FAR.",C004;C005,
S13.010,sentence,,,Onset-Relative Lead-Time Metric,body,Onset-Relative Lead-Time Metric,"Because to uses only training-region statistics (Eq. 2), neither L nor FARpre can be tuned with test-region information.",,
S13.011,sentence,,,Onset-Relative Lead-Time Metric,body,Onset-Relative Lead-Time Metric,This defeats the specific latch-on exploit; it is not a claim of unconditional ungameability (Section 8).,C004;C006,
S14.001,sentence,,,Detectors,body,Detectors,"The headline set comprises nine detectors under one fixed hyperparameter protocol: an RMS-trend naive baseline, which alarms when the mean RMS exceeds kσ above its training baseline and is included to verify that the metric penalizes a weak detector; the 3σ rule, alarming when the ℓ2-norm health index exceeds three training standard deviations; an EWMA chart (Roberts, 1959) (λ = 0.2, k = 3.0), sensitive to small sustained shifts; a deterministic two-sided tabular CUSUM chart (Page, 1954) (k = 0.5, h = 5.0) on the monitored magnitude, the classic change-point chart most sensitive to a small sustained mean shift such as slow degradation onset; Hotelling T 2 (Hotelling, 1947) in a principal component analysis (PCA)-reduced subspace (rank ≪ n), so the covariance is well-conditioned; Isolation Forest (Liu et al., 2008), an unsupervised ensemble that isolates anomalies with few random splits; and three deep reconstruction baselines—an LSTM autoencoder (Malhotra et al., 2016), a temporal convolutional network autoencoder (dilated causal convolutions) and a lightweight reconstruction Transformer (Vaswani et al., 2017)—each trained on normal feature-window sequences only and scoring a window by its reconstruction error.",C012;C031,
S14.001.n01,number,0.2,0.2,Detectors,body,Detectors,"The headline set comprises nine detectors under one fixed hyperparameter protocol: an RMS-trend naive baseline, which alarms when the mean RMS exceeds kσ above its training baseline and is included to verify that the metric penalizes a weak detector; the 3σ rule, alarming when the ℓ2-norm health index exceeds three training standard deviations; an EWMA chart (Roberts, 1959) (λ = 0.2, k = 3.0), sensitive to small sustained shifts; a deterministic two-sided tabular CUSUM chart (Page, 1954) (k = 0.5, h = 5.0) on the monitored magnitude, the classic change-point chart most sensitive to a small sustained mean shift such as slow degradation onset; Hotelling T 2 (Hotelling, 1947) in a principal component analysis (PCA)-reduced subspace (rank ≪ n), so the covariance is well-conditioned; Isolation Forest (Liu et al., 2008), an unsupervised ensemble that isolates anomalies with few random splits; and three deep reconstruction baselines—an LSTM autoencoder (Malhotra et al., 2016), a temporal convolutional network autoencoder (dilated causal convolutions) and a lightweight reconstruction Transformer (Vaswani et al., 2017)—each trained on normal feature-window sequences only and scoring a window by its reconstruction error.",,
S14.001.n02,number,3.0,3.0,Detectors,body,Detectors,"The headline set comprises nine detectors under one fixed hyperparameter protocol: an RMS-trend naive baseline, which alarms when the mean RMS exceeds kσ above its training baseline and is included to verify that the metric penalizes a weak detector; the 3σ rule, alarming when the ℓ2-norm health index exceeds three training standard deviations; an EWMA chart (Roberts, 1959) (λ = 0.2, k = 3.0), sensitive to small sustained shifts; a deterministic two-sided tabular CUSUM chart (Page, 1954) (k = 0.5, h = 5.0) on the monitored magnitude, the classic change-point chart most sensitive to a small sustained mean shift such as slow degradation onset; Hotelling T 2 (Hotelling, 1947) in a principal component analysis (PCA)-reduced subspace (rank ≪ n), so the covariance is well-conditioned; Isolation Forest (Liu et al., 2008), an unsupervised ensemble that isolates anomalies with few random splits; and three deep reconstruction baselines—an LSTM autoencoder (Malhotra et al., 2016), a temporal convolutional network autoencoder (dilated causal convolutions) and a lightweight reconstruction Transformer (Vaswani et al., 2017)—each trained on normal feature-window sequences only and scoring a window by its reconstruction error.",,
S14.001.n03,number,0.5,0.5,Detectors,body,Detectors,"The headline set comprises nine detectors under one fixed hyperparameter protocol: an RMS-trend naive baseline, which alarms when the mean RMS exceeds kσ above its training baseline and is included to verify that the metric penalizes a weak detector; the 3σ rule, alarming when the ℓ2-norm health index exceeds three training standard deviations; an EWMA chart (Roberts, 1959) (λ = 0.2, k = 3.0), sensitive to small sustained shifts; a deterministic two-sided tabular CUSUM chart (Page, 1954) (k = 0.5, h = 5.0) on the monitored magnitude, the classic change-point chart most sensitive to a small sustained mean shift such as slow degradation onset; Hotelling T 2 (Hotelling, 1947) in a principal component analysis (PCA)-reduced subspace (rank ≪ n), so the covariance is well-conditioned; Isolation Forest (Liu et al., 2008), an unsupervised ensemble that isolates anomalies with few random splits; and three deep reconstruction baselines—an LSTM autoencoder (Malhotra et al., 2016), a temporal convolutional network autoencoder (dilated causal convolutions) and a lightweight reconstruction Transformer (Vaswani et al., 2017)—each trained on normal feature-window sequences only and scoring a window by its reconstruction error.",,
S14.001.n04,number,5.0,5.0,Detectors,body,Detectors,"The headline set comprises nine detectors under one fixed hyperparameter protocol: an RMS-trend naive baseline, which alarms when the mean RMS exceeds kσ above its training baseline and is included to verify that the metric penalizes a weak detector; the 3σ rule, alarming when the ℓ2-norm health index exceeds three training standard deviations; an EWMA chart (Roberts, 1959) (λ = 0.2, k = 3.0), sensitive to small sustained shifts; a deterministic two-sided tabular CUSUM chart (Page, 1954) (k = 0.5, h = 5.0) on the monitored magnitude, the classic change-point chart most sensitive to a small sustained mean shift such as slow degradation onset; Hotelling T 2 (Hotelling, 1947) in a principal component analysis (PCA)-reduced subspace (rank ≪ n), so the covariance is well-conditioned; Isolation Forest (Liu et al., 2008), an unsupervised ensemble that isolates anomalies with few random splits; and three deep reconstruction baselines—an LSTM autoencoder (Malhotra et al., 2016), a temporal convolutional network autoencoder (dilated causal convolutions) and a lightweight reconstruction Transformer (Vaswani et al., 2017)—each trained on normal feature-window sequences only and scoring a window by its reconstruction error.",,
S14.002,sentence,,,Detectors,body,Detectors,"Two one-class models complete the eleven: Deep SVDD (Ruff et al., 2018), whose multi-layer perceptron (MLP) encoder maps normal data toward a fixed center and scores a window by its squared distance to it, and the one-class SVM (Schölkopf et al., 2001).",,
S14.003,sentence,,,Detectors,body,Detectors,"Deep SVDD is kept out of the headline set because it rarely alarms in time on short bearings (Section 6.12), but its numbers are reported in every result table because it is the low-false-alarm operating point under the gated metric (Section 6.9).",C012;C084,
S14.004,sentence,,,Detectors,body,Detectors,The deep sequence models are data-starved: across bearings and training fractions the runs furnish between 20 and 335 normal training windows (median 88 at the default split).,C029,
S14.004.n01,number,20,20,Detectors,body,Detectors,The deep sequence models are data-starved: across bearings and training fractions the runs furnish between 20 and 335 normal training windows (median 88 at the default split).,,
S14.004.n02,number,335,335,Detectors,body,Detectors,The deep sequence models are data-starved: across bearings and training fractions the runs furnish between 20 and 335 normal training windows (median 88 at the default split).,,
S14.004.n03,number,88,88,Detectors,body,Detectors,The deep sequence models are data-starved: across bearings and training fractions the runs furnish between 20 and 335 normal training windows (median 88 at the default split).,,
S14.005,sentence,,,Detectors,body,Detectors,"We include them as a modern-baseline comparison and to test whether a finite commissioning-data requirement makes them competitive with SPC charts (Section 6.12), without per-dataset tuning, the same fixed-protocol fairness applied to the charts.",C051,
S14.006,sentence,,,Detectors,body,Detectors,"A run with fewer feature windows than the sequence length (short XJTU bearings, some coarse IMS factors) cannot form a sequence; that (run, detector) cell is recorded as an explicit N/A, not dropped.",C030,
S14.007,sentence,,,Detectors,body,Detectors,"All non-conformal detectors alarm via a percentile threshold on training scores followed by a persistence filter, so alarm semantics are identical across detectors and only the score differs.",C068,
S15.001,sentence,,,Conformal Calibration,body,Conformal Calibration,"On IMS (Figure 4a, values in its caption) the distribution-free guarantee FAR ≤ α holds on test 2 (0% through α = 0.10) and on test 3 through α = 0.05 (0.9% at α = 0.01, 4.4% at 0.05), slightly exceeding the bound at α = 0.10, where the empirical FAR is 13%.",C032;C085,
S15.001.n01,number,2,2,Conformal Calibration,body,Conformal Calibration,"On IMS (Figure 4a, values in its caption) the distribution-free guarantee FAR ≤ α holds on test 2 (0% through α = 0.10) and on test 3 through α = 0.05 (0.9% at α = 0.01, 4.4% at 0.05), slightly exceeding the bound at α = 0.10, where the empirical FAR is 13%.",,
S15.001.n02,number,0%,0%,Conformal Calibration,body,Conformal Calibration,"On IMS (Figure 4a, values in its caption) the distribution-free guarantee FAR ≤ α holds on test 2 (0% through α = 0.10) and on test 3 through α = 0.05 (0.9% at α = 0.01, 4.4% at 0.05), slightly exceeding the bound at α = 0.10, where the empirical FAR is 13%.",,
S15.001.n03,number,0.10,0.10,Conformal Calibration,body,Conformal Calibration,"On IMS (Figure 4a, values in its caption) the distribution-free guarantee FAR ≤ α holds on test 2 (0% through α = 0.10) and on test 3 through α = 0.05 (0.9% at α = 0.01, 4.4% at 0.05), slightly exceeding the bound at α = 0.10, where the empirical FAR is 13%.",,
S15.001.n04,number,3,3,Conformal Calibration,body,Conformal Calibration,"On IMS (Figure 4a, values in its caption) the distribution-free guarantee FAR ≤ α holds on test 2 (0% through α = 0.10) and on test 3 through α = 0.05 (0.9% at α = 0.01, 4.4% at 0.05), slightly exceeding the bound at α = 0.10, where the empirical FAR is 13%.",,
S15.001.n05,number,0.05,0.05,Conformal Calibration,body,Conformal Calibration,"On IMS (Figure 4a, values in its caption) the distribution-free guarantee FAR ≤ α holds on test 2 (0% through α = 0.10) and on test 3 through α = 0.05 (0.9% at α = 0.01, 4.4% at 0.05), slightly exceeding the bound at α = 0.10, where the empirical FAR is 13%.",,
S15.001.n06,number,0.9%,0.9%,Conformal Calibration,body,Conformal Calibration,"On IMS (Figure 4a, values in its caption) the distribution-free guarantee FAR ≤ α holds on test 2 (0% through α = 0.10) and on test 3 through α = 0.05 (0.9% at α = 0.01, 4.4% at 0.05), slightly exceeding the bound at α = 0.10, where the empirical FAR is 13%.",,
S15.001.n07,number,0.01,0.01,Conformal Calibration,body,Conformal Calibration,"On IMS (Figure 4a, values in its caption) the distribution-free guarantee FAR ≤ α holds on test 2 (0% through α = 0.10) and on test 3 through α = 0.05 (0.9% at α = 0.01, 4.4% at 0.05), slightly exceeding the bound at α = 0.10, where the empirical FAR is 13%.",,
S15.001.n08,number,4.4%,4.4%,Conformal Calibration,body,Conformal Calibration,"On IMS (Figure 4a, values in its caption) the distribution-free guarantee FAR ≤ α holds on test 2 (0% through α = 0.10) and on test 3 through α = 0.05 (0.9% at α = 0.01, 4.4% at 0.05), slightly exceeding the bound at α = 0.10, where the empirical FAR is 13%.",,
S15.001.n09,number,0.05,0.05,Conformal Calibration,body,Conformal Calibration,"On IMS (Figure 4a, values in its caption) the distribution-free guarantee FAR ≤ α holds on test 2 (0% through α = 0.10) and on test 3 through α = 0.05 (0.9% at α = 0.01, 4.4% at 0.05), slightly exceeding the bound at α = 0.10, where the empirical FAR is 13%.",,
S15.001.n10,number,0.10,0.10,Conformal Calibration,body,Conformal Calibration,"On IMS (Figure 4a, values in its caption) the distribution-free guarantee FAR ≤ α holds on test 2 (0% through α = 0.10) and on test 3 through α = 0.05 (0.9% at α = 0.01, 4.4% at 0.05), slightly exceeding the bound at α = 0.10, where the empirical FAR is 13%.",,
S15.001.n11,number,13%,13%,Conformal Calibration,body,Conformal Calibration,"On IMS (Figure 4a, values in its caption) the distribution-free guarantee FAR ≤ α holds on test 2 (0% through α = 0.10) and on test 3 through α = 0.05 (0.9% at α = 0.01, 4.4% at 0.05), slightly exceeding the bound at α = 0.10, where the empirical FAR is 13%.",,
S15.002,sentence,,,Conformal Calibration,body,Conformal Calibration,"It fails on test 1, at 0.74-0.85 regardless of α, for the reason Table 3 foretold: the onset fires only ∼12 h before failure, so the “pre-onset” region already contains degradation and calibration and “normal” scores are not exchangeable.",C032;C085,
S15.002.n01,number,1,1,Conformal Calibration,body,Conformal Calibration,"It fails on test 1, at 0.74-0.85 regardless of α, for the reason Table 3 foretold: the onset fires only ∼12 h before failure, so the “pre-onset” region already contains degradation and calibration and “normal” scores are not exchangeable.",,
S15.002.n02,number,0.74,0.74,Conformal Calibration,body,Conformal Calibration,"It fails on test 1, at 0.74-0.85 regardless of α, for the reason Table 3 foretold: the onset fires only ∼12 h before failure, so the “pre-onset” region already contains degradation and calibration and “normal” scores are not exchangeable.",,
S15.002.n03,number,0.85,0.85,Conformal Calibration,body,Conformal Calibration,"It fails on test 1, at 0.74-0.85 regardless of α, for the reason Table 3 foretold: the onset fires only ∼12 h before failure, so the “pre-onset” region already contains degradation and calibration and “normal” scores are not exchangeable.",,
S15.002.n04,number,12,12,Conformal Calibration,body,Conformal Calibration,"It fails on test 1, at 0.74-0.85 regardless of α, for the reason Table 3 foretold: the onset fires only ∼12 h before failure, so the “pre-onset” region already contains degradation and calibration and “normal” scores are not exchangeable.",,
S15.003,sentence,,,Conformal Calibration,body,Conformal Calibration,"We keep this run because it delimits when the guarantee is usable in prognostics: it needs a genuinely stationary normal region, which an abrupt late-onset failure does not provide.",C086,
S15.004,sentence,,,Conformal Calibration,body,Conformal Calibration,On XJTU-SY (Figure 4b) bearings with a substantial stationary pre-onset region (e.g.,,
S15.005,sentence,,,Conformal Calibration,body,Conformal Calibration,"Bearing2_3, calibrated through α = 0.05) honor the bound, while those with only one or two pre-onset windows, an artifact of short lifetimes, are flagged uncalibrated rather than silently passed.",C086,
S15.005.n01,number,0.05,0.05,Conformal Calibration,body,Conformal Calibration,"Bearing2_3, calibrated through α = 0.05) honor the bound, while those with only one or two pre-onset windows, an artifact of short lifetimes, are flagged uncalibrated rather than silently passed.",,
S15.006,sentence,,,Conformal Calibration,body,Conformal Calibration,The conformal machinery thus doubles as a per-asset usability test of whether enough stationary normal data exists to control the false-alarm rate at all.,C086,
S15.007,sentence,,,Conformal Calibration,body,Conformal Calibration,FEMTO and ONGC calibration.,,
S15.008,sentence,,,Conformal Calibration,body,Conformal Calibration,On FEMTO (Figure 4c) no bearing honors the bound at α = 0.05 (pre-onset FAR 0.08-0.56; pooled 0.27): the short 1.4-7.8 h lifetimes leave a pre-onset region that is neither long nor stationary.,C019;C087,
S15.008.n01,number,0.05,0.05,Conformal Calibration,body,Conformal Calibration,On FEMTO (Figure 4c) no bearing honors the bound at α = 0.05 (pre-onset FAR 0.08-0.56; pooled 0.27): the short 1.4-7.8 h lifetimes leave a pre-onset region that is neither long nor stationary.,,
S15.008.n02,number,0.08,0.08,Conformal Calibration,body,Conformal Calibration,On FEMTO (Figure 4c) no bearing honors the bound at α = 0.05 (pre-onset FAR 0.08-0.56; pooled 0.27): the short 1.4-7.8 h lifetimes leave a pre-onset region that is neither long nor stationary.,,
S15.008.n03,number,0.56,0.56,Conformal Calibration,body,Conformal Calibration,On FEMTO (Figure 4c) no bearing honors the bound at α = 0.05 (pre-onset FAR 0.08-0.56; pooled 0.27): the short 1.4-7.8 h lifetimes leave a pre-onset region that is neither long nor stationary.,,
S15.008.n04,number,0.27,0.27,Conformal Calibration,body,Conformal Calibration,On FEMTO (Figure 4c) no bearing honors the bound at α = 0.05 (pre-onset FAR 0.08-0.56; pooled 0.27): the short 1.4-7.8 h lifetimes leave a pre-onset region that is neither long nor stationary.,,
S15.008.n05,number,1.4,1.4,Conformal Calibration,body,Conformal Calibration,On FEMTO (Figure 4c) no bearing honors the bound at α = 0.05 (pre-onset FAR 0.08-0.56; pooled 0.27): the short 1.4-7.8 h lifetimes leave a pre-onset region that is neither long nor stationary.,,
S15.008.n06,number,7.8,7.8,Conformal Calibration,body,Conformal Calibration,On FEMTO (Figure 4c) no bearing honors the bound at α = 0.05 (pre-onset FAR 0.08-0.56; pooled 0.27): the short 1.4-7.8 h lifetimes leave a pre-onset region that is neither long nor stationary.,,
S15.009,sentence,,,Conformal Calibration,body,Conformal Calibration,"The most stationary bearings come closest (Bearing2_2 at 0.08, Bearing1_2 at 0.10) and the abrupt Bearing1_1 (0.56) violates it badly.",,
S15.009.n01,number,0.08,0.08,Conformal Calibration,body,Conformal Calibration,"The most stationary bearings come closest (Bearing2_2 at 0.08, Bearing1_2 at 0.10) and the abrupt Bearing1_1 (0.56) violates it badly.",,
S15.009.n02,number,0.10,0.10,Conformal Calibration,body,Conformal Calibration,"The most stationary bearings come closest (Bearing2_2 at 0.08, Bearing1_2 at 0.10) and the abrupt Bearing1_1 (0.56) violates it badly.",,
S15.009.n03,number,0.56,0.56,Conformal Calibration,body,Conformal Calibration,"The most stationary bearings come closest (Bearing2_2 at 0.08, Bearing1_2 at 0.10) and the abrupt Bearing1_1 (0.56) violates it badly.",,
S15.010,sentence,,,Conformal Calibration,body,Conformal Calibration,"On the real ONGC historian stream (Figure 4d) the calibration tracks the diagonal closely (empirical FAR 0.016, 0.030 and 0.096 at α = 0.01, 0.02, 0.05), a modest 1.5-2× above target, consistent with a mostly-stationary record that only mildly violates exchangeability.",C032;C088,
S15.010.n01,number,0.016,0.016,Conformal Calibration,body,Conformal Calibration,"On the real ONGC historian stream (Figure 4d) the calibration tracks the diagonal closely (empirical FAR 0.016, 0.030 and 0.096 at α = 0.01, 0.02, 0.05), a modest 1.5-2× above target, consistent with a mostly-stationary record that only mildly violates exchangeability.",,
S15.010.n02,number,0.030,0.030,Conformal Calibration,body,Conformal Calibration,"On the real ONGC historian stream (Figure 4d) the calibration tracks the diagonal closely (empirical FAR 0.016, 0.030 and 0.096 at α = 0.01, 0.02, 0.05), a modest 1.5-2× above target, consistent with a mostly-stationary record that only mildly violates exchangeability.",,
S15.010.n03,number,0.096,0.096,Conformal Calibration,body,Conformal Calibration,"On the real ONGC historian stream (Figure 4d) the calibration tracks the diagonal closely (empirical FAR 0.016, 0.030 and 0.096 at α = 0.01, 0.02, 0.05), a modest 1.5-2× above target, consistent with a mostly-stationary record that only mildly violates exchangeability.",,
S15.010.n04,number,0.01,0.01,Conformal Calibration,body,Conformal Calibration,"On the real ONGC historian stream (Figure 4d) the calibration tracks the diagonal closely (empirical FAR 0.016, 0.030 and 0.096 at α = 0.01, 0.02, 0.05), a modest 1.5-2× above target, consistent with a mostly-stationary record that only mildly violates exchangeability.",,
S15.010.n05,number,0.02,0.02,Conformal Calibration,body,Conformal Calibration,"On the real ONGC historian stream (Figure 4d) the calibration tracks the diagonal closely (empirical FAR 0.016, 0.030 and 0.096 at α = 0.01, 0.02, 0.05), a modest 1.5-2× above target, consistent with a mostly-stationary record that only mildly violates exchangeability.",,
S15.010.n06,number,0.05,0.05,Conformal Calibration,body,Conformal Calibration,"On the real ONGC historian stream (Figure 4d) the calibration tracks the diagonal closely (empirical FAR 0.016, 0.030 and 0.096 at α = 0.01, 0.02, 0.05), a modest 1.5-2× above target, consistent with a mostly-stationary record that only mildly violates exchangeability.",,
S15.010.n07,number,1.5,1.5,Conformal Calibration,body,Conformal Calibration,"On the real ONGC historian stream (Figure 4d) the calibration tracks the diagonal closely (empirical FAR 0.016, 0.030 and 0.096 at α = 0.01, 0.02, 0.05), a modest 1.5-2× above target, consistent with a mostly-stationary record that only mildly violates exchangeability.",,
S15.010.n08,number,2,2,Conformal Calibration,body,Conformal Calibration,"On the real ONGC historian stream (Figure 4d) the calibration tracks the diagonal closely (empirical FAR 0.016, 0.030 and 0.096 at α = 0.01, 0.02, 0.05), a modest 1.5-2× above target, consistent with a mostly-stationary record that only mildly violates exchangeability.",,
S15.011,sentence,,,Conformal Calibration,body,Conformal Calibration,"The guarantee is therefore usable where a stationary normal region exists (ONGC, the longer IMS/XJTU bearings) and self-reports as invalid where it does not (short FEMTO/XJTU bearings, abrupt onsets).",C086,
S16.001,sentence,,,SCADA Sampling Sweep,body,SCADA Sampling Sweep,"We coarsen the time grid by a factor f ∈ {1, 2, 5, 10, 20} under two mechanisms: aggregate takes the mean within each bin of width f , exactly as a SCADA historian stores a bin-averaged value, and decimate keeps every f -th sample and discards the rest.",,
S16.001.n01,number,1,1,SCADA Sampling Sweep,body,SCADA Sampling Sweep,"We coarsen the time grid by a factor f ∈ {1, 2, 5, 10, 20} under two mechanisms: aggregate takes the mean within each bin of width f , exactly as a SCADA historian stores a bin-averaged value, and decimate keeps every f -th sample and discards the rest.",,
S16.001.n02,number,2,2,SCADA Sampling Sweep,body,SCADA Sampling Sweep,"We coarsen the time grid by a factor f ∈ {1, 2, 5, 10, 20} under two mechanisms: aggregate takes the mean within each bin of width f , exactly as a SCADA historian stores a bin-averaged value, and decimate keeps every f -th sample and discards the rest.",,
S16.001.n03,number,5,5,SCADA Sampling Sweep,body,SCADA Sampling Sweep,"We coarsen the time grid by a factor f ∈ {1, 2, 5, 10, 20} under two mechanisms: aggregate takes the mean within each bin of width f , exactly as a SCADA historian stores a bin-averaged value, and decimate keeps every f -th sample and discards the rest.",,
S16.001.n04,number,10,10,SCADA Sampling Sweep,body,SCADA Sampling Sweep,"We coarsen the time grid by a factor f ∈ {1, 2, 5, 10, 20} under two mechanisms: aggregate takes the mean within each bin of width f , exactly as a SCADA historian stores a bin-averaged value, and decimate keeps every f -th sample and discards the rest.",,
S16.001.n05,number,20,20,SCADA Sampling Sweep,body,SCADA Sampling Sweep,"We coarsen the time grid by a factor f ∈ {1, 2, 5, 10, 20} under two mechanisms: aggregate takes the mean within each bin of width f , exactly as a SCADA historian stores a bin-averaged value, and decimate keeps every f -th sample and discards the rest.",,
S16.002,sentence,,,SCADA Sampling Sweep,body,SCADA Sampling Sweep,"A naive sweep changes the window’s wall-clock span as f grows, which alters lead time through a window-counting artifact rather than information loss.",C033,
S16.003,sentence,,,SCADA Sampling Sweep,body,SCADA Sampling Sweep,"Our controlled sweep holds window content and alarm persistence constant so that only the effective logging interval varies, isolating whether averaging loses fault-relevant information relative to decimation.",C033,
S17.001,sentence,,,At What Level Coarsening Is Applied,body,At What Level Coarsening Is Applied,"The aggregate and decimate operations are different experiments depending on the level at which they act, so we state that level for each dataset.",,
S17.002,sentence,,,At What Level Coarsening Is Applied,body,At What Level Coarsening Is Applied,"On no dataset is the raw waveform coarsened: every loader reduces each snapshot to per-channel time-domain statistics at ingest, so the sweep operates on summary series throughout.",C034,
S17.003,sentence,,,At What Level Coarsening Is Applied,body,At What Level Coarsening Is Applied,"On IMS the sweep coarsens the windowed feature vectors, after rolling-window summarisation, which holds window content and alarm persistence constant as the effective logging interval varies.",C033,
S17.004,sentence,,,At What Level Coarsening Is Applied,body,At What Level Coarsening Is Applied,"On XJTU-SY, FEMTO/PRONOSTIA, University of Ferrara and ONGC the sweep coarsens the per-snapshot feature series: aggregate takes the mean of the summary statistics within each bin, and decimate retains every f -th snapshot.",,
S17.005,sentence,,,At What Level Coarsening Is Applied,body,At What Level Coarsening Is Applied,"This is the operation a historian performs—historians store summary statistics, not waveforms—and it is the operation our claim concerns.",C034,
S17.006,sentence,,,At What Level Coarsening Is Applied,body,At What Level Coarsening Is Applied,It is not a test of raw-signal averaging.,C034,
S17.007,sentence,,,At What Level Coarsening Is Applied,body,At What Level Coarsening Is Applied,"Averaging a raw waveform is a low-pass filter and does attenuate the impulsive transients that mark an incipient spall; we neither test nor dispute that, and Section 8 names it as the complementary study.",C075,
S17.008,sentence,,,At What Level Coarsening Is Applied,body,At What Level Coarsening Is Applied,"The ONGC record is the clearest case, since its channels are the historian stream and no coarsening is simulated at all.",,
S18.001,sentence,,,Statistical Protocol,body,Statistical Protocol,"Results are emitted in long format, one row per run × mode × factor × seed × method.",,
S18.002,sentence,,,Statistical Protocol,body,Statistical Protocol,"Confidence intervals bootstrap runs, the unit of generalization; resampling seeds would understate uncertainty.",C035,
S18.003,sentence,,,Statistical Protocol,body,Statistical Protocol,The run is the unit of inference.,C035,
S18.004,sentence,,,Statistical Protocol,body,Statistical Protocol,"A physical bearing run produces one degradation trajectory; the five coarsening factors applied to it (f ∈ {1, 2, 5, 10, 20}) are repeated transformations of that trajectory, i.e. pseudoreplicates.",C035,
S18.004.n01,number,1,1,Statistical Protocol,body,Statistical Protocol,"A physical bearing run produces one degradation trajectory; the five coarsening factors applied to it (f ∈ {1, 2, 5, 10, 20}) are repeated transformations of that trajectory, i.e. pseudoreplicates.",,
S18.004.n02,number,2,2,Statistical Protocol,body,Statistical Protocol,"A physical bearing run produces one degradation trajectory; the five coarsening factors applied to it (f ∈ {1, 2, 5, 10, 20}) are repeated transformations of that trajectory, i.e. pseudoreplicates.",,
S18.004.n03,number,5,5,Statistical Protocol,body,Statistical Protocol,"A physical bearing run produces one degradation trajectory; the five coarsening factors applied to it (f ∈ {1, 2, 5, 10, 20}) are repeated transformations of that trajectory, i.e. pseudoreplicates.",,
S18.004.n04,number,10,10,Statistical Protocol,body,Statistical Protocol,"A physical bearing run produces one degradation trajectory; the five coarsening factors applied to it (f ∈ {1, 2, 5, 10, 20}) are repeated transformations of that trajectory, i.e. pseudoreplicates.",,
S18.004.n05,number,20,20,Statistical Protocol,body,Statistical Protocol,"A physical bearing run produces one degradation trajectory; the five coarsening factors applied to it (f ∈ {1, 2, 5, 10, 20}) are repeated transformations of that trajectory, i.e. pseudoreplicates.",,
S18.005,sentence,,,Statistical Protocol,body,Statistical Protocol,"Pooling them as 3 × 5 = 15 “pairs” per detector, as an earlier version of this work did, inflates the effective sample size fivefold and yields overconfident p-values.",C084;C109;C119,
S18.005.n01,number,3,3,Statistical Protocol,body,Statistical Protocol,"Pooling them as 3 × 5 = 15 “pairs” per detector, as an earlier version of this work did, inflates the effective sample size fivefold and yields overconfident p-values.",,
S18.005.n02,number,5,5,Statistical Protocol,body,Statistical Protocol,"Pooling them as 3 × 5 = 15 “pairs” per detector, as an earlier version of this work did, inflates the effective sample size fivefold and yields overconfident p-values.",,
S18.005.n03,number,15,15,Statistical Protocol,body,Statistical Protocol,"Pooling them as 3 × 5 = 15 “pairs” per detector, as an earlier version of this work did, inflates the effective sample size fivefold and yields overconfident p-values.",,
S18.006,sentence,,,Statistical Protocol,body,Statistical Protocol,"We therefore collapse each run to one difference, the mean of (aggregate - decimate) over factors: n = 3 on IMS, n = 10 on XJTU-SY, and n = 1 on ONGC, a single asset for which we report descriptive differences only.",C014,
S18.006.n01,number,3,3,Statistical Protocol,body,Statistical Protocol,"We therefore collapse each run to one difference, the mean of (aggregate - decimate) over factors: n = 3 on IMS, n = 10 on XJTU-SY, and n = 1 on ONGC, a single asset for which we report descriptive differences only.",,
S18.006.n02,number,10,10,Statistical Protocol,body,Statistical Protocol,"We therefore collapse each run to one difference, the mean of (aggregate - decimate) over factors: n = 3 on IMS, n = 10 on XJTU-SY, and n = 1 on ONGC, a single asset for which we report descriptive differences only.",,
S18.006.n03,number,1,1,Statistical Protocol,body,Statistical Protocol,"We therefore collapse each run to one difference, the mean of (aggregate - decimate) over factors: n = 3 on IMS, n = 10 on XJTU-SY, and n = 1 on ONGC, a single asset for which we report descriptive differences only.",,
S18.007,sentence,,,Statistical Protocol,body,Statistical Protocol,"On these run-level differences we apply an exact two-sided sign test (binomial, H0 : P (aggregate > decimate) = 1 2 ), which uses only the direction of each difference and makes no normality or symmetry assumption that n = 3 could not support; a mixed-effects model with three random-effect lev- els would be over-fit and is deliberately not used.",C036,
S18.007.n01,number,1,1,Statistical Protocol,body,Statistical Protocol,"On these run-level differences we apply an exact two-sided sign test (binomial, H0 : P (aggregate > decimate) = 1 2 ), which uses only the direction of each difference and makes no normality or symmetry assumption that n = 3 could not support; a mixed-effects model with three random-effect lev- els would be over-fit and is deliberately not used.",,
S18.007.n02,number,2,2,Statistical Protocol,body,Statistical Protocol,"On these run-level differences we apply an exact two-sided sign test (binomial, H0 : P (aggregate > decimate) = 1 2 ), which uses only the direction of each difference and makes no normality or symmetry assumption that n = 3 could not support; a mixed-effects model with three random-effect lev- els would be over-fit and is deliberately not used.",,
S18.007.n03,number,3,3,Statistical Protocol,body,Statistical Protocol,"On these run-level differences we apply an exact two-sided sign test (binomial, H0 : P (aggregate > decimate) = 1 2 ), which uses only the direction of each difference and makes no normality or symmetry assumption that n = 3 could not support; a mixed-effects model with three random-effect lev- els would be over-fit and is deliberately not used.",,
S18.008,sentence,,,Statistical Protocol,body,Statistical Protocol,"The test cannot reach significance at n = 3: all three runs concordant gives p = 2( 1 2 )3 = 0.25, so the IMS direction is a trend, not a significant effect.",,
S18.008.n01,number,3,3,Statistical Protocol,body,Statistical Protocol,"The test cannot reach significance at n = 3: all three runs concordant gives p = 2( 1 2 )3 = 0.25, so the IMS direction is a trend, not a significant effect.",,
S18.008.n02,number,2,2,Statistical Protocol,body,Statistical Protocol,"The test cannot reach significance at n = 3: all three runs concordant gives p = 2( 1 2 )3 = 0.25, so the IMS direction is a trend, not a significant effect.",,
S18.008.n03,number,1,1,Statistical Protocol,body,Statistical Protocol,"The test cannot reach significance at n = 3: all three runs concordant gives p = 2( 1 2 )3 = 0.25, so the IMS direction is a trend, not a significant effect.",,
S18.008.n04,number,2,2,Statistical Protocol,body,Statistical Protocol,"The test cannot reach significance at n = 3: all three runs concordant gives p = 2( 1 2 )3 = 0.25, so the IMS direction is a trend, not a significant effect.",,
S18.008.n05,number,3,3,Statistical Protocol,body,Statistical Protocol,"The test cannot reach significance at n = 3: all three runs concordant gives p = 2( 1 2 )3 = 0.25, so the IMS direction is a trend, not a significant effect.",,
S18.008.n06,number,0.25,0.25,Statistical Protocol,body,Statistical Protocol,"The test cannot reach significance at n = 3: all three runs concordant gives p = 2( 1 2 )3 = 0.25, so the IMS direction is a trend, not a significant effect.",,
S18.009,sentence,,,Statistical Protocol,body,Statistical Protocol,"Runs whose collapsed difference is exactly zero are excluded from the sign-test count, so the n+ and n- tallies count non-zero-difference runs only.",C038,
S18.010,sentence,,,Statistical Protocol,body,Statistical Protocol,"Across the detector × dataset family (ONGC excluded) we control the family-wise error rate with the Holm-Bonferroni step-down procedure at α = 0.05, stating the family size N and the un- corrected FWER = 1 - (1 - α)N .",C039,
S18.010.n01,number,0.05,0.05,Statistical Protocol,body,Statistical Protocol,"Across the detector × dataset family (ONGC excluded) we control the family-wise error rate with the Holm-Bonferroni step-down procedure at α = 0.05, stating the family size N and the un- corrected FWER = 1 - (1 - α)N .",,
S18.010.n02,number,1,1,Statistical Protocol,body,Statistical Protocol,"Across the detector × dataset family (ONGC excluded) we control the family-wise error rate with the Holm-Bonferroni step-down procedure at α = 0.05, stating the family size N and the un- corrected FWER = 1 - (1 - α)N .",,
S18.010.n03,number,1,1,Statistical Protocol,body,Statistical Protocol,"Across the detector × dataset family (ONGC excluded) we control the family-wise error rate with the Holm-Bonferroni step-down procedure at α = 0.05, stating the family size N and the un- corrected FWER = 1 - (1 - α)N .",,
S18.011,sentence,,,Statistical Protocol,body,Statistical Protocol,One fixed hyperparameter protocol avoids optimistic per-condition tuning.,C031,
S19.001,sentence,,,Experimental Setup,body,Experimental Setup,"All experiments use a fixed random-seed protocol; stochastic detectors (Isolation Forest, the conformal wrapper) inject the seed explicitly, so runs are bit-reproducible.",C040,
S19.002,sentence,,,Experimental Setup,body,Experimental Setup,"Extracted features are cached to Parquet so that the sweep, ablations, calibration and trade-off analyses consume identical features.",C040,
S19.003,sentence,,,Experimental Setup,body,Experimental Setup,"The environment is pinned to the package versions that produced these numbers, and a 181-test suite asserts the metric’s ungameability properties, the leakage-free onset and the conformal factory.",C005;C006;C023,
S19.003.n01,number,181,181,Experimental Setup,body,Experimental Setup,"The environment is pinned to the package versions that produced these numbers, and a 181-test suite asserts the metric’s ungameability properties, the leakage-free onset and the conformal factory.",,
S19.004,sentence,,,Experimental Setup,body,Experimental Setup,Every figure and table is generated from the released result tables; no number is hand-edited.,C040,
S20.001,sentence,,,Results,body,Results,IMS comes first for its raw-waveform access and the mechanism analysis it permits; XJTU-SY (n = 10) is the primary inferential test.,C015,
S20.001.n01,number,10,10,Results,body,Results,IMS comes first for its raw-waveform access and the mechanism analysis it permits; XJTU-SY (n = 10) is the primary inferential test.,,
S20.002,sentence,,,Results,body,Results,Section 7 draws the results together. 6.1.,,
S20.002.n01,number,6.1,6.1,Results,body,Results,Section 7 draws the results together. 6.1.,,
S20.003,sentence,,,Results,body,Results,Lead Time and Confidence Intervals on IMS,,
S21.001,sentence,,,Lead Time and Confidence Intervals on IMS,body,Lead Time and Confidence Intervals on IMS,"On raw (ungated) lead, with 95% bootstrap CIs over the n = 3 runs, the three deep reconstruction models top Table 2 with 183-198 h, followed by the one-class SVM, with Hotelling T 2 leading the control charts; the intervals are wide at n = 3, which is why the XJTU-SY, FEMTO and Ferrara campaigns follow.",C059,
S21.001.n01,number,95%,95%,Lead Time and Confidence Intervals on IMS,body,Lead Time and Confidence Intervals on IMS,"On raw (ungated) lead, with 95% bootstrap CIs over the n = 3 runs, the three deep reconstruction models top Table 2 with 183-198 h, followed by the one-class SVM, with Hotelling T 2 leading the control charts; the intervals are wide at n = 3, which is why the XJTU-SY, FEMTO and Ferrara campaigns follow.",,
S21.001.n02,number,3,3,Lead Time and Confidence Intervals on IMS,body,Lead Time and Confidence Intervals on IMS,"On raw (ungated) lead, with 95% bootstrap CIs over the n = 3 runs, the three deep reconstruction models top Table 2 with 183-198 h, followed by the one-class SVM, with Hotelling T 2 leading the control charts; the intervals are wide at n = 3, which is why the XJTU-SY, FEMTO and Ferrara campaigns follow.",,
S21.001.n03,number,183,183,Lead Time and Confidence Intervals on IMS,body,Lead Time and Confidence Intervals on IMS,"On raw (ungated) lead, with 95% bootstrap CIs over the n = 3 runs, the three deep reconstruction models top Table 2 with 183-198 h, followed by the one-class SVM, with Hotelling T 2 leading the control charts; the intervals are wide at n = 3, which is why the XJTU-SY, FEMTO and Ferrara campaigns follow.",,
S21.001.n04,number,198,198,Lead Time and Confidence Intervals on IMS,body,Lead Time and Confidence Intervals on IMS,"On raw (ungated) lead, with 95% bootstrap CIs over the n = 3 runs, the three deep reconstruction models top Table 2 with 183-198 h, followed by the one-class SVM, with Hotelling T 2 leading the control charts; the intervals are wide at n = 3, which is why the XJTU-SY, FEMTO and Ferrara campaigns follow.",,
S21.001.n05,number,3,3,Lead Time and Confidence Intervals on IMS,body,Lead Time and Confidence Intervals on IMS,"On raw (ungated) lead, with 95% bootstrap CIs over the n = 3 runs, the three deep reconstruction models top Table 2 with 183-198 h, followed by the one-class SVM, with Hotelling T 2 leading the control charts; the intervals are wide at n = 3, which is why the XJTU-SY, FEMTO and Ferrara campaigns follow.",,
S21.002,sentence,,,Lead Time and Confidence Intervals on IMS,body,Lead Time and Confidence Intervals on IMS,"The false-alarm budget overturns this ordering: the daggered detectors post their long leads only by flooding the pre-onset region and have no valid operating point under τ = 10%, leaving 3σ and Deep SVDD as the deployable choices (Section 6.11 makes the reordering formal).",C062,
S21.002.n01,number,10%,10%,Lead Time and Confidence Intervals on IMS,body,Lead Time and Confidence Intervals on IMS,"The false-alarm budget overturns this ordering: the daggered detectors post their long leads only by flooding the pre-onset region and have no valid operating point under τ = 10%, leaving 3σ and Deep SVDD as the deployable choices (Section 6.11 makes the reordering formal).",,
S21.003,sentence,,,Lead Time and Confidence Intervals on IMS,body,Lead Time and Confidence Intervals on IMS,The deep models score L = 0 on all three IMS runs (valid-alarm fraction 0/3) because at the 97.5th-percentile threshold their pre-onset FAR ranges from 61% on test 3 to 100% on tests 1-2.,C060,
S21.003.n01,number,0,0,Lead Time and Confidence Intervals on IMS,body,Lead Time and Confidence Intervals on IMS,The deep models score L = 0 on all three IMS runs (valid-alarm fraction 0/3) because at the 97.5th-percentile threshold their pre-onset FAR ranges from 61% on test 3 to 100% on tests 1-2.,,
S21.003.n02,number,0/3,0/3,Lead Time and Confidence Intervals on IMS,body,Lead Time and Confidence Intervals on IMS,The deep models score L = 0 on all three IMS runs (valid-alarm fraction 0/3) because at the 97.5th-percentile threshold their pre-onset FAR ranges from 61% on test 3 to 100% on tests 1-2.,,
S21.003.n03,number,97.5,97.5,Lead Time and Confidence Intervals on IMS,body,Lead Time and Confidence Intervals on IMS,The deep models score L = 0 on all three IMS runs (valid-alarm fraction 0/3) because at the 97.5th-percentile threshold their pre-onset FAR ranges from 61% on test 3 to 100% on tests 1-2.,,
S21.003.n04,number,61%,61%,Lead Time and Confidence Intervals on IMS,body,Lead Time and Confidence Intervals on IMS,The deep models score L = 0 on all three IMS runs (valid-alarm fraction 0/3) because at the 97.5th-percentile threshold their pre-onset FAR ranges from 61% on test 3 to 100% on tests 1-2.,,
S21.003.n05,number,3,3,Lead Time and Confidence Intervals on IMS,body,Lead Time and Confidence Intervals on IMS,The deep models score L = 0 on all three IMS runs (valid-alarm fraction 0/3) because at the 97.5th-percentile threshold their pre-onset FAR ranges from 61% on test 3 to 100% on tests 1-2.,,
S21.003.n06,number,100%,100%,Lead Time and Confidence Intervals on IMS,body,Lead Time and Confidence Intervals on IMS,The deep models score L = 0 on all three IMS runs (valid-alarm fraction 0/3) because at the 97.5th-percentile threshold their pre-onset FAR ranges from 61% on test 3 to 100% on tests 1-2.,,
S21.003.n07,number,1,1,Lead Time and Confidence Intervals on IMS,body,Lead Time and Confidence Intervals on IMS,The deep models score L = 0 on all three IMS runs (valid-alarm fraction 0/3) because at the 97.5th-percentile threshold their pre-onset FAR ranges from 61% on test 3 to 100% on tests 1-2.,,
S21.003.n08,number,2,2,Lead Time and Confidence Intervals on IMS,body,Lead Time and Confidence Intervals on IMS,The deep models score L = 0 on all three IMS runs (valid-alarm fraction 0/3) because at the 97.5th-percentile threshold their pre-onset FAR ranges from 61% on test 3 to 100% on tests 1-2.,,
S21.004,sentence,,,Lead Time and Confidence Intervals on IMS,body,Lead Time and Confidence Intervals on IMS,"Across the swept percentiles (Table 9) TCN-AE and Transformer-AD never attain a valid operating point, while LSTM-AE attains one at the 99.5th percentile on test 3 alone (59.67 h of lead at 4.19% pre-onset FAR, unchanged across ten random seeds), leaving its valid-alarm fraction at 1/3; its pre-onset FAR averaged across the three runs, 62.00%, is why the across-run gate of Table 2 scores it 0.0.",C061;C095,
S21.004.n01,number,99.5,99.5,Lead Time and Confidence Intervals on IMS,body,Lead Time and Confidence Intervals on IMS,"Across the swept percentiles (Table 9) TCN-AE and Transformer-AD never attain a valid operating point, while LSTM-AE attains one at the 99.5th percentile on test 3 alone (59.67 h of lead at 4.19% pre-onset FAR, unchanged across ten random seeds), leaving its valid-alarm fraction at 1/3; its pre-onset FAR averaged across the three runs, 62.00%, is why the across-run gate of Table 2 scores it 0.0.",,
S21.004.n02,number,3,3,Lead Time and Confidence Intervals on IMS,body,Lead Time and Confidence Intervals on IMS,"Across the swept percentiles (Table 9) TCN-AE and Transformer-AD never attain a valid operating point, while LSTM-AE attains one at the 99.5th percentile on test 3 alone (59.67 h of lead at 4.19% pre-onset FAR, unchanged across ten random seeds), leaving its valid-alarm fraction at 1/3; its pre-onset FAR averaged across the three runs, 62.00%, is why the across-run gate of Table 2 scores it 0.0.",,
S21.004.n03,number,59.67,59.67,Lead Time and Confidence Intervals on IMS,body,Lead Time and Confidence Intervals on IMS,"Across the swept percentiles (Table 9) TCN-AE and Transformer-AD never attain a valid operating point, while LSTM-AE attains one at the 99.5th percentile on test 3 alone (59.67 h of lead at 4.19% pre-onset FAR, unchanged across ten random seeds), leaving its valid-alarm fraction at 1/3; its pre-onset FAR averaged across the three runs, 62.00%, is why the across-run gate of Table 2 scores it 0.0.",,
S21.004.n04,number,4.19%,4.19%,Lead Time and Confidence Intervals on IMS,body,Lead Time and Confidence Intervals on IMS,"Across the swept percentiles (Table 9) TCN-AE and Transformer-AD never attain a valid operating point, while LSTM-AE attains one at the 99.5th percentile on test 3 alone (59.67 h of lead at 4.19% pre-onset FAR, unchanged across ten random seeds), leaving its valid-alarm fraction at 1/3; its pre-onset FAR averaged across the three runs, 62.00%, is why the across-run gate of Table 2 scores it 0.0.",,
S21.004.n05,number,1/3,1/3,Lead Time and Confidence Intervals on IMS,body,Lead Time and Confidence Intervals on IMS,"Across the swept percentiles (Table 9) TCN-AE and Transformer-AD never attain a valid operating point, while LSTM-AE attains one at the 99.5th percentile on test 3 alone (59.67 h of lead at 4.19% pre-onset FAR, unchanged across ten random seeds), leaving its valid-alarm fraction at 1/3; its pre-onset FAR averaged across the three runs, 62.00%, is why the across-run gate of Table 2 scores it 0.0.",,
S21.004.n06,number,62.00%,62.00%,Lead Time and Confidence Intervals on IMS,body,Lead Time and Confidence Intervals on IMS,"Across the swept percentiles (Table 9) TCN-AE and Transformer-AD never attain a valid operating point, while LSTM-AE attains one at the 99.5th percentile on test 3 alone (59.67 h of lead at 4.19% pre-onset FAR, unchanged across ten random seeds), leaving its valid-alarm fraction at 1/3; its pre-onset FAR averaged across the three runs, 62.00%, is why the across-run gate of Table 2 scores it 0.0.",,
S21.004.n07,number,0.0,0.0,Lead Time and Confidence Intervals on IMS,body,Lead Time and Confidence Intervals on IMS,"Across the swept percentiles (Table 9) TCN-AE and Transformer-AD never attain a valid operating point, while LSTM-AE attains one at the 99.5th percentile on test 3 alone (59.67 h of lead at 4.19% pre-onset FAR, unchanged across ten random seeds), leaving its valid-alarm fraction at 1/3; its pre-onset FAR averaged across the three runs, 62.00%, is why the across-run gate of Table 2 scores it 0.0.",,
S21.005,sentence,,,Lead Time and Confidence Intervals on IMS,body,Lead Time and Confidence Intervals on IMS,"Figure 1 shows the leakage-free onset and failure markers on a representative run, with the shaded training region from which the baseline statistics are computed. 6.2.",C023,
S21.005.n01,number,6.2,6.2,Lead Time and Confidence Intervals on IMS,body,Lead Time and Confidence Intervals on IMS,"Figure 1 shows the leakage-free onset and failure markers on a representative run, with the shaded training region from which the baseline statistics are computed. 6.2.",,
S21.006,sentence,,,Lead Time and Confidence Intervals on IMS,body,Lead Time and Confidence Intervals on IMS,Sensitivity of the Onset Definition,,
S22.001,sentence,,,Sensitivity of the Onset Definition,body,Sensitivity of the Onset Definition,Onset stability on IMS.,,
S22.002,sentence,,,Sensitivity of the Onset Definition,body,Sensitivity of the Onset Definition,"Across k ∈ {3, 4, 5} the default onset moves by less than two percent of run span on every run (Table 3).",C063,
S22.002.n01,number,3,3,Sensitivity of the Onset Definition,body,Sensitivity of the Onset Definition,"Across k ∈ {3, 4, 5} the default onset moves by less than two percent of run span on every run (Table 3).",,
S22.002.n02,number,4,4,Sensitivity of the Onset Definition,body,Sensitivity of the Onset Definition,"Across k ∈ {3, 4, 5} the default onset moves by less than two percent of run span on every run (Table 3).",,
S22.002.n03,number,5,5,Sensitivity of the Onset Definition,body,Sensitivity of the Onset Definition,"Across k ∈ {3, 4, 5} the default onset moves by less than two percent of run span on every run (Table 3).",,
S22.003,sentence,,,Sensitivity of the Onset Definition,body,Sensitivity of the Onset Definition,"On the first IMS test it sits at ∼98% of span, only ∼12.9 h before failure, so that run’s “pre-onset” region is almost the entire record and may already contain early degradation, which explains the conformal result below.",C064,
S22.003.n01,number,98%,98%,Sensitivity of the Onset Definition,body,Sensitivity of the Onset Definition,"On the first IMS test it sits at ∼98% of span, only ∼12.9 h before failure, so that run’s “pre-onset” region is almost the entire record and may already contain early degradation, which explains the conformal result below.",,
S22.003.n02,number,12.9,12.9,Sensitivity of the Onset Definition,body,Sensitivity of the Onset Definition,"On the first IMS test it sits at ∼98% of span, only ∼12.9 h before failure, so that run’s “pre-onset” region is almost the entire record and may already contain early degradation, which explains the conformal result below.",,
S22.004,sentence,,,Sensitivity of the Onset Definition,body,Sensitivity of the Onset Definition,Short-bearing onset stability.,,
S22.005,sentence,,,Sensitivity of the Onset Definition,body,Sensitivity of the Onset Definition,"Because the fixed-sample tolerances are a larger fraction of a sub-2-hour bearing than of a multi-week IMS run, we repeat the k sweep on all sixteen short XJTU and FEMTO bearings.",C065,
S22.005.n01,number,2,2,Sensitivity of the Onset Definition,body,Sensitivity of the Onset Definition,"Because the fixed-sample tolerances are a larger fraction of a sub-2-hour bearing than of a multi-week IMS run, we repeat the k sweep on all sixteen short XJTU and FEMTO bearings.",,
S22.006,sentence,,,Sensitivity of the Onset Definition,body,Sensitivity of the Onset Definition,"Every one yields an onset at the default k, including the shortest (XJTU Bearing2_4 at 42 min, FEMTO Bearing3_1 at 1.43 h), and the median across-k spread is 1.0 percentage points of span on XJTU and 0.15 on FEMTO, versus 1.6 on IMS.",C065,
S22.006.n01,number,42,42,Sensitivity of the Onset Definition,body,Sensitivity of the Onset Definition,"Every one yields an onset at the default k, including the shortest (XJTU Bearing2_4 at 42 min, FEMTO Bearing3_1 at 1.43 h), and the median across-k spread is 1.0 percentage points of span on XJTU and 0.15 on FEMTO, versus 1.6 on IMS.",,
S22.006.n02,number,1.43,1.43,Sensitivity of the Onset Definition,body,Sensitivity of the Onset Definition,"Every one yields an onset at the default k, including the shortest (XJTU Bearing2_4 at 42 min, FEMTO Bearing3_1 at 1.43 h), and the median across-k spread is 1.0 percentage points of span on XJTU and 0.15 on FEMTO, versus 1.6 on IMS.",,
S22.006.n03,number,1.0,1.0,Sensitivity of the Onset Definition,body,Sensitivity of the Onset Definition,"Every one yields an onset at the default k, including the shortest (XJTU Bearing2_4 at 42 min, FEMTO Bearing3_1 at 1.43 h), and the median across-k spread is 1.0 percentage points of span on XJTU and 0.15 on FEMTO, versus 1.6 on IMS.",,
S22.006.n04,number,0.15,0.15,Sensitivity of the Onset Definition,body,Sensitivity of the Onset Definition,"Every one yields an onset at the default k, including the shortest (XJTU Bearing2_4 at 42 min, FEMTO Bearing3_1 at 1.43 h), and the median across-k spread is 1.0 percentage points of span on XJTU and 0.15 on FEMTO, versus 1.6 on IMS.",,
S22.006.n05,number,1.6,1.6,Sensitivity of the Onset Definition,body,Sensitivity of the Onset Definition,"Every one yields an onset at the default k, including the shortest (XJTU Bearing2_4 at 42 min, FEMTO Bearing3_1 at 1.43 h), and the median across-k spread is 1.0 percentage points of span on XJTU and 0.15 on FEMTO, versus 1.6 on IMS.",,
S22.007,sentence,,,Sensitivity of the Onset Definition,body,Sensitivity of the Onset Definition,"The exceptions are XJTU Bearing1_2, which fires at only one of the three k values, and FEMTO Bearing1_1, with the widest spread (8.9 points); both are short-lived bearings the per-bearing analysis already flags as hard.",C019;C065,
S22.007.n01,number,8.9,8.9,Sensitivity of the Onset Definition,body,Sensitivity of the Onset Definition,"The exceptions are XJTU Bearing1_2, which fires at only one of the three k values, and FEMTO Bearing1_1, with the widest spread (8.9 points); both are short-lived bearings the per-bearing analysis already flags as hard.",,
S22.008,sentence,,,Sensitivity of the Onset Definition,body,Sensitivity of the Onset Definition,Onset under a decoupled health indicator.,C066,
S22.009,sentence,,,Sensitivity of the Onset Definition,body,Sensitivity of the Onset Definition,"Because the default indicator shares its RMS/kurtosis basis with the detectors’ features (Section 8), we recompute the onset under a kurtosis-only indicator and under the first principal component of the health channels (Table 3, right).",,
S22.010,sentence,,,Sensitivity of the Onset Definition,body,Sensitivity of the Onset Definition,"The onset is not invariant: on the slow-degrading test 2 a kurtosis-only onset fires at 98.8% of span against the default’s 61.9%, because amplitude rises before impulsiveness there, so absolute lead magnitudes depend on the indicator; test 1 agrees across all three definitions (∼98-99% of span).",C064;C066,
S22.010.n01,number,2,2,Sensitivity of the Onset Definition,body,Sensitivity of the Onset Definition,"The onset is not invariant: on the slow-degrading test 2 a kurtosis-only onset fires at 98.8% of span against the default’s 61.9%, because amplitude rises before impulsiveness there, so absolute lead magnitudes depend on the indicator; test 1 agrees across all three definitions (∼98-99% of span).",,
S22.010.n02,number,98.8%,98.8%,Sensitivity of the Onset Definition,body,Sensitivity of the Onset Definition,"The onset is not invariant: on the slow-degrading test 2 a kurtosis-only onset fires at 98.8% of span against the default’s 61.9%, because amplitude rises before impulsiveness there, so absolute lead magnitudes depend on the indicator; test 1 agrees across all three definitions (∼98-99% of span).",,
S22.010.n03,number,61.9%,61.9%,Sensitivity of the Onset Definition,body,Sensitivity of the Onset Definition,"The onset is not invariant: on the slow-degrading test 2 a kurtosis-only onset fires at 98.8% of span against the default’s 61.9%, because amplitude rises before impulsiveness there, so absolute lead magnitudes depend on the indicator; test 1 agrees across all three definitions (∼98-99% of span).",,
S22.010.n04,number,1,1,Sensitivity of the Onset Definition,body,Sensitivity of the Onset Definition,"The onset is not invariant: on the slow-degrading test 2 a kurtosis-only onset fires at 98.8% of span against the default’s 61.9%, because amplitude rises before impulsiveness there, so absolute lead magnitudes depend on the indicator; test 1 agrees across all three definitions (∼98-99% of span).",,
S22.010.n05,number,98,98,Sensitivity of the Onset Definition,body,Sensitivity of the Onset Definition,"The onset is not invariant: on the slow-degrading test 2 a kurtosis-only onset fires at 98.8% of span against the default’s 61.9%, because amplitude rises before impulsiveness there, so absolute lead magnitudes depend on the indicator; test 1 agrees across all three definitions (∼98-99% of span).",,
S22.010.n06,number,99%,99%,Sensitivity of the Onset Definition,body,Sensitivity of the Onset Definition,"The onset is not invariant: on the slow-degrading test 2 a kurtosis-only onset fires at 98.8% of span against the default’s 61.9%, because amplitude rises before impulsiveness there, so absolute lead magnitudes depend on the indicator; test 1 agrees across all three definitions (∼98-99% of span).",,
S22.011,sentence,,,Sensitivity of the Onset Definition,body,Sensitivity of the Onset Definition,"The headline is unaffected, because the aggregate-vs-decimate contrast uses raw lead time (Section 4.9), which contains no onset term: rerunning the full benchmark under the pca1 and kurt_only indicators leaves every raw-lead aggregate-decimate difference exactly unchanged, a maximum absolute deviation of 0.000 h across all 99 dataset × detector × indicator cells.",C067,
S22.011.n01,number,0.000,0.000,Sensitivity of the Onset Definition,body,Sensitivity of the Onset Definition,"The headline is unaffected, because the aggregate-vs-decimate contrast uses raw lead time (Section 4.9), which contains no onset term: rerunning the full benchmark under the pca1 and kurt_only indicators leaves every raw-lead aggregate-decimate difference exactly unchanged, a maximum absolute deviation of 0.000 h across all 99 dataset × detector × indicator cells.",,
S22.011.n02,number,99,99,Sensitivity of the Onset Definition,body,Sensitivity of the Onset Definition,"The headline is unaffected, because the aggregate-vs-decimate contrast uses raw lead time (Section 4.9), which contains no onset term: rerunning the full benchmark under the pca1 and kurt_only indicators leaves every raw-lead aggregate-decimate difference exactly unchanged, a maximum absolute deviation of 0.000 h across all 99 dataset × detector × indicator cells.",,
S22.012,sentence,,,Sensitivity of the Onset Definition,body,Sensitivity of the Onset Definition,"Over persistence ∈ {1, 3, 5, 10} windows (default 3; Table 4a) the median direction is stable but its run-level consistency is not: 3σ has one negative run at the default (n+/n- = 2/1, 3/0 elsewhere), EWMA is 2/1 at persistence 1, 3 and 5 and 3/0 only at 10, and Isolation Forest turns slightly negative at persistence 5.",C042,
S22.012.n01,number,1,1,Sensitivity of the Onset Definition,body,Sensitivity of the Onset Definition,"Over persistence ∈ {1, 3, 5, 10} windows (default 3; Table 4a) the median direction is stable but its run-level consistency is not: 3σ has one negative run at the default (n+/n- = 2/1, 3/0 elsewhere), EWMA is 2/1 at persistence 1, 3 and 5 and 3/0 only at 10, and Isolation Forest turns slightly negative at persistence 5.",,
S22.012.n02,number,3,3,Sensitivity of the Onset Definition,body,Sensitivity of the Onset Definition,"Over persistence ∈ {1, 3, 5, 10} windows (default 3; Table 4a) the median direction is stable but its run-level consistency is not: 3σ has one negative run at the default (n+/n- = 2/1, 3/0 elsewhere), EWMA is 2/1 at persistence 1, 3 and 5 and 3/0 only at 10, and Isolation Forest turns slightly negative at persistence 5.",,
S22.012.n03,number,5,5,Sensitivity of the Onset Definition,body,Sensitivity of the Onset Definition,"Over persistence ∈ {1, 3, 5, 10} windows (default 3; Table 4a) the median direction is stable but its run-level consistency is not: 3σ has one negative run at the default (n+/n- = 2/1, 3/0 elsewhere), EWMA is 2/1 at persistence 1, 3 and 5 and 3/0 only at 10, and Isolation Forest turns slightly negative at persistence 5.",,
S22.012.n04,number,10,10,Sensitivity of the Onset Definition,body,Sensitivity of the Onset Definition,"Over persistence ∈ {1, 3, 5, 10} windows (default 3; Table 4a) the median direction is stable but its run-level consistency is not: 3σ has one negative run at the default (n+/n- = 2/1, 3/0 elsewhere), EWMA is 2/1 at persistence 1, 3 and 5 and 3/0 only at 10, and Isolation Forest turns slightly negative at persistence 5.",,
S22.012.n05,number,3,3,Sensitivity of the Onset Definition,body,Sensitivity of the Onset Definition,"Over persistence ∈ {1, 3, 5, 10} windows (default 3; Table 4a) the median direction is stable but its run-level consistency is not: 3σ has one negative run at the default (n+/n- = 2/1, 3/0 elsewhere), EWMA is 2/1 at persistence 1, 3 and 5 and 3/0 only at 10, and Isolation Forest turns slightly negative at persistence 5.",,
S22.012.n06,number,2/1,2/1,Sensitivity of the Onset Definition,body,Sensitivity of the Onset Definition,"Over persistence ∈ {1, 3, 5, 10} windows (default 3; Table 4a) the median direction is stable but its run-level consistency is not: 3σ has one negative run at the default (n+/n- = 2/1, 3/0 elsewhere), EWMA is 2/1 at persistence 1, 3 and 5 and 3/0 only at 10, and Isolation Forest turns slightly negative at persistence 5.",,
S22.012.n07,number,3/0,3/0,Sensitivity of the Onset Definition,body,Sensitivity of the Onset Definition,"Over persistence ∈ {1, 3, 5, 10} windows (default 3; Table 4a) the median direction is stable but its run-level consistency is not: 3σ has one negative run at the default (n+/n- = 2/1, 3/0 elsewhere), EWMA is 2/1 at persistence 1, 3 and 5 and 3/0 only at 10, and Isolation Forest turns slightly negative at persistence 5.",,
S22.012.n08,number,2/1,2/1,Sensitivity of the Onset Definition,body,Sensitivity of the Onset Definition,"Over persistence ∈ {1, 3, 5, 10} windows (default 3; Table 4a) the median direction is stable but its run-level consistency is not: 3σ has one negative run at the default (n+/n- = 2/1, 3/0 elsewhere), EWMA is 2/1 at persistence 1, 3 and 5 and 3/0 only at 10, and Isolation Forest turns slightly negative at persistence 5.",,
S22.012.n09,number,1,1,Sensitivity of the Onset Definition,body,Sensitivity of the Onset Definition,"Over persistence ∈ {1, 3, 5, 10} windows (default 3; Table 4a) the median direction is stable but its run-level consistency is not: 3σ has one negative run at the default (n+/n- = 2/1, 3/0 elsewhere), EWMA is 2/1 at persistence 1, 3 and 5 and 3/0 only at 10, and Isolation Forest turns slightly negative at persistence 5.",,
S22.012.n10,number,3,3,Sensitivity of the Onset Definition,body,Sensitivity of the Onset Definition,"Over persistence ∈ {1, 3, 5, 10} windows (default 3; Table 4a) the median direction is stable but its run-level consistency is not: 3σ has one negative run at the default (n+/n- = 2/1, 3/0 elsewhere), EWMA is 2/1 at persistence 1, 3 and 5 and 3/0 only at 10, and Isolation Forest turns slightly negative at persistence 5.",,
S22.012.n11,number,5,5,Sensitivity of the Onset Definition,body,Sensitivity of the Onset Definition,"Over persistence ∈ {1, 3, 5, 10} windows (default 3; Table 4a) the median direction is stable but its run-level consistency is not: 3σ has one negative run at the default (n+/n- = 2/1, 3/0 elsewhere), EWMA is 2/1 at persistence 1, 3 and 5 and 3/0 only at 10, and Isolation Forest turns slightly negative at persistence 5.",,
S22.012.n12,number,3/0,3/0,Sensitivity of the Onset Definition,body,Sensitivity of the Onset Definition,"Over persistence ∈ {1, 3, 5, 10} windows (default 3; Table 4a) the median direction is stable but its run-level consistency is not: 3σ has one negative run at the default (n+/n- = 2/1, 3/0 elsewhere), EWMA is 2/1 at persistence 1, 3 and 5 and 3/0 only at 10, and Isolation Forest turns slightly negative at persistence 5.",,
S22.012.n13,number,10,10,Sensitivity of the Onset Definition,body,Sensitivity of the Onset Definition,"Over persistence ∈ {1, 3, 5, 10} windows (default 3; Table 4a) the median direction is stable but its run-level consistency is not: 3σ has one negative run at the default (n+/n- = 2/1, 3/0 elsewhere), EWMA is 2/1 at persistence 1, 3 and 5 and 3/0 only at 10, and Isolation Forest turns slightly negative at persistence 5.",,
S22.012.n14,number,5,5,Sensitivity of the Onset Definition,body,Sensitivity of the Onset Definition,"Over persistence ∈ {1, 3, 5, 10} windows (default 3; Table 4a) the median direction is stable but its run-level consistency is not: 3σ has one negative run at the default (n+/n- = 2/1, 3/0 elsewhere), EWMA is 2/1 at persistence 1, 3 and 5 and 3/0 only at 10, and Isolation Forest turns slightly negative at persistence 5.",,
S22.013,sentence,,,Sensitivity of the Onset Definition,body,Sensitivity of the Onset Definition,"The 3σ valid-alarm fraction stays 0.67 at full resolution but, pooled over the sampling sweep, falls from 0.67 to 0.33 by persistence 10, so a longer filter costs the deployable chart valid alarms at SCADA rates.",C045;C062,
S22.013.n01,number,0.67,0.67,Sensitivity of the Onset Definition,body,Sensitivity of the Onset Definition,"The 3σ valid-alarm fraction stays 0.67 at full resolution but, pooled over the sampling sweep, falls from 0.67 to 0.33 by persistence 10, so a longer filter costs the deployable chart valid alarms at SCADA rates.",,
S22.013.n02,number,0.67,0.67,Sensitivity of the Onset Definition,body,Sensitivity of the Onset Definition,"The 3σ valid-alarm fraction stays 0.67 at full resolution but, pooled over the sampling sweep, falls from 0.67 to 0.33 by persistence 10, so a longer filter costs the deployable chart valid alarms at SCADA rates.",,
S22.013.n03,number,0.33,0.33,Sensitivity of the Onset Definition,body,Sensitivity of the Onset Definition,"The 3σ valid-alarm fraction stays 0.67 at full resolution but, pooled over the sampling sweep, falls from 0.67 to 0.33 by persistence 10, so a longer filter costs the deployable chart valid alarms at SCADA rates.",,
S22.013.n04,number,10,10,Sensitivity of the Onset Definition,body,Sensitivity of the Onset Definition,"The 3σ valid-alarm fraction stays 0.67 at full resolution but, pooled over the sampling sweep, falls from 0.67 to 0.33 by persistence 10, so a longer filter costs the deployable chart valid alarms at SCADA rates.",,
S22.014,sentence,,,Sensitivity of the Onset Definition,body,Sensitivity of the Onset Definition,Missing-data (historian-gap) robustness.,,
S22.015,sentence,,,Sensitivity of the Onset Definition,body,Sensitivity of the Onset Definition,"Real historians drop records, so we set 5% and 20% of snapshot rows to missing (NaN, timestamp retained) and re-measure lead time on IMS and XJTU-SY over five independent draws per level (Table 4b), since a single random draw cannot separate a gap effect from the draw.",C069;C070,
S22.015.n01,number,5%,5%,Sensitivity of the Onset Definition,body,Sensitivity of the Onset Definition,"Real historians drop records, so we set 5% and 20% of snapshot rows to missing (NaN, timestamp retained) and re-measure lead time on IMS and XJTU-SY over five independent draws per level (Table 4b), since a single random draw cannot separate a gap effect from the draw.",,
S22.015.n02,number,20%,20%,Sensitivity of the Onset Definition,body,Sensitivity of the Onset Definition,"Real historians drop records, so we set 5% and 20% of snapshot rows to missing (NaN, timestamp retained) and re-measure lead time on IMS and XJTU-SY over five independent draws per level (Table 4b), since a single random draw cannot separate a gap effect from the draw.",,
S22.016,sentence,,,Sensitivity of the Onset Definition,body,Sensitivity of the Onset Definition,"At 20% every Table 4b detector on both datasets stays inside the ±1 h margin but one: the across-draw mean change is +0.83 h for 3σ on IMS and -0.04 h on XJTU-SY, -0.08 and -0.12 h for EWMA, -0.67 and -0.02 h for CUSUM, and -0.92 and -0.07 h for Isolation Forest.",,
S22.016.n01,number,20%,20%,Sensitivity of the Onset Definition,body,Sensitivity of the Onset Definition,"At 20% every Table 4b detector on both datasets stays inside the ±1 h margin but one: the across-draw mean change is +0.83 h for 3σ on IMS and -0.04 h on XJTU-SY, -0.08 and -0.12 h for EWMA, -0.67 and -0.02 h for CUSUM, and -0.92 and -0.07 h for Isolation Forest.",,
S22.016.n02,number,±1,±1,Sensitivity of the Onset Definition,body,Sensitivity of the Onset Definition,"At 20% every Table 4b detector on both datasets stays inside the ±1 h margin but one: the across-draw mean change is +0.83 h for 3σ on IMS and -0.04 h on XJTU-SY, -0.08 and -0.12 h for EWMA, -0.67 and -0.02 h for CUSUM, and -0.92 and -0.07 h for Isolation Forest.",,
S22.016.n03,number,0.83,+0.83,Sensitivity of the Onset Definition,body,Sensitivity of the Onset Definition,"At 20% every Table 4b detector on both datasets stays inside the ±1 h margin but one: the across-draw mean change is +0.83 h for 3σ on IMS and -0.04 h on XJTU-SY, -0.08 and -0.12 h for EWMA, -0.67 and -0.02 h for CUSUM, and -0.92 and -0.07 h for Isolation Forest.",,
S22.016.n04,number,-0.04,-0.04,Sensitivity of the Onset Definition,body,Sensitivity of the Onset Definition,"At 20% every Table 4b detector on both datasets stays inside the ±1 h margin but one: the across-draw mean change is +0.83 h for 3σ on IMS and -0.04 h on XJTU-SY, -0.08 and -0.12 h for EWMA, -0.67 and -0.02 h for CUSUM, and -0.92 and -0.07 h for Isolation Forest.",,
S22.016.n05,number,-0.08,-0.08,Sensitivity of the Onset Definition,body,Sensitivity of the Onset Definition,"At 20% every Table 4b detector on both datasets stays inside the ±1 h margin but one: the across-draw mean change is +0.83 h for 3σ on IMS and -0.04 h on XJTU-SY, -0.08 and -0.12 h for EWMA, -0.67 and -0.02 h for CUSUM, and -0.92 and -0.07 h for Isolation Forest.",,
S22.016.n06,number,-0.12,-0.12,Sensitivity of the Onset Definition,body,Sensitivity of the Onset Definition,"At 20% every Table 4b detector on both datasets stays inside the ±1 h margin but one: the across-draw mean change is +0.83 h for 3σ on IMS and -0.04 h on XJTU-SY, -0.08 and -0.12 h for EWMA, -0.67 and -0.02 h for CUSUM, and -0.92 and -0.07 h for Isolation Forest.",,
S22.016.n07,number,-0.67,-0.67,Sensitivity of the Onset Definition,body,Sensitivity of the Onset Definition,"At 20% every Table 4b detector on both datasets stays inside the ±1 h margin but one: the across-draw mean change is +0.83 h for 3σ on IMS and -0.04 h on XJTU-SY, -0.08 and -0.12 h for EWMA, -0.67 and -0.02 h for CUSUM, and -0.92 and -0.07 h for Isolation Forest.",,
S22.016.n08,number,-0.02,-0.02,Sensitivity of the Onset Definition,body,Sensitivity of the Onset Definition,"At 20% every Table 4b detector on both datasets stays inside the ±1 h margin but one: the across-draw mean change is +0.83 h for 3σ on IMS and -0.04 h on XJTU-SY, -0.08 and -0.12 h for EWMA, -0.67 and -0.02 h for CUSUM, and -0.92 and -0.07 h for Isolation Forest.",,
S22.016.n09,number,-0.92,-0.92,Sensitivity of the Onset Definition,body,Sensitivity of the Onset Definition,"At 20% every Table 4b detector on both datasets stays inside the ±1 h margin but one: the across-draw mean change is +0.83 h for 3σ on IMS and -0.04 h on XJTU-SY, -0.08 and -0.12 h for EWMA, -0.67 and -0.02 h for CUSUM, and -0.92 and -0.07 h for Isolation Forest.",,
S22.016.n10,number,-0.07,-0.07,Sensitivity of the Onset Definition,body,Sensitivity of the Onset Definition,"At 20% every Table 4b detector on both datasets stays inside the ±1 h margin but one: the across-draw mean change is +0.83 h for 3σ on IMS and -0.04 h on XJTU-SY, -0.08 and -0.12 h for EWMA, -0.67 and -0.02 h for CUSUM, and -0.92 and -0.07 h for Isolation Forest.",,
S22.017,sentence,,,Sensitivity of the Onset Definition,body,Sensitivity of the Onset Definition,"The exception is Hotelling T 2 on IMS, which loses 51.2 h on average, bimodally across draws (0 to 128.1 h), according to whether a draw removes the rows carrying test 3’s early alarm.",C069,
S22.017.n01,number,51.2,51.2,Sensitivity of the Onset Definition,body,Sensitivity of the Onset Definition,"The exception is Hotelling T 2 on IMS, which loses 51.2 h on average, bimodally across draws (0 to 128.1 h), according to whether a draw removes the rows carrying test 3’s early alarm.",,
S22.017.n02,number,0,0,Sensitivity of the Onset Definition,body,Sensitivity of the Onset Definition,"The exception is Hotelling T 2 on IMS, which loses 51.2 h on average, bimodally across draws (0 to 128.1 h), according to whether a draw removes the rows carrying test 3’s early alarm.",,
S22.017.n03,number,128.1,128.1,Sensitivity of the Onset Definition,body,Sensitivity of the Onset Definition,"The exception is Hotelling T 2 on IMS, which loses 51.2 h on average, bimodally across draws (0 to 128.1 h), according to whether a draw removes the rows carrying test 3’s early alarm.",,
S22.017.n04,number,3,3,Sensitivity of the Onset Definition,body,Sensitivity of the Onset Definition,"The exception is Hotelling T 2 on IMS, which loses 51.2 h on average, bimodally across draws (0 to 128.1 h), according to whether a draw removes the rows carrying test 3’s early alarm.",,
S22.018,sentence,,,Sensitivity of the Onset Definition,body,Sensitivity of the Onset Definition,"It collapses in 2 of the 5 draws at 20%, giving an across-draw mean of 134.9 h over a range of 58.0-186.1 h, and the collapse is driven by a single run (test 3 falls from 315.9 to 59.7 h).",,
S22.018.n01,number,2,2,Sensitivity of the Onset Definition,body,Sensitivity of the Onset Definition,"It collapses in 2 of the 5 draws at 20%, giving an across-draw mean of 134.9 h over a range of 58.0-186.1 h, and the collapse is driven by a single run (test 3 falls from 315.9 to 59.7 h).",,
S22.018.n02,number,5,5,Sensitivity of the Onset Definition,body,Sensitivity of the Onset Definition,"It collapses in 2 of the 5 draws at 20%, giving an across-draw mean of 134.9 h over a range of 58.0-186.1 h, and the collapse is driven by a single run (test 3 falls from 315.9 to 59.7 h).",,
S22.018.n03,number,20%,20%,Sensitivity of the Onset Definition,body,Sensitivity of the Onset Definition,"It collapses in 2 of the 5 draws at 20%, giving an across-draw mean of 134.9 h over a range of 58.0-186.1 h, and the collapse is driven by a single run (test 3 falls from 315.9 to 59.7 h).",,
S22.018.n04,number,134.9,134.9,Sensitivity of the Onset Definition,body,Sensitivity of the Onset Definition,"It collapses in 2 of the 5 draws at 20%, giving an across-draw mean of 134.9 h over a range of 58.0-186.1 h, and the collapse is driven by a single run (test 3 falls from 315.9 to 59.7 h).",,
S22.018.n05,number,58.0,58.0,Sensitivity of the Onset Definition,body,Sensitivity of the Onset Definition,"It collapses in 2 of the 5 draws at 20%, giving an across-draw mean of 134.9 h over a range of 58.0-186.1 h, and the collapse is driven by a single run (test 3 falls from 315.9 to 59.7 h).",,
S22.018.n06,number,186.1,186.1,Sensitivity of the Onset Definition,body,Sensitivity of the Onset Definition,"It collapses in 2 of the 5 draws at 20%, giving an across-draw mean of 134.9 h over a range of 58.0-186.1 h, and the collapse is driven by a single run (test 3 falls from 315.9 to 59.7 h).",,
S22.018.n07,number,3,3,Sensitivity of the Onset Definition,body,Sensitivity of the Onset Definition,"It collapses in 2 of the 5 draws at 20%, giving an across-draw mean of 134.9 h over a range of 58.0-186.1 h, and the collapse is driven by a single run (test 3 falls from 315.9 to 59.7 h).",,
S22.018.n08,number,315.9,315.9,Sensitivity of the Onset Definition,body,Sensitivity of the Onset Definition,"It collapses in 2 of the 5 draws at 20%, giving an across-draw mean of 134.9 h over a range of 58.0-186.1 h, and the collapse is driven by a single run (test 3 falls from 315.9 to 59.7 h).",,
S22.018.n09,number,59.7,59.7,Sensitivity of the Onset Definition,body,Sensitivity of the Onset Definition,"It collapses in 2 of the 5 draws at 20%, giving an across-draw mean of 134.9 h over a range of 58.0-186.1 h, and the collapse is driven by a single run (test 3 falls from 315.9 to 59.7 h).",,
S22.019,sentence,,,Sensitivity of the Onset Definition,body,Sensitivity of the Onset Definition,"At 5% missing, Hotelling T 2 and EWMA are unchanged in every draw on IMS, and no chart’s per-draw mean lead moves by more than 0.83 h; an earlier single-draw run reported a 128.1 h collapse already at 5%, a property of that draw that we do not state.",C069;C070,
S22.019.n01,number,5%,5%,Sensitivity of the Onset Definition,body,Sensitivity of the Onset Definition,"At 5% missing, Hotelling T 2 and EWMA are unchanged in every draw on IMS, and no chart’s per-draw mean lead moves by more than 0.83 h; an earlier single-draw run reported a 128.1 h collapse already at 5%, a property of that draw that we do not state.",,
S22.019.n02,number,0.83,0.83,Sensitivity of the Onset Definition,body,Sensitivity of the Onset Definition,"At 5% missing, Hotelling T 2 and EWMA are unchanged in every draw on IMS, and no chart’s per-draw mean lead moves by more than 0.83 h; an earlier single-draw run reported a 128.1 h collapse already at 5%, a property of that draw that we do not state.",,
S22.019.n03,number,128.1,128.1,Sensitivity of the Onset Definition,body,Sensitivity of the Onset Definition,"At 5% missing, Hotelling T 2 and EWMA are unchanged in every draw on IMS, and no chart’s per-draw mean lead moves by more than 0.83 h; an earlier single-draw run reported a 128.1 h collapse already at 5%, a property of that draw that we do not state.",,
S22.019.n04,number,5%,5%,Sensitivity of the Onset Definition,body,Sensitivity of the Onset Definition,"At 5% missing, Hotelling T 2 and EWMA are unchanged in every draw on IMS, and no chart’s per-draw mean lead moves by more than 0.83 h; an earlier single-draw run reported a 128.1 h collapse already at 5%, a property of that draw that we do not state.",,
S22.020,sentence,,,Sensitivity of the Onset Definition,body,Sensitivity of the Onset Definition,"Valid-alarm fractions are unchanged on IMS (2/3 for every Table 4b detector at every gap level, in every draw) and move by at most two bearings on XJTU-SY; apart from Hotelling T 2 on IMS at 20%, every cell of Table 4b varies across draws by less than 3.4 h on IMS and 0.37 h on XJTU-SY.",,
S22.020.n01,number,2/3,2/3,Sensitivity of the Onset Definition,body,Sensitivity of the Onset Definition,"Valid-alarm fractions are unchanged on IMS (2/3 for every Table 4b detector at every gap level, in every draw) and move by at most two bearings on XJTU-SY; apart from Hotelling T 2 on IMS at 20%, every cell of Table 4b varies across draws by less than 3.4 h on IMS and 0.37 h on XJTU-SY.",,
S22.020.n02,number,20%,20%,Sensitivity of the Onset Definition,body,Sensitivity of the Onset Definition,"Valid-alarm fractions are unchanged on IMS (2/3 for every Table 4b detector at every gap level, in every draw) and move by at most two bearings on XJTU-SY; apart from Hotelling T 2 on IMS at 20%, every cell of Table 4b varies across draws by less than 3.4 h on IMS and 0.37 h on XJTU-SY.",,
S22.020.n03,number,3.4,3.4,Sensitivity of the Onset Definition,body,Sensitivity of the Onset Definition,"Valid-alarm fractions are unchanged on IMS (2/3 for every Table 4b detector at every gap level, in every draw) and move by at most two bearings on XJTU-SY; apart from Hotelling T 2 on IMS at 20%, every cell of Table 4b varies across draws by less than 3.4 h on IMS and 0.37 h on XJTU-SY.",,
S22.020.n04,number,0.37,0.37,Sensitivity of the Onset Definition,body,Sensitivity of the Onset Definition,"Valid-alarm fractions are unchanged on IMS (2/3 for every Table 4b detector at every gap level, in every draw) and move by at most two bearings on XJTU-SY; apart from Hotelling T 2 on IMS at 20%, every cell of Table 4b varies across draws by less than 3.4 h on IMS and 0.37 h on XJTU-SY.",,
S22.021,sentence,,,Sensitivity of the Onset Definition,body,Sensitivity of the Onset Definition,"We therefore claim gap-tolerance for the univariate charts and Isolation Forest—at most 1 h of lost warning at 20% missing rows on either dataset—and explicitly not for Hotelling T 2, whose full covariance estimate can lose far more on a short-runway dataset, draw-dependently at n = 3.",C069;C071,
S22.021.n01,number,1,1,Sensitivity of the Onset Definition,body,Sensitivity of the Onset Definition,"We therefore claim gap-tolerance for the univariate charts and Isolation Forest—at most 1 h of lost warning at 20% missing rows on either dataset—and explicitly not for Hotelling T 2, whose full covariance estimate can lose far more on a short-runway dataset, draw-dependently at n = 3.",,
S22.021.n02,number,20%,20%,Sensitivity of the Onset Definition,body,Sensitivity of the Onset Definition,"We therefore claim gap-tolerance for the univariate charts and Isolation Forest—at most 1 h of lost warning at 20% missing rows on either dataset—and explicitly not for Hotelling T 2, whose full covariance estimate can lose far more on a short-runway dataset, draw-dependently at n = 3.",,
S22.021.n03,number,3,3,Sensitivity of the Onset Definition,body,Sensitivity of the Onset Definition,"We therefore claim gap-tolerance for the univariate charts and Isolation Forest—at most 1 h of lost warning at 20% missing rows on either dataset—and explicitly not for Hotelling T 2, whose full covariance estimate can lose far more on a short-runway dataset, draw-dependently at n = 3.",,
S23.001,sentence,,,Generalization to XJTU-SY ($n=10$ bearings),body,Generalization to XJTU-SY ($n=10$ bearings),"On the ten XJTU-SY bearings the IMS “aggregation helps” trend does not replicate (Table 5): the run-level median difference is 0 h for ten of the eleven detectors (-0.10 h for Isolation Forest), no sign test is significant (p ≥ 0.18) and no direction is consistent across bearings, while per-run differences stay within a few minutes, so aggregation does not destroy lead time either.",C007;C011;C036;C041;C053;C076,
S23.001.n01,number,0,0,Generalization to XJTU-SY ($n=10$ bearings),body,Generalization to XJTU-SY ($n=10$ bearings),"On the ten XJTU-SY bearings the IMS “aggregation helps” trend does not replicate (Table 5): the run-level median difference is 0 h for ten of the eleven detectors (-0.10 h for Isolation Forest), no sign test is significant (p ≥ 0.18) and no direction is consistent across bearings, while per-run differences stay within a few minutes, so aggregation does not destroy lead time either.",,
S23.001.n02,number,-0.10,-0.10,Generalization to XJTU-SY ($n=10$ bearings),body,Generalization to XJTU-SY ($n=10$ bearings),"On the ten XJTU-SY bearings the IMS “aggregation helps” trend does not replicate (Table 5): the run-level median difference is 0 h for ten of the eleven detectors (-0.10 h for Isolation Forest), no sign test is significant (p ≥ 0.18) and no direction is consistent across bearings, while per-run differences stay within a few minutes, so aggregation does not destroy lead time either.",,
S23.001.n03,number,0.18,0.18,Generalization to XJTU-SY ($n=10$ bearings),body,Generalization to XJTU-SY ($n=10$ bearings),"On the ten XJTU-SY bearings the IMS “aggregation helps” trend does not replicate (Table 5): the run-level median difference is 0 h for ten of the eleven detectors (-0.10 h for Isolation Forest), no sign test is significant (p ≥ 0.18) and no direction is consistent across bearings, while per-run differences stay within a few minutes, so aggregation does not destroy lead time either.",,
S23.002,sentence,,,Generalization to XJTU-SY ($n=10$ bearings),body,Generalization to XJTU-SY ($n=10$ bearings),"Absolute leads are short (0-3.5 h) because the bearings are short-lived (52-533 min): over the five window-magnitude detectors (3σ, EWMA, Hotelling T 2, Isolation Forest and the RMS-trend floor, as in Table 7), 209/450 evaluations yield a valid alarm, and the shortest-lived and abrupt-failure bearings are hard or impossible to warn on under any mechanism.",C019;C037;C077,
S23.002.n01,number,0,0,Generalization to XJTU-SY ($n=10$ bearings),body,Generalization to XJTU-SY ($n=10$ bearings),"Absolute leads are short (0-3.5 h) because the bearings are short-lived (52-533 min): over the five window-magnitude detectors (3σ, EWMA, Hotelling T 2, Isolation Forest and the RMS-trend floor, as in Table 7), 209/450 evaluations yield a valid alarm, and the shortest-lived and abrupt-failure bearings are hard or impossible to warn on under any mechanism.",,
S23.002.n02,number,3.5,3.5,Generalization to XJTU-SY ($n=10$ bearings),body,Generalization to XJTU-SY ($n=10$ bearings),"Absolute leads are short (0-3.5 h) because the bearings are short-lived (52-533 min): over the five window-magnitude detectors (3σ, EWMA, Hotelling T 2, Isolation Forest and the RMS-trend floor, as in Table 7), 209/450 evaluations yield a valid alarm, and the shortest-lived and abrupt-failure bearings are hard or impossible to warn on under any mechanism.",,
S23.002.n03,number,52,52,Generalization to XJTU-SY ($n=10$ bearings),body,Generalization to XJTU-SY ($n=10$ bearings),"Absolute leads are short (0-3.5 h) because the bearings are short-lived (52-533 min): over the five window-magnitude detectors (3σ, EWMA, Hotelling T 2, Isolation Forest and the RMS-trend floor, as in Table 7), 209/450 evaluations yield a valid alarm, and the shortest-lived and abrupt-failure bearings are hard or impossible to warn on under any mechanism.",,
S23.002.n04,number,533,533,Generalization to XJTU-SY ($n=10$ bearings),body,Generalization to XJTU-SY ($n=10$ bearings),"Absolute leads are short (0-3.5 h) because the bearings are short-lived (52-533 min): over the five window-magnitude detectors (3σ, EWMA, Hotelling T 2, Isolation Forest and the RMS-trend floor, as in Table 7), 209/450 evaluations yield a valid alarm, and the shortest-lived and abrupt-failure bearings are hard or impossible to warn on under any mechanism.",,
S23.002.n05,number,450,450,Generalization to XJTU-SY ($n=10$ bearings),body,Generalization to XJTU-SY ($n=10$ bearings),"Absolute leads are short (0-3.5 h) because the bearings are short-lived (52-533 min): over the five window-magnitude detectors (3σ, EWMA, Hotelling T 2, Isolation Forest and the RMS-trend floor, as in Table 7), 209/450 evaluations yield a valid alarm, and the shortest-lived and abrupt-failure bearings are hard or impossible to warn on under any mechanism.",,
S23.003,sentence,,,Generalization to XJTU-SY ($n=10$ bearings),body,Generalization to XJTU-SY ($n=10$ bearings),"Only the three longest-lived bearings form a length-30 sequence, so each deep sequence model is N/A in 76/90 cells, a consequence of short runs rather than tuning; where they run, their difference is null too.",C078,
S23.003.n01,number,30,30,Generalization to XJTU-SY ($n=10$ bearings),body,Generalization to XJTU-SY ($n=10$ bearings),"Only the three longest-lived bearings form a length-30 sequence, so each deep sequence model is N/A in 76/90 cells, a consequence of short runs rather than tuning; where they run, their difference is null too.",,
S23.003.n02,number,76/90,76/90,Generalization to XJTU-SY ($n=10$ bearings),body,Generalization to XJTU-SY ($n=10$ bearings),"Only the three longest-lived bearings form a length-30 sequence, so each deep sequence model is N/A in 76/90 cells, a consequence of short runs rather than tuning; where they run, their difference is null too.",,
S23.004,sentence,,,Generalization to XJTU-SY ($n=10$ bearings),body,Generalization to XJTU-SY ($n=10$ bearings),"Halving the sequence length to 15 windows makes only one more short bearing usable, and the deep models still yield a valid alarm on at most one of the ten bearings.",C078,
S23.004.n01,number,15,15,Generalization to XJTU-SY ($n=10$ bearings),body,Generalization to XJTU-SY ($n=10$ bearings),"Halving the sequence length to 15 windows makes only one more short bearing usable, and the deep models still yield a valid alarm on at most one of the ten bearings.",,
S23.005,sentence,,,Generalization to XJTU-SY ($n=10$ bearings),body,Generalization to XJTU-SY ($n=10$ bearings),"Figure 2 summarizes the cross-dataset picture: a positive but non-significant median shift on IMS that is not consistent across its three runs, and null effects on XJTU-SY, FEMTO, Ferrara and ONGC, every interval inside the ±1 h margin.",C042,
S23.005.n01,number,±1,±1,Generalization to XJTU-SY ($n=10$ bearings),body,Generalization to XJTU-SY ($n=10$ bearings),"Figure 2 summarizes the cross-dataset picture: a positive but non-significant median shift on IMS that is not consistent across its three runs, and null effects on XJTU-SY, FEMTO, Ferrara and ONGC, every interval inside the ±1 h margin.",,
S24.001,sentence,,,Generalization to FEMTO/PRONOSTIA ($n=6$ bearings),body,Generalization to FEMTO/PRONOSTIA ($n=6$ bearings),"All six FEMTO Learning_set bearings are long enough for every detector, including the deep reconstruction models, to run on the full n = 6, and the verdict matches XJTU-SY (Table 5): every run-level median difference is within ±9 min, only LSTM-AE and Transformer-AD are sign-consistent, both negative (0/3 and 0/4 non-zero runs), and the smallest sign-test p is 0.125 (Transformer-AD, raw), which does not survive Holm correction.",C017;C039;C043;C044;C080,
S24.001.n01,number,6,6,Generalization to FEMTO/PRONOSTIA ($n=6$ bearings),body,Generalization to FEMTO/PRONOSTIA ($n=6$ bearings),"All six FEMTO Learning_set bearings are long enough for every detector, including the deep reconstruction models, to run on the full n = 6, and the verdict matches XJTU-SY (Table 5): every run-level median difference is within ±9 min, only LSTM-AE and Transformer-AD are sign-consistent, both negative (0/3 and 0/4 non-zero runs), and the smallest sign-test p is 0.125 (Transformer-AD, raw), which does not survive Holm correction.",,
S24.001.n02,number,±9,±9,Generalization to FEMTO/PRONOSTIA ($n=6$ bearings),body,Generalization to FEMTO/PRONOSTIA ($n=6$ bearings),"All six FEMTO Learning_set bearings are long enough for every detector, including the deep reconstruction models, to run on the full n = 6, and the verdict matches XJTU-SY (Table 5): every run-level median difference is within ±9 min, only LSTM-AE and Transformer-AD are sign-consistent, both negative (0/3 and 0/4 non-zero runs), and the smallest sign-test p is 0.125 (Transformer-AD, raw), which does not survive Holm correction.",,
S24.001.n03,number,0/3,0/3,Generalization to FEMTO/PRONOSTIA ($n=6$ bearings),body,Generalization to FEMTO/PRONOSTIA ($n=6$ bearings),"All six FEMTO Learning_set bearings are long enough for every detector, including the deep reconstruction models, to run on the full n = 6, and the verdict matches XJTU-SY (Table 5): every run-level median difference is within ±9 min, only LSTM-AE and Transformer-AD are sign-consistent, both negative (0/3 and 0/4 non-zero runs), and the smallest sign-test p is 0.125 (Transformer-AD, raw), which does not survive Holm correction.",,
S24.001.n04,number,0/4,0/4,Generalization to FEMTO/PRONOSTIA ($n=6$ bearings),body,Generalization to FEMTO/PRONOSTIA ($n=6$ bearings),"All six FEMTO Learning_set bearings are long enough for every detector, including the deep reconstruction models, to run on the full n = 6, and the verdict matches XJTU-SY (Table 5): every run-level median difference is within ±9 min, only LSTM-AE and Transformer-AD are sign-consistent, both negative (0/3 and 0/4 non-zero runs), and the smallest sign-test p is 0.125 (Transformer-AD, raw), which does not survive Holm correction.",,
S24.001.n05,number,0.125,0.125,Generalization to FEMTO/PRONOSTIA ($n=6$ bearings),body,Generalization to FEMTO/PRONOSTIA ($n=6$ bearings),"All six FEMTO Learning_set bearings are long enough for every detector, including the deep reconstruction models, to run on the full n = 6, and the verdict matches XJTU-SY (Table 5): every run-level median difference is within ±9 min, only LSTM-AE and Transformer-AD are sign-consistent, both negative (0/3 and 0/4 non-zero runs), and the smallest sign-test p is 0.125 (Transformer-AD, raw), which does not survive Holm correction.",,
S24.002,sentence,,,Generalization to FEMTO/PRONOSTIA ($n=6$ bearings),body,Generalization to FEMTO/PRONOSTIA ($n=6$ bearings),"Across the three multi-bearing campaigns all 33 dataset × detector cells are equivalent at δ = 1 h, with no interval endpoint reaching ±0.6 h, so the margin is cleared with room to spare.",C045,
S24.002.n01,number,33,33,Generalization to FEMTO/PRONOSTIA ($n=6$ bearings),body,Generalization to FEMTO/PRONOSTIA ($n=6$ bearings),"Across the three multi-bearing campaigns all 33 dataset × detector cells are equivalent at δ = 1 h, with no interval endpoint reaching ±0.6 h, so the margin is cleared with room to spare.",,
S24.002.n02,number,1,1,Generalization to FEMTO/PRONOSTIA ($n=6$ bearings),body,Generalization to FEMTO/PRONOSTIA ($n=6$ bearings),"Across the three multi-bearing campaigns all 33 dataset × detector cells are equivalent at δ = 1 h, with no interval endpoint reaching ±0.6 h, so the margin is cleared with room to spare.",,
S24.002.n03,number,±0.6,±0.6,Generalization to FEMTO/PRONOSTIA ($n=6$ bearings),body,Generalization to FEMTO/PRONOSTIA ($n=6$ bearings),"Across the three multi-bearing campaigns all 33 dataset × detector cells are equivalent at δ = 1 h, with no interval endpoint reaching ±0.6 h, so the margin is cleared with room to spare.",,
S24.003,sentence,,,Generalization to FEMTO/PRONOSTIA ($n=6$ bearings),body,Generalization to FEMTO/PRONOSTIA ($n=6$ bearings),"Exactly five cells have an interval lying wholly below zero—Isolation Forest on XJTU-SY, and 3σ (mean -0.21 h, [-0.45, -0.04]), LSTMAE, RMS-trend and Transformer-AD on FEMTO—and every one favours decimation by less than the ±1 h margin.",C049,
S24.003.n01,number,-0.21,-0.21,Generalization to FEMTO/PRONOSTIA ($n=6$ bearings),body,Generalization to FEMTO/PRONOSTIA ($n=6$ bearings),"Exactly five cells have an interval lying wholly below zero—Isolation Forest on XJTU-SY, and 3σ (mean -0.21 h, [-0.45, -0.04]), LSTMAE, RMS-trend and Transformer-AD on FEMTO—and every one favours decimation by less than the ±1 h margin.",,
S24.003.n02,number,-0.45,-0.45,Generalization to FEMTO/PRONOSTIA ($n=6$ bearings),body,Generalization to FEMTO/PRONOSTIA ($n=6$ bearings),"Exactly five cells have an interval lying wholly below zero—Isolation Forest on XJTU-SY, and 3σ (mean -0.21 h, [-0.45, -0.04]), LSTMAE, RMS-trend and Transformer-AD on FEMTO—and every one favours decimation by less than the ±1 h margin.",,
S24.003.n03,number,-0.04,-0.04,Generalization to FEMTO/PRONOSTIA ($n=6$ bearings),body,Generalization to FEMTO/PRONOSTIA ($n=6$ bearings),"Exactly five cells have an interval lying wholly below zero—Isolation Forest on XJTU-SY, and 3σ (mean -0.21 h, [-0.45, -0.04]), LSTMAE, RMS-trend and Transformer-AD on FEMTO—and every one favours decimation by less than the ±1 h margin.",,
S24.003.n04,number,±1,±1,Generalization to FEMTO/PRONOSTIA ($n=6$ bearings),body,Generalization to FEMTO/PRONOSTIA ($n=6$ bearings),"Exactly five cells have an interval lying wholly below zero—Isolation Forest on XJTU-SY, and 3σ (mean -0.21 h, [-0.45, -0.04]), LSTMAE, RMS-trend and Transformer-AD on FEMTO—and every one favours decimation by less than the ±1 h margin.",,
S24.004,sentence,,,Generalization to FEMTO/PRONOSTIA ($n=6$ bearings),body,Generalization to FEMTO/PRONOSTIA ($n=6$ bearings),"These cells bound rather than overturn the conclusion: the direction of any residual effect is dataset-specific noise, while the replicated conclusion is non-destruction.",C053,
S24.005,sentence,,,Generalization to FEMTO/PRONOSTIA ($n=6$ bearings),body,Generalization to FEMTO/PRONOSTIA ($n=6$ bearings),"Across all eleven detectors 211/660 FEMTO evaluations yield a valid alarm; as on XJTU-SY, the short lifetimes (∼1.4-7.8 h) keep absolute lead times small.",C011;C019;C081,
S24.005.n01,number,211/660,211/660,Generalization to FEMTO/PRONOSTIA ($n=6$ bearings),body,Generalization to FEMTO/PRONOSTIA ($n=6$ bearings),"Across all eleven detectors 211/660 FEMTO evaluations yield a valid alarm; as on XJTU-SY, the short lifetimes (∼1.4-7.8 h) keep absolute lead times small.",,
S24.005.n02,number,1.4,1.4,Generalization to FEMTO/PRONOSTIA ($n=6$ bearings),body,Generalization to FEMTO/PRONOSTIA ($n=6$ bearings),"Across all eleven detectors 211/660 FEMTO evaluations yield a valid alarm; as on XJTU-SY, the short lifetimes (∼1.4-7.8 h) keep absolute lead times small.",,
S24.005.n03,number,7.8,7.8,Generalization to FEMTO/PRONOSTIA ($n=6$ bearings),body,Generalization to FEMTO/PRONOSTIA ($n=6$ bearings),"Across all eleven detectors 211/660 FEMTO evaluations yield a valid alarm; as on XJTU-SY, the short lifetimes (∼1.4-7.8 h) keep absolute lead times small.",,
S25.001,sentence,,,Generalization to University of Ferrara ($n=6$ bearings),body,Generalization to University of Ferrara ($n=6$ bearings),"The University of Ferrara campaign (Arpa et al., 2024), a second independent constant-condition multi-bearing rig, gives the same verdict: every run-level median difference is within ±5 min, no detector is sign-consistent across the six bearings, and the smallest sign-test p is 0.219 (CUSUM), not significant even before correction.",C018;C082,
S25.001.n01,number,±5,±5,Generalization to University of Ferrara ($n=6$ bearings),body,Generalization to University of Ferrara ($n=6$ bearings),"The University of Ferrara campaign (Arpa et al., 2024), a second independent constant-condition multi-bearing rig, gives the same verdict: every run-level median difference is within ±5 min, no detector is sign-consistent across the six bearings, and the smallest sign-test p is 0.219 (CUSUM), not significant even before correction.",,
S25.001.n02,number,0.219,0.219,Generalization to University of Ferrara ($n=6$ bearings),body,Generalization to University of Ferrara ($n=6$ bearings),"The University of Ferrara campaign (Arpa et al., 2024), a second independent constant-condition multi-bearing rig, gives the same verdict: every run-level median difference is within ±5 min, no detector is sign-consistent across the six bearings, and the smallest sign-test p is 0.219 (CUSUM), not significant even before correction.",,
S25.002,sentence,,,Generalization to University of Ferrara ($n=6$ bearings),body,Generalization to University of Ferrara ($n=6$ bearings),Its 0.7-6.8 h lifetimes mean it cannot confirm or deny the IMS positive trend; it adds a second independent replication on a modern (2024) rig.,C018;C019,
S25.002.n01,number,0.7,0.7,Generalization to University of Ferrara ($n=6$ bearings),body,Generalization to University of Ferrara ($n=6$ bearings),Its 0.7-6.8 h lifetimes mean it cannot confirm or deny the IMS positive trend; it adds a second independent replication on a modern (2024) rig.,,
S25.002.n02,number,6.8,6.8,Generalization to University of Ferrara ($n=6$ bearings),body,Generalization to University of Ferrara ($n=6$ bearings),Its 0.7-6.8 h lifetimes mean it cannot confirm or deny the IMS positive trend; it adds a second independent replication on a modern (2024) rig.,,
S25.003,sentence,,,Generalization to University of Ferrara ($n=6$ bearings),body,Generalization to University of Ferrara ($n=6$ bearings),"The larger per-run negatives (-0.5 to -1.1 h) are all on E1, whose onset sits within ∼0.1 h of failure (an abrupt, near-coincident-onset bearing like IMS test 1), not a systematic aggregation penalty.",C064;C082,
S25.003.n01,number,-0.5,-0.5,Generalization to University of Ferrara ($n=6$ bearings),body,Generalization to University of Ferrara ($n=6$ bearings),"The larger per-run negatives (-0.5 to -1.1 h) are all on E1, whose onset sits within ∼0.1 h of failure (an abrupt, near-coincident-onset bearing like IMS test 1), not a systematic aggregation penalty.",,
S25.003.n02,number,-1.1,-1.1,Generalization to University of Ferrara ($n=6$ bearings),body,Generalization to University of Ferrara ($n=6$ bearings),"The larger per-run negatives (-0.5 to -1.1 h) are all on E1, whose onset sits within ∼0.1 h of failure (an abrupt, near-coincident-onset bearing like IMS test 1), not a systematic aggregation penalty.",,
S25.003.n03,number,0.1,0.1,Generalization to University of Ferrara ($n=6$ bearings),body,Generalization to University of Ferrara ($n=6$ bearings),"The larger per-run negatives (-0.5 to -1.1 h) are all on E1, whose onset sits within ∼0.1 h of failure (an abrupt, near-coincident-onset bearing like IMS test 1), not a systematic aggregation penalty.",,
S25.003.n04,number,1,1,Generalization to University of Ferrara ($n=6$ bearings),body,Generalization to University of Ferrara ($n=6$ bearings),"The larger per-run negatives (-0.5 to -1.1 h) are all on E1, whose onset sits within ∼0.1 h of failure (an abrupt, near-coincident-onset bearing like IMS test 1), not a systematic aggregation penalty.",,
S26.001,sentence,,,Aggregate vs Decimate on IMS: a Positive but Inconsistent Median Shift,body,Aggregate vs Decimate on IMS: a Positive but Inconsistent Median Shift,"Under aggregation, IMS lead time stays high and stable as the logging interval coarsens; under decimation it degrades faster, with 3σ and Isolation Forest collapsing at coarse intervals (3σ falls from 64.6 h at full rate to 24.8 h at 10× decimation while aggregation holds it near 64.6 h; Figure 3).",C072,
S26.001.n01,number,64.6,64.6,Aggregate vs Decimate on IMS: a Positive but Inconsistent Median Shift,body,Aggregate vs Decimate on IMS: a Positive but Inconsistent Median Shift,"Under aggregation, IMS lead time stays high and stable as the logging interval coarsens; under decimation it degrades faster, with 3σ and Isolation Forest collapsing at coarse intervals (3σ falls from 64.6 h at full rate to 24.8 h at 10× decimation while aggregation holds it near 64.6 h; Figure 3).",,
S26.001.n02,number,24.8,24.8,Aggregate vs Decimate on IMS: a Positive but Inconsistent Median Shift,body,Aggregate vs Decimate on IMS: a Positive but Inconsistent Median Shift,"Under aggregation, IMS lead time stays high and stable as the logging interval coarsens; under decimation it degrades faster, with 3σ and Isolation Forest collapsing at coarse intervals (3σ falls from 64.6 h at full rate to 24.8 h at 10× decimation while aggregation holds it near 64.6 h; Figure 3).",,
S26.001.n03,number,10,10,Aggregate vs Decimate on IMS: a Positive but Inconsistent Median Shift,body,Aggregate vs Decimate on IMS: a Positive but Inconsistent Median Shift,"Under aggregation, IMS lead time stays high and stable as the logging interval coarsens; under decimation it degrades faster, with 3σ and Isolation Forest collapsing at coarse intervals (3σ falls from 64.6 h at full rate to 24.8 h at 10× decimation while aggregation holds it near 64.6 h; Figure 3).",,
S26.001.n04,number,64.6,64.6,Aggregate vs Decimate on IMS: a Positive but Inconsistent Median Shift,body,Aggregate vs Decimate on IMS: a Positive but Inconsistent Median Shift,"Under aggregation, IMS lead time stays high and stable as the logging interval coarsens; under decimation it degrades faster, with 3σ and Isolation Forest collapsing at coarse intervals (3σ falls from 64.6 h at full rate to 24.8 h at 10× decimation while aggregation holds it near 64.6 h; Figure 3).",,
S26.002,sentence,,,Aggregate vs Decimate on IMS: a Positive but Inconsistent Median Shift,body,Aggregate vs Decimate on IMS: a Positive but Inconsistent Median Shift,"The upturn at the largest factor is the few-windows regime, where only one or two runs survive and the mean is no longer comparable; we annotate rather than hide it.",C073,
S26.003,sentence,,,Aggregate vs Decimate on IMS: a Positive but Inconsistent Median Shift,body,Aggregate vs Decimate on IMS: a Positive but Inconsistent Median Shift,"At the run level (Table 6) the magnitude-monitoring detectors show a positive median difference, the largest for 3σ (+15.1 h), but only CUSUM and Hotelling T 2 are sign-consistent: aggregation shortens the lead time of 3σ, EWMA and Isolation Forest on one run each, and Deep SVDD is positive in one run and tied in two.",C041;C074,
S26.003.n01,number,15.1,+15.1,Aggregate vs Decimate on IMS: a Positive but Inconsistent Median Shift,body,Aggregate vs Decimate on IMS: a Positive but Inconsistent Median Shift,"At the run level (Table 6) the magnitude-monitoring detectors show a positive median difference, the largest for 3σ (+15.1 h), but only CUSUM and Hotelling T 2 are sign-consistent: aggregation shortens the lead time of 3σ, EWMA and Isolation Forest on one run each, and Deep SVDD is positive in one run and tied in two.",,
S26.004,sentence,,,Aggregate vs Decimate on IMS: a Positive but Inconsistent Median Shift,body,Aggregate vs Decimate on IMS: a Positive but Inconsistent Median Shift,"The three deep reconstruction models and the one-class SVM have negative medians, each with two negative runs and one positive, the deep models’ positive run being test 3; the RMS-trend baseline is mixed.",,
S26.004.n01,number,3,3,Aggregate vs Decimate on IMS: a Positive but Inconsistent Median Shift,body,Aggregate vs Decimate on IMS: a Positive but Inconsistent Median Shift,"The three deep reconstruction models and the one-class SVM have negative medians, each with two negative runs and one positive, the deep models’ positive run being test 3; the RMS-trend baseline is mixed.",,
S26.005,sentence,,,Aggregate vs Decimate on IMS: a Positive but Inconsistent Median Shift,body,Aggregate vs Decimate on IMS: a Positive but Inconsistent Median Shift,"With n = 3 the exact sign test cannot fall below p = 0.25, a floor only CUSUM and Hotelling T 2 reach, so nothing is significant or survives Holm correction: the defensible reading is a null result with a positive median direction for the magnitude-monitoring detectors.",C036;C037;C039;C041;C043;C074,
S26.005.n01,number,3,3,Aggregate vs Decimate on IMS: a Positive but Inconsistent Median Shift,body,Aggregate vs Decimate on IMS: a Positive but Inconsistent Median Shift,"With n = 3 the exact sign test cannot fall below p = 0.25, a floor only CUSUM and Hotelling T 2 reach, so nothing is significant or survives Holm correction: the defensible reading is a null result with a positive median direction for the magnitude-monitoring detectors.",,
S26.005.n02,number,0.25,0.25,Aggregate vs Decimate on IMS: a Positive but Inconsistent Median Shift,body,Aggregate vs Decimate on IMS: a Positive but Inconsistent Median Shift,"With n = 3 the exact sign test cannot fall below p = 0.25, a floor only CUSUM and Hotelling T 2 reach, so nothing is significant or survives Holm correction: the defensible reading is a null result with a positive median direction for the magnitude-monitoring detectors.",,
S26.006,sentence,,,Aggregate vs Decimate on IMS: a Positive but Inconsistent Median Shift,body,Aggregate vs Decimate on IMS: a Positive but Inconsistent Median Shift,"The candidate mechanism is that bin-averaging acts as a low-pass filter suppressing single-window noise in the health statistic, so the alarm threshold is crossed earlier and held more persistently than under decimation; Appendix D.1 tests it and Section 7.3 gives the signal-theoretic reason.",C075,
S27.001,sentence,,,Multiple-Comparison Correction,body,Multiple-Comparison Correction,"The aggregate-vs-decimate question is asked once per detector on each inferential dataset, a family of 11 × 4 = 44 tests (ONGC excluded) whose uncorrected family-wise error rate at α = 0.05 is 1 - (1 - 0.05)44 ≈ 0.90.",C039,
S27.001.n01,number,11,11,Multiple-Comparison Correction,body,Multiple-Comparison Correction,"The aggregate-vs-decimate question is asked once per detector on each inferential dataset, a family of 11 × 4 = 44 tests (ONGC excluded) whose uncorrected family-wise error rate at α = 0.05 is 1 - (1 - 0.05)44 ≈ 0.90.",,
S27.001.n02,number,4,4,Multiple-Comparison Correction,body,Multiple-Comparison Correction,"The aggregate-vs-decimate question is asked once per detector on each inferential dataset, a family of 11 × 4 = 44 tests (ONGC excluded) whose uncorrected family-wise error rate at α = 0.05 is 1 - (1 - 0.05)44 ≈ 0.90.",,
S27.001.n03,number,44,44,Multiple-Comparison Correction,body,Multiple-Comparison Correction,"The aggregate-vs-decimate question is asked once per detector on each inferential dataset, a family of 11 × 4 = 44 tests (ONGC excluded) whose uncorrected family-wise error rate at α = 0.05 is 1 - (1 - 0.05)44 ≈ 0.90.",,
S27.001.n04,number,0.05,0.05,Multiple-Comparison Correction,body,Multiple-Comparison Correction,"The aggregate-vs-decimate question is asked once per detector on each inferential dataset, a family of 11 × 4 = 44 tests (ONGC excluded) whose uncorrected family-wise error rate at α = 0.05 is 1 - (1 - 0.05)44 ≈ 0.90.",,
S27.001.n05,number,1,1,Multiple-Comparison Correction,body,Multiple-Comparison Correction,"The aggregate-vs-decimate question is asked once per detector on each inferential dataset, a family of 11 × 4 = 44 tests (ONGC excluded) whose uncorrected family-wise error rate at α = 0.05 is 1 - (1 - 0.05)44 ≈ 0.90.",,
S27.001.n06,number,1,1,Multiple-Comparison Correction,body,Multiple-Comparison Correction,"The aggregate-vs-decimate question is asked once per detector on each inferential dataset, a family of 11 × 4 = 44 tests (ONGC excluded) whose uncorrected family-wise error rate at α = 0.05 is 1 - (1 - 0.05)44 ≈ 0.90.",,
S27.001.n07,number,0.05,0.05,Multiple-Comparison Correction,body,Multiple-Comparison Correction,"The aggregate-vs-decimate question is asked once per detector on each inferential dataset, a family of 11 × 4 = 44 tests (ONGC excluded) whose uncorrected family-wise error rate at α = 0.05 is 1 - (1 - 0.05)44 ≈ 0.90.",,
S27.001.n08,number,44,44,Multiple-Comparison Correction,body,Multiple-Comparison Correction,"The aggregate-vs-decimate question is asked once per detector on each inferential dataset, a family of 11 × 4 = 44 tests (ONGC excluded) whose uncorrected family-wise error rate at α = 0.05 is 1 - (1 - 0.05)44 ≈ 0.90.",,
S27.001.n09,number,0.90,0.90,Multiple-Comparison Correction,body,Multiple-Comparison Correction,"The aggregate-vs-decimate question is asked once per detector on each inferential dataset, a family of 11 × 4 = 44 tests (ONGC excluded) whose uncorrected family-wise error rate at α = 0.05 is 1 - (1 - 0.05)44 ≈ 0.90.",,
S27.002,sentence,,,Multiple-Comparison Correction,body,Multiple-Comparison Correction,"Under Holm- Bonferroni no hypothesis survives (0 of 44): the smallest raw p is 0.125 (Transformer-AD on FEMTO), and every one of the forty-four adjusted p-values is 1.00.",C039;C043;C044,
S27.002.n01,number,0,0,Multiple-Comparison Correction,body,Multiple-Comparison Correction,"Under Holm- Bonferroni no hypothesis survives (0 of 44): the smallest raw p is 0.125 (Transformer-AD on FEMTO), and every one of the forty-four adjusted p-values is 1.00.",,
S27.002.n02,number,44,44,Multiple-Comparison Correction,body,Multiple-Comparison Correction,"Under Holm- Bonferroni no hypothesis survives (0 of 44): the smallest raw p is 0.125 (Transformer-AD on FEMTO), and every one of the forty-four adjusted p-values is 1.00.",,
S27.002.n03,number,0.125,0.125,Multiple-Comparison Correction,body,Multiple-Comparison Correction,"Under Holm- Bonferroni no hypothesis survives (0 of 44): the smallest raw p is 0.125 (Transformer-AD on FEMTO), and every one of the forty-four adjusted p-values is 1.00.",,
S27.002.n04,number,1.00,1.00,Multiple-Comparison Correction,body,Multiple-Comparison Correction,"Under Holm- Bonferroni no hypothesis survives (0 of 44): the smallest raw p is 0.125 (Transformer-AD on FEMTO), and every one of the forty-four adjusted p-values is 1.00.",,
S27.003,sentence,,,Multiple-Comparison Correction,body,Multiple-Comparison Correction,After honoring the run structure and correcting for multiplicity there is no significant aggregate-vs-decimate effect on any dataset; the positive IMS median shift remains a trend that cannot be significant at n = 3.,,
S27.003.n01,number,3,3,Multiple-Comparison Correction,body,Multiple-Comparison Correction,After honoring the run structure and correcting for multiplicity there is no significant aggregate-vs-decimate effect on any dataset; the positive IMS median shift remains a trend that cannot be significant at n = 3.,,
S27.004,sentence,,,Multiple-Comparison Correction,body,Multiple-Comparison Correction,"The family is heterogeneous in power—the three deep sequence models contribute n = 3 XJTU tests resting on the longest-lived, most warnable bearings (‡ in Table 5)— but every uncorrected p already exceeds 0.1, so this changes no rejection decision; we flag it so N = 44 is not read as forty-four equally powered tests.",C039;C077;C083,
S27.004.n01,number,3,3,Multiple-Comparison Correction,body,Multiple-Comparison Correction,"The family is heterogeneous in power—the three deep sequence models contribute n = 3 XJTU tests resting on the longest-lived, most warnable bearings (‡ in Table 5)— but every uncorrected p already exceeds 0.1, so this changes no rejection decision; we flag it so N = 44 is not read as forty-four equally powered tests.",,
S27.004.n02,number,0.1,0.1,Multiple-Comparison Correction,body,Multiple-Comparison Correction,"The family is heterogeneous in power—the three deep sequence models contribute n = 3 XJTU tests resting on the longest-lived, most warnable bearings (‡ in Table 5)— but every uncorrected p already exceeds 0.1, so this changes no rejection decision; we flag it so N = 44 is not read as forty-four equally powered tests.",,
S27.004.n03,number,44,44,Multiple-Comparison Correction,body,Multiple-Comparison Correction,"The family is heterogeneous in power—the three deep sequence models contribute n = 3 XJTU tests resting on the longest-lived, most warnable bearings (‡ in Table 5)— but every uncorrected p already exceeds 0.1, so this changes no rejection decision; we flag it so N = 44 is not read as forty-four equally powered tests.",,
S27.005,sentence,,,Multiple-Comparison Correction,body,Multiple-Comparison Correction,"Table 7 breaks XJTU-SY down by bearing at full resolution: the mean lead over the valid detectors is the realistic single-deployed-detector expectation, and the oracle “best” presumes foreknowledge of which detector fires first; they differ only where detectors disagree (Bearing2_2: 1.00 h mean vs. 1.08 h oracle).",,
S27.005.n01,number,1.00,1.00,Multiple-Comparison Correction,body,Multiple-Comparison Correction,"Table 7 breaks XJTU-SY down by bearing at full resolution: the mean lead over the valid detectors is the realistic single-deployed-detector expectation, and the oracle “best” presumes foreknowledge of which detector fires first; they differ only where detectors disagree (Bearing2_2: 1.00 h mean vs. 1.08 h oracle).",,
S27.005.n02,number,1.08,1.08,Multiple-Comparison Correction,body,Multiple-Comparison Correction,"Table 7 breaks XJTU-SY down by bearing at full resolution: the mean lead over the valid detectors is the realistic single-deployed-detector expectation, and the oracle “best” presumes foreknowledge of which detector fires first; they differ only where detectors disagree (Bearing2_2: 1.00 h mean vs. 1.08 h oracle).",,
S27.006,sentence,,,Multiple-Comparison Correction,body,Multiple-Comparison Correction,The 209/450 valid-alarm figure hides strong heterogeneity.,C077,
S27.006.n01,number,209/450,209/450,Multiple-Comparison Correction,body,Multiple-Comparison Correction,The 209/450 valid-alarm figure hides strong heterogeneity.,,
S27.007,sentence,,,Multiple-Comparison Correction,body,Multiple-Comparison Correction,"Long-degrading bearings such as Bearing2_3 (533 min life) and Bearing1_3 (158 min) are warnable with multi-hour or near-hour lead, whereas the two shortest-lived, abrupt-failure bearings, Bearing2_4 (42 min) and Bearing1_1 (123 min, sudden end), yield no valid alarm for any detector (2/10 bearings): their onset and failure nearly coincide, no method can manufacture warning time the physics does not provide, and the metric credits none.",C079,
S27.007.n01,number,533,533,Multiple-Comparison Correction,body,Multiple-Comparison Correction,"Long-degrading bearings such as Bearing2_3 (533 min life) and Bearing1_3 (158 min) are warnable with multi-hour or near-hour lead, whereas the two shortest-lived, abrupt-failure bearings, Bearing2_4 (42 min) and Bearing1_1 (123 min, sudden end), yield no valid alarm for any detector (2/10 bearings): their onset and failure nearly coincide, no method can manufacture warning time the physics does not provide, and the metric credits none.",,
S27.007.n02,number,158,158,Multiple-Comparison Correction,body,Multiple-Comparison Correction,"Long-degrading bearings such as Bearing2_3 (533 min life) and Bearing1_3 (158 min) are warnable with multi-hour or near-hour lead, whereas the two shortest-lived, abrupt-failure bearings, Bearing2_4 (42 min) and Bearing1_1 (123 min, sudden end), yield no valid alarm for any detector (2/10 bearings): their onset and failure nearly coincide, no method can manufacture warning time the physics does not provide, and the metric credits none.",,
S27.007.n03,number,42,42,Multiple-Comparison Correction,body,Multiple-Comparison Correction,"Long-degrading bearings such as Bearing2_3 (533 min life) and Bearing1_3 (158 min) are warnable with multi-hour or near-hour lead, whereas the two shortest-lived, abrupt-failure bearings, Bearing2_4 (42 min) and Bearing1_1 (123 min, sudden end), yield no valid alarm for any detector (2/10 bearings): their onset and failure nearly coincide, no method can manufacture warning time the physics does not provide, and the metric credits none.",,
S27.007.n04,number,123,123,Multiple-Comparison Correction,body,Multiple-Comparison Correction,"Long-degrading bearings such as Bearing2_3 (533 min life) and Bearing1_3 (158 min) are warnable with multi-hour or near-hour lead, whereas the two shortest-lived, abrupt-failure bearings, Bearing2_4 (42 min) and Bearing1_1 (123 min, sudden end), yield no valid alarm for any detector (2/10 bearings): their onset and failure nearly coincide, no method can manufacture warning time the physics does not provide, and the metric credits none.",,
S27.007.n05,number,2/10,2/10,Multiple-Comparison Correction,body,Multiple-Comparison Correction,"Long-degrading bearings such as Bearing2_3 (533 min life) and Bearing1_3 (158 min) are warnable with multi-hour or near-hour lead, whereas the two shortest-lived, abrupt-failure bearings, Bearing2_4 (42 min) and Bearing1_1 (123 min, sudden end), yield no valid alarm for any detector (2/10 bearings): their onset and failure nearly coincide, no method can manufacture warning time the physics does not provide, and the metric credits none.",,
S27.008,sentence,,,Multiple-Comparison Correction,body,Multiple-Comparison Correction,The same contrast under the gated metric.,C084,
S27.009,sentence,,,Multiple-Comparison Correction,body,Multiple-Comparison Correction,"The headline uses raw lead, the quantity coarsening acts on and one independent of τ .",,
S27.010,sentence,,,Multiple-Comparison Correction,body,Multiple-Comparison Correction,"Because we argue that ungated lead can mislead, we also run the contrast under the gated metric itself (Table 8).",C084,
S27.011,sentence,,,Multiple-Comparison Correction,body,Multiple-Comparison Correction,"The answer does not change: under either metric every inferential dataset’s median run-level difference is at most a few thousandths of an hour, no detector is sign-consistent enough to reach significance, and no hypothesis survives Holm correction across the N = 44 family.",C039;C043;C084,
S27.011.n01,number,44,44,Multiple-Comparison Correction,body,Multiple-Comparison Correction,"The answer does not change: under either metric every inferential dataset’s median run-level difference is at most a few thousandths of an hour, no detector is sign-consistent enough to reach significance, and no hypothesis survives Holm correction across the N = 44 family.",,
S27.012,sentence,,,Multiple-Comparison Correction,body,Multiple-Comparison Correction,"What changes is power: gating discards every run without a valid alarm, so the mean effective sample size per detector falls from 3.0 to 1.3 on XJTUSY, 4.8 to 2.8 on FEMTO, 5.0 to 3.6 on Ferrara and 2.7 to 1.2 on IMS, roughly a halving.",C084;C130,
S27.012.n01,number,3.0,3.0,Multiple-Comparison Correction,body,Multiple-Comparison Correction,"What changes is power: gating discards every run without a valid alarm, so the mean effective sample size per detector falls from 3.0 to 1.3 on XJTUSY, 4.8 to 2.8 on FEMTO, 5.0 to 3.6 on Ferrara and 2.7 to 1.2 on IMS, roughly a halving.",,
S27.012.n02,number,1.3,1.3,Multiple-Comparison Correction,body,Multiple-Comparison Correction,"What changes is power: gating discards every run without a valid alarm, so the mean effective sample size per detector falls from 3.0 to 1.3 on XJTUSY, 4.8 to 2.8 on FEMTO, 5.0 to 3.6 on Ferrara and 2.7 to 1.2 on IMS, roughly a halving.",,
S27.012.n03,number,4.8,4.8,Multiple-Comparison Correction,body,Multiple-Comparison Correction,"What changes is power: gating discards every run without a valid alarm, so the mean effective sample size per detector falls from 3.0 to 1.3 on XJTUSY, 4.8 to 2.8 on FEMTO, 5.0 to 3.6 on Ferrara and 2.7 to 1.2 on IMS, roughly a halving.",,
S27.012.n04,number,2.8,2.8,Multiple-Comparison Correction,body,Multiple-Comparison Correction,"What changes is power: gating discards every run without a valid alarm, so the mean effective sample size per detector falls from 3.0 to 1.3 on XJTUSY, 4.8 to 2.8 on FEMTO, 5.0 to 3.6 on Ferrara and 2.7 to 1.2 on IMS, roughly a halving.",,
S27.012.n05,number,5.0,5.0,Multiple-Comparison Correction,body,Multiple-Comparison Correction,"What changes is power: gating discards every run without a valid alarm, so the mean effective sample size per detector falls from 3.0 to 1.3 on XJTUSY, 4.8 to 2.8 on FEMTO, 5.0 to 3.6 on Ferrara and 2.7 to 1.2 on IMS, roughly a halving.",,
S27.012.n06,number,3.6,3.6,Multiple-Comparison Correction,body,Multiple-Comparison Correction,"What changes is power: gating discards every run without a valid alarm, so the mean effective sample size per detector falls from 3.0 to 1.3 on XJTUSY, 4.8 to 2.8 on FEMTO, 5.0 to 3.6 on Ferrara and 2.7 to 1.2 on IMS, roughly a halving.",,
S27.012.n07,number,2.7,2.7,Multiple-Comparison Correction,body,Multiple-Comparison Correction,"What changes is power: gating discards every run without a valid alarm, so the mean effective sample size per detector falls from 3.0 to 1.3 on XJTUSY, 4.8 to 2.8 on FEMTO, 5.0 to 3.6 on Ferrara and 2.7 to 1.2 on IMS, roughly a halving.",,
S27.012.n08,number,1.2,1.2,Multiple-Comparison Correction,body,Multiple-Comparison Correction,"What changes is power: gating discards every run without a valid alarm, so the mean effective sample size per detector falls from 3.0 to 1.3 on XJTUSY, 4.8 to 2.8 on FEMTO, 5.0 to 3.6 on Ferrara and 2.7 to 1.2 on IMS, roughly a halving.",,
S27.013,sentence,,,Multiple-Comparison Correction,body,Multiple-Comparison Correction,"The gated contrast agrees with the raw one with materially less power, so raw lead stays the primary quantity and the gated version is a robustness check.",,
S28.001,sentence,,,Lead-Time--vs--False-Alarm Trade-off,body,Lead-Time--vs--False-Alarm Trade-off,"Sweeping the alarm-threshold percentile traces a prognostics analog of the ROC curve (Figure 5, Table 9): tightening the threshold lowers pre-onset FAR and lead together, so an operator can select an operating point for a stated false-alarm budget.",C089,
S28.002,sentence,,,Lead-Time--vs--False-Alarm Trade-off,body,Lead-Time--vs--False-Alarm Trade-off,"On the achievable frontier Hotelling T 2 and Isolation Forest dominate the upper left, while the naive RMS-trend baseline collapses to near-zero lead once the threshold tightens (1.3 h at the 99.5th percentile).",,
S28.002.n01,number,1.3,1.3,Lead-Time--vs--False-Alarm Trade-off,body,Lead-Time--vs--False-Alarm Trade-off,"On the achievable frontier Hotelling T 2 and Isolation Forest dominate the upper left, while the naive RMS-trend baseline collapses to near-zero lead once the threshold tightens (1.3 h at the 99.5th percentile).",,
S28.002.n02,number,99.5,99.5,Lead-Time--vs--False-Alarm Trade-off,body,Lead-Time--vs--False-Alarm Trade-off,"On the achievable frontier Hotelling T 2 and Isolation Forest dominate the upper left, while the naive RMS-trend baseline collapses to near-zero lead once the threshold tightens (1.3 h at the 99.5th percentile).",,
S28.003,sentence,,,Lead-Time--vs--False-Alarm Trade-off,body,Lead-Time--vs--False-Alarm Trade-off,"Hotelling T 2 has the highest raw lead of any control chart but exceeds the τ = 10% budget at every threshold tested, so it has no valid operating point on IMS; EWMA and CUSUM behave the same way, their pre-onset FAR sitting at 19.0-22.1% across the swept thresholds, so neither memory-based chart should be recommended under a 10% budget.",C057,
S28.003.n01,number,10%,10%,Lead-Time--vs--False-Alarm Trade-off,body,Lead-Time--vs--False-Alarm Trade-off,"Hotelling T 2 has the highest raw lead of any control chart but exceeds the τ = 10% budget at every threshold tested, so it has no valid operating point on IMS; EWMA and CUSUM behave the same way, their pre-onset FAR sitting at 19.0-22.1% across the swept thresholds, so neither memory-based chart should be recommended under a 10% budget.",,
S28.003.n02,number,19.0,19.0,Lead-Time--vs--False-Alarm Trade-off,body,Lead-Time--vs--False-Alarm Trade-off,"Hotelling T 2 has the highest raw lead of any control chart but exceeds the τ = 10% budget at every threshold tested, so it has no valid operating point on IMS; EWMA and CUSUM behave the same way, their pre-onset FAR sitting at 19.0-22.1% across the swept thresholds, so neither memory-based chart should be recommended under a 10% budget.",,
S28.003.n03,number,22.1%,22.1%,Lead-Time--vs--False-Alarm Trade-off,body,Lead-Time--vs--False-Alarm Trade-off,"Hotelling T 2 has the highest raw lead of any control chart but exceeds the τ = 10% budget at every threshold tested, so it has no valid operating point on IMS; EWMA and CUSUM behave the same way, their pre-onset FAR sitting at 19.0-22.1% across the swept thresholds, so neither memory-based chart should be recommended under a 10% budget.",,
S28.003.n04,number,10%,10%,Lead-Time--vs--False-Alarm Trade-off,body,Lead-Time--vs--False-Alarm Trade-off,"Hotelling T 2 has the highest raw lead of any control chart but exceeds the τ = 10% budget at every threshold tested, so it has no valid operating point on IMS; EWMA and CUSUM behave the same way, their pre-onset FAR sitting at 19.0-22.1% across the swept thresholds, so neither memory-based chart should be recommended under a 10% budget.",,
S28.004,sentence,,,Lead-Time--vs--False-Alarm Trade-off,body,Lead-Time--vs--False-Alarm Trade-off,"Deep SVDD occupies the opposite corner, within budget (≤ 0.6% FAR) only by firing late (≤ 14.8 h of lead). 3σ reaches a valid point, 56.3 h of lead at 8.9% FAR at the 99.5th percentile, and is the recommended chart under a 10% budget, a ranking that the raw-lead column of Table 2, led by the deep models, would by itself obscure.",C003;C090;C091,
S28.004.n01,number,0.6%,0.6%,Lead-Time--vs--False-Alarm Trade-off,body,Lead-Time--vs--False-Alarm Trade-off,"Deep SVDD occupies the opposite corner, within budget (≤ 0.6% FAR) only by firing late (≤ 14.8 h of lead). 3σ reaches a valid point, 56.3 h of lead at 8.9% FAR at the 99.5th percentile, and is the recommended chart under a 10% budget, a ranking that the raw-lead column of Table 2, led by the deep models, would by itself obscure.",,
S28.004.n02,number,14.8,14.8,Lead-Time--vs--False-Alarm Trade-off,body,Lead-Time--vs--False-Alarm Trade-off,"Deep SVDD occupies the opposite corner, within budget (≤ 0.6% FAR) only by firing late (≤ 14.8 h of lead). 3σ reaches a valid point, 56.3 h of lead at 8.9% FAR at the 99.5th percentile, and is the recommended chart under a 10% budget, a ranking that the raw-lead column of Table 2, led by the deep models, would by itself obscure.",,
S28.004.n03,number,56.3,56.3,Lead-Time--vs--False-Alarm Trade-off,body,Lead-Time--vs--False-Alarm Trade-off,"Deep SVDD occupies the opposite corner, within budget (≤ 0.6% FAR) only by firing late (≤ 14.8 h of lead). 3σ reaches a valid point, 56.3 h of lead at 8.9% FAR at the 99.5th percentile, and is the recommended chart under a 10% budget, a ranking that the raw-lead column of Table 2, led by the deep models, would by itself obscure.",,
S28.004.n04,number,8.9%,8.9%,Lead-Time--vs--False-Alarm Trade-off,body,Lead-Time--vs--False-Alarm Trade-off,"Deep SVDD occupies the opposite corner, within budget (≤ 0.6% FAR) only by firing late (≤ 14.8 h of lead). 3σ reaches a valid point, 56.3 h of lead at 8.9% FAR at the 99.5th percentile, and is the recommended chart under a 10% budget, a ranking that the raw-lead column of Table 2, led by the deep models, would by itself obscure.",,
S28.004.n05,number,99.5,99.5,Lead-Time--vs--False-Alarm Trade-off,body,Lead-Time--vs--False-Alarm Trade-off,"Deep SVDD occupies the opposite corner, within budget (≤ 0.6% FAR) only by firing late (≤ 14.8 h of lead). 3σ reaches a valid point, 56.3 h of lead at 8.9% FAR at the 99.5th percentile, and is the recommended chart under a 10% budget, a ranking that the raw-lead column of Table 2, led by the deep models, would by itself obscure.",,
S28.004.n06,number,10%,10%,Lead-Time--vs--False-Alarm Trade-off,body,Lead-Time--vs--False-Alarm Trade-off,"Deep SVDD occupies the opposite corner, within budget (≤ 0.6% FAR) only by firing late (≤ 14.8 h of lead). 3σ reaches a valid point, 56.3 h of lead at 8.9% FAR at the 99.5th percentile, and is the recommended chart under a 10% budget, a ranking that the raw-lead column of Table 2, led by the deep models, would by itself obscure.",,
S28.005,sentence,,,Lead-Time--vs--False-Alarm Trade-off,body,Lead-Time--vs--False-Alarm Trade-off,"The ten XJTU bearings (Figure 5b) give the same qualitative shape at shorter absolute leads, so the operating-point selection generalizes beyond the laboratory rig.",,
S28.006,sentence,,,Lead-Time--vs--False-Alarm Trade-off,body,Lead-Time--vs--False-Alarm Trade-off,Sensitivity to the false-alarm budget.,,
S28.007,sentence,,,Lead-Time--vs--False-Alarm Trade-off,body,Lead-Time--vs--False-Alarm Trade-off,"The budget τ is a policy input, and the recommendation is not τ -invariant (Table 2).",,
S28.008,sentence,,,Lead-Time--vs--False-Alarm Trade-off,body,Lead-Time--vs--False-Alarm Trade-off,"At τ = 0.20 the 3σ chart gives the longest valid lead (77.0 h), joined by CUSUM, Hotelling T 2 and Isolation Forest as their pre-onset FAR falls within the looser budget; at τ = 0.10 it remains the best valid chart (56.3 h); at a strict τ = 0.05 no control chart qualifies, and only Deep SVDD (14.8 h) and the RMS-trend floor (34.7 h) stay within budget, so an operator with very low nuisance-alarm tolerance should prefer the low-FAR Deep SVDD point.",C003;C037;C090;C091;C092,
S28.008.n01,number,0.20,0.20,Lead-Time--vs--False-Alarm Trade-off,body,Lead-Time--vs--False-Alarm Trade-off,"At τ = 0.20 the 3σ chart gives the longest valid lead (77.0 h), joined by CUSUM, Hotelling T 2 and Isolation Forest as their pre-onset FAR falls within the looser budget; at τ = 0.10 it remains the best valid chart (56.3 h); at a strict τ = 0.05 no control chart qualifies, and only Deep SVDD (14.8 h) and the RMS-trend floor (34.7 h) stay within budget, so an operator with very low nuisance-alarm tolerance should prefer the low-FAR Deep SVDD point.",,
S28.008.n02,number,77.0,77.0,Lead-Time--vs--False-Alarm Trade-off,body,Lead-Time--vs--False-Alarm Trade-off,"At τ = 0.20 the 3σ chart gives the longest valid lead (77.0 h), joined by CUSUM, Hotelling T 2 and Isolation Forest as their pre-onset FAR falls within the looser budget; at τ = 0.10 it remains the best valid chart (56.3 h); at a strict τ = 0.05 no control chart qualifies, and only Deep SVDD (14.8 h) and the RMS-trend floor (34.7 h) stay within budget, so an operator with very low nuisance-alarm tolerance should prefer the low-FAR Deep SVDD point.",,
S28.008.n03,number,0.10,0.10,Lead-Time--vs--False-Alarm Trade-off,body,Lead-Time--vs--False-Alarm Trade-off,"At τ = 0.20 the 3σ chart gives the longest valid lead (77.0 h), joined by CUSUM, Hotelling T 2 and Isolation Forest as their pre-onset FAR falls within the looser budget; at τ = 0.10 it remains the best valid chart (56.3 h); at a strict τ = 0.05 no control chart qualifies, and only Deep SVDD (14.8 h) and the RMS-trend floor (34.7 h) stay within budget, so an operator with very low nuisance-alarm tolerance should prefer the low-FAR Deep SVDD point.",,
S28.008.n04,number,56.3,56.3,Lead-Time--vs--False-Alarm Trade-off,body,Lead-Time--vs--False-Alarm Trade-off,"At τ = 0.20 the 3σ chart gives the longest valid lead (77.0 h), joined by CUSUM, Hotelling T 2 and Isolation Forest as their pre-onset FAR falls within the looser budget; at τ = 0.10 it remains the best valid chart (56.3 h); at a strict τ = 0.05 no control chart qualifies, and only Deep SVDD (14.8 h) and the RMS-trend floor (34.7 h) stay within budget, so an operator with very low nuisance-alarm tolerance should prefer the low-FAR Deep SVDD point.",,
S28.008.n05,number,0.05,0.05,Lead-Time--vs--False-Alarm Trade-off,body,Lead-Time--vs--False-Alarm Trade-off,"At τ = 0.20 the 3σ chart gives the longest valid lead (77.0 h), joined by CUSUM, Hotelling T 2 and Isolation Forest as their pre-onset FAR falls within the looser budget; at τ = 0.10 it remains the best valid chart (56.3 h); at a strict τ = 0.05 no control chart qualifies, and only Deep SVDD (14.8 h) and the RMS-trend floor (34.7 h) stay within budget, so an operator with very low nuisance-alarm tolerance should prefer the low-FAR Deep SVDD point.",,
S28.008.n06,number,14.8,14.8,Lead-Time--vs--False-Alarm Trade-off,body,Lead-Time--vs--False-Alarm Trade-off,"At τ = 0.20 the 3σ chart gives the longest valid lead (77.0 h), joined by CUSUM, Hotelling T 2 and Isolation Forest as their pre-onset FAR falls within the looser budget; at τ = 0.10 it remains the best valid chart (56.3 h); at a strict τ = 0.05 no control chart qualifies, and only Deep SVDD (14.8 h) and the RMS-trend floor (34.7 h) stay within budget, so an operator with very low nuisance-alarm tolerance should prefer the low-FAR Deep SVDD point.",,
S28.008.n07,number,34.7,34.7,Lead-Time--vs--False-Alarm Trade-off,body,Lead-Time--vs--False-Alarm Trade-off,"At τ = 0.20 the 3σ chart gives the longest valid lead (77.0 h), joined by CUSUM, Hotelling T 2 and Isolation Forest as their pre-onset FAR falls within the looser budget; at τ = 0.10 it remains the best valid chart (56.3 h); at a strict τ = 0.05 no control chart qualifies, and only Deep SVDD (14.8 h) and the RMS-trend floor (34.7 h) stay within budget, so an operator with very low nuisance-alarm tolerance should prefer the low-FAR Deep SVDD point.",,
S28.009,sentence,,,Lead-Time--vs--False-Alarm Trade-off,body,Lead-Time--vs--False-Alarm Trade-off,The 3σ recommendation therefore holds for τ ≥ 0.10 on IMS and inverts toward the low-FAR detectors below it.,C091;C092,
S28.009.n01,number,0.10,0.10,Lead-Time--vs--False-Alarm Trade-off,body,Lead-Time--vs--False-Alarm Trade-off,The 3σ recommendation therefore holds for τ ≥ 0.10 on IMS and inverts toward the low-FAR detectors below it.,,
S28.010,sentence,,,Lead-Time--vs--False-Alarm Trade-off,body,Lead-Time--vs--False-Alarm Trade-off,"The cross-dataset headline, computed on raw lead-time differences (Section 4.9), does not depend on τ at all.",C093,
S28.011,sentence,,,Lead-Time--vs--False-Alarm Trade-off,body,Lead-Time--vs--False-Alarm Trade-off,Where does τ = 10% come from?,,
S28.011.n01,number,10%,10%,Lead-Time--vs--False-Alarm Trade-off,body,Lead-Time--vs--False-Alarm Trade-off,Where does τ = 10% come from?,,
S28.012,sentence,,,Lead-Time--vs--False-Alarm Trade-off,body,Lead-Time--vs--False-Alarm Trade-off,"Consider an expected-cost model with two site parameters: cI , the cost of responding to one nuisance alarm (a wasted inspection), and cF , the cost of an unplanned bearing failure (downtime plus secondary shaft/housing damage).",,
S28.013,sentence,,,Lead-Time--vs--False-Alarm Trade-off,body,Lead-Time--vs--False-Alarm Trade-off,"Over a pre-onset life of k windows a detector at pre-onset FAR f issues ≈kf nuisance inspections, and a valid alarm with adequate lead converts the failure into a planned repair, saving cF .",,
S28.014,sentence,,,Lead-Time--vs--False-Alarm Trade-off,body,Lead-Time--vs--False-Alarm Trade-off,"False alarms are worth tolerating up to the budget at which their cumulative cost equals the warning’s value, kτ cI ≈ cF , i.e. τ∗ ≈ cF ρ =, k cI k ρ ≡ cF /cI .",C094,
S28.015,sentence,,,Lead-Time--vs--False-Alarm Trade-off,body,Lead-Time--vs--False-Alarm Trade-off,"(6) For rolling-element bearings an unplanned failure typically costs ρ = 102-104 times a routine inspection, and the preonset window count is of order k ∼ 103 on these runs, so Eq.",C094,
S28.015.n01,number,6,6,Lead-Time--vs--False-Alarm Trade-off,body,Lead-Time--vs--False-Alarm Trade-off,"(6) For rolling-element bearings an unplanned failure typically costs ρ = 102-104 times a routine inspection, and the preonset window count is of order k ∼ 103 on these runs, so Eq.",,
S28.015.n02,number,102,102,Lead-Time--vs--False-Alarm Trade-off,body,Lead-Time--vs--False-Alarm Trade-off,"(6) For rolling-element bearings an unplanned failure typically costs ρ = 102-104 times a routine inspection, and the preonset window count is of order k ∼ 103 on these runs, so Eq.",,
S28.015.n03,number,104,104,Lead-Time--vs--False-Alarm Trade-off,body,Lead-Time--vs--False-Alarm Trade-off,"(6) For rolling-element bearings an unplanned failure typically costs ρ = 102-104 times a routine inspection, and the preonset window count is of order k ∼ 103 on these runs, so Eq.",,
S28.015.n04,number,103,103,Lead-Time--vs--False-Alarm Trade-off,body,Lead-Time--vs--False-Alarm Trade-off,"(6) For rolling-element bearings an unplanned failure typically costs ρ = 102-104 times a routine inspection, and the preonset window count is of order k ∼ 103 on these runs, so Eq.",,
S28.016,sentence,,,Lead-Time--vs--False-Alarm Trade-off,body,Lead-Time--vs--False-Alarm Trade-off,"(6) places the break-even budget at τ ∗ ∼ 0.1-1 (τ ∗ saturates at 1 for ρ ≥ 103 and falls to 0.10 at ρ = 102, k = 103).",C094,
S28.016.n01,number,6,6,Lead-Time--vs--False-Alarm Trade-off,body,Lead-Time--vs--False-Alarm Trade-off,"(6) places the break-even budget at τ ∗ ∼ 0.1-1 (τ ∗ saturates at 1 for ρ ≥ 103 and falls to 0.10 at ρ = 102, k = 103).",,
S28.016.n02,number,0.1,0.1,Lead-Time--vs--False-Alarm Trade-off,body,Lead-Time--vs--False-Alarm Trade-off,"(6) places the break-even budget at τ ∗ ∼ 0.1-1 (τ ∗ saturates at 1 for ρ ≥ 103 and falls to 0.10 at ρ = 102, k = 103).",,
S28.016.n03,number,1,1,Lead-Time--vs--False-Alarm Trade-off,body,Lead-Time--vs--False-Alarm Trade-off,"(6) places the break-even budget at τ ∗ ∼ 0.1-1 (τ ∗ saturates at 1 for ρ ≥ 103 and falls to 0.10 at ρ = 102, k = 103).",,
S28.016.n04,number,1,1,Lead-Time--vs--False-Alarm Trade-off,body,Lead-Time--vs--False-Alarm Trade-off,"(6) places the break-even budget at τ ∗ ∼ 0.1-1 (τ ∗ saturates at 1 for ρ ≥ 103 and falls to 0.10 at ρ = 102, k = 103).",,
S28.016.n05,number,103,103,Lead-Time--vs--False-Alarm Trade-off,body,Lead-Time--vs--False-Alarm Trade-off,"(6) places the break-even budget at τ ∗ ∼ 0.1-1 (τ ∗ saturates at 1 for ρ ≥ 103 and falls to 0.10 at ρ = 102, k = 103).",,
S28.016.n06,number,0.10,0.10,Lead-Time--vs--False-Alarm Trade-off,body,Lead-Time--vs--False-Alarm Trade-off,"(6) places the break-even budget at τ ∗ ∼ 0.1-1 (τ ∗ saturates at 1 for ρ ≥ 103 and falls to 0.10 at ρ = 102, k = 103).",,
S28.016.n07,number,102,102,Lead-Time--vs--False-Alarm Trade-off,body,Lead-Time--vs--False-Alarm Trade-off,"(6) places the break-even budget at τ ∗ ∼ 0.1-1 (τ ∗ saturates at 1 for ρ ≥ 103 and falls to 0.10 at ρ = 102, k = 103).",,
S28.016.n08,number,103,103,Lead-Time--vs--False-Alarm Trade-off,body,Lead-Time--vs--False-Alarm Trade-off,"(6) places the break-even budget at τ ∗ ∼ 0.1-1 (τ ∗ saturates at 1 for ρ ≥ 103 and falls to 0.10 at ρ = 102, k = 103).",,
S28.017,sentence,,,Lead-Time--vs--False-Alarm Trade-off,body,Lead-Time--vs--False-Alarm Trade-off,"Our τ = 0.10 is the conservative end, justified whenever failures are at least ∼100× costlier than inspections; the strict τ = 0.05 column corresponds to inspections that are themselves disruptive (e.g. requiring a shutdown), a small ρ, ex- actly where the low-FAR Deep SVDD point becomes eco- nomical.",C091;C092;C094,
S28.017.n01,number,0.10,0.10,Lead-Time--vs--False-Alarm Trade-off,body,Lead-Time--vs--False-Alarm Trade-off,"Our τ = 0.10 is the conservative end, justified whenever failures are at least ∼100× costlier than inspections; the strict τ = 0.05 column corresponds to inspections that are themselves disruptive (e.g. requiring a shutdown), a small ρ, ex- actly where the low-FAR Deep SVDD point becomes eco- nomical.",,
S28.017.n02,number,100,100,Lead-Time--vs--False-Alarm Trade-off,body,Lead-Time--vs--False-Alarm Trade-off,"Our τ = 0.10 is the conservative end, justified whenever failures are at least ∼100× costlier than inspections; the strict τ = 0.05 column corresponds to inspections that are themselves disruptive (e.g. requiring a shutdown), a small ρ, ex- actly where the low-FAR Deep SVDD point becomes eco- nomical.",,
S28.017.n03,number,0.05,0.05,Lead-Time--vs--False-Alarm Trade-off,body,Lead-Time--vs--False-Alarm Trade-off,"Our τ = 0.10 is the conservative end, justified whenever failures are at least ∼100× costlier than inspections; the strict τ = 0.05 column corresponds to inspections that are themselves disruptive (e.g. requiring a shutdown), a small ρ, ex- actly where the low-FAR Deep SVDD point becomes eco- nomical.",,
S28.018,sentence,,,Lead-Time--vs--False-Alarm Trade-off,body,Lead-Time--vs--False-Alarm Trade-off,"This is an order-of-magnitude anchor, not a site- specific optimisation: the true optimum needs an operator’s actual cI and cF , which we do not have, and Eq.",C094,
S28.019,sentence,,,Lead-Time--vs--False-Alarm Trade-off,body,Lead-Time--vs--False-Alarm Trade-off,(6) lets a practitioner substitute their own.,,
S28.019.n01,number,6,6,Lead-Time--vs--False-Alarm Trade-off,body,Lead-Time--vs--False-Alarm Trade-off,(6) lets a practitioner substitute their own.,,
S29.001,sentence,,,Feature-Group Ablation,body,Feature-Group Ablation,"On IMS, time-domain amplitude features (rms_only or time_only) give each of the six non-sequence detectors its highest or tied-highest validity, and adding spectral, envelope or all features never improves validity for any of them (Table 10).",C096,
S29.002,sentence,,,Feature-Group Ablation,body,Feature-Group Ablation,"For the SPC charts the effect is sharp: rms_only is the unique group at which 3σ and EWMA reach full validity (1.00 at 0% pre-onset FAR), while spectral, envelope and all collapse all four charts to 0.33 by driving their pre-onset FAR to 42-63%, the variance-sensitive charts reacting violently to noisy extra dimensions.",C045;C096;C097,
S29.002.n01,number,1.00,1.00,Feature-Group Ablation,body,Feature-Group Ablation,"For the SPC charts the effect is sharp: rms_only is the unique group at which 3σ and EWMA reach full validity (1.00 at 0% pre-onset FAR), while spectral, envelope and all collapse all four charts to 0.33 by driving their pre-onset FAR to 42-63%, the variance-sensitive charts reacting violently to noisy extra dimensions.",,
S29.002.n02,number,0%,0%,Feature-Group Ablation,body,Feature-Group Ablation,"For the SPC charts the effect is sharp: rms_only is the unique group at which 3σ and EWMA reach full validity (1.00 at 0% pre-onset FAR), while spectral, envelope and all collapse all four charts to 0.33 by driving their pre-onset FAR to 42-63%, the variance-sensitive charts reacting violently to noisy extra dimensions.",,
S29.002.n03,number,0.33,0.33,Feature-Group Ablation,body,Feature-Group Ablation,"For the SPC charts the effect is sharp: rms_only is the unique group at which 3σ and EWMA reach full validity (1.00 at 0% pre-onset FAR), while spectral, envelope and all collapse all four charts to 0.33 by driving their pre-onset FAR to 42-63%, the variance-sensitive charts reacting violently to noisy extra dimensions.",,
S29.002.n04,number,42,42,Feature-Group Ablation,body,Feature-Group Ablation,"For the SPC charts the effect is sharp: rms_only is the unique group at which 3σ and EWMA reach full validity (1.00 at 0% pre-onset FAR), while spectral, envelope and all collapse all four charts to 0.33 by driving their pre-onset FAR to 42-63%, the variance-sensitive charts reacting violently to noisy extra dimensions.",,
S29.002.n05,number,63%,63%,Feature-Group Ablation,body,Feature-Group Ablation,"For the SPC charts the effect is sharp: rms_only is the unique group at which 3σ and EWMA reach full validity (1.00 at 0% pre-onset FAR), while spectral, envelope and all collapse all four charts to 0.33 by driving their pre-onset FAR to 42-63%, the variance-sensitive charts reacting violently to noisy extra dimensions.",,
S29.003,sentence,,,Feature-Group Ablation,body,Feature-Group Ablation,"Deep SVDD fails the opposite way: its pre-onset FAR stays near 0% under every feature set, yet spectral features cut its validity to 0.33 (0.00 for spectral_only) by delaying or suppressing the alarm—missed detections, not false alarms.",C045;C097,
S29.003.n01,number,0%,0%,Feature-Group Ablation,body,Feature-Group Ablation,"Deep SVDD fails the opposite way: its pre-onset FAR stays near 0% under every feature set, yet spectral features cut its validity to 0.33 (0.00 for spectral_only) by delaying or suppressing the alarm—missed detections, not false alarms.",,
S29.003.n02,number,0.33,0.33,Feature-Group Ablation,body,Feature-Group Ablation,"Deep SVDD fails the opposite way: its pre-onset FAR stays near 0% under every feature set, yet spectral features cut its validity to 0.33 (0.00 for spectral_only) by delaying or suppressing the alarm—missed detections, not false alarms.",,
S29.003.n03,number,0.00,0.00,Feature-Group Ablation,body,Feature-Group Ablation,"Deep SVDD fails the opposite way: its pre-onset FAR stays near 0% under every feature set, yet spectral features cut its validity to 0.33 (0.00 for spectral_only) by delaying or suppressing the alarm—missed detections, not false alarms.",,
S29.004,sentence,,,Feature-Group Ablation,body,Feature-Group Ablation,"Under a false-alarm budget every detector should therefore be restricted to time-domain amplitude features, and frequency-domain features admitted with care, most of all for the SPC charts.",C096,
S29.005,sentence,,,Feature-Group Ablation,body,Feature-Group Ablation,"Raw lead inverts this ranking without overturning it: on Isolation Forest the envelope group gives the longest mean lead (99.4 h) and rms_only the shortest (32.0 h), but the long-lead groups accrue 23-29% pre-onset FAR against 0.2% for rms_only, buying their lead by firing indiscriminately; per run, spectral features flip 3σ, EWMA and Hotelling T 2 from valid to invalid on test 2 at 100% pre-onset FAR while Isolation Forest stays valid in both settings.",C096;C098,
S29.005.n01,number,99.4,99.4,Feature-Group Ablation,body,Feature-Group Ablation,"Raw lead inverts this ranking without overturning it: on Isolation Forest the envelope group gives the longest mean lead (99.4 h) and rms_only the shortest (32.0 h), but the long-lead groups accrue 23-29% pre-onset FAR against 0.2% for rms_only, buying their lead by firing indiscriminately; per run, spectral features flip 3σ, EWMA and Hotelling T 2 from valid to invalid on test 2 at 100% pre-onset FAR while Isolation Forest stays valid in both settings.",,
S29.005.n02,number,32.0,32.0,Feature-Group Ablation,body,Feature-Group Ablation,"Raw lead inverts this ranking without overturning it: on Isolation Forest the envelope group gives the longest mean lead (99.4 h) and rms_only the shortest (32.0 h), but the long-lead groups accrue 23-29% pre-onset FAR against 0.2% for rms_only, buying their lead by firing indiscriminately; per run, spectral features flip 3σ, EWMA and Hotelling T 2 from valid to invalid on test 2 at 100% pre-onset FAR while Isolation Forest stays valid in both settings.",,
S29.005.n03,number,23,23,Feature-Group Ablation,body,Feature-Group Ablation,"Raw lead inverts this ranking without overturning it: on Isolation Forest the envelope group gives the longest mean lead (99.4 h) and rms_only the shortest (32.0 h), but the long-lead groups accrue 23-29% pre-onset FAR against 0.2% for rms_only, buying their lead by firing indiscriminately; per run, spectral features flip 3σ, EWMA and Hotelling T 2 from valid to invalid on test 2 at 100% pre-onset FAR while Isolation Forest stays valid in both settings.",,
S29.005.n04,number,29%,29%,Feature-Group Ablation,body,Feature-Group Ablation,"Raw lead inverts this ranking without overturning it: on Isolation Forest the envelope group gives the longest mean lead (99.4 h) and rms_only the shortest (32.0 h), but the long-lead groups accrue 23-29% pre-onset FAR against 0.2% for rms_only, buying their lead by firing indiscriminately; per run, spectral features flip 3σ, EWMA and Hotelling T 2 from valid to invalid on test 2 at 100% pre-onset FAR while Isolation Forest stays valid in both settings.",,
S29.005.n05,number,0.2%,0.2%,Feature-Group Ablation,body,Feature-Group Ablation,"Raw lead inverts this ranking without overturning it: on Isolation Forest the envelope group gives the longest mean lead (99.4 h) and rms_only the shortest (32.0 h), but the long-lead groups accrue 23-29% pre-onset FAR against 0.2% for rms_only, buying their lead by firing indiscriminately; per run, spectral features flip 3σ, EWMA and Hotelling T 2 from valid to invalid on test 2 at 100% pre-onset FAR while Isolation Forest stays valid in both settings.",,
S29.005.n06,number,2,2,Feature-Group Ablation,body,Feature-Group Ablation,"Raw lead inverts this ranking without overturning it: on Isolation Forest the envelope group gives the longest mean lead (99.4 h) and rms_only the shortest (32.0 h), but the long-lead groups accrue 23-29% pre-onset FAR against 0.2% for rms_only, buying their lead by firing indiscriminately; per run, spectral features flip 3σ, EWMA and Hotelling T 2 from valid to invalid on test 2 at 100% pre-onset FAR while Isolation Forest stays valid in both settings.",,
S29.005.n07,number,100%,100%,Feature-Group Ablation,body,Feature-Group Ablation,"Raw lead inverts this ranking without overturning it: on Isolation Forest the envelope group gives the longest mean lead (99.4 h) and rms_only the shortest (32.0 h), but the long-lead groups accrue 23-29% pre-onset FAR against 0.2% for rms_only, buying their lead by firing indiscriminately; per run, spectral features flip 3σ, EWMA and Hotelling T 2 from valid to invalid on test 2 at 100% pre-onset FAR while Isolation Forest stays valid in both settings.",,
S29.006,sentence,,,Feature-Group Ablation,body,Feature-Group Ablation,"Repeated at every coarsening factor, rms_only stays uniquely best at native and 2× resolution (f ≤ 2), matching the argument that bin-averaging preserves the amplitude statistic; at f ≥ 5 only a handful of windows survive per run, valid fractions move in steps of 1/3, and whether the advantage holds at the coarsest SCADA rates is not resolvable at n = 3.",C096;C099,
S29.006.n01,number,2,2,Feature-Group Ablation,body,Feature-Group Ablation,"Repeated at every coarsening factor, rms_only stays uniquely best at native and 2× resolution (f ≤ 2), matching the argument that bin-averaging preserves the amplitude statistic; at f ≥ 5 only a handful of windows survive per run, valid fractions move in steps of 1/3, and whether the advantage holds at the coarsest SCADA rates is not resolvable at n = 3.",,
S29.006.n02,number,2,2,Feature-Group Ablation,body,Feature-Group Ablation,"Repeated at every coarsening factor, rms_only stays uniquely best at native and 2× resolution (f ≤ 2), matching the argument that bin-averaging preserves the amplitude statistic; at f ≥ 5 only a handful of windows survive per run, valid fractions move in steps of 1/3, and whether the advantage holds at the coarsest SCADA rates is not resolvable at n = 3.",,
S29.006.n03,number,5,5,Feature-Group Ablation,body,Feature-Group Ablation,"Repeated at every coarsening factor, rms_only stays uniquely best at native and 2× resolution (f ≤ 2), matching the argument that bin-averaging preserves the amplitude statistic; at f ≥ 5 only a handful of windows survive per run, valid fractions move in steps of 1/3, and whether the advantage holds at the coarsest SCADA rates is not resolvable at n = 3.",,
S29.006.n04,number,1/3,1/3,Feature-Group Ablation,body,Feature-Group Ablation,"Repeated at every coarsening factor, rms_only stays uniquely best at native and 2× resolution (f ≤ 2), matching the argument that bin-averaging preserves the amplitude statistic; at f ≥ 5 only a handful of windows survive per run, valid fractions move in steps of 1/3, and whether the advantage holds at the coarsest SCADA rates is not resolvable at n = 3.",,
S29.006.n05,number,3,3,Feature-Group Ablation,body,Feature-Group Ablation,"Repeated at every coarsening factor, rms_only stays uniquely best at native and 2× resolution (f ≤ 2), matching the argument that bin-averaging preserves the amplitude statistic; at f ≥ 5 only a handful of windows survive per run, valid fractions move in steps of 1/3, and whether the advantage holds at the coarsest SCADA rates is not resolvable at n = 3.",,
S30.001,sentence,,,Comparison with the Saxena Prognostic Horizon,body,Comparison with the Saxena Prognostic Horizon,"If the false-alarm gate is what separates a usable warning from a manufactured one, a metric without it should reward detectors ours rejects.",,
S30.002,sentence,,,Comparison with the Saxena Prognostic Horizon,body,Comparison with the Saxena Prognostic Horizon,"We test this against the most widely used ungated warning-time metric, the Saxena prognostic horizon (PH) (Saxena et al., 2008, 2010): PH = max(0, (tf - FAT)/3600) hours, with no false-alarm constraint.",C056,
S30.002.n01,number,0,0,Comparison with the Saxena Prognostic Horizon,body,Comparison with the Saxena Prognostic Horizon,"We test this against the most widely used ungated warning-time metric, the Saxena prognostic horizon (PH) (Saxena et al., 2008, 2010): PH = max(0, (tf - FAT)/3600) hours, with no false-alarm constraint.",,
S30.002.n02,number,3600,3600,Comparison with the Saxena Prognostic Horizon,body,Comparison with the Saxena Prognostic Horizon,"We test this against the most widely used ungated warning-time metric, the Saxena prognostic horizon (PH) (Saxena et al., 2008, 2010): PH = max(0, (tf - FAT)/3600) hours, with no false-alarm constraint.",,
S30.003,sentence,,,Comparison with the Saxena Prognostic Horizon,body,Comparison with the Saxena Prognostic Horizon,"It is exactly our lead time L before the validity gate (Eq. 5) is applied, and that one missing conjunct is decisive.",C100,
S30.004,sentence,,,Comparison with the Saxena Prognostic Horizon,body,Comparison with the Saxena Prognostic Horizon,PH is maximized by the latch-on detector.,C004;C056,
S30.005,sentence,,,Comparison with the Saxena Prognostic Horizon,body,Comparison with the Saxena Prognostic Horizon,"On the three IMS runs the constant-on detector earns the full run length as PH (164-1073 h) while flooding the pre-onset region (FARpre ≈ 1), so the gated metric scores it L = 0 on every run; the onset oracle is the mirror image, with zero pre-onset false alarms and the maximum achievable lead (12.9, 62.5 and 44.5 h).",C004;C056;C064;C084;C101,
S30.005.n01,number,164,164,Comparison with the Saxena Prognostic Horizon,body,Comparison with the Saxena Prognostic Horizon,"On the three IMS runs the constant-on detector earns the full run length as PH (164-1073 h) while flooding the pre-onset region (FARpre ≈ 1), so the gated metric scores it L = 0 on every run; the onset oracle is the mirror image, with zero pre-onset false alarms and the maximum achievable lead (12.9, 62.5 and 44.5 h).",,
S30.005.n02,number,1073,1073,Comparison with the Saxena Prognostic Horizon,body,Comparison with the Saxena Prognostic Horizon,"On the three IMS runs the constant-on detector earns the full run length as PH (164-1073 h) while flooding the pre-onset region (FARpre ≈ 1), so the gated metric scores it L = 0 on every run; the onset oracle is the mirror image, with zero pre-onset false alarms and the maximum achievable lead (12.9, 62.5 and 44.5 h).",,
S30.005.n03,number,1,1,Comparison with the Saxena Prognostic Horizon,body,Comparison with the Saxena Prognostic Horizon,"On the three IMS runs the constant-on detector earns the full run length as PH (164-1073 h) while flooding the pre-onset region (FARpre ≈ 1), so the gated metric scores it L = 0 on every run; the onset oracle is the mirror image, with zero pre-onset false alarms and the maximum achievable lead (12.9, 62.5 and 44.5 h).",,
S30.005.n04,number,0,0,Comparison with the Saxena Prognostic Horizon,body,Comparison with the Saxena Prognostic Horizon,"On the three IMS runs the constant-on detector earns the full run length as PH (164-1073 h) while flooding the pre-onset region (FARpre ≈ 1), so the gated metric scores it L = 0 on every run; the onset oracle is the mirror image, with zero pre-onset false alarms and the maximum achievable lead (12.9, 62.5 and 44.5 h).",,
S30.005.n05,number,12.9,12.9,Comparison with the Saxena Prognostic Horizon,body,Comparison with the Saxena Prognostic Horizon,"On the three IMS runs the constant-on detector earns the full run length as PH (164-1073 h) while flooding the pre-onset region (FARpre ≈ 1), so the gated metric scores it L = 0 on every run; the onset oracle is the mirror image, with zero pre-onset false alarms and the maximum achievable lead (12.9, 62.5 and 44.5 h).",,
S30.005.n06,number,62.5,62.5,Comparison with the Saxena Prognostic Horizon,body,Comparison with the Saxena Prognostic Horizon,"On the three IMS runs the constant-on detector earns the full run length as PH (164-1073 h) while flooding the pre-onset region (FARpre ≈ 1), so the gated metric scores it L = 0 on every run; the onset oracle is the mirror image, with zero pre-onset false alarms and the maximum achievable lead (12.9, 62.5 and 44.5 h).",,
S30.005.n07,number,44.5,44.5,Comparison with the Saxena Prognostic Horizon,body,Comparison with the Saxena Prognostic Horizon,"On the three IMS runs the constant-on detector earns the full run length as PH (164-1073 h) while flooding the pre-onset region (FARpre ≈ 1), so the gated metric scores it L = 0 on every run; the onset oracle is the mirror image, with zero pre-onset false alarms and the maximum achievable lead (12.9, 62.5 and 44.5 h).",,
S30.006,sentence,,,Comparison with the Saxena Prognostic Horizon,body,Comparison with the Saxena Prognostic Horizon,PH and L disagree on deployable detectors too.,C056;C062,
S30.007,sentence,,,Comparison with the Saxena Prognostic Horizon,body,Comparison with the Saxena Prognostic Horizon,"Ranked at their own best operating points (Table 2), the two orders nearly invert at the top.",C102,
S30.008,sentence,,,Comparison with the Saxena Prognostic Horizon,body,Comparison with the Saxena Prognostic Horizon,"The seven detectors PH ranks highest—LSTM-AE 199.6 h, TCN-AE 185.4 h, Transformer-AD 184.0 h, the one-class SVM 180.2 h, Hotelling T 2 176.9 h, Isolation Forest 174.7 h and EWMA 89.1 h—have no valid operating point under a 10% falsealarm budget, so their gated lead is L = 0; the deep models alarm through 61-100% of every pre-onset region. 3σ, which PH ranks only eighth (77.0 h raw), is the one that clears the budget (56.3 h of lead at 8.9% pre-onset FAR) and the correct recommendation; CUSUM (65.0 h, PH’s ninth) also scores L = 0, and Deep SVDD, ranked last by PH, rises to a valid 14.8 h.",C056;C060;C090;C091;C092,
S30.008.n01,number,199.6,199.6,Comparison with the Saxena Prognostic Horizon,body,Comparison with the Saxena Prognostic Horizon,"The seven detectors PH ranks highest—LSTM-AE 199.6 h, TCN-AE 185.4 h, Transformer-AD 184.0 h, the one-class SVM 180.2 h, Hotelling T 2 176.9 h, Isolation Forest 174.7 h and EWMA 89.1 h—have no valid operating point under a 10% falsealarm budget, so their gated lead is L = 0; the deep models alarm through 61-100% of every pre-onset region. 3σ, which PH ranks only eighth (77.0 h raw), is the one that clears the budget (56.3 h of lead at 8.9% pre-onset FAR) and the correct recommendation; CUSUM (65.0 h, PH’s ninth) also scores L = 0, and Deep SVDD, ranked last by PH, rises to a valid 14.8 h.",,
S30.008.n02,number,185.4,185.4,Comparison with the Saxena Prognostic Horizon,body,Comparison with the Saxena Prognostic Horizon,"The seven detectors PH ranks highest—LSTM-AE 199.6 h, TCN-AE 185.4 h, Transformer-AD 184.0 h, the one-class SVM 180.2 h, Hotelling T 2 176.9 h, Isolation Forest 174.7 h and EWMA 89.1 h—have no valid operating point under a 10% falsealarm budget, so their gated lead is L = 0; the deep models alarm through 61-100% of every pre-onset region. 3σ, which PH ranks only eighth (77.0 h raw), is the one that clears the budget (56.3 h of lead at 8.9% pre-onset FAR) and the correct recommendation; CUSUM (65.0 h, PH’s ninth) also scores L = 0, and Deep SVDD, ranked last by PH, rises to a valid 14.8 h.",,
S30.008.n03,number,184.0,184.0,Comparison with the Saxena Prognostic Horizon,body,Comparison with the Saxena Prognostic Horizon,"The seven detectors PH ranks highest—LSTM-AE 199.6 h, TCN-AE 185.4 h, Transformer-AD 184.0 h, the one-class SVM 180.2 h, Hotelling T 2 176.9 h, Isolation Forest 174.7 h and EWMA 89.1 h—have no valid operating point under a 10% falsealarm budget, so their gated lead is L = 0; the deep models alarm through 61-100% of every pre-onset region. 3σ, which PH ranks only eighth (77.0 h raw), is the one that clears the budget (56.3 h of lead at 8.9% pre-onset FAR) and the correct recommendation; CUSUM (65.0 h, PH’s ninth) also scores L = 0, and Deep SVDD, ranked last by PH, rises to a valid 14.8 h.",,
S30.008.n04,number,180.2,180.2,Comparison with the Saxena Prognostic Horizon,body,Comparison with the Saxena Prognostic Horizon,"The seven detectors PH ranks highest—LSTM-AE 199.6 h, TCN-AE 185.4 h, Transformer-AD 184.0 h, the one-class SVM 180.2 h, Hotelling T 2 176.9 h, Isolation Forest 174.7 h and EWMA 89.1 h—have no valid operating point under a 10% falsealarm budget, so their gated lead is L = 0; the deep models alarm through 61-100% of every pre-onset region. 3σ, which PH ranks only eighth (77.0 h raw), is the one that clears the budget (56.3 h of lead at 8.9% pre-onset FAR) and the correct recommendation; CUSUM (65.0 h, PH’s ninth) also scores L = 0, and Deep SVDD, ranked last by PH, rises to a valid 14.8 h.",,
S30.008.n05,number,176.9,176.9,Comparison with the Saxena Prognostic Horizon,body,Comparison with the Saxena Prognostic Horizon,"The seven detectors PH ranks highest—LSTM-AE 199.6 h, TCN-AE 185.4 h, Transformer-AD 184.0 h, the one-class SVM 180.2 h, Hotelling T 2 176.9 h, Isolation Forest 174.7 h and EWMA 89.1 h—have no valid operating point under a 10% falsealarm budget, so their gated lead is L = 0; the deep models alarm through 61-100% of every pre-onset region. 3σ, which PH ranks only eighth (77.0 h raw), is the one that clears the budget (56.3 h of lead at 8.9% pre-onset FAR) and the correct recommendation; CUSUM (65.0 h, PH’s ninth) also scores L = 0, and Deep SVDD, ranked last by PH, rises to a valid 14.8 h.",,
S30.008.n06,number,174.7,174.7,Comparison with the Saxena Prognostic Horizon,body,Comparison with the Saxena Prognostic Horizon,"The seven detectors PH ranks highest—LSTM-AE 199.6 h, TCN-AE 185.4 h, Transformer-AD 184.0 h, the one-class SVM 180.2 h, Hotelling T 2 176.9 h, Isolation Forest 174.7 h and EWMA 89.1 h—have no valid operating point under a 10% falsealarm budget, so their gated lead is L = 0; the deep models alarm through 61-100% of every pre-onset region. 3σ, which PH ranks only eighth (77.0 h raw), is the one that clears the budget (56.3 h of lead at 8.9% pre-onset FAR) and the correct recommendation; CUSUM (65.0 h, PH’s ninth) also scores L = 0, and Deep SVDD, ranked last by PH, rises to a valid 14.8 h.",,
S30.008.n07,number,89.1,89.1,Comparison with the Saxena Prognostic Horizon,body,Comparison with the Saxena Prognostic Horizon,"The seven detectors PH ranks highest—LSTM-AE 199.6 h, TCN-AE 185.4 h, Transformer-AD 184.0 h, the one-class SVM 180.2 h, Hotelling T 2 176.9 h, Isolation Forest 174.7 h and EWMA 89.1 h—have no valid operating point under a 10% falsealarm budget, so their gated lead is L = 0; the deep models alarm through 61-100% of every pre-onset region. 3σ, which PH ranks only eighth (77.0 h raw), is the one that clears the budget (56.3 h of lead at 8.9% pre-onset FAR) and the correct recommendation; CUSUM (65.0 h, PH’s ninth) also scores L = 0, and Deep SVDD, ranked last by PH, rises to a valid 14.8 h.",,
S30.008.n08,number,10%,10%,Comparison with the Saxena Prognostic Horizon,body,Comparison with the Saxena Prognostic Horizon,"The seven detectors PH ranks highest—LSTM-AE 199.6 h, TCN-AE 185.4 h, Transformer-AD 184.0 h, the one-class SVM 180.2 h, Hotelling T 2 176.9 h, Isolation Forest 174.7 h and EWMA 89.1 h—have no valid operating point under a 10% falsealarm budget, so their gated lead is L = 0; the deep models alarm through 61-100% of every pre-onset region. 3σ, which PH ranks only eighth (77.0 h raw), is the one that clears the budget (56.3 h of lead at 8.9% pre-onset FAR) and the correct recommendation; CUSUM (65.0 h, PH’s ninth) also scores L = 0, and Deep SVDD, ranked last by PH, rises to a valid 14.8 h.",,
S30.008.n09,number,0,0,Comparison with the Saxena Prognostic Horizon,body,Comparison with the Saxena Prognostic Horizon,"The seven detectors PH ranks highest—LSTM-AE 199.6 h, TCN-AE 185.4 h, Transformer-AD 184.0 h, the one-class SVM 180.2 h, Hotelling T 2 176.9 h, Isolation Forest 174.7 h and EWMA 89.1 h—have no valid operating point under a 10% falsealarm budget, so their gated lead is L = 0; the deep models alarm through 61-100% of every pre-onset region. 3σ, which PH ranks only eighth (77.0 h raw), is the one that clears the budget (56.3 h of lead at 8.9% pre-onset FAR) and the correct recommendation; CUSUM (65.0 h, PH’s ninth) also scores L = 0, and Deep SVDD, ranked last by PH, rises to a valid 14.8 h.",,
S30.008.n10,number,61,61,Comparison with the Saxena Prognostic Horizon,body,Comparison with the Saxena Prognostic Horizon,"The seven detectors PH ranks highest—LSTM-AE 199.6 h, TCN-AE 185.4 h, Transformer-AD 184.0 h, the one-class SVM 180.2 h, Hotelling T 2 176.9 h, Isolation Forest 174.7 h and EWMA 89.1 h—have no valid operating point under a 10% falsealarm budget, so their gated lead is L = 0; the deep models alarm through 61-100% of every pre-onset region. 3σ, which PH ranks only eighth (77.0 h raw), is the one that clears the budget (56.3 h of lead at 8.9% pre-onset FAR) and the correct recommendation; CUSUM (65.0 h, PH’s ninth) also scores L = 0, and Deep SVDD, ranked last by PH, rises to a valid 14.8 h.",,
S30.008.n11,number,100%,100%,Comparison with the Saxena Prognostic Horizon,body,Comparison with the Saxena Prognostic Horizon,"The seven detectors PH ranks highest—LSTM-AE 199.6 h, TCN-AE 185.4 h, Transformer-AD 184.0 h, the one-class SVM 180.2 h, Hotelling T 2 176.9 h, Isolation Forest 174.7 h and EWMA 89.1 h—have no valid operating point under a 10% falsealarm budget, so their gated lead is L = 0; the deep models alarm through 61-100% of every pre-onset region. 3σ, which PH ranks only eighth (77.0 h raw), is the one that clears the budget (56.3 h of lead at 8.9% pre-onset FAR) and the correct recommendation; CUSUM (65.0 h, PH’s ninth) also scores L = 0, and Deep SVDD, ranked last by PH, rises to a valid 14.8 h.",,
S30.008.n12,number,77.0,77.0,Comparison with the Saxena Prognostic Horizon,body,Comparison with the Saxena Prognostic Horizon,"The seven detectors PH ranks highest—LSTM-AE 199.6 h, TCN-AE 185.4 h, Transformer-AD 184.0 h, the one-class SVM 180.2 h, Hotelling T 2 176.9 h, Isolation Forest 174.7 h and EWMA 89.1 h—have no valid operating point under a 10% falsealarm budget, so their gated lead is L = 0; the deep models alarm through 61-100% of every pre-onset region. 3σ, which PH ranks only eighth (77.0 h raw), is the one that clears the budget (56.3 h of lead at 8.9% pre-onset FAR) and the correct recommendation; CUSUM (65.0 h, PH’s ninth) also scores L = 0, and Deep SVDD, ranked last by PH, rises to a valid 14.8 h.",,
S30.008.n13,number,56.3,56.3,Comparison with the Saxena Prognostic Horizon,body,Comparison with the Saxena Prognostic Horizon,"The seven detectors PH ranks highest—LSTM-AE 199.6 h, TCN-AE 185.4 h, Transformer-AD 184.0 h, the one-class SVM 180.2 h, Hotelling T 2 176.9 h, Isolation Forest 174.7 h and EWMA 89.1 h—have no valid operating point under a 10% falsealarm budget, so their gated lead is L = 0; the deep models alarm through 61-100% of every pre-onset region. 3σ, which PH ranks only eighth (77.0 h raw), is the one that clears the budget (56.3 h of lead at 8.9% pre-onset FAR) and the correct recommendation; CUSUM (65.0 h, PH’s ninth) also scores L = 0, and Deep SVDD, ranked last by PH, rises to a valid 14.8 h.",,
S30.008.n14,number,8.9%,8.9%,Comparison with the Saxena Prognostic Horizon,body,Comparison with the Saxena Prognostic Horizon,"The seven detectors PH ranks highest—LSTM-AE 199.6 h, TCN-AE 185.4 h, Transformer-AD 184.0 h, the one-class SVM 180.2 h, Hotelling T 2 176.9 h, Isolation Forest 174.7 h and EWMA 89.1 h—have no valid operating point under a 10% falsealarm budget, so their gated lead is L = 0; the deep models alarm through 61-100% of every pre-onset region. 3σ, which PH ranks only eighth (77.0 h raw), is the one that clears the budget (56.3 h of lead at 8.9% pre-onset FAR) and the correct recommendation; CUSUM (65.0 h, PH’s ninth) also scores L = 0, and Deep SVDD, ranked last by PH, rises to a valid 14.8 h.",,
S30.008.n15,number,65.0,65.0,Comparison with the Saxena Prognostic Horizon,body,Comparison with the Saxena Prognostic Horizon,"The seven detectors PH ranks highest—LSTM-AE 199.6 h, TCN-AE 185.4 h, Transformer-AD 184.0 h, the one-class SVM 180.2 h, Hotelling T 2 176.9 h, Isolation Forest 174.7 h and EWMA 89.1 h—have no valid operating point under a 10% falsealarm budget, so their gated lead is L = 0; the deep models alarm through 61-100% of every pre-onset region. 3σ, which PH ranks only eighth (77.0 h raw), is the one that clears the budget (56.3 h of lead at 8.9% pre-onset FAR) and the correct recommendation; CUSUM (65.0 h, PH’s ninth) also scores L = 0, and Deep SVDD, ranked last by PH, rises to a valid 14.8 h.",,
S30.008.n16,number,0,0,Comparison with the Saxena Prognostic Horizon,body,Comparison with the Saxena Prognostic Horizon,"The seven detectors PH ranks highest—LSTM-AE 199.6 h, TCN-AE 185.4 h, Transformer-AD 184.0 h, the one-class SVM 180.2 h, Hotelling T 2 176.9 h, Isolation Forest 174.7 h and EWMA 89.1 h—have no valid operating point under a 10% falsealarm budget, so their gated lead is L = 0; the deep models alarm through 61-100% of every pre-onset region. 3σ, which PH ranks only eighth (77.0 h raw), is the one that clears the budget (56.3 h of lead at 8.9% pre-onset FAR) and the correct recommendation; CUSUM (65.0 h, PH’s ninth) also scores L = 0, and Deep SVDD, ranked last by PH, rises to a valid 14.8 h.",,
S30.008.n17,number,14.8,14.8,Comparison with the Saxena Prognostic Horizon,body,Comparison with the Saxena Prognostic Horizon,"The seven detectors PH ranks highest—LSTM-AE 199.6 h, TCN-AE 185.4 h, Transformer-AD 184.0 h, the one-class SVM 180.2 h, Hotelling T 2 176.9 h, Isolation Forest 174.7 h and EWMA 89.1 h—have no valid operating point under a 10% falsealarm budget, so their gated lead is L = 0; the deep models alarm through 61-100% of every pre-onset region. 3σ, which PH ranks only eighth (77.0 h raw), is the one that clears the budget (56.3 h of lead at 8.9% pre-onset FAR) and the correct recommendation; CUSUM (65.0 h, PH’s ninth) also scores L = 0, and Deep SVDD, ranked last by PH, rises to a valid 14.8 h.",,
S30.009,sentence,,,Comparison with the Saxena Prognostic Horizon,body,Comparison with the Saxena Prognostic Horizon,"Any warning-time metric that does not gate on FARpre can be driven to its maximum by loosening the alarm threshold, in the limit to the constant-on detector; ours closes this by construction and PH does not.",C004;C056,
S30.010,sentence,,,Comparison with the Saxena Prognostic Horizon,body,Comparison with the Saxena Prognostic Horizon,"On IMS this changes the recommended detector from the ones PH ranks first by raw lead to 3σ, the only classical chart with a valid operating point at a 10% budget: PH rewards precisely the detectors a false-alarm-budgeted operator must avoid. 6.12.",C056,
S30.010.n01,number,10%,10%,Comparison with the Saxena Prognostic Horizon,body,Comparison with the Saxena Prognostic Horizon,"On IMS this changes the recommended detector from the ones PH ranks first by raw lead to 3σ, the only classical chart with a valid operating point at a 10% budget: PH rewards precisely the detectors a false-alarm-budgeted operator must avoid. 6.12.",,
S30.010.n02,number,6.12,6.12,Comparison with the Saxena Prognostic Horizon,body,Comparison with the Saxena Prognostic Horizon,"On IMS this changes the recommended detector from the ones PH ranks first by raw lead to 3σ, the only classical chart with a valid operating point at a 10% budget: PH rewards precisely the detectors a false-alarm-budgeted operator must avoid. 6.12.",,
S30.011,sentence,,,Comparison with the Saxena Prognostic Horizon,body,Comparison with the Saxena Prognostic Horizon,Minimum Training Data for Deep Anomaly,,
S31.001,sentence,,,Minimum Training Data for Deep Anomaly Detectors,body,Minimum Training Data for Deep Anomaly Detectors,How much normal run-in history must a new asset collect before a deep model can be trusted over a simple control chart?,,
S31.002,sentence,,,Minimum Training Data for Deep Anomaly Detectors,body,Minimum Training Data for Deep Anomaly Detectors,"We sweep the training fraction T ∈ {0.20, . . . , 0.60} on FEMTO, the one dataset where all six bearings are long enough for every detector, including the seq-len-30 deep models (calibration fixed at 0.10, test = 1 - T - 0.10, no per-T retuning).",,
S31.002.n01,number,0.20,0.20,Minimum Training Data for Deep Anomaly Detectors,body,Minimum Training Data for Deep Anomaly Detectors,"We sweep the training fraction T ∈ {0.20, . . . , 0.60} on FEMTO, the one dataset where all six bearings are long enough for every detector, including the seq-len-30 deep models (calibration fixed at 0.10, test = 1 - T - 0.10, no per-T retuning).",,
S31.002.n02,number,0.60,0.60,Minimum Training Data for Deep Anomaly Detectors,body,Minimum Training Data for Deep Anomaly Detectors,"We sweep the training fraction T ∈ {0.20, . . . , 0.60} on FEMTO, the one dataset where all six bearings are long enough for every detector, including the seq-len-30 deep models (calibration fixed at 0.10, test = 1 - T - 0.10, no per-T retuning).",,
S31.002.n03,number,30,30,Minimum Training Data for Deep Anomaly Detectors,body,Minimum Training Data for Deep Anomaly Detectors,"We sweep the training fraction T ∈ {0.20, . . . , 0.60} on FEMTO, the one dataset where all six bearings are long enough for every detector, including the seq-len-30 deep models (calibration fixed at 0.10, test = 1 - T - 0.10, no per-T retuning).",,
S31.002.n04,number,0.10,0.10,Minimum Training Data for Deep Anomaly Detectors,body,Minimum Training Data for Deep Anomaly Detectors,"We sweep the training fraction T ∈ {0.20, . . . , 0.60} on FEMTO, the one dataset where all six bearings are long enough for every detector, including the seq-len-30 deep models (calibration fixed at 0.10, test = 1 - T - 0.10, no per-T retuning).",,
S31.002.n05,number,1,1,Minimum Training Data for Deep Anomaly Detectors,body,Minimum Training Data for Deep Anomaly Detectors,"We sweep the training fraction T ∈ {0.20, . . . , 0.60} on FEMTO, the one dataset where all six bearings are long enough for every detector, including the seq-len-30 deep models (calibration fixed at 0.10, test = 1 - T - 0.10, no per-T retuning).",,
S31.002.n06,number,0.10,0.10,Minimum Training Data for Deep Anomaly Detectors,body,Minimum Training Data for Deep Anomaly Detectors,"We sweep the training fraction T ∈ {0.20, . . . , 0.60} on FEMTO, the one dataset where all six bearings are long enough for every detector, including the seq-len-30 deep models (calibration fixed at 0.10, test = 1 - T - 0.10, no per-T retuning).",,
S31.003,sentence,,,Minimum Training Data for Deep Anomaly Detectors,body,Minimum Training Data for Deep Anomaly Detectors,"At T = 0.20 the shortest bearing (Bearing3_1) forms only 20 training windows, fewer than the 30 a sequence requires, so LSTM-AE, TCN-AE and Transformer-AD are explicit N/A there (Section 4.5); these are the only three N/A cells, the other 297 of the 300 (detector, bearing, T ) cells being genuine evaluations.",C030;C103,
S31.003.n01,number,0.20,0.20,Minimum Training Data for Deep Anomaly Detectors,body,Minimum Training Data for Deep Anomaly Detectors,"At T = 0.20 the shortest bearing (Bearing3_1) forms only 20 training windows, fewer than the 30 a sequence requires, so LSTM-AE, TCN-AE and Transformer-AD are explicit N/A there (Section 4.5); these are the only three N/A cells, the other 297 of the 300 (detector, bearing, T ) cells being genuine evaluations.",,
S31.003.n02,number,20,20,Minimum Training Data for Deep Anomaly Detectors,body,Minimum Training Data for Deep Anomaly Detectors,"At T = 0.20 the shortest bearing (Bearing3_1) forms only 20 training windows, fewer than the 30 a sequence requires, so LSTM-AE, TCN-AE and Transformer-AD are explicit N/A there (Section 4.5); these are the only three N/A cells, the other 297 of the 300 (detector, bearing, T ) cells being genuine evaluations.",,
S31.003.n03,number,30,30,Minimum Training Data for Deep Anomaly Detectors,body,Minimum Training Data for Deep Anomaly Detectors,"At T = 0.20 the shortest bearing (Bearing3_1) forms only 20 training windows, fewer than the 30 a sequence requires, so LSTM-AE, TCN-AE and Transformer-AD are explicit N/A there (Section 4.5); these are the only three N/A cells, the other 297 of the 300 (detector, bearing, T ) cells being genuine evaluations.",,
S31.003.n04,number,297,297,Minimum Training Data for Deep Anomaly Detectors,body,Minimum Training Data for Deep Anomaly Detectors,"At T = 0.20 the shortest bearing (Bearing3_1) forms only 20 training windows, fewer than the 30 a sequence requires, so LSTM-AE, TCN-AE and Transformer-AD are explicit N/A there (Section 4.5); these are the only three N/A cells, the other 297 of the 300 (detector, bearing, T ) cells being genuine evaluations.",,
S31.003.n05,number,300,300,Minimum Training Data for Deep Anomaly Detectors,body,Minimum Training Data for Deep Anomaly Detectors,"At T = 0.20 the shortest bearing (Bearing3_1) forms only 20 training windows, fewer than the 30 a sequence requires, so LSTM-AE, TCN-AE and Transformer-AD are explicit N/A there (Section 4.5); these are the only three N/A cells, the other 297 of the 300 (detector, bearing, T ) cells being genuine evaluations.",,
S31.004,sentence,,,Minimum Training Data for Deep Anomaly Detectors,body,Minimum Training Data for Deep Anomaly Detectors,"Valid-alarm fractions use the full n = 6 with an N/A counted as no valid alarm, the conservative choice; the released sweep records the N/A count separately.",,
S31.004.n01,number,6,6,Minimum Training Data for Deep Anomaly Detectors,body,Minimum Training Data for Deep Anomaly Detectors,"Valid-alarm fractions use the full n = 6 with an N/A counted as no valid alarm, the conservative choice; the released sweep records the N/A count separately.",,
S31.005,sentence,,,Minimum Training Data for Deep Anomaly Detectors,body,Minimum Training Data for Deep Anomaly Detectors,There is no crossover (Figure 6).,C051,
S31.006,sentence,,,Minimum Training Data for Deep Anomaly Detectors,body,Minimum Training Data for Deep Anomaly Detectors,"The four SPC charts are at or near their best at the smallest training fraction—3σ at 1.00, EWMA and Hotelling T 2 at 0.667, CUSUM at 0.500—and more commissioning data does not improve them: 3σ falls to 0.833 at T = 0.30 and 0.667 from T = 0.40 on, Hotelling T 2 falls to 0.500, EWMA is flat at 0.667, and CUSUM is flat at 0.500 apart from a one-bearing rise to 0.667 at T = 0.50.",C104,
S31.006.n01,number,1.00,1.00,Minimum Training Data for Deep Anomaly Detectors,body,Minimum Training Data for Deep Anomaly Detectors,"The four SPC charts are at or near their best at the smallest training fraction—3σ at 1.00, EWMA and Hotelling T 2 at 0.667, CUSUM at 0.500—and more commissioning data does not improve them: 3σ falls to 0.833 at T = 0.30 and 0.667 from T = 0.40 on, Hotelling T 2 falls to 0.500, EWMA is flat at 0.667, and CUSUM is flat at 0.500 apart from a one-bearing rise to 0.667 at T = 0.50.",,
S31.006.n02,number,0.667,0.667,Minimum Training Data for Deep Anomaly Detectors,body,Minimum Training Data for Deep Anomaly Detectors,"The four SPC charts are at or near their best at the smallest training fraction—3σ at 1.00, EWMA and Hotelling T 2 at 0.667, CUSUM at 0.500—and more commissioning data does not improve them: 3σ falls to 0.833 at T = 0.30 and 0.667 from T = 0.40 on, Hotelling T 2 falls to 0.500, EWMA is flat at 0.667, and CUSUM is flat at 0.500 apart from a one-bearing rise to 0.667 at T = 0.50.",,
S31.006.n03,number,0.500,0.500,Minimum Training Data for Deep Anomaly Detectors,body,Minimum Training Data for Deep Anomaly Detectors,"The four SPC charts are at or near their best at the smallest training fraction—3σ at 1.00, EWMA and Hotelling T 2 at 0.667, CUSUM at 0.500—and more commissioning data does not improve them: 3σ falls to 0.833 at T = 0.30 and 0.667 from T = 0.40 on, Hotelling T 2 falls to 0.500, EWMA is flat at 0.667, and CUSUM is flat at 0.500 apart from a one-bearing rise to 0.667 at T = 0.50.",,
S31.006.n04,number,0.833,0.833,Minimum Training Data for Deep Anomaly Detectors,body,Minimum Training Data for Deep Anomaly Detectors,"The four SPC charts are at or near their best at the smallest training fraction—3σ at 1.00, EWMA and Hotelling T 2 at 0.667, CUSUM at 0.500—and more commissioning data does not improve them: 3σ falls to 0.833 at T = 0.30 and 0.667 from T = 0.40 on, Hotelling T 2 falls to 0.500, EWMA is flat at 0.667, and CUSUM is flat at 0.500 apart from a one-bearing rise to 0.667 at T = 0.50.",,
S31.006.n05,number,0.30,0.30,Minimum Training Data for Deep Anomaly Detectors,body,Minimum Training Data for Deep Anomaly Detectors,"The four SPC charts are at or near their best at the smallest training fraction—3σ at 1.00, EWMA and Hotelling T 2 at 0.667, CUSUM at 0.500—and more commissioning data does not improve them: 3σ falls to 0.833 at T = 0.30 and 0.667 from T = 0.40 on, Hotelling T 2 falls to 0.500, EWMA is flat at 0.667, and CUSUM is flat at 0.500 apart from a one-bearing rise to 0.667 at T = 0.50.",,
S31.006.n06,number,0.667,0.667,Minimum Training Data for Deep Anomaly Detectors,body,Minimum Training Data for Deep Anomaly Detectors,"The four SPC charts are at or near their best at the smallest training fraction—3σ at 1.00, EWMA and Hotelling T 2 at 0.667, CUSUM at 0.500—and more commissioning data does not improve them: 3σ falls to 0.833 at T = 0.30 and 0.667 from T = 0.40 on, Hotelling T 2 falls to 0.500, EWMA is flat at 0.667, and CUSUM is flat at 0.500 apart from a one-bearing rise to 0.667 at T = 0.50.",,
S31.006.n07,number,0.40,0.40,Minimum Training Data for Deep Anomaly Detectors,body,Minimum Training Data for Deep Anomaly Detectors,"The four SPC charts are at or near their best at the smallest training fraction—3σ at 1.00, EWMA and Hotelling T 2 at 0.667, CUSUM at 0.500—and more commissioning data does not improve them: 3σ falls to 0.833 at T = 0.30 and 0.667 from T = 0.40 on, Hotelling T 2 falls to 0.500, EWMA is flat at 0.667, and CUSUM is flat at 0.500 apart from a one-bearing rise to 0.667 at T = 0.50.",,
S31.006.n08,number,0.500,0.500,Minimum Training Data for Deep Anomaly Detectors,body,Minimum Training Data for Deep Anomaly Detectors,"The four SPC charts are at or near their best at the smallest training fraction—3σ at 1.00, EWMA and Hotelling T 2 at 0.667, CUSUM at 0.500—and more commissioning data does not improve them: 3σ falls to 0.833 at T = 0.30 and 0.667 from T = 0.40 on, Hotelling T 2 falls to 0.500, EWMA is flat at 0.667, and CUSUM is flat at 0.500 apart from a one-bearing rise to 0.667 at T = 0.50.",,
S31.006.n09,number,0.667,0.667,Minimum Training Data for Deep Anomaly Detectors,body,Minimum Training Data for Deep Anomaly Detectors,"The four SPC charts are at or near their best at the smallest training fraction—3σ at 1.00, EWMA and Hotelling T 2 at 0.667, CUSUM at 0.500—and more commissioning data does not improve them: 3σ falls to 0.833 at T = 0.30 and 0.667 from T = 0.40 on, Hotelling T 2 falls to 0.500, EWMA is flat at 0.667, and CUSUM is flat at 0.500 apart from a one-bearing rise to 0.667 at T = 0.50.",,
S31.006.n10,number,0.500,0.500,Minimum Training Data for Deep Anomaly Detectors,body,Minimum Training Data for Deep Anomaly Detectors,"The four SPC charts are at or near their best at the smallest training fraction—3σ at 1.00, EWMA and Hotelling T 2 at 0.667, CUSUM at 0.500—and more commissioning data does not improve them: 3σ falls to 0.833 at T = 0.30 and 0.667 from T = 0.40 on, Hotelling T 2 falls to 0.500, EWMA is flat at 0.667, and CUSUM is flat at 0.500 apart from a one-bearing rise to 0.667 at T = 0.50.",,
S31.006.n11,number,0.667,0.667,Minimum Training Data for Deep Anomaly Detectors,body,Minimum Training Data for Deep Anomaly Detectors,"The four SPC charts are at or near their best at the smallest training fraction—3σ at 1.00, EWMA and Hotelling T 2 at 0.667, CUSUM at 0.500—and more commissioning data does not improve them: 3σ falls to 0.833 at T = 0.30 and 0.667 from T = 0.40 on, Hotelling T 2 falls to 0.500, EWMA is flat at 0.667, and CUSUM is flat at 0.500 apart from a one-bearing rise to 0.667 at T = 0.50.",,
S31.006.n12,number,0.50,0.50,Minimum Training Data for Deep Anomaly Detectors,body,Minimum Training Data for Deep Anomaly Detectors,"The four SPC charts are at or near their best at the smallest training fraction—3σ at 1.00, EWMA and Hotelling T 2 at 0.667, CUSUM at 0.500—and more commissioning data does not improve them: 3σ falls to 0.833 at T = 0.30 and 0.667 from T = 0.40 on, Hotelling T 2 falls to 0.500, EWMA is flat at 0.667, and CUSUM is flat at 0.500 apart from a one-bearing rise to 0.667 at T = 0.50.",,
S31.007,sentence,,,Minimum Training Data for Deep Anomaly Detectors,body,Minimum Training Data for Deep Anomaly Detectors,"Isolation Forest starts and ends at 0.667 but dips to 0.167 at T = 0.30; only the naive RMS-trend baseline rises with T , from a far lower base (0.000 to 0.500).",,
S31.007.n01,number,0.667,0.667,Minimum Training Data for Deep Anomaly Detectors,body,Minimum Training Data for Deep Anomaly Detectors,"Isolation Forest starts and ends at 0.667 but dips to 0.167 at T = 0.30; only the naive RMS-trend baseline rises with T , from a far lower base (0.000 to 0.500).",,
S31.007.n02,number,0.167,0.167,Minimum Training Data for Deep Anomaly Detectors,body,Minimum Training Data for Deep Anomaly Detectors,"Isolation Forest starts and ends at 0.667 but dips to 0.167 at T = 0.30; only the naive RMS-trend baseline rises with T , from a far lower base (0.000 to 0.500).",,
S31.007.n03,number,0.30,0.30,Minimum Training Data for Deep Anomaly Detectors,body,Minimum Training Data for Deep Anomaly Detectors,"Isolation Forest starts and ends at 0.667 but dips to 0.167 at T = 0.30; only the naive RMS-trend baseline rises with T , from a far lower base (0.000 to 0.500).",,
S31.007.n04,number,0.000,0.000,Minimum Training Data for Deep Anomaly Detectors,body,Minimum Training Data for Deep Anomaly Detectors,"Isolation Forest starts and ends at 0.667 but dips to 0.167 at T = 0.30; only the naive RMS-trend baseline rises with T , from a far lower base (0.000 to 0.500).",,
S31.007.n05,number,0.500,0.500,Minimum Training Data for Deep Anomaly Detectors,body,Minimum Training Data for Deep Anomaly Detectors,"Isolation Forest starts and ends at 0.667 but dips to 0.167 at T = 0.30; only the naive RMS-trend baseline rises with T , from a far lower base (0.000 to 0.500).",,
S31.008,sentence,,,Minimum Training Data for Deep Anomaly Detectors,body,Minimum Training Data for Deep Anomaly Detectors,"This is a consequence of the design, not reverse data-hunger: the test fraction 1 - T -0.10 shrinks as T grows, so on bearings this short a betterestimated baseline comes with a shorter window in which to use it.",C104,
S31.008.n01,number,1,1,Minimum Training Data for Deep Anomaly Detectors,body,Minimum Training Data for Deep Anomaly Detectors,"This is a consequence of the design, not reverse data-hunger: the test fraction 1 - T -0.10 shrinks as T grows, so on bearings this short a betterestimated baseline comes with a shorter window in which to use it.",,
S31.008.n02,number,-0.10,-0.10,Minimum Training Data for Deep Anomaly Detectors,body,Minimum Training Data for Deep Anomaly Detectors,"This is a consequence of the design, not reverse data-hunger: the test fraction 1 - T -0.10 shrinks as T grows, so on bearings this short a betterestimated baseline comes with a shorter window in which to use it.",,
S31.009,sentence,,,Minimum Training Data for Deep Anomaly Detectors,body,Minimum Training Data for Deep Anomaly Detectors,"The three deep reconstruction models sit far below the charts at every training fraction (LSTM-AE and TransformerAD 0.000-0.333, TCN-AE 0.000-0.167) and do not close the gap.",C105,
S31.009.n01,number,0.000,0.000,Minimum Training Data for Deep Anomaly Detectors,body,Minimum Training Data for Deep Anomaly Detectors,"The three deep reconstruction models sit far below the charts at every training fraction (LSTM-AE and TransformerAD 0.000-0.333, TCN-AE 0.000-0.167) and do not close the gap.",,
S31.009.n02,number,0.333,0.333,Minimum Training Data for Deep Anomaly Detectors,body,Minimum Training Data for Deep Anomaly Detectors,"The three deep reconstruction models sit far below the charts at every training fraction (LSTM-AE and TransformerAD 0.000-0.333, TCN-AE 0.000-0.167) and do not close the gap.",,
S31.009.n03,number,0.000,0.000,Minimum Training Data for Deep Anomaly Detectors,body,Minimum Training Data for Deep Anomaly Detectors,"The three deep reconstruction models sit far below the charts at every training fraction (LSTM-AE and TransformerAD 0.000-0.333, TCN-AE 0.000-0.167) and do not close the gap.",,
S31.009.n04,number,0.167,0.167,Minimum Training Data for Deep Anomaly Detectors,body,Minimum Training Data for Deep Anomaly Detectors,"The three deep reconstruction models sit far below the charts at every training fraction (LSTM-AE and TransformerAD 0.000-0.333, TCN-AE 0.000-0.167) and do not close the gap.",,
S31.010,sentence,,,Minimum Training Data for Deep Anomaly Detectors,body,Minimum Training Data for Deep Anomaly Detectors,"Deep SVDD has no valid alarm below T = 0.60 and 0.167, one bearing, at T = 0.60, the shortest test window: as on IMS test 1 it fires very late, because its threshold requires substantial encoder-distance growth from the trained center, so on these 1.4-7.8 h bearings its first alarm arrives at or after failure on all six bearings below T = 0.60 and on five of the six at T = 0.60.",C019;C106,
S31.010.n01,number,0.60,0.60,Minimum Training Data for Deep Anomaly Detectors,body,Minimum Training Data for Deep Anomaly Detectors,"Deep SVDD has no valid alarm below T = 0.60 and 0.167, one bearing, at T = 0.60, the shortest test window: as on IMS test 1 it fires very late, because its threshold requires substantial encoder-distance growth from the trained center, so on these 1.4-7.8 h bearings its first alarm arrives at or after failure on all six bearings below T = 0.60 and on five of the six at T = 0.60.",,
S31.010.n02,number,0.167,0.167,Minimum Training Data for Deep Anomaly Detectors,body,Minimum Training Data for Deep Anomaly Detectors,"Deep SVDD has no valid alarm below T = 0.60 and 0.167, one bearing, at T = 0.60, the shortest test window: as on IMS test 1 it fires very late, because its threshold requires substantial encoder-distance growth from the trained center, so on these 1.4-7.8 h bearings its first alarm arrives at or after failure on all six bearings below T = 0.60 and on five of the six at T = 0.60.",,
S31.010.n03,number,0.60,0.60,Minimum Training Data for Deep Anomaly Detectors,body,Minimum Training Data for Deep Anomaly Detectors,"Deep SVDD has no valid alarm below T = 0.60 and 0.167, one bearing, at T = 0.60, the shortest test window: as on IMS test 1 it fires very late, because its threshold requires substantial encoder-distance growth from the trained center, so on these 1.4-7.8 h bearings its first alarm arrives at or after failure on all six bearings below T = 0.60 and on five of the six at T = 0.60.",,
S31.010.n04,number,1,1,Minimum Training Data for Deep Anomaly Detectors,body,Minimum Training Data for Deep Anomaly Detectors,"Deep SVDD has no valid alarm below T = 0.60 and 0.167, one bearing, at T = 0.60, the shortest test window: as on IMS test 1 it fires very late, because its threshold requires substantial encoder-distance growth from the trained center, so on these 1.4-7.8 h bearings its first alarm arrives at or after failure on all six bearings below T = 0.60 and on five of the six at T = 0.60.",,
S31.010.n05,number,1.4,1.4,Minimum Training Data for Deep Anomaly Detectors,body,Minimum Training Data for Deep Anomaly Detectors,"Deep SVDD has no valid alarm below T = 0.60 and 0.167, one bearing, at T = 0.60, the shortest test window: as on IMS test 1 it fires very late, because its threshold requires substantial encoder-distance growth from the trained center, so on these 1.4-7.8 h bearings its first alarm arrives at or after failure on all six bearings below T = 0.60 and on five of the six at T = 0.60.",,
S31.010.n06,number,7.8,7.8,Minimum Training Data for Deep Anomaly Detectors,body,Minimum Training Data for Deep Anomaly Detectors,"Deep SVDD has no valid alarm below T = 0.60 and 0.167, one bearing, at T = 0.60, the shortest test window: as on IMS test 1 it fires very late, because its threshold requires substantial encoder-distance growth from the trained center, so on these 1.4-7.8 h bearings its first alarm arrives at or after failure on all six bearings below T = 0.60 and on five of the six at T = 0.60.",,
S31.010.n07,number,0.60,0.60,Minimum Training Data for Deep Anomaly Detectors,body,Minimum Training Data for Deep Anomaly Detectors,"Deep SVDD has no valid alarm below T = 0.60 and 0.167, one bearing, at T = 0.60, the shortest test window: as on IMS test 1 it fires very late, because its threshold requires substantial encoder-distance growth from the trained center, so on these 1.4-7.8 h bearings its first alarm arrives at or after failure on all six bearings below T = 0.60 and on five of the six at T = 0.60.",,
S31.010.n08,number,0.60,0.60,Minimum Training Data for Deep Anomaly Detectors,body,Minimum Training Data for Deep Anomaly Detectors,"Deep SVDD has no valid alarm below T = 0.60 and 0.167, one bearing, at T = 0.60, the shortest test window: as on IMS test 1 it fires very late, because its threshold requires substantial encoder-distance growth from the trained center, so on these 1.4-7.8 h bearings its first alarm arrives at or after failure on all six bearings below T = 0.60 and on five of the six at T = 0.60.",,
S31.011,sentence,,,Minimum Training Data for Deep Anomaly Detectors,body,Minimum Training Data for Deep Anomaly Detectors,"That is a bearing-lifetime constraint, not a training-data constraint.",C106,
S31.012,sentence,,,Minimum Training Data for Deep Anomaly Detectors,body,Minimum Training Data for Deep Anomaly Detectors,"On bearings of the lifetimes tested here, control charts should therefore be preferred regardless of how much run-in history is available, because the deep reconstruction models do not overtake them anywhere in the [0.20, 0.60] training range.",C051,
S31.012.n01,number,0.20,0.20,Minimum Training Data for Deep Anomaly Detectors,body,Minimum Training Data for Deep Anomaly Detectors,"On bearings of the lifetimes tested here, control charts should therefore be preferred regardless of how much run-in history is available, because the deep reconstruction models do not overtake them anywhere in the [0.20, 0.60] training range.",,
S31.012.n02,number,0.60,0.60,Minimum Training Data for Deep Anomaly Detectors,body,Minimum Training Data for Deep Anomaly Detectors,"On bearings of the lifetimes tested here, control charts should therefore be preferred regardless of how much run-in history is available, because the deep reconstruction models do not overtake them anywhere in the [0.20, 0.60] training range.",,
S31.013,sentence,,,Minimum Training Data for Deep Anomaly Detectors,body,Minimum Training Data for Deep Anomaly Detectors,"This is a statement about a data regime, not the architectures: across bearings and training fractions these runs furnish between 20 and 335 normal training windows, whereas the models carry 2.0-5.5×104 parameters, so the comparison is made where deep models are structurally disadvantaged.",C029,
S31.013.n01,number,20,20,Minimum Training Data for Deep Anomaly Detectors,body,Minimum Training Data for Deep Anomaly Detectors,"This is a statement about a data regime, not the architectures: across bearings and training fractions these runs furnish between 20 and 335 normal training windows, whereas the models carry 2.0-5.5×104 parameters, so the comparison is made where deep models are structurally disadvantaged.",,
S31.013.n02,number,335,335,Minimum Training Data for Deep Anomaly Detectors,body,Minimum Training Data for Deep Anomaly Detectors,"This is a statement about a data regime, not the architectures: across bearings and training fractions these runs furnish between 20 and 335 normal training windows, whereas the models carry 2.0-5.5×104 parameters, so the comparison is made where deep models are structurally disadvantaged.",,
S31.013.n03,number,2.0,2.0,Minimum Training Data for Deep Anomaly Detectors,body,Minimum Training Data for Deep Anomaly Detectors,"This is a statement about a data regime, not the architectures: across bearings and training fractions these runs furnish between 20 and 335 normal training windows, whereas the models carry 2.0-5.5×104 parameters, so the comparison is made where deep models are structurally disadvantaged.",,
S31.013.n04,number,5.5,5.5,Minimum Training Data for Deep Anomaly Detectors,body,Minimum Training Data for Deep Anomaly Detectors,"This is a statement about a data regime, not the architectures: across bearings and training fractions these runs furnish between 20 and 335 normal training windows, whereas the models carry 2.0-5.5×104 parameters, so the comparison is made where deep models are structurally disadvantaged.",,
S31.013.n05,number,104,104,Minimum Training Data for Deep Anomaly Detectors,body,Minimum Training Data for Deep Anomaly Detectors,"This is a statement about a data regime, not the architectures: across bearings and training fractions these runs furnish between 20 and 335 normal training windows, whereas the models carry 2.0-5.5×104 parameters, so the comparison is made where deep models are structurally disadvantaged.",,
S31.014,sentence,,,Minimum Training Data for Deep Anomaly Detectors,body,Minimum Training Data for Deep Anomaly Detectors,"Whether a crossover appears on genuinely long-running assets, where a deep model could see orders of magnitude more normal windows, is the central open question (Section 8).",C052,
S33.001,sentence,,,What Changed the Story,body,What Changed the Story,"Four corrections, each described where it is applied, change the conclusion of an earlier version of this study: the corrected failure label of the third IMS test (Appendix C), the onset-gated metric that defeats the latch-on exploit (Eq. 5), the p < n channel-invariant feature space (Appendix B), and a significance test on the run rather than the within-run sampling factor (Section 4.9).",C004;C020;C021;C084,
S33.002,sentence,,,What Changed the Story,body,What Changed the Story,"Together they turn the earlier claim that SCADA averaging destroys lead time into a refutation on every dataset tested, and the previously reported significant positive effect into a non-significant trend.",C007;C009,
S34.001,sentence,,,Why the IMS Trend Appears but Is Neutral Elsewhere,body,Why the IMS Trend Appears but Is Neutral Elsewhere,"The IMS trend has a clean candidate mechanism (Section 7.3): bin-averaging is a low-pass filter that removes single-window noise spikes, so the variance-sensitive control charts (3σ, EWMA) cross and hold their thresholds earlier than under decimation, which keeps the spikes—consistent with the largest IMS median shift appearing for 3σ, though not with a consistent direction across the three runs.",C075,
S34.002,sentence,,,Why the IMS Trend Appears but Is Neutral Elsewhere,body,Why the IMS Trend Appears but Is Neutral Elsewhere,"An ordinary moving-average or Kalman filter on the decimated stream reproduces the trend (Appendix D.1), so the mechanism is generic low-pass smoothing rather than historian averaging specifically.",C075;C110,
S34.003,sentence,,,Why the IMS Trend Appears but Is Neutral Elsewhere,body,Why the IMS Trend Appears but Is Neutral Elsewhere,"ONGC is already smoothed at the 10 s historian rate, so further aggregation adds little, and the short, often abruptly failing XJTU bearings leave little quiet runway over which averaging could help.",,
S34.003.n01,number,10,10,Why the IMS Trend Appears but Is Neutral Elsewhere,body,Why the IMS Trend Appears but Is Neutral Elsewhere,"ONGC is already smoothed at the 10 s historian rate, so further aggregation adds little, and the short, often abruptly failing XJTU bearings leave little quiet runway over which averaging could help.",,
S34.004,sentence,,,Why the IMS Trend Appears but Is Neutral Elsewhere,body,Why the IMS Trend Appears but Is Neutral Elsewhere,"The synthesis is therefore not “averaging helps” but bounded non-destruction: across very different regimes nothing favours decimation beyond the operational margin, and where the signal is noisy and the runway long, aggregation tends to stabilize the health statistic.",C053,
S34.005,sentence,,,Why the IMS Trend Appears but Is Neutral Elsewhere,body,Why the IMS Trend Appears but Is Neutral Elsewhere,The single-asset turbine case study.,C014,
S34.006,sentence,,,Why the IMS Trend Appears but Is Neutral Elsewhere,body,Why the IMS Trend Appears but Is Neutral Elsewhere,"The one real historian record, an ONGC gas-turbine low-pressure-compressor bearing logged at a 10 s SCADA rate and ending in a genuine operator shutdown, is the cleanest illustration of the practical question because it needs no simulated coarsening: the aggregate-vs-decimate difference in raw lead is at most about a minute for every detector.",C116,
S34.006.n01,number,10,10,Why the IMS Trend Appears but Is Neutral Elsewhere,body,Why the IMS Trend Appears but Is Neutral Elsewhere,"The one real historian record, an ONGC gas-turbine low-pressure-compressor bearing logged at a 10 s SCADA rate and ending in a genuine operator shutdown, is the cleanest illustration of the practical question because it needs no simulated coarsening: the aggregate-vs-decimate difference in raw lead is at most about a minute for every detector.",,
S34.007,sentence,,,Why the IMS Trend Appears but Is Neutral Elsewhere,body,Why the IMS Trend Appears but Is Neutral Elsewhere,Its detection quality is less clearcut.,,
S34.008,sentence,,,Why the IMS Trend Appears but Is Neutral Elsewhere,body,Why the IMS Trend Appears but Is Neutral Elsewhere,"Nine of its eleven detectors raise a raw alarm 30-35 h ahead of the labeled failure (RMS-trend 22.8 h, and Deep SVDD not before failure at all), but under the gated metric at τ = 10% only Hotelling T 2 and RMS-trend are valid, because the others flag too many windows of a pre-onset region that ends only ∼6 h before the shutdown; whether they are false alarms or genuine early detections that the late-biased onset cannot credit is undecidable at n = 1 (Appendix D.2).",C011;C014;C084;C116,
S34.008.n01,number,30,30,Why the IMS Trend Appears but Is Neutral Elsewhere,body,Why the IMS Trend Appears but Is Neutral Elsewhere,"Nine of its eleven detectors raise a raw alarm 30-35 h ahead of the labeled failure (RMS-trend 22.8 h, and Deep SVDD not before failure at all), but under the gated metric at τ = 10% only Hotelling T 2 and RMS-trend are valid, because the others flag too many windows of a pre-onset region that ends only ∼6 h before the shutdown; whether they are false alarms or genuine early detections that the late-biased onset cannot credit is undecidable at n = 1 (Appendix D.2).",,
S34.008.n02,number,35,35,Why the IMS Trend Appears but Is Neutral Elsewhere,body,Why the IMS Trend Appears but Is Neutral Elsewhere,"Nine of its eleven detectors raise a raw alarm 30-35 h ahead of the labeled failure (RMS-trend 22.8 h, and Deep SVDD not before failure at all), but under the gated metric at τ = 10% only Hotelling T 2 and RMS-trend are valid, because the others flag too many windows of a pre-onset region that ends only ∼6 h before the shutdown; whether they are false alarms or genuine early detections that the late-biased onset cannot credit is undecidable at n = 1 (Appendix D.2).",,
S34.008.n03,number,22.8,22.8,Why the IMS Trend Appears but Is Neutral Elsewhere,body,Why the IMS Trend Appears but Is Neutral Elsewhere,"Nine of its eleven detectors raise a raw alarm 30-35 h ahead of the labeled failure (RMS-trend 22.8 h, and Deep SVDD not before failure at all), but under the gated metric at τ = 10% only Hotelling T 2 and RMS-trend are valid, because the others flag too many windows of a pre-onset region that ends only ∼6 h before the shutdown; whether they are false alarms or genuine early detections that the late-biased onset cannot credit is undecidable at n = 1 (Appendix D.2).",,
S34.008.n04,number,10%,10%,Why the IMS Trend Appears but Is Neutral Elsewhere,body,Why the IMS Trend Appears but Is Neutral Elsewhere,"Nine of its eleven detectors raise a raw alarm 30-35 h ahead of the labeled failure (RMS-trend 22.8 h, and Deep SVDD not before failure at all), but under the gated metric at τ = 10% only Hotelling T 2 and RMS-trend are valid, because the others flag too many windows of a pre-onset region that ends only ∼6 h before the shutdown; whether they are false alarms or genuine early detections that the late-biased onset cannot credit is undecidable at n = 1 (Appendix D.2).",,
S34.008.n05,number,6,6,Why the IMS Trend Appears but Is Neutral Elsewhere,body,Why the IMS Trend Appears but Is Neutral Elsewhere,"Nine of its eleven detectors raise a raw alarm 30-35 h ahead of the labeled failure (RMS-trend 22.8 h, and Deep SVDD not before failure at all), but under the gated metric at τ = 10% only Hotelling T 2 and RMS-trend are valid, because the others flag too many windows of a pre-onset region that ends only ∼6 h before the shutdown; whether they are false alarms or genuine early detections that the late-biased onset cannot credit is undecidable at n = 1 (Appendix D.2).",,
S34.008.n06,number,1,1,Why the IMS Trend Appears but Is Neutral Elsewhere,body,Why the IMS Trend Appears but Is Neutral Elsewhere,"Nine of its eleven detectors raise a raw alarm 30-35 h ahead of the labeled failure (RMS-trend 22.8 h, and Deep SVDD not before failure at all), but under the gated metric at τ = 10% only Hotelling T 2 and RMS-trend are valid, because the others flag too many windows of a pre-onset region that ends only ∼6 h before the shutdown; whether they are false alarms or genuine early detections that the late-biased onset cannot credit is undecidable at n = 1 (Appendix D.2).",,
S34.009,sentence,,,Why the IMS Trend Appears but Is Neutral Elsewhere,body,Why the IMS Trend Appears but Is Neutral Elsewhere,As a single asset it supports no inference and is excluded from the inferential family.,C014,
S35.001,sentence,,,Why Aggregation Preserves What Decimation Loses,body,Why Aggregation Preserves What Decimation Loses,"Bin-averaging by a factor f is a length-f moving-average filter followed by downsampling: an anti-alias filter, then decimation.",C111,
S35.002,sentence,,,Why Aggregation Preserves What Decimation Loses,body,Why Aggregation Preserves What Decimation Loses,Plain decimation is the same downsampling with the filter omitted.,,
S35.003,sentence,,,Why Aggregation Preserves What Decimation Loses,body,Why Aggregation Preserves What Decimation Loses,"The prognostic content of the health statistic evolves on the degradation timescale—hours—far below the post-coarsening Nyquist rate even at f = 20, while measurement noise in the same series is broadband.",C111,
S35.003.n01,number,20,20,Why Aggregation Preserves What Decimation Loses,body,Why Aggregation Preserves What Decimation Loses,"The prognostic content of the health statistic evolves on the degradation timescale—hours—far below the post-coarsening Nyquist rate even at f = 20, while measurement noise in the same series is broadband.",,
S35.004,sentence,,,Why Aggregation Preserves What Decimation Loses,body,Why Aggregation Preserves What Decimation Loses,"Decimation therefore folds out-of-band noise into the low-frequency band occupied by the degradation trend, raising the variance of the health statistic without changing its mean; aggregation attenuates that noise before downsampling.",C111,
S35.005,sentence,,,Why Aggregation Preserves What Decimation Loses,body,Why Aggregation Preserves What Decimation Loses,"For a detector that alarms when the statistic crosses µb + kσb, a lower noise variance means the threshold is crossed earlier and held more persistently.",,
S35.006,sentence,,,Why Aggregation Preserves What Decimation Loses,body,Why Aggregation Preserves What Decimation Loses,"The prediction that follows is about noise, not detectors: the advantage of aggregation should grow as the noise floor rises.",C037,
S35.007,sentence,,,Why Aggregation Preserves What Decimation Loses,body,Why Aggregation Preserves What Decimation Loses,"It does, monotonically, from -0.35 h at the native noise level to +6.60 h at 10 dB, and an ordinary moving-average or Kalman filter on the decimated stream recovers it (Appendix D.1, Table 15).",C110;C114,
S35.007.n01,number,-0.35,-0.35,Why Aggregation Preserves What Decimation Loses,body,Why Aggregation Preserves What Decimation Loses,"It does, monotonically, from -0.35 h at the native noise level to +6.60 h at 10 dB, and an ordinary moving-average or Kalman filter on the decimated stream recovers it (Appendix D.1, Table 15).",,
S35.007.n02,number,6.60,+6.60,Why Aggregation Preserves What Decimation Loses,body,Why Aggregation Preserves What Decimation Loses,"It does, monotonically, from -0.35 h at the native noise level to +6.60 h at 10 dB, and an ordinary moving-average or Kalman filter on the decimated stream recovers it (Appendix D.1, Table 15).",,
S35.007.n03,number,10,10,Why Aggregation Preserves What Decimation Loses,body,Why Aggregation Preserves What Decimation Loses,"It does, monotonically, from -0.35 h at the native noise level to +6.60 h at 10 dB, and an ordinary moving-average or Kalman filter on the decimated stream recovers it (Appendix D.1, Table 15).",,
S35.008,sentence,,,Why Aggregation Preserves What Decimation Loses,body,Why Aggregation Preserves What Decimation Loses,"The feature space degrades unevenly under aggregation, for a structural reason.",,
S35.009,sentence,,,Why Aggregation Preserves What Decimation Loses,body,Why Aggregation Preserves What Decimation Loses,"Each channel-aggregated series is summarised over the rolling window by its mean, standard deviation, maximum and linear-trend slope.",,
S35.010,sentence,,,Why Aggregation Preserves What Decimation Loses,body,Why Aggregation Preserves What Decimation Loses,"The mean and the slope are linear functionals of the underlying series, so block-averaging them commutes with the summary up to the weighting induced by the 50% window overlap; the standard deviation, the maximum and the cross-channel coherence are not linear, and block-averaging them is not equivalent to computing the summary on the coarsened series.",C112,
S35.010.n01,number,50%,50%,Why Aggregation Preserves What Decimation Loses,body,Why Aggregation Preserves What Decimation Loses,"The mean and the slope are linear functionals of the underlying series, so block-averaging them commutes with the summary up to the weighting induced by the 50% window overlap; the standard deviation, the maximum and the cross-channel coherence are not linear, and block-averaging them is not equivalent to computing the summary on the coarsened series.",,
S35.011,sentence,,,Why Aggregation Preserves What Decimation Loses,body,Why Aggregation Preserves What Decimation Loses,Aggregation therefore preserves the amplitude and trend descriptors more faithfully than the dispersion and extremal ones.,,
S35.012,sentence,,,Why Aggregation Preserves What Decimation Loses,body,Why Aggregation Preserves What Decimation Loses,We claim no conservation result.,C113,
S35.013,sentence,,,Why Aggregation Preserves What Decimation Loses,body,Why Aggregation Preserves What Decimation Loses,"The detectors monitor a scalar collapse of the full standardised feature vector rather than any individual statistic, and the window overlap makes even the linear summaries a non-uniformly weighted average over each block.",,
S35.014,sentence,,,Why Aggregation Preserves What Decimation Loses,body,Why Aggregation Preserves What Decimation Loses,The argument states which descriptors degrade gracefully under aggregation and why the effect should track the noise floor; it does not predict the magnitude of the effect for any particular detector.,C037,
S36.001,sentence,,,Practical Implications,body,Practical Implications,"For practitioners, storing bin-averaged vibration at SCADA rates, the default behavior of most historians, does not inherently sacrifice bearing-fault warning time relative to keeping decimated raw samples, and may improve it for control-chart detectors on noisy long-runway data.",C008;C117,
S36.002,sentence,,,Practical Implications,body,Practical Implications,"Conformal calibration adds a usable, distribution-free false-alarm guarantee wherever the normal region is genuinely stationary; the trade-off curve turns the gated metric into an operating-point selector for a stated budget; and the ablations caution that more features are not better under a false-alarm budget, time-domain amplitude and impulsiveness statistics carrying the usable signal on IMS.",C032;C084;C089;C096,
S36.003,sentence,,,Practical Implications,body,Practical Implications,"Where 3σ maximizes warning time within a 10% budget, operators whose cost structure penalizes false alarms heavily (for instance, process plants where each alarm triggers a mandatory manual inspection) have a complementary point in Deep SVDD, which stays within budget at ≤ 0.6% pre-onset FAR across the swept thresholds on IMS (Table 9) with 14.8 h of warning and near-zero false alarms.",C003;C091,
S36.003.n01,number,10%,10%,Practical Implications,body,Practical Implications,"Where 3σ maximizes warning time within a 10% budget, operators whose cost structure penalizes false alarms heavily (for instance, process plants where each alarm triggers a mandatory manual inspection) have a complementary point in Deep SVDD, which stays within budget at ≤ 0.6% pre-onset FAR across the swept thresholds on IMS (Table 9) with 14.8 h of warning and near-zero false alarms.",,
S36.003.n02,number,0.6%,0.6%,Practical Implications,body,Practical Implications,"Where 3σ maximizes warning time within a 10% budget, operators whose cost structure penalizes false alarms heavily (for instance, process plants where each alarm triggers a mandatory manual inspection) have a complementary point in Deep SVDD, which stays within budget at ≤ 0.6% pre-onset FAR across the swept thresholds on IMS (Table 9) with 14.8 h of warning and near-zero false alarms.",,
S36.003.n03,number,14.8,14.8,Practical Implications,body,Practical Implications,"Where 3σ maximizes warning time within a 10% budget, operators whose cost structure penalizes false alarms heavily (for instance, process plants where each alarm triggers a mandatory manual inspection) have a complementary point in Deep SVDD, which stays within budget at ≤ 0.6% pre-onset FAR across the swept thresholds on IMS (Table 9) with 14.8 h of warning and near-zero false alarms.",,
S36.004,sentence,,,Practical Implications,body,Practical Implications,"Neither should be used on IMS test 1, which the conformal machinery flags as uncalibrated (Figure 4a).",,
S36.004.n01,number,1,1,Practical Implications,body,Practical Implications,"Neither should be used on IMS test 1, which the conformal machinery flags as uncalibrated (Figure 4a).",,
S37.001,sentence,,,Limitations and Threats to Validity,body,Limitations and Threats to Validity,External validity (generalization).,,
S37.002,sentence,,,Limitations and Threats to Validity,body,Limitations and Threats to Validity,"The IMS “aggregation helps” tendency is a non-significant positive-median trend, sign-consistent only for CUSUM and Hotelling T 2 (n = 3), that does not replicate on the larger multi-bearing sets, so we claim only non-destruction as the cross-dataset headline, not a positive effect; ONGC (n = 1) is a descriptive case study with no inference.",C014;C041;C053;C074;C076,
S37.002.n01,number,3,3,Limitations and Threats to Validity,body,Limitations and Threats to Validity,"The IMS “aggregation helps” tendency is a non-significant positive-median trend, sign-consistent only for CUSUM and Hotelling T 2 (n = 3), that does not replicate on the larger multi-bearing sets, so we claim only non-destruction as the cross-dataset headline, not a positive effect; ONGC (n = 1) is a descriptive case study with no inference.",,
S37.002.n02,number,1,1,Limitations and Threats to Validity,body,Limitations and Threats to Validity,"The IMS “aggregation helps” tendency is a non-significant positive-median trend, sign-consistent only for CUSUM and Hotelling T 2 (n = 3), that does not replicate on the larger multi-bearing sets, so we claim only non-destruction as the cross-dataset headline, not a positive effect; ONGC (n = 1) is a descriptive case study with no inference.",,
S37.003,sentence,,,Limitations and Threats to Validity,body,Limitations and Threats to Validity,"The datasets, while deliberately diverse, are all rolling-element bearings; we do not claim the result transfers to gearboxes, blades or other failure modes without further testing.",C010,
S37.004,sentence,,,Limitations and Threats to Validity,body,Limitations and Threats to Validity,A structural asymmetry limits what the cross-dataset null can establish.,C050,
S37.005,sentence,,,Limitations and Threats to Validity,body,Limitations and Threats to Validity,"The three campaigns that supply statistical power—XJTU-SY, FEMTO/PRONOSTIA and University of Ferrara—comprise bearings whose total lifetimes span roughly 0.7 to 8.9 h, so an aggregation effect of the magnitude observed on IMS (a run-level median of +15.1 h for the 3σ chart) could not have been observed on them even if present.",C019;C041;C050;C130,
S37.005.n01,number,0.7,0.7,Limitations and Threats to Validity,body,Limitations and Threats to Validity,"The three campaigns that supply statistical power—XJTU-SY, FEMTO/PRONOSTIA and University of Ferrara—comprise bearings whose total lifetimes span roughly 0.7 to 8.9 h, so an aggregation effect of the magnitude observed on IMS (a run-level median of +15.1 h for the 3σ chart) could not have been observed on them even if present.",,
S37.005.n02,number,8.9,8.9,Limitations and Threats to Validity,body,Limitations and Threats to Validity,"The three campaigns that supply statistical power—XJTU-SY, FEMTO/PRONOSTIA and University of Ferrara—comprise bearings whose total lifetimes span roughly 0.7 to 8.9 h, so an aggregation effect of the magnitude observed on IMS (a run-level median of +15.1 h for the 3σ chart) could not have been observed on them even if present.",,
S37.005.n03,number,15.1,+15.1,Limitations and Threats to Validity,body,Limitations and Threats to Validity,"The three campaigns that supply statistical power—XJTU-SY, FEMTO/PRONOSTIA and University of Ferrara—comprise bearings whose total lifetimes span roughly 0.7 to 8.9 h, so an aggregation effect of the magnitude observed on IMS (a run-level median of +15.1 h for the 3σ chart) could not have been observed on them even if present.",,
S37.006,sentence,,,Limitations and Threats to Validity,body,Limitations and Threats to Validity,"Their null therefore bounds the effect at the scale of minutes, which is what our equivalence margin reflects, not at the scale of the IMS result, while the only dataset whose runway is long enough to express such an effect has n = 3 and cannot reach significance at any margin.",C045;C050;C130,
S37.006.n01,number,3,3,Limitations and Threats to Validity,body,Limitations and Threats to Validity,"Their null therefore bounds the effect at the scale of minutes, which is what our equivalence margin reflects, not at the scale of the IMS result, while the only dataset whose runway is long enough to express such an effect has n = 3 and cannot reach significance at any margin.",,
S37.007,sentence,,,Limitations and Threats to Validity,body,Limitations and Threats to Validity,"We therefore claim non-destruction at short bearing lifetimes, where the evidence is strong, and consistency with—not demonstration of—non-destruction at the multi-week lifetimes typical of industrial assets.",C050;C053,
S37.008,sentence,,,Limitations and Threats to Validity,body,Limitations and Threats to Validity,Residual gaming surfaces of the metric.,C006,
S37.009,sentence,,,Limitations and Threats to Validity,body,Limitations and Threats to Validity,"We claim the metric defeats the specific latch-on (constant-on) exploit, not that it is unconditionally ungameable, and name two surfaces we do not close.",C004;C006,
S37.010,sentence,,,Limitations and Threats to Validity,body,Limitations and Threats to Validity,"(a) A detector could align its threshold to fire just after to+; the onset uses only training-region statistics, so this cannot use test-region information, but an adversary who knows the onset rule could still tune toward it.",,
S37.011,sentence,,,Limitations and Threats to Validity,body,Limitations and Threats to Validity,"(b) The onset health indicator shares its RMS/kurtosis basis with several detector features, so onset and detection are not fully independent, a circularity that could in principle favor detectors aligned to the onset statistic.",,
S37.012,sentence,,,Limitations and Threats to Validity,body,Limitations and Threats to Validity,Closing both (e.g. with an onset signal disjoint from the detector features) is future work.,C122,
S37.013,sentence,,,Limitations and Threats to Validity,body,Limitations and Threats to Validity,Construct validity (does the metric measure warning time?).,,
S37.014,sentence,,,Limitations and Threats to Validity,body,Limitations and Threats to Validity,"The onset, although leakage-free and stable to k ∈ {3, 4, 5}, is not the ground-truth defect-initiation time, which is unobservable in these datasets.",C023;C063;C118,
S37.014.n01,number,3,3,Limitations and Threats to Validity,body,Limitations and Threats to Validity,"The onset, although leakage-free and stable to k ∈ {3, 4, 5}, is not the ground-truth defect-initiation time, which is unobservable in these datasets.",,
S37.014.n02,number,4,4,Limitations and Threats to Validity,body,Limitations and Threats to Validity,"The onset, although leakage-free and stable to k ∈ {3, 4, 5}, is not the ground-truth defect-initiation time, which is unobservable in these datasets.",,
S37.014.n03,number,5,5,Limitations and Threats to Validity,body,Limitations and Threats to Validity,"The onset, although leakage-free and stable to k ∈ {3, 4, 5}, is not the ground-truth defect-initiation time, which is unobservable in these datasets.",,
S37.015,sentence,,,Limitations and Threats to Validity,body,Limitations and Threats to Validity,"A late onset, as on IMS test 1 where degradation and failure nearly coincide, inflates the pre-onset region, can mark a genuine early detection invalid and breaks the conformal exchangeability assumption (Figure 4a).",C032,
S37.015.n01,number,1,1,Limitations and Threats to Validity,body,Limitations and Threats to Validity,"A late onset, as on IMS test 1 where degradation and failure nearly coincide, inflates the pre-onset region, can mark a genuine early detection invalid and breaks the conformal exchangeability assumption (Figure 4a).",,
S37.016,sentence,,,Limitations and Threats to Validity,body,Limitations and Threats to Validity,"Bearings whose physics provides essentially no warning runway score zero valid alarms regardless of detector (Table 7), which is correct behavior but makes the valid-alarm fraction partly a property of the bearings, not only of the methods.",C079;C118,
S37.017,sentence,,,Limitations and Threats to Validity,body,Limitations and Threats to Validity,Internal validity (is the comparison fair?).,,
S37.018,sentence,,,Limitations and Threats to Validity,body,Limitations and Threats to Validity,"One fixed hyperparameter protocol avoids optimistic per-condition tuning, the full trade-off sweep (Table 9) exposes threshold sensitivity rather than one hand-picked operating point, and the controlled sweep isolates information loss from window counting.",C031,
S37.019,sentence,,,Limitations and Threats to Validity,body,Limitations and Threats to Validity,"Confidence intervals are wide on IMS (n = 3); we resample runs, the unit of generaliza- tion, not seeds.",,
S37.019.n01,number,3,3,Limitations and Threats to Validity,body,Limitations and Threats to Validity,"Confidence intervals are wide on IMS (n = 3); we resample runs, the unit of generaliza- tion, not seeds.",,
S37.020,sentence,,,Limitations and Threats to Validity,body,Limitations and Threats to Validity,"An earlier pooled 15-pair Wilcoxon test treated the within-run factors as independent observations and thereby overstated significance; the run-level exact sign test cannot fall below p = 0.25 at n = 3, and after Holm correction across the forty-four-test family nothing is significant (Table 5), so the IMS result is a directional trend to be read with the multi-bearing nulls, never a significant effect.",C036;C037;C039;C119,
S37.020.n01,number,15,15,Limitations and Threats to Validity,body,Limitations and Threats to Validity,"An earlier pooled 15-pair Wilcoxon test treated the within-run factors as independent observations and thereby overstated significance; the run-level exact sign test cannot fall below p = 0.25 at n = 3, and after Holm correction across the forty-four-test family nothing is significant (Table 5), so the IMS result is a directional trend to be read with the multi-bearing nulls, never a significant effect.",,
S37.020.n02,number,0.25,0.25,Limitations and Threats to Validity,body,Limitations and Threats to Validity,"An earlier pooled 15-pair Wilcoxon test treated the within-run factors as independent observations and thereby overstated significance; the run-level exact sign test cannot fall below p = 0.25 at n = 3, and after Holm correction across the forty-four-test family nothing is significant (Table 5), so the IMS result is a directional trend to be read with the multi-bearing nulls, never a significant effect.",,
S37.020.n03,number,3,3,Limitations and Threats to Validity,body,Limitations and Threats to Validity,"An earlier pooled 15-pair Wilcoxon test treated the within-run factors as independent observations and thereby overstated significance; the run-level exact sign test cannot fall below p = 0.25 at n = 3, and after Holm correction across the forty-four-test family nothing is significant (Table 5), so the IMS result is a directional trend to be read with the multi-bearing nulls, never a significant effect.",,
S37.021,sentence,,,Limitations and Threats to Validity,body,Limitations and Threats to Validity,"The test itself sets the minimum dataset: significance needs at least six sign-concordant runs (2( 1 2 )6 = 0.031), so the three IMS runs are at least a factor of two short—the quantitative content of the long-runway, many-bearing campaign that future work calls for.",C120;C122,
S37.021.n01,number,2,2,Limitations and Threats to Validity,body,Limitations and Threats to Validity,"The test itself sets the minimum dataset: significance needs at least six sign-concordant runs (2( 1 2 )6 = 0.031), so the three IMS runs are at least a factor of two short—the quantitative content of the long-runway, many-bearing campaign that future work calls for.",,
S37.021.n02,number,1,1,Limitations and Threats to Validity,body,Limitations and Threats to Validity,"The test itself sets the minimum dataset: significance needs at least six sign-concordant runs (2( 1 2 )6 = 0.031), so the three IMS runs are at least a factor of two short—the quantitative content of the long-runway, many-bearing campaign that future work calls for.",,
S37.021.n03,number,2,2,Limitations and Threats to Validity,body,Limitations and Threats to Validity,"The test itself sets the minimum dataset: significance needs at least six sign-concordant runs (2( 1 2 )6 = 0.031), so the three IMS runs are at least a factor of two short—the quantitative content of the long-runway, many-bearing campaign that future work calls for.",,
S37.021.n04,number,6,6,Limitations and Threats to Validity,body,Limitations and Threats to Validity,"The test itself sets the minimum dataset: significance needs at least six sign-concordant runs (2( 1 2 )6 = 0.031), so the three IMS runs are at least a factor of two short—the quantitative content of the long-runway, many-bearing campaign that future work calls for.",,
S37.021.n05,number,0.031,0.031,Limitations and Threats to Validity,body,Limitations and Threats to Validity,"The test itself sets the minimum dataset: significance needs at least six sign-concordant runs (2( 1 2 )6 = 0.031), so the three IMS runs are at least a factor of two short—the quantitative content of the long-runway, many-bearing campaign that future work calls for.",,
S37.022,sentence,,,Limitations and Threats to Validity,body,Limitations and Threats to Validity,"Such public datasets are rare; the closest single-bearing example is a KAIST bearing with a ∼43-hour lifecycle (n = 1, insufficient for inference).",C014;C107,
S37.022.n01,number,43,43,Limitations and Threats to Validity,body,Limitations and Threats to Validity,"Such public datasets are rare; the closest single-bearing example is a KAIST bearing with a ∼43-hour lifecycle (n = 1, insufficient for inference).",,
S37.022.n02,number,1,1,Limitations and Threats to Validity,body,Limitations and Threats to Validity,"Such public datasets are rare; the closest single-bearing example is a KAIST bearing with a ∼43-hour lifecycle (n = 1, insufficient for inference).",,
S37.023,sentence,,,Limitations and Threats to Validity,body,Limitations and Threats to Validity,"Groups with long-running industrial historian archives (gas turbines, compressors, paper machines) can apply the released pipeline directly; loader templates for every public dataset format used here are included in the repository at https://github.com/Ansh-Goyal01/ Scada-Leadtime-Benchmark to minimize integration effort.",C054;C108;C130,
S37.024,sentence,,,Limitations and Threats to Validity,body,Limitations and Threats to Validity,Limited external benchmarking.,C121,
S37.025,sentence,,,Limitations and Threats to Validity,body,Limitations and Threats to Validity,We do not benchmark the gated lead-time metric against the RUL-estimation literature.,C121,
S37.026,sentence,,,Limitations and Threats to Validity,body,Limitations and Threats to Validity,"The comparison is not straightforward—RUL methods predict a remaining-life quantity and are scored by prediction error, whereas our metric scores when an alarm fires against a false-alarm budget—but the consequence is that the metric’s behaviour relative to that body of work is untested, and readers coming from RUL benchmarking should treat the two as complementary rather than ranked.",C121,
S37.027,sentence,,,Limitations and Threats to Validity,body,Limitations and Threats to Validity,"Two extensions would sharpen these conclusions most directly: run-to-failure campaigns on long-life bearings typical of industrial service, whose multi-week runway could express an aggregation effect that short laboratory bearings cannot; and comparable work on other bearing types and geometries, since the four inferential datasets are all rolling-element bearings under approximately steady speed and load and the single real-asset record is one gas-turbine compressor bearing.",C010;C013;C050;C130,
S37.028,sentence,,,Limitations and Threats to Validity,body,Limitations and Threats to Validity,"The complementary study coarsens the raw waveform itself, where averaging is a low-pass filter on the impulsive transients of an incipient fault (Section 4.8); our claim concerns historian summary statistics and does not cover it.",C075,
S38.001,sentence,,,Conclusion,body,Conclusion,"We presented a lead-time-centric evaluation protocol for bearing anomaly detection, whose onset-gated, false-alarmbudgeted metric defeats the latch-on exploit, and used it to test whether SCADA-rate logging destroys detection lead time.",C002;C004;C007,
S38.002,sentence,,,Conclusion,body,Conclusion,"Across four inferential run-to-failure datasets (XJTU-SY n = 10, FEMTO/PRONOSTIA n = 6, University of Ferrara n = 6 and NASA IMS n = 3) and a real single-asset turbine SCADA case study (Appendix D.2), coarse aggregation does not destroy lead time; on IMS it shows a positive median shift for most control charts that is not consistent across the three runs, not significant at n = 3 and not surviving multiple-comparison correction across the N = 44 family.",C007;C013;C014;C039;C041;C042;C053,
S38.002.n01,number,10,10,Conclusion,body,Conclusion,"Across four inferential run-to-failure datasets (XJTU-SY n = 10, FEMTO/PRONOSTIA n = 6, University of Ferrara n = 6 and NASA IMS n = 3) and a real single-asset turbine SCADA case study (Appendix D.2), coarse aggregation does not destroy lead time; on IMS it shows a positive median shift for most control charts that is not consistent across the three runs, not significant at n = 3 and not surviving multiple-comparison correction across the N = 44 family.",,
S38.002.n02,number,6,6,Conclusion,body,Conclusion,"Across four inferential run-to-failure datasets (XJTU-SY n = 10, FEMTO/PRONOSTIA n = 6, University of Ferrara n = 6 and NASA IMS n = 3) and a real single-asset turbine SCADA case study (Appendix D.2), coarse aggregation does not destroy lead time; on IMS it shows a positive median shift for most control charts that is not consistent across the three runs, not significant at n = 3 and not surviving multiple-comparison correction across the N = 44 family.",,
S38.002.n03,number,6,6,Conclusion,body,Conclusion,"Across four inferential run-to-failure datasets (XJTU-SY n = 10, FEMTO/PRONOSTIA n = 6, University of Ferrara n = 6 and NASA IMS n = 3) and a real single-asset turbine SCADA case study (Appendix D.2), coarse aggregation does not destroy lead time; on IMS it shows a positive median shift for most control charts that is not consistent across the three runs, not significant at n = 3 and not surviving multiple-comparison correction across the N = 44 family.",,
S38.002.n04,number,3,3,Conclusion,body,Conclusion,"Across four inferential run-to-failure datasets (XJTU-SY n = 10, FEMTO/PRONOSTIA n = 6, University of Ferrara n = 6 and NASA IMS n = 3) and a real single-asset turbine SCADA case study (Appendix D.2), coarse aggregation does not destroy lead time; on IMS it shows a positive median shift for most control charts that is not consistent across the three runs, not significant at n = 3 and not surviving multiple-comparison correction across the N = 44 family.",,
S38.002.n05,number,3,3,Conclusion,body,Conclusion,"Across four inferential run-to-failure datasets (XJTU-SY n = 10, FEMTO/PRONOSTIA n = 6, University of Ferrara n = 6 and NASA IMS n = 3) and a real single-asset turbine SCADA case study (Appendix D.2), coarse aggregation does not destroy lead time; on IMS it shows a positive median shift for most control charts that is not consistent across the three runs, not significant at n = 3 and not surviving multiple-comparison correction across the N = 44 family.",,
S38.002.n06,number,44,44,Conclusion,body,Conclusion,"Across four inferential run-to-failure datasets (XJTU-SY n = 10, FEMTO/PRONOSTIA n = 6, University of Ferrara n = 6 and NASA IMS n = 3) and a real single-asset turbine SCADA case study (Appendix D.2), coarse aggregation does not destroy lead time; on IMS it shows a positive median shift for most control charts that is not consistent across the three runs, not significant at n = 3 and not surviving multiple-comparison correction across the N = 44 family.",,
S38.003,sentence,,,Conclusion,body,Conclusion,No dataset × detector cell shows decimation superior beyond a ±1 h operational margin.,C048,
S38.003.n01,number,±1,±1,Conclusion,body,Conclusion,No dataset × detector cell shows decimation superior beyond a ±1 h operational margin.,,
S38.004,sentence,,,Conclusion,body,Conclusion,"That null is bounded by the scale of the evidence: the three campaigns supplying the statistical power comprise bearings of 0.7-8.9 h total life, on which an aggregation effect of the IMS magnitude could not have been observed, so the result bounds the effect at the scale of minutes and the multi-week runway remains untested.",C019;C050;C130,
S38.004.n01,number,0.7,0.7,Conclusion,body,Conclusion,"That null is bounded by the scale of the evidence: the three campaigns supplying the statistical power comprise bearings of 0.7-8.9 h total life, on which an aggregation effect of the IMS magnitude could not have been observed, so the result bounds the effect at the scale of minutes and the multi-week runway remains untested.",,
S38.004.n02,number,8.9,8.9,Conclusion,body,Conclusion,"That null is bounded by the scale of the evidence: the three campaigns supplying the statistical power comprise bearings of 0.7-8.9 h total life, on which an aggregation effect of the IMS magnitude could not have been observed, so the result bounds the effect at the scale of minutes and the multi-week runway remains untested.",,
S38.005,sentence,,,Conclusion,body,Conclusion,"On the short-lived bearings tested, the deep reconstruction models do not overtake the control charts at any training fraction in [0.20, 0.60]; whether a crossover exists on long-runway assets is left open.",C019;C051;C052,
S38.005.n01,number,0.20,0.20,Conclusion,body,Conclusion,"On the short-lived bearings tested, the deep reconstruction models do not overtake the control charts at any training fraction in [0.20, 0.60]; whether a crossover exists on long-runway assets is left open.",,
S38.005.n02,number,0.60,0.60,Conclusion,body,Conclusion,"On the short-lived bearings tested, the deep reconstruction models do not overtake the control charts at any training fraction in [0.20, 0.60]; whether a crossover exists on long-runway assets is left open.",,
S38.006,sentence,,,Conclusion,body,Conclusion,"The contribution is a reproducible methodology and a counterintuitive empirical result: non-destruction, not a guaranteed positive effect.",C053,
S38.007,sentence,,,Conclusion,body,Conclusion,"Future work will learn the degradation onset jointly with the detector, so that the metric’s anchor no longer depends on a hand-set health indicator (closing the circularity noted in Section 8), and extend the conformal guarantee to the non-exchangeable early-degradation regime in which it currently fails.",C032;C122,
S38.008,sentence,,,Conclusion,body,Conclusion,"We release the full harness, detectors, tests, and the exact tables and figures of this paper to support replication and extension.",C054,
S39.001,sentence,,,Acknowledgments,body,Acknowledgments,The author thanks the operators and data engineers at ONGC who collected and maintained the gas-turbine SCADA record used in the single-asset case study.,C014,
S39.002,sentence,,,Acknowledgments,body,Acknowledgments,"The NASA/IMS, XJTUSY, FEMTO/PRONOSTIA, and University of Ferrara runto-failure datasets are publicly released by their respective providers and are gratefully acknowledged.",,
S39.003,sentence,,,Acknowledgments,body,Acknowledgments,All experiments were conducted on personal computing resources; no external funding was received for this work.,,
S40.001,sentence,,,Data and Code Availability,body,Data and Code Availability,"All code (detectors, leakage-free onset, gated metric, sampling sweep, conformal wrapper, run-level statistical harness and the noise/denoiser mechanism test) is released with a pinned environment (requirements.lock.txt, Python 3.13) and a test suite asserting the metric’s resistance to the latch-on exploit, the leakage-free onset and the run-level sign-test/Holm machinery.",C004;C005;C023;C039;C084,
S40.001.n01,number,3.13,3.13,Data and Code Availability,body,Data and Code Availability,"All code (detectors, leakage-free onset, gated metric, sampling sweep, conformal wrapper, run-level statistical harness and the noise/denoiser mechanism test) is released with a pinned environment (requirements.lock.txt, Python 3.13) and a test suite asserting the metric’s resistance to the latch-on exploit, the leakage-free onset and the run-level sign-test/Holm machinery.",,
S40.002,sentence,,,Data and Code Availability,body,Data and Code Availability,"Every table and figure in this paper is generated directly from the result files released in the repository under results/tables/; no number is hand-edited. results/tables/MANIFEST.md maps each table and figure to the exact file that backs it, and paper/verify_tables.py re-derives the printed values from those files and fails if any disagrees—it runs as part of the test suite, so the claim is checked rather than asserted.",C040;C124,
S40.003,sentence,,,Data and Code Availability,body,Data and Code Availability,"Where a result exists in more than one arm (the pre-D-2 legacy feature schema, or the pre-N-20 rerun), the superseded arm has been moved to results/tables/superseded/ with a note on why, so a replicator cannot select it by mistake.",C124,
S40.003.n01,number,2,2,Data and Code Availability,body,Data and Code Availability,"Where a result exists in more than one arm (the pre-D-2 legacy feature schema, or the pre-N-20 rerun), the superseded arm has been moved to results/tables/superseded/ with a note on why, so a replicator cannot select it by mistake.",,
S40.003.n02,number,20,20,Data and Code Availability,body,Data and Code Availability,"Where a result exists in more than one arm (the pre-D-2 legacy feature schema, or the pre-N-20 rerun), the superseded arm has been moved to results/tables/superseded/ with a note on why, so a replicator cannot select it by mistake.",,
S40.004,sentence,,,Data and Code Availability,body,Data and Code Availability,Repository: https://github.com/ Ansh-Goyal01/Scada-Leadtime-Benchmark.,C054,
S40.005,sentence,,,Data and Code Availability,body,Data and Code Availability,A versioned snapshot is archived on Zenodo at the concept DOI https://doi.org/10.5281/zenodo.20719076.,C054,
S40.005.n01,number,10.5281,10.5281,Data and Code Availability,body,Data and Code Availability,A versioned snapshot is archived on Zenodo at the concept DOI https://doi.org/10.5281/zenodo.20719076.,,
S40.006,sentence,,,Data and Code Availability,body,Data and Code Availability,"The IMS (NASA), XJTU-SY, and FEMTO/PRONOSTIA run-to-failure datasets are publicly available from their original providers; the repository ships the loaders and the derived per-bearing feature caches for all four inferential datasets— IMS, XJTU-SY, FEMTO/PRONOSTIA and University of Ferrara—so the sampling sweep, ablations, calibration and trade-off analyses can be rerun without re-downloading the raw archives.",C013,
S40.007,sentence,,,Data and Code Availability,body,Data and Code Availability,The ONGC gas-turbine SCADA record is proprietary and covered by a non-disclosure agreement.,C123,
S40.008,sentence,,,Data and Code Availability,body,Data and Code Availability,"Withheld, and not redistributable: the raw vibration waveforms, the channel-level measurements from which the features are built, and all asset identifiers.",C123,
S40.009,sentence,,,Data and Code Availability,body,Data and Code Availability,"Released, so that the n = 1 case study can be repeated rather than merely inspected, are the derived files behind every ONGC number in this paper (all paths relative to results/tables/): the degradation health-indicator series in ongc_health_ indicator.csv, a single baseline-standardized scalar per 10 s timestamp aggregated over all four channels, with the run-level split, onset and failure markers in ongc_ onset_markers.csv—the published onset of 2023-1113 03:44 is recomputable from these two files alone, with no proprietary input, and the repository’s test suite asserts exactly that; per-detector lead time and pre-onset false-alarm rate, together with the full post-N-20 sampling sweep (both modes × five factors × eleven detectors, 110 rows), in n20_rerun_long_ONGC.csv, with its aggregated and interval forms in benchmark_ONGC_aggregate_ n20.csv and benchmark_ONGC_leadtime_ci_ n20.csv; the per-detector ONGC median differences of Table 6 in n20_ongc_minutes.csv; the paired-test outputs in benchmark_ONGC_paired_test_n20. csv; the conformal calibration series behind Figure 4d in calibration_ONGC.csv and calibration_ ONGC_pooled.csv; and the onset reruns under the two decoupled health indicators in rg3_rerun_long_ONGC_ rms_kurt.csv and rg3_rerun_long_ONGC_pca1. csv, both of which are the pre-N-20 arm, retained as provenance for the indicator comparison; no number reported here depends on them, and the aggregate-vs-decimate contrast is taken from the post-N-20 files named above.",C005;C011;C014;C066;C123;C133,
S40.009.n01,number,03:44,03:44,Data and Code Availability,body,Data and Code Availability,"Released, so that the n = 1 case study can be repeated rather than merely inspected, are the derived files behind every ONGC number in this paper (all paths relative to results/tables/): the degradation health-indicator series in ongc_health_ indicator.csv, a single baseline-standardized scalar per 10 s timestamp aggregated over all four channels, with the run-level split, onset and failure markers in ongc_ onset_markers.csv—the published onset of 2023-1113 03:44 is recomputable from these two files alone, with no proprietary input, and the repository’s test suite asserts exactly that; per-detector lead time and pre-onset false-alarm rate, together with the full post-N-20 sampling sweep (both modes × five factors × eleven detectors, 110 rows), in n20_rerun_long_ONGC.csv, with its aggregated and interval forms in benchmark_ONGC_aggregate_ n20.csv and benchmark_ONGC_leadtime_ci_ n20.csv; the per-detector ONGC median differences of Table 6 in n20_ongc_minutes.csv; the paired-test outputs in benchmark_ONGC_paired_test_n20. csv; the conformal calibration series behind Figure 4d in calibration_ONGC.csv and calibration_ ONGC_pooled.csv; and the onset reruns under the two decoupled health indicators in rg3_rerun_long_ONGC_ rms_kurt.csv and rg3_rerun_long_ONGC_pca1. csv, both of which are the pre-N-20 arm, retained as provenance for the indicator comparison; no number reported here depends on them, and the aggregate-vs-decimate contrast is taken from the post-N-20 files named above.",,
S40.009.n02,number,1,1,Data and Code Availability,body,Data and Code Availability,"Released, so that the n = 1 case study can be repeated rather than merely inspected, are the derived files behind every ONGC number in this paper (all paths relative to results/tables/): the degradation health-indicator series in ongc_health_ indicator.csv, a single baseline-standardized scalar per 10 s timestamp aggregated over all four channels, with the run-level split, onset and failure markers in ongc_ onset_markers.csv—the published onset of 2023-1113 03:44 is recomputable from these two files alone, with no proprietary input, and the repository’s test suite asserts exactly that; per-detector lead time and pre-onset false-alarm rate, together with the full post-N-20 sampling sweep (both modes × five factors × eleven detectors, 110 rows), in n20_rerun_long_ONGC.csv, with its aggregated and interval forms in benchmark_ONGC_aggregate_ n20.csv and benchmark_ONGC_leadtime_ci_ n20.csv; the per-detector ONGC median differences of Table 6 in n20_ongc_minutes.csv; the paired-test outputs in benchmark_ONGC_paired_test_n20. csv; the conformal calibration series behind Figure 4d in calibration_ONGC.csv and calibration_ ONGC_pooled.csv; and the onset reruns under the two decoupled health indicators in rg3_rerun_long_ONGC_ rms_kurt.csv and rg3_rerun_long_ONGC_pca1. csv, both of which are the pre-N-20 arm, retained as provenance for the indicator comparison; no number reported here depends on them, and the aggregate-vs-decimate contrast is taken from the post-N-20 files named above.",,
S40.009.n03,number,10,10,Data and Code Availability,body,Data and Code Availability,"Released, so that the n = 1 case study can be repeated rather than merely inspected, are the derived files behind every ONGC number in this paper (all paths relative to results/tables/): the degradation health-indicator series in ongc_health_ indicator.csv, a single baseline-standardized scalar per 10 s timestamp aggregated over all four channels, with the run-level split, onset and failure markers in ongc_ onset_markers.csv—the published onset of 2023-1113 03:44 is recomputable from these two files alone, with no proprietary input, and the repository’s test suite asserts exactly that; per-detector lead time and pre-onset false-alarm rate, together with the full post-N-20 sampling sweep (both modes × five factors × eleven detectors, 110 rows), in n20_rerun_long_ONGC.csv, with its aggregated and interval forms in benchmark_ONGC_aggregate_ n20.csv and benchmark_ONGC_leadtime_ci_ n20.csv; the per-detector ONGC median differences of Table 6 in n20_ongc_minutes.csv; the paired-test outputs in benchmark_ONGC_paired_test_n20. csv; the conformal calibration series behind Figure 4d in calibration_ONGC.csv and calibration_ ONGC_pooled.csv; and the onset reruns under the two decoupled health indicators in rg3_rerun_long_ONGC_ rms_kurt.csv and rg3_rerun_long_ONGC_pca1. csv, both of which are the pre-N-20 arm, retained as provenance for the indicator comparison; no number reported here depends on them, and the aggregate-vs-decimate contrast is taken from the post-N-20 files named above.",,
S40.009.n04,number,2023,2023,Data and Code Availability,body,Data and Code Availability,"Released, so that the n = 1 case study can be repeated rather than merely inspected, are the derived files behind every ONGC number in this paper (all paths relative to results/tables/): the degradation health-indicator series in ongc_health_ indicator.csv, a single baseline-standardized scalar per 10 s timestamp aggregated over all four channels, with the run-level split, onset and failure markers in ongc_ onset_markers.csv—the published onset of 2023-1113 03:44 is recomputable from these two files alone, with no proprietary input, and the repository’s test suite asserts exactly that; per-detector lead time and pre-onset false-alarm rate, together with the full post-N-20 sampling sweep (both modes × five factors × eleven detectors, 110 rows), in n20_rerun_long_ONGC.csv, with its aggregated and interval forms in benchmark_ONGC_aggregate_ n20.csv and benchmark_ONGC_leadtime_ci_ n20.csv; the per-detector ONGC median differences of Table 6 in n20_ongc_minutes.csv; the paired-test outputs in benchmark_ONGC_paired_test_n20. csv; the conformal calibration series behind Figure 4d in calibration_ONGC.csv and calibration_ ONGC_pooled.csv; and the onset reruns under the two decoupled health indicators in rg3_rerun_long_ONGC_ rms_kurt.csv and rg3_rerun_long_ONGC_pca1. csv, both of which are the pre-N-20 arm, retained as provenance for the indicator comparison; no number reported here depends on them, and the aggregate-vs-decimate contrast is taken from the post-N-20 files named above.",,
S40.009.n05,number,1113,1113,Data and Code Availability,body,Data and Code Availability,"Released, so that the n = 1 case study can be repeated rather than merely inspected, are the derived files behind every ONGC number in this paper (all paths relative to results/tables/): the degradation health-indicator series in ongc_health_ indicator.csv, a single baseline-standardized scalar per 10 s timestamp aggregated over all four channels, with the run-level split, onset and failure markers in ongc_ onset_markers.csv—the published onset of 2023-1113 03:44 is recomputable from these two files alone, with no proprietary input, and the repository’s test suite asserts exactly that; per-detector lead time and pre-onset false-alarm rate, together with the full post-N-20 sampling sweep (both modes × five factors × eleven detectors, 110 rows), in n20_rerun_long_ONGC.csv, with its aggregated and interval forms in benchmark_ONGC_aggregate_ n20.csv and benchmark_ONGC_leadtime_ci_ n20.csv; the per-detector ONGC median differences of Table 6 in n20_ongc_minutes.csv; the paired-test outputs in benchmark_ONGC_paired_test_n20. csv; the conformal calibration series behind Figure 4d in calibration_ONGC.csv and calibration_ ONGC_pooled.csv; and the onset reruns under the two decoupled health indicators in rg3_rerun_long_ONGC_ rms_kurt.csv and rg3_rerun_long_ONGC_pca1. csv, both of which are the pre-N-20 arm, retained as provenance for the indicator comparison; no number reported here depends on them, and the aggregate-vs-decimate contrast is taken from the post-N-20 files named above.",,
S40.009.n06,number,20,20,Data and Code Availability,body,Data and Code Availability,"Released, so that the n = 1 case study can be repeated rather than merely inspected, are the derived files behind every ONGC number in this paper (all paths relative to results/tables/): the degradation health-indicator series in ongc_health_ indicator.csv, a single baseline-standardized scalar per 10 s timestamp aggregated over all four channels, with the run-level split, onset and failure markers in ongc_ onset_markers.csv—the published onset of 2023-1113 03:44 is recomputable from these two files alone, with no proprietary input, and the repository’s test suite asserts exactly that; per-detector lead time and pre-onset false-alarm rate, together with the full post-N-20 sampling sweep (both modes × five factors × eleven detectors, 110 rows), in n20_rerun_long_ONGC.csv, with its aggregated and interval forms in benchmark_ONGC_aggregate_ n20.csv and benchmark_ONGC_leadtime_ci_ n20.csv; the per-detector ONGC median differences of Table 6 in n20_ongc_minutes.csv; the paired-test outputs in benchmark_ONGC_paired_test_n20. csv; the conformal calibration series behind Figure 4d in calibration_ONGC.csv and calibration_ ONGC_pooled.csv; and the onset reruns under the two decoupled health indicators in rg3_rerun_long_ONGC_ rms_kurt.csv and rg3_rerun_long_ONGC_pca1. csv, both of which are the pre-N-20 arm, retained as provenance for the indicator comparison; no number reported here depends on them, and the aggregate-vs-decimate contrast is taken from the post-N-20 files named above.",,
S40.009.n07,number,110,110,Data and Code Availability,body,Data and Code Availability,"Released, so that the n = 1 case study can be repeated rather than merely inspected, are the derived files behind every ONGC number in this paper (all paths relative to results/tables/): the degradation health-indicator series in ongc_health_ indicator.csv, a single baseline-standardized scalar per 10 s timestamp aggregated over all four channels, with the run-level split, onset and failure markers in ongc_ onset_markers.csv—the published onset of 2023-1113 03:44 is recomputable from these two files alone, with no proprietary input, and the repository’s test suite asserts exactly that; per-detector lead time and pre-onset false-alarm rate, together with the full post-N-20 sampling sweep (both modes × five factors × eleven detectors, 110 rows), in n20_rerun_long_ONGC.csv, with its aggregated and interval forms in benchmark_ONGC_aggregate_ n20.csv and benchmark_ONGC_leadtime_ci_ n20.csv; the per-detector ONGC median differences of Table 6 in n20_ongc_minutes.csv; the paired-test outputs in benchmark_ONGC_paired_test_n20. csv; the conformal calibration series behind Figure 4d in calibration_ONGC.csv and calibration_ ONGC_pooled.csv; and the onset reruns under the two decoupled health indicators in rg3_rerun_long_ONGC_ rms_kurt.csv and rg3_rerun_long_ONGC_pca1. csv, both of which are the pre-N-20 arm, retained as provenance for the indicator comparison; no number reported here depends on them, and the aggregate-vs-decimate contrast is taken from the post-N-20 files named above.",,
S40.009.n08,number,20,20,Data and Code Availability,body,Data and Code Availability,"Released, so that the n = 1 case study can be repeated rather than merely inspected, are the derived files behind every ONGC number in this paper (all paths relative to results/tables/): the degradation health-indicator series in ongc_health_ indicator.csv, a single baseline-standardized scalar per 10 s timestamp aggregated over all four channels, with the run-level split, onset and failure markers in ongc_ onset_markers.csv—the published onset of 2023-1113 03:44 is recomputable from these two files alone, with no proprietary input, and the repository’s test suite asserts exactly that; per-detector lead time and pre-onset false-alarm rate, together with the full post-N-20 sampling sweep (both modes × five factors × eleven detectors, 110 rows), in n20_rerun_long_ONGC.csv, with its aggregated and interval forms in benchmark_ONGC_aggregate_ n20.csv and benchmark_ONGC_leadtime_ci_ n20.csv; the per-detector ONGC median differences of Table 6 in n20_ongc_minutes.csv; the paired-test outputs in benchmark_ONGC_paired_test_n20. csv; the conformal calibration series behind Figure 4d in calibration_ONGC.csv and calibration_ ONGC_pooled.csv; and the onset reruns under the two decoupled health indicators in rg3_rerun_long_ONGC_ rms_kurt.csv and rg3_rerun_long_ONGC_pca1. csv, both of which are the pre-N-20 arm, retained as provenance for the indicator comparison; no number reported here depends on them, and the aggregate-vs-decimate contrast is taken from the post-N-20 files named above.",,
S40.009.n09,number,20,20,Data and Code Availability,body,Data and Code Availability,"Released, so that the n = 1 case study can be repeated rather than merely inspected, are the derived files behind every ONGC number in this paper (all paths relative to results/tables/): the degradation health-indicator series in ongc_health_ indicator.csv, a single baseline-standardized scalar per 10 s timestamp aggregated over all four channels, with the run-level split, onset and failure markers in ongc_ onset_markers.csv—the published onset of 2023-1113 03:44 is recomputable from these two files alone, with no proprietary input, and the repository’s test suite asserts exactly that; per-detector lead time and pre-onset false-alarm rate, together with the full post-N-20 sampling sweep (both modes × five factors × eleven detectors, 110 rows), in n20_rerun_long_ONGC.csv, with its aggregated and interval forms in benchmark_ONGC_aggregate_ n20.csv and benchmark_ONGC_leadtime_ci_ n20.csv; the per-detector ONGC median differences of Table 6 in n20_ongc_minutes.csv; the paired-test outputs in benchmark_ONGC_paired_test_n20. csv; the conformal calibration series behind Figure 4d in calibration_ONGC.csv and calibration_ ONGC_pooled.csv; and the onset reruns under the two decoupled health indicators in rg3_rerun_long_ONGC_ rms_kurt.csv and rg3_rerun_long_ONGC_pca1. csv, both of which are the pre-N-20 arm, retained as provenance for the indicator comparison; no number reported here depends on them, and the aggregate-vs-decimate contrast is taken from the post-N-20 files named above.",,
S40.010,sentence,,,Data and Code Availability,body,Data and Code Availability,"The health indicator is an aggregate from which the four per-channel measurements cannot be recovered, and being baseline-standardized it discloses no absolute vibration amplitude.",,
S40.011,sentence,,,Data and Code Availability,body,Data and Code Availability,"No inferential claim in this paper depends on ONGC: it is a single asset, reported descriptively, excluded from every run-level significance test and from the 33-cell cross-dataset equivalence result, which is computed on the three multi-bearing campaigns.",C045,
S40.011.n01,number,33,33,Data and Code Availability,body,Data and Code Availability,"No inferential claim in this paper depends on ONGC: it is a single asset, reported descriptively, excluded from every run-level significance test and from the 33-cell cross-dataset equivalence result, which is computed on the three multi-bearing campaigns.",,
S42.001,sentence,,,Appendix A: Reproducibility Settings,body,Appendix A: Reproducibility Settings,"Table 11a lists the fixed hyperparameters, taken verbatim from the released config.py, and Table 12 the architectures and training protocol of the four deep models, with trainable parameter counts measured at the 49-dimensional invariant feature width; one protocol applies to every detector, dataset, run and sampling factor, with no per-condition tuning.",C020;C031;C126,
S42.001.n01,number,49,49,Appendix A: Reproducibility Settings,body,Appendix A: Reproducibility Settings,"Table 11a lists the fixed hyperparameters, taken verbatim from the released config.py, and Table 12 the architectures and training protocol of the four deep models, with trainable parameter counts measured at the 49-dimensional invariant feature width; one protocol applies to every detector, dataset, run and sampling factor, with no per-condition tuning.",,
S42.002,sentence,,,Appendix A: Reproducibility Settings,body,Appendix A: Reproducibility Settings,"Table 11b gives the wall-clock training and per-window inference cost on the largest IMS run (Xtrain = 631, Xtest = 506 windows, single CPU core, median of five repeats).",,
S42.002.n01,number,631,631,Appendix A: Reproducibility Settings,body,Appendix A: Reproducibility Settings,"Table 11b gives the wall-clock training and per-window inference cost on the largest IMS run (Xtrain = 631, Xtest = 506 windows, single CPU core, median of five repeats).",,
S42.002.n02,number,506,506,Appendix A: Reproducibility Settings,body,Appendix A: Reproducibility Settings,"Table 11b gives the wall-clock training and per-window inference cost on the largest IMS run (Xtrain = 631, Xtest = 506 windows, single CPU core, median of five repeats).",,
S42.003,sentence,,,Appendix A: Reproducibility Settings,body,Appendix A: Reproducibility Settings,"Training is a one-off offline step, and inference is at most ∼0.5 ms per window (LSTM-AE), more than four orders of magnitude below the fastest historian polling interval in our study (10 s), so streaming condition monitoring at native SCADA rates is not compute-bound for any of the eleven",C125,
S42.003.n01,number,0.5,0.5,Appendix A: Reproducibility Settings,body,Appendix A: Reproducibility Settings,"Training is a one-off offline step, and inference is at most ∼0.5 ms per window (LSTM-AE), more than four orders of magnitude below the fastest historian polling interval in our study (10 s), so streaming condition monitoring at native SCADA rates is not compute-bound for any of the eleven",,
S42.003.n02,number,10,10,Appendix A: Reproducibility Settings,body,Appendix A: Reproducibility Settings,"Training is a one-off offline step, and inference is at most ∼0.5 ms per window (LSTM-AE), more than four orders of magnitude below the fastest historian polling interval in our study (10 s), so streaming condition monitoring at native SCADA rates is not compute-bound for any of the eleven",,
S43.001,sentence,,,Appendix B: The 49-Dimensional Invariant Feature Space,body,Appendix B: The 49-Dimensional Invariant Feature Space,Each snapshot’s raw waveform yields the six per-channel time-domain statistics of Table 13.,,
S43.002,sentence,,,Appendix B: The 49-Dimensional Invariant Feature Space,body,Appendix B: The 49-Dimensional Invariant Feature Space,"Each family is made channel-count-invariant by the channel mean and the channel max, and each aggregated series is summarised over the rolling window (10 samples, 50% overlap) by its mean, standard deviation, maximum and least-squares trend slope, giving 6 × 2 × 4 = 48 features; a cross-channel RMScoherence feature (the mean pairwise Pearson correlation of the physical RMS channels within the window) brings the total to 49.",C127,
S43.002.n01,number,10,10,Appendix B: The 49-Dimensional Invariant Feature Space,body,Appendix B: The 49-Dimensional Invariant Feature Space,"Each family is made channel-count-invariant by the channel mean and the channel max, and each aggregated series is summarised over the rolling window (10 samples, 50% overlap) by its mean, standard deviation, maximum and least-squares trend slope, giving 6 × 2 × 4 = 48 features; a cross-channel RMScoherence feature (the mean pairwise Pearson correlation of the physical RMS channels within the window) brings the total to 49.",,
S43.002.n02,number,50%,50%,Appendix B: The 49-Dimensional Invariant Feature Space,body,Appendix B: The 49-Dimensional Invariant Feature Space,"Each family is made channel-count-invariant by the channel mean and the channel max, and each aggregated series is summarised over the rolling window (10 samples, 50% overlap) by its mean, standard deviation, maximum and least-squares trend slope, giving 6 × 2 × 4 = 48 features; a cross-channel RMScoherence feature (the mean pairwise Pearson correlation of the physical RMS channels within the window) brings the total to 49.",,
S43.002.n03,number,6,6,Appendix B: The 49-Dimensional Invariant Feature Space,body,Appendix B: The 49-Dimensional Invariant Feature Space,"Each family is made channel-count-invariant by the channel mean and the channel max, and each aggregated series is summarised over the rolling window (10 samples, 50% overlap) by its mean, standard deviation, maximum and least-squares trend slope, giving 6 × 2 × 4 = 48 features; a cross-channel RMScoherence feature (the mean pairwise Pearson correlation of the physical RMS channels within the window) brings the total to 49.",,
S43.002.n04,number,2,2,Appendix B: The 49-Dimensional Invariant Feature Space,body,Appendix B: The 49-Dimensional Invariant Feature Space,"Each family is made channel-count-invariant by the channel mean and the channel max, and each aggregated series is summarised over the rolling window (10 samples, 50% overlap) by its mean, standard deviation, maximum and least-squares trend slope, giving 6 × 2 × 4 = 48 features; a cross-channel RMScoherence feature (the mean pairwise Pearson correlation of the physical RMS channels within the window) brings the total to 49.",,
S43.002.n05,number,4,4,Appendix B: The 49-Dimensional Invariant Feature Space,body,Appendix B: The 49-Dimensional Invariant Feature Space,"Each family is made channel-count-invariant by the channel mean and the channel max, and each aggregated series is summarised over the rolling window (10 samples, 50% overlap) by its mean, standard deviation, maximum and least-squares trend slope, giving 6 × 2 × 4 = 48 features; a cross-channel RMScoherence feature (the mean pairwise Pearson correlation of the physical RMS channels within the window) brings the total to 49.",,
S43.002.n06,number,48,48,Appendix B: The 49-Dimensional Invariant Feature Space,body,Appendix B: The 49-Dimensional Invariant Feature Space,"Each family is made channel-count-invariant by the channel mean and the channel max, and each aggregated series is summarised over the rolling window (10 samples, 50% overlap) by its mean, standard deviation, maximum and least-squares trend slope, giving 6 × 2 × 4 = 48 features; a cross-channel RMScoherence feature (the mean pairwise Pearson correlation of the physical RMS channels within the window) brings the total to 49.",,
S43.002.n07,number,49,49,Appendix B: The 49-Dimensional Invariant Feature Space,body,Appendix B: The 49-Dimensional Invariant Feature Space,"Each family is made channel-count-invariant by the channel mean and the channel max, and each aggregated series is summarised over the rolling window (10 samples, 50% overlap) by its mean, standard deviation, maximum and least-squares trend slope, giving 6 × 2 × 4 = 48 features; a cross-channel RMScoherence feature (the mean pairwise Pearson correlation of the physical RMS channels within the window) brings the total to 49.",,
S43.003,sentence,,,Appendix B: The 49-Dimensional Invariant Feature Space,body,Appendix B: The 49-Dimensional Invariant Feature Space,"A train-fit variance top-k selection (k ≤ 50) keeps p < n, every statistic is fit on the training split only, and feature naming and the exact construction are in the released code.",C021,
S43.003.n01,number,50,50,Appendix B: The 49-Dimensional Invariant Feature Space,body,Appendix B: The 49-Dimensional Invariant Feature Space,"A train-fit variance top-k selection (k ≤ 50) keeps p < n, every statistic is fit on the training split only, and feature naming and the exact construction are in the released code.",,
S44.001,sentence,,,Appendix C: IMS Test-3 Relabeling Justification,body,Appendix C: IMS Test-3 Relabeling Justification,"An earlier label placed the failure of the third IMS test on 2004-04-08, leaving 21.5% of the recorded data after the nominal “failure”—impossible for a run-to-failure series.",C128,
S44.001.n01,number,2004-04-08,2004-04-08,Appendix C: IMS Test-3 Relabeling Justification,body,Appendix C: IMS Test-3 Relabeling Justification,"An earlier label placed the failure of the third IMS test on 2004-04-08, leaving 21.5% of the recorded data after the nominal “failure”—impossible for a run-to-failure series.",,
S44.001.n02,number,21.5%,21.5%,Appendix C: IMS Test-3 Relabeling Justification,body,Appendix C: IMS Test-3 Relabeling Justification,"An earlier label placed the failure of the third IMS test on 2004-04-08, leaving 21.5% of the recorded data after the nominal “failure”—impossible for a run-to-failure series.",,
S44.002,sentence,,,Appendix C: IMS Test-3 Relabeling Justification,body,Appendix C: IMS Test-3 Relabeling Justification,"We relabel it to the last recorded sample (2004-04-18 02:42), at which the mean-RMS health indicator has ramped from its flat baseline (∼0.068) to ∼0.228 before the final machine-off reading: within the flat normal-region baseline band at the old label, but well above the 4σ onset band at the corrected one.",C128,
S44.002.n01,number,2004-04-18 02:42,2004-04-18 02:42,Appendix C: IMS Test-3 Relabeling Justification,body,Appendix C: IMS Test-3 Relabeling Justification,"We relabel it to the last recorded sample (2004-04-18 02:42), at which the mean-RMS health indicator has ramped from its flat baseline (∼0.068) to ∼0.228 before the final machine-off reading: within the flat normal-region baseline band at the old label, but well above the 4σ onset band at the corrected one.",,
S44.002.n02,number,0.068,0.068,Appendix C: IMS Test-3 Relabeling Justification,body,Appendix C: IMS Test-3 Relabeling Justification,"We relabel it to the last recorded sample (2004-04-18 02:42), at which the mean-RMS health indicator has ramped from its flat baseline (∼0.068) to ∼0.228 before the final machine-off reading: within the flat normal-region baseline band at the old label, but well above the 4σ onset band at the corrected one.",,
S44.002.n03,number,0.228,0.228,Appendix C: IMS Test-3 Relabeling Justification,body,Appendix C: IMS Test-3 Relabeling Justification,"We relabel it to the last recorded sample (2004-04-18 02:42), at which the mean-RMS health indicator has ramped from its flat baseline (∼0.068) to ∼0.228 before the final machine-off reading: within the flat normal-region baseline band at the old label, but well above the 4σ onset band at the corrected one.",,
S44.002.n04,number,4,4,Appendix C: IMS Test-3 Relabeling Justification,body,Appendix C: IMS Test-3 Relabeling Justification,"We relabel it to the last recorded sample (2004-04-18 02:42), at which the mean-RMS health indicator has ramped from its flat baseline (∼0.068) to ∼0.228 before the final machine-off reading: within the flat normal-region baseline band at the old label, but well above the 4σ onset band at the corrected one.",,
S44.003,sentence,,,Appendix C: IMS Test-3 Relabeling Justification,body,Appendix C: IMS Test-3 Relabeling Justification,"The relabeling moves the third test toward harder, not easier, detection: a run that was a guaranteed miss for most detectors becomes evaluable, and because the aggregate-vs-decimate contrast is computed within each run, the relabeling cannot artificially inflate it.",C129;C130,
S44.004,sentence,,,Appendix C: IMS Test-3 Relabeling Justification,body,Appendix C: IMS Test-3 Relabeling Justification,It affects only the single hardest run and is not a tuning choice.,,
S44.005,sentence,,,Appendix C: IMS Test-3 Relabeling Justification,body,Appendix C: IMS Test-3 Relabeling Justification,"We present it as an author relabeling based on the health-indicator trajectory, not independently verified ground truth: we know of no published benchmark that corrects this label, so we do not claim it as a community-established correction.",C132,
S44.006,sentence,,,Appendix C: IMS Test-3 Relabeling Justification,body,Appendix C: IMS Test-3 Relabeling Justification,It is the labeling we use throughout.,,
S44.007,sentence,,,Appendix C: IMS Test-3 Relabeling Justification,body,Appendix C: IMS Test-3 Relabeling Justification,"The relabeling made our own claim harder to support, not easier.",C129,
S44.008,sentence,,,Appendix C: IMS Test-3 Relabeling Justification,body,Appendix C: IMS Test-3 Relabeling Justification,"Because a reader may ask whether the label was chosen for the result it produces, we re-ran the entire IMS sweep under the original 2004-04-08 label and report both arms side by side (Table 14).",C128,
S44.008.n01,number,2004-04-08,2004-04-08,Appendix C: IMS Test-3 Relabeling Justification,body,Appendix C: IMS Test-3 Relabeling Justification,"Because a reader may ask whether the label was chosen for the result it produces, we re-ran the entire IMS sweep under the original 2004-04-08 label and report both arms side by side (Table 14).",,
S44.009,sentence,,,Appendix C: IMS Test-3 Relabeling Justification,body,Appendix C: IMS Test-3 Relabeling Justification,"The decisive case is 3σ: under the original label the third test is a guaranteed miss, both lead times are zero, the run’s collapsed difference is exactly 0.00 h, and the zero-difference rule of Section 4.9 leaves 3σ at two positive and zero negative runs.",C038;C130,
S44.009.n01,number,0.00,0.00,Appendix C: IMS Test-3 Relabeling Justification,body,Appendix C: IMS Test-3 Relabeling Justification,"The decisive case is 3σ: under the original label the third test is a guaranteed miss, both lead times are zero, the run’s collapsed difference is exactly 0.00 h, and the zero-difference rule of Section 4.9 leaves 3σ at two positive and zero negative runs.",,
S44.010,sentence,,,Appendix C: IMS Test-3 Relabeling Justification,body,Appendix C: IMS Test-3 Relabeling Justification,An earlier version of this work claimed that in no run does aggregation shorten the lead time of the magnitude-monitoring detectors.,C109,
S44.011,sentence,,,Appendix C: IMS Test-3 Relabeling Justification,body,Appendix C: IMS Test-3 Relabeling Justification,"That claim would have been true under the original label; it is false only under the corrected one, where the third test contributes -1.00 h, and we have withdrawn it.",C129,
S44.011.n01,number,-1.00,-1.00,Appendix C: IMS Test-3 Relabeling Justification,body,Appendix C: IMS Test-3 Relabeling Justification,"That claim would have been true under the original label; it is false only under the corrected one, where the third test contributes -1.00 h, and we have withdrawn it.",,
S44.012,sentence,,,Appendix C: IMS Test-3 Relabeling Justification,body,Appendix C: IMS Test-3 Relabeling Justification,"The relabeling moved the evidence against the paper’s own claim rather than in its favor, the opposite of what a result-motivated relabeling would do.",,
S44.013,sentence,,,Appendix C: IMS Test-3 Relabeling Justification,body,Appendix C: IMS Test-3 Relabeling Justification,The relabeling is also narrower than one might expect.,,
S44.014,sentence,,,Appendix C: IMS Test-3 Relabeling Justification,body,Appendix C: IMS Test-3 Relabeling Justification,"Under the original label the third test is a guaranteed miss for six of the ten detectors, not for all ten: 3σ, CUSUM, EWMA, Isolation Forest, Deep SVDD, and RMS-trend all score L = 0 in both modes.",C130,
S44.014.n01,number,0,0,Appendix C: IMS Test-3 Relabeling Justification,body,Appendix C: IMS Test-3 Relabeling Justification,"Under the original label the third test is a guaranteed miss for six of the ten detectors, not for all ten: 3σ, CUSUM, EWMA, Isolation Forest, Deep SVDD, and RMS-trend all score L = 0 in both modes.",,
S44.015,sentence,,,Appendix C: IMS Test-3 Relabeling Justification,body,Appendix C: IMS Test-3 Relabeling Justification,"The remaining four—Hotelling T 2, LSTM-AE, TCN-AE, and Transformer-AD—alarm early enough to precede even the earlier failure time, so they retain a positive lead in both modes and their third run survives the zero-difference exclusion.",C038,
S44.016,sentence,,,Appendix C: IMS Test-3 Relabeling Justification,body,Appendix C: IMS Test-3 Relabeling Justification,"The effective sample size is detector-dependent, and neither label can reach significance.",C084,
S44.017,sentence,,,Appendix C: IMS Test-3 Relabeling Justification,body,Appendix C: IMS Test-3 Relabeling Justification,"Because the zero-difference exclusion operates per detector, the original label does not simply reduce IMS to n = 2: it leaves neff = 3 for the four detectors that still warn on the third test, neff = 2 for 3σ, CUSUM, EWMA and Isolation Forest, and neff = 1 for Deep SVDD and RMS-trend.",C038;C130,
S44.017.n01,number,2,2,Appendix C: IMS Test-3 Relabeling Justification,body,Appendix C: IMS Test-3 Relabeling Justification,"Because the zero-difference exclusion operates per detector, the original label does not simply reduce IMS to n = 2: it leaves neff = 3 for the four detectors that still warn on the third test, neff = 2 for 3σ, CUSUM, EWMA and Isolation Forest, and neff = 1 for Deep SVDD and RMS-trend.",,
S44.017.n02,number,3,3,Appendix C: IMS Test-3 Relabeling Justification,body,Appendix C: IMS Test-3 Relabeling Justification,"Because the zero-difference exclusion operates per detector, the original label does not simply reduce IMS to n = 2: it leaves neff = 3 for the four detectors that still warn on the third test, neff = 2 for 3σ, CUSUM, EWMA and Isolation Forest, and neff = 1 for Deep SVDD and RMS-trend.",,
S44.017.n03,number,2,2,Appendix C: IMS Test-3 Relabeling Justification,body,Appendix C: IMS Test-3 Relabeling Justification,"Because the zero-difference exclusion operates per detector, the original label does not simply reduce IMS to n = 2: it leaves neff = 3 for the four detectors that still warn on the third test, neff = 2 for 3σ, CUSUM, EWMA and Isolation Forest, and neff = 1 for Deep SVDD and RMS-trend.",,
S44.017.n04,number,1,1,Appendix C: IMS Test-3 Relabeling Justification,body,Appendix C: IMS Test-3 Relabeling Justification,"Because the zero-difference exclusion operates per detector, the original label does not simply reduce IMS to n = 2: it leaves neff = 3 for the four detectors that still warn on the third test, neff = 2 for 3σ, CUSUM, EWMA and Isolation Forest, and neff = 1 for Deep SVDD and RMS-trend.",,
S44.018,sentence,,,Appendix C: IMS Test-3 Relabeling Justification,body,Appendix C: IMS Test-3 Relabeling Justification,"The exact two-sided sign test floors at p = 0.25, 0.50 and 1.00 at those sample sizes, so under the original label six of the ten detectors could not have reached α = 0.05 at any effect size, and the four with neff = 3 floor at p = 0.25, already above α.",C036;C037;C130,
S44.018.n01,number,0.25,0.25,Appendix C: IMS Test-3 Relabeling Justification,body,Appendix C: IMS Test-3 Relabeling Justification,"The exact two-sided sign test floors at p = 0.25, 0.50 and 1.00 at those sample sizes, so under the original label six of the ten detectors could not have reached α = 0.05 at any effect size, and the four with neff = 3 floor at p = 0.25, already above α.",,
S44.018.n02,number,0.50,0.50,Appendix C: IMS Test-3 Relabeling Justification,body,Appendix C: IMS Test-3 Relabeling Justification,"The exact two-sided sign test floors at p = 0.25, 0.50 and 1.00 at those sample sizes, so under the original label six of the ten detectors could not have reached α = 0.05 at any effect size, and the four with neff = 3 floor at p = 0.25, already above α.",,
S44.018.n03,number,1.00,1.00,Appendix C: IMS Test-3 Relabeling Justification,body,Appendix C: IMS Test-3 Relabeling Justification,"The exact two-sided sign test floors at p = 0.25, 0.50 and 1.00 at those sample sizes, so under the original label six of the ten detectors could not have reached α = 0.05 at any effect size, and the four with neff = 3 floor at p = 0.25, already above α.",,
S44.018.n04,number,0.05,0.05,Appendix C: IMS Test-3 Relabeling Justification,body,Appendix C: IMS Test-3 Relabeling Justification,"The exact two-sided sign test floors at p = 0.25, 0.50 and 1.00 at those sample sizes, so under the original label six of the ten detectors could not have reached α = 0.05 at any effect size, and the four with neff = 3 floor at p = 0.25, already above α.",,
S44.018.n05,number,3,3,Appendix C: IMS Test-3 Relabeling Justification,body,Appendix C: IMS Test-3 Relabeling Justification,"The exact two-sided sign test floors at p = 0.25, 0.50 and 1.00 at those sample sizes, so under the original label six of the ten detectors could not have reached α = 0.05 at any effect size, and the four with neff = 3 floor at p = 0.25, already above α.",,
S44.018.n06,number,0.25,0.25,Appendix C: IMS Test-3 Relabeling Justification,body,Appendix C: IMS Test-3 Relabeling Justification,"The exact two-sided sign test floors at p = 0.25, 0.50 and 1.00 at those sample sizes, so under the original label six of the ten detectors could not have reached α = 0.05 at any effect size, and the four with neff = 3 floor at p = 0.25, already above α.",,
S44.019,sentence,,,Appendix C: IMS Test-3 Relabeling Justification,body,Appendix C: IMS Test-3 Relabeling Justification,"The corrected label retains every run, but n = 3 still bounds the attainable p at 0.25, so no IMS detector reaches significance under either label and the best attainable p is 0.25 in both arms (Hotelling T 2).",C131,
S44.019.n01,number,3,3,Appendix C: IMS Test-3 Relabeling Justification,body,Appendix C: IMS Test-3 Relabeling Justification,"The corrected label retains every run, but n = 3 still bounds the attainable p at 0.25, so no IMS detector reaches significance under either label and the best attainable p is 0.25 in both arms (Hotelling T 2).",,
S44.019.n02,number,0.25,0.25,Appendix C: IMS Test-3 Relabeling Justification,body,Appendix C: IMS Test-3 Relabeling Justification,"The corrected label retains every run, but n = 3 still bounds the attainable p at 0.25, so no IMS detector reaches significance under either label and the best attainable p is 0.25 in both arms (Hotelling T 2).",,
S44.019.n03,number,0.25,0.25,Appendix C: IMS Test-3 Relabeling Justification,body,Appendix C: IMS Test-3 Relabeling Justification,"The corrected label retains every run, but n = 3 still bounds the attainable p at 0.25, so no IMS detector reaches significance under either label and the best attainable p is 0.25 in both arms (Hotelling T 2).",,
S44.020,sentence,,,Appendix C: IMS Test-3 Relabeling Justification,body,Appendix C: IMS Test-3 Relabeling Justification,"The label does not change the direction: no median flips sign between the arms, 3σ holding at +15.10 h and Hotelling T 2 at +1.17 h, and the Holm verdict of Section 6 and the headline are untouched.",C039;C041;C131,
S44.020.n01,number,15.10,+15.10,Appendix C: IMS Test-3 Relabeling Justification,body,Appendix C: IMS Test-3 Relabeling Justification,"The label does not change the direction: no median flips sign between the arms, 3σ holding at +15.10 h and Hotelling T 2 at +1.17 h, and the Holm verdict of Section 6 and the headline are untouched.",,
S44.020.n02,number,1.17,+1.17,Appendix C: IMS Test-3 Relabeling Justification,body,Appendix C: IMS Test-3 Relabeling Justification,"The label does not change the direction: no median flips sign between the arms, 3σ holding at +15.10 h and Hotelling T 2 at +1.17 h, and the Holm verdict of Section 6 and the headline are untouched.",,
S46.001,sentence,,,D.1 Generic Smoothing vs.\ Historian Averaging,body,D.1 Generic Smoothing vs.\ Historian Averaging,"If bin-averaging helps on IMS because it is a low-pass filter suppressing single-window noise in the health statistic, letting the alarm threshold be crossed earlier and held more persistently than under decimation, two predictions follow.",C075,
S46.002,sentence,,,D.1 Generic Smoothing vs.\ Historian Averaging,body,D.1 Generic Smoothing vs.\ Historian Averaging,"We test both on IMS at sampling factor 5, controlling window content so that only the smoothing differs.",C033,
S46.002.n01,number,5,5,D.1 Generic Smoothing vs.\ Historian Averaging,body,D.1 Generic Smoothing vs.\ Historian Averaging,"We test both on IMS at sampling factor 5, controlling window content so that only the smoothing differs.",,
S46.003,sentence,,,D.1 Generic Smoothing vs.\ Historian Averaging,body,D.1 Generic Smoothing vs.\ Historian Averaging,"Here aggregation and decimation act on the per-snapshot series before windowing, whereas the IMS sweep coarsens the windowed feature vectors (Section 4.8), so this corroborates the mechanism on a related but not identical operation.",,
S46.004,sentence,,,D.1 Generic Smoothing vs.\ Historian Averaging,body,D.1 Generic Smoothing vs.\ Historian Averaging,Prediction 1: the aggregate advantage should grow with noise.,,
S46.004.n01,number,1,1,D.1 Generic Smoothing vs.\ Historian Averaging,body,D.1 Generic Smoothing vs.\ Historian Averaging,Prediction 1: the aggregate advantage should grow with noise.,,
S46.005,sentence,,,D.1 Generic Smoothing vs.\ Historian Averaging,body,D.1 Generic Smoothing vs.\ Historian Averaging,"We add zero-mean Gaussian noise to the per-snapshot channel statistics (RMS and kurtosis), scaled per channel, at signal-to-noise ratios of 30, 20 and 10 dB and recompute the aggregate-decimate lead time, collapsing the four magnitude-monitoring SPC charts to one mean difference per run (n = 3 per level) to avoid the pseudoreplication corrected in the main analysis.",C035,
S46.005.n01,number,30,30,D.1 Generic Smoothing vs.\ Historian Averaging,body,D.1 Generic Smoothing vs.\ Historian Averaging,"We add zero-mean Gaussian noise to the per-snapshot channel statistics (RMS and kurtosis), scaled per channel, at signal-to-noise ratios of 30, 20 and 10 dB and recompute the aggregate-decimate lead time, collapsing the four magnitude-monitoring SPC charts to one mean difference per run (n = 3 per level) to avoid the pseudoreplication corrected in the main analysis.",,
S46.005.n02,number,20,20,D.1 Generic Smoothing vs.\ Historian Averaging,body,D.1 Generic Smoothing vs.\ Historian Averaging,"We add zero-mean Gaussian noise to the per-snapshot channel statistics (RMS and kurtosis), scaled per channel, at signal-to-noise ratios of 30, 20 and 10 dB and recompute the aggregate-decimate lead time, collapsing the four magnitude-monitoring SPC charts to one mean difference per run (n = 3 per level) to avoid the pseudoreplication corrected in the main analysis.",,
S46.005.n03,number,10,10,D.1 Generic Smoothing vs.\ Historian Averaging,body,D.1 Generic Smoothing vs.\ Historian Averaging,"We add zero-mean Gaussian noise to the per-snapshot channel statistics (RMS and kurtosis), scaled per channel, at signal-to-noise ratios of 30, 20 and 10 dB and recompute the aggregate-decimate lead time, collapsing the four magnitude-monitoring SPC charts to one mean difference per run (n = 3 per level) to avoid the pseudoreplication corrected in the main analysis.",,
S46.005.n04,number,3,3,D.1 Generic Smoothing vs.\ Historian Averaging,body,D.1 Generic Smoothing vs.\ Historian Averaging,"We add zero-mean Gaussian noise to the per-snapshot channel statistics (RMS and kurtosis), scaled per channel, at signal-to-noise ratios of 30, 20 and 10 dB and recompute the aggregate-decimate lead time, collapsing the four magnitude-monitoring SPC charts to one mean difference per run (n = 3 per level) to avoid the pseudoreplication corrected in the main analysis.",,
S46.006,sentence,,,D.1 Generic Smoothing vs.\ Historian Averaging,body,D.1 Generic Smoothing vs.\ Historian Averaging,"The mean advantage rises monotonically with noise (Table 15a), from -0.35 h at the native noise level to +6.6 h at 10 dB, and at the two highest noise levels all three runs share the positive sign.",C114,
S46.006.n01,number,-0.35,-0.35,D.1 Generic Smoothing vs.\ Historian Averaging,body,D.1 Generic Smoothing vs.\ Historian Averaging,"The mean advantage rises monotonically with noise (Table 15a), from -0.35 h at the native noise level to +6.6 h at 10 dB, and at the two highest noise levels all three runs share the positive sign.",,
S46.006.n02,number,6.6,+6.6,D.1 Generic Smoothing vs.\ Historian Averaging,body,D.1 Generic Smoothing vs.\ Historian Averaging,"The mean advantage rises monotonically with noise (Table 15a), from -0.35 h at the native noise level to +6.6 h at 10 dB, and at the two highest noise levels all three runs share the positive sign.",,
S46.006.n03,number,10,10,D.1 Generic Smoothing vs.\ Historian Averaging,body,D.1 Generic Smoothing vs.\ Historian Averaging,"The mean advantage rises monotonically with noise (Table 15a), from -0.35 h at the native noise level to +6.6 h at 10 dB, and at the two highest noise levels all three runs share the positive sign.",,
S46.007,sentence,,,D.1 Generic Smoothing vs.\ Historian Averaging,body,D.1 Generic Smoothing vs.\ Historian Averaging,"The lone large negative, the -7.94 h native-noise entry, is IMS test 1, the abrupt near-coincident-onset run whose degradation begins only ∼12 h before failure, which also violates the conformal guarantee (Figure 4a) and is unwarnable under every feature set.",C064;C079,
S46.007.n01,number,-7.94,-7.94,D.1 Generic Smoothing vs.\ Historian Averaging,body,D.1 Generic Smoothing vs.\ Historian Averaging,"The lone large negative, the -7.94 h native-noise entry, is IMS test 1, the abrupt near-coincident-onset run whose degradation begins only ∼12 h before failure, which also violates the conformal guarantee (Figure 4a) and is unwarnable under every feature set.",,
S46.007.n02,number,1,1,D.1 Generic Smoothing vs.\ Historian Averaging,body,D.1 Generic Smoothing vs.\ Historian Averaging,"The lone large negative, the -7.94 h native-noise entry, is IMS test 1, the abrupt near-coincident-onset run whose degradation begins only ∼12 h before failure, which also violates the conformal guarantee (Figure 4a) and is unwarnable under every feature set.",,
S46.007.n03,number,12,12,D.1 Generic Smoothing vs.\ Historian Averaging,body,D.1 Generic Smoothing vs.\ Historian Averaging,"The lone large negative, the -7.94 h native-noise entry, is IMS test 1, the abrupt near-coincident-onset run whose degradation begins only ∼12 h before failure, which also violates the conformal guarantee (Figure 4a) and is unwarnable under every feature set.",,
S46.008,sentence,,,D.1 Generic Smoothing vs.\ Historian Averaging,body,D.1 Generic Smoothing vs.\ Historian Averaging,"This is the qualitative signature of a low-pass mechanism, the noisier the signal the more bin-averaging helps, but at n = 3 it is a directional trend, not a significant effect (the exact sign test floors at p = 0.25, and at 30 dB the per-run signs are mixed): it corroborates the mechanism and cannot, at this sample size, establish it statistically.",C036;C037;C075,
S46.008.n01,number,3,3,D.1 Generic Smoothing vs.\ Historian Averaging,body,D.1 Generic Smoothing vs.\ Historian Averaging,"This is the qualitative signature of a low-pass mechanism, the noisier the signal the more bin-averaging helps, but at n = 3 it is a directional trend, not a significant effect (the exact sign test floors at p = 0.25, and at 30 dB the per-run signs are mixed): it corroborates the mechanism and cannot, at this sample size, establish it statistically.",,
S46.008.n02,number,0.25,0.25,D.1 Generic Smoothing vs.\ Historian Averaging,body,D.1 Generic Smoothing vs.\ Historian Averaging,"This is the qualitative signature of a low-pass mechanism, the noisier the signal the more bin-averaging helps, but at n = 3 it is a directional trend, not a significant effect (the exact sign test floors at p = 0.25, and at 30 dB the per-run signs are mixed): it corroborates the mechanism and cannot, at this sample size, establish it statistically.",,
S46.008.n03,number,30,30,D.1 Generic Smoothing vs.\ Historian Averaging,body,D.1 Generic Smoothing vs.\ Historian Averaging,"This is the qualitative signature of a low-pass mechanism, the noisier the signal the more bin-averaging helps, but at n = 3 it is a directional trend, not a significant effect (the exact sign test floors at p = 0.25, and at 30 dB the per-run signs are mixed): it corroborates the mechanism and cannot, at this sample size, establish it statistically.",,
S46.009,sentence,,,D.1 Generic Smoothing vs.\ Historian Averaging,body,D.1 Generic Smoothing vs.\ Historian Averaging,Prediction 2: any smoother on the decimated stream should recover the advantage.,,
S46.009.n01,number,2,2,D.1 Generic Smoothing vs.\ Historian Averaging,body,D.1 Generic Smoothing vs.\ Historian Averaging,Prediction 2: any smoother on the decimated stream should recover the advantage.,,
S46.010,sentence,,,D.1 Generic Smoothing vs.\ Historian Averaging,body,D.1 Generic Smoothing vs.\ Historian Averaging,"We compare a median filter, a moving average, a constant-velocity Kalman filter and a wavelet denoiser, each applied to the decimated stream, against raw aggregation and raw decimation (Table 15b).",C110;C115,
S46.011,sentence,,,D.1 Generic Smoothing vs.\ Historian Averaging,body,D.1 Generic Smoothing vs.\ Historian Averaging,"The moving average and Kalman filter recover essentially the full aggregate lead time (76.0 and 75.6 h vs. aggregation’s 75.6 h), while the median and wavelet filters fall slightly short, so the effect is generic smoothing of the health signal, not a property unique to historian bin-averaging: an operator who decimates and then lightly smooths recovers the same warning time.",C110;C115,
S46.011.n01,number,76.0,76.0,D.1 Generic Smoothing vs.\ Historian Averaging,body,D.1 Generic Smoothing vs.\ Historian Averaging,"The moving average and Kalman filter recover essentially the full aggregate lead time (76.0 and 75.6 h vs. aggregation’s 75.6 h), while the median and wavelet filters fall slightly short, so the effect is generic smoothing of the health signal, not a property unique to historian bin-averaging: an operator who decimates and then lightly smooths recovers the same warning time.",,
S46.011.n02,number,75.6,75.6,D.1 Generic Smoothing vs.\ Historian Averaging,body,D.1 Generic Smoothing vs.\ Historian Averaging,"The moving average and Kalman filter recover essentially the full aggregate lead time (76.0 and 75.6 h vs. aggregation’s 75.6 h), while the median and wavelet filters fall slightly short, so the effect is generic smoothing of the health signal, not a property unique to historian bin-averaging: an operator who decimates and then lightly smooths recovers the same warning time.",,
S46.011.n03,number,75.6,75.6,D.1 Generic Smoothing vs.\ Historian Averaging,body,D.1 Generic Smoothing vs.\ Historian Averaging,"The moving average and Kalman filter recover essentially the full aggregate lead time (76.0 and 75.6 h vs. aggregation’s 75.6 h), while the median and wavelet filters fall slightly short, so the effect is generic smoothing of the health signal, not a property unique to historian bin-averaging: an operator who decimates and then lightly smooths recovers the same warning time.",,
S46.012,sentence,,,D.1 Generic Smoothing vs.\ Historian Averaging,body,D.1 Generic Smoothing vs.\ Historian Averaging,"The wavelet denoiser drops to 6/12 valid alarms, below even raw decimation, because soft-thresholding the detail coefficients perturbs the pre-onset baseline enough to lift the pre-onset false-alarm rate past the budget: smoothing that preserves the normal baseline recovers the lead time, while smoothing that distorts it can cost validity.",C115,
S46.012.n01,number,6/12,6/12,D.1 Generic Smoothing vs.\ Historian Averaging,body,D.1 Generic Smoothing vs.\ Historian Averaging,"The wavelet denoiser drops to 6/12 valid alarms, below even raw decimation, because soft-thresholding the detail coefficients perturbs the pre-onset baseline enough to lift the pre-onset false-alarm rate past the budget: smoothing that preserves the normal baseline recovers the lead time, while smoothing that distorts it can cost validity.",,
S46.013,sentence,,,D.1 Generic Smoothing vs.\ Historian Averaging,body,D.1 Generic Smoothing vs.\ Historian Averaging,"The one-alarm gap between raw decimation (8/12) and aggregation (7/12) at statistically indistinguishable lead times (76.0 vs. 75.6 h) is sampling noise at n = 12, not evidence that decimation is preferable.",C115,
S46.013.n01,number,8/12,8/12,D.1 Generic Smoothing vs.\ Historian Averaging,body,D.1 Generic Smoothing vs.\ Historian Averaging,"The one-alarm gap between raw decimation (8/12) and aggregation (7/12) at statistically indistinguishable lead times (76.0 vs. 75.6 h) is sampling noise at n = 12, not evidence that decimation is preferable.",,
S46.013.n02,number,7/12,7/12,D.1 Generic Smoothing vs.\ Historian Averaging,body,D.1 Generic Smoothing vs.\ Historian Averaging,"The one-alarm gap between raw decimation (8/12) and aggregation (7/12) at statistically indistinguishable lead times (76.0 vs. 75.6 h) is sampling noise at n = 12, not evidence that decimation is preferable.",,
S46.013.n03,number,76.0,76.0,D.1 Generic Smoothing vs.\ Historian Averaging,body,D.1 Generic Smoothing vs.\ Historian Averaging,"The one-alarm gap between raw decimation (8/12) and aggregation (7/12) at statistically indistinguishable lead times (76.0 vs. 75.6 h) is sampling noise at n = 12, not evidence that decimation is preferable.",,
S46.013.n04,number,75.6,75.6,D.1 Generic Smoothing vs.\ Historian Averaging,body,D.1 Generic Smoothing vs.\ Historian Averaging,"The one-alarm gap between raw decimation (8/12) and aggregation (7/12) at statistically indistinguishable lead times (76.0 vs. 75.6 h) is sampling noise at n = 12, not evidence that decimation is preferable.",,
S46.013.n05,number,12,12,D.1 Generic Smoothing vs.\ Historian Averaging,body,D.1 Generic Smoothing vs.\ Historian Averaging,"The one-alarm gap between raw decimation (8/12) and aggregation (7/12) at statistically indistinguishable lead times (76.0 vs. 75.6 h) is sampling noise at n = 12, not evidence that decimation is preferable.",,
S47.001,sentence,,,D.2 Single-Asset ONGC Case Study,body,D.2 Single-Asset ONGC Case Study,"The ONGC record is a real Solar-Turbine low-pressurecompressor (LPC) dataset: four vibration channels logged at a 10 s SCADA rate over ∼5 days (42,698 rows), ending in a genuine operator shutdown on 2023-11-13 09:46.",C133,
S47.001.n01,number,2023-11-13 09:46,2023-11-13 09:46,D.2 Single-Asset ONGC Case Study,body,D.2 Single-Asset ONGC Case Study,"The ONGC record is a real Solar-Turbine low-pressurecompressor (LPC) dataset: four vibration channels logged at a 10 s SCADA rate over ∼5 days (42,698 rows), ending in a genuine operator shutdown on 2023-11-13 09:46.",,
S47.001.n02,number,10,10,D.2 Single-Asset ONGC Case Study,body,D.2 Single-Asset ONGC Case Study,"The ONGC record is a real Solar-Turbine low-pressurecompressor (LPC) dataset: four vibration channels logged at a 10 s SCADA rate over ∼5 days (42,698 rows), ending in a genuine operator shutdown on 2023-11-13 09:46.",,
S47.001.n03,number,5,5,D.2 Single-Asset ONGC Case Study,body,D.2 Single-Asset ONGC Case Study,"The ONGC record is a real Solar-Turbine low-pressurecompressor (LPC) dataset: four vibration channels logged at a 10 s SCADA rate over ∼5 days (42,698 rows), ending in a genuine operator shutdown on 2023-11-13 09:46.",,
S47.001.n04,number,"42,698","42,698",D.2 Single-Asset ONGC Case Study,body,D.2 Single-Asset ONGC Case Study,"The ONGC record is a real Solar-Turbine low-pressurecompressor (LPC) dataset: four vibration channels logged at a 10 s SCADA rate over ∼5 days (42,698 rows), ending in a genuine operator shutdown on 2023-11-13 09:46.",,
S47.002,sentence,,,D.2 Single-Asset ONGC Case Study,body,D.2 Single-Asset ONGC Case Study,"This is authentic historian data with a real, documented event—the maintenance record confirms the shutdown followed a rolling-element bearing fault on the LPC—and the data-derived degradation onset (2023-11-13 03:44) precedes the operator’s action by roughly six hours.",C133,
S47.002.n01,number,2023-11-13 03:44,2023-11-13 03:44,D.2 Single-Asset ONGC Case Study,body,D.2 Single-Asset ONGC Case Study,"This is authentic historian data with a real, documented event—the maintenance record confirms the shutdown followed a rolling-element bearing fault on the LPC—and the data-derived degradation onset (2023-11-13 03:44) precedes the operator’s action by roughly six hours.",,
S47.003,sentence,,,D.2 Single-Asset ONGC Case Study,body,D.2 Single-Asset ONGC Case Study,ONGC is the only dataset that requires no simulated coarsening to be SCADA-rate: it is the historian.,,
S47.004,sentence,,,D.2 Single-Asset ONGC Case Study,body,D.2 Single-Asset ONGC Case Study,"On raw lead, nine of the eleven detectors alarm 30-35 h before the labeled failure (seven within 34.9-35.3 h, CUSUM at 33.9 h and Hotelling T 2 at 30.4 h), the naive RMS-trend baseline gives 22.8 h, and Deep SVDD does not alarm before failure.",C011;C045;C116,
S47.004.n01,number,30,30,D.2 Single-Asset ONGC Case Study,body,D.2 Single-Asset ONGC Case Study,"On raw lead, nine of the eleven detectors alarm 30-35 h before the labeled failure (seven within 34.9-35.3 h, CUSUM at 33.9 h and Hotelling T 2 at 30.4 h), the naive RMS-trend baseline gives 22.8 h, and Deep SVDD does not alarm before failure.",,
S47.004.n02,number,35,35,D.2 Single-Asset ONGC Case Study,body,D.2 Single-Asset ONGC Case Study,"On raw lead, nine of the eleven detectors alarm 30-35 h before the labeled failure (seven within 34.9-35.3 h, CUSUM at 33.9 h and Hotelling T 2 at 30.4 h), the naive RMS-trend baseline gives 22.8 h, and Deep SVDD does not alarm before failure.",,
S47.004.n03,number,34.9,34.9,D.2 Single-Asset ONGC Case Study,body,D.2 Single-Asset ONGC Case Study,"On raw lead, nine of the eleven detectors alarm 30-35 h before the labeled failure (seven within 34.9-35.3 h, CUSUM at 33.9 h and Hotelling T 2 at 30.4 h), the naive RMS-trend baseline gives 22.8 h, and Deep SVDD does not alarm before failure.",,
S47.004.n04,number,35.3,35.3,D.2 Single-Asset ONGC Case Study,body,D.2 Single-Asset ONGC Case Study,"On raw lead, nine of the eleven detectors alarm 30-35 h before the labeled failure (seven within 34.9-35.3 h, CUSUM at 33.9 h and Hotelling T 2 at 30.4 h), the naive RMS-trend baseline gives 22.8 h, and Deep SVDD does not alarm before failure.",,
S47.004.n05,number,33.9,33.9,D.2 Single-Asset ONGC Case Study,body,D.2 Single-Asset ONGC Case Study,"On raw lead, nine of the eleven detectors alarm 30-35 h before the labeled failure (seven within 34.9-35.3 h, CUSUM at 33.9 h and Hotelling T 2 at 30.4 h), the naive RMS-trend baseline gives 22.8 h, and Deep SVDD does not alarm before failure.",,
S47.004.n06,number,30.4,30.4,D.2 Single-Asset ONGC Case Study,body,D.2 Single-Asset ONGC Case Study,"On raw lead, nine of the eleven detectors alarm 30-35 h before the labeled failure (seven within 34.9-35.3 h, CUSUM at 33.9 h and Hotelling T 2 at 30.4 h), the naive RMS-trend baseline gives 22.8 h, and Deep SVDD does not alarm before failure.",,
S47.004.n07,number,22.8,22.8,D.2 Single-Asset ONGC Case Study,body,D.2 Single-Asset ONGC Case Study,"On raw lead, nine of the eleven detectors alarm 30-35 h before the labeled failure (seven within 34.9-35.3 h, CUSUM at 33.9 h and Hotelling T 2 at 30.4 h), the naive RMS-trend baseline gives 22.8 h, and Deep SVDD does not alarm before failure.",,
S47.005,sentence,,,D.2 Single-Asset ONGC Case Study,body,D.2 Single-Asset ONGC Case Study,"Under the gated metric, however, only Hotelling T 2 (pre-onset FAR 6.5%) and RMS-trend (0.1%) have valid alarms at τ = 10%; the other eight alarming detectors exceed the budget, with pre-onset FAR from 11.7% (Isolation Forest) to 95.2% (CUSUM).",C084,
S47.005.n01,number,6.5%,6.5%,D.2 Single-Asset ONGC Case Study,body,D.2 Single-Asset ONGC Case Study,"Under the gated metric, however, only Hotelling T 2 (pre-onset FAR 6.5%) and RMS-trend (0.1%) have valid alarms at τ = 10%; the other eight alarming detectors exceed the budget, with pre-onset FAR from 11.7% (Isolation Forest) to 95.2% (CUSUM).",,
S47.005.n02,number,0.1%,0.1%,D.2 Single-Asset ONGC Case Study,body,D.2 Single-Asset ONGC Case Study,"Under the gated metric, however, only Hotelling T 2 (pre-onset FAR 6.5%) and RMS-trend (0.1%) have valid alarms at τ = 10%; the other eight alarming detectors exceed the budget, with pre-onset FAR from 11.7% (Isolation Forest) to 95.2% (CUSUM).",,
S47.005.n03,number,10%,10%,D.2 Single-Asset ONGC Case Study,body,D.2 Single-Asset ONGC Case Study,"Under the gated metric, however, only Hotelling T 2 (pre-onset FAR 6.5%) and RMS-trend (0.1%) have valid alarms at τ = 10%; the other eight alarming detectors exceed the budget, with pre-onset FAR from 11.7% (Isolation Forest) to 95.2% (CUSUM).",,
S47.005.n04,number,11.7%,11.7%,D.2 Single-Asset ONGC Case Study,body,D.2 Single-Asset ONGC Case Study,"Under the gated metric, however, only Hotelling T 2 (pre-onset FAR 6.5%) and RMS-trend (0.1%) have valid alarms at τ = 10%; the other eight alarming detectors exceed the budget, with pre-onset FAR from 11.7% (Isolation Forest) to 95.2% (CUSUM).",,
S47.005.n05,number,95.2%,95.2%,D.2 Single-Asset ONGC Case Study,body,D.2 Single-Asset ONGC Case Study,"Under the gated metric, however, only Hotelling T 2 (pre-onset FAR 6.5%) and RMS-trend (0.1%) have valid alarms at τ = 10%; the other eight alarming detectors exceed the budget, with pre-onset FAR from 11.7% (Isolation Forest) to 95.2% (CUSUM).",,
S47.006,sentence,,,D.2 Single-Asset ONGC Case Study,body,D.2 Single-Asset ONGC Case Study,"The data-derived onset lies only ∼6 h before the shutdown, so their first alarms fall 28-29 h before it and the windows they flag there count as pre-onset false alarms under the paper’s own definition.",,
S47.006.n01,number,6,6,D.2 Single-Asset ONGC Case Study,body,D.2 Single-Asset ONGC Case Study,"The data-derived onset lies only ∼6 h before the shutdown, so their first alarms fall 28-29 h before it and the windows they flag there count as pre-onset false alarms under the paper’s own definition.",,
S47.006.n02,number,28,28,D.2 Single-Asset ONGC Case Study,body,D.2 Single-Asset ONGC Case Study,"The data-derived onset lies only ∼6 h before the shutdown, so their first alarms fall 28-29 h before it and the windows they flag there count as pre-onset false alarms under the paper’s own definition.",,
S47.006.n03,number,29,29,D.2 Single-Asset ONGC Case Study,body,D.2 Single-Asset ONGC Case Study,"The data-derived onset lies only ∼6 h before the shutdown, so their first alarms fall 28-29 h before it and the windows they flag there count as pre-onset false alarms under the paper’s own definition.",,
S47.007,sentence,,,D.2 Single-Asset ONGC Case Study,body,D.2 Single-Asset ONGC Case Study,That verdict is ambiguous here.,,
S47.008,sentence,,,D.2 Single-Asset ONGC Case Study,body,D.2 Single-Asset ONGC Case Study,"The onset estimator is systematically late under gradual degradation (late by approximately kσb/m; Algorithm 1), so some alarms that precede the estimated onset may be genuine early detection the estimator cannot credit; with n = 1 and no ground-truth defect-initiation time, the case study cannot distinguish the two.",C014;C024;C118,
S47.008.n01,number,1,1,D.2 Single-Asset ONGC Case Study,body,D.2 Single-Asset ONGC Case Study,"The onset estimator is systematically late under gradual degradation (late by approximately kσb/m; Algorithm 1), so some alarms that precede the estimated onset may be genuine early detection the estimator cannot credit; with n = 1 and no ground-truth defect-initiation time, the case study cannot distinguish the two.",,
S47.009,sentence,,,D.2 Single-Asset ONGC Case Study,body,D.2 Single-Asset ONGC Case Study,"The aggregate-vs-decimate contrast is computed on raw lead and is unaffected: the difference is at most about a minute for every detector (Table 6), so on data that already is a real historian stream the choice of logging mechanism does not materially change warning time—the cleanest possible illustration of the practical question, and consistent with “averaging is not the enemy.",C116;C117,
S47.010,sentence,,,D.2 Single-Asset ONGC Case Study,body,D.2 Single-Asset ONGC Case Study,"Because ONGC is a single asset (n = 1), we treat it as a descriptive case study and draw no statistical inference from it.",C014,
S47.010.n01,number,1,1,D.2 Single-Asset ONGC Case Study,body,D.2 Single-Asset ONGC Case Study,"Because ONGC is a single asset (n = 1), we treat it as a descriptive case study and draw no statistical inference from it.",,
S47.011,sentence,,,D.2 Single-Asset ONGC Case Study,body,D.2 Single-Asset ONGC Case Study,"Its conformal calibration (Figure 4d) tracks the diagonal closely, consistent with a mostly-stationary normal region.",C086;C088,
tab:datasets.cap01,sentence,,,tab:datasets,caption,tab:datasets,"“Role” is the function each plays in the argument: the four inferential datasets supply the run-level statistics, ONGC is a single-asset case study (Appendix D.2) and Paderborn is excluded.",C013;C014;C016,
tab:imsdet.cap01,sentence,,,tab:imsdet,caption,tab:imsdet,"IMS, all eleven detectors in prognostic-horizon order (PH rank 1-11).",C011;C056,
tab:imsdet.cap01.n01,number,1,1,tab:imsdet,caption,tab:imsdet,"IMS, all eleven detectors in prognostic-horizon order (PH rank 1-11).",,
tab:imsdet.cap01.n02,number,11,11,tab:imsdet,caption,tab:imsdet,"IMS, all eleven detectors in prognostic-horizon order (PH rank 1-11).",,
tab:imsdet.cap02,sentence,,,tab:imsdet,caption,tab:imsdet,"Raw: mean ungated lead (h) at full resolution and the default 97.5th-percentile threshold, with 95% bootstrap CI over the n = 3 runs.",,
tab:imsdet.cap02.n01,number,97.5,97.5,tab:imsdet,caption,tab:imsdet,"Raw: mean ungated lead (h) at full resolution and the default 97.5th-percentile threshold, with 95% bootstrap CI over the n = 3 runs.",,
tab:imsdet.cap02.n02,number,95%,95%,tab:imsdet,caption,tab:imsdet,"Raw: mean ungated lead (h) at full resolution and the default 97.5th-percentile threshold, with 95% bootstrap CI over the n = 3 runs.",,
tab:imsdet.cap02.n03,number,3,3,tab:imsdet,caption,tab:imsdet,"Raw: mean ungated lead (h) at full resolution and the default 97.5th-percentile threshold, with 95% bootstrap CI over the n = 3 runs.",,
tab:imsdet.cap03,sentence,,,tab:imsdet,caption,tab:imsdet,"PH: best raw lead over the 95th, 99th and 99.5th percentiles.",C056,
tab:imsdet.cap03.n01,number,95,95,tab:imsdet,caption,tab:imsdet,"PH: best raw lead over the 95th, 99th and 99.5th percentiles.",,
tab:imsdet.cap03.n02,number,99,99,tab:imsdet,caption,tab:imsdet,"PH: best raw lead over the 95th, 99th and 99.5th percentiles.",,
tab:imsdet.cap03.n03,number,99.5,99.5,tab:imsdet,caption,tab:imsdet,"PH: best raw lead over the 95th, 99th and 99.5th percentiles.",,
tab:imsdet.cap04,sentence,,,tab:imsdet,caption,tab:imsdet,"Lτ : best lead at an operating point whose pre-onset FAR, averaged across the three runs, is within τ (0.0 = none). †: no valid operating point at τ = 0.10.",C095,
tab:imsdet.cap04.n01,number,0.0,0.0,tab:imsdet,caption,tab:imsdet,"Lτ : best lead at an operating point whose pre-onset FAR, averaged across the three runs, is within τ (0.0 = none). †: no valid operating point at τ = 0.10.",,
tab:imsdet.cap04.n02,number,0.10,0.10,tab:imsdet,caption,tab:imsdet,"Lτ : best lead at an operating point whose pre-onset FAR, averaged across the three runs, is within τ (0.0 = none). †: no valid operating point at τ = 0.10.",,
tab:imsdet.cap05,sentence,,,tab:imsdet,caption,tab:imsdet,"Gated order at τ = 0.10: 3σ, RMS-trend, Deep SVDD, then eight tied at 0. ∗: valid only at the loosest threshold and on one of three runs.",,
tab:imsdet.cap05.n01,number,0.10,0.10,tab:imsdet,caption,tab:imsdet,"Gated order at τ = 0.10: 3σ, RMS-trend, Deep SVDD, then eight tied at 0. ∗: valid only at the loosest threshold and on one of three runs.",,
tab:imsdet.cap05.n02,number,0,0,tab:imsdet,caption,tab:imsdet,"Gated order at τ = 0.10: 3σ, RMS-trend, Deep SVDD, then eight tied at 0. ∗: valid only at the loosest threshold and on one of three runs.",,
fig:health.cap01,sentence,,,fig:health,caption,fig:health,Health-indicator trajectory for IMS Bearing test 2 with the leakage-free degradation onset and failure markers.,C023,
fig:health.cap01.n01,number,2,2,fig:health,caption,fig:health,Health-indicator trajectory for IMS Bearing test 2 with the leakage-free degradation onset and failure markers.,,
fig:health.cap02,sentence,,,fig:health,caption,fig:health,"The baseline mean and standard deviation use only the shaded training region, so the onset cannot see the test data.",C023,
tab:onset.cap01,sentence,,,tab:onset,caption,tab:onset,"Onset position on IMS, as % of run span, with the implied maximum lead (failure minus onset, h) in brackets.",,
tab:onset.cap02,sentence,,,tab:onset,caption,tab:onset,"Left: the default RMS/kurtosis indicator with the terminalexcursion rule at threshold multiplier k ∈ {3, 4, 5}.",,
tab:onset.cap02.n01,number,3,3,tab:onset,caption,tab:onset,"Left: the default RMS/kurtosis indicator with the terminalexcursion rule at threshold multiplier k ∈ {3, 4, 5}.",,
tab:onset.cap02.n02,number,4,4,tab:onset,caption,tab:onset,"Left: the default RMS/kurtosis indicator with the terminalexcursion rule at threshold multiplier k ∈ {3, 4, 5}.",,
tab:onset.cap02.n03,number,5,5,tab:onset,caption,tab:onset,"Left: the default RMS/kurtosis indicator with the terminalexcursion rule at threshold multiplier k ∈ {3, 4, 5}.",,
tab:onset.cap03,sentence,,,tab:onset,caption,tab:onset,"Right: two decoupled indicators that do not share the amplitude basis of the magnitude detectors, at the default k = 4.",C066,
tab:onset.cap03.n01,number,4,4,tab:onset,caption,tab:onset,"Right: two decoupled indicators that do not share the amplitude basis of the magnitude detectors, at the default k = 4.",,
tab:robust.cap01,sentence,,,tab:robust,caption,tab:robust,Robustness on IMS and XJTU-SY.,,
tab:robust.cap02,sentence,,,tab:robust,caption,tab:robust,"(a) Alarm persistence on IMS: run-level median aggregate-decimate leadtime difference (h) and the 3σ valid-alarm fraction, at full resolution and pooled over the five sampling factors, at persistence ∈ {1, 3, 5, 10} windows.",,
tab:robust.cap02.n01,number,1,1,tab:robust,caption,tab:robust,"(a) Alarm persistence on IMS: run-level median aggregate-decimate leadtime difference (h) and the 3σ valid-alarm fraction, at full resolution and pooled over the five sampling factors, at persistence ∈ {1, 3, 5, 10} windows.",,
tab:robust.cap02.n02,number,3,3,tab:robust,caption,tab:robust,"(a) Alarm persistence on IMS: run-level median aggregate-decimate leadtime difference (h) and the 3σ valid-alarm fraction, at full resolution and pooled over the five sampling factors, at persistence ∈ {1, 3, 5, 10} windows.",,
tab:robust.cap02.n03,number,5,5,tab:robust,caption,tab:robust,"(a) Alarm persistence on IMS: run-level median aggregate-decimate leadtime difference (h) and the 3σ valid-alarm fraction, at full resolution and pooled over the five sampling factors, at persistence ∈ {1, 3, 5, 10} windows.",,
tab:robust.cap02.n04,number,10,10,tab:robust,caption,tab:robust,"(a) Alarm persistence on IMS: run-level median aggregate-decimate leadtime difference (h) and the 3σ valid-alarm fraction, at full resolution and pooled over the five sampling factors, at persistence ∈ {1, 3, 5, 10} windows.",,
tab:robust.cap03,sentence,,,tab:robust,caption,tab:robust,"(b) Historian gaps: mean valid lead time (h) under random gaps of 0%, 5% and 20%, averaged over the runs with a valid alarm and then over five independent gap draws per level.",C069,
tab:robust.cap03.n01,number,0%,0%,tab:robust,caption,tab:robust,"(b) Historian gaps: mean valid lead time (h) under random gaps of 0%, 5% and 20%, averaged over the runs with a valid alarm and then over five independent gap draws per level.",,
tab:robust.cap03.n02,number,5%,5%,tab:robust,caption,tab:robust,"(b) Historian gaps: mean valid lead time (h) under random gaps of 0%, 5% and 20%, averaged over the runs with a valid alarm and then over five independent gap draws per level.",,
tab:robust.cap03.n03,number,20%,20%,tab:robust,caption,tab:robust,"(b) Historian gaps: mean valid lead time (h) under random gaps of 0%, 5% and 20%, averaged over the runs with a valid alarm and then over five independent gap draws per level.",,
tab:crossds.cap01,sentence,,,tab:crossds,caption,tab:crossds,"Run-level aggregate-decimate lead-time contrast on the three multi-bearing campaigns, collapsing the five sam- pling factors to one difference per run.",,
tab:crossds.cap02,sentence,,,tab:crossds,caption,tab:crossds,"Med., Mean: run-level median and mean difference (h), with the 95% bootstrap CI over runs; n+/n-: non-zero runs (s: all of one sign); p: exact two-sided sign test. ‡: length-30 sequence models, n = 3 on XJTU-SY.",C036,
tab:crossds.cap02.n01,number,95%,95%,tab:crossds,caption,tab:crossds,"Med., Mean: run-level median and mean difference (h), with the 95% bootstrap CI over runs; n+/n-: non-zero runs (s: all of one sign); p: exact two-sided sign test. ‡: length-30 sequence models, n = 3 on XJTU-SY.",,
tab:crossds.cap02.n02,number,30,30,tab:crossds,caption,tab:crossds,"Med., Mean: run-level median and mean difference (h), with the 95% bootstrap CI over runs; n+/n-: non-zero runs (s: all of one sign); p: exact two-sided sign test. ‡: length-30 sequence models, n = 3 on XJTU-SY.",,
tab:crossds.cap02.n03,number,3,3,tab:crossds,caption,tab:crossds,"Med., Mean: run-level median and mean difference (h), with the 95% bootstrap CI over runs; n+/n-: non-zero runs (s: all of one sign); p: exact two-sided sign test. ‡: length-30 sequence models, n = 3 on XJTU-SY.",,
tab:crossds.cap03,sentence,,,tab:crossds,caption,tab:crossds,"Equivalent at δ = 1 h when the CI lies inside [-δ, +δ]: all 33 cells.",C045,
tab:crossds.cap03.n01,number,1,1,tab:crossds,caption,tab:crossds,"Equivalent at δ = 1 h when the CI lies inside [-δ, +δ]: all 33 cells.",,
tab:crossds.cap03.n02,number,33,33,tab:crossds,caption,tab:crossds,"Equivalent at δ = 1 h when the CI lies inside [-δ, +δ]: all 33 cells.",,
tab:crossds.cap04,sentence,,,tab:crossds,caption,tab:crossds,Holm over N = 44 (these 33 tests and the eleven IMS tests of Table 6): every adjusted p is 1.00.,C039;C045,
tab:crossds.cap04.n01,number,44,44,tab:crossds,caption,tab:crossds,Holm over N = 44 (these 33 tests and the eleven IMS tests of Table 6): every adjusted p is 1.00.,,
tab:crossds.cap04.n02,number,33,33,tab:crossds,caption,tab:crossds,Holm over N = 44 (these 33 tests and the eleven IMS tests of Table 6): every adjusted p is 1.00.,,
tab:crossds.cap04.n03,number,1.00,1.00,tab:crossds,caption,tab:crossds,Holm over N = 44 (these 33 tests and the eleven IMS tests of Table 6): every adjusted p is 1.00.,,
tab:crossds.cap05,sentence,,,tab:crossds,caption,tab:crossds,IMS and ONGC are outside the equivalence family.,C045,
fig:crossdataset.cap01,sentence,,,fig:crossdataset,caption,fig:crossdataset,Run-level aggregate-decimate lead-time difference (h) per detector; the unit of inference is in each panel title.,C035,
fig:crossdataset.cap02,sentence,,,fig:crossdataset,caption,fig:crossdataset,"XJTUSY, FEMTO, Ferrara: mean (dot) and 95% bootstrap CI over runs (Table 5).",,
fig:crossdataset.cap02.n01,number,95%,95%,fig:crossdataset,caption,fig:crossdataset,"XJTUSY, FEMTO, Ferrara: mean (dot) and 95% bootstrap CI over runs (Table 5).",,
fig:crossdataset.cap03,sentence,,,fig:crossdataset,caption,fig:crossdataset,"IMS, on a wider scale: the three per-run differences and their median (diamond).",,
fig:crossdataset.cap04,sentence,,,fig:crossdataset,caption,fig:crossdataset,"ONGC: the descriptive n = 1 median (hollow), a case study outside the four inferential datasets (Appendix D.2).",C013;C014,
fig:crossdataset.cap04.n01,number,1,1,fig:crossdataset,caption,fig:crossdataset,"ONGC: the descriptive n = 1 median (hollow), a case study outside the four inferential datasets (Appendix D.2).",,
fig:crossdataset.cap05,sentence,,,fig:crossdataset,caption,fig:crossdataset,IMS and ONGC values are in Table 6.,,
fig:crossdataset.cap06,sentence,,,fig:crossdataset,caption,fig:crossdataset,Shaded: the ±1 h equivalence margin.,C045,
fig:crossdataset.cap06.n01,number,±1,±1,fig:crossdataset,caption,fig:crossdataset,Shaded: the ±1 h equivalence margin.,,
fig:sweep.cap01,sentence,,,fig:sweep,caption,fig:sweep,"Detection lead time vs effective SCADA logging interval on IMS (controlled sweep, mean across runs): aggregation (left) and decimation (right).",,
fig:sweep.cap02,sentence,,,fig:sweep,caption,fig:sweep,"Shading marks the few-windows regime at the two largest factors, where only one or two runs remain.",C073,
tab:imsongc.cap01,sentence,,,tab:imsongc,caption,tab:imsongc,IMS controlled sweep (n = 3) and the ONGC case study (n = 1).,C014,
tab:imsongc.cap01.n01,number,3,3,tab:imsongc,caption,tab:imsongc,IMS controlled sweep (n = 3) and the ONGC case study (n = 1).,,
tab:imsongc.cap01.n02,number,1,1,tab:imsongc,caption,tab:imsongc,IMS controlled sweep (n = 3) and the ONGC case study (n = 1).,,
tab:imsongc.cap02,sentence,,,tab:imsongc,caption,tab:imsongc,"IMS: run differences (h) for tests 1, 2, 3, each collapsing the five within-run sampling factors to one mean aggregate-decimate difference, with the run-level median, n+/n- and the exact two-sided sign-test p, which floors at 0.25 at n = 3 (∗: one positive run and two ties, not counted as sign-consistent).",C037,
tab:imsongc.cap02.n01,number,1,1,tab:imsongc,caption,tab:imsongc,"IMS: run differences (h) for tests 1, 2, 3, each collapsing the five within-run sampling factors to one mean aggregate-decimate difference, with the run-level median, n+/n- and the exact two-sided sign-test p, which floors at 0.25 at n = 3 (∗: one positive run and two ties, not counted as sign-consistent).",,
tab:imsongc.cap02.n02,number,2,2,tab:imsongc,caption,tab:imsongc,"IMS: run differences (h) for tests 1, 2, 3, each collapsing the five within-run sampling factors to one mean aggregate-decimate difference, with the run-level median, n+/n- and the exact two-sided sign-test p, which floors at 0.25 at n = 3 (∗: one positive run and two ties, not counted as sign-consistent).",,
tab:imsongc.cap02.n03,number,3,3,tab:imsongc,caption,tab:imsongc,"IMS: run differences (h) for tests 1, 2, 3, each collapsing the five within-run sampling factors to one mean aggregate-decimate difference, with the run-level median, n+/n- and the exact two-sided sign-test p, which floors at 0.25 at n = 3 (∗: one positive run and two ties, not counted as sign-consistent).",,
tab:imsongc.cap02.n04,number,0.25,0.25,tab:imsongc,caption,tab:imsongc,"IMS: run differences (h) for tests 1, 2, 3, each collapsing the five within-run sampling factors to one mean aggregate-decimate difference, with the run-level median, n+/n- and the exact two-sided sign-test p, which floors at 0.25 at n = 3 (∗: one positive run and two ties, not counted as sign-consistent).",,
tab:imsongc.cap02.n05,number,3,3,tab:imsongc,caption,tab:imsongc,"IMS: run differences (h) for tests 1, 2, 3, each collapsing the five within-run sampling factors to one mean aggregate-decimate difference, with the run-level median, n+/n- and the exact two-sided sign-test p, which floors at 0.25 at n = 3 (∗: one positive run and two ties, not counted as sign-consistent).",,
tab:imsongc.cap03,sentence,,,tab:imsongc,caption,tab:imsongc,"ONGC: descriptive median over the five sampling factors, in minutes; no inference.",C014,
tab:perbearing.cap01,sentence,,,tab:perbearing,caption,tab:perbearing,XJTU-SY per-bearing summary at full resolution Ta (aggregate).,,
tab:perbearing.cap02,sentence,,,tab:perbearing,caption,tab:perbearing,“Valid/5” counts the detectors (of five) that pro- ga duce a valid alarm; “Mean valid” is the mean lead over those el detectors; “Best” is the oracle maximum over the five.,,
tab:perbearing.cap02.n01,number,5,5,tab:perbearing,caption,tab:perbearing,“Valid/5” counts the detectors (of five) that pro- ga duce a valid alarm; “Mean valid” is the mean lead over those el detectors; “Best” is the oracle maximum over the five.,,
tab:perbearing.cap03,sentence,,,tab:perbearing,caption,tab:perbearing,Two te bearings are warned by no detector (0/5). by on,,
tab:perbearing.cap03.n01,number,0/5,0/5,tab:perbearing,caption,tab:perbearing,Two te bearings are warned by no detector (0/5). by on,,
tab:gatedcontrast.cap01,sentence,,,tab:gatedcontrast,caption,tab:gatedcontrast,"Aggregate-decimate contrast under the raw and the gated (τ = 10% pre-onset FAR) metric, post-N-20 reruns, all eleven detectors.",C011,
tab:gatedcontrast.cap01.n01,number,10%,10%,tab:gatedcontrast,caption,tab:gatedcontrast,"Aggregate-decimate contrast under the raw and the gated (τ = 10% pre-onset FAR) metric, post-N-20 reruns, all eleven detectors.",,
tab:gatedcontrast.cap01.n02,number,20,20,tab:gatedcontrast,caption,tab:gatedcontrast,"Aggregate-decimate contrast under the raw and the gated (τ = 10% pre-onset FAR) metric, post-N-20 reruns, all eleven detectors.",,
tab:gatedcontrast.cap02,sentence,,,tab:gatedcontrast,caption,tab:gatedcontrast,Med.: median across detectors of each detector’s run-level median difference (h); n+/n-/0: detectors by the sign of that median; n¯eff: mean effective sample size once zero-difference runs are dropped.,C038;C084;C130,
tab:gatedcontrast.cap02.n01,number,0,0,tab:gatedcontrast,caption,tab:gatedcontrast,Med.: median across detectors of each detector’s run-level median difference (h); n+/n-/0: detectors by the sign of that median; n¯eff: mean effective sample size once zero-difference runs are dropped.,,
fig:conformal.cap01,sentence,,,fig:conformal,caption,fig:conformal,"Conformal calibration: empirical pre-onset FAR vs target α for (a) IMS, (b) XJTU-SY, (c) FEMTO/PRONOSTIA and (d) the ONGC turbine (n = 1 case study, Appendix D.2).",C014,
fig:conformal.cap01.n01,number,1,1,fig:conformal,caption,fig:conformal,"Conformal calibration: empirical pre-onset FAR vs target α for (a) IMS, (b) XJTU-SY, (c) FEMTO/PRONOSTIA and (d) the ONGC turbine (n = 1 case study, Appendix D.2).",,
fig:conformal.cap02,sentence,,,fig:conformal,caption,fig:conformal,Points on or below the diagonal satisfy the distributionfree guarantee; bearings with only one or two pre-onset windows are flagged uncalibrated.,C086,
fig:conformal.cap03,sentence,,,fig:conformal,caption,fig:conformal,"Panel (a) empirical FAR at α = 0.01, 0.05, 0.10, 0.20: test 1 0.74, 0.82, 0.85, 0.86; test 2 0.00, 0.00, 0.00, 0.25; test 3 0.01, 0.04, 0.13, 0.30.",,
fig:conformal.cap03.n01,number,0.01,0.01,fig:conformal,caption,fig:conformal,"Panel (a) empirical FAR at α = 0.01, 0.05, 0.10, 0.20: test 1 0.74, 0.82, 0.85, 0.86; test 2 0.00, 0.00, 0.00, 0.25; test 3 0.01, 0.04, 0.13, 0.30.",,
fig:conformal.cap03.n02,number,0.05,0.05,fig:conformal,caption,fig:conformal,"Panel (a) empirical FAR at α = 0.01, 0.05, 0.10, 0.20: test 1 0.74, 0.82, 0.85, 0.86; test 2 0.00, 0.00, 0.00, 0.25; test 3 0.01, 0.04, 0.13, 0.30.",,
fig:conformal.cap03.n03,number,0.10,0.10,fig:conformal,caption,fig:conformal,"Panel (a) empirical FAR at α = 0.01, 0.05, 0.10, 0.20: test 1 0.74, 0.82, 0.85, 0.86; test 2 0.00, 0.00, 0.00, 0.25; test 3 0.01, 0.04, 0.13, 0.30.",,
fig:conformal.cap03.n04,number,0.20,0.20,fig:conformal,caption,fig:conformal,"Panel (a) empirical FAR at α = 0.01, 0.05, 0.10, 0.20: test 1 0.74, 0.82, 0.85, 0.86; test 2 0.00, 0.00, 0.00, 0.25; test 3 0.01, 0.04, 0.13, 0.30.",,
fig:conformal.cap03.n05,number,1,1,fig:conformal,caption,fig:conformal,"Panel (a) empirical FAR at α = 0.01, 0.05, 0.10, 0.20: test 1 0.74, 0.82, 0.85, 0.86; test 2 0.00, 0.00, 0.00, 0.25; test 3 0.01, 0.04, 0.13, 0.30.",,
fig:conformal.cap03.n06,number,0.74,0.74,fig:conformal,caption,fig:conformal,"Panel (a) empirical FAR at α = 0.01, 0.05, 0.10, 0.20: test 1 0.74, 0.82, 0.85, 0.86; test 2 0.00, 0.00, 0.00, 0.25; test 3 0.01, 0.04, 0.13, 0.30.",,
fig:conformal.cap03.n07,number,0.82,0.82,fig:conformal,caption,fig:conformal,"Panel (a) empirical FAR at α = 0.01, 0.05, 0.10, 0.20: test 1 0.74, 0.82, 0.85, 0.86; test 2 0.00, 0.00, 0.00, 0.25; test 3 0.01, 0.04, 0.13, 0.30.",,
fig:conformal.cap03.n08,number,0.85,0.85,fig:conformal,caption,fig:conformal,"Panel (a) empirical FAR at α = 0.01, 0.05, 0.10, 0.20: test 1 0.74, 0.82, 0.85, 0.86; test 2 0.00, 0.00, 0.00, 0.25; test 3 0.01, 0.04, 0.13, 0.30.",,
fig:conformal.cap03.n09,number,0.86,0.86,fig:conformal,caption,fig:conformal,"Panel (a) empirical FAR at α = 0.01, 0.05, 0.10, 0.20: test 1 0.74, 0.82, 0.85, 0.86; test 2 0.00, 0.00, 0.00, 0.25; test 3 0.01, 0.04, 0.13, 0.30.",,
fig:conformal.cap03.n10,number,2,2,fig:conformal,caption,fig:conformal,"Panel (a) empirical FAR at α = 0.01, 0.05, 0.10, 0.20: test 1 0.74, 0.82, 0.85, 0.86; test 2 0.00, 0.00, 0.00, 0.25; test 3 0.01, 0.04, 0.13, 0.30.",,
fig:conformal.cap03.n11,number,0.00,0.00,fig:conformal,caption,fig:conformal,"Panel (a) empirical FAR at α = 0.01, 0.05, 0.10, 0.20: test 1 0.74, 0.82, 0.85, 0.86; test 2 0.00, 0.00, 0.00, 0.25; test 3 0.01, 0.04, 0.13, 0.30.",,
fig:conformal.cap03.n12,number,0.00,0.00,fig:conformal,caption,fig:conformal,"Panel (a) empirical FAR at α = 0.01, 0.05, 0.10, 0.20: test 1 0.74, 0.82, 0.85, 0.86; test 2 0.00, 0.00, 0.00, 0.25; test 3 0.01, 0.04, 0.13, 0.30.",,
fig:conformal.cap03.n13,number,0.00,0.00,fig:conformal,caption,fig:conformal,"Panel (a) empirical FAR at α = 0.01, 0.05, 0.10, 0.20: test 1 0.74, 0.82, 0.85, 0.86; test 2 0.00, 0.00, 0.00, 0.25; test 3 0.01, 0.04, 0.13, 0.30.",,
fig:conformal.cap03.n14,number,0.25,0.25,fig:conformal,caption,fig:conformal,"Panel (a) empirical FAR at α = 0.01, 0.05, 0.10, 0.20: test 1 0.74, 0.82, 0.85, 0.86; test 2 0.00, 0.00, 0.00, 0.25; test 3 0.01, 0.04, 0.13, 0.30.",,
fig:conformal.cap03.n15,number,3,3,fig:conformal,caption,fig:conformal,"Panel (a) empirical FAR at α = 0.01, 0.05, 0.10, 0.20: test 1 0.74, 0.82, 0.85, 0.86; test 2 0.00, 0.00, 0.00, 0.25; test 3 0.01, 0.04, 0.13, 0.30.",,
fig:conformal.cap03.n16,number,0.01,0.01,fig:conformal,caption,fig:conformal,"Panel (a) empirical FAR at α = 0.01, 0.05, 0.10, 0.20: test 1 0.74, 0.82, 0.85, 0.86; test 2 0.00, 0.00, 0.00, 0.25; test 3 0.01, 0.04, 0.13, 0.30.",,
fig:conformal.cap03.n17,number,0.04,0.04,fig:conformal,caption,fig:conformal,"Panel (a) empirical FAR at α = 0.01, 0.05, 0.10, 0.20: test 1 0.74, 0.82, 0.85, 0.86; test 2 0.00, 0.00, 0.00, 0.25; test 3 0.01, 0.04, 0.13, 0.30.",,
fig:conformal.cap03.n18,number,0.13,0.13,fig:conformal,caption,fig:conformal,"Panel (a) empirical FAR at α = 0.01, 0.05, 0.10, 0.20: test 1 0.74, 0.82, 0.85, 0.86; test 2 0.00, 0.00, 0.00, 0.25; test 3 0.01, 0.04, 0.13, 0.30.",,
fig:conformal.cap03.n19,number,0.30,0.30,fig:conformal,caption,fig:conformal,"Panel (a) empirical FAR at α = 0.01, 0.05, 0.10, 0.20: test 1 0.74, 0.82, 0.85, 0.86; test 2 0.00, 0.00, 0.00, 0.25; test 3 0.01, 0.04, 0.13, 0.30.",,
fig:tradeoffs.cap01,sentence,,,fig:tradeoffs,caption,fig:tradeoffs,"Lead-time vs pre-onset-FAR trade-off, threshold percentile swept (mean across runs): (a) IMS, (b) the ten XJTU-SY bearings; labels mark the 95th, 99th and 99.5th-percentile operating points (tabulated for IMS in Table 9) where they fit legibly.",,
fig:tradeoffs.cap01.n01,number,95,95,fig:tradeoffs,caption,fig:tradeoffs,"Lead-time vs pre-onset-FAR trade-off, threshold percentile swept (mean across runs): (a) IMS, (b) the ten XJTU-SY bearings; labels mark the 95th, 99th and 99.5th-percentile operating points (tabulated for IMS in Table 9) where they fit legibly.",,
fig:tradeoffs.cap01.n02,number,99,99,fig:tradeoffs,caption,fig:tradeoffs,"Lead-time vs pre-onset-FAR trade-off, threshold percentile swept (mean across runs): (a) IMS, (b) the ten XJTU-SY bearings; labels mark the 95th, 99th and 99.5th-percentile operating points (tabulated for IMS in Table 9) where they fit legibly.",,
fig:tradeoffs.cap01.n03,number,99.5,99.5,fig:tradeoffs,caption,fig:tradeoffs,"Lead-time vs pre-onset-FAR trade-off, threshold percentile swept (mean across runs): (a) IMS, (b) the ten XJTU-SY bearings; labels mark the 95th, 99th and 99.5th-percentile operating points (tabulated for IMS in Table 9) where they fit legibly.",,
fig:tradeoffs.cap02,sentence,,,fig:tradeoffs,caption,fig:tradeoffs,Up and to the left is better.,,
tab:tradeoff.cap01,sentence,,,tab:tradeoff,caption,tab:tradeoff,"IMS lead-time-vs-false-alarm trade-off (mean 6 across runs) at three threshold percentiles: lead (Ld, h) and pre-onset FAR (%). †: pre-onset FAR above the τ = 10% budget, so the operating point is invalid under the gated met- H ric.",,
tab:tradeoff.cap01.n01,number,6,6,tab:tradeoff,caption,tab:tradeoff,"IMS lead-time-vs-false-alarm trade-off (mean 6 across runs) at three threshold percentiles: lead (Ld, h) and pre-onset FAR (%). †: pre-onset FAR above the τ = 10% budget, so the operating point is invalid under the gated met- H ric.",,
tab:tradeoff.cap01.n02,number,10%,10%,tab:tradeoff,caption,tab:tradeoff,"IMS lead-time-vs-false-alarm trade-off (mean 6 across runs) at three threshold percentiles: lead (Ld, h) and pre-onset FAR (%). †: pre-onset FAR above the τ = 10% budget, so the operating point is invalid under the gated met- H ric.",,
tab:tradeoff.cap02,sentence,,,tab:tradeoff,caption,tab:tradeoff,The three deep reconstruction models and the one-class SVM are listed so the “no valid operating point” claim can be be checked per threshold: all twelve of their entries are dag- ch gered. on en,,
tab:ablation_general.cap01,sentence,,,tab:ablation_general,caption,tab:ablation_general,"Feature-group ablation on IMS: valid-alarm fraction (mean over the three runs) by feature group, for the six or EW non-sequence detectors. m 0.",,
tab:ablation_general.cap01.n01,number,0,0,tab:ablation_general,caption,tab:ablation_general,"Feature-group ablation on IMS: valid-alarm fraction (mean over the three runs) by feature group, for the six or EW non-sequence detectors. m 0.",,
fig:mintrain.cap01,sentence,,,fig:mintrain,caption,fig:mintrain,at Figure 6.,,
fig:mintrain.cap02,sentence,,,fig:mintrain,caption,fig:mintrain,"Valid-alarm fraction vs. training fraction T on ca FEMTO (n = 6): SPC charts in blue, deep reconstruction models in red, Deep SVDD separately; dashed: the SPC baseline (≈0.62).",,
fig:mintrain.cap02.n01,number,6,6,fig:mintrain,caption,fig:mintrain,"Valid-alarm fraction vs. training fraction T on ca FEMTO (n = 6): SPC charts in blue, deep reconstruction models in red, Deep SVDD separately; dashed: the SPC baseline (≈0.62).",,
fig:mintrain.cap02.n02,number,0.62,0.62,fig:mintrain,caption,fig:mintrain,"Valid-alarm fraction vs. training fraction T on ca FEMTO (n = 6): SPC charts in blue, deep reconstruction models in red, Deep SVDD separately; dashed: the SPC baseline (≈0.62).",,
fig:mintrain.cap03,sentence,,,fig:mintrain,caption,fig:mintrain,"The three N/A cells at T = 0.20 (Bearing3_1, th fa 20 training windows) count as no valid alarm. on",C103,
fig:mintrain.cap03.n01,number,0.20,0.20,fig:mintrain,caption,fig:mintrain,"The three N/A cells at T = 0.20 (Bearing3_1, th fa 20 training windows) count as no valid alarm. on",,
fig:mintrain.cap03.n02,number,20,20,fig:mintrain,caption,fig:mintrain,"The three N/A cells at T = 0.20 (Bearing3_1, th fa 20 training windows) count as no valid alarm. on",,
tab:hyperparams.cap01,sentence,,,tab:hyperparams,caption,tab:hyperparams,"(a) Fixed hyperparameter protocol, from la config.py; onset tolerances are in samples of the health- indicator series, and the pre-onset FAR is measured over the Th full window t < to (Eq. 5).",C025;C031,
tab:hyperparams.cap02,sentence,,,tab:hyperparams,caption,tab:hyperparams,"(b) Compute cost on the largest ea IMS run (631 train / 506 test windows, 49 features, one core of an Intel Core i5-13420H, median of five repeats): training se time and inference in µs per window. un by",,
tab:hyperparams.cap02.n01,number,631,631,tab:hyperparams,caption,tab:hyperparams,"(b) Compute cost on the largest ea IMS run (631 train / 506 test windows, 49 features, one core of an Intel Core i5-13420H, median of five repeats): training se time and inference in µs per window. un by",,
tab:hyperparams.cap02.n02,number,506,506,tab:hyperparams,caption,tab:hyperparams,"(b) Compute cost on the largest ea IMS run (631 train / 506 test windows, 49 features, one core of an Intel Core i5-13420H, median of five repeats): training se time and inference in µs per window. un by",,
tab:hyperparams.cap02.n03,number,49,49,tab:hyperparams,caption,tab:hyperparams,"(b) Compute cost on the largest ea IMS run (631 train / 506 test windows, 49 features, one core of an Intel Core i5-13420H, median of five repeats): training se time and inference in µs per window. un by",,
tab:hyperparams.cap02.n04,number,13420,13420,tab:hyperparams,caption,tab:hyperparams,"(b) Compute cost on the largest ea IMS run (631 train / 506 test windows, 49 features, one core of an Intel Core i5-13420H, median of five repeats): training se time and inference in µs per window. un by",,
tab:deeparch.cap01,sentence,,,tab:deeparch,caption,tab:deeparch,"Deep-model architectures and training protocol, from the released config.py and model definitions; no per-dataset tuning, and every model runs its full epoch budget.",C031;C126,
tab:deeparch.cap02,sentence,,,tab:deeparch,caption,tab:deeparch,Parameters are counted at the 49-dimensional input (Appendix B).,C020,
tab:deeparch.cap02.n01,number,49,49,tab:deeparch,caption,tab:deeparch,Parameters are counted at the 49-dimensional input (Appendix B).,,
tab:deeparch.cap03,sentence,,,tab:deeparch,caption,tab:deeparch,"All four use the Adam optimiser at learning rate 10-3, batch size 32 and seed 42, with no early stopping.",C126,
tab:deeparch.cap03.n01,number,10,10,tab:deeparch,caption,tab:deeparch,"All four use the Adam optimiser at learning rate 10-3, batch size 32 and seed 42, with no early stopping.",,
tab:deeparch.cap03.n02,number,3,3,tab:deeparch,caption,tab:deeparch,"All four use the Adam optimiser at learning rate 10-3, batch size 32 and seed 42, with no early stopping.",,
tab:deeparch.cap03.n03,number,32,32,tab:deeparch,caption,tab:deeparch,"All four use the Adam optimiser at learning rate 10-3, batch size 32 and seed 42, with no early stopping.",,
tab:deeparch.cap03.n04,number,42,42,tab:deeparch,caption,tab:deeparch,"All four use the Adam optimiser at learning rate 10-3, batch size 32 and seed 42, with no early stopping.",,
tab:deeparch.cap04,sentence,,,tab:deeparch,caption,tab:deeparch,Deep SVDD scores single windows.,,
tab:basestats.cap01,sentence,,,tab:basestats,caption,tab:basestats,The six per-snapshot base statistics from which the co 49-dim invariant space is built.,C020,
tab:basestats.cap01.n01,number,49,49,tab:basestats,caption,tab:basestats,The six per-snapshot base statistics from which the co 49-dim invariant space is built.,,
tab:basestats.cap02,sentence,,,tab:basestats,caption,tab:basestats,"Each is computed per physical channel on the snapshot waveform x (mean µ, std σ), then er channel-aggregated (mean, max) and window-summarised m (mean, std, max, slope). he ef",,
tab:d17label.cap01,sentence,,,tab:d17label,caption,tab:d17label,"IMS aggregate-decimate lead-time difference under the original (2004-04-08) and corrected (2004-04-18) third- test failure labels, all ten detectors.",C128,
tab:d17label.cap01.n01,number,2004-04-08,2004-04-08,tab:d17label,caption,tab:d17label,"IMS aggregate-decimate lead-time difference under the original (2004-04-08) and corrected (2004-04-18) third- test failure labels, all ten detectors.",,
tab:d17label.cap01.n02,number,2004-04-18,2004-04-18,tab:d17label,caption,tab:d17label,"IMS aggregate-decimate lead-time difference under the original (2004-04-08) and corrected (2004-04-18) third- test failure labels, all ten detectors.",,
tab:d17label.cap02,sentence,,,tab:d17label,caption,tab:d17label,"Run differences are (1st_test, 2nd_test, 3rd_test) in hours, collapsing the five within-run sampling factors to one mean difference per run (Section 4.9). n+/n-/0 counts positive, negative and exactly-zero runs; zero-difference runs are excluded from the sign test, so neff is the effective sample size under the original label.",C036;C038;C084;C130,
tab:d17label.cap02.n01,number,1,1,tab:d17label,caption,tab:d17label,"Run differences are (1st_test, 2nd_test, 3rd_test) in hours, collapsing the five within-run sampling factors to one mean difference per run (Section 4.9). n+/n-/0 counts positive, negative and exactly-zero runs; zero-difference runs are excluded from the sign test, so neff is the effective sample size under the original label.",,
tab:d17label.cap02.n02,number,2,2,tab:d17label,caption,tab:d17label,"Run differences are (1st_test, 2nd_test, 3rd_test) in hours, collapsing the five within-run sampling factors to one mean difference per run (Section 4.9). n+/n-/0 counts positive, negative and exactly-zero runs; zero-difference runs are excluded from the sign test, so neff is the effective sample size under the original label.",,
tab:d17label.cap02.n03,number,3,3,tab:d17label,caption,tab:d17label,"Run differences are (1st_test, 2nd_test, 3rd_test) in hours, collapsing the five within-run sampling factors to one mean difference per run (Section 4.9). n+/n-/0 counts positive, negative and exactly-zero runs; zero-difference runs are excluded from the sign test, so neff is the effective sample size under the original label.",,
tab:d17label.cap02.n04,number,0,0,tab:d17label,caption,tab:d17label,"Run differences are (1st_test, 2nd_test, 3rd_test) in hours, collapsing the five within-run sampling factors to one mean difference per run (Section 4.9). n+/n-/0 counts positive, negative and exactly-zero runs; zero-difference runs are excluded from the sign test, so neff is the effective sample size under the original label.",,
tab:d17label.cap03,sentence,,,tab:d17label,caption,tab:d17label,“Floor” is the smallest two-sided exact sign-test p attainable at that neff.,C037;C130,
tab:d17label.cap04,sentence,,,tab:d17label,caption,tab:d17label,"Both arms use the 49-dimensional invariant feature schema, so the contrast isolates the label.",C020,
tab:d17label.cap04.n01,number,49,49,tab:d17label,caption,tab:d17label,"Both arms use the 49-dimensional invariant feature schema, so the contrast isolates the label.",,
tab:mechanism.cap01,sentence,,,tab:mechanism,caption,tab:mechanism,"IMS mechanism tests at sampling factor 5, fo the four magnitude SPC charts.",,
tab:mechanism.cap01.n01,number,5,5,tab:mechanism,caption,tab:mechanism,"IMS mechanism tests at sampling factor 5, fo the four magnitude SPC charts.",,
tab:mechanism.cap02,sentence,,,tab:mechanism,caption,tab:mechanism,"(a) Noise injection: aggregate-decimate lead-time difference (h) collapsed to one at mean per run (tests 1, 2, 3; n = 3), its mean, and the runs ba with a positive sign.",,
tab:mechanism.cap02.n01,number,1,1,tab:mechanism,caption,tab:mechanism,"(a) Noise injection: aggregate-decimate lead-time difference (h) collapsed to one at mean per run (tests 1, 2, 3; n = 3), its mean, and the runs ba with a positive sign.",,
tab:mechanism.cap02.n02,number,2,2,tab:mechanism,caption,tab:mechanism,"(a) Noise injection: aggregate-decimate lead-time difference (h) collapsed to one at mean per run (tests 1, 2, 3; n = 3), its mean, and the runs ba with a positive sign.",,
tab:mechanism.cap02.n03,number,3,3,tab:mechanism,caption,tab:mechanism,"(a) Noise injection: aggregate-decimate lead-time difference (h) collapsed to one at mean per run (tests 1, 2, 3; n = 3), its mean, and the runs ba with a positive sign.",,
tab:mechanism.cap02.n04,number,3,3,tab:mechanism,caption,tab:mechanism,"(a) Noise injection: aggregate-decimate lead-time difference (h) collapsed to one at mean per run (tests 1, 2, 3; n = 3), its mean, and the runs ba with a positive sign.",,
tab:mechanism.cap03,sentence,,,tab:mechanism,caption,tab:mechanism,"(b) Denoisers applied to the decimated fo stream: mean lead (h) over the twelve chart-runs (four charts T × three runs) and the valid alarms among them, against raw al aggregation and raw decimation. th",,
C001@S00.001,claim,C001,"Detectors are judged by classification accuracy, which ignores how early a warning arrives and at what false-alarm cost","Front matter: title, abstract, keywords",body,"Front matter: title, abstract, keywords","A Latch-On-Resistant, False-Alarm-Gated Lead-Time Metric for Bearing Anomaly Detection — and What It Reveals About SCADA-Rate Logging Ansh Goyal1 1 Jaypee Institute of Information Technology, Noida, India anshgoyal500@gmail.com ABSTRACT Bearing anomaly detectors are usually scored by classification accuracy, which ignores how early a warning arrives and at what false-alarm cost.",C001,
C001@S01.004,claim,C001,"Detectors are judged by classification accuracy, which ignores how early a warning arrives and at what false-alarm cost",Introduction,body,Introduction,"Yet most published detectors are evaluated with classification metrics—accuracy, precision/recall and receiver operating characteristic area under the curve (ROC-AUC)—which answer “was the failure detected?” but not the planner’s question: “how many hours of warning did we get, and how often did the system cry wolf?",C001,
C002@S00.002,claim,C002,Lead time is the operationally decisive quantity and is made the primary evaluation object,"Front matter: title, abstract, keywords",body,"Front matter: title, abstract, keywords","We make lead time the primary evaluation object with a latch-on-resistant, false-alarm-gated metric: warning time counts only when the pre-onset false-alarm rate is within a budget τ , so a constant-on detector is provably invalid.",C002,
C002@S01.013,claim,C002,Lead time is the operationally decisive quantity and is made the primary evaluation object,Introduction,body,Introduction,"Lead time gated by a leakage-free pre-onset false-alarm rate is the primary metric, so the latchon detector is provably scored invalid rather than winning.",C002,
C002@S38.001,claim,C002,Lead time is the operationally decisive quantity and is made the primary evaluation object,Conclusion,body,Conclusion,"We presented a lead-time-centric evaluation protocol for bearing anomaly detection, whose onset-gated, false-alarmbudgeted metric defeats the latch-on exploit, and used it to test whether SCADA-rate logging destroys detection lead time.",C002,
C003@S00.001,claim,C003,Warning time is credited only when the pre-onset false-alarm rate is within a stated budget tau,"Front matter: title, abstract, keywords",body,"Front matter: title, abstract, keywords","A Latch-On-Resistant, False-Alarm-Gated Lead-Time Metric for Bearing Anomaly Detection — and What It Reveals About SCADA-Rate Logging Ansh Goyal1 1 Jaypee Institute of Information Technology, Noida, India anshgoyal500@gmail.com ABSTRACT Bearing anomaly detectors are usually scored by classification accuracy, which ignores how early a warning arrives and at what false-alarm cost.",C003,
C003@S00.002,claim,C003,Warning time is credited only when the pre-onset false-alarm rate is within a stated budget tau,"Front matter: title, abstract, keywords",body,"Front matter: title, abstract, keywords","We make lead time the primary evaluation object with a latch-on-resistant, false-alarm-gated metric: warning time counts only when the pre-onset false-alarm rate is within a budget τ , so a constant-on detector is provably invalid.",C003,
C003@S01.018,claim,C003,Warning time is credited only when the pre-onset false-alarm rate is within a stated budget tau,Introduction,body,Introduction,"A latch-on-resistant, false-alarm-gated, onset-relative lead-time metric, crediting warning time only when the false-alarm rate over a data-anchored, leakage-free pre-onset region is within a stated budget.",C003,
C003@S03.007,claim,C003,Warning time is credited only when the pre-onset false-alarm rate is within a stated budget tau,"Prognostics, CBM, and Lead-Time Metrics",body,"Prognostics, CBM, and Lead-Time Metrics","We depart from prior practice by making the false-alarm budget part of the metric’s validity condition rather than a separately reported number, which closes the latch-on loophole, and we give what is to our knowledge the first formal comparison showing that an ungated prognostic horizon ranks detectors differently, and misleadingly, from a false-alarmbudgeted metric (Section 6.11).",C003,
C003@S03.011,claim,C003,Warning time is credited only when the pre-onset false-alarm rate is within a stated budget tau,"Prognostics, CBM, and Lead-Time Metrics",body,"Prognostics, CBM, and Lead-Time Metrics","That benchmark folds both into one weighted score, so a detector may trade false alarms against earliness and still rank well; our budget is a validity condition, and an alarm outside it earns no credit that a longer lead can offset.",C003,
C003@S28.004,claim,C003,Warning time is credited only when the pre-onset false-alarm rate is within a stated budget tau,Lead-Time--vs--False-Alarm Trade-off,body,Lead-Time--vs--False-Alarm Trade-off,"Deep SVDD occupies the opposite corner, within budget (≤ 0.6% FAR) only by firing late (≤ 14.8 h of lead). 3σ reaches a valid point, 56.3 h of lead at 8.9% FAR at the 99.5th percentile, and is the recommended chart under a 10% budget, a ranking that the raw-lead column of Table 2, led by the deep models, would by itself obscure.",C003,
C003@S28.008,claim,C003,Warning time is credited only when the pre-onset false-alarm rate is within a stated budget tau,Lead-Time--vs--False-Alarm Trade-off,body,Lead-Time--vs--False-Alarm Trade-off,"At τ = 0.20 the 3σ chart gives the longest valid lead (77.0 h), joined by CUSUM, Hotelling T 2 and Isolation Forest as their pre-onset FAR falls within the looser budget; at τ = 0.10 it remains the best valid chart (56.3 h); at a strict τ = 0.05 no control chart qualifies, and only Deep SVDD (14.8 h) and the RMS-trend floor (34.7 h) stay within budget, so an operator with very low nuisance-alarm tolerance should prefer the low-FAR Deep SVDD point.",C003,
C003@S36.003,claim,C003,Warning time is credited only when the pre-onset false-alarm rate is within a stated budget tau,Practical Implications,body,Practical Implications,"Where 3σ maximizes warning time within a 10% budget, operators whose cost structure penalizes false alarms heavily (for instance, process plants where each alarm triggers a mandatory manual inspection) have a complementary point in Deep SVDD, which stays within budget at ≤ 0.6% pre-onset FAR across the swept thresholds on IMS (Table 9) with 14.8 h of warning and near-zero false alarms.",C003,
C004@S00.001,claim,C004,A degenerate constant-on (latch-on) detector is provably scored invalid,"Front matter: title, abstract, keywords",body,"Front matter: title, abstract, keywords","A Latch-On-Resistant, False-Alarm-Gated Lead-Time Metric for Bearing Anomaly Detection — and What It Reveals About SCADA-Rate Logging Ansh Goyal1 1 Jaypee Institute of Information Technology, Noida, India anshgoyal500@gmail.com ABSTRACT Bearing anomaly detectors are usually scored by classification accuracy, which ignores how early a warning arrives and at what false-alarm cost.",C004,
C004@S00.002,claim,C004,A degenerate constant-on (latch-on) detector is provably scored invalid,"Front matter: title, abstract, keywords",body,"Front matter: title, abstract, keywords","We make lead time the primary evaluation object with a latch-on-resistant, false-alarm-gated metric: warning time counts only when the pre-onset false-alarm rate is within a budget τ , so a constant-on detector is provably invalid.",C004,
C004@S01.006,claim,C004,A degenerate constant-on (latch-on) detector is provably scored invalid,Introduction,body,Introduction,"Time-aware prognostic metrics have long been advocated (Saxena et al., 2008; Saxena, Celaya, Saha, Saha, & Goebel, 2010; Goebel, Saha, & Saxena, 2011), yet lead time is rarely the headline quantity in detector benchmarks, and ad hoc definitions are easy to game: without a false-alarm constraint, a detector that alarms from the first sample—a “latchon” exploit—earns the full run length as lead time while being operationally useless.",C004,
C004@S01.018,claim,C004,A degenerate constant-on (latch-on) detector is provably scored invalid,Introduction,body,Introduction,"A latch-on-resistant, false-alarm-gated, onset-relative lead-time metric, crediting warning time only when the false-alarm rate over a data-anchored, leakage-free pre-onset region is within a stated budget.",C004,
C004@S01.019,claim,C004,A degenerate constant-on (latch-on) detector is provably scored invalid,Introduction,body,Introduction,"A constant-on detector is provably invalid and one firing just after the true onset is valid at zero false-alarm rate, by construction and by a released unit test.",C004,
C004@S03.007,claim,C004,A degenerate constant-on (latch-on) detector is provably scored invalid,"Prognostics, CBM, and Lead-Time Metrics",body,"Prognostics, CBM, and Lead-Time Metrics","We depart from prior practice by making the false-alarm budget part of the metric’s validity condition rather than a separately reported number, which closes the latch-on loophole, and we give what is to our knowledge the first formal comparison showing that an ungated prognostic horizon ranks detectors differently, and misleadingly, from a false-alarmbudgeted metric (Section 6.11).",C004,
C004@S13.006,claim,C004,A degenerate constant-on (latch-on) detector is provably scored invalid,Onset-Relative Lead-Time Metric,body,Onset-Relative Lead-Time Metric,Why the metric defeats the latch-on exploit.,C004,
C004@S13.007,claim,C004,A degenerate constant-on (latch-on) detector is provably scored invalid,Onset-Relative Lead-Time Metric,body,Onset-Relative Lead-Time Metric,"A detector that fires from the first sample earns the full run length as L but floods the pre-onset region, giving FARpre ≈ 1 > τ , so the conjunction in Eq.",C004,
C004@S13.009,claim,C004,A degenerate constant-on (latch-on) detector is provably scored invalid,Onset-Relative Lead-Time Metric,body,Onset-Relative Lead-Time Metric,"A unit test in the released code asserts exactly these two cases: a constant-on detector is invalid, and an oracle firing at t+ is valid at zero pre-onset FAR.",C004,
C004@S13.011,claim,C004,A degenerate constant-on (latch-on) detector is provably scored invalid,Onset-Relative Lead-Time Metric,body,Onset-Relative Lead-Time Metric,This defeats the specific latch-on exploit; it is not a claim of unconditional ungameability (Section 8).,C004,
C004@S30.004,claim,C004,A degenerate constant-on (latch-on) detector is provably scored invalid,Comparison with the Saxena Prognostic Horizon,body,Comparison with the Saxena Prognostic Horizon,PH is maximized by the latch-on detector.,C004,
C004@S30.005,claim,C004,A degenerate constant-on (latch-on) detector is provably scored invalid,Comparison with the Saxena Prognostic Horizon,body,Comparison with the Saxena Prognostic Horizon,"On the three IMS runs the constant-on detector earns the full run length as PH (164-1073 h) while flooding the pre-onset region (FARpre ≈ 1), so the gated metric scores it L = 0 on every run; the onset oracle is the mirror image, with zero pre-onset false alarms and the maximum achievable lead (12.9, 62.5 and 44.5 h).",C004,
C004@S30.009,claim,C004,A degenerate constant-on (latch-on) detector is provably scored invalid,Comparison with the Saxena Prognostic Horizon,body,Comparison with the Saxena Prognostic Horizon,"Any warning-time metric that does not gate on FARpre can be driven to its maximum by loosening the alarm threshold, in the limit to the constant-on detector; ours closes this by construction and PH does not.",C004,
C004@S33.001,claim,C004,A degenerate constant-on (latch-on) detector is provably scored invalid,What Changed the Story,body,What Changed the Story,"Four corrections, each described where it is applied, change the conclusion of an earlier version of this study: the corrected failure label of the third IMS test (Appendix C), the onset-gated metric that defeats the latch-on exploit (Eq. 5), the p < n channel-invariant feature space (Appendix B), and a significance test on the run rather than the within-run sampling factor (Section 4.9).",C004,
C004@S37.009,claim,C004,A degenerate constant-on (latch-on) detector is provably scored invalid,Limitations and Threats to Validity,body,Limitations and Threats to Validity,"We claim the metric defeats the specific latch-on (constant-on) exploit, not that it is unconditionally ungameable, and name two surfaces we do not close.",C004,
C004@S38.001,claim,C004,A degenerate constant-on (latch-on) detector is provably scored invalid,Conclusion,body,Conclusion,"We presented a lead-time-centric evaluation protocol for bearing anomaly detection, whose onset-gated, false-alarmbudgeted metric defeats the latch-on exploit, and used it to test whether SCADA-rate logging destroys detection lead time.",C004,
C004@S40.001,claim,C004,A degenerate constant-on (latch-on) detector is provably scored invalid,Data and Code Availability,body,Data and Code Availability,"All code (detectors, leakage-free onset, gated metric, sampling sweep, conformal wrapper, run-level statistical harness and the noise/denoiser mechanism test) is released with a pinned environment (requirements.lock.txt, Python 3.13) and a test suite asserting the metric’s resistance to the latch-on exploit, the leakage-free onset and the run-level sign-test/Holm machinery.",C004,
C005@S01.019,claim,C005,A unit test in the released code asserts the constant-on case is invalid and the onset oracle is valid,Introduction,body,Introduction,"A constant-on detector is provably invalid and one firing just after the true onset is valid at zero false-alarm rate, by construction and by a released unit test.",C005,
C005@S13.009,claim,C005,A unit test in the released code asserts the constant-on case is invalid and the onset oracle is valid,Onset-Relative Lead-Time Metric,body,Onset-Relative Lead-Time Metric,"A unit test in the released code asserts exactly these two cases: a constant-on detector is invalid, and an oracle firing at t+ is valid at zero pre-onset FAR.",C005,
C005@S19.003,claim,C005,A unit test in the released code asserts the constant-on case is invalid and the onset oracle is valid,Experimental Setup,body,Experimental Setup,"The environment is pinned to the package versions that produced these numbers, and a 181-test suite asserts the metric’s ungameability properties, the leakage-free onset and the conformal factory.",C005,
C005@S40.001,claim,C005,A unit test in the released code asserts the constant-on case is invalid and the onset oracle is valid,Data and Code Availability,body,Data and Code Availability,"All code (detectors, leakage-free onset, gated metric, sampling sweep, conformal wrapper, run-level statistical harness and the noise/denoiser mechanism test) is released with a pinned environment (requirements.lock.txt, Python 3.13) and a test suite asserting the metric’s resistance to the latch-on exploit, the leakage-free onset and the run-level sign-test/Holm machinery.",C005,
C005@S40.009,claim,C005,A unit test in the released code asserts the constant-on case is invalid and the onset oracle is valid,Data and Code Availability,body,Data and Code Availability,"Released, so that the n = 1 case study can be repeated rather than merely inspected, are the derived files behind every ONGC number in this paper (all paths relative to results/tables/): the degradation health-indicator series in ongc_health_ indicator.csv, a single baseline-standardized scalar per 10 s timestamp aggregated over all four channels, with the run-level split, onset and failure markers in ongc_ onset_markers.csv—the published onset of 2023-1113 03:44 is recomputable from these two files alone, with no proprietary input, and the repository’s test suite asserts exactly that; per-detector lead time and pre-onset false-alarm rate, together with the full post-N-20 sampling sweep (both modes × five factors × eleven detectors, 110 rows), in n20_rerun_long_ONGC.csv, with its aggregated and interval forms in benchmark_ONGC_aggregate_ n20.csv and benchmark_ONGC_leadtime_ci_ n20.csv; the per-detector ONGC median differences of Table 6 in n20_ongc_minutes.csv; the paired-test outputs in benchmark_ONGC_paired_test_n20. csv; the conformal calibration series behind Figure 4d in calibration_ONGC.csv and calibration_ ONGC_pooled.csv; and the onset reruns under the two decoupled health indicators in rg3_rerun_long_ONGC_ rms_kurt.csv and rg3_rerun_long_ONGC_pca1. csv, both of which are the pre-N-20 arm, retained as provenance for the indicator comparison; no number reported here depends on them, and the aggregate-vs-decimate contrast is taken from the post-N-20 files named above.",C005,
C006@S01.020,claim,C006,The metric is not claimed unconditionally ungameable; residual gaming surfaces are named,Introduction,body,Introduction,We do not claim the metric is unconditionally ungameable (Section 8). 2.,C006,
C006@S13.011,claim,C006,The metric is not claimed unconditionally ungameable; residual gaming surfaces are named,Onset-Relative Lead-Time Metric,body,Onset-Relative Lead-Time Metric,This defeats the specific latch-on exploit; it is not a claim of unconditional ungameability (Section 8).,C006,
C006@S19.003,claim,C006,The metric is not claimed unconditionally ungameable; residual gaming surfaces are named,Experimental Setup,body,Experimental Setup,"The environment is pinned to the package versions that produced these numbers, and a 181-test suite asserts the metric’s ungameability properties, the leakage-free onset and the conformal factory.",C006,
C006@S37.008,claim,C006,The metric is not claimed unconditionally ungameable; residual gaming surfaces are named,Limitations and Threats to Validity,body,Limitations and Threats to Validity,Residual gaming surfaces of the metric.,C006,
C006@S37.009,claim,C006,The metric is not claimed unconditionally ungameable; residual gaming surfaces are named,Limitations and Threats to Validity,body,Limitations and Threats to Validity,"We claim the metric defeats the specific latch-on (constant-on) exploit, not that it is unconditionally ungameable, and name two surfaces we do not close.",C006,
C007@S00.003,claim,C007,Research question: does bin-averaged SCADA historian logging destroy lead time relative to decimation,"Front matter: title, abstract, keywords",body,"Front matter: title, abstract, keywords",With it we test whether a SCADA historian’s bin-averaged logging destroys lead time relative to decimation.,C007,
C007@S01.009,claim,C007,Research question: does bin-averaged SCADA historian logging destroy lead time relative to decimation,Introduction,body,Introduction,"The folklore concern is that bin-averaging these summaries washes out the excursions that signal an incipient spall, so that long-term storage would blind any prognostic algorithm that consumes the historian.",C007,
C007@S01.015,claim,C007,Research question: does bin-averaged SCADA historian logging destroy lead time relative to decimation,Introduction,body,Introduction,The folklore is refuted on every dataset tested: historian-style aggregation does not destroy lead time.,C007,
C007@S01.024,claim,C007,Research question: does bin-averaged SCADA historian logging destroy lead time relative to decimation,Introduction,body,Introduction,"A multi-dataset null result: with bootstrap confidence intervals and run-level tests, SCADA-rate aggregation does not destroy lead time on any of the four inferential datasets, and nothing survives Holm correction across the N = 44 family. 5.",C007,
C007@S23.001,claim,C007,Research question: does bin-averaged SCADA historian logging destroy lead time relative to decimation,Generalization to XJTU-SY ($n=10$ bearings),body,Generalization to XJTU-SY ($n=10$ bearings),"On the ten XJTU-SY bearings the IMS “aggregation helps” trend does not replicate (Table 5): the run-level median difference is 0 h for ten of the eleven detectors (-0.10 h for Isolation Forest), no sign test is significant (p ≥ 0.18) and no direction is consistent across bearings, while per-run differences stay within a few minutes, so aggregation does not destroy lead time either.",C007,
C007@S33.002,claim,C007,Research question: does bin-averaged SCADA historian logging destroy lead time relative to decimation,What Changed the Story,body,What Changed the Story,"Together they turn the earlier claim that SCADA averaging destroys lead time into a refutation on every dataset tested, and the previously reported significant positive effect into a non-significant trend.",C007,
C007@S38.001,claim,C007,Research question: does bin-averaged SCADA historian logging destroy lead time relative to decimation,Conclusion,body,Conclusion,"We presented a lead-time-centric evaluation protocol for bearing anomaly detection, whose onset-gated, false-alarmbudgeted metric defeats the latch-on exploit, and used it to test whether SCADA-rate logging destroys detection lead time.",C007,
C007@S38.002,claim,C007,Research question: does bin-averaged SCADA historian logging destroy lead time relative to decimation,Conclusion,body,Conclusion,"Across four inferential run-to-failure datasets (XJTU-SY n = 10, FEMTO/PRONOSTIA n = 6, University of Ferrara n = 6 and NASA IMS n = 3) and a real single-asset turbine SCADA case study (Appendix D.2), coarse aggregation does not destroy lead time; on IMS it shows a positive median shift for most control charts that is not consistent across the three runs, not significant at n = 3 and not surviving multiple-comparison correction across the N = 44 family.",C007,
C008@S01.011,claim,C008,"If averaging is harmless operators can store compact bin-averaged streams; if harmful, high-rate acquisition is needed",Introduction,body,Introduction,"If averaging is harmless, operators can store compact, cheap, bin-averaged streams without sacrificing warning time; if it is harmful, prognostics-grade monitoring requires separate high-rate acquisition.",C008,
C008@S36.001,claim,C008,"If averaging is harmless operators can store compact bin-averaged streams; if harmful, high-rate acquisition is needed",Practical Implications,body,Practical Implications,"For practitioners, storing bin-averaged vibration at SCADA rates, the default behavior of most historians, does not inherently sacrifice bearing-fault warning time relative to keeping decimated raw samples, and may improve it for control-chart detectors on noisy long-runway data.",C008,
C009@S01.015,claim,C009,The working hypothesis (averaging shortens lead time) was refuted and the refutation is reported,Introduction,body,Introduction,The folklore is refuted on every dataset tested: historian-style aggregation does not destroy lead time.,C009,
C009@S01.029,claim,C009,The working hypothesis (averaging shortens lead time) was refuted and the refutation is reported,Introduction,body,Introduction,Our working hypothesis was that bin-averaging the stored summary series would wash out incipient-fault excursions and shorten lead time.,C009,
C009@S01.030,claim,C009,The working hypothesis (averaging shortens lead time) was refuted and the refutation is reported,Introduction,body,Introduction,"It does not, and we report the refutation, with its dataset-dependent direction explicit, as more valuable than a tidy but unsupported positive claim.",C009,
C009@S33.002,claim,C009,The working hypothesis (averaging shortens lead time) was refuted and the refutation is reported,What Changed the Story,body,What Changed the Story,"Together they turn the earlier claim that SCADA averaging destroys lead time into a refutation on every dataset tested, and the previously reported significant positive effect into a non-significant trend.",C009,
C010@S01.027,claim,C010,"Scope: rolling-element bearings under approximately steady conditions; no claim of transfer to gearboxes, blades, other failure modes",Introduction,body,Introduction,"The results are for rolling-element bearings under approximately steady operating conditions; we make no claim of transfer to gearboxes, blades or variablespeed machinery, and the sampling question is specifically bin-averaged versus decimated historian storage.",C010,
C010@S01.028,claim,C010,"Scope: rolling-element bearings under approximately steady conditions; no claim of transfer to gearboxes, blades, other failure modes",Introduction,body,Introduction,The metric itself is failure-mode-agnostic: it applies wherever a run-tofailure trajectory and a stationary normal region exist.,C010,
C010@S37.003,claim,C010,"Scope: rolling-element bearings under approximately steady conditions; no claim of transfer to gearboxes, blades, other failure modes",Limitations and Threats to Validity,body,Limitations and Threats to Validity,"The datasets, while deliberately diverse, are all rolling-element bearings; we do not claim the result transfers to gearboxes, blades or other failure modes without further testing.",C010,
C010@S37.027,claim,C010,"Scope: rolling-element bearings under approximately steady conditions; no claim of transfer to gearboxes, blades, other failure modes",Limitations and Threats to Validity,body,Limitations and Threats to Validity,"Two extensions would sharpen these conclusions most directly: run-to-failure campaigns on long-life bearings typical of industrial service, whose multi-week runway could express an aggregation effect that short laboratory bearings cannot; and comparable work on other bearing types and geometries, since the four inferential datasets are all rolling-element bearings under approximately steady speed and load and the single real-asset record is one gas-turbine compressor bearing.",C010,
C011@S00.004,claim,C011,"Eleven detectors are evaluated (four SPC charts, Isolation Forest, three deep AEs, RMS trend, two one-class models)","Front matter: title, abstract, keywords",body,"Front matter: title, abstract, keywords","Eleven detectors—four statistical process control (SPC) charts, Isolation Forest, three deep reconstruction autoencoders, a root-mean-square (RMS) trend baseline and two one-class models—run under a controlled sampling sweep on four inferential datasets: XJTU-SY (n = 10), FEMTO/PRONOSTIA (n = 6), University of Ferrara (n = 6) and NASA IMS (n = 3).",C011,
C011@S23.001,claim,C011,"Eleven detectors are evaluated (four SPC charts, Isolation Forest, three deep AEs, RMS trend, two one-class models)",Generalization to XJTU-SY ($n=10$ bearings),body,Generalization to XJTU-SY ($n=10$ bearings),"On the ten XJTU-SY bearings the IMS “aggregation helps” trend does not replicate (Table 5): the run-level median difference is 0 h for ten of the eleven detectors (-0.10 h for Isolation Forest), no sign test is significant (p ≥ 0.18) and no direction is consistent across bearings, while per-run differences stay within a few minutes, so aggregation does not destroy lead time either.",C011,
C011@S24.005,claim,C011,"Eleven detectors are evaluated (four SPC charts, Isolation Forest, three deep AEs, RMS trend, two one-class models)",Generalization to FEMTO/PRONOSTIA ($n=6$ bearings),body,Generalization to FEMTO/PRONOSTIA ($n=6$ bearings),"Across all eleven detectors 211/660 FEMTO evaluations yield a valid alarm; as on XJTU-SY, the short lifetimes (∼1.4-7.8 h) keep absolute lead times small.",C011,
C011@S34.008,claim,C011,"Eleven detectors are evaluated (four SPC charts, Isolation Forest, three deep AEs, RMS trend, two one-class models)",Why the IMS Trend Appears but Is Neutral Elsewhere,body,Why the IMS Trend Appears but Is Neutral Elsewhere,"Nine of its eleven detectors raise a raw alarm 30-35 h ahead of the labeled failure (RMS-trend 22.8 h, and Deep SVDD not before failure at all), but under the gated metric at τ = 10% only Hotelling T 2 and RMS-trend are valid, because the others flag too many windows of a pre-onset region that ends only ∼6 h before the shutdown; whether they are false alarms or genuine early detections that the late-biased onset cannot credit is undecidable at n = 1 (Appendix D.2).",C011,
C011@S40.009,claim,C011,"Eleven detectors are evaluated (four SPC charts, Isolation Forest, three deep AEs, RMS trend, two one-class models)",Data and Code Availability,body,Data and Code Availability,"Released, so that the n = 1 case study can be repeated rather than merely inspected, are the derived files behind every ONGC number in this paper (all paths relative to results/tables/): the degradation health-indicator series in ongc_health_ indicator.csv, a single baseline-standardized scalar per 10 s timestamp aggregated over all four channels, with the run-level split, onset and failure markers in ongc_ onset_markers.csv—the published onset of 2023-1113 03:44 is recomputable from these two files alone, with no proprietary input, and the repository’s test suite asserts exactly that; per-detector lead time and pre-onset false-alarm rate, together with the full post-N-20 sampling sweep (both modes × five factors × eleven detectors, 110 rows), in n20_rerun_long_ONGC.csv, with its aggregated and interval forms in benchmark_ONGC_aggregate_ n20.csv and benchmark_ONGC_leadtime_ci_ n20.csv; the per-detector ONGC median differences of Table 6 in n20_ongc_minutes.csv; the paired-test outputs in benchmark_ONGC_paired_test_n20. csv; the conformal calibration series behind Figure 4d in calibration_ONGC.csv and calibration_ ONGC_pooled.csv; and the onset reruns under the two decoupled health indicators in rg3_rerun_long_ONGC_ rms_kurt.csv and rg3_rerun_long_ONGC_pca1. csv, both of which are the pre-N-20 arm, retained as provenance for the indicator comparison; no number reported here depends on them, and the aggregate-vs-decimate contrast is taken from the post-N-20 files named above.",C011,
C011@S47.004,claim,C011,"Eleven detectors are evaluated (four SPC charts, Isolation Forest, three deep AEs, RMS trend, two one-class models)",D.2 Single-Asset ONGC Case Study,body,D.2 Single-Asset ONGC Case Study,"On raw lead, nine of the eleven detectors alarm 30-35 h before the labeled failure (seven within 34.9-35.3 h, CUSUM at 33.9 h and Hotelling T 2 at 30.4 h), the naive RMS-trend baseline gives 22.8 h, and Deep SVDD does not alarm before failure.",C011,
C011@tab:imsdet.cap01,claim,C011,"Eleven detectors are evaluated (four SPC charts, Isolation Forest, three deep AEs, RMS trend, two one-class models)",tab:imsdet,caption,tab:imsdet,"IMS, all eleven detectors in prognostic-horizon order (PH rank 1-11).",C011,
C011@tab:gatedcontrast.cap01,claim,C011,"Eleven detectors are evaluated (four SPC charts, Isolation Forest, three deep AEs, RMS trend, two one-class models)",tab:gatedcontrast,caption,tab:gatedcontrast,"Aggregate-decimate contrast under the raw and the gated (τ = 10% pre-onset FAR) metric, post-N-20 reruns, all eleven detectors.",C011,
C012@S01.014,claim,C012,Nine headline detectors; Deep SVDD and one-class SVM additionally evaluated,Introduction,body,Introduction,"Under it we run a controlled sampling sweep that holds window content and alarm persistence constant, over nine headline detectors (four SPC charts, Isolation Forest, three deep reconstruction autoencoders and an RMS-trend baseline) plus two additionally evaluated one-class models, Deep SVDD (deep support vector data description) and a one-class support vector machine (SVM), on four inferential run-to-failure datasets—XJTU-SY (n = 10), FEMTO/PRONOSTIA (n = 6), University of Ferrara (n = 6) and NASA IMS (n = 3)— and a real single-asset ONGC gas-turbine SCADA record analyzed as a case study (Appendix D.2), with run-level significance tests (the run, not the within-run sampling factor, is the unit of inference) and Holm correction.",C012,
C012@S14.001,claim,C012,Nine headline detectors; Deep SVDD and one-class SVM additionally evaluated,Detectors,body,Detectors,"The headline set comprises nine detectors under one fixed hyperparameter protocol: an RMS-trend naive baseline, which alarms when the mean RMS exceeds kσ above its training baseline and is included to verify that the metric penalizes a weak detector; the 3σ rule, alarming when the ℓ2-norm health index exceeds three training standard deviations; an EWMA chart (Roberts, 1959) (λ = 0.2, k = 3.0), sensitive to small sustained shifts; a deterministic two-sided tabular CUSUM chart (Page, 1954) (k = 0.5, h = 5.0) on the monitored magnitude, the classic change-point chart most sensitive to a small sustained mean shift such as slow degradation onset; Hotelling T 2 (Hotelling, 1947) in a principal component analysis (PCA)-reduced subspace (rank ≪ n), so the covariance is well-conditioned; Isolation Forest (Liu et al., 2008), an unsupervised ensemble that isolates anomalies with few random splits; and three deep reconstruction baselines—an LSTM autoencoder (Malhotra et al., 2016), a temporal convolutional network autoencoder (dilated causal convolutions) and a lightweight reconstruction Transformer (Vaswani et al., 2017)—each trained on normal feature-window sequences only and scoring a window by its reconstruction error.",C012,
C012@S14.003,claim,C012,Nine headline detectors; Deep SVDD and one-class SVM additionally evaluated,Detectors,body,Detectors,"Deep SVDD is kept out of the headline set because it rarely alarms in time on short bearings (Section 6.12), but its numbers are reported in every result table because it is the low-false-alarm operating point under the gated metric (Section 6.9).",C012,
C013@S00.004,claim,C013,"Four inferential run-to-failure datasets: XJTU-SY n=10, FEMTO n=6, Ferrara n=6, IMS n=3","Front matter: title, abstract, keywords",body,"Front matter: title, abstract, keywords","Eleven detectors—four statistical process control (SPC) charts, Isolation Forest, three deep reconstruction autoencoders, a root-mean-square (RMS) trend baseline and two one-class models—run under a controlled sampling sweep on four inferential datasets: XJTU-SY (n = 10), FEMTO/PRONOSTIA (n = 6), University of Ferrara (n = 6) and NASA IMS (n = 3).",C013,
C013@S01.014,claim,C013,"Four inferential run-to-failure datasets: XJTU-SY n=10, FEMTO n=6, Ferrara n=6, IMS n=3",Introduction,body,Introduction,"Under it we run a controlled sampling sweep that holds window content and alarm persistence constant, over nine headline detectors (four SPC charts, Isolation Forest, three deep reconstruction autoencoders and an RMS-trend baseline) plus two additionally evaluated one-class models, Deep SVDD (deep support vector data description) and a one-class support vector machine (SVM), on four inferential run-to-failure datasets—XJTU-SY (n = 10), FEMTO/PRONOSTIA (n = 6), University of Ferrara (n = 6) and NASA IMS (n = 3)— and a real single-asset ONGC gas-turbine SCADA record analyzed as a case study (Appendix D.2), with run-level significance tests (the run, not the within-run sampling factor, is the unit of inference) and Holm correction.",C013,
C013@S01.024,claim,C013,"Four inferential run-to-failure datasets: XJTU-SY n=10, FEMTO n=6, Ferrara n=6, IMS n=3",Introduction,body,Introduction,"A multi-dataset null result: with bootstrap confidence intervals and run-level tests, SCADA-rate aggregation does not destroy lead time on any of the four inferential datasets, and nothing survives Holm correction across the N = 44 family. 5.",C013,
C013@S08.001,claim,C013,"Four inferential run-to-failure datasets: XJTU-SY n=10, FEMTO n=6, Ferrara n=6, IMS n=3",Datasets,body,Datasets,"We use four inferential run-to-failure datasets and a singleasset real-historian case study (Table 1), chosen so the sampling claim is tested under different conditions: a highrate raw-waveform rig where aggregation can be simulated faithfully (IMS), two multi-bearing campaigns (XJTU-SY and FEMTO/PRONOSTIA) that supply the statistical power a three-run rig cannot, a second modern constant-condition rig (Ferrara), and a historian stream that already is SCADArate data (ONGC, Appendix D.2).",C013,
C013@S37.027,claim,C013,"Four inferential run-to-failure datasets: XJTU-SY n=10, FEMTO n=6, Ferrara n=6, IMS n=3",Limitations and Threats to Validity,body,Limitations and Threats to Validity,"Two extensions would sharpen these conclusions most directly: run-to-failure campaigns on long-life bearings typical of industrial service, whose multi-week runway could express an aggregation effect that short laboratory bearings cannot; and comparable work on other bearing types and geometries, since the four inferential datasets are all rolling-element bearings under approximately steady speed and load and the single real-asset record is one gas-turbine compressor bearing.",C013,
C013@S38.002,claim,C013,"Four inferential run-to-failure datasets: XJTU-SY n=10, FEMTO n=6, Ferrara n=6, IMS n=3",Conclusion,body,Conclusion,"Across four inferential run-to-failure datasets (XJTU-SY n = 10, FEMTO/PRONOSTIA n = 6, University of Ferrara n = 6 and NASA IMS n = 3) and a real single-asset turbine SCADA case study (Appendix D.2), coarse aggregation does not destroy lead time; on IMS it shows a positive median shift for most control charts that is not consistent across the three runs, not significant at n = 3 and not surviving multiple-comparison correction across the N = 44 family.",C013,
C013@S40.006,claim,C013,"Four inferential run-to-failure datasets: XJTU-SY n=10, FEMTO n=6, Ferrara n=6, IMS n=3",Data and Code Availability,body,Data and Code Availability,"The IMS (NASA), XJTU-SY, and FEMTO/PRONOSTIA run-to-failure datasets are publicly available from their original providers; the repository ships the loaders and the derived per-bearing feature caches for all four inferential datasets— IMS, XJTU-SY, FEMTO/PRONOSTIA and University of Ferrara—so the sampling sweep, ablations, calibration and trade-off analyses can be rerun without re-downloading the raw archives.",C013,
C013@tab:datasets.cap01,claim,C013,"Four inferential run-to-failure datasets: XJTU-SY n=10, FEMTO n=6, Ferrara n=6, IMS n=3",tab:datasets,caption,tab:datasets,"“Role” is the function each plays in the argument: the four inferential datasets supply the run-level statistics, ONGC is a single-asset case study (Appendix D.2) and Paderborn is excluded.",C013,
C013@fig:crossdataset.cap04,claim,C013,"Four inferential run-to-failure datasets: XJTU-SY n=10, FEMTO n=6, Ferrara n=6, IMS n=3",fig:crossdataset,caption,fig:crossdataset,"ONGC: the descriptive n = 1 median (hollow), a case study outside the four inferential datasets (Appendix D.2).",C013,
C014@S01.014,claim,C014,ONGC is a single-asset n=1 case study from which no inference is drawn and which is excluded from the family,Introduction,body,Introduction,"Under it we run a controlled sampling sweep that holds window content and alarm persistence constant, over nine headline detectors (four SPC charts, Isolation Forest, three deep reconstruction autoencoders and an RMS-trend baseline) plus two additionally evaluated one-class models, Deep SVDD (deep support vector data description) and a one-class support vector machine (SVM), on four inferential run-to-failure datasets—XJTU-SY (n = 10), FEMTO/PRONOSTIA (n = 6), University of Ferrara (n = 6) and NASA IMS (n = 3)— and a real single-asset ONGC gas-turbine SCADA record analyzed as a case study (Appendix D.2), with run-level significance tests (the run, not the within-run sampling factor, is the unit of inference) and Holm correction.",C014,
C014@S08.001,claim,C014,ONGC is a single-asset n=1 case study from which no inference is drawn and which is excluded from the family,Datasets,body,Datasets,"We use four inferential run-to-failure datasets and a singleasset real-historian case study (Table 1), chosen so the sampling claim is tested under different conditions: a highrate raw-waveform rig where aggregation can be simulated faithfully (IMS), two multi-bearing campaigns (XJTU-SY and FEMTO/PRONOSTIA) that supply the statistical power a three-run rig cannot, a second modern constant-condition rig (Ferrara), and a historian stream that already is SCADArate data (ONGC, Appendix D.2).",C014,
C014@S18.006,claim,C014,ONGC is a single-asset n=1 case study from which no inference is drawn and which is excluded from the family,Statistical Protocol,body,Statistical Protocol,"We therefore collapse each run to one difference, the mean of (aggregate - decimate) over factors: n = 3 on IMS, n = 10 on XJTU-SY, and n = 1 on ONGC, a single asset for which we report descriptive differences only.",C014,
C014@S34.005,claim,C014,ONGC is a single-asset n=1 case study from which no inference is drawn and which is excluded from the family,Why the IMS Trend Appears but Is Neutral Elsewhere,body,Why the IMS Trend Appears but Is Neutral Elsewhere,The single-asset turbine case study.,C014,
C014@S34.008,claim,C014,ONGC is a single-asset n=1 case study from which no inference is drawn and which is excluded from the family,Why the IMS Trend Appears but Is Neutral Elsewhere,body,Why the IMS Trend Appears but Is Neutral Elsewhere,"Nine of its eleven detectors raise a raw alarm 30-35 h ahead of the labeled failure (RMS-trend 22.8 h, and Deep SVDD not before failure at all), but under the gated metric at τ = 10% only Hotelling T 2 and RMS-trend are valid, because the others flag too many windows of a pre-onset region that ends only ∼6 h before the shutdown; whether they are false alarms or genuine early detections that the late-biased onset cannot credit is undecidable at n = 1 (Appendix D.2).",C014,
C014@S34.009,claim,C014,ONGC is a single-asset n=1 case study from which no inference is drawn and which is excluded from the family,Why the IMS Trend Appears but Is Neutral Elsewhere,body,Why the IMS Trend Appears but Is Neutral Elsewhere,As a single asset it supports no inference and is excluded from the inferential family.,C014,
C014@S37.002,claim,C014,ONGC is a single-asset n=1 case study from which no inference is drawn and which is excluded from the family,Limitations and Threats to Validity,body,Limitations and Threats to Validity,"The IMS “aggregation helps” tendency is a non-significant positive-median trend, sign-consistent only for CUSUM and Hotelling T 2 (n = 3), that does not replicate on the larger multi-bearing sets, so we claim only non-destruction as the cross-dataset headline, not a positive effect; ONGC (n = 1) is a descriptive case study with no inference.",C014,
C014@S37.022,claim,C014,ONGC is a single-asset n=1 case study from which no inference is drawn and which is excluded from the family,Limitations and Threats to Validity,body,Limitations and Threats to Validity,"Such public datasets are rare; the closest single-bearing example is a KAIST bearing with a ∼43-hour lifecycle (n = 1, insufficient for inference).",C014,
C014@S38.002,claim,C014,ONGC is a single-asset n=1 case study from which no inference is drawn and which is excluded from the family,Conclusion,body,Conclusion,"Across four inferential run-to-failure datasets (XJTU-SY n = 10, FEMTO/PRONOSTIA n = 6, University of Ferrara n = 6 and NASA IMS n = 3) and a real single-asset turbine SCADA case study (Appendix D.2), coarse aggregation does not destroy lead time; on IMS it shows a positive median shift for most control charts that is not consistent across the three runs, not significant at n = 3 and not surviving multiple-comparison correction across the N = 44 family.",C014,
C014@S39.001,claim,C014,ONGC is a single-asset n=1 case study from which no inference is drawn and which is excluded from the family,Acknowledgments,body,Acknowledgments,The author thanks the operators and data engineers at ONGC who collected and maintained the gas-turbine SCADA record used in the single-asset case study.,C014,
C014@S40.009,claim,C014,ONGC is a single-asset n=1 case study from which no inference is drawn and which is excluded from the family,Data and Code Availability,body,Data and Code Availability,"Released, so that the n = 1 case study can be repeated rather than merely inspected, are the derived files behind every ONGC number in this paper (all paths relative to results/tables/): the degradation health-indicator series in ongc_health_ indicator.csv, a single baseline-standardized scalar per 10 s timestamp aggregated over all four channels, with the run-level split, onset and failure markers in ongc_ onset_markers.csv—the published onset of 2023-1113 03:44 is recomputable from these two files alone, with no proprietary input, and the repository’s test suite asserts exactly that; per-detector lead time and pre-onset false-alarm rate, together with the full post-N-20 sampling sweep (both modes × five factors × eleven detectors, 110 rows), in n20_rerun_long_ONGC.csv, with its aggregated and interval forms in benchmark_ONGC_aggregate_ n20.csv and benchmark_ONGC_leadtime_ci_ n20.csv; the per-detector ONGC median differences of Table 6 in n20_ongc_minutes.csv; the paired-test outputs in benchmark_ONGC_paired_test_n20. csv; the conformal calibration series behind Figure 4d in calibration_ONGC.csv and calibration_ ONGC_pooled.csv; and the onset reruns under the two decoupled health indicators in rg3_rerun_long_ONGC_ rms_kurt.csv and rg3_rerun_long_ONGC_pca1. csv, both of which are the pre-N-20 arm, retained as provenance for the indicator comparison; no number reported here depends on them, and the aggregate-vs-decimate contrast is taken from the post-N-20 files named above.",C014,
C014@S47.008,claim,C014,ONGC is a single-asset n=1 case study from which no inference is drawn and which is excluded from the family,D.2 Single-Asset ONGC Case Study,body,D.2 Single-Asset ONGC Case Study,"The onset estimator is systematically late under gradual degradation (late by approximately kσb/m; Algorithm 1), so some alarms that precede the estimated onset may be genuine early detection the estimator cannot credit; with n = 1 and no ground-truth defect-initiation time, the case study cannot distinguish the two.",C014,
C014@S47.010,claim,C014,ONGC is a single-asset n=1 case study from which no inference is drawn and which is excluded from the family,D.2 Single-Asset ONGC Case Study,body,D.2 Single-Asset ONGC Case Study,"Because ONGC is a single asset (n = 1), we treat it as a descriptive case study and draw no statistical inference from it.",C014,
C014@tab:datasets.cap01,claim,C014,ONGC is a single-asset n=1 case study from which no inference is drawn and which is excluded from the family,tab:datasets,caption,tab:datasets,"“Role” is the function each plays in the argument: the four inferential datasets supply the run-level statistics, ONGC is a single-asset case study (Appendix D.2) and Paderborn is excluded.",C014,
C014@fig:crossdataset.cap04,claim,C014,ONGC is a single-asset n=1 case study from which no inference is drawn and which is excluded from the family,fig:crossdataset,caption,fig:crossdataset,"ONGC: the descriptive n = 1 median (hollow), a case study outside the four inferential datasets (Appendix D.2).",C014,
C014@tab:imsongc.cap01,claim,C014,ONGC is a single-asset n=1 case study from which no inference is drawn and which is excluded from the family,tab:imsongc,caption,tab:imsongc,IMS controlled sweep (n = 3) and the ONGC case study (n = 1).,C014,
C014@tab:imsongc.cap03,claim,C014,ONGC is a single-asset n=1 case study from which no inference is drawn and which is excluded from the family,tab:imsongc,caption,tab:imsongc,"ONGC: descriptive median over the five sampling factors, in minutes; no inference.",C014,
C014@fig:conformal.cap01,claim,C014,ONGC is a single-asset n=1 case study from which no inference is drawn and which is excluded from the family,fig:conformal,caption,fig:conformal,"Conformal calibration: empirical pre-onset FAR vs target α for (a) IMS, (b) XJTU-SY, (c) FEMTO/PRONOSTIA and (d) the ONGC turbine (n = 1 case study, Appendix D.2).",C014,
C015@S08.002,claim,C015,XJTU-SY is the primary inferential dataset; IMS is retained for raw-waveform access and the mechanism analysis,Datasets,body,Datasets,"XJTU-SY (n = 10) is the primary inferential dataset; IMS (n = 3) is retained for its raw-waveform access, which permits the faithful aggregate/decimate simulation and the mechanism analysis (Appendix D.1).",C015,
C015@S20.001,claim,C015,XJTU-SY is the primary inferential dataset; IMS is retained for raw-waveform access and the mechanism analysis,Results,body,Results,IMS comes first for its raw-waveform access and the mechanism analysis it permits; XJTU-SY (n = 10) is the primary inferential test.,C015,
C016@S08.010,claim,C016,"Paderborn is excluded: pre-damaged bearings, no degradation timeline or failure event",Datasets,body,Datasets,"We exclude the Paderborn dataset (Lessmeier, Kimotho, Zimmer, & Sextro, 2016): its pre-damaged bearings are measured at fixed conditions for fault classification, with no degradation timeline and no failure event, so it cannot test a lead-time or sampling claim, and using it would be a category error rather than a larger dataset count.",C016,
C016@tab:datasets.cap01,claim,C016,"Paderborn is excluded: pre-damaged bearings, no degradation timeline or failure event",tab:datasets,caption,tab:datasets,"“Role” is the function each plays in the argument: the four inferential datasets supply the run-level statistics, ONGC is a single-asset case study (Appendix D.2) and Paderborn is excluded.",C016,
C017@S04.005,claim,C017,"FEMTO: only the six Learning_set bearings are used, because Test/Validation copies are truncated mid-life",Anomaly Detectors and Control Charts,body,Anomaly Detectors and Control Charts,"The IEEE PHM 2012 challenge and later remaining-useful-life (RUL) studies on FEMTO/PRONOSTIA and XJTU-SY (Wang, Lei, Li, & Li, 2020; Nectoux et al., 2012) report a RUL-error score on deliberately truncated Test and Validation copies.",C017,
C017@S08.007,claim,C017,"FEMTO: only the six Learning_set bearings are used, because Test/Validation copies are truncated mid-life",Datasets,body,Datasets,"The FEMTO/PRONOSTIA platform (Nectoux et al., 2012) contributes six Learning_set bearings under three operating conditions, with horizontal and vertical accelerometers sampled at 25.6 kHz in 0.1 s snapshots every 10 s.",C017,
C017@S08.008,claim,C017,"FEMTO: only the six Learning_set bearings are used, because Test/Validation copies are truncated mid-life",Datasets,body,Datasets,"Only the Learning_set bearings run to the platform’s 20 g vibration stop, so a failure, and hence a lead time, is observed; the Test_set/Validation_set copies are truncated mid-life for the IEEE PHM 2012 RUL challenge and would leave lead time undefined.",C017,
C017@S24.001,claim,C017,"FEMTO: only the six Learning_set bearings are used, because Test/Validation copies are truncated mid-life",Generalization to FEMTO/PRONOSTIA ($n=6$ bearings),body,Generalization to FEMTO/PRONOSTIA ($n=6$ bearings),"All six FEMTO Learning_set bearings are long enough for every detector, including the deep reconstruction models, to run on the full n = 6, and the verdict matches XJTU-SY (Table 5): every run-level median difference is within ±9 min, only LSTM-AE and Transformer-AD are sign-consistent, both negative (0/3 and 0/4 non-zero runs), and the smallest sign-test p is 0.125 (Transformer-AD, raw), which does not survive Holm correction.",C017,
C018@S08.012,claim,C018,"Ferrara: six bearings, constant speed/load, single channel duplicated into two slots, 2024 rig",Datasets,body,Datasets,"The Ferrara dataset (Arpa, Gabrielli, & Battarra, 2024) contributes an independent 2024 campaign: six self-aligning double-row ball bearings under constant speed and radial load, with continuous uniaxial vibration at 25.6 kHz over each bearing’s entire lifecycle (five-second contiguous snapshots).",C018,
C018@S25.001,claim,C018,"Ferrara: six bearings, constant speed/load, single channel duplicated into two slots, 2024 rig",Generalization to University of Ferrara ($n=6$ bearings),body,Generalization to University of Ferrara ($n=6$ bearings),"The University of Ferrara campaign (Arpa et al., 2024), a second independent constant-condition multi-bearing rig, gives the same verdict: every run-level median difference is within ±5 min, no detector is sign-consistent across the six bearings, and the smallest sign-test p is 0.219 (CUSUM), not significant even before correction.",C018,
C018@S25.002,claim,C018,"Ferrara: six bearings, constant speed/load, single channel duplicated into two slots, 2024 rig",Generalization to University of Ferrara ($n=6$ bearings),body,Generalization to University of Ferrara ($n=6$ bearings),Its 0.7-6.8 h lifetimes mean it cannot confirm or deny the IMS positive trend; it adds a second independent replication on a modern (2024) rig.,C018,
C019@S00.008,claim,C019,"Short bearing lifetimes (XJTU 52-533 min, FEMTO ~1.4-7.8 h, Ferrara 0.7-6.8 h) keep absolute lead times small","Front matter: title, abstract, keywords",body,"Front matter: title, abstract, keywords","The powered campaigns are short-lived bearings, on which an IMS-sized effect could not appear, so the null bounds the effect at minutes, not hours.",C019,
C019@S01.025,claim,C019,"Short bearing lifetimes (XJTU 52-533 min, FEMTO ~1.4-7.8 h, Ferrara 0.7-6.8 h) keep absolute lead times small",Introduction,body,Introduction,"Validation of a conformal detector for distribution-free false-alarm control; a lead-time-vs-false-alarm trade-off analysis; feature-group and spectral ablations that localize the prognostic signal to time-domain statistics on IMS; and deep reconstruction models (a long short-term memory (LSTM) autoencoder, a temporal convolutional network autoencoder (TCN-AE) and a transformer anomaly detector) that do not become competitive with SPC charts at training fractions in [0.20, 0.60] on short-lived bearings, a crossover on long-runway assets remaining open (Section 6.12).",C019,
C019@S08.006,claim,C019,"Short bearing lifetimes (XJTU 52-533 min, FEMTO ~1.4-7.8 h, Ferrara 0.7-6.8 h) keep absolute lead times small",Datasets,body,Datasets,"With n = 10 it gives the strongest generalization test here; its lifetimes range widely (52-533 min), stressing the metric with both long-degrading and abrupt-failure bearings.",C019,
C019@S08.009,claim,C019,"Short bearing lifetimes (XJTU 52-533 min, FEMTO ~1.4-7.8 h, Ferrara 0.7-6.8 h) keep absolute lead times small",Datasets,body,Datasets,Lifetimes span ∼1.4-7.8 h.,C019,
C019@S08.013,claim,C019,"Short bearing lifetimes (XJTU 52-533 min, FEMTO ~1.4-7.8 h, Ferrara 0.7-6.8 h) keep absolute lead times small",Datasets,body,Datasets,"Lifetimes span 0.7-6.8 h, similar to FEMTO.",C019,
C019@S15.008,claim,C019,"Short bearing lifetimes (XJTU 52-533 min, FEMTO ~1.4-7.8 h, Ferrara 0.7-6.8 h) keep absolute lead times small",Conformal Calibration,body,Conformal Calibration,On FEMTO (Figure 4c) no bearing honors the bound at α = 0.05 (pre-onset FAR 0.08-0.56; pooled 0.27): the short 1.4-7.8 h lifetimes leave a pre-onset region that is neither long nor stationary.,C019,
C019@S22.007,claim,C019,"Short bearing lifetimes (XJTU 52-533 min, FEMTO ~1.4-7.8 h, Ferrara 0.7-6.8 h) keep absolute lead times small",Sensitivity of the Onset Definition,body,Sensitivity of the Onset Definition,"The exceptions are XJTU Bearing1_2, which fires at only one of the three k values, and FEMTO Bearing1_1, with the widest spread (8.9 points); both are short-lived bearings the per-bearing analysis already flags as hard.",C019,
C019@S23.002,claim,C019,"Short bearing lifetimes (XJTU 52-533 min, FEMTO ~1.4-7.8 h, Ferrara 0.7-6.8 h) keep absolute lead times small",Generalization to XJTU-SY ($n=10$ bearings),body,Generalization to XJTU-SY ($n=10$ bearings),"Absolute leads are short (0-3.5 h) because the bearings are short-lived (52-533 min): over the five window-magnitude detectors (3σ, EWMA, Hotelling T 2, Isolation Forest and the RMS-trend floor, as in Table 7), 209/450 evaluations yield a valid alarm, and the shortest-lived and abrupt-failure bearings are hard or impossible to warn on under any mechanism.",C019,
C019@S24.005,claim,C019,"Short bearing lifetimes (XJTU 52-533 min, FEMTO ~1.4-7.8 h, Ferrara 0.7-6.8 h) keep absolute lead times small",Generalization to FEMTO/PRONOSTIA ($n=6$ bearings),body,Generalization to FEMTO/PRONOSTIA ($n=6$ bearings),"Across all eleven detectors 211/660 FEMTO evaluations yield a valid alarm; as on XJTU-SY, the short lifetimes (∼1.4-7.8 h) keep absolute lead times small.",C019,
C019@S25.002,claim,C019,"Short bearing lifetimes (XJTU 52-533 min, FEMTO ~1.4-7.8 h, Ferrara 0.7-6.8 h) keep absolute lead times small",Generalization to University of Ferrara ($n=6$ bearings),body,Generalization to University of Ferrara ($n=6$ bearings),Its 0.7-6.8 h lifetimes mean it cannot confirm or deny the IMS positive trend; it adds a second independent replication on a modern (2024) rig.,C019,
C019@S31.010,claim,C019,"Short bearing lifetimes (XJTU 52-533 min, FEMTO ~1.4-7.8 h, Ferrara 0.7-6.8 h) keep absolute lead times small",Minimum Training Data for Deep Anomaly Detectors,body,Minimum Training Data for Deep Anomaly Detectors,"Deep SVDD has no valid alarm below T = 0.60 and 0.167, one bearing, at T = 0.60, the shortest test window: as on IMS test 1 it fires very late, because its threshold requires substantial encoder-distance growth from the trained center, so on these 1.4-7.8 h bearings its first alarm arrives at or after failure on all six bearings below T = 0.60 and on five of the six at T = 0.60.",C019,
C019@S37.005,claim,C019,"Short bearing lifetimes (XJTU 52-533 min, FEMTO ~1.4-7.8 h, Ferrara 0.7-6.8 h) keep absolute lead times small",Limitations and Threats to Validity,body,Limitations and Threats to Validity,"The three campaigns that supply statistical power—XJTU-SY, FEMTO/PRONOSTIA and University of Ferrara—comprise bearings whose total lifetimes span roughly 0.7 to 8.9 h, so an aggregation effect of the magnitude observed on IMS (a run-level median of +15.1 h for the 3σ chart) could not have been observed on them even if present.",C019,
C019@S38.004,claim,C019,"Short bearing lifetimes (XJTU 52-533 min, FEMTO ~1.4-7.8 h, Ferrara 0.7-6.8 h) keep absolute lead times small",Conclusion,body,Conclusion,"That null is bounded by the scale of the evidence: the three campaigns supplying the statistical power comprise bearings of 0.7-8.9 h total life, on which an aggregation effect of the IMS magnitude could not have been observed, so the result bounds the effect at the scale of minutes and the multi-week runway remains untested.",C019,
C019@S38.005,claim,C019,"Short bearing lifetimes (XJTU 52-533 min, FEMTO ~1.4-7.8 h, Ferrara 0.7-6.8 h) keep absolute lead times small",Conclusion,body,Conclusion,"On the short-lived bearings tested, the deep reconstruction models do not overtake the control charts at any training fraction in [0.20, 0.60]; whether a crossover exists on long-runway assets is left open.",C019,
C020@S08.014,claim,C020,A 49-dimensional channel-invariant feature schema replaces the channel-count-dependent 445/1465-feature scheme (p >> n),Datasets,body,Datasets,"Fixed operating conditions make it directly compatible with our onset detector without normalization; we use all six runs (E1-E6), duplicating the single channel into the two channel slots so the channel-invariant schema applies unchanged.",C020,
C020@S11.002,claim,C020,A 49-dimensional channel-invariant feature schema replaces the channel-count-dependent 445/1465-feature scheme (p >> n),Channel-Invariant Feature Schema,body,Channel-Invariant Feature Schema,"A naive scheme that concatenates per-channel statistics and all cross-channel pairs is channel-count dependent and illposed: it gives 445 features for a 4-channel run and 1465 for an 8-channel run against only ∼100 training snapshots (p ≫ n), so it overfits, silently inflates the apparent dimensionality and is not comparable across runs.",C020,
C020@S11.003,claim,C020,A 49-dimensional channel-invariant feature schema replaces the channel-count-dependent 445/1465-feature scheme (p >> n),Channel-Invariant Feature Schema,body,Channel-Invariant Feature Schema,"We instead aggregate each statistic family across physical channels (mean and max) and summarize each aggregated series over a rolling window by its mean, standard deviation, maximum and lineartrend slope, plus one cross-channel RMS-coherence feature: a fixed 49-dimensional space, identical for 4- and 8-channel assets and comparable across datasets (Appendix B).",C020,
C020@S33.001,claim,C020,A 49-dimensional channel-invariant feature schema replaces the channel-count-dependent 445/1465-feature scheme (p >> n),What Changed the Story,body,What Changed the Story,"Four corrections, each described where it is applied, change the conclusion of an earlier version of this study: the corrected failure label of the third IMS test (Appendix C), the onset-gated metric that defeats the latch-on exploit (Eq. 5), the p < n channel-invariant feature space (Appendix B), and a significance test on the run rather than the within-run sampling factor (Section 4.9).",C020,
C020@S42.001,claim,C020,A 49-dimensional channel-invariant feature schema replaces the channel-count-dependent 445/1465-feature scheme (p >> n),Appendix A: Reproducibility Settings,body,Appendix A: Reproducibility Settings,"Table 11a lists the fixed hyperparameters, taken verbatim from the released config.py, and Table 12 the architectures and training protocol of the four deep models, with trainable parameter counts measured at the 49-dimensional invariant feature width; one protocol applies to every detector, dataset, run and sampling factor, with no per-condition tuning.",C020,
C020@tab:deeparch.cap02,claim,C020,A 49-dimensional channel-invariant feature schema replaces the channel-count-dependent 445/1465-feature scheme (p >> n),tab:deeparch,caption,tab:deeparch,Parameters are counted at the 49-dimensional input (Appendix B).,C020,
C020@tab:basestats.cap01,claim,C020,A 49-dimensional channel-invariant feature schema replaces the channel-count-dependent 445/1465-feature scheme (p >> n),tab:basestats,caption,tab:basestats,The six per-snapshot base statistics from which the co 49-dim invariant space is built.,C020,
C020@tab:d17label.cap04,claim,C020,A 49-dimensional channel-invariant feature schema replaces the channel-count-dependent 445/1465-feature scheme (p >> n),tab:d17label,caption,tab:d17label,"Both arms use the 49-dimensional invariant feature schema, so the contrast isolates the label.",C020,
C021@S11.004,claim,C021,Train-fit variance top-k selection (k <= 50) guarantees p < n; all scaling fit on the training split only,Channel-Invariant Feature Schema,body,Channel-Invariant Feature Schema,"A trainfit variance top-k selection (k ≤ 50) then guarantees p < n, and all scaling is fit on the training split only, so no test-region statistic leaks into the features.",C021,
C021@S33.001,claim,C021,Train-fit variance top-k selection (k <= 50) guarantees p < n; all scaling fit on the training split only,What Changed the Story,body,What Changed the Story,"Four corrections, each described where it is applied, change the conclusion of an earlier version of this study: the corrected failure label of the third IMS test (Appendix C), the onset-gated metric that defeats the latch-on exploit (Eq. 5), the p < n channel-invariant feature space (Appendix B), and a significance test on the run rather than the within-run sampling factor (Section 4.9).",C021,
C021@S43.003,claim,C021,Train-fit variance top-k selection (k <= 50) guarantees p < n; all scaling fit on the training split only,Appendix B: The 49-Dimensional Invariant Feature Space,body,Appendix B: The 49-Dimensional Invariant Feature Space,"A train-fit variance top-k selection (k ≤ 50) keeps p < n, every statistic is fit on the training split only, and feature naming and the exact construction are in the released code.",C021,
C022@S12.004,claim,C022,"Onset: health indicator max(z RMS, z kurt), band mu_b + k sigma_b with k=4, start of the last sustained excursion",Leakage-Free Degradation Onset,body,Leakage-Free Degradation Onset,"With band β = µb + kσb (default k = 4), the onset is the start of the last sustained excursion above β before failure, to = min{ t ∈ Rlast : h(t) > β }, (2) where Rlast is the final run of consecutive above-band samples, merging gaps shorter than a tolerance and requiring a minimum persistence (Algorithm 1).",C022,
C022@S12.005,claim,C022,"Onset: health indicator max(z RMS, z kurt), band mu_b + k sigma_b with k=4, start of the last sustained excursion",Leakage-Free Degradation Onset,body,Leakage-Free Degradation Onset,"Using the last sustained excursion makes the onset robust to early run-in transients and to the single trailing machine-off sample, either of which could otherwise mark a spuriously early onset.",C022,
C022@S12.006,claim,C022,"Onset: health indicator max(z RMS, z kurt), band mu_b + k sigma_b with k=4, start of the last sustained excursion",Leakage-Free Degradation Onset,body,Leakage-Free Degradation Onset,Algorithm 1 Leakage-free terminal degradation onset The terminal-excursion rule has a predictable bias.,C022,
C023@S01.013,claim,C023,The onset is leakage-free: baseline statistics use only data up to the train boundary,Introduction,body,Introduction,"Lead time gated by a leakage-free pre-onset false-alarm rate is the primary metric, so the latchon detector is provably scored invalid rather than winning.",C023,
C023@S01.018,claim,C023,The onset is leakage-free: baseline statistics use only data up to the train boundary,Introduction,body,Introduction,"A latch-on-resistant, false-alarm-gated, onset-relative lead-time metric, crediting warning time only when the false-alarm rate over a data-anchored, leakage-free pre-onset region is within a stated budget.",C023,
C023@S12.003,claim,C023,The onset is leakage-free: baseline statistics use only data up to the train boundary,Leakage-Free Degradation Onset,body,Leakage-Free Degradation Onset,"We instead compute one degradation onset to per run from a scalar health indicator h(t), by default the element-wise maximum of the baseline-standardized mean- RMS and mean-kurtosis trends, so it responds to whichever degradation mode (amplitude growth or impulsiveness) appears first: ( ) h(t) = max zb[RMS](t), zb[kurt](t) , (1) where the baseline mean µb and standard deviation σb of the z-score zb[·] are estimated only on data up to tb, so to cannot see the test region.",C023,
C023@S12.006,claim,C023,The onset is leakage-free: baseline statistics use only data up to the train boundary,Leakage-Free Degradation Onset,body,Leakage-Free Degradation Onset,Algorithm 1 Leakage-free terminal degradation onset The terminal-excursion rule has a predictable bias.,C023,
C023@S19.003,claim,C023,The onset is leakage-free: baseline statistics use only data up to the train boundary,Experimental Setup,body,Experimental Setup,"The environment is pinned to the package versions that produced these numbers, and a 181-test suite asserts the metric’s ungameability properties, the leakage-free onset and the conformal factory.",C023,
C023@S21.005,claim,C023,The onset is leakage-free: baseline statistics use only data up to the train boundary,Lead Time and Confidence Intervals on IMS,body,Lead Time and Confidence Intervals on IMS,"Figure 1 shows the leakage-free onset and failure markers on a representative run, with the shaded training region from which the baseline statistics are computed. 6.2.",C023,
C023@S37.014,claim,C023,The onset is leakage-free: baseline statistics use only data up to the train boundary,Limitations and Threats to Validity,body,Limitations and Threats to Validity,"The onset, although leakage-free and stable to k ∈ {3, 4, 5}, is not the ground-truth defect-initiation time, which is unobservable in these datasets.",C023,
C023@S40.001,claim,C023,The onset is leakage-free: baseline statistics use only data up to the train boundary,Data and Code Availability,body,Data and Code Availability,"All code (detectors, leakage-free onset, gated metric, sampling sweep, conformal wrapper, run-level statistical harness and the noise/denoiser mechanism test) is released with a pinned environment (requirements.lock.txt, Python 3.13) and a test suite asserting the metric’s resistance to the latch-on exploit, the leakage-free onset and the run-level sign-test/Holm machinery.",C023,
C023@fig:health.cap01,claim,C023,The onset is leakage-free: baseline statistics use only data up to the train boundary,fig:health,caption,fig:health,Health-indicator trajectory for IMS Bearing test 2 with the leakage-free degradation onset and failure markers.,C023,
C023@fig:health.cap02,claim,C023,The onset is leakage-free: baseline statistics use only data up to the train boundary,fig:health,caption,fig:health,"The baseline mean and standard deviation use only the shaded training region, so the onset cannot see the test data.",C023,
C024@S12.006,claim,C024,Onset-estimator bias ~k sigma_b/m with spread ~sigma_b/m; persistence does not enter the bias,Leakage-Free Degradation Onset,body,Leakage-Free Degradation Onset,Algorithm 1 Leakage-free terminal degradation onset The terminal-excursion rule has a predictable bias.,C024,G1
C024@S12.007,claim,C024,Onset-estimator bias ~k sigma_b/m with spread ~sigma_b/m; persistence does not enter the bias,Leakage-Free Degradation Onset,body,Leakage-Free Degradation Onset,"For a degradation ramp of slope m the onset is late by approximately kσb/m, with a standard deviation of order σb/m.",C024,G1
C024@S12.008,claim,C024,Onset-estimator bias ~k sigma_b/m with spread ~sigma_b/m; persistence does not enter the bias,Leakage-Free Degradation Onset,body,Leakage-Free Degradation Onset,"The persistence requirement P does not enter this bias: Algorithm 1 returns min Rlast, the start of the qualifying run, so P governs which excursions are admitted, not the timestamp reported for an admitted one.",C024,G1
C024@S12.009,claim,C024,Onset-estimator bias ~k sigma_b/m with spread ~sigma_b/m; persistence does not enter the bias,Leakage-Free Degradation Onset,body,Leakage-Free Degradation Onset,"Bias and spread both scale inversely with the ramp slope: the estimator is near-unbiased and stable under abrupt degradation, where the delay falls to the sampling interval ∆t, and systematically late and more variable under gradual degradation.",C024,G1
C024@S47.008,claim,C024,Onset-estimator bias ~k sigma_b/m with spread ~sigma_b/m; persistence does not enter the bias,D.2 Single-Asset ONGC Case Study,body,D.2 Single-Asset ONGC Case Study,"The onset estimator is systematically late under gradual degradation (late by approximately kσb/m; Algorithm 1), so some alarms that precede the estimated onset may be genuine early detection the estimator cannot credit; with n = 1 and no ground-truth defect-initiation time, the case study cannot distinguish the two.",C024,G1
C025@S12.011,claim,C025,"Persistence 5 / gap 10 samples are fixed in samples, not physical time; ~12% of the shortest XJTU bearing's life",Leakage-Free Degradation Onset,body,Leakage-Free Degradation Onset,"The persistence (5 samples) and gap (10 samples) tolerances are fixed in samples of the health-indicator series, not physical time, and held constant across datasets, keeping the onset rule algorithmically identical everywhere at the price of physical-time comparability.",C025,
C025@S12.012,claim,C025,"Persistence 5 / gap 10 samples are fixed in samples, not physical time; ~12% of the shortest XJTU bearing's life",Leakage-Free Degradation Onset,body,Leakage-Free Degradation Onset,"At the native intervals (∼10 min per snapshot for IMS after resampling to a uniform grid, 1 min for XJTU-SY, 10 s for FEMTO and ONGC) the 5/10-sample bars correspond to ∼50/100 min on IMS, 5/10 min on XJTU and 50/100 s on FEMTO/ONGC.",C025,
C025@S12.013,claim,C025,"Persistence 5 / gap 10 samples are fixed in samples, not physical time; ~12% of the shortest XJTU bearing's life",Leakage-Free Degradation Onset,body,Leakage-Free Degradation Onset,"The difference is negligible for long records but not for the shortest bearings: XJTU Bearing2_4 (42 min total life) must clear a ∼5-minute persistence bar, roughly 12% of its lifetime.",C025,
C025@tab:hyperparams.cap01,claim,C025,"Persistence 5 / gap 10 samples are fixed in samples, not physical time; ~12% of the shortest XJTU bearing's life",tab:hyperparams,caption,tab:hyperparams,"(a) Fixed hyperparameter protocol, from la config.py; onset tolerances are in samples of the health- indicator series, and the pre-onset FAR is measured over the Th full window t < to (Eq. 5).",C025,
C026@S12.014,claim,C026,Onset positions on bearings with lifetime below 2 h are treated as fragile and flagged,Leakage-Free Degradation Onset,body,Leakage-Free Degradation Onset,Caveat: onset positions on bearings with total lifetime below 2 h are treated as fragile throughout; per-bearing results in Tables 5 and 7 flag these cases explicitly rather than silently discarding them.,C026,
C027@S13.004,claim,C027,"Lead time L, pre-onset FAR and the validity conjunction L>0 and FAR_pre <= tau, with tau = 0.10 throughout",Onset-Relative Lead-Time Metric,body,Onset-Relative Lead-Time Metric,"An alarm is valid if and only if L > 0 ∧ FARpre ≤ τ, (5) with budget τ = 0.10 throughout.",C027,
C028@S13.005,claim,C028,An empty pre-onset region makes FAR_pre undefined; the alarm is excluded from the validity denominator,Onset-Relative Lead-Time Metric,body,Onset-Relative Lead-Time Metric,"If the pre-onset region is empty—the onset estimator places to at or before the first scored window—FARpre is undefined, the alarm cannot be gated, and it is excluded from the validity denominator rather than counted as valid.",C028,
C029@S14.004,claim,C029,Deep sequence models are data-starved: 20-335 normal training windows (median 88) against 2.0-5.5 x 10^4 parameters,Detectors,body,Detectors,The deep sequence models are data-starved: across bearings and training fractions the runs furnish between 20 and 335 normal training windows (median 88 at the default split).,C029,F3/G4
C029@S31.013,claim,C029,Deep sequence models are data-starved: 20-335 normal training windows (median 88) against 2.0-5.5 x 10^4 parameters,Minimum Training Data for Deep Anomaly Detectors,body,Minimum Training Data for Deep Anomaly Detectors,"This is a statement about a data regime, not the architectures: across bearings and training fractions these runs furnish between 20 and 335 normal training windows, whereas the models carry 2.0-5.5×104 parameters, so the comparison is made where deep models are structurally disadvantaged.",C029,F3/G4
C030@S14.006,claim,C030,"Runs too short to form a sequence are recorded as explicit N/A, not silently dropped",Detectors,body,Detectors,"A run with fewer feature windows than the sequence length (short XJTU bearings, some coarse IMS factors) cannot form a sequence; that (run, detector) cell is recorded as an explicit N/A, not dropped.",C030,
C030@S31.003,claim,C030,"Runs too short to form a sequence are recorded as explicit N/A, not silently dropped",Minimum Training Data for Deep Anomaly Detectors,body,Minimum Training Data for Deep Anomaly Detectors,"At T = 0.20 the shortest bearing (Bearing3_1) forms only 20 training windows, fewer than the 30 a sequence requires, so LSTM-AE, TCN-AE and Transformer-AD are explicit N/A there (Section 4.5); these are the only three N/A cells, the other 297 of the 300 (detector, bearing, T ) cells being genuine evaluations.",C030,
C031@S04.003,claim,C031,"One fixed hyperparameter protocol, no per-dataset or per-condition tuning",Anomaly Detectors and Control Charts,body,Anomaly Detectors and Control Charts,"We evaluate both families under one fixed hyperparameter protocol, so the comparison is about evaluation and sampling, not tuning.",C031,
C031@S14.001,claim,C031,"One fixed hyperparameter protocol, no per-dataset or per-condition tuning",Detectors,body,Detectors,"The headline set comprises nine detectors under one fixed hyperparameter protocol: an RMS-trend naive baseline, which alarms when the mean RMS exceeds kσ above its training baseline and is included to verify that the metric penalizes a weak detector; the 3σ rule, alarming when the ℓ2-norm health index exceeds three training standard deviations; an EWMA chart (Roberts, 1959) (λ = 0.2, k = 3.0), sensitive to small sustained shifts; a deterministic two-sided tabular CUSUM chart (Page, 1954) (k = 0.5, h = 5.0) on the monitored magnitude, the classic change-point chart most sensitive to a small sustained mean shift such as slow degradation onset; Hotelling T 2 (Hotelling, 1947) in a principal component analysis (PCA)-reduced subspace (rank ≪ n), so the covariance is well-conditioned; Isolation Forest (Liu et al., 2008), an unsupervised ensemble that isolates anomalies with few random splits; and three deep reconstruction baselines—an LSTM autoencoder (Malhotra et al., 2016), a temporal convolutional network autoencoder (dilated causal convolutions) and a lightweight reconstruction Transformer (Vaswani et al., 2017)—each trained on normal feature-window sequences only and scoring a window by its reconstruction error.",C031,
C031@S18.011,claim,C031,"One fixed hyperparameter protocol, no per-dataset or per-condition tuning",Statistical Protocol,body,Statistical Protocol,One fixed hyperparameter protocol avoids optimistic per-condition tuning.,C031,
C031@S37.018,claim,C031,"One fixed hyperparameter protocol, no per-dataset or per-condition tuning",Limitations and Threats to Validity,body,Limitations and Threats to Validity,"One fixed hyperparameter protocol avoids optimistic per-condition tuning, the full trade-off sweep (Table 9) exposes threshold sensitivity rather than one hand-picked operating point, and the controlled sweep isolates information loss from window counting.",C031,
C031@S42.001,claim,C031,"One fixed hyperparameter protocol, no per-dataset or per-condition tuning",Appendix A: Reproducibility Settings,body,Appendix A: Reproducibility Settings,"Table 11a lists the fixed hyperparameters, taken verbatim from the released config.py, and Table 12 the architectures and training protocol of the four deep models, with trainable parameter counts measured at the 49-dimensional invariant feature width; one protocol applies to every detector, dataset, run and sampling factor, with no per-condition tuning.",C031,
C031@tab:hyperparams.cap01,claim,C031,"One fixed hyperparameter protocol, no per-dataset or per-condition tuning",tab:hyperparams,caption,tab:hyperparams,"(a) Fixed hyperparameter protocol, from la config.py; onset tolerances are in samples of the health- indicator series, and the pre-onset FAR is measured over the Th full window t < to (Eq. 5).",C031,
C031@tab:deeparch.cap01,claim,C031,"One fixed hyperparameter protocol, no per-dataset or per-condition tuning",tab:deeparch,caption,tab:deeparch,"Deep-model architectures and training protocol, from the released config.py and model definitions; no per-dataset tuning, and every model runs its full epoch budget.",C031,
C032@S01.025,claim,C032,"Conformal IF: FAR <= alpha under exchangeability; the guarantee is validated empirically, not assumed",Introduction,body,Introduction,"Validation of a conformal detector for distribution-free false-alarm control; a lead-time-vs-false-alarm trade-off analysis; feature-group and spectral ablations that localize the prognostic signal to time-domain statistics on IMS; and deep reconstruction models (a long short-term memory (LSTM) autoencoder, a temporal convolutional network autoencoder (TCN-AE) and a transformer anomaly detector) that do not become competitive with SPC charts at training fractions in [0.20, 0.60] on short-lived bearings, a crossover on long-runway assets remaining open (Section 6.12).",C032,
C032@S05.001,claim,C032,"Conformal IF: FAR <= alpha under exchangeability; the guarantee is validated empirically, not assumed",Uncertainty Quantification and Conformal Prediction,body,Uncertainty Quantification and Conformal Prediction,"Conformal prediction (Vovk, Gammerman, & Shafer, 2005; Laxhammar & Falkman, 2014) bounds the false-alarm rate by a target α under exchangeability, converting a raw score into an alarm with an interpretable, finite-sample guarantee.",C032,
C032@S05.002,claim,C032,"Conformal IF: FAR <= alpha under exchangeability; the guarantee is validated empirically, not assumed",Uncertainty Quantification and Conformal Prediction,body,Uncertainty Quantification and Conformal Prediction,"We wire conformal calibration into the lead-time pipeline and test the guarantee empirically across runs, including a run where exchangeability provably fails because the “normal” region already contains degradation.",C032,
C032@S15.001,claim,C032,"Conformal IF: FAR <= alpha under exchangeability; the guarantee is validated empirically, not assumed",Conformal Calibration,body,Conformal Calibration,"On IMS (Figure 4a, values in its caption) the distribution-free guarantee FAR ≤ α holds on test 2 (0% through α = 0.10) and on test 3 through α = 0.05 (0.9% at α = 0.01, 4.4% at 0.05), slightly exceeding the bound at α = 0.10, where the empirical FAR is 13%.",C032,
C032@S15.002,claim,C032,"Conformal IF: FAR <= alpha under exchangeability; the guarantee is validated empirically, not assumed",Conformal Calibration,body,Conformal Calibration,"It fails on test 1, at 0.74-0.85 regardless of α, for the reason Table 3 foretold: the onset fires only ∼12 h before failure, so the “pre-onset” region already contains degradation and calibration and “normal” scores are not exchangeable.",C032,
C032@S15.010,claim,C032,"Conformal IF: FAR <= alpha under exchangeability; the guarantee is validated empirically, not assumed",Conformal Calibration,body,Conformal Calibration,"On the real ONGC historian stream (Figure 4d) the calibration tracks the diagonal closely (empirical FAR 0.016, 0.030 and 0.096 at α = 0.01, 0.02, 0.05), a modest 1.5-2× above target, consistent with a mostly-stationary record that only mildly violates exchangeability.",C032,
C032@S36.002,claim,C032,"Conformal IF: FAR <= alpha under exchangeability; the guarantee is validated empirically, not assumed",Practical Implications,body,Practical Implications,"Conformal calibration adds a usable, distribution-free false-alarm guarantee wherever the normal region is genuinely stationary; the trade-off curve turns the gated metric into an operating-point selector for a stated budget; and the ablations caution that more features are not better under a false-alarm budget, time-domain amplitude and impulsiveness statistics carrying the usable signal on IMS.",C032,
C032@S37.015,claim,C032,"Conformal IF: FAR <= alpha under exchangeability; the guarantee is validated empirically, not assumed",Limitations and Threats to Validity,body,Limitations and Threats to Validity,"A late onset, as on IMS test 1 where degradation and failure nearly coincide, inflates the pre-onset region, can mark a genuine early detection invalid and breaks the conformal exchangeability assumption (Figure 4a).",C032,
C032@S38.007,claim,C032,"Conformal IF: FAR <= alpha under exchangeability; the guarantee is validated empirically, not assumed",Conclusion,body,Conclusion,"Future work will learn the degradation onset jointly with the detector, so that the metric’s anchor no longer depends on a hand-set health indicator (closing the circularity noted in Section 8), and extend the conformal guarantee to the non-exchangeable early-degradation regime in which it currently fails.",C032,
C033@S01.014,claim,C033,"Controlled sweep over f in {1,2,5,10,20} holds window content and alarm persistence constant",Introduction,body,Introduction,"Under it we run a controlled sampling sweep that holds window content and alarm persistence constant, over nine headline detectors (four SPC charts, Isolation Forest, three deep reconstruction autoencoders and an RMS-trend baseline) plus two additionally evaluated one-class models, Deep SVDD (deep support vector data description) and a one-class support vector machine (SVM), on four inferential run-to-failure datasets—XJTU-SY (n = 10), FEMTO/PRONOSTIA (n = 6), University of Ferrara (n = 6) and NASA IMS (n = 3)— and a real single-asset ONGC gas-turbine SCADA record analyzed as a case study (Appendix D.2), with run-level significance tests (the run, not the within-run sampling factor, is the unit of inference) and Holm correction.",C033,
C033@S01.023,claim,C033,"Controlled sweep over f in {1,2,5,10,20} holds window content and alarm persistence constant",Introduction,body,Introduction,"A controlled SCADA-sampling methodology holding window content and alarm persistence constant, so an aggregate-vs-decimate difference reflects information loss rather than a window-counting artifact of coarser time grids. 4.",C033,
C033@S16.002,claim,C033,"Controlled sweep over f in {1,2,5,10,20} holds window content and alarm persistence constant",SCADA Sampling Sweep,body,SCADA Sampling Sweep,"A naive sweep changes the window’s wall-clock span as f grows, which alters lead time through a window-counting artifact rather than information loss.",C033,
C033@S16.003,claim,C033,"Controlled sweep over f in {1,2,5,10,20} holds window content and alarm persistence constant",SCADA Sampling Sweep,body,SCADA Sampling Sweep,"Our controlled sweep holds window content and alarm persistence constant so that only the effective logging interval varies, isolating whether averaging loses fault-relevant information relative to decimation.",C033,
C033@S17.003,claim,C033,"Controlled sweep over f in {1,2,5,10,20} holds window content and alarm persistence constant",At What Level Coarsening Is Applied,body,At What Level Coarsening Is Applied,"On IMS the sweep coarsens the windowed feature vectors, after rolling-window summarisation, which holds window content and alarm persistence constant as the effective logging interval varies.",C033,
C033@S46.002,claim,C033,"Controlled sweep over f in {1,2,5,10,20} holds window content and alarm persistence constant",D.1 Generic Smoothing vs.\ Historian Averaging,body,D.1 Generic Smoothing vs.\ Historian Averaging,"We test both on IMS at sampling factor 5, controlling window content so that only the smoothing differs.",C033,
C034@S01.029,claim,C034,"Coarsening acts on per-snapshot summary statistics / windowed features, never on the raw waveform; not a test of raw-signal averaging",Introduction,body,Introduction,Our working hypothesis was that bin-averaging the stored summary series would wash out incipient-fault excursions and shorten lead time.,C034,D6/F4
C034@S17.002,claim,C034,"Coarsening acts on per-snapshot summary statistics / windowed features, never on the raw waveform; not a test of raw-signal averaging",At What Level Coarsening Is Applied,body,At What Level Coarsening Is Applied,"On no dataset is the raw waveform coarsened: every loader reduces each snapshot to per-channel time-domain statistics at ingest, so the sweep operates on summary series throughout.",C034,D6/F4
C034@S17.005,claim,C034,"Coarsening acts on per-snapshot summary statistics / windowed features, never on the raw waveform; not a test of raw-signal averaging",At What Level Coarsening Is Applied,body,At What Level Coarsening Is Applied,"This is the operation a historian performs—historians store summary statistics, not waveforms—and it is the operation our claim concerns.",C034,D6/F4
C034@S17.006,claim,C034,"Coarsening acts on per-snapshot summary statistics / windowed features, never on the raw waveform; not a test of raw-signal averaging",At What Level Coarsening Is Applied,body,At What Level Coarsening Is Applied,It is not a test of raw-signal averaging.,C034,D6/F4
C035@S01.014,claim,C035,The run is the unit of inference; within-run factors are pseudoreplicates; one difference per run,Introduction,body,Introduction,"Under it we run a controlled sampling sweep that holds window content and alarm persistence constant, over nine headline detectors (four SPC charts, Isolation Forest, three deep reconstruction autoencoders and an RMS-trend baseline) plus two additionally evaluated one-class models, Deep SVDD (deep support vector data description) and a one-class support vector machine (SVM), on four inferential run-to-failure datasets—XJTU-SY (n = 10), FEMTO/PRONOSTIA (n = 6), University of Ferrara (n = 6) and NASA IMS (n = 3)— and a real single-asset ONGC gas-turbine SCADA record analyzed as a case study (Appendix D.2), with run-level significance tests (the run, not the within-run sampling factor, is the unit of inference) and Holm correction.",C035,
C035@S18.002,claim,C035,The run is the unit of inference; within-run factors are pseudoreplicates; one difference per run,Statistical Protocol,body,Statistical Protocol,"Confidence intervals bootstrap runs, the unit of generalization; resampling seeds would understate uncertainty.",C035,
C035@S18.003,claim,C035,The run is the unit of inference; within-run factors are pseudoreplicates; one difference per run,Statistical Protocol,body,Statistical Protocol,The run is the unit of inference.,C035,
C035@S18.004,claim,C035,The run is the unit of inference; within-run factors are pseudoreplicates; one difference per run,Statistical Protocol,body,Statistical Protocol,"A physical bearing run produces one degradation trajectory; the five coarsening factors applied to it (f ∈ {1, 2, 5, 10, 20}) are repeated transformations of that trajectory, i.e. pseudoreplicates.",C035,
C035@S46.005,claim,C035,The run is the unit of inference; within-run factors are pseudoreplicates; one difference per run,D.1 Generic Smoothing vs.\ Historian Averaging,body,D.1 Generic Smoothing vs.\ Historian Averaging,"We add zero-mean Gaussian noise to the per-snapshot channel statistics (RMS and kurtosis), scaled per channel, at signal-to-noise ratios of 30, 20 and 10 dB and recompute the aggregate-decimate lead time, collapsing the four magnitude-monitoring SPC charts to one mean difference per run (n = 3 per level) to avoid the pseudoreplication corrected in the main analysis.",C035,
C035@fig:crossdataset.cap01,claim,C035,The run is the unit of inference; within-run factors are pseudoreplicates; one difference per run,fig:crossdataset,caption,fig:crossdataset,Run-level aggregate-decimate lead-time difference (h) per detector; the unit of inference is in each panel title.,C035,
C036@S18.007,claim,C036,Exact two-sided sign test; mixed-effects model deliberately not used,Statistical Protocol,body,Statistical Protocol,"On these run-level differences we apply an exact two-sided sign test (binomial, H0 : P (aggregate > decimate) = 1 2 ), which uses only the direction of each difference and makes no normality or symmetry assumption that n = 3 could not support; a mixed-effects model with three random-effect lev- els would be over-fit and is deliberately not used.",C036,
C036@S23.001,claim,C036,Exact two-sided sign test; mixed-effects model deliberately not used,Generalization to XJTU-SY ($n=10$ bearings),body,Generalization to XJTU-SY ($n=10$ bearings),"On the ten XJTU-SY bearings the IMS “aggregation helps” trend does not replicate (Table 5): the run-level median difference is 0 h for ten of the eleven detectors (-0.10 h for Isolation Forest), no sign test is significant (p ≥ 0.18) and no direction is consistent across bearings, while per-run differences stay within a few minutes, so aggregation does not destroy lead time either.",C036,
C036@S26.005,claim,C036,Exact two-sided sign test; mixed-effects model deliberately not used,Aggregate vs Decimate on IMS: a Positive but Inconsistent Median Shift,body,Aggregate vs Decimate on IMS: a Positive but Inconsistent Median Shift,"With n = 3 the exact sign test cannot fall below p = 0.25, a floor only CUSUM and Hotelling T 2 reach, so nothing is significant or survives Holm correction: the defensible reading is a null result with a positive median direction for the magnitude-monitoring detectors.",C036,
C036@S37.020,claim,C036,Exact two-sided sign test; mixed-effects model deliberately not used,Limitations and Threats to Validity,body,Limitations and Threats to Validity,"An earlier pooled 15-pair Wilcoxon test treated the within-run factors as independent observations and thereby overstated significance; the run-level exact sign test cannot fall below p = 0.25 at n = 3, and after Holm correction across the forty-four-test family nothing is significant (Table 5), so the IMS result is a directional trend to be read with the multi-bearing nulls, never a significant effect.",C036,
C036@S44.018,claim,C036,Exact two-sided sign test; mixed-effects model deliberately not used,Appendix C: IMS Test-3 Relabeling Justification,body,Appendix C: IMS Test-3 Relabeling Justification,"The exact two-sided sign test floors at p = 0.25, 0.50 and 1.00 at those sample sizes, so under the original label six of the ten detectors could not have reached α = 0.05 at any effect size, and the four with neff = 3 floor at p = 0.25, already above α.",C036,
C036@S46.008,claim,C036,Exact two-sided sign test; mixed-effects model deliberately not used,D.1 Generic Smoothing vs.\ Historian Averaging,body,D.1 Generic Smoothing vs.\ Historian Averaging,"This is the qualitative signature of a low-pass mechanism, the noisier the signal the more bin-averaging helps, but at n = 3 it is a directional trend, not a significant effect (the exact sign test floors at p = 0.25, and at 30 dB the per-run signs are mixed): it corroborates the mechanism and cannot, at this sample size, establish it statistically.",C036,
C036@tab:crossds.cap02,claim,C036,Exact two-sided sign test; mixed-effects model deliberately not used,tab:crossds,caption,tab:crossds,"Med., Mean: run-level median and mean difference (h), with the 95% bootstrap CI over runs; n+/n-: non-zero runs (s: all of one sign); p: exact two-sided sign test. ‡: length-30 sequence models, n = 3 on XJTU-SY.",C036,
C036@tab:d17label.cap02,claim,C036,Exact two-sided sign test; mixed-effects model deliberately not used,tab:d17label,caption,tab:d17label,"Run differences are (1st_test, 2nd_test, 3rd_test) in hours, collapsing the five within-run sampling factors to one mean difference per run (Section 4.9). n+/n-/0 counts positive, negative and exactly-zero runs; zero-difference runs are excluded from the sign test, so neff is the effective sample size under the original label.",C036,
C037@S23.002,claim,C037,At n=3 the exact sign test floors at p = 0.25,Generalization to XJTU-SY ($n=10$ bearings),body,Generalization to XJTU-SY ($n=10$ bearings),"Absolute leads are short (0-3.5 h) because the bearings are short-lived (52-533 min): over the five window-magnitude detectors (3σ, EWMA, Hotelling T 2, Isolation Forest and the RMS-trend floor, as in Table 7), 209/450 evaluations yield a valid alarm, and the shortest-lived and abrupt-failure bearings are hard or impossible to warn on under any mechanism.",C037,
C037@S26.005,claim,C037,At n=3 the exact sign test floors at p = 0.25,Aggregate vs Decimate on IMS: a Positive but Inconsistent Median Shift,body,Aggregate vs Decimate on IMS: a Positive but Inconsistent Median Shift,"With n = 3 the exact sign test cannot fall below p = 0.25, a floor only CUSUM and Hotelling T 2 reach, so nothing is significant or survives Holm correction: the defensible reading is a null result with a positive median direction for the magnitude-monitoring detectors.",C037,
C037@S28.008,claim,C037,At n=3 the exact sign test floors at p = 0.25,Lead-Time--vs--False-Alarm Trade-off,body,Lead-Time--vs--False-Alarm Trade-off,"At τ = 0.20 the 3σ chart gives the longest valid lead (77.0 h), joined by CUSUM, Hotelling T 2 and Isolation Forest as their pre-onset FAR falls within the looser budget; at τ = 0.10 it remains the best valid chart (56.3 h); at a strict τ = 0.05 no control chart qualifies, and only Deep SVDD (14.8 h) and the RMS-trend floor (34.7 h) stay within budget, so an operator with very low nuisance-alarm tolerance should prefer the low-FAR Deep SVDD point.",C037,
C037@S35.006,claim,C037,At n=3 the exact sign test floors at p = 0.25,Why Aggregation Preserves What Decimation Loses,body,Why Aggregation Preserves What Decimation Loses,"The prediction that follows is about noise, not detectors: the advantage of aggregation should grow as the noise floor rises.",C037,
C037@S35.014,claim,C037,At n=3 the exact sign test floors at p = 0.25,Why Aggregation Preserves What Decimation Loses,body,Why Aggregation Preserves What Decimation Loses,The argument states which descriptors degrade gracefully under aggregation and why the effect should track the noise floor; it does not predict the magnitude of the effect for any particular detector.,C037,
C037@S37.020,claim,C037,At n=3 the exact sign test floors at p = 0.25,Limitations and Threats to Validity,body,Limitations and Threats to Validity,"An earlier pooled 15-pair Wilcoxon test treated the within-run factors as independent observations and thereby overstated significance; the run-level exact sign test cannot fall below p = 0.25 at n = 3, and after Holm correction across the forty-four-test family nothing is significant (Table 5), so the IMS result is a directional trend to be read with the multi-bearing nulls, never a significant effect.",C037,
C037@S44.018,claim,C037,At n=3 the exact sign test floors at p = 0.25,Appendix C: IMS Test-3 Relabeling Justification,body,Appendix C: IMS Test-3 Relabeling Justification,"The exact two-sided sign test floors at p = 0.25, 0.50 and 1.00 at those sample sizes, so under the original label six of the ten detectors could not have reached α = 0.05 at any effect size, and the four with neff = 3 floor at p = 0.25, already above α.",C037,
C037@S46.008,claim,C037,At n=3 the exact sign test floors at p = 0.25,D.1 Generic Smoothing vs.\ Historian Averaging,body,D.1 Generic Smoothing vs.\ Historian Averaging,"This is the qualitative signature of a low-pass mechanism, the noisier the signal the more bin-averaging helps, but at n = 3 it is a directional trend, not a significant effect (the exact sign test floors at p = 0.25, and at 30 dB the per-run signs are mixed): it corroborates the mechanism and cannot, at this sample size, establish it statistically.",C037,
C037@tab:imsongc.cap02,claim,C037,At n=3 the exact sign test floors at p = 0.25,tab:imsongc,caption,tab:imsongc,"IMS: run differences (h) for tests 1, 2, 3, each collapsing the five within-run sampling factors to one mean aggregate-decimate difference, with the run-level median, n+/n- and the exact two-sided sign-test p, which floors at 0.25 at n = 3 (∗: one positive run and two ties, not counted as sign-consistent).",C037,
C037@tab:d17label.cap03,claim,C037,At n=3 the exact sign test floors at p = 0.25,tab:d17label,caption,tab:d17label,“Floor” is the smallest two-sided exact sign-test p attainable at that neff.,C037,
C038@S18.009,claim,C038,Zero-difference runs are excluded from the sign-test count,Statistical Protocol,body,Statistical Protocol,"Runs whose collapsed difference is exactly zero are excluded from the sign-test count, so the n+ and n- tallies count non-zero-difference runs only.",C038,
C038@S44.009,claim,C038,Zero-difference runs are excluded from the sign-test count,Appendix C: IMS Test-3 Relabeling Justification,body,Appendix C: IMS Test-3 Relabeling Justification,"The decisive case is 3σ: under the original label the third test is a guaranteed miss, both lead times are zero, the run’s collapsed difference is exactly 0.00 h, and the zero-difference rule of Section 4.9 leaves 3σ at two positive and zero negative runs.",C038,
C038@S44.015,claim,C038,Zero-difference runs are excluded from the sign-test count,Appendix C: IMS Test-3 Relabeling Justification,body,Appendix C: IMS Test-3 Relabeling Justification,"The remaining four—Hotelling T 2, LSTM-AE, TCN-AE, and Transformer-AD—alarm early enough to precede even the earlier failure time, so they retain a positive lead in both modes and their third run survives the zero-difference exclusion.",C038,
C038@S44.017,claim,C038,Zero-difference runs are excluded from the sign-test count,Appendix C: IMS Test-3 Relabeling Justification,body,Appendix C: IMS Test-3 Relabeling Justification,"Because the zero-difference exclusion operates per detector, the original label does not simply reduce IMS to n = 2: it leaves neff = 3 for the four detectors that still warn on the third test, neff = 2 for 3σ, CUSUM, EWMA and Isolation Forest, and neff = 1 for Deep SVDD and RMS-trend.",C038,
C038@tab:gatedcontrast.cap02,claim,C038,Zero-difference runs are excluded from the sign-test count,tab:gatedcontrast,caption,tab:gatedcontrast,Med.: median across detectors of each detector’s run-level median difference (h); n+/n-/0: detectors by the sign of that median; n¯eff: mean effective sample size once zero-difference runs are dropped.,C038,
C038@tab:d17label.cap02,claim,C038,Zero-difference runs are excluded from the sign-test count,tab:d17label,caption,tab:d17label,"Run differences are (1st_test, 2nd_test, 3rd_test) in hours, collapsing the five within-run sampling factors to one mean difference per run (Section 4.9). n+/n-/0 counts positive, negative and exactly-zero runs; zero-difference runs are excluded from the sign test, so neff is the effective sample size under the original label.",C038,
C039@S00.005,claim,C039,Holm-Bonferroni across the N=44 family at alpha=0.05; uncorrected FWER ~0.90,"Front matter: title, abstract, keywords",body,"Front matter: title, abstract, keywords",On IMS the variance-sensitive charts shift positively (3σ +15.1 h) but inconsistently across runs; no test survives Holm correction (N = 44; 0 of 44).,C039,
C039@S01.014,claim,C039,Holm-Bonferroni across the N=44 family at alpha=0.05; uncorrected FWER ~0.90,Introduction,body,Introduction,"Under it we run a controlled sampling sweep that holds window content and alarm persistence constant, over nine headline detectors (four SPC charts, Isolation Forest, three deep reconstruction autoencoders and an RMS-trend baseline) plus two additionally evaluated one-class models, Deep SVDD (deep support vector data description) and a one-class support vector machine (SVM), on four inferential run-to-failure datasets—XJTU-SY (n = 10), FEMTO/PRONOSTIA (n = 6), University of Ferrara (n = 6) and NASA IMS (n = 3)— and a real single-asset ONGC gas-turbine SCADA record analyzed as a case study (Appendix D.2), with run-level significance tests (the run, not the within-run sampling factor, is the unit of inference) and Holm correction.",C039,
C039@S01.024,claim,C039,Holm-Bonferroni across the N=44 family at alpha=0.05; uncorrected FWER ~0.90,Introduction,body,Introduction,"A multi-dataset null result: with bootstrap confidence intervals and run-level tests, SCADA-rate aggregation does not destroy lead time on any of the four inferential datasets, and nothing survives Holm correction across the N = 44 family. 5.",C039,
C039@S18.010,claim,C039,Holm-Bonferroni across the N=44 family at alpha=0.05; uncorrected FWER ~0.90,Statistical Protocol,body,Statistical Protocol,"Across the detector × dataset family (ONGC excluded) we control the family-wise error rate with the Holm-Bonferroni step-down procedure at α = 0.05, stating the family size N and the un- corrected FWER = 1 - (1 - α)N .",C039,
C039@S24.001,claim,C039,Holm-Bonferroni across the N=44 family at alpha=0.05; uncorrected FWER ~0.90,Generalization to FEMTO/PRONOSTIA ($n=6$ bearings),body,Generalization to FEMTO/PRONOSTIA ($n=6$ bearings),"All six FEMTO Learning_set bearings are long enough for every detector, including the deep reconstruction models, to run on the full n = 6, and the verdict matches XJTU-SY (Table 5): every run-level median difference is within ±9 min, only LSTM-AE and Transformer-AD are sign-consistent, both negative (0/3 and 0/4 non-zero runs), and the smallest sign-test p is 0.125 (Transformer-AD, raw), which does not survive Holm correction.",C039,
C039@S26.005,claim,C039,Holm-Bonferroni across the N=44 family at alpha=0.05; uncorrected FWER ~0.90,Aggregate vs Decimate on IMS: a Positive but Inconsistent Median Shift,body,Aggregate vs Decimate on IMS: a Positive but Inconsistent Median Shift,"With n = 3 the exact sign test cannot fall below p = 0.25, a floor only CUSUM and Hotelling T 2 reach, so nothing is significant or survives Holm correction: the defensible reading is a null result with a positive median direction for the magnitude-monitoring detectors.",C039,
C039@S27.001,claim,C039,Holm-Bonferroni across the N=44 family at alpha=0.05; uncorrected FWER ~0.90,Multiple-Comparison Correction,body,Multiple-Comparison Correction,"The aggregate-vs-decimate question is asked once per detector on each inferential dataset, a family of 11 × 4 = 44 tests (ONGC excluded) whose uncorrected family-wise error rate at α = 0.05 is 1 - (1 - 0.05)44 ≈ 0.90.",C039,
C039@S27.002,claim,C039,Holm-Bonferroni across the N=44 family at alpha=0.05; uncorrected FWER ~0.90,Multiple-Comparison Correction,body,Multiple-Comparison Correction,"Under Holm- Bonferroni no hypothesis survives (0 of 44): the smallest raw p is 0.125 (Transformer-AD on FEMTO), and every one of the forty-four adjusted p-values is 1.00.",C039,
C039@S27.004,claim,C039,Holm-Bonferroni across the N=44 family at alpha=0.05; uncorrected FWER ~0.90,Multiple-Comparison Correction,body,Multiple-Comparison Correction,"The family is heterogeneous in power—the three deep sequence models contribute n = 3 XJTU tests resting on the longest-lived, most warnable bearings (‡ in Table 5)— but every uncorrected p already exceeds 0.1, so this changes no rejection decision; we flag it so N = 44 is not read as forty-four equally powered tests.",C039,
C039@S27.011,claim,C039,Holm-Bonferroni across the N=44 family at alpha=0.05; uncorrected FWER ~0.90,Multiple-Comparison Correction,body,Multiple-Comparison Correction,"The answer does not change: under either metric every inferential dataset’s median run-level difference is at most a few thousandths of an hour, no detector is sign-consistent enough to reach significance, and no hypothesis survives Holm correction across the N = 44 family.",C039,
C039@S37.020,claim,C039,Holm-Bonferroni across the N=44 family at alpha=0.05; uncorrected FWER ~0.90,Limitations and Threats to Validity,body,Limitations and Threats to Validity,"An earlier pooled 15-pair Wilcoxon test treated the within-run factors as independent observations and thereby overstated significance; the run-level exact sign test cannot fall below p = 0.25 at n = 3, and after Holm correction across the forty-four-test family nothing is significant (Table 5), so the IMS result is a directional trend to be read with the multi-bearing nulls, never a significant effect.",C039,
C039@S38.002,claim,C039,Holm-Bonferroni across the N=44 family at alpha=0.05; uncorrected FWER ~0.90,Conclusion,body,Conclusion,"Across four inferential run-to-failure datasets (XJTU-SY n = 10, FEMTO/PRONOSTIA n = 6, University of Ferrara n = 6 and NASA IMS n = 3) and a real single-asset turbine SCADA case study (Appendix D.2), coarse aggregation does not destroy lead time; on IMS it shows a positive median shift for most control charts that is not consistent across the three runs, not significant at n = 3 and not surviving multiple-comparison correction across the N = 44 family.",C039,
C039@S40.001,claim,C039,Holm-Bonferroni across the N=44 family at alpha=0.05; uncorrected FWER ~0.90,Data and Code Availability,body,Data and Code Availability,"All code (detectors, leakage-free onset, gated metric, sampling sweep, conformal wrapper, run-level statistical harness and the noise/denoiser mechanism test) is released with a pinned environment (requirements.lock.txt, Python 3.13) and a test suite asserting the metric’s resistance to the latch-on exploit, the leakage-free onset and the run-level sign-test/Holm machinery.",C039,
C039@S44.020,claim,C039,Holm-Bonferroni across the N=44 family at alpha=0.05; uncorrected FWER ~0.90,Appendix C: IMS Test-3 Relabeling Justification,body,Appendix C: IMS Test-3 Relabeling Justification,"The label does not change the direction: no median flips sign between the arms, 3σ holding at +15.10 h and Hotelling T 2 at +1.17 h, and the Holm verdict of Section 6 and the headline are untouched.",C039,
C039@tab:crossds.cap04,claim,C039,Holm-Bonferroni across the N=44 family at alpha=0.05; uncorrected FWER ~0.90,tab:crossds,caption,tab:crossds,Holm over N = 44 (these 33 tests and the eleven IMS tests of Table 6): every adjusted p is 1.00.,C039,
C040@S19.001,claim,C040,"Fixed seeds, bit-reproducible; features cached; 168-test suite; no number hand-edited",Experimental Setup,body,Experimental Setup,"All experiments use a fixed random-seed protocol; stochastic detectors (Isolation Forest, the conformal wrapper) inject the seed explicitly, so runs are bit-reproducible.",C040,
C040@S19.002,claim,C040,"Fixed seeds, bit-reproducible; features cached; 168-test suite; no number hand-edited",Experimental Setup,body,Experimental Setup,"Extracted features are cached to Parquet so that the sweep, ablations, calibration and trade-off analyses consume identical features.",C040,
C040@S19.004,claim,C040,"Fixed seeds, bit-reproducible; features cached; 168-test suite; no number hand-edited",Experimental Setup,body,Experimental Setup,Every figure and table is generated from the released result tables; no number is hand-edited.,C040,
C040@S40.002,claim,C040,"Fixed seeds, bit-reproducible; features cached; 168-test suite; no number hand-edited",Data and Code Availability,body,Data and Code Availability,"Every table and figure in this paper is generated directly from the result files released in the repository under results/tables/; no number is hand-edited. results/tables/MANIFEST.md maps each table and figure to the exact file that backs it, and paper/verify_tables.py re-derives the printed values from those files and fails if any disagrees—it runs as part of the test suite, so the claim is checked rather than asserted.",C040,
C041@S00.005,claim,C041,IMS: variance-sensitive charts show a positive median shift (3 sigma +15.1 h),"Front matter: title, abstract, keywords",body,"Front matter: title, abstract, keywords",On IMS the variance-sensitive charts shift positively (3σ +15.1 h) but inconsistently across runs; no test survives Holm correction (N = 44; 0 of 44).,C041,
C041@S23.001,claim,C041,IMS: variance-sensitive charts show a positive median shift (3 sigma +15.1 h),Generalization to XJTU-SY ($n=10$ bearings),body,Generalization to XJTU-SY ($n=10$ bearings),"On the ten XJTU-SY bearings the IMS “aggregation helps” trend does not replicate (Table 5): the run-level median difference is 0 h for ten of the eleven detectors (-0.10 h for Isolation Forest), no sign test is significant (p ≥ 0.18) and no direction is consistent across bearings, while per-run differences stay within a few minutes, so aggregation does not destroy lead time either.",C041,
C041@S26.003,claim,C041,IMS: variance-sensitive charts show a positive median shift (3 sigma +15.1 h),Aggregate vs Decimate on IMS: a Positive but Inconsistent Median Shift,body,Aggregate vs Decimate on IMS: a Positive but Inconsistent Median Shift,"At the run level (Table 6) the magnitude-monitoring detectors show a positive median difference, the largest for 3σ (+15.1 h), but only CUSUM and Hotelling T 2 are sign-consistent: aggregation shortens the lead time of 3σ, EWMA and Isolation Forest on one run each, and Deep SVDD is positive in one run and tied in two.",C041,
C041@S26.005,claim,C041,IMS: variance-sensitive charts show a positive median shift (3 sigma +15.1 h),Aggregate vs Decimate on IMS: a Positive but Inconsistent Median Shift,body,Aggregate vs Decimate on IMS: a Positive but Inconsistent Median Shift,"With n = 3 the exact sign test cannot fall below p = 0.25, a floor only CUSUM and Hotelling T 2 reach, so nothing is significant or survives Holm correction: the defensible reading is a null result with a positive median direction for the magnitude-monitoring detectors.",C041,
C041@S37.002,claim,C041,IMS: variance-sensitive charts show a positive median shift (3 sigma +15.1 h),Limitations and Threats to Validity,body,Limitations and Threats to Validity,"The IMS “aggregation helps” tendency is a non-significant positive-median trend, sign-consistent only for CUSUM and Hotelling T 2 (n = 3), that does not replicate on the larger multi-bearing sets, so we claim only non-destruction as the cross-dataset headline, not a positive effect; ONGC (n = 1) is a descriptive case study with no inference.",C041,
C041@S37.005,claim,C041,IMS: variance-sensitive charts show a positive median shift (3 sigma +15.1 h),Limitations and Threats to Validity,body,Limitations and Threats to Validity,"The three campaigns that supply statistical power—XJTU-SY, FEMTO/PRONOSTIA and University of Ferrara—comprise bearings whose total lifetimes span roughly 0.7 to 8.9 h, so an aggregation effect of the magnitude observed on IMS (a run-level median of +15.1 h for the 3σ chart) could not have been observed on them even if present.",C041,
C041@S38.002,claim,C041,IMS: variance-sensitive charts show a positive median shift (3 sigma +15.1 h),Conclusion,body,Conclusion,"Across four inferential run-to-failure datasets (XJTU-SY n = 10, FEMTO/PRONOSTIA n = 6, University of Ferrara n = 6 and NASA IMS n = 3) and a real single-asset turbine SCADA case study (Appendix D.2), coarse aggregation does not destroy lead time; on IMS it shows a positive median shift for most control charts that is not consistent across the three runs, not significant at n = 3 and not surviving multiple-comparison correction across the N = 44 family.",C041,
C041@S44.020,claim,C041,IMS: variance-sensitive charts show a positive median shift (3 sigma +15.1 h),Appendix C: IMS Test-3 Relabeling Justification,body,Appendix C: IMS Test-3 Relabeling Justification,"The label does not change the direction: no median flips sign between the arms, 3σ holding at +15.10 h and Hotelling T 2 at +1.17 h, and the Holm verdict of Section 6 and the headline are untouched.",C041,
C042@S00.005,claim,C042,IMS direction is not consistent across the three runs,"Front matter: title, abstract, keywords",body,"Front matter: title, abstract, keywords",On IMS the variance-sensitive charts shift positively (3σ +15.1 h) but inconsistently across runs; no test survives Holm correction (N = 44; 0 of 44).,C042,
C042@S01.016,claim,C042,IMS direction is not consistent across the three runs,Introduction,body,Introduction,"The difference is negligible on the multi-bearing sets, positive but inconsistent in direction on IMS, and consistent with non-destruction on the turbine record.",C042,
C042@S22.012,claim,C042,IMS direction is not consistent across the three runs,Sensitivity of the Onset Definition,body,Sensitivity of the Onset Definition,"Over persistence ∈ {1, 3, 5, 10} windows (default 3; Table 4a) the median direction is stable but its run-level consistency is not: 3σ has one negative run at the default (n+/n- = 2/1, 3/0 elsewhere), EWMA is 2/1 at persistence 1, 3 and 5 and 3/0 only at 10, and Isolation Forest turns slightly negative at persistence 5.",C042,
C042@S23.005,claim,C042,IMS direction is not consistent across the three runs,Generalization to XJTU-SY ($n=10$ bearings),body,Generalization to XJTU-SY ($n=10$ bearings),"Figure 2 summarizes the cross-dataset picture: a positive but non-significant median shift on IMS that is not consistent across its three runs, and null effects on XJTU-SY, FEMTO, Ferrara and ONGC, every interval inside the ±1 h margin.",C042,
C042@S38.002,claim,C042,IMS direction is not consistent across the three runs,Conclusion,body,Conclusion,"Across four inferential run-to-failure datasets (XJTU-SY n = 10, FEMTO/PRONOSTIA n = 6, University of Ferrara n = 6 and NASA IMS n = 3) and a real single-asset turbine SCADA case study (Appendix D.2), coarse aggregation does not destroy lead time; on IMS it shows a positive median shift for most control charts that is not consistent across the three runs, not significant at n = 3 and not surviving multiple-comparison correction across the N = 44 family.",C042,
C043@S00.005,claim,C043,Nothing survives Holm correction across N=44; smallest adjusted p = 1.00,"Front matter: title, abstract, keywords",body,"Front matter: title, abstract, keywords",On IMS the variance-sensitive charts shift positively (3σ +15.1 h) but inconsistently across runs; no test survives Holm correction (N = 44; 0 of 44).,C043,
C043@S01.024,claim,C043,Nothing survives Holm correction across N=44; smallest adjusted p = 1.00,Introduction,body,Introduction,"A multi-dataset null result: with bootstrap confidence intervals and run-level tests, SCADA-rate aggregation does not destroy lead time on any of the four inferential datasets, and nothing survives Holm correction across the N = 44 family. 5.",C043,
C043@S24.001,claim,C043,Nothing survives Holm correction across N=44; smallest adjusted p = 1.00,Generalization to FEMTO/PRONOSTIA ($n=6$ bearings),body,Generalization to FEMTO/PRONOSTIA ($n=6$ bearings),"All six FEMTO Learning_set bearings are long enough for every detector, including the deep reconstruction models, to run on the full n = 6, and the verdict matches XJTU-SY (Table 5): every run-level median difference is within ±9 min, only LSTM-AE and Transformer-AD are sign-consistent, both negative (0/3 and 0/4 non-zero runs), and the smallest sign-test p is 0.125 (Transformer-AD, raw), which does not survive Holm correction.",C043,
C043@S26.005,claim,C043,Nothing survives Holm correction across N=44; smallest adjusted p = 1.00,Aggregate vs Decimate on IMS: a Positive but Inconsistent Median Shift,body,Aggregate vs Decimate on IMS: a Positive but Inconsistent Median Shift,"With n = 3 the exact sign test cannot fall below p = 0.25, a floor only CUSUM and Hotelling T 2 reach, so nothing is significant or survives Holm correction: the defensible reading is a null result with a positive median direction for the magnitude-monitoring detectors.",C043,
C043@S27.002,claim,C043,Nothing survives Holm correction across N=44; smallest adjusted p = 1.00,Multiple-Comparison Correction,body,Multiple-Comparison Correction,"Under Holm- Bonferroni no hypothesis survives (0 of 44): the smallest raw p is 0.125 (Transformer-AD on FEMTO), and every one of the forty-four adjusted p-values is 1.00.",C043,
C043@S27.011,claim,C043,Nothing survives Holm correction across N=44; smallest adjusted p = 1.00,Multiple-Comparison Correction,body,Multiple-Comparison Correction,"The answer does not change: under either metric every inferential dataset’s median run-level difference is at most a few thousandths of an hour, no detector is sign-consistent enough to reach significance, and no hypothesis survives Holm correction across the N = 44 family.",C043,
C044@S24.001,claim,C044,Smallest raw sign-test p is 0.125 (Transformer-AD on FEMTO),Generalization to FEMTO/PRONOSTIA ($n=6$ bearings),body,Generalization to FEMTO/PRONOSTIA ($n=6$ bearings),"All six FEMTO Learning_set bearings are long enough for every detector, including the deep reconstruction models, to run on the full n = 6, and the verdict matches XJTU-SY (Table 5): every run-level median difference is within ±9 min, only LSTM-AE and Transformer-AD are sign-consistent, both negative (0/3 and 0/4 non-zero runs), and the smallest sign-test p is 0.125 (Transformer-AD, raw), which does not survive Holm correction.",C044,
C044@S27.002,claim,C044,Smallest raw sign-test p is 0.125 (Transformer-AD on FEMTO),Multiple-Comparison Correction,body,Multiple-Comparison Correction,"Under Holm- Bonferroni no hypothesis survives (0 of 44): the smallest raw p is 0.125 (Transformer-AD on FEMTO), and every one of the forty-four adjusted p-values is 1.00.",C044,
C045@S00.006,claim,C045,Equivalence at delta = 1 h holds in all 33 dataset x detector cells on the three multi-bearing campaigns,"Front matter: title, abstract, keywords",body,"Front matter: title, abstract, keywords","Against a pre-specified ±1 h margin, the resolution at which a planner can act, the difference is equivalent to zero in all 33 cells of the three multi-bearing campaigns, none favouring decimation beyond -0.45 h; IMS is too wide to decide in 9 of 11 cells and favours aggregation beyond the margin in 2.",C045,
C045@S22.013,claim,C045,Equivalence at delta = 1 h holds in all 33 dataset x detector cells on the three multi-bearing campaigns,Sensitivity of the Onset Definition,body,Sensitivity of the Onset Definition,"The 3σ valid-alarm fraction stays 0.67 at full resolution but, pooled over the sampling sweep, falls from 0.67 to 0.33 by persistence 10, so a longer filter costs the deployable chart valid alarms at SCADA rates.",C045,
C045@S24.002,claim,C045,Equivalence at delta = 1 h holds in all 33 dataset x detector cells on the three multi-bearing campaigns,Generalization to FEMTO/PRONOSTIA ($n=6$ bearings),body,Generalization to FEMTO/PRONOSTIA ($n=6$ bearings),"Across the three multi-bearing campaigns all 33 dataset × detector cells are equivalent at δ = 1 h, with no interval endpoint reaching ±0.6 h, so the margin is cleared with room to spare.",C045,
C045@S29.002,claim,C045,Equivalence at delta = 1 h holds in all 33 dataset x detector cells on the three multi-bearing campaigns,Feature-Group Ablation,body,Feature-Group Ablation,"For the SPC charts the effect is sharp: rms_only is the unique group at which 3σ and EWMA reach full validity (1.00 at 0% pre-onset FAR), while spectral, envelope and all collapse all four charts to 0.33 by driving their pre-onset FAR to 42-63%, the variance-sensitive charts reacting violently to noisy extra dimensions.",C045,
C045@S29.003,claim,C045,Equivalence at delta = 1 h holds in all 33 dataset x detector cells on the three multi-bearing campaigns,Feature-Group Ablation,body,Feature-Group Ablation,"Deep SVDD fails the opposite way: its pre-onset FAR stays near 0% under every feature set, yet spectral features cut its validity to 0.33 (0.00 for spectral_only) by delaying or suppressing the alarm—missed detections, not false alarms.",C045,
C045@S37.006,claim,C045,Equivalence at delta = 1 h holds in all 33 dataset x detector cells on the three multi-bearing campaigns,Limitations and Threats to Validity,body,Limitations and Threats to Validity,"Their null therefore bounds the effect at the scale of minutes, which is what our equivalence margin reflects, not at the scale of the IMS result, while the only dataset whose runway is long enough to express such an effect has n = 3 and cannot reach significance at any margin.",C045,
C045@S40.011,claim,C045,Equivalence at delta = 1 h holds in all 33 dataset x detector cells on the three multi-bearing campaigns,Data and Code Availability,body,Data and Code Availability,"No inferential claim in this paper depends on ONGC: it is a single asset, reported descriptively, excluded from every run-level significance test and from the 33-cell cross-dataset equivalence result, which is computed on the three multi-bearing campaigns.",C045,
C045@S47.004,claim,C045,Equivalence at delta = 1 h holds in all 33 dataset x detector cells on the three multi-bearing campaigns,D.2 Single-Asset ONGC Case Study,body,D.2 Single-Asset ONGC Case Study,"On raw lead, nine of the eleven detectors alarm 30-35 h before the labeled failure (seven within 34.9-35.3 h, CUSUM at 33.9 h and Hotelling T 2 at 30.4 h), the naive RMS-trend baseline gives 22.8 h, and Deep SVDD does not alarm before failure.",C045,
C045@tab:crossds.cap03,claim,C045,Equivalence at delta = 1 h holds in all 33 dataset x detector cells on the three multi-bearing campaigns,tab:crossds,caption,tab:crossds,"Equivalent at δ = 1 h when the CI lies inside [-δ, +δ]: all 33 cells.",C045,
C045@tab:crossds.cap04,claim,C045,Equivalence at delta = 1 h holds in all 33 dataset x detector cells on the three multi-bearing campaigns,tab:crossds,caption,tab:crossds,Holm over N = 44 (these 33 tests and the eleven IMS tests of Table 6): every adjusted p is 1.00.,C045,
C045@tab:crossds.cap05,claim,C045,Equivalence at delta = 1 h holds in all 33 dataset x detector cells on the three multi-bearing campaigns,tab:crossds,caption,tab:crossds,IMS and ONGC are outside the equivalence family.,C045,
C045@fig:crossdataset.cap06,claim,C045,Equivalence at delta = 1 h holds in all 33 dataset x detector cells on the three multi-bearing campaigns,fig:crossdataset,caption,fig:crossdataset,Shaded: the ±1 h equivalence margin.,C045,
C046@S00.006,claim,C046,"IMS: intervals too wide to decide equivalence in 9 of 11 cells, favour aggregation beyond margin in 2","Front matter: title, abstract, keywords",body,"Front matter: title, abstract, keywords","Against a pre-specified ±1 h margin, the resolution at which a planner can act, the difference is equivalent to zero in all 33 cells of the three multi-bearing campaigns, none favouring decimation beyond -0.45 h; IMS is too wide to decide in 9 of 11 cells and favours aggregation beyond the margin in 2.",C046,
C047@S00.006,claim,C047,The +-1 h margin is justified as the resolution at which a planner can act (not sub-hour differences),"Front matter: title, abstract, keywords",body,"Front matter: title, abstract, keywords","Against a pre-specified ±1 h margin, the resolution at which a planner can act, the difference is equivalent to zero in all 33 cells of the three multi-bearing campaigns, none favouring decimation beyond -0.45 h; IMS is too wide to decide in 9 of 11 cells and favours aggregation beyond the margin in 2.",C047,D17
C047@S01.017,claim,C047,The +-1 h margin is justified as the resolution at which a planner can act (not sub-hour differences),Introduction,body,Introduction,"The defensible conclusion is bounded nondestruction: no dataset × detector cell shows decimation superior beyond a ±1 h operational margin, the resolution at which a planner can act (Section 6.4).",C047,D17
C048@S01.017,claim,C048,No cell shows decimation superior beyond the +-1 h margin; cells favouring decimation do so by less than it,Introduction,body,Introduction,"The defensible conclusion is bounded nondestruction: no dataset × detector cell shows decimation superior beyond a ±1 h operational margin, the resolution at which a planner can act (Section 6.4).",C048,D18/D16
C048@S38.003,claim,C048,No cell shows decimation superior beyond the +-1 h margin; cells favouring decimation do so by less than it,Conclusion,body,Conclusion,No dataset × detector cell shows decimation superior beyond a ±1 h operational margin.,C048,D18/D16
C049@S00.006,claim,C049,"Five cells have an interval wholly below zero; the widest (3 sigma, FEMTO) reaches only -0.45 h","Front matter: title, abstract, keywords",body,"Front matter: title, abstract, keywords","Against a pre-specified ±1 h margin, the resolution at which a planner can act, the difference is equivalent to zero in all 33 cells of the three multi-bearing campaigns, none favouring decimation beyond -0.45 h; IMS is too wide to decide in 9 of 11 cells and favours aggregation beyond the margin in 2.",C049,D18/D16
C049@S24.003,claim,C049,"Five cells have an interval wholly below zero; the widest (3 sigma, FEMTO) reaches only -0.45 h",Generalization to FEMTO/PRONOSTIA ($n=6$ bearings),body,Generalization to FEMTO/PRONOSTIA ($n=6$ bearings),"Exactly five cells have an interval lying wholly below zero—Isolation Forest on XJTU-SY, and 3σ (mean -0.21 h, [-0.45, -0.04]), LSTMAE, RMS-trend and Transformer-AD on FEMTO—and every one favours decimation by less than the ±1 h margin.",C049,D18/D16
C050@S37.004,claim,C050,"Lifetime asymmetry: short-lived campaigns could not show an IMS-sized effect, so the null bounds it at the scale of minutes",Limitations and Threats to Validity,body,Limitations and Threats to Validity,A structural asymmetry limits what the cross-dataset null can establish.,C050,D20
C050@S37.005,claim,C050,"Lifetime asymmetry: short-lived campaigns could not show an IMS-sized effect, so the null bounds it at the scale of minutes",Limitations and Threats to Validity,body,Limitations and Threats to Validity,"The three campaigns that supply statistical power—XJTU-SY, FEMTO/PRONOSTIA and University of Ferrara—comprise bearings whose total lifetimes span roughly 0.7 to 8.9 h, so an aggregation effect of the magnitude observed on IMS (a run-level median of +15.1 h for the 3σ chart) could not have been observed on them even if present.",C050,D20
C050@S37.006,claim,C050,"Lifetime asymmetry: short-lived campaigns could not show an IMS-sized effect, so the null bounds it at the scale of minutes",Limitations and Threats to Validity,body,Limitations and Threats to Validity,"Their null therefore bounds the effect at the scale of minutes, which is what our equivalence margin reflects, not at the scale of the IMS result, while the only dataset whose runway is long enough to express such an effect has n = 3 and cannot reach significance at any margin.",C050,D20
C050@S37.007,claim,C050,"Lifetime asymmetry: short-lived campaigns could not show an IMS-sized effect, so the null bounds it at the scale of minutes",Limitations and Threats to Validity,body,Limitations and Threats to Validity,"We therefore claim non-destruction at short bearing lifetimes, where the evidence is strong, and consistency with—not demonstration of—non-destruction at the multi-week lifetimes typical of industrial assets.",C050,D20
C050@S37.027,claim,C050,"Lifetime asymmetry: short-lived campaigns could not show an IMS-sized effect, so the null bounds it at the scale of minutes",Limitations and Threats to Validity,body,Limitations and Threats to Validity,"Two extensions would sharpen these conclusions most directly: run-to-failure campaigns on long-life bearings typical of industrial service, whose multi-week runway could express an aggregation effect that short laboratory bearings cannot; and comparable work on other bearing types and geometries, since the four inferential datasets are all rolling-element bearings under approximately steady speed and load and the single real-asset record is one gas-turbine compressor bearing.",C050,D20
C050@S38.004,claim,C050,"Lifetime asymmetry: short-lived campaigns could not show an IMS-sized effect, so the null bounds it at the scale of minutes",Conclusion,body,Conclusion,"That null is bounded by the scale of the evidence: the three campaigns supplying the statistical power comprise bearings of 0.7-8.9 h total life, on which an aggregation effect of the IMS magnitude could not have been observed, so the result bounds the effect at the scale of minutes and the multi-week runway remains untested.",C050,D20
C051@S00.009,claim,C051,"On the short-lived bearings tested, deep reconstruction models do not overtake control charts at any training fraction in [0.20, 0.60]","Front matter: title, abstract, keywords",body,"Front matter: title, abstract, keywords","On these bearings deep models do not overtake the charts at any training fraction in [0.20, 0.60]; long-runway assets remain open.",C051,F3/G4
C051@S01.025,claim,C051,"On the short-lived bearings tested, deep reconstruction models do not overtake control charts at any training fraction in [0.20, 0.60]",Introduction,body,Introduction,"Validation of a conformal detector for distribution-free false-alarm control; a lead-time-vs-false-alarm trade-off analysis; feature-group and spectral ablations that localize the prognostic signal to time-domain statistics on IMS; and deep reconstruction models (a long short-term memory (LSTM) autoencoder, a temporal convolutional network autoencoder (TCN-AE) and a transformer anomaly detector) that do not become competitive with SPC charts at training fractions in [0.20, 0.60] on short-lived bearings, a crossover on long-runway assets remaining open (Section 6.12).",C051,F3/G4
C051@S14.005,claim,C051,"On the short-lived bearings tested, deep reconstruction models do not overtake control charts at any training fraction in [0.20, 0.60]",Detectors,body,Detectors,"We include them as a modern-baseline comparison and to test whether a finite commissioning-data requirement makes them competitive with SPC charts (Section 6.12), without per-dataset tuning, the same fixed-protocol fairness applied to the charts.",C051,F3/G4
C051@S31.005,claim,C051,"On the short-lived bearings tested, deep reconstruction models do not overtake control charts at any training fraction in [0.20, 0.60]",Minimum Training Data for Deep Anomaly Detectors,body,Minimum Training Data for Deep Anomaly Detectors,There is no crossover (Figure 6).,C051,F3/G4
C051@S31.012,claim,C051,"On the short-lived bearings tested, deep reconstruction models do not overtake control charts at any training fraction in [0.20, 0.60]",Minimum Training Data for Deep Anomaly Detectors,body,Minimum Training Data for Deep Anomaly Detectors,"On bearings of the lifetimes tested here, control charts should therefore be preferred regardless of how much run-in history is available, because the deep reconstruction models do not overtake them anywhere in the [0.20, 0.60] training range.",C051,F3/G4
C051@S38.005,claim,C051,"On the short-lived bearings tested, deep reconstruction models do not overtake control charts at any training fraction in [0.20, 0.60]",Conclusion,body,Conclusion,"On the short-lived bearings tested, the deep reconstruction models do not overtake the control charts at any training fraction in [0.20, 0.60]; whether a crossover exists on long-runway assets is left open.",C051,F3/G4
C052@S31.014,claim,C052,Whether a crossover exists on long-runway assets is left open,Minimum Training Data for Deep Anomaly Detectors,body,Minimum Training Data for Deep Anomaly Detectors,"Whether a crossover appears on genuinely long-running assets, where a deep model could see orders of magnitude more normal windows, is the central open question (Section 8).",C052,F3/G4
C052@S38.005,claim,C052,Whether a crossover exists on long-runway assets is left open,Conclusion,body,Conclusion,"On the short-lived bearings tested, the deep reconstruction models do not overtake the control charts at any training fraction in [0.20, 0.60]; whether a crossover exists on long-runway assets is left open.",C052,F3/G4
C053@S01.015,claim,C053,Bounded non-destruction is the defensible cross-dataset conclusion,Introduction,body,Introduction,The folklore is refuted on every dataset tested: historian-style aggregation does not destroy lead time.,C053,
C053@S01.016,claim,C053,Bounded non-destruction is the defensible cross-dataset conclusion,Introduction,body,Introduction,"The difference is negligible on the multi-bearing sets, positive but inconsistent in direction on IMS, and consistent with non-destruction on the turbine record.",C053,
C053@S01.024,claim,C053,Bounded non-destruction is the defensible cross-dataset conclusion,Introduction,body,Introduction,"A multi-dataset null result: with bootstrap confidence intervals and run-level tests, SCADA-rate aggregation does not destroy lead time on any of the four inferential datasets, and nothing survives Holm correction across the N = 44 family. 5.",C053,
C053@S23.001,claim,C053,Bounded non-destruction is the defensible cross-dataset conclusion,Generalization to XJTU-SY ($n=10$ bearings),body,Generalization to XJTU-SY ($n=10$ bearings),"On the ten XJTU-SY bearings the IMS “aggregation helps” trend does not replicate (Table 5): the run-level median difference is 0 h for ten of the eleven detectors (-0.10 h for Isolation Forest), no sign test is significant (p ≥ 0.18) and no direction is consistent across bearings, while per-run differences stay within a few minutes, so aggregation does not destroy lead time either.",C053,
C053@S24.004,claim,C053,Bounded non-destruction is the defensible cross-dataset conclusion,Generalization to FEMTO/PRONOSTIA ($n=6$ bearings),body,Generalization to FEMTO/PRONOSTIA ($n=6$ bearings),"These cells bound rather than overturn the conclusion: the direction of any residual effect is dataset-specific noise, while the replicated conclusion is non-destruction.",C053,
C053@S34.004,claim,C053,Bounded non-destruction is the defensible cross-dataset conclusion,Why the IMS Trend Appears but Is Neutral Elsewhere,body,Why the IMS Trend Appears but Is Neutral Elsewhere,"The synthesis is therefore not “averaging helps” but bounded non-destruction: across very different regimes nothing favours decimation beyond the operational margin, and where the signal is noisy and the runway long, aggregation tends to stabilize the health statistic.",C053,
C053@S37.002,claim,C053,Bounded non-destruction is the defensible cross-dataset conclusion,Limitations and Threats to Validity,body,Limitations and Threats to Validity,"The IMS “aggregation helps” tendency is a non-significant positive-median trend, sign-consistent only for CUSUM and Hotelling T 2 (n = 3), that does not replicate on the larger multi-bearing sets, so we claim only non-destruction as the cross-dataset headline, not a positive effect; ONGC (n = 1) is a descriptive case study with no inference.",C053,
C053@S37.007,claim,C053,Bounded non-destruction is the defensible cross-dataset conclusion,Limitations and Threats to Validity,body,Limitations and Threats to Validity,"We therefore claim non-destruction at short bearing lifetimes, where the evidence is strong, and consistency with—not demonstration of—non-destruction at the multi-week lifetimes typical of industrial assets.",C053,
C053@S38.002,claim,C053,Bounded non-destruction is the defensible cross-dataset conclusion,Conclusion,body,Conclusion,"Across four inferential run-to-failure datasets (XJTU-SY n = 10, FEMTO/PRONOSTIA n = 6, University of Ferrara n = 6 and NASA IMS n = 3) and a real single-asset turbine SCADA case study (Appendix D.2), coarse aggregation does not destroy lead time; on IMS it shows a positive median shift for most control charts that is not consistent across the three runs, not significant at n = 3 and not surviving multiple-comparison correction across the N = 44 family.",C053,
C053@S38.006,claim,C053,Bounded non-destruction is the defensible cross-dataset conclusion,Conclusion,body,Conclusion,"The contribution is a reproducible methodology and a counterintuitive empirical result: non-destruction, not a guaranteed positive effect.",C053,
C054@S00.010,claim,C054,"Code, detectors and result tables are released on GitHub (and Zenodo)","Front matter: title, abstract, keywords",body,"Front matter: title, abstract, keywords",Code and results: https://github.com/ Ansh-Goyal01/Scada-Leadtime-Benchmark.,C054,
C054@S37.023,claim,C054,"Code, detectors and result tables are released on GitHub (and Zenodo)",Limitations and Threats to Validity,body,Limitations and Threats to Validity,"Groups with long-running industrial historian archives (gas turbines, compressors, paper machines) can apply the released pipeline directly; loader templates for every public dataset format used here are included in the repository at https://github.com/Ansh-Goyal01/ Scada-Leadtime-Benchmark to minimize integration effort.",C054,
C054@S38.008,claim,C054,"Code, detectors and result tables are released on GitHub (and Zenodo)",Conclusion,body,Conclusion,"We release the full harness, detectors, tests, and the exact tables and figures of this paper to support replication and extension.",C054,
C054@S40.004,claim,C054,"Code, detectors and result tables are released on GitHub (and Zenodo)",Data and Code Availability,body,Data and Code Availability,Repository: https://github.com/ Ansh-Goyal01/Scada-Leadtime-Benchmark.,C054,
C054@S40.005,claim,C054,"Code, detectors and result tables are released on GitHub (and Zenodo)",Data and Code Availability,body,Data and Code Availability,A versioned snapshot is archived on Zenodo at the concept DOI https://doi.org/10.5281/zenodo.20719076.,C054,
C055@S03.009,claim,C055,"Related work: NAB (Lavin), Tatbul range PR, Wu & Keogh flawed benchmarks, Lorden/Moustakides/Pollak change detection","Prognostics, CBM, and Lead-Time Metrics",body,"Prognostics, CBM, and Lead-Time Metrics","The Numenta Anomaly Benchmark (Lavin & Ahmad, 2015) scores streaming detectors under an application profile that rewards early detection and penalises false positives, making our gate’s commitment in another domain: earliness cannot be assessed independently of nuisance-alarm behaviour.",C055,D1/F1/G6
C055@S03.013,claim,C055,"Related work: NAB (Lavin), Tatbul range PR, Wu & Keogh flawed benchmarks, Lorden/Moustakides/Pollak change detection","Prognostics, CBM, and Lead-Time Metrics",body,"Prognostics, CBM, and Lead-Time Metrics","Tatbul, Lee, Zdonik, Alam, and Gottschlich (2018) generalise precision and recall from points to ranges with a tunable positional bias, so early detection within an anomalous interval can be rewarded, and Wu and Keogh (2023) argue that widely used benchmarks admit trivial solutions and overstate progress.",C055,D1/F1/G6
C055@S04.009,claim,C055,"Related work: NAB (Lavin), Tatbul range PR, Wu & Keogh flawed benchmarks, Lorden/Moustakides/Pollak change detection",Anomaly Detectors and Control Charts,body,Anomaly Detectors and Control Charts,"Lorden (1971) posed the minimax problem of minimising worst-case detection delay subject to a lower bound on the average run length to false alarm, Moustakides (1986) showed that the cumulative sum (CUSUM) chart of Page (1954) is exactly optimal under that criterion, and Pollak (1985) gives the corresponding result for a revised delay measure.",C055,D1/F1/G6
C056@S00.011,claim,C056,"PH vs gated L: PH ranks Hotelling T2, IF, EWMA first, none valid at 10%; the gated metric picks 3 sigma","Front matter: title, abstract, keywords",body,"Front matter: title, abstract, keywords","Keywords: bearing anomaly detection, lead-time metric, false-alarm gating, SCADA historian, prognostic horizon, statistical process control, conformal prediction",C056,
C056@S01.006,claim,C056,"PH vs gated L: PH ranks Hotelling T2, IF, EWMA first, none valid at 10%; the gated metric picks 3 sigma",Introduction,body,Introduction,"Time-aware prognostic metrics have long been advocated (Saxena et al., 2008; Saxena, Celaya, Saha, Saha, & Goebel, 2010; Goebel, Saha, & Saxena, 2011), yet lead time is rarely the headline quantity in detector benchmarks, and ad hoc definitions are easy to game: without a false-alarm constraint, a detector that alarms from the first sample—a “latchon” exploit—earns the full run length as lead time while being operationally useless.",C056,
C056@S01.021,claim,C056,"PH vs gated L: PH ranks Hotelling T2, IF, EWMA first, none valid at 10%; the gated metric picks 3 sigma",Introduction,body,Introduction,"A formal comparison showing that gating changes the answer, to our knowledge the first: the ungated Saxena prognostic horizon (PH) makes a different and operationally misleading recommendation (Section 6.11).",C056,
C056@S01.022,claim,C056,"PH vs gated L: PH ranks Hotelling T2, IF, EWMA first, none valid at 10%; the gated metric picks 3 sigma",Introduction,body,Introduction,"On IMS the seven detectors PH ranks highest—the deep models, the one-class SVM, Hotelling T 2, Isolation Forest and the exponentially weighted moving average (EWMA) chart—have no valid operating point at a 10% budget; the gated metric picks 3σ, PH’s eighth. 3.",C056,
C056@S03.002,claim,C056,"PH vs gated L: PH ranks Hotelling T2, IF, EWMA first, none valid at 10%; the gated metric picks 3 sigma","Prognostics, CBM, and Lead-Time Metrics",body,"Prognostics, CBM, and Lead-Time Metrics",Saxena et al.,C056,
C056@S03.003,claim,C056,"PH vs gated L: PH ranks Hotelling T2, IF, EWMA first, none valid at 10%; the gated metric picks 3 sigma","Prognostics, CBM, and Lead-Time Metrics",body,"Prognostics, CBM, and Lead-Time Metrics","(2008), Saxena et al.",C056,
C056@S03.005,claim,C056,"PH vs gated L: PH ranks Hotelling T2, IF, EWMA first, none valid at 10%; the gated metric picks 3 sigma","Prognostics, CBM, and Lead-Time Metrics",body,"Prognostics, CBM, and Lead-Time Metrics","(2011) propose prognostic-performance metrics (prognostic horizon, α-λ accuracy, relative accuracy and timeliness) that reward early, well-calibrated predictions.",C056,
C056@S03.007,claim,C056,"PH vs gated L: PH ranks Hotelling T2, IF, EWMA first, none valid at 10%; the gated metric picks 3 sigma","Prognostics, CBM, and Lead-Time Metrics",body,"Prognostics, CBM, and Lead-Time Metrics","We depart from prior practice by making the false-alarm budget part of the metric’s validity condition rather than a separately reported number, which closes the latch-on loophole, and we give what is to our knowledge the first formal comparison showing that an ungated prognostic horizon ranks detectors differently, and misleadingly, from a false-alarmbudgeted metric (Section 6.11).",C056,
C056@S30.002,claim,C056,"PH vs gated L: PH ranks Hotelling T2, IF, EWMA first, none valid at 10%; the gated metric picks 3 sigma",Comparison with the Saxena Prognostic Horizon,body,Comparison with the Saxena Prognostic Horizon,"We test this against the most widely used ungated warning-time metric, the Saxena prognostic horizon (PH) (Saxena et al., 2008, 2010): PH = max(0, (tf - FAT)/3600) hours, with no false-alarm constraint.",C056,
C056@S30.004,claim,C056,"PH vs gated L: PH ranks Hotelling T2, IF, EWMA first, none valid at 10%; the gated metric picks 3 sigma",Comparison with the Saxena Prognostic Horizon,body,Comparison with the Saxena Prognostic Horizon,PH is maximized by the latch-on detector.,C056,
C056@S30.005,claim,C056,"PH vs gated L: PH ranks Hotelling T2, IF, EWMA first, none valid at 10%; the gated metric picks 3 sigma",Comparison with the Saxena Prognostic Horizon,body,Comparison with the Saxena Prognostic Horizon,"On the three IMS runs the constant-on detector earns the full run length as PH (164-1073 h) while flooding the pre-onset region (FARpre ≈ 1), so the gated metric scores it L = 0 on every run; the onset oracle is the mirror image, with zero pre-onset false alarms and the maximum achievable lead (12.9, 62.5 and 44.5 h).",C056,
C056@S30.006,claim,C056,"PH vs gated L: PH ranks Hotelling T2, IF, EWMA first, none valid at 10%; the gated metric picks 3 sigma",Comparison with the Saxena Prognostic Horizon,body,Comparison with the Saxena Prognostic Horizon,PH and L disagree on deployable detectors too.,C056,
C056@S30.008,claim,C056,"PH vs gated L: PH ranks Hotelling T2, IF, EWMA first, none valid at 10%; the gated metric picks 3 sigma",Comparison with the Saxena Prognostic Horizon,body,Comparison with the Saxena Prognostic Horizon,"The seven detectors PH ranks highest—LSTM-AE 199.6 h, TCN-AE 185.4 h, Transformer-AD 184.0 h, the one-class SVM 180.2 h, Hotelling T 2 176.9 h, Isolation Forest 174.7 h and EWMA 89.1 h—have no valid operating point under a 10% falsealarm budget, so their gated lead is L = 0; the deep models alarm through 61-100% of every pre-onset region. 3σ, which PH ranks only eighth (77.0 h raw), is the one that clears the budget (56.3 h of lead at 8.9% pre-onset FAR) and the correct recommendation; CUSUM (65.0 h, PH’s ninth) also scores L = 0, and Deep SVDD, ranked last by PH, rises to a valid 14.8 h.",C056,
C056@S30.009,claim,C056,"PH vs gated L: PH ranks Hotelling T2, IF, EWMA first, none valid at 10%; the gated metric picks 3 sigma",Comparison with the Saxena Prognostic Horizon,body,Comparison with the Saxena Prognostic Horizon,"Any warning-time metric that does not gate on FARpre can be driven to its maximum by loosening the alarm threshold, in the limit to the constant-on detector; ours closes this by construction and PH does not.",C056,
C056@S30.010,claim,C056,"PH vs gated L: PH ranks Hotelling T2, IF, EWMA first, none valid at 10%; the gated metric picks 3 sigma",Comparison with the Saxena Prognostic Horizon,body,Comparison with the Saxena Prognostic Horizon,"On IMS this changes the recommended detector from the ones PH ranks first by raw lead to 3σ, the only classical chart with a valid operating point at a 10% budget: PH rewards precisely the detectors a false-alarm-budgeted operator must avoid. 6.12.",C056,
C056@tab:imsdet.cap01,claim,C056,"PH vs gated L: PH ranks Hotelling T2, IF, EWMA first, none valid at 10%; the gated metric picks 3 sigma",tab:imsdet,caption,tab:imsdet,"IMS, all eleven detectors in prognostic-horizon order (PH rank 1-11).",C056,
C056@tab:imsdet.cap03,claim,C056,"PH vs gated L: PH ranks Hotelling T2, IF, EWMA first, none valid at 10%; the gated metric picks 3 sigma",tab:imsdet,caption,tab:imsdet,"PH: best raw lead over the 95th, 99th and 99.5th percentiles.",C056,
C057@S04.011,claim,C057,CUSUM/EWMA have no valid operating point on IMS at 10%: pre-onset FAR 19.0-19.8% / 19.0-22.1%,Anomaly Detectors and Control Charts,body,Anomaly Detectors and Control Charts,"The two can disagree: CUSUM has no valid operating point on IMS at a 10% budget, because its pre-onset false-alarm rate sits at 19.0-19.8% across every threshold we sweep. 2.3.",C057,
C057@S28.003,claim,C057,CUSUM/EWMA have no valid operating point on IMS at 10%: pre-onset FAR 19.0-19.8% / 19.0-22.1%,Lead-Time--vs--False-Alarm Trade-off,body,Lead-Time--vs--False-Alarm Trade-off,"Hotelling T 2 has the highest raw lead of any control chart but exceeds the τ = 10% budget at every threshold tested, so it has no valid operating point on IMS; EWMA and CUSUM behave the same way, their pre-onset FAR sitting at 19.0-22.1% across the swept thresholds, so neither memory-based chart should be recommended under a 10% budget.",C057,
C058@S04.005,claim,C058,Published FEMTO/XJTU RUL scores are not comparable to gated lead time (category error),Anomaly Detectors and Control Charts,body,Anomaly Detectors and Control Charts,"The IEEE PHM 2012 challenge and later remaining-useful-life (RUL) studies on FEMTO/PRONOSTIA and XJTU-SY (Wang, Lei, Li, & Li, 2020; Nectoux et al., 2012) report a RUL-error score on deliberately truncated Test and Validation copies.",C058,
C058@S04.006,claim,C058,Published FEMTO/XJTU RUL scores are not comparable to gated lead time (category error),Anomaly Detectors and Control Charts,body,Anomaly Detectors and Control Charts,"It is not comparable to ours: they estimate a continuous RUL on runs with no observed failure and report no false-alarm rate, so their scores say nothing about whether an alarm would survive our τ gate, whereas we measure early-warning lead time on complete run-to-failure trajectories; tabulating one against the other would be a category error.",C058,
C058@S08.010,claim,C058,Published FEMTO/XJTU RUL scores are not comparable to gated lead time (category error),Datasets,body,Datasets,"We exclude the Paderborn dataset (Lessmeier, Kimotho, Zimmer, & Sextro, 2016): its pre-damaged bearings are measured at fixed conditions for fault classification, with no degradation timeline and no failure event, so it cannot test a lead-time or sampling claim, and using it would be a category error rather than a larger dataset count.",C058,
C059@S21.001,claim,C059,Deep reconstruction models post the longest raw IMS leads (183-198 h) but have no valid operating point,Lead Time and Confidence Intervals on IMS,body,Lead Time and Confidence Intervals on IMS,"On raw (ungated) lead, with 95% bootstrap CIs over the n = 3 runs, the three deep reconstruction models top Table 2 with 183-198 h, followed by the one-class SVM, with Hotelling T 2 leading the control charts; the intervals are wide at n = 3, which is why the XJTU-SY, FEMTO and Ferrara campaigns follow.",C059,D3
C060@S21.003,claim,C060,Deep models score L=0 on all IMS runs at the 97.5th percentile; pre-onset FAR 61-100%,Lead Time and Confidence Intervals on IMS,body,Lead Time and Confidence Intervals on IMS,The deep models score L = 0 on all three IMS runs (valid-alarm fraction 0/3) because at the 97.5th-percentile threshold their pre-onset FAR ranges from 61% on test 3 to 100% on tests 1-2.,C060,D3
C060@S30.008,claim,C060,Deep models score L=0 on all IMS runs at the 97.5th percentile; pre-onset FAR 61-100%,Comparison with the Saxena Prognostic Horizon,body,Comparison with the Saxena Prognostic Horizon,"The seven detectors PH ranks highest—LSTM-AE 199.6 h, TCN-AE 185.4 h, Transformer-AD 184.0 h, the one-class SVM 180.2 h, Hotelling T 2 176.9 h, Isolation Forest 174.7 h and EWMA 89.1 h—have no valid operating point under a 10% falsealarm budget, so their gated lead is L = 0; the deep models alarm through 61-100% of every pre-onset region. 3σ, which PH ranks only eighth (77.0 h raw), is the one that clears the budget (56.3 h of lead at 8.9% pre-onset FAR) and the correct recommendation; CUSUM (65.0 h, PH’s ninth) also scores L = 0, and Deep SVDD, ranked last by PH, rises to a valid 14.8 h.",C060,D3
C061@S21.004,claim,C061,"LSTM-AE is valid at the 99.5th percentile on test 3 alone (59.7 h, 4.19% FAR, stable over ten seeds)",Lead Time and Confidence Intervals on IMS,body,Lead Time and Confidence Intervals on IMS,"Across the swept percentiles (Table 9) TCN-AE and Transformer-AD never attain a valid operating point, while LSTM-AE attains one at the 99.5th percentile on test 3 alone (59.67 h of lead at 4.19% pre-onset FAR, unchanged across ten random seeds), leaving its valid-alarm fraction at 1/3; its pre-onset FAR averaged across the three runs, 62.00%, is why the across-run gate of Table 2 scores it 0.0.",C061,D3
C062@S21.002,claim,C062,Under the budget 3 sigma and Deep SVDD are the deployable choices,Lead Time and Confidence Intervals on IMS,body,Lead Time and Confidence Intervals on IMS,"The false-alarm budget overturns this ordering: the daggered detectors post their long leads only by flooding the pre-onset region and have no valid operating point under τ = 10%, leaving 3σ and Deep SVDD as the deployable choices (Section 6.11 makes the reordering formal).",C062,
C062@S22.013,claim,C062,Under the budget 3 sigma and Deep SVDD are the deployable choices,Sensitivity of the Onset Definition,body,Sensitivity of the Onset Definition,"The 3σ valid-alarm fraction stays 0.67 at full resolution but, pooled over the sampling sweep, falls from 0.67 to 0.33 by persistence 10, so a longer filter costs the deployable chart valid alarms at SCADA rates.",C062,
C062@S30.006,claim,C062,Under the budget 3 sigma and Deep SVDD are the deployable choices,Comparison with the Saxena Prognostic Horizon,body,Comparison with the Saxena Prognostic Horizon,PH and L disagree on deployable detectors too.,C062,
C063@S22.002,claim,C063,"IMS onset stable to k in {3,4,5}: moves < 2% of run span",Sensitivity of the Onset Definition,body,Sensitivity of the Onset Definition,"Across k ∈ {3, 4, 5} the default onset moves by less than two percent of run span on every run (Table 3).",C063,
C063@S37.014,claim,C063,"IMS onset stable to k in {3,4,5}: moves < 2% of run span",Limitations and Threats to Validity,body,Limitations and Threats to Validity,"The onset, although leakage-free and stable to k ∈ {3, 4, 5}, is not the ground-truth defect-initiation time, which is unobservable in these datasets.",C063,
C064@S12.010,claim,C064,"IMS test 1 onset at ~98% of span, ~12.9 h before failure; pre-onset region already contains degradation",Leakage-Free Degradation Onset,body,Leakage-Free Degradation Onset,"This accounts for Table 3, where the abrupt first IMS test agrees across all three health indicators at 98-99% of span while the slow-degrading second and third tests move substantially.",C064,
C064@S22.003,claim,C064,"IMS test 1 onset at ~98% of span, ~12.9 h before failure; pre-onset region already contains degradation",Sensitivity of the Onset Definition,body,Sensitivity of the Onset Definition,"On the first IMS test it sits at ∼98% of span, only ∼12.9 h before failure, so that run’s “pre-onset” region is almost the entire record and may already contain early degradation, which explains the conformal result below.",C064,
C064@S22.010,claim,C064,"IMS test 1 onset at ~98% of span, ~12.9 h before failure; pre-onset region already contains degradation",Sensitivity of the Onset Definition,body,Sensitivity of the Onset Definition,"The onset is not invariant: on the slow-degrading test 2 a kurtosis-only onset fires at 98.8% of span against the default’s 61.9%, because amplitude rises before impulsiveness there, so absolute lead magnitudes depend on the indicator; test 1 agrees across all three definitions (∼98-99% of span).",C064,
C064@S25.003,claim,C064,"IMS test 1 onset at ~98% of span, ~12.9 h before failure; pre-onset region already contains degradation",Generalization to University of Ferrara ($n=6$ bearings),body,Generalization to University of Ferrara ($n=6$ bearings),"The larger per-run negatives (-0.5 to -1.1 h) are all on E1, whose onset sits within ∼0.1 h of failure (an abrupt, near-coincident-onset bearing like IMS test 1), not a systematic aggregation penalty.",C064,
C064@S30.005,claim,C064,"IMS test 1 onset at ~98% of span, ~12.9 h before failure; pre-onset region already contains degradation",Comparison with the Saxena Prognostic Horizon,body,Comparison with the Saxena Prognostic Horizon,"On the three IMS runs the constant-on detector earns the full run length as PH (164-1073 h) while flooding the pre-onset region (FARpre ≈ 1), so the gated metric scores it L = 0 on every run; the onset oracle is the mirror image, with zero pre-onset false alarms and the maximum achievable lead (12.9, 62.5 and 44.5 h).",C064,
C064@S46.007,claim,C064,"IMS test 1 onset at ~98% of span, ~12.9 h before failure; pre-onset region already contains degradation",D.1 Generic Smoothing vs.\ Historian Averaging,body,D.1 Generic Smoothing vs.\ Historian Averaging,"The lone large negative, the -7.94 h native-noise entry, is IMS test 1, the abrupt near-coincident-onset run whose degradation begins only ∼12 h before failure, which also violates the conformal guarantee (Figure 4a) and is unwarnable under every feature set.",C064,
C065@S22.005,claim,C065,"Short-bearing onset stability on sixteen bearings (median spread 1.0 / 0.15 / 1.6 pp; exceptions B1_2, B1_1 8.9 pts)",Sensitivity of the Onset Definition,body,Sensitivity of the Onset Definition,"Because the fixed-sample tolerances are a larger fraction of a sub-2-hour bearing than of a multi-week IMS run, we repeat the k sweep on all sixteen short XJTU and FEMTO bearings.",C065,
C065@S22.006,claim,C065,"Short-bearing onset stability on sixteen bearings (median spread 1.0 / 0.15 / 1.6 pp; exceptions B1_2, B1_1 8.9 pts)",Sensitivity of the Onset Definition,body,Sensitivity of the Onset Definition,"Every one yields an onset at the default k, including the shortest (XJTU Bearing2_4 at 42 min, FEMTO Bearing3_1 at 1.43 h), and the median across-k spread is 1.0 percentage points of span on XJTU and 0.15 on FEMTO, versus 1.6 on IMS.",C065,
C065@S22.007,claim,C065,"Short-bearing onset stability on sixteen bearings (median spread 1.0 / 0.15 / 1.6 pp; exceptions B1_2, B1_1 8.9 pts)",Sensitivity of the Onset Definition,body,Sensitivity of the Onset Definition,"The exceptions are XJTU Bearing1_2, which fires at only one of the three k values, and FEMTO Bearing1_1, with the widest spread (8.9 points); both are short-lived bearings the per-bearing analysis already flags as hard.",C065,
C066@S22.008,claim,C066,Decoupled onset indicators move the onset (98.8% vs 61.9% on test 2); lead magnitudes depend on the indicator,Sensitivity of the Onset Definition,body,Sensitivity of the Onset Definition,Onset under a decoupled health indicator.,C066,
C066@S22.010,claim,C066,Decoupled onset indicators move the onset (98.8% vs 61.9% on test 2); lead magnitudes depend on the indicator,Sensitivity of the Onset Definition,body,Sensitivity of the Onset Definition,"The onset is not invariant: on the slow-degrading test 2 a kurtosis-only onset fires at 98.8% of span against the default’s 61.9%, because amplitude rises before impulsiveness there, so absolute lead magnitudes depend on the indicator; test 1 agrees across all three definitions (∼98-99% of span).",C066,
C066@S40.009,claim,C066,Decoupled onset indicators move the onset (98.8% vs 61.9% on test 2); lead magnitudes depend on the indicator,Data and Code Availability,body,Data and Code Availability,"Released, so that the n = 1 case study can be repeated rather than merely inspected, are the derived files behind every ONGC number in this paper (all paths relative to results/tables/): the degradation health-indicator series in ongc_health_ indicator.csv, a single baseline-standardized scalar per 10 s timestamp aggregated over all four channels, with the run-level split, onset and failure markers in ongc_ onset_markers.csv—the published onset of 2023-1113 03:44 is recomputable from these two files alone, with no proprietary input, and the repository’s test suite asserts exactly that; per-detector lead time and pre-onset false-alarm rate, together with the full post-N-20 sampling sweep (both modes × five factors × eleven detectors, 110 rows), in n20_rerun_long_ONGC.csv, with its aggregated and interval forms in benchmark_ONGC_aggregate_ n20.csv and benchmark_ONGC_leadtime_ci_ n20.csv; the per-detector ONGC median differences of Table 6 in n20_ongc_minutes.csv; the paired-test outputs in benchmark_ONGC_paired_test_n20. csv; the conformal calibration series behind Figure 4d in calibration_ONGC.csv and calibration_ ONGC_pooled.csv; and the onset reruns under the two decoupled health indicators in rg3_rerun_long_ONGC_ rms_kurt.csv and rg3_rerun_long_ONGC_pca1. csv, both of which are the pre-N-20 arm, retained as provenance for the indicator comparison; no number reported here depends on them, and the aggregate-vs-decimate contrast is taken from the post-N-20 files named above.",C066,
C066@tab:onset.cap03,claim,C066,Decoupled onset indicators move the onset (98.8% vs 61.9% on test 2); lead magnitudes depend on the indicator,tab:onset,caption,tab:onset,"Right: two decoupled indicators that do not share the amplitude basis of the magnitude detectors, at the default k = 4.",C066,
C067@S22.011,claim,C067,"The headline contrast uses raw lead, which contains no onset term, so it is unaffected by the onset definition",Sensitivity of the Onset Definition,body,Sensitivity of the Onset Definition,"The headline is unaffected, because the aggregate-vs-decimate contrast uses raw lead time (Section 4.9), which contains no onset term: rerunning the full benchmark under the pca1 and kurt_only indicators leaves every raw-lead aggregate-decimate difference exactly unchanged, a maximum absolute deviation of 0.000 h across all 99 dataset × detector × indicator cells.",C067,G3
C068@S10.002,claim,C068,"Alarm-persistence sweep: median direction stable, run-level consistency not; 3 sigma pooled valid fraction 0.67 -> 0.53 -> 0.33",Problem Formulation and Notation,body,Problem Formulation and Notation,"A feature extractor maps each snapshot (and a short trailing window) to xt ∈ Rd; a detector assigns a score st and, through a threshold and a persistence filter, an alarm indicator at ∈ {0, 1}.",C068,
C068@S14.007,claim,C068,"Alarm-persistence sweep: median direction stable, run-level consistency not; 3 sigma pooled valid fraction 0.67 -> 0.53 -> 0.33",Detectors,body,Detectors,"All non-conformal detectors alarm via a percentile threshold on training scores followed by a persistence filter, so alarm semantics are identical across detectors and only the score differs.",C068,
C069@S22.015,claim,C069,"Historian gaps over five draws: all detectors within +-1 h at 20% except Hotelling T2 on IMS (mean -51.2 h, bimodal 0-128.1 h)",Sensitivity of the Onset Definition,body,Sensitivity of the Onset Definition,"Real historians drop records, so we set 5% and 20% of snapshot rows to missing (NaN, timestamp retained) and re-measure lead time on IMS and XJTU-SY over five independent draws per level (Table 4b), since a single random draw cannot separate a gap effect from the draw.",C069,Corrections
C069@S22.017,claim,C069,"Historian gaps over five draws: all detectors within +-1 h at 20% except Hotelling T2 on IMS (mean -51.2 h, bimodal 0-128.1 h)",Sensitivity of the Onset Definition,body,Sensitivity of the Onset Definition,"The exception is Hotelling T 2 on IMS, which loses 51.2 h on average, bimodally across draws (0 to 128.1 h), according to whether a draw removes the rows carrying test 3’s early alarm.",C069,Corrections
C069@S22.019,claim,C069,"Historian gaps over five draws: all detectors within +-1 h at 20% except Hotelling T2 on IMS (mean -51.2 h, bimodal 0-128.1 h)",Sensitivity of the Onset Definition,body,Sensitivity of the Onset Definition,"At 5% missing, Hotelling T 2 and EWMA are unchanged in every draw on IMS, and no chart’s per-draw mean lead moves by more than 0.83 h; an earlier single-draw run reported a 128.1 h collapse already at 5%, a property of that draw that we do not state.",C069,Corrections
C069@S22.021,claim,C069,"Historian gaps over five draws: all detectors within +-1 h at 20% except Hotelling T2 on IMS (mean -51.2 h, bimodal 0-128.1 h)",Sensitivity of the Onset Definition,body,Sensitivity of the Onset Definition,"We therefore claim gap-tolerance for the univariate charts and Isolation Forest—at most 1 h of lost warning at 20% missing rows on either dataset—and explicitly not for Hotelling T 2, whose full covariance estimate can lose far more on a short-runway dataset, draw-dependently at n = 3.",C069,Corrections
C069@tab:robust.cap03,claim,C069,"Historian gaps over five draws: all detectors within +-1 h at 20% except Hotelling T2 on IMS (mean -51.2 h, bimodal 0-128.1 h)",tab:robust,caption,tab:robust,"(b) Historian gaps: mean valid lead time (h) under random gaps of 0%, 5% and 20%, averaged over the runs with a valid alarm and then over five independent gap draws per level.",C069,Corrections
C070@S22.015,claim,C070,An earlier single-draw 128.1 h collapse at 5% is a property of that draw and is not stated,Sensitivity of the Onset Definition,body,Sensitivity of the Onset Definition,"Real historians drop records, so we set 5% and 20% of snapshot rows to missing (NaN, timestamp retained) and re-measure lead time on IMS and XJTU-SY over five independent draws per level (Table 4b), since a single random draw cannot separate a gap effect from the draw.",C070,Corrections
C070@S22.019,claim,C070,An earlier single-draw 128.1 h collapse at 5% is a property of that draw and is not stated,Sensitivity of the Onset Definition,body,Sensitivity of the Onset Definition,"At 5% missing, Hotelling T 2 and EWMA are unchanged in every draw on IMS, and no chart’s per-draw mean lead moves by more than 0.83 h; an earlier single-draw run reported a 128.1 h collapse already at 5%, a property of that draw that we do not state.",C070,Corrections
C071@S22.021,claim,C071,"Gap-tolerance is claimed for univariate charts and IF, explicitly not for Hotelling T2",Sensitivity of the Onset Definition,body,Sensitivity of the Onset Definition,"We therefore claim gap-tolerance for the univariate charts and Isolation Forest—at most 1 h of lost warning at 20% missing rows on either dataset—and explicitly not for Hotelling T 2, whose full covariance estimate can lose far more on a short-runway dataset, draw-dependently at n = 3.",C071,
C072@S26.001,claim,C072,Under decimation IMS lead degrades faster (3 sigma 64.6 -> 24.8 h at 10x); aggregation holds it,Aggregate vs Decimate on IMS: a Positive but Inconsistent Median Shift,body,Aggregate vs Decimate on IMS: a Positive but Inconsistent Median Shift,"Under aggregation, IMS lead time stays high and stable as the logging interval coarsens; under decimation it degrades faster, with 3σ and Isolation Forest collapsing at coarse intervals (3σ falls from 64.6 h at full rate to 24.8 h at 10× decimation while aggregation holds it near 64.6 h; Figure 3).",C072,
C073@S26.002,claim,C073,Few-windows regime at the largest factor is annotated rather than hidden,Aggregate vs Decimate on IMS: a Positive but Inconsistent Median Shift,body,Aggregate vs Decimate on IMS: a Positive but Inconsistent Median Shift,"The upturn at the largest factor is the few-windows regime, where only one or two runs survive and the mean is no longer comparable; we annotate rather than hide it.",C073,
C073@fig:sweep.cap02,claim,C073,Few-windows regime at the largest factor is annotated rather than hidden,fig:sweep,caption,fig:sweep,"Shading marks the few-windows regime at the two largest factors, where only one or two runs remain.",C073,
C074@S26.003,claim,C074,IMS: only CUSUM and Hotelling T2 are sign-consistent,Aggregate vs Decimate on IMS: a Positive but Inconsistent Median Shift,body,Aggregate vs Decimate on IMS: a Positive but Inconsistent Median Shift,"At the run level (Table 6) the magnitude-monitoring detectors show a positive median difference, the largest for 3σ (+15.1 h), but only CUSUM and Hotelling T 2 are sign-consistent: aggregation shortens the lead time of 3σ, EWMA and Isolation Forest on one run each, and Deep SVDD is positive in one run and tied in two.",C074,
C074@S26.005,claim,C074,IMS: only CUSUM and Hotelling T2 are sign-consistent,Aggregate vs Decimate on IMS: a Positive but Inconsistent Median Shift,body,Aggregate vs Decimate on IMS: a Positive but Inconsistent Median Shift,"With n = 3 the exact sign test cannot fall below p = 0.25, a floor only CUSUM and Hotelling T 2 reach, so nothing is significant or survives Holm correction: the defensible reading is a null result with a positive median direction for the magnitude-monitoring detectors.",C074,
C074@S37.002,claim,C074,IMS: only CUSUM and Hotelling T2 are sign-consistent,Limitations and Threats to Validity,body,Limitations and Threats to Validity,"The IMS “aggregation helps” tendency is a non-significant positive-median trend, sign-consistent only for CUSUM and Hotelling T 2 (n = 3), that does not replicate on the larger multi-bearing sets, so we claim only non-destruction as the cross-dataset headline, not a positive effect; ONGC (n = 1) is a descriptive case study with no inference.",C074,
C075@S17.007,claim,C075,Candidate mechanism: bin-averaging is a low-pass filter suppressing single-window noise,At What Level Coarsening Is Applied,body,At What Level Coarsening Is Applied,"Averaging a raw waveform is a low-pass filter and does attenuate the impulsive transients that mark an incipient spall; we neither test nor dispute that, and Section 8 names it as the complementary study.",C075,
C075@S26.006,claim,C075,Candidate mechanism: bin-averaging is a low-pass filter suppressing single-window noise,Aggregate vs Decimate on IMS: a Positive but Inconsistent Median Shift,body,Aggregate vs Decimate on IMS: a Positive but Inconsistent Median Shift,"The candidate mechanism is that bin-averaging acts as a low-pass filter suppressing single-window noise in the health statistic, so the alarm threshold is crossed earlier and held more persistently than under decimation; Appendix D.1 tests it and Section 7.3 gives the signal-theoretic reason.",C075,
C075@S34.001,claim,C075,Candidate mechanism: bin-averaging is a low-pass filter suppressing single-window noise,Why the IMS Trend Appears but Is Neutral Elsewhere,body,Why the IMS Trend Appears but Is Neutral Elsewhere,"The IMS trend has a clean candidate mechanism (Section 7.3): bin-averaging is a low-pass filter that removes single-window noise spikes, so the variance-sensitive control charts (3σ, EWMA) cross and hold their thresholds earlier than under decimation, which keeps the spikes—consistent with the largest IMS median shift appearing for 3σ, though not with a consistent direction across the three runs.",C075,
C075@S34.002,claim,C075,Candidate mechanism: bin-averaging is a low-pass filter suppressing single-window noise,Why the IMS Trend Appears but Is Neutral Elsewhere,body,Why the IMS Trend Appears but Is Neutral Elsewhere,"An ordinary moving-average or Kalman filter on the decimated stream reproduces the trend (Appendix D.1), so the mechanism is generic low-pass smoothing rather than historian averaging specifically.",C075,
C075@S37.028,claim,C075,Candidate mechanism: bin-averaging is a low-pass filter suppressing single-window noise,Limitations and Threats to Validity,body,Limitations and Threats to Validity,"The complementary study coarsens the raw waveform itself, where averaging is a low-pass filter on the impulsive transients of an incipient fault (Section 4.8); our claim concerns historian summary statistics and does not cover it.",C075,
C075@S46.001,claim,C075,Candidate mechanism: bin-averaging is a low-pass filter suppressing single-window noise,D.1 Generic Smoothing vs.\ Historian Averaging,body,D.1 Generic Smoothing vs.\ Historian Averaging,"If bin-averaging helps on IMS because it is a low-pass filter suppressing single-window noise in the health statistic, letting the alarm threshold be crossed earlier and held more persistently than under decimation, two predictions follow.",C075,
C075@S46.008,claim,C075,Candidate mechanism: bin-averaging is a low-pass filter suppressing single-window noise,D.1 Generic Smoothing vs.\ Historian Averaging,body,D.1 Generic Smoothing vs.\ Historian Averaging,"This is the qualitative signature of a low-pass mechanism, the noisier the signal the more bin-averaging helps, but at n = 3 it is a directional trend, not a significant effect (the exact sign test floors at p = 0.25, and at 30 dB the per-run signs are mixed): it corroborates the mechanism and cannot, at this sample size, establish it statistically.",C075,
C076@S23.001,claim,C076,"XJTU: median difference 0 h for ten of eleven detectors (IF -0.10 h), p >= 0.18, no consistent direction",Generalization to XJTU-SY ($n=10$ bearings),body,Generalization to XJTU-SY ($n=10$ bearings),"On the ten XJTU-SY bearings the IMS “aggregation helps” trend does not replicate (Table 5): the run-level median difference is 0 h for ten of the eleven detectors (-0.10 h for Isolation Forest), no sign test is significant (p ≥ 0.18) and no direction is consistent across bearings, while per-run differences stay within a few minutes, so aggregation does not destroy lead time either.",C076,
C076@S37.002,claim,C076,"XJTU: median difference 0 h for ten of eleven detectors (IF -0.10 h), p >= 0.18, no consistent direction",Limitations and Threats to Validity,body,Limitations and Threats to Validity,"The IMS “aggregation helps” tendency is a non-significant positive-median trend, sign-consistent only for CUSUM and Hotelling T 2 (n = 3), that does not replicate on the larger multi-bearing sets, so we claim only non-destruction as the cross-dataset headline, not a positive effect; ONGC (n = 1) is a descriptive case study with no inference.",C076,
C077@S23.002,claim,C077,XJTU: 209/450 valid alarms over the five window-magnitude detectors; strong per-bearing heterogeneity,Generalization to XJTU-SY ($n=10$ bearings),body,Generalization to XJTU-SY ($n=10$ bearings),"Absolute leads are short (0-3.5 h) because the bearings are short-lived (52-533 min): over the five window-magnitude detectors (3σ, EWMA, Hotelling T 2, Isolation Forest and the RMS-trend floor, as in Table 7), 209/450 evaluations yield a valid alarm, and the shortest-lived and abrupt-failure bearings are hard or impossible to warn on under any mechanism.",C077,
C077@S27.004,claim,C077,XJTU: 209/450 valid alarms over the five window-magnitude detectors; strong per-bearing heterogeneity,Multiple-Comparison Correction,body,Multiple-Comparison Correction,"The family is heterogeneous in power—the three deep sequence models contribute n = 3 XJTU tests resting on the longest-lived, most warnable bearings (‡ in Table 5)— but every uncorrected p already exceeds 0.1, so this changes no rejection decision; we flag it so N = 44 is not read as forty-four equally powered tests.",C077,
C077@S27.006,claim,C077,XJTU: 209/450 valid alarms over the five window-magnitude detectors; strong per-bearing heterogeneity,Multiple-Comparison Correction,body,Multiple-Comparison Correction,The 209/450 valid-alarm figure hides strong heterogeneity.,C077,
C078@S23.003,claim,C078,XJTU deep models mostly N/A (76/90 cells); halving sequence length to 15 does not help,Generalization to XJTU-SY ($n=10$ bearings),body,Generalization to XJTU-SY ($n=10$ bearings),"Only the three longest-lived bearings form a length-30 sequence, so each deep sequence model is N/A in 76/90 cells, a consequence of short runs rather than tuning; where they run, their difference is null too.",C078,
C078@S23.004,claim,C078,XJTU deep models mostly N/A (76/90 cells); halving sequence length to 15 does not help,Generalization to XJTU-SY ($n=10$ bearings),body,Generalization to XJTU-SY ($n=10$ bearings),"Halving the sequence length to 15 windows makes only one more short bearing usable, and the deep models still yield a valid alarm on at most one of the ten bearings.",C078,
C079@S27.007,claim,C079,"XJTU per-bearing: 2/10 bearings unwarnable by any detector (Bearing2_4, Bearing1_1)",Multiple-Comparison Correction,body,Multiple-Comparison Correction,"Long-degrading bearings such as Bearing2_3 (533 min life) and Bearing1_3 (158 min) are warnable with multi-hour or near-hour lead, whereas the two shortest-lived, abrupt-failure bearings, Bearing2_4 (42 min) and Bearing1_1 (123 min, sudden end), yield no valid alarm for any detector (2/10 bearings): their onset and failure nearly coincide, no method can manufacture warning time the physics does not provide, and the metric credits none.",C079,
C079@S37.016,claim,C079,"XJTU per-bearing: 2/10 bearings unwarnable by any detector (Bearing2_4, Bearing1_1)",Limitations and Threats to Validity,body,Limitations and Threats to Validity,"Bearings whose physics provides essentially no warning runway score zero valid alarms regardless of detector (Table 7), which is correct behavior but makes the valid-alarm fraction partly a property of the bearings, not only of the methods.",C079,
C079@S46.007,claim,C079,"XJTU per-bearing: 2/10 bearings unwarnable by any detector (Bearing2_4, Bearing1_1)",D.1 Generic Smoothing vs.\ Historian Averaging,body,D.1 Generic Smoothing vs.\ Historian Averaging,"The lone large negative, the -7.94 h native-noise entry, is IMS test 1, the abrupt near-coincident-onset run whose degradation begins only ∼12 h before failure, which also violates the conformal guarantee (Figure 4a) and is unwarnable under every feature set.",C079,
C080@S24.001,claim,C080,FEMTO: every detector runs on n=6; medians within +-9 min; LSTM-AE and Transformer-AD sign-consistent negative,Generalization to FEMTO/PRONOSTIA ($n=6$ bearings),body,Generalization to FEMTO/PRONOSTIA ($n=6$ bearings),"All six FEMTO Learning_set bearings are long enough for every detector, including the deep reconstruction models, to run on the full n = 6, and the verdict matches XJTU-SY (Table 5): every run-level median difference is within ±9 min, only LSTM-AE and Transformer-AD are sign-consistent, both negative (0/3 and 0/4 non-zero runs), and the smallest sign-test p is 0.125 (Transformer-AD, raw), which does not survive Holm correction.",C080,
C081@S24.005,claim,C081,FEMTO: 211/660 evaluations yield a valid alarm,Generalization to FEMTO/PRONOSTIA ($n=6$ bearings),body,Generalization to FEMTO/PRONOSTIA ($n=6$ bearings),"Across all eleven detectors 211/660 FEMTO evaluations yield a valid alarm; as on XJTU-SY, the short lifetimes (∼1.4-7.8 h) keep absolute lead times small.",C081,
C082@S08.014,claim,C082,"Ferrara: medians within +-5 min, none sign-consistent, smallest p 0.219 (CUSUM); E1 negatives from abrupt onset",Datasets,body,Datasets,"Fixed operating conditions make it directly compatible with our onset detector without normalization; we use all six runs (E1-E6), duplicating the single channel into the two channel slots so the channel-invariant schema applies unchanged.",C082,
C082@S25.001,claim,C082,"Ferrara: medians within +-5 min, none sign-consistent, smallest p 0.219 (CUSUM); E1 negatives from abrupt onset",Generalization to University of Ferrara ($n=6$ bearings),body,Generalization to University of Ferrara ($n=6$ bearings),"The University of Ferrara campaign (Arpa et al., 2024), a second independent constant-condition multi-bearing rig, gives the same verdict: every run-level median difference is within ±5 min, no detector is sign-consistent across the six bearings, and the smallest sign-test p is 0.219 (CUSUM), not significant even before correction.",C082,
C082@S25.003,claim,C082,"Ferrara: medians within +-5 min, none sign-consistent, smallest p 0.219 (CUSUM); E1 negatives from abrupt onset",Generalization to University of Ferrara ($n=6$ bearings),body,Generalization to University of Ferrara ($n=6$ bearings),"The larger per-run negatives (-0.5 to -1.1 h) are all on E1, whose onset sits within ∼0.1 h of failure (an abrupt, near-coincident-onset bearing like IMS test 1), not a systematic aggregation penalty.",C082,
C083@S27.004,claim,C083,Family is heterogeneous in power (deep models n=3 on XJTU); every uncorrected p already exceeds 0.1,Multiple-Comparison Correction,body,Multiple-Comparison Correction,"The family is heterogeneous in power—the three deep sequence models contribute n = 3 XJTU tests resting on the longest-lived, most warnable bearings (‡ in Table 5)— but every uncorrected p already exceeds 0.1, so this changes no rejection decision; we flag it so N = 44 is not read as forty-four equally powered tests.",C083,
C084@S00.002,claim,C084,"Gated contrast: same conclusion, Holm-null under both metrics, but effective n roughly halves (3.0->1.3, 4.8->2.8, 5.0->3.6, 2.7->1.2)","Front matter: title, abstract, keywords",body,"Front matter: title, abstract, keywords","We make lead time the primary evaluation object with a latch-on-resistant, false-alarm-gated metric: warning time counts only when the pre-onset false-alarm rate is within a budget τ , so a constant-on detector is provably invalid.",C084,F2
C084@S01.022,claim,C084,"Gated contrast: same conclusion, Holm-null under both metrics, but effective n roughly halves (3.0->1.3, 4.8->2.8, 5.0->3.6, 2.7->1.2)",Introduction,body,Introduction,"On IMS the seven detectors PH ranks highest—the deep models, the one-class SVM, Hotelling T 2, Isolation Forest and the exponentially weighted moving average (EWMA) chart—have no valid operating point at a 10% budget; the gated metric picks 3σ, PH’s eighth. 3.",C084,F2
C084@S04.007,claim,C084,"Gated contrast: same conclusion, Holm-null under both metrics, but effective n roughly halves (3.0->1.3, 4.8->2.8, 5.0->3.6, 2.7->1.2)",Anomaly Detectors and Control Charts,body,Anomaly Detectors and Control Charts,"The classic normalized-RMS health indicator with a first-prediction-time threshold, the baseline underlying most of that literature, is our rms_trend detector; re-evaluating specific published architectures under the gated metric (which requires their original code) is future work.",C084,F2
C084@S06.002,claim,C084,"Gated contrast: same conclusion, Holm-null under both metrics, but effective n roughly halves (3.0->1.3, 4.8->2.8, 5.0->3.6, 2.7->1.2)",Vibration Features,body,Vibration Features,"We include fast Fourier transform (FFT) band energies, spectral kurtosis and Hilbert-envelope amplitudes at the bearing characteristic frequencies, and ablate them against time-domain statistics to see which family carries prognostic lead time under the gated metric.",C084,F2
C084@S14.003,claim,C084,"Gated contrast: same conclusion, Holm-null under both metrics, but effective n roughly halves (3.0->1.3, 4.8->2.8, 5.0->3.6, 2.7->1.2)",Detectors,body,Detectors,"Deep SVDD is kept out of the headline set because it rarely alarms in time on short bearings (Section 6.12), but its numbers are reported in every result table because it is the low-false-alarm operating point under the gated metric (Section 6.9).",C084,F2
C084@S18.005,claim,C084,"Gated contrast: same conclusion, Holm-null under both metrics, but effective n roughly halves (3.0->1.3, 4.8->2.8, 5.0->3.6, 2.7->1.2)",Statistical Protocol,body,Statistical Protocol,"Pooling them as 3 × 5 = 15 “pairs” per detector, as an earlier version of this work did, inflates the effective sample size fivefold and yields overconfident p-values.",C084,F2
C084@S27.008,claim,C084,"Gated contrast: same conclusion, Holm-null under both metrics, but effective n roughly halves (3.0->1.3, 4.8->2.8, 5.0->3.6, 2.7->1.2)",Multiple-Comparison Correction,body,Multiple-Comparison Correction,The same contrast under the gated metric.,C084,F2
C084@S27.010,claim,C084,"Gated contrast: same conclusion, Holm-null under both metrics, but effective n roughly halves (3.0->1.3, 4.8->2.8, 5.0->3.6, 2.7->1.2)",Multiple-Comparison Correction,body,Multiple-Comparison Correction,"Because we argue that ungated lead can mislead, we also run the contrast under the gated metric itself (Table 8).",C084,F2
C084@S27.011,claim,C084,"Gated contrast: same conclusion, Holm-null under both metrics, but effective n roughly halves (3.0->1.3, 4.8->2.8, 5.0->3.6, 2.7->1.2)",Multiple-Comparison Correction,body,Multiple-Comparison Correction,"The answer does not change: under either metric every inferential dataset’s median run-level difference is at most a few thousandths of an hour, no detector is sign-consistent enough to reach significance, and no hypothesis survives Holm correction across the N = 44 family.",C084,F2
C084@S27.012,claim,C084,"Gated contrast: same conclusion, Holm-null under both metrics, but effective n roughly halves (3.0->1.3, 4.8->2.8, 5.0->3.6, 2.7->1.2)",Multiple-Comparison Correction,body,Multiple-Comparison Correction,"What changes is power: gating discards every run without a valid alarm, so the mean effective sample size per detector falls from 3.0 to 1.3 on XJTUSY, 4.8 to 2.8 on FEMTO, 5.0 to 3.6 on Ferrara and 2.7 to 1.2 on IMS, roughly a halving.",C084,F2
C084@S30.005,claim,C084,"Gated contrast: same conclusion, Holm-null under both metrics, but effective n roughly halves (3.0->1.3, 4.8->2.8, 5.0->3.6, 2.7->1.2)",Comparison with the Saxena Prognostic Horizon,body,Comparison with the Saxena Prognostic Horizon,"On the three IMS runs the constant-on detector earns the full run length as PH (164-1073 h) while flooding the pre-onset region (FARpre ≈ 1), so the gated metric scores it L = 0 on every run; the onset oracle is the mirror image, with zero pre-onset false alarms and the maximum achievable lead (12.9, 62.5 and 44.5 h).",C084,F2
C084@S33.001,claim,C084,"Gated contrast: same conclusion, Holm-null under both metrics, but effective n roughly halves (3.0->1.3, 4.8->2.8, 5.0->3.6, 2.7->1.2)",What Changed the Story,body,What Changed the Story,"Four corrections, each described where it is applied, change the conclusion of an earlier version of this study: the corrected failure label of the third IMS test (Appendix C), the onset-gated metric that defeats the latch-on exploit (Eq. 5), the p < n channel-invariant feature space (Appendix B), and a significance test on the run rather than the within-run sampling factor (Section 4.9).",C084,F2
C084@S34.008,claim,C084,"Gated contrast: same conclusion, Holm-null under both metrics, but effective n roughly halves (3.0->1.3, 4.8->2.8, 5.0->3.6, 2.7->1.2)",Why the IMS Trend Appears but Is Neutral Elsewhere,body,Why the IMS Trend Appears but Is Neutral Elsewhere,"Nine of its eleven detectors raise a raw alarm 30-35 h ahead of the labeled failure (RMS-trend 22.8 h, and Deep SVDD not before failure at all), but under the gated metric at τ = 10% only Hotelling T 2 and RMS-trend are valid, because the others flag too many windows of a pre-onset region that ends only ∼6 h before the shutdown; whether they are false alarms or genuine early detections that the late-biased onset cannot credit is undecidable at n = 1 (Appendix D.2).",C084,F2
C084@S36.002,claim,C084,"Gated contrast: same conclusion, Holm-null under both metrics, but effective n roughly halves (3.0->1.3, 4.8->2.8, 5.0->3.6, 2.7->1.2)",Practical Implications,body,Practical Implications,"Conformal calibration adds a usable, distribution-free false-alarm guarantee wherever the normal region is genuinely stationary; the trade-off curve turns the gated metric into an operating-point selector for a stated budget; and the ablations caution that more features are not better under a false-alarm budget, time-domain amplitude and impulsiveness statistics carrying the usable signal on IMS.",C084,F2
C084@S40.001,claim,C084,"Gated contrast: same conclusion, Holm-null under both metrics, but effective n roughly halves (3.0->1.3, 4.8->2.8, 5.0->3.6, 2.7->1.2)",Data and Code Availability,body,Data and Code Availability,"All code (detectors, leakage-free onset, gated metric, sampling sweep, conformal wrapper, run-level statistical harness and the noise/denoiser mechanism test) is released with a pinned environment (requirements.lock.txt, Python 3.13) and a test suite asserting the metric’s resistance to the latch-on exploit, the leakage-free onset and the run-level sign-test/Holm machinery.",C084,F2
C084@S44.016,claim,C084,"Gated contrast: same conclusion, Holm-null under both metrics, but effective n roughly halves (3.0->1.3, 4.8->2.8, 5.0->3.6, 2.7->1.2)",Appendix C: IMS Test-3 Relabeling Justification,body,Appendix C: IMS Test-3 Relabeling Justification,"The effective sample size is detector-dependent, and neither label can reach significance.",C084,F2
C084@S47.005,claim,C084,"Gated contrast: same conclusion, Holm-null under both metrics, but effective n roughly halves (3.0->1.3, 4.8->2.8, 5.0->3.6, 2.7->1.2)",D.2 Single-Asset ONGC Case Study,body,D.2 Single-Asset ONGC Case Study,"Under the gated metric, however, only Hotelling T 2 (pre-onset FAR 6.5%) and RMS-trend (0.1%) have valid alarms at τ = 10%; the other eight alarming detectors exceed the budget, with pre-onset FAR from 11.7% (Isolation Forest) to 95.2% (CUSUM).",C084,F2
C084@tab:gatedcontrast.cap02,claim,C084,"Gated contrast: same conclusion, Holm-null under both metrics, but effective n roughly halves (3.0->1.3, 4.8->2.8, 5.0->3.6, 2.7->1.2)",tab:gatedcontrast,caption,tab:gatedcontrast,Med.: median across detectors of each detector’s run-level median difference (h); n+/n-/0: detectors by the sign of that median; n¯eff: mean effective sample size once zero-difference runs are dropped.,C084,F2
C084@tab:d17label.cap02,claim,C084,"Gated contrast: same conclusion, Holm-null under both metrics, but effective n roughly halves (3.0->1.3, 4.8->2.8, 5.0->3.6, 2.7->1.2)",tab:d17label,caption,tab:d17label,"Run differences are (1st_test, 2nd_test, 3rd_test) in hours, collapsing the five within-run sampling factors to one mean difference per run (Section 4.9). n+/n-/0 counts positive, negative and exactly-zero runs; zero-difference runs are excluded from the sign test, so neff is the effective sample size under the original label.",C084,F2
C085@S15.001,claim,C085,"Conformal IMS: holds on test 2, essentially test 3 (0.9%, 4.4%, 13% at 0.10), violated on test 1 (0.74-0.85)",Conformal Calibration,body,Conformal Calibration,"On IMS (Figure 4a, values in its caption) the distribution-free guarantee FAR ≤ α holds on test 2 (0% through α = 0.10) and on test 3 through α = 0.05 (0.9% at α = 0.01, 4.4% at 0.05), slightly exceeding the bound at α = 0.10, where the empirical FAR is 13%.",C085,
C085@S15.002,claim,C085,"Conformal IMS: holds on test 2, essentially test 3 (0.9%, 4.4%, 13% at 0.10), violated on test 1 (0.74-0.85)",Conformal Calibration,body,Conformal Calibration,"It fails on test 1, at 0.74-0.85 regardless of α, for the reason Table 3 foretold: the onset fires only ∼12 h before failure, so the “pre-onset” region already contains degradation and calibration and “normal” scores are not exchangeable.",C085,
C086@S01.028,claim,C086,Conformal calibration doubles as a per-asset usability test (needs a stationary normal region),Introduction,body,Introduction,The metric itself is failure-mode-agnostic: it applies wherever a run-tofailure trajectory and a stationary normal region exist.,C086,
C086@S15.003,claim,C086,Conformal calibration doubles as a per-asset usability test (needs a stationary normal region),Conformal Calibration,body,Conformal Calibration,"We keep this run because it delimits when the guarantee is usable in prognostics: it needs a genuinely stationary normal region, which an abrupt late-onset failure does not provide.",C086,
C086@S15.005,claim,C086,Conformal calibration doubles as a per-asset usability test (needs a stationary normal region),Conformal Calibration,body,Conformal Calibration,"Bearing2_3, calibrated through α = 0.05) honor the bound, while those with only one or two pre-onset windows, an artifact of short lifetimes, are flagged uncalibrated rather than silently passed.",C086,
C086@S15.006,claim,C086,Conformal calibration doubles as a per-asset usability test (needs a stationary normal region),Conformal Calibration,body,Conformal Calibration,The conformal machinery thus doubles as a per-asset usability test of whether enough stationary normal data exists to control the false-alarm rate at all.,C086,
C086@S15.011,claim,C086,Conformal calibration doubles as a per-asset usability test (needs a stationary normal region),Conformal Calibration,body,Conformal Calibration,"The guarantee is therefore usable where a stationary normal region exists (ONGC, the longer IMS/XJTU bearings) and self-reports as invalid where it does not (short FEMTO/XJTU bearings, abrupt onsets).",C086,
C086@S47.011,claim,C086,Conformal calibration doubles as a per-asset usability test (needs a stationary normal region),D.2 Single-Asset ONGC Case Study,body,D.2 Single-Asset ONGC Case Study,"Its conformal calibration (Figure 4d) tracks the diagonal closely, consistent with a mostly-stationary normal region.",C086,
C086@fig:conformal.cap02,claim,C086,Conformal calibration doubles as a per-asset usability test (needs a stationary normal region),fig:conformal,caption,fig:conformal,Points on or below the diagonal satisfy the distributionfree guarantee; bearings with only one or two pre-onset windows are flagged uncalibrated.,C086,
C087@S15.008,claim,C087,FEMTO conformal: no bearing honours the bound at alpha=0.05 (0.08-0.56; pooled 0.27),Conformal Calibration,body,Conformal Calibration,On FEMTO (Figure 4c) no bearing honors the bound at α = 0.05 (pre-onset FAR 0.08-0.56; pooled 0.27): the short 1.4-7.8 h lifetimes leave a pre-onset region that is neither long nor stationary.,C087,
C088@S15.010,claim,C088,"ONGC conformal tracks the diagonal (0.016, 0.030, 0.096), 1.5-2x above target",Conformal Calibration,body,Conformal Calibration,"On the real ONGC historian stream (Figure 4d) the calibration tracks the diagonal closely (empirical FAR 0.016, 0.030 and 0.096 at α = 0.01, 0.02, 0.05), a modest 1.5-2× above target, consistent with a mostly-stationary record that only mildly violates exchangeability.",C088,
C088@S47.011,claim,C088,"ONGC conformal tracks the diagonal (0.016, 0.030, 0.096), 1.5-2x above target",D.2 Single-Asset ONGC Case Study,body,D.2 Single-Asset ONGC Case Study,"Its conformal calibration (Figure 4d) tracks the diagonal closely, consistent with a mostly-stationary normal region.",C088,
C089@S28.001,claim,C089,Trade-off: tightening the threshold lowers FAR and lead together; Hotelling and IF dominate upper-left; RMS-trend collapses,Lead-Time--vs--False-Alarm Trade-off,body,Lead-Time--vs--False-Alarm Trade-off,"Sweeping the alarm-threshold percentile traces a prognostics analog of the ROC curve (Figure 5, Table 9): tightening the threshold lowers pre-onset FAR and lead together, so an operator can select an operating point for a stated false-alarm budget.",C089,
C089@S36.002,claim,C089,Trade-off: tightening the threshold lowers FAR and lead together; Hotelling and IF dominate upper-left; RMS-trend collapses,Practical Implications,body,Practical Implications,"Conformal calibration adds a usable, distribution-free false-alarm guarantee wherever the normal region is genuinely stationary; the trade-off curve turns the gated metric into an operating-point selector for a stated budget; and the ablations caution that more features are not better under a false-alarm budget, time-domain amplitude and impulsiveness statistics carrying the usable signal on IMS.",C089,
C090@S28.004,claim,C090,"3 sigma at 99.5th pct: 56.3 h at 8.9% FAR, valid, recommended under a 10% budget",Lead-Time--vs--False-Alarm Trade-off,body,Lead-Time--vs--False-Alarm Trade-off,"Deep SVDD occupies the opposite corner, within budget (≤ 0.6% FAR) only by firing late (≤ 14.8 h of lead). 3σ reaches a valid point, 56.3 h of lead at 8.9% FAR at the 99.5th percentile, and is the recommended chart under a 10% budget, a ranking that the raw-lead column of Table 2, led by the deep models, would by itself obscure.",C090,
C090@S28.008,claim,C090,"3 sigma at 99.5th pct: 56.3 h at 8.9% FAR, valid, recommended under a 10% budget",Lead-Time--vs--False-Alarm Trade-off,body,Lead-Time--vs--False-Alarm Trade-off,"At τ = 0.20 the 3σ chart gives the longest valid lead (77.0 h), joined by CUSUM, Hotelling T 2 and Isolation Forest as their pre-onset FAR falls within the looser budget; at τ = 0.10 it remains the best valid chart (56.3 h); at a strict τ = 0.05 no control chart qualifies, and only Deep SVDD (14.8 h) and the RMS-trend floor (34.7 h) stay within budget, so an operator with very low nuisance-alarm tolerance should prefer the low-FAR Deep SVDD point.",C090,
C090@S30.008,claim,C090,"3 sigma at 99.5th pct: 56.3 h at 8.9% FAR, valid, recommended under a 10% budget",Comparison with the Saxena Prognostic Horizon,body,Comparison with the Saxena Prognostic Horizon,"The seven detectors PH ranks highest—LSTM-AE 199.6 h, TCN-AE 185.4 h, Transformer-AD 184.0 h, the one-class SVM 180.2 h, Hotelling T 2 176.9 h, Isolation Forest 174.7 h and EWMA 89.1 h—have no valid operating point under a 10% falsealarm budget, so their gated lead is L = 0; the deep models alarm through 61-100% of every pre-onset region. 3σ, which PH ranks only eighth (77.0 h raw), is the one that clears the budget (56.3 h of lead at 8.9% pre-onset FAR) and the correct recommendation; CUSUM (65.0 h, PH’s ninth) also scores L = 0, and Deep SVDD, ranked last by PH, rises to a valid 14.8 h.",C090,
C091@S28.004,claim,C091,Deep SVDD: low-FAR corner (<= 0.6% FAR) with short (<= 14.8 h) lead; complementary operating point,Lead-Time--vs--False-Alarm Trade-off,body,Lead-Time--vs--False-Alarm Trade-off,"Deep SVDD occupies the opposite corner, within budget (≤ 0.6% FAR) only by firing late (≤ 14.8 h of lead). 3σ reaches a valid point, 56.3 h of lead at 8.9% FAR at the 99.5th percentile, and is the recommended chart under a 10% budget, a ranking that the raw-lead column of Table 2, led by the deep models, would by itself obscure.",C091,
C091@S28.008,claim,C091,Deep SVDD: low-FAR corner (<= 0.6% FAR) with short (<= 14.8 h) lead; complementary operating point,Lead-Time--vs--False-Alarm Trade-off,body,Lead-Time--vs--False-Alarm Trade-off,"At τ = 0.20 the 3σ chart gives the longest valid lead (77.0 h), joined by CUSUM, Hotelling T 2 and Isolation Forest as their pre-onset FAR falls within the looser budget; at τ = 0.10 it remains the best valid chart (56.3 h); at a strict τ = 0.05 no control chart qualifies, and only Deep SVDD (14.8 h) and the RMS-trend floor (34.7 h) stay within budget, so an operator with very low nuisance-alarm tolerance should prefer the low-FAR Deep SVDD point.",C091,
C091@S28.009,claim,C091,Deep SVDD: low-FAR corner (<= 0.6% FAR) with short (<= 14.8 h) lead; complementary operating point,Lead-Time--vs--False-Alarm Trade-off,body,Lead-Time--vs--False-Alarm Trade-off,The 3σ recommendation therefore holds for τ ≥ 0.10 on IMS and inverts toward the low-FAR detectors below it.,C091,
C091@S28.017,claim,C091,Deep SVDD: low-FAR corner (<= 0.6% FAR) with short (<= 14.8 h) lead; complementary operating point,Lead-Time--vs--False-Alarm Trade-off,body,Lead-Time--vs--False-Alarm Trade-off,"Our τ = 0.10 is the conservative end, justified whenever failures are at least ∼100× costlier than inspections; the strict τ = 0.05 column corresponds to inspections that are themselves disruptive (e.g. requiring a shutdown), a small ρ, ex- actly where the low-FAR Deep SVDD point becomes eco- nomical.",C091,
C091@S30.008,claim,C091,Deep SVDD: low-FAR corner (<= 0.6% FAR) with short (<= 14.8 h) lead; complementary operating point,Comparison with the Saxena Prognostic Horizon,body,Comparison with the Saxena Prognostic Horizon,"The seven detectors PH ranks highest—LSTM-AE 199.6 h, TCN-AE 185.4 h, Transformer-AD 184.0 h, the one-class SVM 180.2 h, Hotelling T 2 176.9 h, Isolation Forest 174.7 h and EWMA 89.1 h—have no valid operating point under a 10% falsealarm budget, so their gated lead is L = 0; the deep models alarm through 61-100% of every pre-onset region. 3σ, which PH ranks only eighth (77.0 h raw), is the one that clears the budget (56.3 h of lead at 8.9% pre-onset FAR) and the correct recommendation; CUSUM (65.0 h, PH’s ninth) also scores L = 0, and Deep SVDD, ranked last by PH, rises to a valid 14.8 h.",C091,
C091@S36.003,claim,C091,Deep SVDD: low-FAR corner (<= 0.6% FAR) with short (<= 14.8 h) lead; complementary operating point,Practical Implications,body,Practical Implications,"Where 3σ maximizes warning time within a 10% budget, operators whose cost structure penalizes false alarms heavily (for instance, process plants where each alarm triggers a mandatory manual inspection) have a complementary point in Deep SVDD, which stays within budget at ≤ 0.6% pre-onset FAR across the swept thresholds on IMS (Table 9) with 14.8 h of warning and near-zero false alarms.",C091,
C092@S28.008,claim,C092,Recommendation is not tau-invariant: tau=0.20 3 sigma 77.0 h; tau=0.05 no chart qualifies,Lead-Time--vs--False-Alarm Trade-off,body,Lead-Time--vs--False-Alarm Trade-off,"At τ = 0.20 the 3σ chart gives the longest valid lead (77.0 h), joined by CUSUM, Hotelling T 2 and Isolation Forest as their pre-onset FAR falls within the looser budget; at τ = 0.10 it remains the best valid chart (56.3 h); at a strict τ = 0.05 no control chart qualifies, and only Deep SVDD (14.8 h) and the RMS-trend floor (34.7 h) stay within budget, so an operator with very low nuisance-alarm tolerance should prefer the low-FAR Deep SVDD point.",C092,
C092@S28.009,claim,C092,Recommendation is not tau-invariant: tau=0.20 3 sigma 77.0 h; tau=0.05 no chart qualifies,Lead-Time--vs--False-Alarm Trade-off,body,Lead-Time--vs--False-Alarm Trade-off,The 3σ recommendation therefore holds for τ ≥ 0.10 on IMS and inverts toward the low-FAR detectors below it.,C092,
C092@S28.017,claim,C092,Recommendation is not tau-invariant: tau=0.20 3 sigma 77.0 h; tau=0.05 no chart qualifies,Lead-Time--vs--False-Alarm Trade-off,body,Lead-Time--vs--False-Alarm Trade-off,"Our τ = 0.10 is the conservative end, justified whenever failures are at least ∼100× costlier than inspections; the strict τ = 0.05 column corresponds to inspections that are themselves disruptive (e.g. requiring a shutdown), a small ρ, ex- actly where the low-FAR Deep SVDD point becomes eco- nomical.",C092,
C092@S30.008,claim,C092,Recommendation is not tau-invariant: tau=0.20 3 sigma 77.0 h; tau=0.05 no chart qualifies,Comparison with the Saxena Prognostic Horizon,body,Comparison with the Saxena Prognostic Horizon,"The seven detectors PH ranks highest—LSTM-AE 199.6 h, TCN-AE 185.4 h, Transformer-AD 184.0 h, the one-class SVM 180.2 h, Hotelling T 2 176.9 h, Isolation Forest 174.7 h and EWMA 89.1 h—have no valid operating point under a 10% falsealarm budget, so their gated lead is L = 0; the deep models alarm through 61-100% of every pre-onset region. 3σ, which PH ranks only eighth (77.0 h raw), is the one that clears the budget (56.3 h of lead at 8.9% pre-onset FAR) and the correct recommendation; CUSUM (65.0 h, PH’s ninth) also scores L = 0, and Deep SVDD, ranked last by PH, rises to a valid 14.8 h.",C092,
C093@S28.010,claim,C093,The headline is computed on raw lead and does not depend on tau,Lead-Time--vs--False-Alarm Trade-off,body,Lead-Time--vs--False-Alarm Trade-off,"The cross-dataset headline, computed on raw lead-time differences (Section 4.9), does not depend on τ at all.",C093,
C094@S28.014,claim,C094,"Cost-ratio argument: tau* ~ rho/k; rho 10^2-10^4, k ~ 10^3 -> tau* 0.1-1; tau=0.10 is the conservative end",Lead-Time--vs--False-Alarm Trade-off,body,Lead-Time--vs--False-Alarm Trade-off,"False alarms are worth tolerating up to the budget at which their cumulative cost equals the warning’s value, kτ cI ≈ cF , i.e. τ∗ ≈ cF ρ =, k cI k ρ ≡ cF /cI .",C094,
C094@S28.015,claim,C094,"Cost-ratio argument: tau* ~ rho/k; rho 10^2-10^4, k ~ 10^3 -> tau* 0.1-1; tau=0.10 is the conservative end",Lead-Time--vs--False-Alarm Trade-off,body,Lead-Time--vs--False-Alarm Trade-off,"(6) For rolling-element bearings an unplanned failure typically costs ρ = 102-104 times a routine inspection, and the preonset window count is of order k ∼ 103 on these runs, so Eq.",C094,
C094@S28.016,claim,C094,"Cost-ratio argument: tau* ~ rho/k; rho 10^2-10^4, k ~ 10^3 -> tau* 0.1-1; tau=0.10 is the conservative end",Lead-Time--vs--False-Alarm Trade-off,body,Lead-Time--vs--False-Alarm Trade-off,"(6) places the break-even budget at τ ∗ ∼ 0.1-1 (τ ∗ saturates at 1 for ρ ≥ 103 and falls to 0.10 at ρ = 102, k = 103).",C094,
C094@S28.017,claim,C094,"Cost-ratio argument: tau* ~ rho/k; rho 10^2-10^4, k ~ 10^3 -> tau* 0.1-1; tau=0.10 is the conservative end",Lead-Time--vs--False-Alarm Trade-off,body,Lead-Time--vs--False-Alarm Trade-off,"Our τ = 0.10 is the conservative end, justified whenever failures are at least ∼100× costlier than inspections; the strict τ = 0.05 column corresponds to inspections that are themselves disruptive (e.g. requiring a shutdown), a small ρ, ex- actly where the low-FAR Deep SVDD point becomes eco- nomical.",C094,
C094@S28.018,claim,C094,"Cost-ratio argument: tau* ~ rho/k; rho 10^2-10^4, k ~ 10^3 -> tau* 0.1-1; tau=0.10 is the conservative end",Lead-Time--vs--False-Alarm Trade-off,body,Lead-Time--vs--False-Alarm Trade-off,"This is an order-of-magnitude anchor, not a site- specific optimisation: the true optimum needs an operator’s actual cI and cF , which we do not have, and Eq.",C094,
C095@S21.004,claim,C095,FAR-budget table gates on across-run mean FAR (LSTM-AE 62.00% mean but valid on test 3),Lead Time and Confidence Intervals on IMS,body,Lead Time and Confidence Intervals on IMS,"Across the swept percentiles (Table 9) TCN-AE and Transformer-AD never attain a valid operating point, while LSTM-AE attains one at the 99.5th percentile on test 3 alone (59.67 h of lead at 4.19% pre-onset FAR, unchanged across ten random seeds), leaving its valid-alarm fraction at 1/3; its pre-onset FAR averaged across the three runs, 62.00%, is why the across-run gate of Table 2 scores it 0.0.",C095,
C095@tab:imsdet.cap04,claim,C095,FAR-budget table gates on across-run mean FAR (LSTM-AE 62.00% mean but valid on test 3),tab:imsdet,caption,tab:imsdet,"Lτ : best lead at an operating point whose pre-onset FAR, averaged across the three runs, is within τ (0.0 = none). †: no valid operating point at τ = 0.10.",C095,
C096@S29.001,claim,C096,Ablation: time-domain amplitude features best for every detector; spectral/envelope/all never improve validity,Feature-Group Ablation,body,Feature-Group Ablation,"On IMS, time-domain amplitude features (rms_only or time_only) give each of the six non-sequence detectors its highest or tied-highest validity, and adding spectral, envelope or all features never improves validity for any of them (Table 10).",C096,
C096@S29.002,claim,C096,Ablation: time-domain amplitude features best for every detector; spectral/envelope/all never improve validity,Feature-Group Ablation,body,Feature-Group Ablation,"For the SPC charts the effect is sharp: rms_only is the unique group at which 3σ and EWMA reach full validity (1.00 at 0% pre-onset FAR), while spectral, envelope and all collapse all four charts to 0.33 by driving their pre-onset FAR to 42-63%, the variance-sensitive charts reacting violently to noisy extra dimensions.",C096,
C096@S29.004,claim,C096,Ablation: time-domain amplitude features best for every detector; spectral/envelope/all never improve validity,Feature-Group Ablation,body,Feature-Group Ablation,"Under a false-alarm budget every detector should therefore be restricted to time-domain amplitude features, and frequency-domain features admitted with care, most of all for the SPC charts.",C096,
C096@S29.005,claim,C096,Ablation: time-domain amplitude features best for every detector; spectral/envelope/all never improve validity,Feature-Group Ablation,body,Feature-Group Ablation,"Raw lead inverts this ranking without overturning it: on Isolation Forest the envelope group gives the longest mean lead (99.4 h) and rms_only the shortest (32.0 h), but the long-lead groups accrue 23-29% pre-onset FAR against 0.2% for rms_only, buying their lead by firing indiscriminately; per run, spectral features flip 3σ, EWMA and Hotelling T 2 from valid to invalid on test 2 at 100% pre-onset FAR while Isolation Forest stays valid in both settings.",C096,
C096@S29.006,claim,C096,Ablation: time-domain amplitude features best for every detector; spectral/envelope/all never improve validity,Feature-Group Ablation,body,Feature-Group Ablation,"Repeated at every coarsening factor, rms_only stays uniquely best at native and 2× resolution (f ≤ 2), matching the argument that bin-averaging preserves the amplitude statistic; at f ≥ 5 only a handful of windows survive per run, valid fractions move in steps of 1/3, and whether the advantage holds at the coarsest SCADA rates is not resolvable at n = 3.",C096,
C096@S36.002,claim,C096,Ablation: time-domain amplitude features best for every detector; spectral/envelope/all never improve validity,Practical Implications,body,Practical Implications,"Conformal calibration adds a usable, distribution-free false-alarm guarantee wherever the normal region is genuinely stationary; the trade-off curve turns the gated metric into an operating-point selector for a stated budget; and the ablations caution that more features are not better under a false-alarm budget, time-domain amplitude and impulsiveness statistics carrying the usable signal on IMS.",C096,
C097@S29.002,claim,C097,Ablation: spectral/envelope/all drive SPC pre-onset FAR to 42-63%; Deep SVDD fails by missed detection,Feature-Group Ablation,body,Feature-Group Ablation,"For the SPC charts the effect is sharp: rms_only is the unique group at which 3σ and EWMA reach full validity (1.00 at 0% pre-onset FAR), while spectral, envelope and all collapse all four charts to 0.33 by driving their pre-onset FAR to 42-63%, the variance-sensitive charts reacting violently to noisy extra dimensions.",C097,
C097@S29.003,claim,C097,Ablation: spectral/envelope/all drive SPC pre-onset FAR to 42-63%; Deep SVDD fails by missed detection,Feature-Group Ablation,body,Feature-Group Ablation,"Deep SVDD fails the opposite way: its pre-onset FAR stays near 0% under every feature set, yet spectral features cut its validity to 0.33 (0.00 for spectral_only) by delaying or suppressing the alarm—missed detections, not false alarms.",C097,
C098@S29.005,claim,C098,Raw lead inverts the ablation ranking: IF envelope 99.4 h vs rms_only 32.0 h at 23-29% vs 0.2% FAR,Feature-Group Ablation,body,Feature-Group Ablation,"Raw lead inverts this ranking without overturning it: on Isolation Forest the envelope group gives the longest mean lead (99.4 h) and rms_only the shortest (32.0 h), but the long-lead groups accrue 23-29% pre-onset FAR against 0.2% for rms_only, buying their lead by firing indiscriminately; per run, spectral features flip 3σ, EWMA and Hotelling T 2 from valid to invalid on test 2 at 100% pre-onset FAR while Isolation Forest stays valid in both settings.",C098,
C099@S29.006,claim,C099,Ablation repeated per factor: rms_only best at f<=2; not resolvable at f>=5,Feature-Group Ablation,body,Feature-Group Ablation,"Repeated at every coarsening factor, rms_only stays uniquely best at native and 2× resolution (f ≤ 2), matching the argument that bin-averaging preserves the amplitude statistic; at f ≥ 5 only a handful of windows survive per run, valid fractions move in steps of 1/3, and whether the advantage holds at the coarsest SCADA rates is not resolvable at n = 3.",C099,
C100@S30.003,claim,C100,PH is exactly L before the validity gate; the missing conjunct is decisive,Comparison with the Saxena Prognostic Horizon,body,Comparison with the Saxena Prognostic Horizon,"It is exactly our lead time L before the validity gate (Eq. 5) is applied, and that one missing conjunct is decisive.",C100,
C101@S30.005,claim,C101,"PH is maximised by the latch-on detector (164-1073 h); oracle leads 12.9, 62.5, 44.5 h",Comparison with the Saxena Prognostic Horizon,body,Comparison with the Saxena Prognostic Horizon,"On the three IMS runs the constant-on detector earns the full run length as PH (164-1073 h) while flooding the pre-onset region (FARpre ≈ 1), so the gated metric scores it L = 0 on every run; the onset oracle is the mirror image, with zero pre-onset false alarms and the maximum achievable lead (12.9, 62.5 and 44.5 h).",C101,
C102@S30.007,claim,C102,PH and L rankings nearly invert at the top; 3 sigma (PH 4th) is the deployable winner,Comparison with the Saxena Prognostic Horizon,body,Comparison with the Saxena Prognostic Horizon,"Ranked at their own best operating points (Table 2), the two orders nearly invert at the top.",C102,
C103@S31.003,claim,C103,"Min-training sweep on FEMTO: T in {0.20..0.60}, three N/A cells (Bearing3_1, 20 windows), 297/300 genuine",Minimum Training Data for Deep Anomaly Detectors,body,Minimum Training Data for Deep Anomaly Detectors,"At T = 0.20 the shortest bearing (Bearing3_1) forms only 20 training windows, fewer than the 30 a sequence requires, so LSTM-AE, TCN-AE and Transformer-AD are explicit N/A there (Section 4.5); these are the only three N/A cells, the other 297 of the 300 (detector, bearing, T ) cells being genuine evaluations.",C103,
C103@fig:mintrain.cap03,claim,C103,"Min-training sweep on FEMTO: T in {0.20..0.60}, three N/A cells (Bearing3_1, 20 windows), 297/300 genuine",fig:mintrain,caption,fig:mintrain,"The three N/A cells at T = 0.20 (Bearing3_1, th fa 20 training windows) count as no valid alarm. on",C103,
C104@S31.006,claim,C104,SPC charts are at or near their best at the smallest training fraction; the shrinking test window explains it,Minimum Training Data for Deep Anomaly Detectors,body,Minimum Training Data for Deep Anomaly Detectors,"The four SPC charts are at or near their best at the smallest training fraction—3σ at 1.00, EWMA and Hotelling T 2 at 0.667, CUSUM at 0.500—and more commissioning data does not improve them: 3σ falls to 0.833 at T = 0.30 and 0.667 from T = 0.40 on, Hotelling T 2 falls to 0.500, EWMA is flat at 0.667, and CUSUM is flat at 0.500 apart from a one-bearing rise to 0.667 at T = 0.50.",C104,
C104@S31.008,claim,C104,SPC charts are at or near their best at the smallest training fraction; the shrinking test window explains it,Minimum Training Data for Deep Anomaly Detectors,body,Minimum Training Data for Deep Anomaly Detectors,"This is a consequence of the design, not reverse data-hunger: the test fraction 1 - T -0.10 shrinks as T grows, so on bearings this short a betterestimated baseline comes with a shorter window in which to use it.",C104,
C105@S31.009,claim,C105,"Deep models sit far below the charts (LSTM-AE/Transformer 0.000-0.333, TCN 0.000-0.167)",Minimum Training Data for Deep Anomaly Detectors,body,Minimum Training Data for Deep Anomaly Detectors,"The three deep reconstruction models sit far below the charts at every training fraction (LSTM-AE and TransformerAD 0.000-0.333, TCN-AE 0.000-0.167) and do not close the gap.",C105,
C106@S31.010,claim,C106,"Deep SVDD: no valid FEMTO alarm below T=0.60, one bearing at T=0.60; a lifetime, not training-data, constraint",Minimum Training Data for Deep Anomaly Detectors,body,Minimum Training Data for Deep Anomaly Detectors,"Deep SVDD has no valid alarm below T = 0.60 and 0.167, one bearing, at T = 0.60, the shortest test window: as on IMS test 1 it fires very late, because its threshold requires substantial encoder-distance growth from the trained center, so on these 1.4-7.8 h bearings its first alarm arrives at or after failure on all six bearings below T = 0.60 and on five of the six at T = 0.60.",C106,
C106@S31.011,claim,C106,"Deep SVDD: no valid FEMTO alarm below T=0.60, one bearing at T=0.60; a lifetime, not training-data, constraint",Minimum Training Data for Deep Anomaly Detectors,body,Minimum Training Data for Deep Anomaly Detectors,"That is a bearing-lifetime constraint, not a training-data constraint.",C106,
C107@S37.022,claim,C107,"KAIST ~43 h bearing is the closest public long-runway example (n=1, insufficient)",Limitations and Threats to Validity,body,Limitations and Threats to Validity,"Such public datasets are rare; the closest single-bearing example is a KAIST bearing with a ∼43-hour lifecycle (n = 1, insufficient for inference).",C107,
C108@S37.023,claim,C108,Loader templates are released so long-runway historian archives can apply the pipeline,Limitations and Threats to Validity,body,Limitations and Threats to Validity,"Groups with long-running industrial historian archives (gas turbines, compressors, paper machines) can apply the released pipeline directly; loader templates for every public dataset format used here are included in the repository at https://github.com/Ansh-Goyal01/ Scada-Leadtime-Benchmark to minimize integration effort.",C108,
C109@S18.005,claim,C109,"Four methodological corrections (test-3 label, gated metric, invariant features, run-level test) change the story; earlier significant effect corrected",Statistical Protocol,body,Statistical Protocol,"Pooling them as 3 × 5 = 15 “pairs” per detector, as an earlier version of this work did, inflates the effective sample size fivefold and yields overconfident p-values.",C109,
C109@S44.010,claim,C109,"Four methodological corrections (test-3 label, gated metric, invariant features, run-level test) change the story; earlier significant effect corrected",Appendix C: IMS Test-3 Relabeling Justification,body,Appendix C: IMS Test-3 Relabeling Justification,An earlier version of this work claimed that in no run does aggregation shorten the lead time of the magnitude-monitoring detectors.,C109,
C110@S34.002,claim,C110,"The IMS trend is reproduced by an ordinary moving-average or Kalman filter: generic smoothing, not historian averaging",Why the IMS Trend Appears but Is Neutral Elsewhere,body,Why the IMS Trend Appears but Is Neutral Elsewhere,"An ordinary moving-average or Kalman filter on the decimated stream reproduces the trend (Appendix D.1), so the mechanism is generic low-pass smoothing rather than historian averaging specifically.",C110,
C110@S35.007,claim,C110,"The IMS trend is reproduced by an ordinary moving-average or Kalman filter: generic smoothing, not historian averaging",Why Aggregation Preserves What Decimation Loses,body,Why Aggregation Preserves What Decimation Loses,"It does, monotonically, from -0.35 h at the native noise level to +6.60 h at 10 dB, and an ordinary moving-average or Kalman filter on the decimated stream recovers it (Appendix D.1, Table 15).",C110,
C110@S46.010,claim,C110,"The IMS trend is reproduced by an ordinary moving-average or Kalman filter: generic smoothing, not historian averaging",D.1 Generic Smoothing vs.\ Historian Averaging,body,D.1 Generic Smoothing vs.\ Historian Averaging,"We compare a median filter, a moving average, a constant-velocity Kalman filter and a wavelet denoiser, each applied to the decimated stream, against raw aggregation and raw decimation (Table 15b).",C110,
C110@S46.011,claim,C110,"The IMS trend is reproduced by an ordinary moving-average or Kalman filter: generic smoothing, not historian averaging",D.1 Generic Smoothing vs.\ Historian Averaging,body,D.1 Generic Smoothing vs.\ Historian Averaging,"The moving average and Kalman filter recover essentially the full aggregate lead time (76.0 and 75.6 h vs. aggregation’s 75.6 h), while the median and wavelet filters fall slightly short, so the effect is generic smoothing of the health signal, not a property unique to historian bin-averaging: an operator who decimates and then lightly smooths recovers the same warning time.",C110,
C111@S35.001,claim,C111,Signal-theoretic argument: bin-averaging = anti-alias filter + downsampling; decimation folds noise in-band,Why Aggregation Preserves What Decimation Loses,body,Why Aggregation Preserves What Decimation Loses,"Bin-averaging by a factor f is a length-f moving-average filter followed by downsampling: an anti-alias filter, then decimation.",C111,G2
C111@S35.003,claim,C111,Signal-theoretic argument: bin-averaging = anti-alias filter + downsampling; decimation folds noise in-band,Why Aggregation Preserves What Decimation Loses,body,Why Aggregation Preserves What Decimation Loses,"The prognostic content of the health statistic evolves on the degradation timescale—hours—far below the post-coarsening Nyquist rate even at f = 20, while measurement noise in the same series is broadband.",C111,G2
C111@S35.004,claim,C111,Signal-theoretic argument: bin-averaging = anti-alias filter + downsampling; decimation folds noise in-band,Why Aggregation Preserves What Decimation Loses,body,Why Aggregation Preserves What Decimation Loses,"Decimation therefore folds out-of-band noise into the low-frequency band occupied by the degradation trend, raising the variance of the health statistic without changing its mean; aggregation attenuates that noise before downsampling.",C111,G2
C112@S35.010,claim,C112,"Mean and slope are linear functionals and commute with block averaging; std, max, coherence do not",Why Aggregation Preserves What Decimation Loses,body,Why Aggregation Preserves What Decimation Loses,"The mean and the slope are linear functionals of the underlying series, so block-averaging them commutes with the summary up to the weighting induced by the 50% window overlap; the standard deviation, the maximum and the cross-channel coherence are not linear, and block-averaging them is not equivalent to computing the summary on the coarsened series.",C112,G2
C113@S35.012,claim,C113,We claim no conservation result,Why Aggregation Preserves What Decimation Loses,body,Why Aggregation Preserves What Decimation Loses,We claim no conservation result.,C113,G2
C114@S35.007,claim,C114,Noise injection: aggregate advantage rises monotonically from -0.35 h (native) to +6.60 h at 10 dB,Why Aggregation Preserves What Decimation Loses,body,Why Aggregation Preserves What Decimation Loses,"It does, monotonically, from -0.35 h at the native noise level to +6.60 h at 10 dB, and an ordinary moving-average or Kalman filter on the decimated stream recovers it (Appendix D.1, Table 15).",C114,
C114@S46.006,claim,C114,Noise injection: aggregate advantage rises monotonically from -0.35 h (native) to +6.60 h at 10 dB,D.1 Generic Smoothing vs.\ Historian Averaging,body,D.1 Generic Smoothing vs.\ Historian Averaging,"The mean advantage rises monotonically with noise (Table 15a), from -0.35 h at the native noise level to +6.6 h at 10 dB, and at the two highest noise levels all three runs share the positive sign.",C114,
C115@S46.010,claim,C115,Denoisers: moving average/Kalman recover aggregate lead (76.0/75.7 vs 75.7 h); wavelet drops to 6/12,D.1 Generic Smoothing vs.\ Historian Averaging,body,D.1 Generic Smoothing vs.\ Historian Averaging,"We compare a median filter, a moving average, a constant-velocity Kalman filter and a wavelet denoiser, each applied to the decimated stream, against raw aggregation and raw decimation (Table 15b).",C115,
C115@S46.011,claim,C115,Denoisers: moving average/Kalman recover aggregate lead (76.0/75.7 vs 75.7 h); wavelet drops to 6/12,D.1 Generic Smoothing vs.\ Historian Averaging,body,D.1 Generic Smoothing vs.\ Historian Averaging,"The moving average and Kalman filter recover essentially the full aggregate lead time (76.0 and 75.6 h vs. aggregation’s 75.6 h), while the median and wavelet filters fall slightly short, so the effect is generic smoothing of the health signal, not a property unique to historian bin-averaging: an operator who decimates and then lightly smooths recovers the same warning time.",C115,
C115@S46.012,claim,C115,Denoisers: moving average/Kalman recover aggregate lead (76.0/75.7 vs 75.7 h); wavelet drops to 6/12,D.1 Generic Smoothing vs.\ Historian Averaging,body,D.1 Generic Smoothing vs.\ Historian Averaging,"The wavelet denoiser drops to 6/12 valid alarms, below even raw decimation, because soft-thresholding the detail coefficients perturbs the pre-onset baseline enough to lift the pre-onset false-alarm rate past the budget: smoothing that preserves the normal baseline recovers the lead time, while smoothing that distorts it can cost validity.",C115,
C115@S46.013,claim,C115,Denoisers: moving average/Kalman recover aggregate lead (76.0/75.7 vs 75.7 h); wavelet drops to 6/12,D.1 Generic Smoothing vs.\ Historian Averaging,body,D.1 Generic Smoothing vs.\ Historian Averaging,"The one-alarm gap between raw decimation (8/12) and aggregation (7/12) at statistically indistinguishable lead times (76.0 vs. 75.6 h) is sampling noise at n = 12, not evidence that decimation is preferable.",C115,
C116@S34.006,claim,C116,ONGC case: nine of eleven detectors alarm 34-35 h ahead; aggregate-decimate difference at most about a minute,Why the IMS Trend Appears but Is Neutral Elsewhere,body,Why the IMS Trend Appears but Is Neutral Elsewhere,"The one real historian record, an ONGC gas-turbine low-pressure-compressor bearing logged at a 10 s SCADA rate and ending in a genuine operator shutdown, is the cleanest illustration of the practical question because it needs no simulated coarsening: the aggregate-vs-decimate difference in raw lead is at most about a minute for every detector.",C116,
C116@S34.008,claim,C116,ONGC case: nine of eleven detectors alarm 34-35 h ahead; aggregate-decimate difference at most about a minute,Why the IMS Trend Appears but Is Neutral Elsewhere,body,Why the IMS Trend Appears but Is Neutral Elsewhere,"Nine of its eleven detectors raise a raw alarm 30-35 h ahead of the labeled failure (RMS-trend 22.8 h, and Deep SVDD not before failure at all), but under the gated metric at τ = 10% only Hotelling T 2 and RMS-trend are valid, because the others flag too many windows of a pre-onset region that ends only ∼6 h before the shutdown; whether they are false alarms or genuine early detections that the late-biased onset cannot credit is undecidable at n = 1 (Appendix D.2).",C116,
C116@S47.004,claim,C116,ONGC case: nine of eleven detectors alarm 34-35 h ahead; aggregate-decimate difference at most about a minute,D.2 Single-Asset ONGC Case Study,body,D.2 Single-Asset ONGC Case Study,"On raw lead, nine of the eleven detectors alarm 30-35 h before the labeled failure (seven within 34.9-35.3 h, CUSUM at 33.9 h and Hotelling T 2 at 30.4 h), the naive RMS-trend baseline gives 22.8 h, and Deep SVDD does not alarm before failure.",C116,
C116@S47.009,claim,C116,ONGC case: nine of eleven detectors alarm 34-35 h ahead; aggregate-decimate difference at most about a minute,D.2 Single-Asset ONGC Case Study,body,D.2 Single-Asset ONGC Case Study,"The aggregate-vs-decimate contrast is computed on raw lead and is unaffected: the difference is at most about a minute for every detector (Table 6), so on data that already is a real historian stream the choice of logging mechanism does not materially change warning time—the cleanest possible illustration of the practical question, and consistent with “averaging is not the enemy.",C116,
C117@S36.001,claim,C117,Storing bin-averaged vibration at SCADA rates does not sacrifice warning time (practical message),Practical Implications,body,Practical Implications,"For practitioners, storing bin-averaged vibration at SCADA rates, the default behavior of most historians, does not inherently sacrifice bearing-fault warning time relative to keeping decimated raw samples, and may improve it for control-chart detectors on noisy long-runway data.",C117,
C117@S47.009,claim,C117,Storing bin-averaged vibration at SCADA rates does not sacrifice warning time (practical message),D.2 Single-Asset ONGC Case Study,body,D.2 Single-Asset ONGC Case Study,"The aggregate-vs-decimate contrast is computed on raw lead and is unaffected: the difference is at most about a minute for every detector (Table 6), so on data that already is a real historian stream the choice of logging mechanism does not materially change warning time—the cleanest possible illustration of the practical question, and consistent with “averaging is not the enemy.",C117,
C118@S37.014,claim,C118,Construct validity: onset is not ground-truth defect initiation; valid-alarm fraction partly a property of bearings,Limitations and Threats to Validity,body,Limitations and Threats to Validity,"The onset, although leakage-free and stable to k ∈ {3, 4, 5}, is not the ground-truth defect-initiation time, which is unobservable in these datasets.",C118,
C118@S37.016,claim,C118,Construct validity: onset is not ground-truth defect initiation; valid-alarm fraction partly a property of bearings,Limitations and Threats to Validity,body,Limitations and Threats to Validity,"Bearings whose physics provides essentially no warning runway score zero valid alarms regardless of detector (Table 7), which is correct behavior but makes the valid-alarm fraction partly a property of the bearings, not only of the methods.",C118,
C118@S47.008,claim,C118,Construct validity: onset is not ground-truth defect initiation; valid-alarm fraction partly a property of bearings,D.2 Single-Asset ONGC Case Study,body,D.2 Single-Asset ONGC Case Study,"The onset estimator is systematically late under gradual degradation (late by approximately kσb/m; Algorithm 1), so some alarms that precede the estimated onset may be genuine early detection the estimator cannot credit; with n = 1 and no ground-truth defect-initiation time, the case study cannot distinguish the two.",C118,
C119@S18.005,claim,C119,An earlier pooled 15-pair Wilcoxon test overstated significance,Statistical Protocol,body,Statistical Protocol,"Pooling them as 3 × 5 = 15 “pairs” per detector, as an earlier version of this work did, inflates the effective sample size fivefold and yields overconfident p-values.",C119,
C119@S37.020,claim,C119,An earlier pooled 15-pair Wilcoxon test overstated significance,Limitations and Threats to Validity,body,Limitations and Threats to Validity,"An earlier pooled 15-pair Wilcoxon test treated the within-run factors as independent observations and thereby overstated significance; the run-level exact sign test cannot fall below p = 0.25 at n = 3, and after Holm correction across the forty-four-test family nothing is significant (Table 5), so the IMS result is a directional trend to be read with the multi-bearing nulls, never a significant effect.",C119,
C120@S08.014,claim,C120,Significance needs >= 6 sign-concordant runs (p = 0.031); IMS is a factor of two short,Datasets,body,Datasets,"Fixed operating conditions make it directly compatible with our onset detector without normalization; we use all six runs (E1-E6), duplicating the single channel into the two channel slots so the channel-invariant schema applies unchanged.",C120,
C120@S37.021,claim,C120,Significance needs >= 6 sign-concordant runs (p = 0.031); IMS is a factor of two short,Limitations and Threats to Validity,body,Limitations and Threats to Validity,"The test itself sets the minimum dataset: significance needs at least six sign-concordant runs (2( 1 2 )6 = 0.031), so the three IMS runs are at least a factor of two short—the quantitative content of the long-runway, many-bearing campaign that future work calls for.",C120,
C121@S37.024,claim,C121,RUL-benchmarking limitation: the metric is not benchmarked against the RUL literature,Limitations and Threats to Validity,body,Limitations and Threats to Validity,Limited external benchmarking.,C121,G8
C121@S37.025,claim,C121,RUL-benchmarking limitation: the metric is not benchmarked against the RUL literature,Limitations and Threats to Validity,body,Limitations and Threats to Validity,We do not benchmark the gated lead-time metric against the RUL-estimation literature.,C121,G8
C121@S37.026,claim,C121,RUL-benchmarking limitation: the metric is not benchmarked against the RUL literature,Limitations and Threats to Validity,body,Limitations and Threats to Validity,"The comparison is not straightforward—RUL methods predict a remaining-life quantity and are scored by prediction error, whereas our metric scores when an alarm fires against a false-alarm budget—but the consequence is that the metric’s behaviour relative to that body of work is untested, and readers coming from RUL benchmarking should treat the two as complementary rather than ranked.",C121,G8
C122@S04.007,claim,C122,"Future work: long-life bearing campaigns, other bearing types, joint onset learning, non-exchangeable conformal",Anomaly Detectors and Control Charts,body,Anomaly Detectors and Control Charts,"The classic normalized-RMS health indicator with a first-prediction-time threshold, the baseline underlying most of that literature, is our rms_trend detector; re-evaluating specific published architectures under the gated metric (which requires their original code) is future work.",C122,
C122@S37.012,claim,C122,"Future work: long-life bearing campaigns, other bearing types, joint onset learning, non-exchangeable conformal",Limitations and Threats to Validity,body,Limitations and Threats to Validity,Closing both (e.g. with an onset signal disjoint from the detector features) is future work.,C122,
C122@S37.021,claim,C122,"Future work: long-life bearing campaigns, other bearing types, joint onset learning, non-exchangeable conformal",Limitations and Threats to Validity,body,Limitations and Threats to Validity,"The test itself sets the minimum dataset: significance needs at least six sign-concordant runs (2( 1 2 )6 = 0.031), so the three IMS runs are at least a factor of two short—the quantitative content of the long-runway, many-bearing campaign that future work calls for.",C122,
C122@S38.007,claim,C122,"Future work: long-life bearing campaigns, other bearing types, joint onset learning, non-exchangeable conformal",Conclusion,body,Conclusion,"Future work will learn the degradation onset jointly with the detector, so that the metric’s anchor no longer depends on a hand-set health indicator (closing the circularity noted in Section 8), and extend the conformal guarantee to the non-exchangeable early-degradation regime in which it currently fails.",C122,
C123@S40.007,claim,C123,Data availability enumerates the released ONGC derived artifacts by path; raw waveforms/channels/IDs withheld under NDA,Data and Code Availability,body,Data and Code Availability,The ONGC gas-turbine SCADA record is proprietary and covered by a non-disclosure agreement.,C123,G7
C123@S40.008,claim,C123,Data availability enumerates the released ONGC derived artifacts by path; raw waveforms/channels/IDs withheld under NDA,Data and Code Availability,body,Data and Code Availability,"Withheld, and not redistributable: the raw vibration waveforms, the channel-level measurements from which the features are built, and all asset identifiers.",C123,G7
C123@S40.009,claim,C123,Data availability enumerates the released ONGC derived artifacts by path; raw waveforms/channels/IDs withheld under NDA,Data and Code Availability,body,Data and Code Availability,"Released, so that the n = 1 case study can be repeated rather than merely inspected, are the derived files behind every ONGC number in this paper (all paths relative to results/tables/): the degradation health-indicator series in ongc_health_ indicator.csv, a single baseline-standardized scalar per 10 s timestamp aggregated over all four channels, with the run-level split, onset and failure markers in ongc_ onset_markers.csv—the published onset of 2023-1113 03:44 is recomputable from these two files alone, with no proprietary input, and the repository’s test suite asserts exactly that; per-detector lead time and pre-onset false-alarm rate, together with the full post-N-20 sampling sweep (both modes × five factors × eleven detectors, 110 rows), in n20_rerun_long_ONGC.csv, with its aggregated and interval forms in benchmark_ONGC_aggregate_ n20.csv and benchmark_ONGC_leadtime_ci_ n20.csv; the per-detector ONGC median differences of Table 6 in n20_ongc_minutes.csv; the paired-test outputs in benchmark_ONGC_paired_test_n20. csv; the conformal calibration series behind Figure 4d in calibration_ONGC.csv and calibration_ ONGC_pooled.csv; and the onset reruns under the two decoupled health indicators in rg3_rerun_long_ONGC_ rms_kurt.csv and rg3_rerun_long_ONGC_pca1. csv, both of which are the pre-N-20 arm, retained as provenance for the indicator comparison; no number reported here depends on them, and the aggregate-vs-decimate contrast is taken from the post-N-20 files named above.",C123,G7
C124@S40.002,claim,C124,MANIFEST.md maps tables/figures to files; verify_tables.py re-derives printed values; superseded arms moved aside,Data and Code Availability,body,Data and Code Availability,"Every table and figure in this paper is generated directly from the result files released in the repository under results/tables/; no number is hand-edited. results/tables/MANIFEST.md maps each table and figure to the exact file that backs it, and paper/verify_tables.py re-derives the printed values from those files and fails if any disagrees—it runs as part of the test suite, so the claim is checked rather than asserted.",C124,
C124@S40.003,claim,C124,MANIFEST.md maps tables/figures to files; verify_tables.py re-derives printed values; superseded arms moved aside,Data and Code Availability,body,Data and Code Availability,"Where a result exists in more than one arm (the pre-D-2 legacy feature schema, or the pre-N-20 rerun), the superseded arm has been moved to results/tables/superseded/ with a note on why, so a replicator cannot select it by mistake.",C124,
C125@S42.003,claim,C125,"Inference cost is negligible (<= ~0.5 ms/window), four orders below the 10 s polling interval; not compute-bound",Appendix A: Reproducibility Settings,body,Appendix A: Reproducibility Settings,"Training is a one-off offline step, and inference is at most ∼0.5 ms per window (LSTM-AE), more than four orders of magnitude below the fastest historian polling interval in our study (10 s), so streaming condition monitoring at native SCADA rates is not compute-bound for any of the eleven",C125,
C126@S42.001,claim,C126,"Deep-model architectures table: Adam, fixed LR, no early stopping, parameter counts at 49-dim width",Appendix A: Reproducibility Settings,body,Appendix A: Reproducibility Settings,"Table 11a lists the fixed hyperparameters, taken verbatim from the released config.py, and Table 12 the architectures and training protocol of the four deep models, with trainable parameter counts measured at the 49-dimensional invariant feature width; one protocol applies to every detector, dataset, run and sampling factor, with no per-condition tuning.",C126,G5
C126@tab:deeparch.cap01,claim,C126,"Deep-model architectures table: Adam, fixed LR, no early stopping, parameter counts at 49-dim width",tab:deeparch,caption,tab:deeparch,"Deep-model architectures and training protocol, from the released config.py and model definitions; no per-dataset tuning, and every model runs its full epoch budget.",C126,G5
C126@tab:deeparch.cap03,claim,C126,"Deep-model architectures table: Adam, fixed LR, no early stopping, parameter counts at 49-dim width",tab:deeparch,caption,tab:deeparch,"All four use the Adam optimiser at learning rate 10-3, batch size 32 and seed 42, with no early stopping.",C126,G5
C127@S43.002,claim,C127,"Feature construction: 6 statistics x 2 channel aggregates x 4 window descriptors = 48, + coherence = 49",Appendix B: The 49-Dimensional Invariant Feature Space,body,Appendix B: The 49-Dimensional Invariant Feature Space,"Each family is made channel-count-invariant by the channel mean and the channel max, and each aggregated series is summarised over the rolling window (10 samples, 50% overlap) by its mean, standard deviation, maximum and least-squares trend slope, giving 6 × 2 × 4 = 48 features; a cross-channel RMScoherence feature (the mean pairwise Pearson correlation of the physical RMS channels within the window) brings the total to 49.",C127,
C128@S44.001,claim,C128,IMS test-3 label: original 2004-04-08 left 21.5% of data after 'failure'; relabelled to last sample 2004-04-18 02:42,Appendix C: IMS Test-3 Relabeling Justification,body,Appendix C: IMS Test-3 Relabeling Justification,"An earlier label placed the failure of the third IMS test on 2004-04-08, leaving 21.5% of the recorded data after the nominal “failure”—impossible for a run-to-failure series.",C128,D19
C128@S44.002,claim,C128,IMS test-3 label: original 2004-04-08 left 21.5% of data after 'failure'; relabelled to last sample 2004-04-18 02:42,Appendix C: IMS Test-3 Relabeling Justification,body,Appendix C: IMS Test-3 Relabeling Justification,"We relabel it to the last recorded sample (2004-04-18 02:42), at which the mean-RMS health indicator has ramped from its flat baseline (∼0.068) to ∼0.228 before the final machine-off reading: within the flat normal-region baseline band at the old label, but well above the 4σ onset band at the corrected one.",C128,D19
C128@S44.008,claim,C128,IMS test-3 label: original 2004-04-08 left 21.5% of data after 'failure'; relabelled to last sample 2004-04-18 02:42,Appendix C: IMS Test-3 Relabeling Justification,body,Appendix C: IMS Test-3 Relabeling Justification,"Because a reader may ask whether the label was chosen for the result it produces, we re-ran the entire IMS sweep under the original 2004-04-08 label and report both arms side by side (Table 14).",C128,D19
C128@tab:d17label.cap01,claim,C128,IMS test-3 label: original 2004-04-08 left 21.5% of data after 'failure'; relabelled to last sample 2004-04-18 02:42,tab:d17label,caption,tab:d17label,"IMS aggregate-decimate lead-time difference under the original (2004-04-08) and corrected (2004-04-18) third- test failure labels, all ten detectors.",C128,D19
C129@S44.003,claim,C129,The relabelling made the paper's own claim harder to support; the 'no run shortened' claim is withdrawn,Appendix C: IMS Test-3 Relabeling Justification,body,Appendix C: IMS Test-3 Relabeling Justification,"The relabeling moves the third test toward harder, not easier, detection: a run that was a guaranteed miss for most detectors becomes evaluable, and because the aggregate-vs-decimate contrast is computed within each run, the relabeling cannot artificially inflate it.",C129,D19
C129@S44.007,claim,C129,The relabelling made the paper's own claim harder to support; the 'no run shortened' claim is withdrawn,Appendix C: IMS Test-3 Relabeling Justification,body,Appendix C: IMS Test-3 Relabeling Justification,"The relabeling made our own claim harder to support, not easier.",C129,D19
C129@S44.011,claim,C129,The relabelling made the paper's own claim harder to support; the 'no run shortened' claim is withdrawn,Appendix C: IMS Test-3 Relabeling Justification,body,Appendix C: IMS Test-3 Relabeling Justification,"That claim would have been true under the original label; it is false only under the corrected one, where the third test contributes -1.00 h, and we have withdrawn it.",C129,D19
C130@S27.012,claim,C130,Under the original label test 3 is a guaranteed miss for six of ten detectors; n_eff is 3/2/1 by detector,Multiple-Comparison Correction,body,Multiple-Comparison Correction,"What changes is power: gating discards every run without a valid alarm, so the mean effective sample size per detector falls from 3.0 to 1.3 on XJTUSY, 4.8 to 2.8 on FEMTO, 5.0 to 3.6 on Ferrara and 2.7 to 1.2 on IMS, roughly a halving.",C130,D19
C130@S37.005,claim,C130,Under the original label test 3 is a guaranteed miss for six of ten detectors; n_eff is 3/2/1 by detector,Limitations and Threats to Validity,body,Limitations and Threats to Validity,"The three campaigns that supply statistical power—XJTU-SY, FEMTO/PRONOSTIA and University of Ferrara—comprise bearings whose total lifetimes span roughly 0.7 to 8.9 h, so an aggregation effect of the magnitude observed on IMS (a run-level median of +15.1 h for the 3σ chart) could not have been observed on them even if present.",C130,D19
C130@S37.006,claim,C130,Under the original label test 3 is a guaranteed miss for six of ten detectors; n_eff is 3/2/1 by detector,Limitations and Threats to Validity,body,Limitations and Threats to Validity,"Their null therefore bounds the effect at the scale of minutes, which is what our equivalence margin reflects, not at the scale of the IMS result, while the only dataset whose runway is long enough to express such an effect has n = 3 and cannot reach significance at any margin.",C130,D19
C130@S37.023,claim,C130,Under the original label test 3 is a guaranteed miss for six of ten detectors; n_eff is 3/2/1 by detector,Limitations and Threats to Validity,body,Limitations and Threats to Validity,"Groups with long-running industrial historian archives (gas turbines, compressors, paper machines) can apply the released pipeline directly; loader templates for every public dataset format used here are included in the repository at https://github.com/Ansh-Goyal01/ Scada-Leadtime-Benchmark to minimize integration effort.",C130,D19
C130@S37.027,claim,C130,Under the original label test 3 is a guaranteed miss for six of ten detectors; n_eff is 3/2/1 by detector,Limitations and Threats to Validity,body,Limitations and Threats to Validity,"Two extensions would sharpen these conclusions most directly: run-to-failure campaigns on long-life bearings typical of industrial service, whose multi-week runway could express an aggregation effect that short laboratory bearings cannot; and comparable work on other bearing types and geometries, since the four inferential datasets are all rolling-element bearings under approximately steady speed and load and the single real-asset record is one gas-turbine compressor bearing.",C130,D19
C130@S38.004,claim,C130,Under the original label test 3 is a guaranteed miss for six of ten detectors; n_eff is 3/2/1 by detector,Conclusion,body,Conclusion,"That null is bounded by the scale of the evidence: the three campaigns supplying the statistical power comprise bearings of 0.7-8.9 h total life, on which an aggregation effect of the IMS magnitude could not have been observed, so the result bounds the effect at the scale of minutes and the multi-week runway remains untested.",C130,D19
C130@S44.003,claim,C130,Under the original label test 3 is a guaranteed miss for six of ten detectors; n_eff is 3/2/1 by detector,Appendix C: IMS Test-3 Relabeling Justification,body,Appendix C: IMS Test-3 Relabeling Justification,"The relabeling moves the third test toward harder, not easier, detection: a run that was a guaranteed miss for most detectors becomes evaluable, and because the aggregate-vs-decimate contrast is computed within each run, the relabeling cannot artificially inflate it.",C130,D19
C130@S44.009,claim,C130,Under the original label test 3 is a guaranteed miss for six of ten detectors; n_eff is 3/2/1 by detector,Appendix C: IMS Test-3 Relabeling Justification,body,Appendix C: IMS Test-3 Relabeling Justification,"The decisive case is 3σ: under the original label the third test is a guaranteed miss, both lead times are zero, the run’s collapsed difference is exactly 0.00 h, and the zero-difference rule of Section 4.9 leaves 3σ at two positive and zero negative runs.",C130,D19
C130@S44.014,claim,C130,Under the original label test 3 is a guaranteed miss for six of ten detectors; n_eff is 3/2/1 by detector,Appendix C: IMS Test-3 Relabeling Justification,body,Appendix C: IMS Test-3 Relabeling Justification,"Under the original label the third test is a guaranteed miss for six of the ten detectors, not for all ten: 3σ, CUSUM, EWMA, Isolation Forest, Deep SVDD, and RMS-trend all score L = 0 in both modes.",C130,D19
C130@S44.017,claim,C130,Under the original label test 3 is a guaranteed miss for six of ten detectors; n_eff is 3/2/1 by detector,Appendix C: IMS Test-3 Relabeling Justification,body,Appendix C: IMS Test-3 Relabeling Justification,"Because the zero-difference exclusion operates per detector, the original label does not simply reduce IMS to n = 2: it leaves neff = 3 for the four detectors that still warn on the third test, neff = 2 for 3σ, CUSUM, EWMA and Isolation Forest, and neff = 1 for Deep SVDD and RMS-trend.",C130,D19
C130@S44.018,claim,C130,Under the original label test 3 is a guaranteed miss for six of ten detectors; n_eff is 3/2/1 by detector,Appendix C: IMS Test-3 Relabeling Justification,body,Appendix C: IMS Test-3 Relabeling Justification,"The exact two-sided sign test floors at p = 0.25, 0.50 and 1.00 at those sample sizes, so under the original label six of the ten detectors could not have reached α = 0.05 at any effect size, and the four with neff = 3 floor at p = 0.25, already above α.",C130,D19
C130@tab:gatedcontrast.cap02,claim,C130,Under the original label test 3 is a guaranteed miss for six of ten detectors; n_eff is 3/2/1 by detector,tab:gatedcontrast,caption,tab:gatedcontrast,Med.: median across detectors of each detector’s run-level median difference (h); n+/n-/0: detectors by the sign of that median; n¯eff: mean effective sample size once zero-difference runs are dropped.,C130,D19
C130@tab:d17label.cap02,claim,C130,Under the original label test 3 is a guaranteed miss for six of ten detectors; n_eff is 3/2/1 by detector,tab:d17label,caption,tab:d17label,"Run differences are (1st_test, 2nd_test, 3rd_test) in hours, collapsing the five within-run sampling factors to one mean difference per run (Section 4.9). n+/n-/0 counts positive, negative and exactly-zero runs; zero-difference runs are excluded from the sign test, so neff is the effective sample size under the original label.",C130,D19
C130@tab:d17label.cap03,claim,C130,Under the original label test 3 is a guaranteed miss for six of ten detectors; n_eff is 3/2/1 by detector,tab:d17label,caption,tab:d17label,“Floor” is the smallest two-sided exact sign-test p attainable at that neff.,C130,D19
C131@S44.019,claim,C131,No median flips sign between labels; best attainable p is 0.25 in both arms,Appendix C: IMS Test-3 Relabeling Justification,body,Appendix C: IMS Test-3 Relabeling Justification,"The corrected label retains every run, but n = 3 still bounds the attainable p at 0.25, so no IMS detector reaches significance under either label and the best attainable p is 0.25 in both arms (Hotelling T 2).",C131,D19
C131@S44.020,claim,C131,No median flips sign between labels; best attainable p is 0.25 in both arms,Appendix C: IMS Test-3 Relabeling Justification,body,Appendix C: IMS Test-3 Relabeling Justification,"The label does not change the direction: no median flips sign between the arms, 3σ holding at +15.10 h and Hotelling T 2 at +1.17 h, and the Holm verdict of Section 6 and the headline are untouched.",C131,D19
C132@S44.005,claim,C132,"The relabel is an author relabeling, not a community-established correction",Appendix C: IMS Test-3 Relabeling Justification,body,Appendix C: IMS Test-3 Relabeling Justification,"We present it as an author relabeling based on the health-indicator trajectory, not independently verified ground truth: we know of no published benchmark that corrects this label, so we do not claim it as a community-established correction.",C132,
C133@S40.009,claim,C133,"ONGC record: Solar Turbine LPC, 4 channels at 10 s over ~5 days (42,698 rows), shutdown 2023-11-13 09:46, onset 03:44",Data and Code Availability,body,Data and Code Availability,"Released, so that the n = 1 case study can be repeated rather than merely inspected, are the derived files behind every ONGC number in this paper (all paths relative to results/tables/): the degradation health-indicator series in ongc_health_ indicator.csv, a single baseline-standardized scalar per 10 s timestamp aggregated over all four channels, with the run-level split, onset and failure markers in ongc_ onset_markers.csv—the published onset of 2023-1113 03:44 is recomputable from these two files alone, with no proprietary input, and the repository’s test suite asserts exactly that; per-detector lead time and pre-onset false-alarm rate, together with the full post-N-20 sampling sweep (both modes × five factors × eleven detectors, 110 rows), in n20_rerun_long_ONGC.csv, with its aggregated and interval forms in benchmark_ONGC_aggregate_ n20.csv and benchmark_ONGC_leadtime_ci_ n20.csv; the per-detector ONGC median differences of Table 6 in n20_ongc_minutes.csv; the paired-test outputs in benchmark_ONGC_paired_test_n20. csv; the conformal calibration series behind Figure 4d in calibration_ONGC.csv and calibration_ ONGC_pooled.csv; and the onset reruns under the two decoupled health indicators in rg3_rerun_long_ONGC_ rms_kurt.csv and rg3_rerun_long_ONGC_pca1. csv, both of which are the pre-N-20 arm, retained as provenance for the indicator comparison; no number reported here depends on them, and the aggregate-vs-decimate contrast is taken from the post-N-20 files named above.",C133,
C133@S47.001,claim,C133,"ONGC record: Solar Turbine LPC, 4 channels at 10 s over ~5 days (42,698 rows), shutdown 2023-11-13 09:46, onset 03:44",D.2 Single-Asset ONGC Case Study,body,D.2 Single-Asset ONGC Case Study,"The ONGC record is a real Solar-Turbine low-pressurecompressor (LPC) dataset: four vibration channels logged at a 10 s SCADA rate over ∼5 days (42,698 rows), ending in a genuine operator shutdown on 2023-11-13 09:46.",C133,
C133@S47.002,claim,C133,"ONGC record: Solar Turbine LPC, 4 channels at 10 s over ~5 days (42,698 rows), shutdown 2023-11-13 09:46, onset 03:44",D.2 Single-Asset ONGC Case Study,body,D.2 Single-Asset ONGC Case Study,"This is authentic historian data with a real, documented event—the maintenance record confirms the shutdown followed a rolling-element bearing fault on the LPC—and the data-derived degradation onset (2023-11-13 03:44) precedes the operator’s action by roughly six hours.",C133,
tab:datasets.c001,table-cell,tab:datasets,controlled lab,table,table-cell,tab:datasets | IMS | Role,IMS,,
tab:datasets.c002,table-cell,tab:datasets,20.48 kHz raw,table,table-cell,tab:datasets | IMS | Rate,IMS,,
tab:datasets.c003,table-cell,tab:datasets,3,table,table-cell,tab:datasets | IMS | Runs,IMS,,
tab:datasets.c004,table-cell,tab:datasets,case study (App. D.2),table,table-cell,tab:datasets | ONGC | Role,ONGC,,
tab:datasets.c005,table-cell,tab:datasets,10 s historian,table,table-cell,tab:datasets | ONGC | Rate,ONGC,,
tab:datasets.c006,table-cell,tab:datasets,1,table,table-cell,tab:datasets | ONGC | Runs,ONGC,,
tab:datasets.c007,table-cell,tab:datasets,generalization,table,table-cell,tab:datasets | XJTU-SY | Role,XJTU-SY,,
tab:datasets.c008,table-cell,tab:datasets,"25.6 kHz, 1/min",table,table-cell,tab:datasets | XJTU-SY | Rate,XJTU-SY,,
tab:datasets.c009,table-cell,tab:datasets,10,table,table-cell,tab:datasets | XJTU-SY | Runs,XJTU-SY,,
tab:datasets.c010,table-cell,tab:datasets,generalization,table,table-cell,tab:datasets | FEMTO | Role,FEMTO,,
tab:datasets.c011,table-cell,tab:datasets,"25.6 kHz, 1/10 s",table,table-cell,tab:datasets | FEMTO | Rate,FEMTO,,
tab:datasets.c012,table-cell,tab:datasets,6,table,table-cell,tab:datasets | FEMTO | Runs,FEMTO,,
tab:datasets.c013,table-cell,tab:datasets,generalization,table,table-cell,tab:datasets | Ferrara | Role,Ferrara,,
tab:datasets.c014,table-cell,tab:datasets,"25.6 kHz, cont.",table,table-cell,tab:datasets | Ferrara | Rate,Ferrara,,
tab:datasets.c015,table-cell,tab:datasets,6,table,table-cell,tab:datasets | Ferrara | Runs,Ferrara,,
tab:datasets.c016,table-cell,tab:datasets,excluded (no RUL),table,table-cell,tab:datasets | Paderborn | Role,Paderborn,,
tab:datasets.c017,table-cell,tab:datasets,64 kHz,table,table-cell,tab:datasets | Paderborn | Rate,Paderborn,,
tab:datasets.c018,table-cell,tab:datasets,-,table,table-cell,tab:datasets | Paderborn | Runs,Paderborn,,
tab:imsdet.c019,table-cell,tab:imsdet,197.6,table,table-cell,tab:imsdet | LSTM-AE† | Raw,LSTM-AE†,,
tab:imsdet.c020,table-cell,tab:imsdet,"[65.5, 331.7]",table,table-cell,tab:imsdet | LSTM-AE† | 95% CI,LSTM-AE†,,
tab:imsdet.c021,table-cell,tab:imsdet,199.6,table,table-cell,tab:imsdet | LSTM-AE† | PH,LSTM-AE†,,
tab:imsdet.c022,table-cell,tab:imsdet,0.0,table,table-cell,tab:imsdet | LSTM-AE† | L_0.05,LSTM-AE†,,
tab:imsdet.c023,table-cell,tab:imsdet,0.0,table,table-cell,tab:imsdet | LSTM-AE† | L_0.10,LSTM-AE†,,
tab:imsdet.c024,table-cell,tab:imsdet,0.0,table,table-cell,tab:imsdet | LSTM-AE† | L_0.20,LSTM-AE†,,
tab:imsdet.c025,table-cell,tab:imsdet,183.7,table,table-cell,tab:imsdet | TCN-AE† | Raw,TCN-AE†,,
tab:imsdet.c026,table-cell,tab:imsdet,"[65.5, 330.9]",table,table-cell,tab:imsdet | TCN-AE† | 95% CI,TCN-AE†,,
tab:imsdet.c027,table-cell,tab:imsdet,185.4,table,table-cell,tab:imsdet | TCN-AE† | PH,TCN-AE†,,
tab:imsdet.c028,table-cell,tab:imsdet,0.0,table,table-cell,tab:imsdet | TCN-AE† | L_0.05,TCN-AE†,,
tab:imsdet.c029,table-cell,tab:imsdet,0.0,table,table-cell,tab:imsdet | TCN-AE† | L_0.10,TCN-AE†,,
tab:imsdet.c030,table-cell,tab:imsdet,0.0,table,table-cell,tab:imsdet | TCN-AE† | L_0.20,TCN-AE†,,
tab:imsdet.c031,table-cell,tab:imsdet,183.4,table,table-cell,tab:imsdet | Transformer-AD† | Raw,Transformer-AD†,,
tab:imsdet.c032,table-cell,tab:imsdet,"[65.5, 330.9]",table,table-cell,tab:imsdet | Transformer-AD† | 95% CI,Transformer-AD†,,
tab:imsdet.c033,table-cell,tab:imsdet,184.0,table,table-cell,tab:imsdet | Transformer-AD† | PH,Transformer-AD†,,
tab:imsdet.c034,table-cell,tab:imsdet,0.0,table,table-cell,tab:imsdet | Transformer-AD† | L_0.05,Transformer-AD†,,
tab:imsdet.c035,table-cell,tab:imsdet,0.0,table,table-cell,tab:imsdet | Transformer-AD† | L_0.10,Transformer-AD†,,
tab:imsdet.c036,table-cell,tab:imsdet,0.0,table,table-cell,tab:imsdet | Transformer-AD† | L_0.20,Transformer-AD†,,
tab:imsdet.c037,table-cell,tab:imsdet,180.2,table,table-cell,tab:imsdet | One-class SVM† | Raw,One-class SVM†,,
tab:imsdet.c038,table-cell,tab:imsdet,"[65.5, 316.7]",table,table-cell,tab:imsdet | One-class SVM† | 95% CI,One-class SVM†,,
tab:imsdet.c039,table-cell,tab:imsdet,180.2,table,table-cell,tab:imsdet | One-class SVM† | PH,One-class SVM†,,
tab:imsdet.c040,table-cell,tab:imsdet,0.0,table,table-cell,tab:imsdet | One-class SVM† | L_0.05,One-class SVM†,,
tab:imsdet.c041,table-cell,tab:imsdet,0.0,table,table-cell,tab:imsdet | One-class SVM† | L_0.10,One-class SVM†,,
tab:imsdet.c042,table-cell,tab:imsdet,0.0,table,table-cell,tab:imsdet | One-class SVM† | L_0.20,One-class SVM†,,
tab:imsdet.c043,table-cell,tab:imsdet,174.8,table,table-cell,tab:imsdet | Hotelling T2† | Raw,Hotelling T2†,,
tab:imsdet.c044,table-cell,tab:imsdet,"[56.3, 315.9]",table,table-cell,tab:imsdet | Hotelling T2† | 95% CI,Hotelling T2†,,
tab:imsdet.c045,table-cell,tab:imsdet,176.9,table,table-cell,tab:imsdet | Hotelling T2† | PH,Hotelling T2†,,
tab:imsdet.c046,table-cell,tab:imsdet,0.0,table,table-cell,tab:imsdet | Hotelling T2† | L_0.05,Hotelling T2†,,
tab:imsdet.c047,table-cell,tab:imsdet,0.0,table,table-cell,tab:imsdet | Hotelling T2† | L_0.10,Hotelling T2†,,
tab:imsdet.c048,table-cell,tab:imsdet,73.9,table,table-cell,tab:imsdet | Hotelling T2† | L_0.20,Hotelling T2†,,
tab:imsdet.c049,table-cell,tab:imsdet,87.2,table,table-cell,tab:imsdet | Iso. Forest† | Raw,Iso. Forest†,,
tab:imsdet.c050,table-cell,tab:imsdet,"[49.7, 152.2]",table,table-cell,tab:imsdet | Iso. Forest† | 95% CI,Iso. Forest†,,
tab:imsdet.c051,table-cell,tab:imsdet,174.7,table,table-cell,tab:imsdet | Iso. Forest† | PH,Iso. Forest†,,
tab:imsdet.c052,table-cell,tab:imsdet,0.0,table,table-cell,tab:imsdet | Iso. Forest† | L_0.05,Iso. Forest†,,
tab:imsdet.c053,table-cell,tab:imsdet,0.0,table,table-cell,tab:imsdet | Iso. Forest† | L_0.10,Iso. Forest†,,
tab:imsdet.c054,table-cell,tab:imsdet,53.4,table,table-cell,tab:imsdet | Iso. Forest† | L_0.20,Iso. Forest†,,
tab:imsdet.c055,table-cell,tab:imsdet,78.6,table,table-cell,tab:imsdet | EWMA† | Raw,EWMA†,,
tab:imsdet.c056,table-cell,tab:imsdet,"[28.0, 152.2]",table,table-cell,tab:imsdet | EWMA† | 95% CI,EWMA†,,
tab:imsdet.c057,table-cell,tab:imsdet,89.1,table,table-cell,tab:imsdet | EWMA† | PH,EWMA†,,
tab:imsdet.c058,table-cell,tab:imsdet,0.0,table,table-cell,tab:imsdet | EWMA† | L_0.05,EWMA†,,
tab:imsdet.c059,table-cell,tab:imsdet,0.0,table,table-cell,tab:imsdet | EWMA† | L_0.10,EWMA†,,
tab:imsdet.c060,table-cell,tab:imsdet,0.0,table,table-cell,tab:imsdet | EWMA† | L_0.20,EWMA†,,
tab:imsdet.c061,table-cell,tab:imsdet,64.6,table,table-cell,tab:imsdet | 3σ | Raw,3σ,,
tab:imsdet.c062,table-cell,tab:imsdet,"[28.8, 108.7]",table,table-cell,tab:imsdet | 3σ | 95% CI,3σ,,
tab:imsdet.c063,table-cell,tab:imsdet,77.0,table,table-cell,tab:imsdet | 3σ | PH,3σ,,
tab:imsdet.c064,table-cell,tab:imsdet,0.0,table,table-cell,tab:imsdet | 3σ | L_0.05,3σ,,
tab:imsdet.c065,table-cell,tab:imsdet,56.3,table,table-cell,tab:imsdet | 3σ | L_0.10,3σ,,
tab:imsdet.c066,table-cell,tab:imsdet,77.0,table,table-cell,tab:imsdet | 3σ | L_0.20,3σ,,
tab:imsdet.c067,table-cell,tab:imsdet,64.8,table,table-cell,tab:imsdet | CUSUM† | Raw,CUSUM†,,
tab:imsdet.c068,table-cell,tab:imsdet,"[26.3, 114.9]",table,table-cell,tab:imsdet | CUSUM† | 95% CI,CUSUM†,,
tab:imsdet.c069,table-cell,tab:imsdet,65.0,table,table-cell,tab:imsdet | CUSUM† | PH,CUSUM†,,
tab:imsdet.c070,table-cell,tab:imsdet,0.0,table,table-cell,tab:imsdet | CUSUM† | L_0.05,CUSUM†,,
tab:imsdet.c071,table-cell,tab:imsdet,0.0,table,table-cell,tab:imsdet | CUSUM† | L_0.10,CUSUM†,,
tab:imsdet.c072,table-cell,tab:imsdet,65.0,table,table-cell,tab:imsdet | CUSUM† | L_0.20,CUSUM†,,
tab:imsdet.c073,table-cell,tab:imsdet,3.2,table,table-cell,tab:imsdet | RMS-trend | Raw,RMS-trend,,
tab:imsdet.c074,table-cell,tab:imsdet,"[0.0, 9.7]",table,table-cell,tab:imsdet | RMS-trend | 95% CI,RMS-trend,,
tab:imsdet.c075,table-cell,tab:imsdet,34.7,table,table-cell,tab:imsdet | RMS-trend | PH,RMS-trend,,
tab:imsdet.c076,table-cell,tab:imsdet,34.7,table,table-cell,tab:imsdet | RMS-trend | L_0.05,RMS-trend,,
tab:imsdet.c077,table-cell,tab:imsdet,34.7,table,table-cell,tab:imsdet | RMS-trend | L_0.10,RMS-trend,,
tab:imsdet.c078,table-cell,tab:imsdet,34.7,table,table-cell,tab:imsdet | RMS-trend | L_0.20,RMS-trend,,
tab:imsdet.c079,table-cell,tab:imsdet,14.8,table,table-cell,tab:imsdet | Deep SVDD | Raw,Deep SVDD,,
tab:imsdet.c080,table-cell,tab:imsdet,"[0.0, 34.0]",table,table-cell,tab:imsdet | Deep SVDD | 95% CI,Deep SVDD,,
tab:imsdet.c081,table-cell,tab:imsdet,14.8,table,table-cell,tab:imsdet | Deep SVDD | PH,Deep SVDD,,
tab:imsdet.c082,table-cell,tab:imsdet,14.8,table,table-cell,tab:imsdet | Deep SVDD | L_0.05,Deep SVDD,,
tab:imsdet.c083,table-cell,tab:imsdet,14.8,table,table-cell,tab:imsdet | Deep SVDD | L_0.10,Deep SVDD,,
tab:imsdet.c084,table-cell,tab:imsdet,14.8,table,table-cell,tab:imsdet | Deep SVDD | L_0.20,Deep SVDD,,
tab:onset.c085,table-cell,tab:onset,98.4 [12.9],table,table-cell,tab:onset | Test 1 | k=3,Test 1,,
tab:onset.c086,table-cell,tab:onset,98.4 [12.9],table,table-cell,tab:onset | Test 1 | k=4,Test 1,,
tab:onset.c087,table-cell,tab:onset,98.5 [12.7],table,table-cell,tab:onset | Test 1 | k=5,Test 1,,
tab:onset.c088,table-cell,tab:onset,98.7 [10.4],table,table-cell,tab:onset | Test 1 | kurt_only,Test 1,,
tab:onset.c089,table-cell,tab:onset,98.7 [10.7],table,table-cell,tab:onset | Test 1 | pca1,Test 1,,
tab:onset.c090,table-cell,tab:onset,60.4 [64.8],table,table-cell,tab:onset | Test 2 | k=3,Test 2,,
tab:onset.c091,table-cell,tab:onset,61.9 [62.5],table,table-cell,tab:onset | Test 2 | k=4,Test 2,,
tab:onset.c092,table-cell,tab:onset,65.8 [56.0],table,table-cell,tab:onset | Test 2 | k=5,Test 2,,
tab:onset.c093,table-cell,tab:onset,98.8 [2.0],table,table-cell,tab:onset | Test 2 | kurt_only,Test 2,,
tab:onset.c094,table-cell,tab:onset,83.6 [26.8],table,table-cell,tab:onset | Test 2 | pca1,Test 2,,
tab:onset.c095,table-cell,tab:onset,94.5 [59.3],table,table-cell,tab:onset | Test 3 | k=3,Test 3,,
tab:onset.c096,table-cell,tab:onset,95.9 [44.5],table,table-cell,tab:onset | Test 3 | k=4,Test 3,,
tab:onset.c097,table-cell,tab:onset,96.1 [42.2],table,table-cell,tab:onset | Test 3 | k=5,Test 3,,
tab:onset.c098,table-cell,tab:onset,99.7 [3.5],table,table-cell,tab:onset | Test 3 | kurt_only,Test 3,,
tab:onset.c099,table-cell,tab:onset,97.2 [30.0],table,table-cell,tab:onset | Test 3 | pca1,Test 3,,
tab:robust.c100,table-cell,tab:robust,+5.8,table,table-cell,tab:robust | 3σ median Δ (h) | 1,3σ median Δ (h),,
tab:robust.c101,table-cell,tab:robust,+15.1,table,table-cell,tab:robust | 3σ median Δ (h) | 3,3σ median Δ (h),,
tab:robust.c102,table-cell,tab:robust,+7.8,table,table-cell,tab:robust | 3σ median Δ (h) | 5,3σ median Δ (h),,
tab:robust.c103,table-cell,tab:robust,+3.8,table,table-cell,tab:robust | 3σ median Δ (h) | 10,3σ median Δ (h),,
tab:robust.c104,table-cell,tab:robust,+2.9,table,table-cell,tab:robust | EWMA median Δ (h) | 1,EWMA median Δ (h),,
tab:robust.c105,table-cell,tab:robust,+2.1,table,table-cell,tab:robust | EWMA median Δ (h) | 3,EWMA median Δ (h),,
tab:robust.c106,table-cell,tab:robust,+2.9,table,table-cell,tab:robust | EWMA median Δ (h) | 5,EWMA median Δ (h),,
tab:robust.c107,table-cell,tab:robust,+2.3,table,table-cell,tab:robust | EWMA median Δ (h) | 10,EWMA median Δ (h),,
tab:robust.c108,table-cell,tab:robust,+0.3,table,table-cell,tab:robust | Iso. Forest median Δ (h) | 1,Iso. Forest median Δ (h),,
tab:robust.c109,table-cell,tab:robust,+3.4,table,table-cell,tab:robust | Iso. Forest median Δ (h) | 3,Iso. Forest median Δ (h),,
tab:robust.c110,table-cell,tab:robust,-0.8,table,table-cell,tab:robust | Iso. Forest median Δ (h) | 5,Iso. Forest median Δ (h),,
tab:robust.c111,table-cell,tab:robust,+4.2,table,table-cell,tab:robust | Iso. Forest median Δ (h) | 10,Iso. Forest median Δ (h),,
tab:robust.c112,table-cell,tab:robust,0.67,table,table-cell,"tab:robust | 3σ valid-alarm frac., full res. | 1","3σ valid-alarm frac., full res.",,
tab:robust.c113,table-cell,tab:robust,0.67,table,table-cell,"tab:robust | 3σ valid-alarm frac., full res. | 3","3σ valid-alarm frac., full res.",,
tab:robust.c114,table-cell,tab:robust,0.67,table,table-cell,"tab:robust | 3σ valid-alarm frac., full res. | 5","3σ valid-alarm frac., full res.",,
tab:robust.c115,table-cell,tab:robust,0.67,table,table-cell,"tab:robust | 3σ valid-alarm frac., full res. | 10","3σ valid-alarm frac., full res.",,
tab:robust.c116,table-cell,tab:robust,0.67,table,table-cell,"tab:robust | 3σ valid-alarm frac., all factors | 1","3σ valid-alarm frac., all factors",,
tab:robust.c117,table-cell,tab:robust,0.67,table,table-cell,"tab:robust | 3σ valid-alarm frac., all factors | 3","3σ valid-alarm frac., all factors",,
tab:robust.c118,table-cell,tab:robust,0.53,table,table-cell,"tab:robust | 3σ valid-alarm frac., all factors | 5","3σ valid-alarm frac., all factors",,
tab:robust.c119,table-cell,tab:robust,0.33,table,table-cell,"tab:robust | 3σ valid-alarm frac., all factors | 10","3σ valid-alarm frac., all factors",,
tab:robust.c120,table-cell,tab:robust,42.6,table,table-cell,tab:robust | 3σ | 0%,3σ,,
tab:robust.c121,table-cell,tab:robust,42.8,table,table-cell,tab:robust | 3σ | 5%,3σ,,
tab:robust.c122,table-cell,tab:robust,43.4,table,table-cell,tab:robust | 3σ | 20%,3σ,,
tab:robust.c123,table-cell,tab:robust,1.0,table,table-cell,tab:robust | 3σ | 0%,3σ,,
tab:robust.c124,table-cell,tab:robust,1.0,table,table-cell,tab:robust | 3σ | 5%,3σ,,
tab:robust.c125,table-cell,tab:robust,1.0,table,table-cell,tab:robust | 3σ | 20%,3σ,,
tab:robust.c126,table-cell,tab:robust,41.8,table,table-cell,tab:robust | EWMA | 0%,EWMA,,
tab:robust.c127,table-cell,tab:robust,41.8,table,table-cell,tab:robust | EWMA | 5%,EWMA,,
tab:robust.c128,table-cell,tab:robust,41.7,table,table-cell,tab:robust | EWMA | 20%,EWMA,,
tab:robust.c129,table-cell,tab:robust,1.3,table,table-cell,tab:robust | EWMA | 0%,EWMA,,
tab:robust.c130,table-cell,tab:robust,1.3,table,table-cell,tab:robust | EWMA | 5%,EWMA,,
tab:robust.c131,table-cell,tab:robust,1.2,table,table-cell,tab:robust | EWMA | 20%,EWMA,,
tab:robust.c132,table-cell,tab:robust,39.7,table,table-cell,tab:robust | CUSUM | 0%,CUSUM,,
tab:robust.c133,table-cell,tab:robust,39.3,table,table-cell,tab:robust | CUSUM | 5%,CUSUM,,
tab:robust.c134,table-cell,tab:robust,39.0,table,table-cell,tab:robust | CUSUM | 20%,CUSUM,,
tab:robust.c135,table-cell,tab:robust,1.2,table,table-cell,tab:robust | CUSUM | 0%,CUSUM,,
tab:robust.c136,table-cell,tab:robust,1.3,table,table-cell,tab:robust | CUSUM | 5%,CUSUM,,
tab:robust.c137,table-cell,tab:robust,1.2,table,table-cell,tab:robust | CUSUM | 20%,CUSUM,,
tab:robust.c138,table-cell,tab:robust,186.1,table,table-cell,tab:robust | Hot. T2 | 0%,Hot. T2,,
tab:robust.c139,table-cell,tab:robust,186.1,table,table-cell,tab:robust | Hot. T2 | 5%,Hot. T2,,
tab:robust.c140,table-cell,tab:robust,134.9,table,table-cell,tab:robust | Hot. T2 | 20%,Hot. T2,,
tab:robust.c141,table-cell,tab:robust,1.2,table,table-cell,tab:robust | Hot. T2 | 0%,Hot. T2,,
tab:robust.c142,table-cell,tab:robust,1.2,table,table-cell,tab:robust | Hot. T2 | 5%,Hot. T2,,
tab:robust.c143,table-cell,tab:robust,1.2,table,table-cell,tab:robust | Hot. T2 | 20%,Hot. T2,,
tab:robust.c144,table-cell,tab:robust,54.7,table,table-cell,tab:robust | Iso. Forest | 0%,Iso. Forest,,
tab:robust.c145,table-cell,tab:robust,54.3,table,table-cell,tab:robust | Iso. Forest | 5%,Iso. Forest,,
tab:robust.c146,table-cell,tab:robust,53.8,table,table-cell,tab:robust | Iso. Forest | 20%,Iso. Forest,,
tab:robust.c147,table-cell,tab:robust,1.2,table,table-cell,tab:robust | Iso. Forest | 0%,Iso. Forest,,
tab:robust.c148,table-cell,tab:robust,1.1,table,table-cell,tab:robust | Iso. Forest | 5%,Iso. Forest,,
tab:robust.c149,table-cell,tab:robust,1.1,table,table-cell,tab:robust | Iso. Forest | 20%,Iso. Forest,,
tab:crossds.c150,table-cell,tab:crossds,XJTU-SY (n=10),table,table-cell,tab:crossds | XJTU-SY (n=10) | (panel/total row),XJTU-SY (n=10),,D3/D4
tab:crossds.c151,table-cell,tab:crossds,0.00,table,table-cell,tab:crossds | XJTU-SY (n=10) / 3σ | Med.,XJTU-SY (n=10) / 3σ,,D3/D4
tab:crossds.c152,table-cell,tab:crossds,"+0.030 [+0.000, +0.065]",table,table-cell,tab:crossds | XJTU-SY (n=10) / 3σ | Mean [95% CI],XJTU-SY (n=10) / 3σ,,D3/D4
tab:crossds.c153,table-cell,tab:crossds,3/1,table,table-cell,tab:crossds | XJTU-SY (n=10) / 3σ | n_+/n_-,XJTU-SY (n=10) / 3σ,,D3/D4
tab:crossds.c154,table-cell,tab:crossds,0.625,table,table-cell,tab:crossds | XJTU-SY (n=10) / 3σ | p,XJTU-SY (n=10) / 3σ,,D3/D4
tab:crossds.c155,table-cell,tab:crossds,0.00,table,table-cell,tab:crossds | XJTU-SY (n=10) / EWMA | Med.,XJTU-SY (n=10) / EWMA,,D3/D4
tab:crossds.c156,table-cell,tab:crossds,"-0.002 [-0.012, +0.005]",table,table-cell,tab:crossds | XJTU-SY (n=10) / EWMA | Mean [95% CI],XJTU-SY (n=10) / EWMA,,D3/D4
tab:crossds.c157,table-cell,tab:crossds,2/2,table,table-cell,tab:crossds | XJTU-SY (n=10) / EWMA | n_+/n_-,XJTU-SY (n=10) / EWMA,,D3/D4
tab:crossds.c158,table-cell,tab:crossds,1.000,table,table-cell,tab:crossds | XJTU-SY (n=10) / EWMA | p,XJTU-SY (n=10) / EWMA,,D3/D4
tab:crossds.c159,table-cell,tab:crossds,0.00,table,table-cell,tab:crossds | XJTU-SY (n=10) / CUSUM | Med.,XJTU-SY (n=10) / CUSUM,,D3/D4
tab:crossds.c160,table-cell,tab:crossds,"-0.000 [-0.012, +0.013]",table,table-cell,tab:crossds | XJTU-SY (n=10) / CUSUM | Mean [95% CI],XJTU-SY (n=10) / CUSUM,,D3/D4
tab:crossds.c161,table-cell,tab:crossds,1/2,table,table-cell,tab:crossds | XJTU-SY (n=10) / CUSUM | n_+/n_-,XJTU-SY (n=10) / CUSUM,,D3/D4
tab:crossds.c162,table-cell,tab:crossds,1.000,table,table-cell,tab:crossds | XJTU-SY (n=10) / CUSUM | p,XJTU-SY (n=10) / CUSUM,,D3/D4
tab:crossds.c163,table-cell,tab:crossds,0.00,table,table-cell,tab:crossds | XJTU-SY (n=10) / Hotelling T2 | Med.,XJTU-SY (n=10) / Hotelling T2,,D3/D4
tab:crossds.c164,table-cell,tab:crossds,"+0.088 [+0.000, +0.260]",table,table-cell,tab:crossds | XJTU-SY (n=10) / Hotelling T2 | Mean [95% CI],XJTU-SY (n=10) / Hotelling T2,,D3/D4
tab:crossds.c165,table-cell,tab:crossds,2/0s,table,table-cell,tab:crossds | XJTU-SY (n=10) / Hotelling T2 | n_+/n_-,XJTU-SY (n=10) / Hotelling T2,,D3/D4
tab:crossds.c166,table-cell,tab:crossds,0.500,table,table-cell,tab:crossds | XJTU-SY (n=10) / Hotelling T2 | p,XJTU-SY (n=10) / Hotelling T2,,D3/D4
tab:crossds.c167,table-cell,tab:crossds,-0.10,table,table-cell,tab:crossds | XJTU-SY (n=10) / Iso. Forest | Med.,XJTU-SY (n=10) / Iso. Forest,,D3/D4
tab:crossds.c168,table-cell,tab:crossds,"-0.100 [-0.162, -0.041]",table,table-cell,tab:crossds | XJTU-SY (n=10) / Iso. Forest | Mean [95% CI],XJTU-SY (n=10) / Iso. Forest,,D3/D4
tab:crossds.c169,table-cell,tab:crossds,2/7,table,table-cell,tab:crossds | XJTU-SY (n=10) / Iso. Forest | n_+/n_-,XJTU-SY (n=10) / Iso. Forest,,D3/D4
tab:crossds.c170,table-cell,tab:crossds,0.180,table,table-cell,tab:crossds | XJTU-SY (n=10) / Iso. Forest | p,XJTU-SY (n=10) / Iso. Forest,,D3/D4
tab:crossds.c171,table-cell,tab:crossds,0.00,table,table-cell,tab:crossds | XJTU-SY (n=10) / Deep SVDD | Med.,XJTU-SY (n=10) / Deep SVDD,,D3/D4
tab:crossds.c172,table-cell,tab:crossds,"+0.015 [-0.038, +0.065]",table,table-cell,tab:crossds | XJTU-SY (n=10) / Deep SVDD | Mean [95% CI],XJTU-SY (n=10) / Deep SVDD,,D3/D4
tab:crossds.c173,table-cell,tab:crossds,3/2,table,table-cell,tab:crossds | XJTU-SY (n=10) / Deep SVDD | n_+/n_-,XJTU-SY (n=10) / Deep SVDD,,D3/D4
tab:crossds.c174,table-cell,tab:crossds,1.000,table,table-cell,tab:crossds | XJTU-SY (n=10) / Deep SVDD | p,XJTU-SY (n=10) / Deep SVDD,,D3/D4
tab:crossds.c175,table-cell,tab:crossds,0.00,table,table-cell,tab:crossds | XJTU-SY (n=10) / One-class SVM | Med.,XJTU-SY (n=10) / One-class SVM,,D3/D4
tab:crossds.c176,table-cell,tab:crossds,"+0.006 [+0.000, +0.019]",table,table-cell,tab:crossds | XJTU-SY (n=10) / One-class SVM | Mean [95% CI],XJTU-SY (n=10) / One-class SVM,,D3/D4
tab:crossds.c177,table-cell,tab:crossds,1/0s,table,table-cell,tab:crossds | XJTU-SY (n=10) / One-class SVM | n_+/n_-,XJTU-SY (n=10) / One-class SVM,,D3/D4
tab:crossds.c178,table-cell,tab:crossds,1.000,table,table-cell,tab:crossds | XJTU-SY (n=10) / One-class SVM | p,XJTU-SY (n=10) / One-class SVM,,D3/D4
tab:crossds.c179,table-cell,tab:crossds,0.00,table,table-cell,tab:crossds | XJTU-SY (n=10) / LSTM-AE‡ | Med.,XJTU-SY (n=10) / LSTM-AE‡,,D3/D4
tab:crossds.c180,table-cell,tab:crossds,"+0.056 [+0.000, +0.167]",table,table-cell,tab:crossds | XJTU-SY (n=10) / LSTM-AE‡ | Mean [95% CI],XJTU-SY (n=10) / LSTM-AE‡,,D3/D4
tab:crossds.c181,table-cell,tab:crossds,1/0s,table,table-cell,tab:crossds | XJTU-SY (n=10) / LSTM-AE‡ | n_+/n_-,XJTU-SY (n=10) / LSTM-AE‡,,D3/D4
tab:crossds.c182,table-cell,tab:crossds,1.000,table,table-cell,tab:crossds | XJTU-SY (n=10) / LSTM-AE‡ | p,XJTU-SY (n=10) / LSTM-AE‡,,D3/D4
tab:crossds.c183,table-cell,tab:crossds,0.00,table,table-cell,tab:crossds | XJTU-SY (n=10) / TCN-AE‡ | Med.,XJTU-SY (n=10) / TCN-AE‡,,D3/D4
tab:crossds.c184,table-cell,tab:crossds,"+0.000 [+0.000, +0.000]",table,table-cell,tab:crossds | XJTU-SY (n=10) / TCN-AE‡ | Mean [95% CI],XJTU-SY (n=10) / TCN-AE‡,,D3/D4
tab:crossds.c185,table-cell,tab:crossds,0/0,table,table-cell,tab:crossds | XJTU-SY (n=10) / TCN-AE‡ | n_+/n_-,XJTU-SY (n=10) / TCN-AE‡,,D3/D4
tab:crossds.c186,table-cell,tab:crossds,1.000,table,table-cell,tab:crossds | XJTU-SY (n=10) / TCN-AE‡ | p,XJTU-SY (n=10) / TCN-AE‡,,D3/D4
tab:crossds.c187,table-cell,tab:crossds,0.00,table,table-cell,tab:crossds | XJTU-SY (n=10) / Transf.-AD‡ | Med.,XJTU-SY (n=10) / Transf.-AD‡,,D3/D4
tab:crossds.c188,table-cell,tab:crossds,"+0.000 [+0.000, +0.000]",table,table-cell,tab:crossds | XJTU-SY (n=10) / Transf.-AD‡ | Mean [95% CI],XJTU-SY (n=10) / Transf.-AD‡,,D3/D4
tab:crossds.c189,table-cell,tab:crossds,0/0,table,table-cell,tab:crossds | XJTU-SY (n=10) / Transf.-AD‡ | n_+/n_-,XJTU-SY (n=10) / Transf.-AD‡,,D3/D4
tab:crossds.c190,table-cell,tab:crossds,1.000,table,table-cell,tab:crossds | XJTU-SY (n=10) / Transf.-AD‡ | p,XJTU-SY (n=10) / Transf.-AD‡,,D3/D4
tab:crossds.c191,table-cell,tab:crossds,0.00,table,table-cell,tab:crossds | XJTU-SY (n=10) / RMS-trend | Med.,XJTU-SY (n=10) / RMS-trend,,D3/D4
tab:crossds.c192,table-cell,tab:crossds,"-0.015 [-0.055, +0.015]",table,table-cell,tab:crossds | XJTU-SY (n=10) / RMS-trend | Mean [95% CI],XJTU-SY (n=10) / RMS-trend,,D3/D4
tab:crossds.c193,table-cell,tab:crossds,2/2,table,table-cell,tab:crossds | XJTU-SY (n=10) / RMS-trend | n_+/n_-,XJTU-SY (n=10) / RMS-trend,,D3/D4
tab:crossds.c194,table-cell,tab:crossds,1.000,table,table-cell,tab:crossds | XJTU-SY (n=10) / RMS-trend | p,XJTU-SY (n=10) / RMS-trend,,D3/D4
tab:crossds.c195,table-cell,tab:crossds,FEMTO (n=6),table,table-cell,tab:crossds | FEMTO (n=6) | (panel/total row),FEMTO (n=6),,D3/D4
tab:crossds.c196,table-cell,tab:crossds,-0.14,table,table-cell,tab:crossds | FEMTO (n=6) / 3σ | Med.,FEMTO (n=6) / 3σ,,D3/D4
tab:crossds.c197,table-cell,tab:crossds,"-0.213 [-0.449, -0.041]",table,table-cell,tab:crossds | FEMTO (n=6) / 3σ | Mean [95% CI],FEMTO (n=6) / 3σ,,D3/D4
tab:crossds.c198,table-cell,tab:crossds,1/5,table,table-cell,tab:crossds | FEMTO (n=6) / 3σ | n_+/n_-,FEMTO (n=6) / 3σ,,D3/D4
tab:crossds.c199,table-cell,tab:crossds,0.219,table,table-cell,tab:crossds | FEMTO (n=6) / 3σ | p,FEMTO (n=6) / 3σ,,D3/D4
tab:crossds.c200,table-cell,tab:crossds,0.09,table,table-cell,tab:crossds | FEMTO (n=6) / EWMA | Med.,FEMTO (n=6) / EWMA,,D3/D4
tab:crossds.c201,table-cell,tab:crossds,"+0.078 [-0.005, +0.163]",table,table-cell,tab:crossds | FEMTO (n=6) / EWMA | Mean [95% CI],FEMTO (n=6) / EWMA,,D3/D4
tab:crossds.c202,table-cell,tab:crossds,4/2,table,table-cell,tab:crossds | FEMTO (n=6) / EWMA | n_+/n_-,FEMTO (n=6) / EWMA,,D3/D4
tab:crossds.c203,table-cell,tab:crossds,0.688,table,table-cell,tab:crossds | FEMTO (n=6) / EWMA | p,FEMTO (n=6) / EWMA,,D3/D4
tab:crossds.c204,table-cell,tab:crossds,0.10,table,table-cell,tab:crossds | FEMTO (n=6) / CUSUM | Med.,FEMTO (n=6) / CUSUM,,D3/D4
tab:crossds.c205,table-cell,tab:crossds,"+0.098 [-0.005, +0.207]",table,table-cell,tab:crossds | FEMTO (n=6) / CUSUM | Mean [95% CI],FEMTO (n=6) / CUSUM,,D3/D4
tab:crossds.c206,table-cell,tab:crossds,4/2,table,table-cell,tab:crossds | FEMTO (n=6) / CUSUM | n_+/n_-,FEMTO (n=6) / CUSUM,,D3/D4
tab:crossds.c207,table-cell,tab:crossds,0.688,table,table-cell,tab:crossds | FEMTO (n=6) / CUSUM | p,FEMTO (n=6) / CUSUM,,D3/D4
tab:crossds.c208,table-cell,tab:crossds,0.07,table,table-cell,tab:crossds | FEMTO (n=6) / Hotelling T2 | Med.,FEMTO (n=6) / Hotelling T2,,D3/D4
tab:crossds.c209,table-cell,tab:crossds,"-0.019 [-0.321, +0.194]",table,table-cell,tab:crossds | FEMTO (n=6) / Hotelling T2 | Mean [95% CI],FEMTO (n=6) / Hotelling T2,,D3/D4
tab:crossds.c210,table-cell,tab:crossds,5/1,table,table-cell,tab:crossds | FEMTO (n=6) / Hotelling T2 | n_+/n_-,FEMTO (n=6) / Hotelling T2,,D3/D4
tab:crossds.c211,table-cell,tab:crossds,0.219,table,table-cell,tab:crossds | FEMTO (n=6) / Hotelling T2 | p,FEMTO (n=6) / Hotelling T2,,D3/D4
tab:crossds.c212,table-cell,tab:crossds,-0.07,table,table-cell,tab:crossds | FEMTO (n=6) / Iso. Forest | Med.,FEMTO (n=6) / Iso. Forest,,D3/D4
tab:crossds.c213,table-cell,tab:crossds,"-0.180 [-0.505, +0.025]",table,table-cell,tab:crossds | FEMTO (n=6) / Iso. Forest | Mean [95% CI],FEMTO (n=6) / Iso. Forest,,D3/D4
tab:crossds.c214,table-cell,tab:crossds,2/4,table,table-cell,tab:crossds | FEMTO (n=6) / Iso. Forest | n_+/n_-,FEMTO (n=6) / Iso. Forest,,D3/D4
tab:crossds.c215,table-cell,tab:crossds,0.688,table,table-cell,tab:crossds | FEMTO (n=6) / Iso. Forest | p,FEMTO (n=6) / Iso. Forest,,D3/D4
tab:crossds.c216,table-cell,tab:crossds,-0.00,table,table-cell,tab:crossds | FEMTO (n=6) / Deep SVDD | Med.,FEMTO (n=6) / Deep SVDD,,D3/D4
tab:crossds.c217,table-cell,tab:crossds,"-0.015 [-0.040, +0.002]",table,table-cell,tab:crossds | FEMTO (n=6) / Deep SVDD | Mean [95% CI],FEMTO (n=6) / Deep SVDD,,D3/D4
tab:crossds.c218,table-cell,tab:crossds,1/3,table,table-cell,tab:crossds | FEMTO (n=6) / Deep SVDD | n_+/n_-,FEMTO (n=6) / Deep SVDD,,D3/D4
tab:crossds.c219,table-cell,tab:crossds,0.625,table,table-cell,tab:crossds | FEMTO (n=6) / Deep SVDD | p,FEMTO (n=6) / Deep SVDD,,D3/D4
tab:crossds.c220,table-cell,tab:crossds,0.02,table,table-cell,tab:crossds | FEMTO (n=6) / One-class SVM | Med.,FEMTO (n=6) / One-class SVM,,D3/D4
tab:crossds.c221,table-cell,tab:crossds,"-0.053 [-0.259, +0.075]",table,table-cell,tab:crossds | FEMTO (n=6) / One-class SVM | Mean [95% CI],FEMTO (n=6) / One-class SVM,,D3/D4
tab:crossds.c222,table-cell,tab:crossds,4/1,table,table-cell,tab:crossds | FEMTO (n=6) / One-class SVM | n_+/n_-,FEMTO (n=6) / One-class SVM,,D3/D4
tab:crossds.c223,table-cell,tab:crossds,0.375,table,table-cell,tab:crossds | FEMTO (n=6) / One-class SVM | p,FEMTO (n=6) / One-class SVM,,D3/D4
tab:crossds.c224,table-cell,tab:crossds,-0.04,table,table-cell,tab:crossds | FEMTO (n=6) / LSTM-AE | Med.,FEMTO (n=6) / LSTM-AE,,D3/D4
tab:crossds.c225,table-cell,tab:crossds,"-0.061 [-0.113, -0.013]",table,table-cell,tab:crossds | FEMTO (n=6) / LSTM-AE | Mean [95% CI],FEMTO (n=6) / LSTM-AE,,D3/D4
tab:crossds.c226,table-cell,tab:crossds,0/3s,table,table-cell,tab:crossds | FEMTO (n=6) / LSTM-AE | n_+/n_-,FEMTO (n=6) / LSTM-AE,,D3/D4
tab:crossds.c227,table-cell,tab:crossds,0.250,table,table-cell,tab:crossds | FEMTO (n=6) / LSTM-AE | p,FEMTO (n=6) / LSTM-AE,,D3/D4
tab:crossds.c228,table-cell,tab:crossds,0.00,table,table-cell,tab:crossds | FEMTO (n=6) / TCN-AE | Med.,FEMTO (n=6) / TCN-AE,,D3/D4
tab:crossds.c229,table-cell,tab:crossds,"-0.009 [-0.040, +0.014]",table,table-cell,tab:crossds | FEMTO (n=6) / TCN-AE | Mean [95% CI],FEMTO (n=6) / TCN-AE,,D3/D4
tab:crossds.c230,table-cell,tab:crossds,1/2,table,table-cell,tab:crossds | FEMTO (n=6) / TCN-AE | n_+/n_-,FEMTO (n=6) / TCN-AE,,D3/D4
tab:crossds.c231,table-cell,tab:crossds,1.000,table,table-cell,tab:crossds | FEMTO (n=6) / TCN-AE | p,FEMTO (n=6) / TCN-AE,,D3/D4
tab:crossds.c232,table-cell,tab:crossds,-0.05,table,table-cell,tab:crossds | FEMTO (n=6) / Transf.-AD | Med.,FEMTO (n=6) / Transf.-AD,,D3/D4
tab:crossds.c233,table-cell,tab:crossds,"-0.077 [-0.153, -0.018]",table,table-cell,tab:crossds | FEMTO (n=6) / Transf.-AD | Mean [95% CI],FEMTO (n=6) / Transf.-AD,,D3/D4
tab:crossds.c234,table-cell,tab:crossds,0/4s,table,table-cell,tab:crossds | FEMTO (n=6) / Transf.-AD | n_+/n_-,FEMTO (n=6) / Transf.-AD,,D3/D4
tab:crossds.c235,table-cell,tab:crossds,0.125,table,table-cell,tab:crossds | FEMTO (n=6) / Transf.-AD | p,FEMTO (n=6) / Transf.-AD,,D3/D4
tab:crossds.c236,table-cell,tab:crossds,-0.02,table,table-cell,tab:crossds | FEMTO (n=6) / RMS-trend | Med.,FEMTO (n=6) / RMS-trend,,D3/D4
tab:crossds.c237,table-cell,tab:crossds,"-0.123 [-0.327, -0.004]",table,table-cell,tab:crossds | FEMTO (n=6) / RMS-trend | Mean [95% CI],FEMTO (n=6) / RMS-trend,,D3/D4
tab:crossds.c238,table-cell,tab:crossds,1/3,table,table-cell,tab:crossds | FEMTO (n=6) / RMS-trend | n_+/n_-,FEMTO (n=6) / RMS-trend,,D3/D4
tab:crossds.c239,table-cell,tab:crossds,0.625,table,table-cell,tab:crossds | FEMTO (n=6) / RMS-trend | p,FEMTO (n=6) / RMS-trend,,D3/D4
tab:crossds.c240,table-cell,tab:crossds,Ferrara (n=6),table,table-cell,tab:crossds | Ferrara (n=6) | (panel/total row),Ferrara (n=6),,D3/D4
tab:crossds.c241,table-cell,tab:crossds,-0.01,table,table-cell,tab:crossds | Ferrara (n=6) / 3σ | Med.,Ferrara (n=6) / 3σ,,D3/D4
tab:crossds.c242,table-cell,tab:crossds,"-0.122 [-0.432, +0.080]",table,table-cell,tab:crossds | Ferrara (n=6) / 3σ | Mean [95% CI],Ferrara (n=6) / 3σ,,D3/D4
tab:crossds.c243,table-cell,tab:crossds,2/3,table,table-cell,tab:crossds | Ferrara (n=6) / 3σ | n_+/n_-,Ferrara (n=6) / 3σ,,D3/D4
tab:crossds.c244,table-cell,tab:crossds,1.000,table,table-cell,tab:crossds | Ferrara (n=6) / 3σ | p,Ferrara (n=6) / 3σ,,D3/D4
tab:crossds.c245,table-cell,tab:crossds,0.01,table,table-cell,tab:crossds | Ferrara (n=6) / EWMA | Med.,Ferrara (n=6) / EWMA,,D3/D4
tab:crossds.c246,table-cell,tab:crossds,"-0.167 [-0.560, +0.046]",table,table-cell,tab:crossds | Ferrara (n=6) / EWMA | Mean [95% CI],Ferrara (n=6) / EWMA,,D3/D4
tab:crossds.c247,table-cell,tab:crossds,4/2,table,table-cell,tab:crossds | Ferrara (n=6) / EWMA | n_+/n_-,Ferrara (n=6) / EWMA,,D3/D4
tab:crossds.c248,table-cell,tab:crossds,0.688,table,table-cell,tab:crossds | Ferrara (n=6) / EWMA | p,Ferrara (n=6) / EWMA,,D3/D4
tab:crossds.c249,table-cell,tab:crossds,0.01,table,table-cell,tab:crossds | Ferrara (n=6) / CUSUM | Med.,Ferrara (n=6) / CUSUM,,D3/D4
tab:crossds.c250,table-cell,tab:crossds,"+0.024 [-0.001, +0.053]",table,table-cell,tab:crossds | Ferrara (n=6) / CUSUM | Mean [95% CI],Ferrara (n=6) / CUSUM,,D3/D4
tab:crossds.c251,table-cell,tab:crossds,5/1,table,table-cell,tab:crossds | Ferrara (n=6) / CUSUM | n_+/n_-,Ferrara (n=6) / CUSUM,,D3/D4
tab:crossds.c252,table-cell,tab:crossds,0.219,table,table-cell,tab:crossds | Ferrara (n=6) / CUSUM | p,Ferrara (n=6) / CUSUM,,D3/D4
tab:crossds.c253,table-cell,tab:crossds,0.01,table,table-cell,tab:crossds | Ferrara (n=6) / Hotelling T2 | Med.,Ferrara (n=6) / Hotelling T2,,D3/D4
tab:crossds.c254,table-cell,tab:crossds,"-0.078 [-0.351, +0.090]",table,table-cell,tab:crossds | Ferrara (n=6) / Hotelling T2 | Mean [95% CI],Ferrara (n=6) / Hotelling T2,,D3/D4
tab:crossds.c255,table-cell,tab:crossds,4/1,table,table-cell,tab:crossds | Ferrara (n=6) / Hotelling T2 | n_+/n_-,Ferrara (n=6) / Hotelling T2,,D3/D4
tab:crossds.c256,table-cell,tab:crossds,0.375,table,table-cell,tab:crossds | Ferrara (n=6) / Hotelling T2 | p,Ferrara (n=6) / Hotelling T2,,D3/D4
tab:crossds.c257,table-cell,tab:crossds,0.00,table,table-cell,tab:crossds | Ferrara (n=6) / Iso. Forest | Med.,Ferrara (n=6) / Iso. Forest,,D3/D4
tab:crossds.c258,table-cell,tab:crossds,"-0.162 [-0.495, +0.049]",table,table-cell,tab:crossds | Ferrara (n=6) / Iso. Forest | Mean [95% CI],Ferrara (n=6) / Iso. Forest,,D3/D4
tab:crossds.c259,table-cell,tab:crossds,3/2,table,table-cell,tab:crossds | Ferrara (n=6) / Iso. Forest | n_+/n_-,Ferrara (n=6) / Iso. Forest,,D3/D4
tab:crossds.c260,table-cell,tab:crossds,1.000,table,table-cell,tab:crossds | Ferrara (n=6) / Iso. Forest | p,Ferrara (n=6) / Iso. Forest,,D3/D4
tab:crossds.c261,table-cell,tab:crossds,-0.00,table,table-cell,tab:crossds | Ferrara (n=6) / Deep SVDD | Med.,Ferrara (n=6) / Deep SVDD,,D3/D4
tab:crossds.c262,table-cell,tab:crossds,"-0.007 [-0.016, +0.000]",table,table-cell,tab:crossds | Ferrara (n=6) / Deep SVDD | Mean [95% CI],Ferrara (n=6) / Deep SVDD,,D3/D4
tab:crossds.c263,table-cell,tab:crossds,1/4,table,table-cell,tab:crossds | Ferrara (n=6) / Deep SVDD | n_+/n_-,Ferrara (n=6) / Deep SVDD,,D3/D4
tab:crossds.c264,table-cell,tab:crossds,0.375,table,table-cell,tab:crossds | Ferrara (n=6) / Deep SVDD | p,Ferrara (n=6) / Deep SVDD,,D3/D4
tab:crossds.c265,table-cell,tab:crossds,0.01,table,table-cell,tab:crossds | Ferrara (n=6) / One-class SVM | Med.,Ferrara (n=6) / One-class SVM,,D3/D4
tab:crossds.c266,table-cell,tab:crossds,"-0.009 [-0.058, +0.023]",table,table-cell,tab:crossds | Ferrara (n=6) / One-class SVM | Mean [95% CI],Ferrara (n=6) / One-class SVM,,D3/D4
tab:crossds.c267,table-cell,tab:crossds,4/1,table,table-cell,tab:crossds | Ferrara (n=6) / One-class SVM | n_+/n_-,Ferrara (n=6) / One-class SVM,,D3/D4
tab:crossds.c268,table-cell,tab:crossds,0.375,table,table-cell,tab:crossds | Ferrara (n=6) / One-class SVM | p,Ferrara (n=6) / One-class SVM,,D3/D4
tab:crossds.c269,table-cell,tab:crossds,0.00,table,table-cell,tab:crossds | Ferrara (n=6) / LSTM-AE | Med.,Ferrara (n=6) / LSTM-AE,,D3/D4
tab:crossds.c270,table-cell,tab:crossds,"-0.073 [-0.255, +0.039]",table,table-cell,tab:crossds | Ferrara (n=6) / LSTM-AE | Mean [95% CI],Ferrara (n=6) / LSTM-AE,,D3/D4
tab:crossds.c271,table-cell,tab:crossds,2/2,table,table-cell,tab:crossds | Ferrara (n=6) / LSTM-AE | n_+/n_-,Ferrara (n=6) / LSTM-AE,,D3/D4
tab:crossds.c272,table-cell,tab:crossds,1.000,table,table-cell,tab:crossds | Ferrara (n=6) / LSTM-AE | p,Ferrara (n=6) / LSTM-AE,,D3/D4
tab:crossds.c273,table-cell,tab:crossds,0.00,table,table-cell,tab:crossds | Ferrara (n=6) / TCN-AE | Med.,Ferrara (n=6) / TCN-AE,,D3/D4
tab:crossds.c274,table-cell,tab:crossds,"-0.089 [-0.292, +0.023]",table,table-cell,tab:crossds | Ferrara (n=6) / TCN-AE | Mean [95% CI],Ferrara (n=6) / TCN-AE,,D3/D4
tab:crossds.c275,table-cell,tab:crossds,3/1,table,table-cell,tab:crossds | Ferrara (n=6) / TCN-AE | n_+/n_-,Ferrara (n=6) / TCN-AE,,D3/D4
tab:crossds.c276,table-cell,tab:crossds,0.625,table,table-cell,tab:crossds | Ferrara (n=6) / TCN-AE | p,Ferrara (n=6) / TCN-AE,,D3/D4
tab:crossds.c277,table-cell,tab:crossds,0.00,table,table-cell,tab:crossds | Ferrara (n=6) / Transf.-AD | Med.,Ferrara (n=6) / Transf.-AD,,D3/D4
tab:crossds.c278,table-cell,tab:crossds,"-0.082 [-0.353, +0.091]",table,table-cell,tab:crossds | Ferrara (n=6) / Transf.-AD | Mean [95% CI],Ferrara (n=6) / Transf.-AD,,D3/D4
tab:crossds.c279,table-cell,tab:crossds,3/1,table,table-cell,tab:crossds | Ferrara (n=6) / Transf.-AD | n_+/n_-,Ferrara (n=6) / Transf.-AD,,D3/D4
tab:crossds.c280,table-cell,tab:crossds,0.625,table,table-cell,tab:crossds | Ferrara (n=6) / Transf.-AD | p,Ferrara (n=6) / Transf.-AD,,D3/D4
tab:crossds.c281,table-cell,tab:crossds,0.01,table,table-cell,tab:crossds | Ferrara (n=6) / RMS-trend | Med.,Ferrara (n=6) / RMS-trend,,D3/D4
tab:crossds.c282,table-cell,tab:crossds,"+0.005 [-0.015, +0.023]",table,table-cell,tab:crossds | Ferrara (n=6) / RMS-trend | Mean [95% CI],Ferrara (n=6) / RMS-trend,,D3/D4
tab:crossds.c283,table-cell,tab:crossds,4/2,table,table-cell,tab:crossds | Ferrara (n=6) / RMS-trend | n_+/n_-,Ferrara (n=6) / RMS-trend,,D3/D4
tab:crossds.c284,table-cell,tab:crossds,0.688,table,table-cell,tab:crossds | Ferrara (n=6) / RMS-trend | p,Ferrara (n=6) / RMS-trend,,D3/D4
tab:imsongc.c285,table-cell,tab:imsongc,"+25.8,+15.1,-1.0",table,table-cell,tab:imsongc | 3σ | Run diffs,3σ,,
tab:imsongc.c286,table-cell,tab:imsongc,+15.1,table,table-cell,tab:imsongc | 3σ | Med.,3σ,,
tab:imsongc.c287,table-cell,tab:imsongc,2/1,table,table-cell,tab:imsongc | 3σ | n_+/n_-,3σ,,
tab:imsongc.c288,table-cell,tab:imsongc,1.00,table,table-cell,tab:imsongc | 3σ | p,3σ,,
tab:imsongc.c289,table-cell,tab:imsongc,0.0,table,table-cell,tab:imsongc | 3σ | (min),3σ,,
tab:imsongc.c290,table-cell,tab:imsongc,"-0.7,+16.9,+3.4",table,table-cell,tab:imsongc | Iso. Forest | Run diffs,Iso. Forest,,
tab:imsongc.c291,table-cell,tab:imsongc,+3.4,table,table-cell,tab:imsongc | Iso. Forest | Med.,Iso. Forest,,
tab:imsongc.c292,table-cell,tab:imsongc,2/1,table,table-cell,tab:imsongc | Iso. Forest | n_+/n_-,Iso. Forest,,
tab:imsongc.c293,table-cell,tab:imsongc,1.00,table,table-cell,tab:imsongc | Iso. Forest | p,Iso. Forest,,
tab:imsongc.c294,table-cell,tab:imsongc,+1.2,table,table-cell,tab:imsongc | Iso. Forest | (min),Iso. Forest,,
tab:imsongc.c295,table-cell,tab:imsongc,"-3.9,+4.3,+2.1",table,table-cell,tab:imsongc | EWMA | Run diffs,EWMA,,
tab:imsongc.c296,table-cell,tab:imsongc,+2.1,table,table-cell,tab:imsongc | EWMA | Med.,EWMA,,
tab:imsongc.c297,table-cell,tab:imsongc,2/1,table,table-cell,tab:imsongc | EWMA | n_+/n_-,EWMA,,
tab:imsongc.c298,table-cell,tab:imsongc,1.00,table,table-cell,tab:imsongc | EWMA | p,EWMA,,
tab:imsongc.c299,table-cell,tab:imsongc,-0.5,table,table-cell,tab:imsongc | EWMA | (min),EWMA,,
tab:imsongc.c300,table-cell,tab:imsongc,"+4.2,+4.7,+4.3",table,table-cell,tab:imsongc | CUSUM | Run diffs,CUSUM,,
tab:imsongc.c301,table-cell,tab:imsongc,+4.3,table,table-cell,tab:imsongc | CUSUM | Med.,CUSUM,,
tab:imsongc.c302,table-cell,tab:imsongc,3/0s,table,table-cell,tab:imsongc | CUSUM | n_+/n_-,CUSUM,,
tab:imsongc.c303,table-cell,tab:imsongc,0.25,table,table-cell,tab:imsongc | CUSUM | p,CUSUM,,
tab:imsongc.c304,table-cell,tab:imsongc,0.0,table,table-cell,tab:imsongc | CUSUM | (min),CUSUM,,
tab:imsongc.c305,table-cell,tab:imsongc,"+1.0,+1.2,+81.7",table,table-cell,tab:imsongc | Hotelling T2 | Run diffs,Hotelling T2,,
tab:imsongc.c306,table-cell,tab:imsongc,+1.2,table,table-cell,tab:imsongc | Hotelling T2 | Med.,Hotelling T2,,
tab:imsongc.c307,table-cell,tab:imsongc,3/0s,table,table-cell,tab:imsongc | Hotelling T2 | n_+/n_-,Hotelling T2,,
tab:imsongc.c308,table-cell,tab:imsongc,0.25,table,table-cell,tab:imsongc | Hotelling T2 | p,Hotelling T2,,
tab:imsongc.c309,table-cell,tab:imsongc,+0.4,table,table-cell,tab:imsongc | Hotelling T2 | (min),Hotelling T2,,
tab:imsongc.c310,table-cell,tab:imsongc,"+8.9,0.0,0.0",table,table-cell,tab:imsongc | Deep SVDD | Run diffs,Deep SVDD,,
tab:imsongc.c311,table-cell,tab:imsongc,0.0,table,table-cell,tab:imsongc | Deep SVDD | Med.,Deep SVDD,,
tab:imsongc.c312,table-cell,tab:imsongc,1/0,table,table-cell,tab:imsongc | Deep SVDD | n_+/n_-,Deep SVDD,,
tab:imsongc.c313,table-cell,tab:imsongc,1.00,table,table-cell,tab:imsongc | Deep SVDD | p,Deep SVDD,,
tab:imsongc.c314,table-cell,tab:imsongc,0.0,table,table-cell,tab:imsongc | Deep SVDD | (min),Deep SVDD,,
tab:imsongc.c315,table-cell,tab:imsongc,"-2.4,-5.5,+1.5",table,table-cell,tab:imsongc | One-class SVM | Run diffs,One-class SVM,,
tab:imsongc.c316,table-cell,tab:imsongc,-2.4,table,table-cell,tab:imsongc | One-class SVM | Med.,One-class SVM,,
tab:imsongc.c317,table-cell,tab:imsongc,1/2,table,table-cell,tab:imsongc | One-class SVM | n_+/n_-,One-class SVM,,
tab:imsongc.c318,table-cell,tab:imsongc,1.00,table,table-cell,tab:imsongc | One-class SVM | p,One-class SVM,,
tab:imsongc.c319,table-cell,tab:imsongc,+0.2,table,table-cell,tab:imsongc | One-class SVM | (min),One-class SVM,,
tab:imsongc.c320,table-cell,tab:imsongc,"-0.2,0.0,+2.4",table,table-cell,tab:imsongc | RMS-trend | Run diffs,RMS-trend,,
tab:imsongc.c321,table-cell,tab:imsongc,0.0,table,table-cell,tab:imsongc | RMS-trend | Med.,RMS-trend,,
tab:imsongc.c322,table-cell,tab:imsongc,1/1,table,table-cell,tab:imsongc | RMS-trend | n_+/n_-,RMS-trend,,
tab:imsongc.c323,table-cell,tab:imsongc,1.00,table,table-cell,tab:imsongc | RMS-trend | p,RMS-trend,,
tab:imsongc.c324,table-cell,tab:imsongc,+1.2,table,table-cell,tab:imsongc | RMS-trend | (min),RMS-trend,,
tab:imsongc.c325,table-cell,tab:imsongc,"-1.4,-0.4,+56.1",table,table-cell,tab:imsongc | LSTM-AE | Run diffs,LSTM-AE,,
tab:imsongc.c326,table-cell,tab:imsongc,-0.4,table,table-cell,tab:imsongc | LSTM-AE | Med.,LSTM-AE,,
tab:imsongc.c327,table-cell,tab:imsongc,1/2,table,table-cell,tab:imsongc | LSTM-AE | n_+/n_-,LSTM-AE,,
tab:imsongc.c328,table-cell,tab:imsongc,1.00,table,table-cell,tab:imsongc | LSTM-AE | p,LSTM-AE,,
tab:imsongc.c329,table-cell,tab:imsongc,+0.2,table,table-cell,tab:imsongc | LSTM-AE | (min),LSTM-AE,,
tab:imsongc.c330,table-cell,tab:imsongc,"-1.4,-0.4,+9.0",table,table-cell,tab:imsongc | TCN-AE | Run diffs,TCN-AE,,
tab:imsongc.c331,table-cell,tab:imsongc,-0.4,table,table-cell,tab:imsongc | TCN-AE | Med.,TCN-AE,,
tab:imsongc.c332,table-cell,tab:imsongc,1/2,table,table-cell,tab:imsongc | TCN-AE | n_+/n_-,TCN-AE,,
tab:imsongc.c333,table-cell,tab:imsongc,1.00,table,table-cell,tab:imsongc | TCN-AE | p,TCN-AE,,
tab:imsongc.c334,table-cell,tab:imsongc,+0.2,table,table-cell,tab:imsongc | TCN-AE | (min),TCN-AE,,
tab:imsongc.c335,table-cell,tab:imsongc,"-1.4,-0.4,+68.8",table,table-cell,tab:imsongc | Transformer-AD | Run diffs,Transformer-AD,,
tab:imsongc.c336,table-cell,tab:imsongc,-0.4,table,table-cell,tab:imsongc | Transformer-AD | Med.,Transformer-AD,,
tab:imsongc.c337,table-cell,tab:imsongc,1/2,table,table-cell,tab:imsongc | Transformer-AD | n_+/n_-,Transformer-AD,,
tab:imsongc.c338,table-cell,tab:imsongc,1.00,table,table-cell,tab:imsongc | Transformer-AD | p,Transformer-AD,,
tab:imsongc.c339,table-cell,tab:imsongc,+0.2,table,table-cell,tab:imsongc | Transformer-AD | (min),Transformer-AD,,
tab:perbearing.c340,table-cell,tab:perbearing,1,table,table-cell,tab:perbearing | Bearing1_1 | Cd.,Bearing1_1,,
tab:perbearing.c341,table-cell,tab:perbearing,123,table,table-cell,tab:perbearing | Bearing1_1 | Life,Bearing1_1,,
tab:perbearing.c342,table-cell,tab:perbearing,0,table,table-cell,tab:perbearing | Bearing1_1 | V/5,Bearing1_1,,
tab:perbearing.c343,table-cell,tab:perbearing,-,table,table-cell,tab:perbearing | Bearing1_1 | Mean,Bearing1_1,,
tab:perbearing.c344,table-cell,tab:perbearing,0.00,table,table-cell,tab:perbearing | Bearing1_1 | Best,Bearing1_1,,
tab:perbearing.c345,table-cell,tab:perbearing,1,table,table-cell,tab:perbearing | Bearing1_2 | Cd.,Bearing1_2,,
tab:perbearing.c346,table-cell,tab:perbearing,161,table,table-cell,tab:perbearing | Bearing1_2 | Life,Bearing1_2,,
tab:perbearing.c347,table-cell,tab:perbearing,1,table,table-cell,tab:perbearing | Bearing1_2 | V/5,Bearing1_2,,
tab:perbearing.c348,table-cell,tab:perbearing,0.67,table,table-cell,tab:perbearing | Bearing1_2 | Mean,Bearing1_2,,
tab:perbearing.c349,table-cell,tab:perbearing,0.67,table,table-cell,tab:perbearing | Bearing1_2 | Best,Bearing1_2,,
tab:perbearing.c350,table-cell,tab:perbearing,1,table,table-cell,tab:perbearing | Bearing1_3 | Cd.,Bearing1_3,,
tab:perbearing.c351,table-cell,tab:perbearing,158,table,table-cell,tab:perbearing | Bearing1_3 | Life,Bearing1_3,,
tab:perbearing.c352,table-cell,tab:perbearing,4,table,table-cell,tab:perbearing | Bearing1_3 | V/5,Bearing1_3,,
tab:perbearing.c353,table-cell,tab:perbearing,1.03,table,table-cell,tab:perbearing | Bearing1_3 | Mean,Bearing1_3,,
tab:perbearing.c354,table-cell,tab:perbearing,1.03,table,table-cell,tab:perbearing | Bearing1_3 | Best,Bearing1_3,,
tab:perbearing.c355,table-cell,tab:perbearing,1,table,table-cell,tab:perbearing | Bearing1_4 | Cd.,Bearing1_4,,
tab:perbearing.c356,table-cell,tab:perbearing,122,table,table-cell,tab:perbearing | Bearing1_4 | Life,Bearing1_4,,
tab:perbearing.c357,table-cell,tab:perbearing,2,table,table-cell,tab:perbearing | Bearing1_4 | V/5,Bearing1_4,,
tab:perbearing.c358,table-cell,tab:perbearing,0.68,table,table-cell,tab:perbearing | Bearing1_4 | Mean,Bearing1_4,,
tab:perbearing.c359,table-cell,tab:perbearing,0.68,table,table-cell,tab:perbearing | Bearing1_4 | Best,Bearing1_4,,
tab:perbearing.c360,table-cell,tab:perbearing,1,table,table-cell,tab:perbearing | Bearing1_5 | Cd.,Bearing1_5,,
tab:perbearing.c361,table-cell,tab:perbearing,52,table,table-cell,tab:perbearing | Bearing1_5 | Life,Bearing1_5,,
tab:perbearing.c362,table-cell,tab:perbearing,3,table,table-cell,tab:perbearing | Bearing1_5 | V/5,Bearing1_5,,
tab:perbearing.c363,table-cell,tab:perbearing,0.35,table,table-cell,tab:perbearing | Bearing1_5 | Mean,Bearing1_5,,
tab:perbearing.c364,table-cell,tab:perbearing,0.35,table,table-cell,tab:perbearing | Bearing1_5 | Best,Bearing1_5,,
tab:perbearing.c365,table-cell,tab:perbearing,2,table,table-cell,tab:perbearing | Bearing2_1 | Cd.,Bearing2_1,,
tab:perbearing.c366,table-cell,tab:perbearing,491,table,table-cell,tab:perbearing | Bearing2_1 | Life,Bearing2_1,,
tab:perbearing.c367,table-cell,tab:perbearing,3,table,table-cell,tab:perbearing | Bearing2_1 | V/5,Bearing2_1,,
tab:perbearing.c368,table-cell,tab:perbearing,0.67,table,table-cell,tab:perbearing | Bearing2_1 | Mean,Bearing2_1,,
tab:perbearing.c369,table-cell,tab:perbearing,0.67,table,table-cell,tab:perbearing | Bearing2_1 | Best,Bearing2_1,,
tab:perbearing.c370,table-cell,tab:perbearing,2,table,table-cell,tab:perbearing | Bearing2_2 | Cd.,Bearing2_2,,
tab:perbearing.c371,table-cell,tab:perbearing,161,table,table-cell,tab:perbearing | Bearing2_2 | Life,Bearing2_2,,
tab:perbearing.c372,table-cell,tab:perbearing,2,table,table-cell,tab:perbearing | Bearing2_2 | V/5,Bearing2_2,,
tab:perbearing.c373,table-cell,tab:perbearing,1.00,table,table-cell,tab:perbearing | Bearing2_2 | Mean,Bearing2_2,,
tab:perbearing.c374,table-cell,tab:perbearing,1.08,table,table-cell,tab:perbearing | Bearing2_2 | Best,Bearing2_2,,
tab:perbearing.c375,table-cell,tab:perbearing,2,table,table-cell,tab:perbearing | Bearing2_3 | Cd.,Bearing2_3,,
tab:perbearing.c376,table-cell,tab:perbearing,533,table,table-cell,tab:perbearing | Bearing2_3 | Life,Bearing2_3,,
tab:perbearing.c377,table-cell,tab:perbearing,1,table,table-cell,tab:perbearing | Bearing2_3 | V/5,Bearing2_3,,
tab:perbearing.c378,table-cell,tab:perbearing,3.45,table,table-cell,tab:perbearing | Bearing2_3 | Mean,Bearing2_3,,
tab:perbearing.c379,table-cell,tab:perbearing,3.45,table,table-cell,tab:perbearing | Bearing2_3 | Best,Bearing2_3,,
tab:perbearing.c380,table-cell,tab:perbearing,2,table,table-cell,tab:perbearing | Bearing2_4 | Cd.,Bearing2_4,,
tab:perbearing.c381,table-cell,tab:perbearing,42,table,table-cell,tab:perbearing | Bearing2_4 | Life,Bearing2_4,,
tab:perbearing.c382,table-cell,tab:perbearing,0,table,table-cell,tab:perbearing | Bearing2_4 | V/5,Bearing2_4,,
tab:perbearing.c383,table-cell,tab:perbearing,-,table,table-cell,tab:perbearing | Bearing2_4 | Mean,Bearing2_4,,
tab:perbearing.c384,table-cell,tab:perbearing,0.00,table,table-cell,tab:perbearing | Bearing2_4 | Best,Bearing2_4,,
tab:perbearing.c385,table-cell,tab:perbearing,2,table,table-cell,tab:perbearing | Bearing2_5 | Cd.,Bearing2_5,,
tab:perbearing.c386,table-cell,tab:perbearing,339,table,table-cell,tab:perbearing | Bearing2_5 | Life,Bearing2_5,,
tab:perbearing.c387,table-cell,tab:perbearing,4,table,table-cell,tab:perbearing | Bearing2_5 | V/5,Bearing2_5,,
tab:perbearing.c388,table-cell,tab:perbearing,2.30,table,table-cell,tab:perbearing | Bearing2_5 | Mean,Bearing2_5,,
tab:perbearing.c389,table-cell,tab:perbearing,2.30,table,table-cell,tab:perbearing | Bearing2_5 | Best,Bearing2_5,,
tab:perbearing.c390,table-cell,tab:perbearing,20/50,table,table-cell,"tab:perbearing | Total (full-res, aggregate) | Cd.","Total (full-res, aggregate)",,
tab:perbearing.c391,table-cell,tab:perbearing,2/10,table,table-cell,tab:perbearing | Bearings with no valid detector | Cd.,Bearings with no valid detector,,
tab:gatedcontrast.c392,table-cell,tab:gatedcontrast,+0.000,table,table-cell,tab:gatedcontrast | XJTU-SY | Med.,XJTU-SY,,
tab:gatedcontrast.c393,table-cell,tab:gatedcontrast,0/1/10,table,table-cell,tab:gatedcontrast | XJTU-SY | n_+/n_-/0,XJTU-SY,,
tab:gatedcontrast.c394,table-cell,tab:gatedcontrast,3.0,table,table-cell,tab:gatedcontrast | XJTU-SY | n_eff,XJTU-SY,,
tab:gatedcontrast.c395,table-cell,tab:gatedcontrast,+0.000,table,table-cell,tab:gatedcontrast | XJTU-SY | Med.,XJTU-SY,,
tab:gatedcontrast.c396,table-cell,tab:gatedcontrast,0/1/10,table,table-cell,tab:gatedcontrast | XJTU-SY | n_+/n_-/0,XJTU-SY,,
tab:gatedcontrast.c397,table-cell,tab:gatedcontrast,1.3,table,table-cell,tab:gatedcontrast | XJTU-SY | n_eff,XJTU-SY,,
tab:gatedcontrast.c398,table-cell,tab:gatedcontrast,-0.004,table,table-cell,tab:gatedcontrast | FEMTO | Med.,FEMTO,,
tab:gatedcontrast.c399,table-cell,tab:gatedcontrast,4/6/1,table,table-cell,tab:gatedcontrast | FEMTO | n_+/n_-/0,FEMTO,,
tab:gatedcontrast.c400,table-cell,tab:gatedcontrast,4.8,table,table-cell,tab:gatedcontrast | FEMTO | n_eff,FEMTO,,
tab:gatedcontrast.c401,table-cell,tab:gatedcontrast,+0.000,table,table-cell,tab:gatedcontrast | FEMTO | Med.,FEMTO,,
tab:gatedcontrast.c402,table-cell,tab:gatedcontrast,3/2/6,table,table-cell,tab:gatedcontrast | FEMTO | n_+/n_-/0,FEMTO,,
tab:gatedcontrast.c403,table-cell,tab:gatedcontrast,2.8,table,table-cell,tab:gatedcontrast | FEMTO | n_eff,FEMTO,,
tab:gatedcontrast.c404,table-cell,tab:gatedcontrast,+0.005,table,table-cell,tab:gatedcontrast | Ferrara | Med.,Ferrara,,
tab:gatedcontrast.c405,table-cell,tab:gatedcontrast,8/2/1,table,table-cell,tab:gatedcontrast | Ferrara | n_+/n_-/0,Ferrara,,
tab:gatedcontrast.c406,table-cell,tab:gatedcontrast,5.0,table,table-cell,tab:gatedcontrast | Ferrara | n_eff,Ferrara,,
tab:gatedcontrast.c407,table-cell,tab:gatedcontrast,+0.000,table,table-cell,tab:gatedcontrast | Ferrara | Med.,Ferrara,,
tab:gatedcontrast.c408,table-cell,tab:gatedcontrast,1/5/5,table,table-cell,tab:gatedcontrast | Ferrara | n_+/n_-/0,Ferrara,,
tab:gatedcontrast.c409,table-cell,tab:gatedcontrast,3.6,table,table-cell,tab:gatedcontrast | Ferrara | n_eff,Ferrara,,
tab:gatedcontrast.c410,table-cell,tab:gatedcontrast,+0.000,table,table-cell,tab:gatedcontrast | IMS | Med.,IMS,,
tab:gatedcontrast.c411,table-cell,tab:gatedcontrast,5/4/2,table,table-cell,tab:gatedcontrast | IMS | n_+/n_-/0,IMS,,
tab:gatedcontrast.c412,table-cell,tab:gatedcontrast,2.7,table,table-cell,tab:gatedcontrast | IMS | n_eff,IMS,,
tab:gatedcontrast.c413,table-cell,tab:gatedcontrast,+0.000,table,table-cell,tab:gatedcontrast | IMS | Med.,IMS,,
tab:gatedcontrast.c414,table-cell,tab:gatedcontrast,4/0/7,table,table-cell,tab:gatedcontrast | IMS | n_+/n_-/0,IMS,,
tab:gatedcontrast.c415,table-cell,tab:gatedcontrast,1.2,table,table-cell,tab:gatedcontrast | IMS | n_eff,IMS,,
tab:tradeoff.c416,table-cell,tab:tradeoff,77.0,table,table-cell,tab:tradeoff | 3σ | Ld,3σ,,D3/D4
tab:tradeoff.c417,table-cell,tab:tradeoff,18.1†,table,table-cell,tab:tradeoff | 3σ | FAR,3σ,,D3/D4
tab:tradeoff.c418,table-cell,tab:tradeoff,60.7,table,table-cell,tab:tradeoff | 3σ | Ld,3σ,,D3/D4
tab:tradeoff.c419,table-cell,tab:tradeoff,11.7†,table,table-cell,tab:tradeoff | 3σ | FAR,3σ,,D3/D4
tab:tradeoff.c420,table-cell,tab:tradeoff,56.3,table,table-cell,tab:tradeoff | 3σ | Ld,3σ,,D3/D4
tab:tradeoff.c421,table-cell,tab:tradeoff,8.9,table,table-cell,tab:tradeoff | 3σ | FAR,3σ,,D3/D4
tab:tradeoff.c422,table-cell,tab:tradeoff,89.1,table,table-cell,tab:tradeoff | EWMA | Ld,EWMA,,D3/D4
tab:tradeoff.c423,table-cell,tab:tradeoff,22.1†,table,table-cell,tab:tradeoff | EWMA | FAR,EWMA,,D3/D4
tab:tradeoff.c424,table-cell,tab:tradeoff,78.3,table,table-cell,tab:tradeoff | EWMA | Ld,EWMA,,D3/D4
tab:tradeoff.c425,table-cell,tab:tradeoff,21.0†,table,table-cell,tab:tradeoff | EWMA | FAR,EWMA,,D3/D4
tab:tradeoff.c426,table-cell,tab:tradeoff,78.3,table,table-cell,tab:tradeoff | EWMA | Ld,EWMA,,D3/D4
tab:tradeoff.c427,table-cell,tab:tradeoff,21.0†,table,table-cell,tab:tradeoff | EWMA | FAR,EWMA,,D3/D4
tab:tradeoff.c428,table-cell,tab:tradeoff,65.0,table,table-cell,tab:tradeoff | CUSUM | Ld,CUSUM,,D3/D4
tab:tradeoff.c429,table-cell,tab:tradeoff,19.4†,table,table-cell,tab:tradeoff | CUSUM | FAR,CUSUM,,D3/D4
tab:tradeoff.c430,table-cell,tab:tradeoff,64.2,table,table-cell,tab:tradeoff | CUSUM | Ld,CUSUM,,D3/D4
tab:tradeoff.c431,table-cell,tab:tradeoff,19.0†,table,table-cell,tab:tradeoff | CUSUM | FAR,CUSUM,,D3/D4
tab:tradeoff.c432,table-cell,tab:tradeoff,64.2,table,table-cell,tab:tradeoff | CUSUM | Ld,CUSUM,,D3/D4
tab:tradeoff.c433,table-cell,tab:tradeoff,19.0†,table,table-cell,tab:tradeoff | CUSUM | FAR,CUSUM,,D3/D4
tab:tradeoff.c434,table-cell,tab:tradeoff,176.9,table,table-cell,tab:tradeoff | Hot. T2 | Ld,Hot. T2,,D3/D4
tab:tradeoff.c435,table-cell,tab:tradeoff,28.1†,table,table-cell,tab:tradeoff | Hot. T2 | FAR,Hot. T2,,D3/D4
tab:tradeoff.c436,table-cell,tab:tradeoff,82.7,table,table-cell,tab:tradeoff | Hot. T2 | Ld,Hot. T2,,D3/D4
tab:tradeoff.c437,table-cell,tab:tradeoff,20.8†,table,table-cell,tab:tradeoff | Hot. T2 | FAR,Hot. T2,,D3/D4
tab:tradeoff.c438,table-cell,tab:tradeoff,73.9,table,table-cell,tab:tradeoff | Hot. T2 | Ld,Hot. T2,,D3/D4
tab:tradeoff.c439,table-cell,tab:tradeoff,19.0†,table,table-cell,tab:tradeoff | Hot. T2 | FAR,Hot. T2,,D3/D4
tab:tradeoff.c440,table-cell,tab:tradeoff,174.7,table,table-cell,tab:tradeoff | Iso. For. | Ld,Iso. For.,,D3/D4
tab:tradeoff.c441,table-cell,tab:tradeoff,27.1†,table,table-cell,tab:tradeoff | Iso. For. | FAR,Iso. For.,,D3/D4
tab:tradeoff.c442,table-cell,tab:tradeoff,75.8,table,table-cell,tab:tradeoff | Iso. For. | Ld,Iso. For.,,D3/D4
tab:tradeoff.c443,table-cell,tab:tradeoff,20.6†,table,table-cell,tab:tradeoff | Iso. For. | FAR,Iso. For.,,D3/D4
tab:tradeoff.c444,table-cell,tab:tradeoff,53.4,table,table-cell,tab:tradeoff | Iso. For. | Ld,Iso. For.,,D3/D4
tab:tradeoff.c445,table-cell,tab:tradeoff,19.8†,table,table-cell,tab:tradeoff | Iso. For. | FAR,Iso. For.,,D3/D4
tab:tradeoff.c446,table-cell,tab:tradeoff,14.8,table,table-cell,tab:tradeoff | Deep SVDD | Ld,Deep SVDD,,D3/D4
tab:tradeoff.c447,table-cell,tab:tradeoff,0.6,table,table-cell,tab:tradeoff | Deep SVDD | FAR,Deep SVDD,,D3/D4
tab:tradeoff.c448,table-cell,tab:tradeoff,3.2,table,table-cell,tab:tradeoff | Deep SVDD | Ld,Deep SVDD,,D3/D4
tab:tradeoff.c449,table-cell,tab:tradeoff,0.0,table,table-cell,tab:tradeoff | Deep SVDD | FAR,Deep SVDD,,D3/D4
tab:tradeoff.c450,table-cell,tab:tradeoff,2.7,table,table-cell,tab:tradeoff | Deep SVDD | Ld,Deep SVDD,,D3/D4
tab:tradeoff.c451,table-cell,tab:tradeoff,0.0,table,table-cell,tab:tradeoff | Deep SVDD | FAR,Deep SVDD,,D3/D4
tab:tradeoff.c452,table-cell,tab:tradeoff,34.7,table,table-cell,tab:tradeoff | RMS-trend | Ld,RMS-trend,,D3/D4
tab:tradeoff.c453,table-cell,tab:tradeoff,4.6,table,table-cell,tab:tradeoff | RMS-trend | FAR,RMS-trend,,D3/D4
tab:tradeoff.c454,table-cell,tab:tradeoff,1.3,table,table-cell,tab:tradeoff | RMS-trend | Ld,RMS-trend,,D3/D4
tab:tradeoff.c455,table-cell,tab:tradeoff,0.0,table,table-cell,tab:tradeoff | RMS-trend | FAR,RMS-trend,,D3/D4
tab:tradeoff.c456,table-cell,tab:tradeoff,1.3,table,table-cell,tab:tradeoff | RMS-trend | Ld,RMS-trend,,D3/D4
tab:tradeoff.c457,table-cell,tab:tradeoff,0.0,table,table-cell,tab:tradeoff | RMS-trend | FAR,RMS-trend,,D3/D4
tab:tradeoff.c458,table-cell,tab:tradeoff,199.6,table,table-cell,tab:tradeoff | LSTM-AE | Ld,LSTM-AE,,D3/D4
tab:tradeoff.c459,table-cell,tab:tradeoff,87.8†,table,table-cell,tab:tradeoff | LSTM-AE | FAR,LSTM-AE,,D3/D4
tab:tradeoff.c460,table-cell,tab:tradeoff,194.0,table,table-cell,tab:tradeoff | LSTM-AE | Ld,LSTM-AE,,D3/D4
tab:tradeoff.c461,table-cell,tab:tradeoff,82.2†,table,table-cell,tab:tradeoff | LSTM-AE | FAR,LSTM-AE,,D3/D4
tab:tradeoff.c462,table-cell,tab:tradeoff,93.6,table,table-cell,tab:tradeoff | LSTM-AE | Ld,LSTM-AE,,D3/D4
tab:tradeoff.c463,table-cell,tab:tradeoff,62.0†,table,table-cell,tab:tradeoff | LSTM-AE | FAR,LSTM-AE,,D3/D4
tab:tradeoff.c464,table-cell,tab:tradeoff,185.4,table,table-cell,tab:tradeoff | TCN-AE | Ld,TCN-AE,,D3/D4
tab:tradeoff.c465,table-cell,tab:tradeoff,82.6†,table,table-cell,tab:tradeoff | TCN-AE | FAR,TCN-AE,,D3/D4
tab:tradeoff.c466,table-cell,tab:tradeoff,183.1,table,table-cell,tab:tradeoff | TCN-AE | Ld,TCN-AE,,D3/D4
tab:tradeoff.c467,table-cell,tab:tradeoff,79.9†,table,table-cell,tab:tradeoff | TCN-AE | FAR,TCN-AE,,D3/D4
tab:tradeoff.c468,table-cell,tab:tradeoff,180.4,table,table-cell,tab:tradeoff | TCN-AE | Ld,TCN-AE,,D3/D4
tab:tradeoff.c469,table-cell,tab:tradeoff,74.4†,table,table-cell,tab:tradeoff | TCN-AE | FAR,TCN-AE,,D3/D4
tab:tradeoff.c470,table-cell,tab:tradeoff,184.0,table,table-cell,tab:tradeoff | Transf.-AD | Ld,Transf.-AD,,D3/D4
tab:tradeoff.c471,table-cell,tab:tradeoff,81.1†,table,table-cell,tab:tradeoff | Transf.-AD | FAR,Transf.-AD,,D3/D4
tab:tradeoff.c472,table-cell,tab:tradeoff,181.7,table,table-cell,tab:tradeoff | Transf.-AD | Ld,Transf.-AD,,D3/D4
tab:tradeoff.c473,table-cell,tab:tradeoff,79.2†,table,table-cell,tab:tradeoff | Transf.-AD | FAR,Transf.-AD,,D3/D4
tab:tradeoff.c474,table-cell,tab:tradeoff,178.7,table,table-cell,tab:tradeoff | Transf.-AD | Ld,Transf.-AD,,D3/D4
tab:tradeoff.c475,table-cell,tab:tradeoff,72.0†,table,table-cell,tab:tradeoff | Transf.-AD | FAR,Transf.-AD,,D3/D4
tab:tradeoff.c476,table-cell,tab:tradeoff,180.2,table,table-cell,tab:tradeoff | OC-SVM | Ld,OC-SVM,,D3/D4
tab:tradeoff.c477,table-cell,tab:tradeoff,63.2†,table,table-cell,tab:tradeoff | OC-SVM | FAR,OC-SVM,,D3/D4
tab:tradeoff.c478,table-cell,tab:tradeoff,92.5,table,table-cell,tab:tradeoff | OC-SVM | Ld,OC-SVM,,D3/D4
tab:tradeoff.c479,table-cell,tab:tradeoff,56.7†,table,table-cell,tab:tradeoff | OC-SVM | FAR,OC-SVM,,D3/D4
tab:tradeoff.c480,table-cell,tab:tradeoff,92.5,table,table-cell,tab:tradeoff | OC-SVM | Ld,OC-SVM,,D3/D4
tab:tradeoff.c481,table-cell,tab:tradeoff,55.4†,table,table-cell,tab:tradeoff | OC-SVM | FAR,OC-SVM,,D3/D4
tab:ablation_general.c482,table-cell,tab:ablation_general,1.00,table,table-cell,tab:ablation_general | rms_only | 3σ,rms_only,,
tab:ablation_general.c483,table-cell,tab:ablation_general,1.00,table,table-cell,tab:ablation_general | rms_only | EW,rms_only,,
tab:ablation_general.c484,table-cell,tab:ablation_general,0.67,table,table-cell,tab:ablation_general | rms_only | CU,rms_only,,
tab:ablation_general.c485,table-cell,tab:ablation_general,0.67,table,table-cell,tab:ablation_general | rms_only | T2,rms_only,,
tab:ablation_general.c486,table-cell,tab:ablation_general,0.67,table,table-cell,tab:ablation_general | rms_only | DS,rms_only,,
tab:ablation_general.c487,table-cell,tab:ablation_general,1.00,table,table-cell,tab:ablation_general | rms_only | IF,rms_only,,
tab:ablation_general.c488,table-cell,tab:ablation_general,0.67,table,table-cell,tab:ablation_general | kurt_only | 3σ,kurt_only,,
tab:ablation_general.c489,table-cell,tab:ablation_general,0.67,table,table-cell,tab:ablation_general | kurt_only | EW,kurt_only,,
tab:ablation_general.c490,table-cell,tab:ablation_general,0.33,table,table-cell,tab:ablation_general | kurt_only | CU,kurt_only,,
tab:ablation_general.c491,table-cell,tab:ablation_general,0.67,table,table-cell,tab:ablation_general | kurt_only | T2,kurt_only,,
tab:ablation_general.c492,table-cell,tab:ablation_general,0.33,table,table-cell,tab:ablation_general | kurt_only | DS,kurt_only,,
tab:ablation_general.c493,table-cell,tab:ablation_general,0.67,table,table-cell,tab:ablation_general | kurt_only | IF,kurt_only,,
tab:ablation_general.c494,table-cell,tab:ablation_general,0.67,table,table-cell,tab:ablation_general | time_only | 3σ,time_only,,
tab:ablation_general.c495,table-cell,tab:ablation_general,0.67,table,table-cell,tab:ablation_general | time_only | EW,time_only,,
tab:ablation_general.c496,table-cell,tab:ablation_general,0.67,table,table-cell,tab:ablation_general | time_only | CU,time_only,,
tab:ablation_general.c497,table-cell,tab:ablation_general,0.67,table,table-cell,tab:ablation_general | time_only | T2,time_only,,
tab:ablation_general.c498,table-cell,tab:ablation_general,0.33,table,table-cell,tab:ablation_general | time_only | DS,time_only,,
tab:ablation_general.c499,table-cell,tab:ablation_general,0.67,table,table-cell,tab:ablation_general | time_only | IF,time_only,,
tab:ablation_general.c500,table-cell,tab:ablation_general,0.33,table,table-cell,tab:ablation_general | spectral_only | 3σ,spectral_only,,
tab:ablation_general.c501,table-cell,tab:ablation_general,0.33,table,table-cell,tab:ablation_general | spectral_only | EW,spectral_only,,
tab:ablation_general.c502,table-cell,tab:ablation_general,0.33,table,table-cell,tab:ablation_general | spectral_only | CU,spectral_only,,
tab:ablation_general.c503,table-cell,tab:ablation_general,0.33,table,table-cell,tab:ablation_general | spectral_only | T2,spectral_only,,
tab:ablation_general.c504,table-cell,tab:ablation_general,0.00,table,table-cell,tab:ablation_general | spectral_only | DS,spectral_only,,
tab:ablation_general.c505,table-cell,tab:ablation_general,0.67,table,table-cell,tab:ablation_general | spectral_only | IF,spectral_only,,
tab:ablation_general.c506,table-cell,tab:ablation_general,0.33,table,table-cell,tab:ablation_general | envelope_only | 3σ,envelope_only,,
tab:ablation_general.c507,table-cell,tab:ablation_general,0.33,table,table-cell,tab:ablation_general | envelope_only | EW,envelope_only,,
tab:ablation_general.c508,table-cell,tab:ablation_general,0.33,table,table-cell,tab:ablation_general | envelope_only | CU,envelope_only,,
tab:ablation_general.c509,table-cell,tab:ablation_general,0.33,table,table-cell,tab:ablation_general | envelope_only | T2,envelope_only,,
tab:ablation_general.c510,table-cell,tab:ablation_general,0.33,table,table-cell,tab:ablation_general | envelope_only | DS,envelope_only,,
tab:ablation_general.c511,table-cell,tab:ablation_general,0.67,table,table-cell,tab:ablation_general | envelope_only | IF,envelope_only,,
tab:ablation_general.c512,table-cell,tab:ablation_general,0.33,table,table-cell,tab:ablation_general | time+spectral | 3σ,time+spectral,,
tab:ablation_general.c513,table-cell,tab:ablation_general,0.33,table,table-cell,tab:ablation_general | time+spectral | EW,time+spectral,,
tab:ablation_general.c514,table-cell,tab:ablation_general,0.33,table,table-cell,tab:ablation_general | time+spectral | CU,time+spectral,,
tab:ablation_general.c515,table-cell,tab:ablation_general,0.33,table,table-cell,tab:ablation_general | time+spectral | T2,time+spectral,,
tab:ablation_general.c516,table-cell,tab:ablation_general,0.33,table,table-cell,tab:ablation_general | time+spectral | DS,time+spectral,,
tab:ablation_general.c517,table-cell,tab:ablation_general,0.67,table,table-cell,tab:ablation_general | time+spectral | IF,time+spectral,,
tab:ablation_general.c518,table-cell,tab:ablation_general,0.33,table,table-cell,tab:ablation_general | all | 3σ,all,,
tab:ablation_general.c519,table-cell,tab:ablation_general,0.33,table,table-cell,tab:ablation_general | all | EW,all,,
tab:ablation_general.c520,table-cell,tab:ablation_general,0.33,table,table-cell,tab:ablation_general | all | CU,all,,
tab:ablation_general.c521,table-cell,tab:ablation_general,0.33,table,table-cell,tab:ablation_general | all | T2,all,,
tab:ablation_general.c522,table-cell,tab:ablation_general,0.33,table,table-cell,tab:ablation_general | all | DS,all,,
tab:ablation_general.c523,table-cell,tab:ablation_general,0.67,table,table-cell,tab:ablation_general | all | IF,all,,
tab:hyperparams.c524,table-cell,tab:hyperparams,10 samples / 50%,table,table-cell,tab:hyperparams | Feature window / overlap | Value,Feature window / overlap,,
tab:hyperparams.c525,table-cell,tab:hyperparams,"channel-invariant, 49-dim",table,table-cell,tab:hyperparams | Feature schema | Value,Feature schema,,
tab:hyperparams.c526,table-cell,tab:hyperparams,top 50 (stratified),table,table-cell,tab:hyperparams | Train-fit feature cap | Value,Train-fit feature cap,,
tab:hyperparams.c527,table-cell,tab:hyperparams,0.50 / 0.10 / 0.40,table,table-cell,tab:hyperparams | Train / calib. / test | Value,Train / calib. / test,,
tab:hyperparams.c528,table-cell,tab:hyperparams,full window t < t_o,table,table-cell,tab:hyperparams | Pre-onset FAR region | Value,Pre-onset FAR region,,
tab:hyperparams.c529,table-cell,tab:hyperparams,rms_kurt,table,table-cell,tab:hyperparams | Onset health indicator | Value,Onset health indicator,,
tab:hyperparams.c530,table-cell,tab:hyperparams,terminal excursion / 5,table,table-cell,tab:hyperparams | Onset method / persistence | Value,Onset method / persistence,,
tab:hyperparams.c531,table-cell,tab:hyperparams,4σ / 10 samples,table,table-cell,tab:hyperparams | Onset kσ / gap tolerance | Value,Onset kσ / gap tolerance,,
tab:hyperparams.c532,table-cell,tab:hyperparams,97.5th pct / 3 windows,table,table-cell,tab:hyperparams | Alarm threshold / persistence | Value,Alarm threshold / persistence,,
tab:hyperparams.c533,table-cell,tab:hyperparams,0.10,table,table-cell,tab:hyperparams | FAR budget | Value,FAR budget,,
tab:hyperparams.c534,table-cell,tab:hyperparams,"200 trees, contam. auto",table,table-cell,tab:hyperparams | Isolation Forest | Value,Isolation Forest,,
tab:hyperparams.c535,table-cell,tab:hyperparams,"PCA rank 10, α=0.01",table,table-cell,tab:hyperparams | Hotelling T2 | Value,Hotelling T2,,
tab:hyperparams.c536,table-cell,tab:hyperparams,"λ=0.2, k=3 / k=0.5, h=5",table,table-cell,tab:hyperparams | EWMA / CUSUM | Value,EWMA / CUSUM,,
tab:hyperparams.c537,table-cell,tab:hyperparams,"seq-len 30, 40-50 epochs",table,table-cell,tab:hyperparams | Deep models | Value,Deep models,,
tab:hyperparams.c538,table-cell,tab:hyperparams,"d_model=32, 2 heads, 2 layers",table,table-cell,tab:hyperparams | Transformer | Value,Transformer,,
tab:hyperparams.c539,table-cell,tab:hyperparams,horiz. + vert. accel.,table,table-cell,tab:hyperparams | FEMTO channels | Value,FEMTO channels,,
tab:hyperparams.c540,table-cell,tab:hyperparams,0.10,table,table-cell,tab:hyperparams | Conformal calib. fraction | Value,Conformal calib. fraction,,
tab:hyperparams.c541,table-cell,tab:hyperparams,"runs, B=2000",table,table-cell,tab:hyperparams | Bootstrap resamples | Value,Bootstrap resamples,,
tab:hyperparams.c542,table-cell,tab:hyperparams,42,table,table-cell,tab:hyperparams | Random seed | Value,Random seed,,
tab:hyperparams.c543,table-cell,tab:hyperparams,"Py 3.13, requirements.lock.txt",table,table-cell,tab:hyperparams | Environment | Value,Environment,,
tab:hyperparams.c544,table-cell,tab:hyperparams,<1 ms,table,table-cell,tab:hyperparams | 3σ | Train,3σ,,
tab:hyperparams.c545,table-cell,tab:hyperparams,0.2,table,table-cell,tab:hyperparams | 3σ | Inf.,3σ,,
tab:hyperparams.c546,table-cell,tab:hyperparams,EWMA,table,table-cell,tab:hyperparams | 3σ | Detector,3σ,,
tab:hyperparams.c547,table-cell,tab:hyperparams,<1 ms,table,table-cell,tab:hyperparams | 3σ | Train,3σ,,
tab:hyperparams.c548,table-cell,tab:hyperparams,1.0,table,table-cell,tab:hyperparams | 3σ | Inf.,3σ,,
tab:hyperparams.c549,table-cell,tab:hyperparams,<1 ms,table,table-cell,tab:hyperparams | CUSUM | Train,CUSUM,,
tab:hyperparams.c550,table-cell,tab:hyperparams,2.1,table,table-cell,tab:hyperparams | CUSUM | Inf.,CUSUM,,
tab:hyperparams.c551,table-cell,tab:hyperparams,RMS-trend,table,table-cell,tab:hyperparams | CUSUM | Detector,CUSUM,,
tab:hyperparams.c552,table-cell,tab:hyperparams,<1 ms,table,table-cell,tab:hyperparams | CUSUM | Train,CUSUM,,
tab:hyperparams.c553,table-cell,tab:hyperparams,0.3,table,table-cell,tab:hyperparams | CUSUM | Inf.,CUSUM,,
tab:hyperparams.c554,table-cell,tab:hyperparams,20 ms,table,table-cell,tab:hyperparams | Hotelling T2 | Train,Hotelling T2,,
tab:hyperparams.c555,table-cell,tab:hyperparams,1.5,table,table-cell,tab:hyperparams | Hotelling T2 | Inf.,Hotelling T2,,
tab:hyperparams.c556,table-cell,tab:hyperparams,One-class SVM,table,table-cell,tab:hyperparams | Hotelling T2 | Detector,Hotelling T2,,
tab:hyperparams.c557,table-cell,tab:hyperparams,11 ms,table,table-cell,tab:hyperparams | Hotelling T2 | Train,Hotelling T2,,
tab:hyperparams.c558,table-cell,tab:hyperparams,26,table,table-cell,tab:hyperparams | Hotelling T2 | Inf.,Hotelling T2,,
tab:hyperparams.c559,table-cell,tab:hyperparams,0.73 s,table,table-cell,tab:hyperparams | Iso. Forest | Train,Iso. Forest,,
tab:hyperparams.c560,table-cell,tab:hyperparams,120,table,table-cell,tab:hyperparams | Iso. Forest | Inf.,Iso. Forest,,
tab:hyperparams.c561,table-cell,tab:hyperparams,Deep SVDD,table,table-cell,tab:hyperparams | Iso. Forest | Detector,Iso. Forest,,
tab:hyperparams.c562,table-cell,tab:hyperparams,2.27 s,table,table-cell,tab:hyperparams | Iso. Forest | Train,Iso. Forest,,
tab:hyperparams.c563,table-cell,tab:hyperparams,2.3,table,table-cell,tab:hyperparams | Iso. Forest | Inf.,Iso. Forest,,
tab:hyperparams.c564,table-cell,tab:hyperparams,49.5 s,table,table-cell,tab:hyperparams | LSTM-AE | Train,LSTM-AE,,
tab:hyperparams.c565,table-cell,tab:hyperparams,513,table,table-cell,tab:hyperparams | LSTM-AE | Inf.,LSTM-AE,,
tab:hyperparams.c566,table-cell,tab:hyperparams,TCN-AE,table,table-cell,tab:hyperparams | LSTM-AE | Detector,LSTM-AE,,
tab:hyperparams.c567,table-cell,tab:hyperparams,46.2 s,table,table-cell,tab:hyperparams | LSTM-AE | Train,LSTM-AE,,
tab:hyperparams.c568,table-cell,tab:hyperparams,379,table,table-cell,tab:hyperparams | LSTM-AE | Inf.,LSTM-AE,,
tab:hyperparams.c569,table-cell,tab:hyperparams,41.6 s,table,table-cell,tab:hyperparams | Transf.-AD | Train,Transf.-AD,,
tab:hyperparams.c570,table-cell,tab:hyperparams,300,table,table-cell,tab:hyperparams | Transf.-AD | Inf.,Transf.-AD,,
tab:deeparch.c571,table-cell,tab:deeparch,1-layer LSTM encoder,table,table-cell,tab:deeparch | Structure | LSTM-AE,Structure,,G5
tab:deeparch.c572,table-cell,tab:deeparch,"4 temporal blocks,",table,table-cell,tab:deeparch | Structure | TCN-AE,Structure,,G5
tab:deeparch.c573,table-cell,tab:deeparch,"2 encoder layers,",table,table-cell,tab:deeparch | Structure | Transformer-AD,Structure,,G5
tab:deeparch.c574,table-cell,tab:deeparch,"2 linear layers,",table,table-cell,tab:deeparch | Structure | Deep SVDD,Structure,,G5
tab:deeparch.c575,table-cell,tab:deeparch,+ linear to latent;,table,table-cell,tab:deeparch |  | LSTM-AE,,,G5
tab:deeparch.c576,table-cell,tab:deeparch,2 dilated causal,table,table-cell,tab:deeparch |  | TCN-AE,,,G5
tab:deeparch.c577,table-cell,tab:deeparch,linear input projection,table,table-cell,tab:deeparch |  | Transformer-AD,,,G5
tab:deeparch.c578,table-cell,tab:deeparch,"bias-free,",table,table-cell,tab:deeparch |  | Deep SVDD,,,G5
tab:deeparch.c579,table-cell,tab:deeparch,1-layer LSTM decoder,table,table-cell,tab:deeparch |  | LSTM-AE,,,G5
tab:deeparch.c580,table-cell,tab:deeparch,"convolutions each,",table,table-cell,tab:deeparch |  | TCN-AE,,,G5
tab:deeparch.c581,table-cell,tab:deeparch,and reconstruction head,table,table-cell,tab:deeparch |  | Transformer-AD,,,G5
tab:deeparch.c582,table-cell,tab:deeparch,ReLU between,table,table-cell,tab:deeparch |  | Deep SVDD,,,G5
tab:deeparch.c583,table-cell,tab:deeparch,+ linear to output,table,table-cell,tab:deeparch |  | LSTM-AE,,,G5
tab:deeparch.c584,table-cell,tab:deeparch,"residual, 1 1 head",table,table-cell,tab:deeparch |  | TCN-AE,,,G5
tab:deeparch.c585,table-cell,tab:deeparch,64,table,table-cell,tab:deeparch | Hidden width | LSTM-AE,Hidden width,,G5
tab:deeparch.c586,table-cell,tab:deeparch,32 channels,table,table-cell,tab:deeparch | Hidden width | TCN-AE,Hidden width,,G5
tab:deeparch.c587,table-cell,tab:deeparch,d_model=32; FFN 64,table,table-cell,tab:deeparch | Hidden width | Transformer-AD,Hidden width,,G5
tab:deeparch.c588,table-cell,tab:deeparch,32,table,table-cell,tab:deeparch | Hidden width | Deep SVDD,Hidden width,,G5
tab:deeparch.c589,table-cell,tab:deeparch,16,table,table-cell,tab:deeparch | Latent width | LSTM-AE,Latent width,,G5
tab:deeparch.c590,table-cell,tab:deeparch,--,table,table-cell,tab:deeparch | Latent width | TCN-AE,Latent width,,G5
tab:deeparch.c591,table-cell,tab:deeparch,--,table,table-cell,tab:deeparch | Latent width | Transformer-AD,Latent width,,G5
tab:deeparch.c592,table-cell,tab:deeparch,8,table,table-cell,tab:deeparch | Latent width | Deep SVDD,Latent width,,G5
tab:deeparch.c593,table-cell,tab:deeparch,--,table,table-cell,tab:deeparch | Kernel / dilations | LSTM-AE,Kernel / dilations,,G5
tab:deeparch.c594,table-cell,tab:deeparch,"k=3; 1,2,4,8",table,table-cell,tab:deeparch | Kernel / dilations | TCN-AE,Kernel / dilations,,G5
tab:deeparch.c595,table-cell,tab:deeparch,--,table,table-cell,tab:deeparch | Kernel / dilations | Transformer-AD,Kernel / dilations,,G5
tab:deeparch.c596,table-cell,tab:deeparch,--,table,table-cell,tab:deeparch | Kernel / dilations | Deep SVDD,Kernel / dilations,,G5
tab:deeparch.c597,table-cell,tab:deeparch,--,table,table-cell,tab:deeparch | Attention heads | LSTM-AE,Attention heads,,G5
tab:deeparch.c598,table-cell,tab:deeparch,--,table,table-cell,tab:deeparch | Attention heads | TCN-AE,Attention heads,,G5
tab:deeparch.c599,table-cell,tab:deeparch,2,table,table-cell,tab:deeparch | Attention heads | Transformer-AD,Attention heads,,G5
tab:deeparch.c600,table-cell,tab:deeparch,--,table,table-cell,tab:deeparch | Attention heads | Deep SVDD,Attention heads,,G5
tab:deeparch.c601,table-cell,tab:deeparch,30 windows,table,table-cell,tab:deeparch | Sequence length | LSTM-AE,Sequence length,,G5
tab:deeparch.c602,table-cell,tab:deeparch,30 windows,table,table-cell,tab:deeparch | Sequence length | TCN-AE,Sequence length,,G5
tab:deeparch.c603,table-cell,tab:deeparch,30 windows,table,table-cell,tab:deeparch | Sequence length | Transformer-AD,Sequence length,,G5
tab:deeparch.c604,table-cell,tab:deeparch,n/a (per-window),table,table-cell,tab:deeparch | Sequence length | Deep SVDD,Sequence length,,G5
tab:deeparch.c605,table-cell,tab:deeparch,50,table,table-cell,tab:deeparch | Epochs | LSTM-AE,Epochs,,G5
tab:deeparch.c606,table-cell,tab:deeparch,40,table,table-cell,tab:deeparch | Epochs | TCN-AE,Epochs,,G5
tab:deeparch.c607,table-cell,tab:deeparch,40,table,table-cell,tab:deeparch | Epochs | Transformer-AD,Epochs,,G5
tab:deeparch.c608,table-cell,tab:deeparch,40,table,table-cell,tab:deeparch | Epochs | Deep SVDD,Epochs,,G5
tab:deeparch.c609,table-cell,tab:deeparch,0.1†,table,table-cell,tab:deeparch | Dropout | LSTM-AE,Dropout,,G5
tab:deeparch.c610,table-cell,tab:deeparch,0.1,table,table-cell,tab:deeparch | Dropout | TCN-AE,Dropout,,G5
tab:deeparch.c611,table-cell,tab:deeparch,0.1,table,table-cell,tab:deeparch | Dropout | Transformer-AD,Dropout,,G5
tab:deeparch.c612,table-cell,tab:deeparch,--,table,table-cell,tab:deeparch | Dropout | Deep SVDD,Dropout,,G5
tab:deeparch.c613,table-cell,tab:deeparch,MSE reconstruction,table,table-cell,tab:deeparch | Loss | LSTM-AE,Loss,,G5
tab:deeparch.c614,table-cell,tab:deeparch,MSE reconstruction,table,table-cell,tab:deeparch | Loss | TCN-AE,Loss,,G5
tab:deeparch.c615,table-cell,tab:deeparch,MSE reconstruction,table,table-cell,tab:deeparch | Loss | Transformer-AD,Loss,,G5
tab:deeparch.c616,table-cell,tab:deeparch,mean squared distance,table,table-cell,tab:deeparch | Loss | Deep SVDD,Loss,,G5
tab:deeparch.c617,table-cell,tab:deeparch,to the fixed center,table,table-cell,tab:deeparch |  | Deep SVDD,,,G5
tab:deeparch.c618,table-cell,tab:deeparch,"54,657",table,table-cell,tab:deeparch | Trainable parameters | LSTM-AE,Trainable parameters,,G5
tab:deeparch.c619,table-cell,tab:deeparch,"29,681",table,table-cell,tab:deeparch | Trainable parameters | TCN-AE,Trainable parameters,,G5
tab:deeparch.c620,table-cell,tab:deeparch,"20,305",table,table-cell,tab:deeparch | Trainable parameters | Transformer-AD,Trainable parameters,,G5
tab:deeparch.c621,table-cell,tab:deeparch,"1,824",table,table-cell,tab:deeparch | Trainable parameters | Deep SVDD,Trainable parameters,,G5
tab:basestats.c622,table-cell,tab:basestats,rms,table,table-cell,tab:basestats | RMS | Family,RMS,,
tab:basestats.c623,table-cell,tab:basestats,1n _i x_i2,table,table-cell,tab:basestats | RMS | Formula,RMS,,
tab:basestats.c624,table-cell,tab:basestats,kurt,table,table-cell,tab:basestats | Kurtosis | Family,Kurtosis,,
tab:basestats.c625,table-cell,tab:basestats,1n _i ( x_i-μσ)4 - 3,table,table-cell,tab:basestats | Kurtosis | Formula,Kurtosis,,
tab:basestats.c626,table-cell,tab:basestats,skew,table,table-cell,tab:basestats | Skewness | Family,Skewness,,
tab:basestats.c627,table-cell,tab:basestats,1n _i ( x_i-μσ)3,table,table-cell,tab:basestats | Skewness | Formula,Skewness,,
tab:basestats.c628,table-cell,tab:basestats,p2p,table,table-cell,tab:basestats | Peak-to-peak | Family,Peak-to-peak,,
tab:basestats.c629,table-cell,tab:basestats,_i x_i - _i x_i,table,table-cell,tab:basestats | Peak-to-peak | Formula,Peak-to-peak,,
tab:basestats.c630,table-cell,tab:basestats,crest,table,table-cell,tab:basestats | Crest factor | Family,Crest factor,,
tab:basestats.c631,table-cell,tab:basestats,_i |x_i| / RMS,table,table-cell,tab:basestats | Crest factor | Formula,Crest factor,,
tab:basestats.c632,table-cell,tab:basestats,var,table,table-cell,tab:basestats | Variance | Family,Variance,,
tab:basestats.c633,table-cell,tab:basestats,1n _i (x_i-μ)2,table,table-cell,tab:basestats | Variance | Formula,Variance,,
tab:d17label.c634,table-cell,tab:d17label,"+25.81, +15.10, -1.00",table,table-cell,tab:d17label | 3σ | Run diffs (h),3σ,,D19
tab:d17label.c635,table-cell,tab:d17label,+15.10,table,table-cell,tab:d17label | 3σ | Med,3σ,,D19
tab:d17label.c636,table-cell,tab:d17label,2/1/0,table,table-cell,tab:d17label | 3σ | n_+/n_-/0,3σ,,D19
tab:d17label.c637,table-cell,tab:d17label,"+25.81, +15.10, 0.00",table,table-cell,tab:d17label | 3σ | Run diffs (h),3σ,,D19
tab:d17label.c638,table-cell,tab:d17label,+15.10,table,table-cell,tab:d17label | 3σ | Med,3σ,,D19
tab:d17label.c639,table-cell,tab:d17label,2/0/1,table,table-cell,tab:d17label | 3σ | n_+/n_-/0,3σ,,D19
tab:d17label.c640,table-cell,tab:d17label,2,table,table-cell,tab:d17label | 3σ | n_eff,3σ,,D19
tab:d17label.c641,table-cell,tab:d17label,0.50 (0.50),table,table-cell,tab:d17label | 3σ | p (floor),3σ,,D19
tab:d17label.c642,table-cell,tab:d17label,"+4.15, +4.67, +4.27",table,table-cell,tab:d17label | CUSUM | Run diffs (h),CUSUM,,D19
tab:d17label.c643,table-cell,tab:d17label,+4.27,table,table-cell,tab:d17label | CUSUM | Med,CUSUM,,D19
tab:d17label.c644,table-cell,tab:d17label,3/0/0,table,table-cell,tab:d17label | CUSUM | n_+/n_-/0,CUSUM,,D19
tab:d17label.c645,table-cell,tab:d17label,"+4.15, +4.67, 0.00",table,table-cell,tab:d17label | CUSUM | Run diffs (h),CUSUM,,D19
tab:d17label.c646,table-cell,tab:d17label,+4.15,table,table-cell,tab:d17label | CUSUM | Med,CUSUM,,D19
tab:d17label.c647,table-cell,tab:d17label,2/0/1,table,table-cell,tab:d17label | CUSUM | n_+/n_-/0,CUSUM,,D19
tab:d17label.c648,table-cell,tab:d17label,2,table,table-cell,tab:d17label | CUSUM | n_eff,CUSUM,,D19
tab:d17label.c649,table-cell,tab:d17label,0.50 (0.50),table,table-cell,tab:d17label | CUSUM | p (floor),CUSUM,,D19
tab:d17label.c650,table-cell,tab:d17label,"-3.89, +4.33, +2.10",table,table-cell,tab:d17label | EWMA | Run diffs (h),EWMA,,D19
tab:d17label.c651,table-cell,tab:d17label,+2.10,table,table-cell,tab:d17label | EWMA | Med,EWMA,,D19
tab:d17label.c652,table-cell,tab:d17label,2/1/0,table,table-cell,tab:d17label | EWMA | n_+/n_-/0,EWMA,,D19
tab:d17label.c653,table-cell,tab:d17label,"-3.89, +4.33, 0.00",table,table-cell,tab:d17label | EWMA | Run diffs (h),EWMA,,D19
tab:d17label.c654,table-cell,tab:d17label,0.00,table,table-cell,tab:d17label | EWMA | Med,EWMA,,D19
tab:d17label.c655,table-cell,tab:d17label,1/1/1,table,table-cell,tab:d17label | EWMA | n_+/n_-/0,EWMA,,D19
tab:d17label.c656,table-cell,tab:d17label,2,table,table-cell,tab:d17label | EWMA | n_eff,EWMA,,D19
tab:d17label.c657,table-cell,tab:d17label,1.00 (0.50),table,table-cell,tab:d17label | EWMA | p (floor),EWMA,,D19
tab:d17label.c658,table-cell,tab:d17label,"+1.00, +1.17, +81.74",table,table-cell,tab:d17label | Hotelling T2 | Run diffs (h),Hotelling T2,,D19
tab:d17label.c659,table-cell,tab:d17label,+1.17,table,table-cell,tab:d17label | Hotelling T2 | Med,Hotelling T2,,D19
tab:d17label.c660,table-cell,tab:d17label,3/0/0,table,table-cell,tab:d17label | Hotelling T2 | n_+/n_-/0,Hotelling T2,,D19
tab:d17label.c661,table-cell,tab:d17label,"+1.00, +1.17, +35.30",table,table-cell,tab:d17label | Hotelling T2 | Run diffs (h),Hotelling T2,,D19
tab:d17label.c662,table-cell,tab:d17label,+1.17,table,table-cell,tab:d17label | Hotelling T2 | Med,Hotelling T2,,D19
tab:d17label.c663,table-cell,tab:d17label,3/0/0,table,table-cell,tab:d17label | Hotelling T2 | n_+/n_-/0,Hotelling T2,,D19
tab:d17label.c664,table-cell,tab:d17label,3,table,table-cell,tab:d17label | Hotelling T2 | n_eff,Hotelling T2,,D19
tab:d17label.c665,table-cell,tab:d17label,0.25 (0.25),table,table-cell,tab:d17label | Hotelling T2 | p (floor),Hotelling T2,,D19
tab:d17label.c666,table-cell,tab:d17label,"-0.67, +16.87, +3.43",table,table-cell,tab:d17label | Iso. Forest | Run diffs (h),Iso. Forest,,D19
tab:d17label.c667,table-cell,tab:d17label,+3.43,table,table-cell,tab:d17label | Iso. Forest | Med,Iso. Forest,,D19
tab:d17label.c668,table-cell,tab:d17label,2/1/0,table,table-cell,tab:d17label | Iso. Forest | n_+/n_-/0,Iso. Forest,,D19
tab:d17label.c669,table-cell,tab:d17label,"-0.67, +16.87, 0.00",table,table-cell,tab:d17label | Iso. Forest | Run diffs (h),Iso. Forest,,D19
tab:d17label.c670,table-cell,tab:d17label,0.00,table,table-cell,tab:d17label | Iso. Forest | Med,Iso. Forest,,D19
tab:d17label.c671,table-cell,tab:d17label,1/1/1,table,table-cell,tab:d17label | Iso. Forest | n_+/n_-/0,Iso. Forest,,D19
tab:d17label.c672,table-cell,tab:d17label,2,table,table-cell,tab:d17label | Iso. Forest | n_eff,Iso. Forest,,D19
tab:d17label.c673,table-cell,tab:d17label,1.00 (0.50),table,table-cell,tab:d17label | Iso. Forest | p (floor),Iso. Forest,,D19
tab:d17label.c674,table-cell,tab:d17label,"+8.93, 0.00, 0.00",table,table-cell,tab:d17label | Deep SVDD | Run diffs (h),Deep SVDD,,D19
tab:d17label.c675,table-cell,tab:d17label,0.00,table,table-cell,tab:d17label | Deep SVDD | Med,Deep SVDD,,D19
tab:d17label.c676,table-cell,tab:d17label,1/0/2,table,table-cell,tab:d17label | Deep SVDD | n_+/n_-/0,Deep SVDD,,D19
tab:d17label.c677,table-cell,tab:d17label,"+8.93, 0.00, 0.00",table,table-cell,tab:d17label | Deep SVDD | Run diffs (h),Deep SVDD,,D19
tab:d17label.c678,table-cell,tab:d17label,0.00,table,table-cell,tab:d17label | Deep SVDD | Med,Deep SVDD,,D19
tab:d17label.c679,table-cell,tab:d17label,1/0/2,table,table-cell,tab:d17label | Deep SVDD | n_+/n_-/0,Deep SVDD,,D19
tab:d17label.c680,table-cell,tab:d17label,1,table,table-cell,tab:d17label | Deep SVDD | n_eff,Deep SVDD,,D19
tab:d17label.c681,table-cell,tab:d17label,1.00 (1.00),table,table-cell,tab:d17label | Deep SVDD | p (floor),Deep SVDD,,D19
tab:d17label.c682,table-cell,tab:d17label,"-0.17, 0.00, +2.37",table,table-cell,tab:d17label | RMS-trend | Run diffs (h),RMS-trend,,D19
tab:d17label.c683,table-cell,tab:d17label,0.00,table,table-cell,tab:d17label | RMS-trend | Med,RMS-trend,,D19
tab:d17label.c684,table-cell,tab:d17label,1/1/1,table,table-cell,tab:d17label | RMS-trend | n_+/n_-/0,RMS-trend,,D19
tab:d17label.c685,table-cell,tab:d17label,"-0.17, 0.00, 0.00",table,table-cell,tab:d17label | RMS-trend | Run diffs (h),RMS-trend,,D19
tab:d17label.c686,table-cell,tab:d17label,0.00,table,table-cell,tab:d17label | RMS-trend | Med,RMS-trend,,D19
tab:d17label.c687,table-cell,tab:d17label,0/1/2,table,table-cell,tab:d17label | RMS-trend | n_+/n_-/0,RMS-trend,,D19
tab:d17label.c688,table-cell,tab:d17label,1,table,table-cell,tab:d17label | RMS-trend | n_eff,RMS-trend,,D19
tab:d17label.c689,table-cell,tab:d17label,1.00 (1.00),table,table-cell,tab:d17label | RMS-trend | p (floor),RMS-trend,,D19
tab:d17label.c690,table-cell,tab:d17label,"-1.39, -0.42, +56.12",table,table-cell,tab:d17label | LSTM-AE | Run diffs (h),LSTM-AE,,D19
tab:d17label.c691,table-cell,tab:d17label,-0.42,table,table-cell,tab:d17label | LSTM-AE | Med,LSTM-AE,,D19
tab:d17label.c692,table-cell,tab:d17label,1/2/0,table,table-cell,tab:d17label | LSTM-AE | n_+/n_-/0,LSTM-AE,,D19
tab:d17label.c693,table-cell,tab:d17label,"-1.39, -0.42, +41.33",table,table-cell,tab:d17label | LSTM-AE | Run diffs (h),LSTM-AE,,D19
tab:d17label.c694,table-cell,tab:d17label,-0.42,table,table-cell,tab:d17label | LSTM-AE | Med,LSTM-AE,,D19
tab:d17label.c695,table-cell,tab:d17label,1/2/0,table,table-cell,tab:d17label | LSTM-AE | n_+/n_-/0,LSTM-AE,,D19
tab:d17label.c696,table-cell,tab:d17label,3,table,table-cell,tab:d17label | LSTM-AE | n_eff,LSTM-AE,,D19
tab:d17label.c697,table-cell,tab:d17label,1.00 (0.25),table,table-cell,tab:d17label | LSTM-AE | p (floor),LSTM-AE,,D19
tab:d17label.c698,table-cell,tab:d17label,"-1.39, -0.42, +9.00",table,table-cell,tab:d17label | TCN-AE | Run diffs (h),TCN-AE,,D19
tab:d17label.c699,table-cell,tab:d17label,-0.42,table,table-cell,tab:d17label | TCN-AE | Med,TCN-AE,,D19
tab:d17label.c700,table-cell,tab:d17label,1/2/0,table,table-cell,tab:d17label | TCN-AE | n_+/n_-/0,TCN-AE,,D19
tab:d17label.c701,table-cell,tab:d17label,"-1.39, -0.42, +9.00",table,table-cell,tab:d17label | TCN-AE | Run diffs (h),TCN-AE,,D19
tab:d17label.c702,table-cell,tab:d17label,-0.42,table,table-cell,tab:d17label | TCN-AE | Med,TCN-AE,,D19
tab:d17label.c703,table-cell,tab:d17label,1/2/0,table,table-cell,tab:d17label | TCN-AE | n_+/n_-/0,TCN-AE,,D19
tab:d17label.c704,table-cell,tab:d17label,3,table,table-cell,tab:d17label | TCN-AE | n_eff,TCN-AE,,D19
tab:d17label.c705,table-cell,tab:d17label,1.00 (0.25),table,table-cell,tab:d17label | TCN-AE | p (floor),TCN-AE,,D19
tab:d17label.c706,table-cell,tab:d17label,"-1.39, -0.42, +68.79",table,table-cell,tab:d17label | Transformer-AD | Run diffs (h),Transformer-AD,,D19
tab:d17label.c707,table-cell,tab:d17label,-0.42,table,table-cell,tab:d17label | Transformer-AD | Med,Transformer-AD,,D19
tab:d17label.c708,table-cell,tab:d17label,1/2/0,table,table-cell,tab:d17label | Transformer-AD | n_+/n_-/0,Transformer-AD,,D19
tab:d17label.c709,table-cell,tab:d17label,"-1.39, -0.42, +48.15",table,table-cell,tab:d17label | Transformer-AD | Run diffs (h),Transformer-AD,,D19
tab:d17label.c710,table-cell,tab:d17label,-0.42,table,table-cell,tab:d17label | Transformer-AD | Med,Transformer-AD,,D19
tab:d17label.c711,table-cell,tab:d17label,1/2/0,table,table-cell,tab:d17label | Transformer-AD | n_+/n_-/0,Transformer-AD,,D19
tab:d17label.c712,table-cell,tab:d17label,3,table,table-cell,tab:d17label | Transformer-AD | n_eff,Transformer-AD,,D19
tab:d17label.c713,table-cell,tab:d17label,1.00 (0.25),table,table-cell,tab:d17label | Transformer-AD | p (floor),Transformer-AD,,D19
tab:mechanism.c714,table-cell,tab:mechanism,"-7.94, +2.62, +4.28",table,table-cell,"tab:mechanism | None (native) | Per-run [t1, t2, t3]",None (native),,
tab:mechanism.c715,table-cell,tab:mechanism,-0.35,table,table-cell,tab:mechanism | None (native) | Mean,None (native),,
tab:mechanism.c716,table-cell,tab:mechanism,2/3,table,table-cell,tab:mechanism | None (native) | Sign,None (native),,
tab:mechanism.c717,table-cell,tab:mechanism,"-0.44, -2.59, +5.95",table,table-cell,"tab:mechanism | 30 dB | Per-run [t1, t2, t3]",30 dB,,
tab:mechanism.c718,table-cell,tab:mechanism,+0.97,table,table-cell,tab:mechanism | 30 dB | Mean,30 dB,,
tab:mechanism.c719,table-cell,tab:mechanism,1/3,table,table-cell,tab:mechanism | 30 dB | Sign,30 dB,,
tab:mechanism.c720,table-cell,tab:mechanism,"+10.60, +0.53, +0.12",table,table-cell,"tab:mechanism | 20 dB | Per-run [t1, t2, t3]",20 dB,,
tab:mechanism.c721,table-cell,tab:mechanism,+3.75,table,table-cell,tab:mechanism | 20 dB | Mean,20 dB,,
tab:mechanism.c722,table-cell,tab:mechanism,3/3,table,table-cell,tab:mechanism | 20 dB | Sign,20 dB,,
tab:mechanism.c723,table-cell,tab:mechanism,"+14.99, +0.53, +4.28",table,table-cell,"tab:mechanism | 10 dB | Per-run [t1, t2, t3]",10 dB,,
tab:mechanism.c724,table-cell,tab:mechanism,+6.60,table,table-cell,tab:mechanism | 10 dB | Mean,10 dB,,
tab:mechanism.c725,table-cell,tab:mechanism,3/3,table,table-cell,tab:mechanism | 10 dB | Sign,10 dB,,
tab:mechanism.c726,table-cell,tab:mechanism,75.6,table,table-cell,tab:mechanism | Aggregate (historian) | Mean lead,Aggregate (historian),,
tab:mechanism.c727,table-cell,tab:mechanism,7/12,table,table-cell,tab:mechanism | Aggregate (historian) | Valid,Aggregate (historian),,
tab:mechanism.c728,table-cell,tab:mechanism,76.0,table,table-cell,tab:mechanism | Decimate (raw) | Mean lead,Decimate (raw),,
tab:mechanism.c729,table-cell,tab:mechanism,8/12,table,table-cell,tab:mechanism | Decimate (raw) | Valid,Decimate (raw),,
tab:mechanism.c730,table-cell,tab:mechanism,69.6,table,table-cell,tab:mechanism | Decimate + median | Mean lead,Decimate + median,,
tab:mechanism.c731,table-cell,tab:mechanism,8/12,table,table-cell,tab:mechanism | Decimate + median | Valid,Decimate + median,,
tab:mechanism.c732,table-cell,tab:mechanism,76.0,table,table-cell,tab:mechanism | Decimate + moving avg | Mean lead,Decimate + moving avg,,
tab:mechanism.c733,table-cell,tab:mechanism,8/12,table,table-cell,tab:mechanism | Decimate + moving avg | Valid,Decimate + moving avg,,
tab:mechanism.c734,table-cell,tab:mechanism,75.6,table,table-cell,tab:mechanism | Decimate + Kalman | Mean lead,Decimate + Kalman,,
tab:mechanism.c735,table-cell,tab:mechanism,8/12,table,table-cell,tab:mechanism | Decimate + Kalman | Valid,Decimate + Kalman,,
tab:mechanism.c736,table-cell,tab:mechanism,73.2,table,table-cell,tab:mechanism | Decimate + wavelet | Mean lead,Decimate + wavelet,,
tab:mechanism.c737,table-cell,tab:mechanism,6/12,table,table-cell,tab:mechanism | Decimate + wavelet | Valid,Decimate + wavelet,,
cite:jardine2006review@tex83,citation,jardine2006review,jardine2006review,Introduction,citation,tex:83,,,
cite:lee2014prognostics@tex83,citation,lee2014prognostics,lee2014prognostics,Introduction,citation,tex:83,,,
cite:lei2018machinery@tex83,citation,lei2018machinery,lei2018machinery,Introduction,citation,tex:83,,,
cite:randall2011rolling@tex83,citation,randall2011rolling,randall2011rolling,Introduction,citation,tex:83,,,
cite:zhao2019deep@tex83,citation,zhao2019deep,zhao2019deep,Introduction,citation,tex:83,,,
cite:saxena2008metrics@tex85,citation,saxena2008metrics,saxena2008metrics,Introduction,citation,tex:85,,,
cite:saxena2010metrics@tex85,citation,saxena2010metrics,saxena2010metrics,Introduction,citation,tex:85,,,
cite:goebel2011comparison@tex85,citation,goebel2011comparison,goebel2011comparison,Introduction,citation,tex:85,,,
cite:tautzweinert2017using@tex87,citation,tautzweinert2017using,tautzweinert2017using,Introduction,citation,tex:87,,,
cite:jardine2006review@tex106,citation,jardine2006review,jardine2006review,"Prognostics, CBM, and Lead-Time Metrics",citation,tex:106,,,
cite:lee2014prognostics@tex106,citation,lee2014prognostics,lee2014prognostics,"Prognostics, CBM, and Lead-Time Metrics",citation,tex:106,,,
cite:lei2018machinery@tex106,citation,lei2018machinery,lei2018machinery,"Prognostics, CBM, and Lead-Time Metrics",citation,tex:106,,,
cite:si2011remaining@tex106,citation,si2011remaining,si2011remaining,"Prognostics, CBM, and Lead-Time Metrics",citation,tex:106,,,
cite:saxena2008metrics@tex106,citation,saxena2008metrics,saxena2008metrics,"Prognostics, CBM, and Lead-Time Metrics",citation,tex:106,,,
cite:saxena2010metrics@tex106,citation,saxena2010metrics,saxena2010metrics,"Prognostics, CBM, and Lead-Time Metrics",citation,tex:106,,,
cite:goebel2011comparison@tex106,citation,goebel2011comparison,goebel2011comparison,"Prognostics, CBM, and Lead-Time Metrics",citation,tex:106,,,
cite:lavin2015nab@tex108,citation,lavin2015nab,lavin2015nab,"Prognostics, CBM, and Lead-Time Metrics",citation,tex:108,,,D1/F1/G6
cite:tatbul2018@tex110,citation,tatbul2018,tatbul2018,"Prognostics, CBM, and Lead-Time Metrics",citation,tex:110,,,D1/F1/G6
cite:wu2023flawed@tex110,citation,wu2023flawed,wu2023flawed,"Prognostics, CBM, and Lead-Time Metrics",citation,tex:110,,,D1/F1/G6
cite:roberts1959control@tex113,citation,roberts1959control,roberts1959control,Anomaly Detectors and Control Charts,citation,tex:113,,,
cite:hotelling1947multivariate@tex113,citation,hotelling1947multivariate,hotelling1947multivariate,Anomaly Detectors and Control Charts,citation,tex:113,,,
cite:montgomery2009introduction@tex113,citation,montgomery2009introduction,montgomery2009introduction,Anomaly Detectors and Control Charts,citation,tex:113,,,
cite:liu2008isolation@tex113,citation,liu2008isolation,liu2008isolation,Anomaly Detectors and Control Charts,citation,tex:113,,,
cite:scholkopf2001estimating@tex113,citation,scholkopf2001estimating,scholkopf2001estimating,Anomaly Detectors and Control Charts,citation,tex:113,,,
cite:hochreiter1997long@tex113,citation,hochreiter1997long,hochreiter1997long,Anomaly Detectors and Control Charts,citation,tex:113,,,
cite:malhotra2016lstm@tex113,citation,malhotra2016lstm,malhotra2016lstm,Anomaly Detectors and Control Charts,citation,tex:113,,,
cite:hundman2018detecting@tex113,citation,hundman2018detecting,hundman2018detecting,Anomaly Detectors and Control Charts,citation,tex:113,,,
cite:ruff2018deep@tex113,citation,ruff2018deep,ruff2018deep,Anomaly Detectors and Control Charts,citation,tex:113,,,
cite:zhao2019deep@tex113,citation,zhao2019deep,zhao2019deep,Anomaly Detectors and Control Charts,citation,tex:113,,,
cite:wang2020hybrid@tex115,citation,wang2020hybrid,wang2020hybrid,Anomaly Detectors and Control Charts,citation,tex:115,,,
cite:nectoux2012pronostia@tex115,citation,nectoux2012pronostia,nectoux2012pronostia,Anomaly Detectors and Control Charts,citation,tex:115,,,
cite:lorden1971@tex117,citation,lorden1971,lorden1971,Anomaly Detectors and Control Charts,citation,tex:117,,,D1/F1/G6
cite:moustakides1986@tex117,citation,moustakides1986,moustakides1986,Anomaly Detectors and Control Charts,citation,tex:117,,,D1/F1/G6
cite:page1954continuous@tex117,citation,page1954continuous,page1954continuous,Anomaly Detectors and Control Charts,citation,tex:117,,,
cite:pollak1985@tex117,citation,pollak1985,pollak1985,Anomaly Detectors and Control Charts,citation,tex:117,,,D1/F1/G6
cite:vovk2005algorithmic@tex120,citation,vovk2005algorithmic,vovk2005algorithmic,Uncertainty Quantification and Conformal Prediction,citation,tex:120,,,
cite:laxhammar2014online@tex120,citation,laxhammar2014online,laxhammar2014online,Uncertainty Quantification and Conformal Prediction,citation,tex:120,,,
cite:antoni2006spectral@tex123,citation,antoni2006spectral,antoni2006spectral,Vibration Features,citation,tex:123,,,
cite:randall2011rolling@tex123,citation,randall2011rolling,randall2011rolling,Vibration Features,citation,tex:123,,,
cite:tautzweinert2017using@tex126,citation,tautzweinert2017using,tautzweinert2017using,SCADA-Based Condition Monitoring,citation,tex:126,,,
cite:qiu2006wavelet@tex132,citation,qiu2006wavelet,qiu2006wavelet,Datasets,citation,tex:132,,,
cite:wang2020hybrid@tex134,citation,wang2020hybrid,wang2020hybrid,Datasets,citation,tex:134,,,
cite:nectoux2012pronostia@tex136,citation,nectoux2012pronostia,nectoux2012pronostia,Datasets,citation,tex:136,,,
cite:lessmeier2016condition@tex136,citation,lessmeier2016condition,lessmeier2016condition,Datasets,citation,tex:136,,,
cite:arpa2024ferrara@tex138,citation,arpa2024ferrara,arpa2024ferrara,Datasets,citation,tex:138,,,
cite:antoni2006spectral@tex165,citation,antoni2006spectral,antoni2006spectral,Channel-Invariant Feature Schema,citation,tex:165,,,
cite:roberts1959control@tex228,citation,roberts1959control,roberts1959control,Detectors,citation,tex:228,,,
cite:page1954continuous@tex228,citation,page1954continuous,page1954continuous,Detectors,citation,tex:228,,,
cite:hotelling1947multivariate@tex228,citation,hotelling1947multivariate,hotelling1947multivariate,Detectors,citation,tex:228,,,
cite:liu2008isolation@tex228,citation,liu2008isolation,liu2008isolation,Detectors,citation,tex:228,,,
cite:malhotra2016lstm@tex228,citation,malhotra2016lstm,malhotra2016lstm,Detectors,citation,tex:228,,,
cite:vaswani2017attention@tex228,citation,vaswani2017attention,vaswani2017attention,Detectors,citation,tex:228,,,
cite:ruff2018deep@tex230,citation,ruff2018deep,ruff2018deep,Detectors,citation,tex:230,,,
cite:scholkopf2001estimating@tex230,citation,scholkopf2001estimating,scholkopf2001estimating,Detectors,citation,tex:230,,,
cite:vovk2005algorithmic@tex234,citation,vovk2005algorithmic,vovk2005algorithmic,Conformal Calibration,citation,tex:234,,,
cite:arpa2024ferrara@tex353,citation,arpa2024ferrara,arpa2024ferrara,Generalization to University of Ferrara ($n=6$ bearings),citation,tex:353,,,
cite:saxena2008metrics@tex471,citation,saxena2008metrics,saxena2008metrics,Comparison with the Saxena Prognostic Horizon,citation,tex:471,,,
cite:saxena2010metrics@tex471,citation,saxena2010metrics,saxena2010metrics,Comparison with the Saxena Prognostic Horizon,citation,tex:471,,,
